 0.9774765218430878	-0.026102415451224995	-0.20942376453772296
 0.983244347605879	-0.0434136088209392	-0.177047483659701
 0.9719539838080936	 0.006091603285914974	-0.23509220686569618
 0.9703215475133105	-0.060680476721384324	-0.23408112733887812
 0.9834317979848874	-0.07808252309032353	-0.16360017817857309
 0.9846602294632312	-0.009438928757844231	-0.17422726289912702
 0.973724633428291	 0.0441644926195391	-0.22340509360039
 0.9614041780512422	-0.009335283709548363	-0.27498156102487603
 0.961298230321467	-0.0507805047227382	-0.270789683557036
 0.9694025675923102	-0.09827138181459562	-0.22494754380007406
 0.976221567275582	-0.105706216922059	-0.189255507951639
 0.9884307980260478	-0.08163280084991009	-0.12783052584961496
 0.9930513372639868	-0.023277297501882295	-0.11535687660133898
 0.9857499795749293	 0.028500032637282006	-0.16578518000020503
 0.9803081894420046	 0.05509080765293467	-0.18963347970515693
 0.9658815740088408	 0.07085358905795108	-0.24910350039252993
 0.9567559831822207	 0.023163242672797214	-0.28996802036414915
 0.952490809078323	-0.0778125047335579	-0.294459628350665
 0.9600852136533754	-0.12610501689499506	-0.24966759348795312
 0.973423761272448	-0.142127178739474	-0.179571840926572
 0.9907552584497842	-0.09722550876190453	-0.09461087833906982
 0.993320887491621	-0.0553262460297483	-0.101255226892811
 0.9944409955753052	 0.013183275865696703	-0.10446677728658503
 0.9907402080788332	 0.038758052699142606	-0.13012168707360403
 0.979377369459374	 0.0933713476874002	-0.179169639230187
 0.9646809870473465	 0.10906044426256296	-0.2397840960668779
 0.9570388701254026	 0.06035255588251497	-0.2836091854428219
 0.9497736894918702	-0.0015253142562885904	-0.31293387826411506
 0.9425425406104866	-0.06742463443457188	-0.32721167126325684
 0.9518572149186536	-0.11618027020121895	-0.2836723236822299
 0.9571366232352803	-0.16352469830854802	-0.23905889965626406
 0.9637767913721023	-0.17175118668608302	-0.20404858804808607
 0.9779098264541523	-0.15059020167836001	-0.14496538373998402
 0.9854241256412565	-0.12241522088838305	-0.11812623035978806
 0.99302144099878	-0.105271226106409	-0.0531637721645104
 0.9975631603508088	-0.041206680622013395	-0.056300538034924484
 0.9975003927569178	 0.020378403716164492	-0.06765860707830229
 0.9901196918650504	 0.07601617869710833	-0.11783266252337206
 0.9843090130601923	 0.10356256887527503	-0.14286553515954903
 0.9714779772863005	 0.12023352487890306	-0.2043879623238921
 0.9545890672252798	 0.13526842952039597	-0.26544710341055894
 0.9473595007176382	 0.08458671900500281	-0.3087961518024411
 0.9360371992122458	 0.038809123844962296	-0.34975450475623787
 0.9408768379274705	-0.03160411806818021	-0.3372713382022512
 0.931862698348698	-0.0961015883963567	-0.349851963170111
 0.9405137585504012	-0.14474724920453502	-0.30737941346993003
 0.9455768620368168	-0.19176769652805095	-0.2628869501305309
 0.958816196018709	-0.20876159265904	-0.192587901184559
 0.9731606872592362	-0.18734408073166503	-0.13364307759079203
 0.9834641096926138	-0.16501360861181996	-0.07462475406605848
 0.9900355916933434	-0.13635125084264405	-0.035183285435811715
 0.9968286744910297	-0.07253067197044209	-0.03273981270522109
 0.9990826709567165	-0.006780975515091388	-0.04228279750746118
 0.9968720848167032	 0.05647687097617191	-0.05528480404180351
 0.9931239764302602	 0.08500055211853572	-0.08049641966505372
 0.9813881449145567	 0.13992311654109296	-0.13152501845121597
 0.9683745765517028	 0.15699001507902094	-0.19391960873980596
 0.9512787875076197	 0.17204946237888896	-0.2558664709045879
 0.9458888659190254	 0.12299553464718506	-0.3002771249816961
 0.9369190321221315	 0.07477452774063142	-0.34145497104083017
 0.9251763210450216	 0.018893805426389194	-0.37906701135037985
 0.9281918207988274	-0.01971798054255891	-0.37157925809372216
 0.9197643780764142	-0.08802707472732682	-0.3824718590127341
 0.930438484697124	-0.134823246933443	-0.340744652607849
 0.93716899411575	-0.182436500506458	-0.297373838376933
 0.9405177343130802	-0.22846812501615005	-0.25145319105987707
 0.9472002682795112	-0.23703240606028006	-0.21593353201505505
 0.9635951543540695	-0.2164914658661469	-0.15689430745722993
 0.975920433840359	-0.194818742419464	-0.0981069029933376
 0.9845825353692755	-0.17008635993199592	-0.040839456545022676
 0.990845371692988	-0.134882505253809	 0.00567090566317269
 0.9975780520471772	-0.06944538476391642	 0.0039202817183119805
 0.999985461366526	-0.00217580098734628	-0.00493385707532269
 0.9978290546453235	 0.06346650780161643	-0.017583517653974708
 0.9903090893982402	 0.12071971072850603	-0.06866337376545191
 0.9844068349145568	 0.14842813533605198	-0.09440483045992659
 0.9733763198753516	 0.16674802354371793	-0.1572693121692249
 0.95825858377856	 0.182874220851092	-0.219766935554042
 0.93905125212685	 0.196866615799514	-0.281826686924148
 0.933531922357069	 0.148816141076719	-0.326147062067634
 0.924483436477219	 0.0990806901562579	-0.368121437188099
 0.912039392749295	 0.0517743049603398	-0.406821296663991
 0.917027455517105	-0.050420960392356	-0.395624029327007
 0.9063132508093268	-0.11623483254286297	-0.4063074637650199
 0.916727939036126	-0.162972779638239	-0.364759864688486
 0.9234932034583963	-0.20979213385912604	-0.3211659442359721
 0.926844117668577	-0.255683128800811	-0.274929298529249
 0.9403925601776776	-0.2728133249324949	-0.20306334603209492
 0.956867650676993	-0.252563359024986	-0.143582898584436
 0.9693801983561477	-0.23074795408186993	-0.08400840863882099
 0.978807055994075	-0.203373896123794	-0.0239959478170814
 0.9855461540398784	-0.16668310326293606	 0.030257583245229813
 0.9945857386594934	-0.10116505468393604	 0.02376636627560591
 0.999258089235904	-0.0338192300844119	 0.0184263608210598
 0.9994206492983678	 0.033183293705725994	 0.007565366803304409
 0.995103059801405	 0.0986839314729709	-0.00560196777207244
 0.9913206826009896	 0.12769534085498194	-0.03126026505706619
 0.9794346682548848	 0.18395068194924594	-0.08288472254192217
 0.9683283775239202	 0.20247528943392604	-0.14609555246666503
 0.9531331755438355	 0.21870917491879607	-0.20905369282570407
 0.9338515253936328	 0.23270424080117294	-0.27160645211985496
 0.930040086293421	 0.185276695503393	-0.31732945654425
 0.9226847243772183	 0.13633858027919804	-0.36064482656540303
 0.9115873344807988	 0.08830070879921538	-0.4015115396096959
 0.8972206778091765	 0.036234566449661915	-0.4400932986377402
 0.9142140499190188	-0.016734917334220896	-0.4048859264934789
 0.8922112074056018	-0.10687202102937597	-0.4387909895393649
 0.9045192475365083	-0.15324488472289702	-0.3979458959987591
 0.9131344619805104	-0.19996127252005008	-0.35524772178822817
 0.9182275872026898	-0.24628760094290494	-0.31016207976107496
 0.9199248402293106	-0.29127249296885815	-0.26248547230043817
 0.9267951931517524	-0.2998367161344731	-0.2261605925189031
 0.945318118579303	-0.280501017351079	-0.166411640069728
 0.959896965626686	-0.259352934587458	-0.106460653302309
 0.9709722404631452	-0.23479996278398005	-0.045627685966105114
 0.9794251552781078	-0.20141083628606393	 0.012650700968831996
 0.9841238431363785	-0.16450784886139608	 0.06661403030504102
 0.993322480738213	-0.0978628044554218	 0.0611009064106433
 0.9980290090668715	-0.030133085128064386	 0.055046291806656274
 0.99831309627227	 0.0373400361262183	 0.044459909057108
 0.994102163445206	 0.103738862952101	 0.0316091275894539
 0.986441238259481	 0.162941062116475	-0.0195932064108181
 0.9804626283647745	 0.19138666108221009	-0.04543325147775952
 0.971376544858917	 0.211169708043899	-0.108788613846335
 0.9582070683068385	 0.22857860128106489	-0.17202045600220195
 0.9409591781213866	 0.24370348028824418	-0.23495624870286416
 0.91961318931959	 0.256606538808627	-0.297430103167296
 0.9156266867657088	 0.20902348468539095	-0.34341950051274994
 0.9080037720053962	 0.16055021080837603	-0.3869790431449211
 0.8967159120173168	 0.11026438961021509	-0.4286517671943494
 0.8824101006427114	 0.05670081454729427	-0.4670518514184407
 0.898144951821106	-0.00274391467288548	-0.439690932872775
 0.892568409280835	-0.0694924621964051	-0.445524895434319
 0.8760866517067112	-0.13081426141214703	-0.46406875321714813
 0.8883797891121168	-0.17960017346259494	-0.42252234022512597
 0.8972174833728915	-0.22630214476995014	-0.37919404900728026
 0.9024815907277458	-0.27240216608072493	-0.33365257126545095
 0.904310244401193	-0.317213141097378	-0.285655045441507
 0.9182570300614732	-0.33429129144825204	-0.21225776594636706
 0.936913136081171	-0.314851335770338	-0.151863135099269
 0.9518342383910843	-0.29284681493363707	-0.09084231178084812
 0.9632488850903794	-0.26700099329558713	-0.029360772321434813
 0.9718171290011407	-0.23384547699552516	 0.029795312864874322
 0.976639893526834	-0.197063468571943	 0.085676763047453
 0.988174626557623	-0.129739918768647	 0.0817218508454597
 0.9950699037508265	-0.062382417083205126	 0.07709942080312923
 0.9976380670819666	 0.005555678602451247	 0.06846474672577037
 0.9957405421426486	 0.07276717419174084	 0.056618999404910136
 0.9893629837771974	 0.13887359706471705	 0.04330138992905172
 0.9854805293263545	 0.1688579457288439	 0.017751633245503894
 0.9734715948149565	 0.2262903080714601	-0.03384893737399981
 0.964334769987276	 0.246175543713805	-0.0972422391288883
 0.9511636111535647	 0.2636200708283519	-0.16059963597021398
 0.9339506344785228	 0.2787113614600639	-0.22373240567750294
 0.9126745995709504	 0.2914775655499101	-0.2864714716670811
 0.9104155088628928	 0.24456977213456896	-0.33366034792879595
 0.9044828211518228	 0.19641409387651196	-0.3785925645967029
 0.8949600955483512	 0.14655413367662404	-0.4213885538056061
 0.882040997171482	 0.0941920972261339	-0.461661703121323
 0.86710090039889	 0.03828533967125	-0.496659099678735
 0.8838176409686376	-0.02046432011593769	-0.4673837707011498
 0.8792630356952045	-0.05429437002650312	-0.47323211582000524
 0.860650714522866	-0.115040888009707	-0.496030182224044
 0.8741007409961188	-0.16738991432962597	-0.4559917884904909
 0.884729612999449	-0.215660844163738	-0.413211703823148
 0.8918667730839488	-0.26221176836159893	-0.3685358159005819
 0.8954904285467752	-0.30770628645879305	-0.32158005792469807
 0.8957118792742065	-0.35157701720101114	-0.2722018190664961
 0.9027904341344252	-0.3600950355667711	-0.23516164099517206
 0.9234425939844805	-0.34166312594372017	-0.1746999827864321
 0.9403276039429408	-0.3207372086694939	-0.11362939865118397
 0.9535796335022833	-0.29661553611858504	-0.05201063643847841
 0.9635678765442188	-0.26731271400879897	 0.008992231164461798
 0.9704765917334385	-0.2317837147954701	 0.06671952077961373
 0.9733200593901584	-0.1943345282375191	 0.12199243059895006
 0.9848164694030598	-0.12681193928470696	 0.11855485501380497
 0.991788102415819	-0.0590657069632004	 0.11343545374955
 0.9944487765866248	 0.009073161761402158	 0.10482990260902098
 0.9926886657333778	 0.07663670798201659	 0.09325249548492148
 0.986437835713976	 0.143228440529903	 0.0801623982631431
 0.9785985692857205	 0.2036838908347969	 0.029286734306497086
 0.9725496121516062	 0.23266826789622605	 0.003567774927088591
 0.9653864136090996	 0.2538973066750489	-0.05970954766297237
 0.954231488126192	 0.272557405956134	-0.123104539018414
 0.9390686843547745	 0.2888006049643009	-0.1863980059883869
 0.9198818381588962	 0.30266984249592505	-0.24941605856260005
 0.8966422075701322	 0.3141193221405801	-0.31202852924324503
 0.894141998101057	 0.267025085987622	-0.359454712982251
 0.887993591513434	 0.21821703433824	-0.404782296247867
 0.8783247583434213	 0.16744508206268804	-0.4477809323474931
 0.8653560688877577	 0.11436267398641797	-0.4879344759676269
 0.850171474160923	 0.0583042639845667	-0.523267691840669
 0.8673925954464791	-1.5056256455073903E-4	-0.49762441931192913
 0.8625909708820402	-0.07570136506250412	-0.5002060778123881
 0.8430601085598968	-0.13610407823395398	-0.5203127263896788
 0.856273880206684	-0.189666612715169	-0.480438984780527
 0.8668372927392627	-0.23950747374314688	-0.43729769944242985
 0.8740778133681132	-0.28683689033875703	-0.3920619523983551
 0.8778778538699592	-0.33241899116049906	-0.34471450216158706
 0.8782788975984852	-0.3762472975104471	-0.29506634702940104
 0.8926642710729668	-0.3931872264952679	-0.22035041200489694
 0.913444049694715	-0.374480675622172	-0.159324171621511
 0.9305016272227502	-0.3530184585907071	-0.09769692743405693
 0.9439168261479826	-0.32824039852933784	-0.03576682943763269
 0.9540408478437524	-0.29860375489005814	 0.02533492078401181
 0.9609961678784368	-0.26359333008233893	 0.08369541002386309
 0.9639327177952066	-0.22641294070895115	 0.13989601796860407
 0.9774161277191175	-0.15905936621513805	 0.13913242358920105
 0.9866955508744398	-0.09145986932279099	 0.13441347472647197
 0.991543271368177	-0.0233064503768286	 0.127666559346316
 0.9920705984998922	 0.04470891889710551	 0.11746080266675303
 0.9881362232758222	 0.11197029762878603	 0.10511639595760303
 0.9797151831444505	 0.17819455880783408	 0.09167801878049724
 0.9757448194986272	 0.20861555765863304	 0.06634452746360461
 0.963546449518591	 0.267109481248599	 0.0151909396424929
 0.9563221247350923	 0.2883529661088591	-0.04796416035313851
 0.9451817646179188	 0.30700176256835693	-0.11127151303761197
 0.9301069842338893	 0.3231758000855111	-0.17452335121246507
 0.9110692392004318	 0.3369167431377189	-0.23757093588277794
 0.8880361186439705	 0.3481644597337182	-0.3002887959316501
 0.8873343925916205	 0.3016633255055129	-0.34876484021330884
 0.882876030879453	 0.253475325949169	-0.395322872135557
 0.87486458980908	 0.203381463423327	-0.439599738209631
 0.8634172580950233	 0.15123467390745204	-0.4812885951607192
 0.8490794195728928	 0.09658026828562537	-0.5193615224827849
 0.8328630749432323	 0.03949778432281152	-0.5520679518226832
 0.8490106090423977	-0.01773799788562999	-0.5280779764054417
 0.847303437504856	-0.0569451546112211	-0.52804747339492
 0.8270776074382153	-0.11771474665414805	-0.5496233889623212
 0.8406434176277716	-0.1740487430995089	-0.5128602923063758
 0.8526231733182493	-0.22604354358797712	-0.47110300436625224
 0.861536203599393	-0.275048950846232	-0.426735801785991
 0.867103229165507	-0.321765990950291	-0.380261274702707
 0.8692756167577153	-0.3665900332979641	-0.33161973644083903
 0.8681158427263962	-0.4093741730068171	-0.2806914143368541
 0.8754081838491485	-0.4178289454957868	-0.24306271609569088
 0.8981038973766262	-0.40028990298650413	-0.18214659778313103
 0.9170683073112472	-0.3800589449114991	-0.12058572932997502
 0.932340481277403	-0.356800343694534	-0.0586066695085401
 0.944086995869551	-0.329680957382698	 0.00319539813392779
 0.9527744962068062	-0.29705508290584504	 0.06307960920668791
 0.9577786567751986	-0.2609942382582259	 0.12059043171788095
 0.9587083184499048	-0.22324792594944795	 0.17617810219838898
 0.9721081733832108	-0.15595183017076197	 0.17517056233267997
 0.9813843221821492	-0.08822121670569302	 0.17059258218941006
 0.9863110537305132	-0.020025139800979905	 0.16367497996015104
 0.9869617026287657	 0.04807823874798813	 0.1536069025240061
 0.9831765183295974	 0.11554717000716505	 0.14146655190760205
 0.97488800773869	 0.182079025947383	 0.128220905773358
 0.9668649138321972	 0.24313257711501707	 0.07783821905509211
 0.96070495220707	 0.27258127115972	 0.0523969981751108
 0.9553870642297593	 0.29517070268753104	-0.010479206906593402
 0.9461991065097595	 0.3150889556804072	-0.07366275075208213
 0.933130355426282	 0.332459517518599	-0.136888308461026
 0.9161563323685805	 0.34735258289219184	-0.20000939432705192
 0.8952349654317158	 0.35977810933713494	-0.26289554714804797
 0.8703593496932044	 0.3695459612126852	-0.3254387576073492
 0.869422425969455	 0.3226511264203	-0.374166935793503
 0.864736602490952	 0.273964241575289	-0.420920660755067
 0.85653262529513	 0.223363058308792	-0.465253485734364
 0.8449790224292382	 0.17078229358228503	-0.5067976517835331
 0.830589942849281	 0.115928886231503	-0.544684165525997
 0.8141373089182907	 0.05889056443326979	-0.5776784085007979
 0.8321330012098243	 0.0012925334990909203	-0.5545746096375891
 0.8293001749715593	-0.07786062859790473	-0.5533524575769773
 0.807838000813613	-0.138377350034977	-0.572930600892257
 0.8213650591837812	-0.19491034752891806	-0.5360684620253091
 0.8331748441493536	-0.24761573758815417	-0.49447560665352835
 0.8420328921288224	-0.2974274676652011	-0.4500194551921472
 0.847645800206464	-0.344782031963092	-0.403264116712292
 0.8499520395344383	-0.38989973845450315	-0.3543440763500342
 0.848972731936377	-0.432775138092945	-0.303234200375085
 0.8637387951931148	-0.4496516933367719	-0.22752724750613995
 0.8864702432894053	-0.4318937459301571	-0.16624770671753603
 0.905486708583538	-0.411335040010273	-0.104390159681353
 0.9208198255493748	-0.3876924009547589	-0.04225459876928939
 0.9326494842406504	-0.3602542995193751	 0.019539171513998907
 0.9413613367571618	-0.32788144306476497	 0.07957759076861308
 0.9464251358211277	-0.29219209802451596	 0.13748905461159996
 0.9474372433176252	-0.25469455563442506	 0.19363200485684706
 0.9627759587037744	-0.18805842620861107	 0.1941558180276051
 0.9741509652340993	-0.12049340999606002	 0.19107913303391905
 0.9812399378472655	-0.05251973809867262	 0.1854989527828701
 0.984097905296069	 0.0157086924278951	 0.176930918084136
 0.9826195802172958	 0.08357357443849019	 0.16575348632580697
 0.9766601888471198	 0.15069166739633996	 0.15305847542171297
 0.9661846512603703	 0.21677927725427587	 0.13962078864549593
 0.962116327684887	 0.247394339464212	 0.114578413338699
 0.9496957025606376	 0.3065681703644862	 0.06398460328257644
 0.9442864338709928	 0.32912228299925994	 0.0012859395625386897
 0.9350839406531358	 0.34902065084129497	-0.06166529995809369
 0.9221006149499354	 0.36631280487105716	-0.12468113288084105
 0.9053106563685328	 0.38105620778855787	-0.18764003296572895
 0.8846599738990082	 0.39326853960943803	-0.25043279804064406
 0.8601211169623283	 0.40280989417202717	-0.31294704554061115
 0.8610647884413117	 0.35653638362550794	-0.36255928792097397
 0.85809178093908	 0.308564423347224	-0.410446698280292
 0.8515100359623903	 0.25872838003490306	-0.4560595180673721
 0.841522074094096	 0.206985784555292	-0.498996476745479
 0.828411921054882	 0.153220608576642	-0.538755170890789
 0.812931926556373	 0.0971714619182996	-0.574194557422834
 0.7950007470908237	 0.03960303611243298	-0.6053143081537968
 0.813499732990057	-0.0188379846410418	-0.581260109382856
 0.812297077294104	-0.058692853197022	-0.580283212925421
 0.7905784122337183	-0.11923419519389203	-0.6006404754980121
 0.804691466635525	-0.177405803053665	-0.566567581641283
 0.817515640494719	-0.232087219941862	-0.52707086799231
 0.8278591723886017	-0.28354983306828496	-0.4839924409110199
 0.83509959991846	-0.332385073980877	-0.438325017322483
 0.8390934557954564	-0.37883189044901217	-0.3903954036871672
 0.8398192970247618	-0.4229718251314019	-0.34029161536812197
 0.837309984157595	-0.464696081641921	-0.2880443405739
 0.844766413720151	-0.473145071875769	-0.250006894325073
 0.8693436659630196	-0.4566632429085773	-0.18894515877947113
 0.890218143535487	-0.437405918549902	-0.127230968469738
 0.907391182933092	-0.415211546129444	-0.0651199899883359
 0.9209529686248552	-0.38966189360476006	-0.0030394495256625305
 0.9312194203453964	-0.35980459778432117	 0.05806068019621353
 0.9382188634649622	-0.3256387266733891	 0.11706743325557403
 0.9413103376344992	-0.28908927132155704	 0.17424764408506704
 0.9403021542455068	-0.25105890238623396	 0.22978530469522795
 0.955539978296604	-0.184547043283475	 0.229968995067276
 0.966849626061021	-0.117103754173475	 0.226910800413163
 0.9739838083332264	-0.049203702827312124	 0.22121152034373512
 0.9769435497707417	 0.018935967817953613	 0.21265636525658013
 0.9756091345679136	 0.08679382078501385	 0.20162750115295713
 0.969807713026581	 0.153997213152185	 0.189097483049123
 0.9594647640309975	 0.2202538927029041	 0.17582829502716607
 0.9512386887382018	 0.28152224649405694	 0.12605626432893396
 0.944971742482953	 0.31121319641301	 0.10086997713457
 0.941420201992083	 0.335029809030222	 0.0385101329828767
 0.9340792079341145	 0.3562448211728282	-0.02420042753170131
 0.9230069243955942	 0.37480351296437503	-0.08706632062600192
 0.908199242234748	 0.390753802667673	-0.149951999336398
 0.8896149530131202	 0.4041352849431651	-0.21274375863787606
 0.8671950207776525	 0.41491924667329827	-0.2753449013119902
 0.8409306309614987	 0.4229189860654368	-0.33760214030138885
 0.8416154522298928	 0.3763094503078819	-0.3873946672023929
 0.838370046308406	 0.328001310648155	-0.435374328211866
 0.8315367323944132	 0.2778809227409881	-0.4809665845518161
 0.8213602887085417	 0.2259431460175059	-0.5237527765084717
 0.8081563526413372	 0.17211786192856604	-0.5632572691857511
 0.7925814712077577	 0.11623059497951195	-0.5985858838035317
 0.774706133703131	 0.058754691996928	-0.629585810331755
 0.7949607195951376	 4.064306396446053E-4	-0.6066607693883924
 0.7928164436892468	-0.07933282196851739	-0.6042750946170519
 0.76974270992438	-0.139578438510534	-0.622907713888047
 0.783918254079265	-0.197676535388678	-0.588554295097781
 0.7965648835128457	-0.2526287340236309	-0.5492386631508968
 0.8067800969127809	-0.30450997918024697	-0.5063393603158359
 0.813987514179116	-0.353773741643601	-0.460726021062399
 0.8180319655523647	-0.40058899233200085	-0.4127374014515368
 0.818879750317809	-0.444981203839118	-0.362529561207541
 0.816533803445748	-0.486864687507108	-0.310218187553578
 0.8315523484679126	-0.5038003353968413	-0.23389295374493416
 0.8560770588038487	-0.48716965880031377	-0.17262037230332292
 0.876913871469244	-0.467712091818686	-0.110758571638547
 0.8940687890943397	-0.4452857936865669	-0.048595908349422186
 0.9076462509423915	-0.41952117897866115	 0.013426225775539105
 0.917936242768705	-0.389678947850175	 0.0744538233675997
 0.9249361410770495	-0.3558700217051042	 0.13360262939443004
 0.928085527711692	-0.319626831445574	 0.19103911084428
 0.9271588753988758	-0.2817851965702519	 0.24692817328720695
 0.944327947678326	-0.216073286509168	 0.248106956957616
 0.9575589496216302	-0.14908783935083503	 0.24668537483446407
 0.9668043111451234	-0.08149055976803014	 0.24217496282625212
 0.9718870341072567	-0.013486837408128796	 0.23506105196507293
 0.9727883547101714	 0.05451113176736552	 0.2251918148017791
 0.96931408438232	 0.122064695360487	 0.21337857428668
 0.961326888907682	 0.188856641206123	 0.20045892780173
 0.948758517251718	 0.254571493667372	 0.187218136285683
 0.944593727741343	 0.285203373700848	 0.162486076761575
 0.931975760368006	 0.344715137160159	 0.112217005391919
 0.9282794218222276	 0.36848098098272686	 0.05019045402661898
 0.9208810193723708	 0.3896533824774109	-0.012181530429956096
 0.9098501959496825	 0.40814515152321185	-0.07476734727418627
 0.8951894104160946	 0.42397548020044085	-0.13740710195506894
 0.8768709546456915	 0.43716336028910585	-0.1999638100244419
 0.8548407432642042	 0.4476864038504591	-0.26234364383942405
 0.8290393384976144	 0.4554546972898602	-0.32442995228560517
 0.8317312830973502	 0.4094560405557751	-0.37492509061094204
 0.8302516748187938	 0.36188420851548897	-0.4239362877694079
 0.8250318370866635	 0.3125663931214952	-0.47077034495008735
 0.8163756476756462	 0.26147370419470906	-0.5149391263992931
 0.8045469865615268	 0.20860832013558595	-0.5560456053103698
 0.7900241263666615	 0.1538324150832941	-0.5934622716131454
 0.773356609884774	 0.0971869397761561	-0.626477655375254
 0.7544530453625626	 0.038992871077402284	-0.6551947484132457
 0.7751357527077426	-0.019924177860104614	-0.6314804763496654
 0.7741939528505092	-0.05983202821444261	-0.6301141577281452
 0.7510192397258063	-0.12003987969659305	-0.6492769277004223
 0.7662768685902038	-0.17897326482130696	-0.6170804900033658
 0.7796580430706178	-0.23565785006555295	-0.5801712795181919
 0.7911198274343956	-0.28913173900829414	-0.5390104415855154
 0.799817947133796	-0.339825660673569	-0.494782550006013
 0.805451754940544	-0.387999907882665	-0.447999488778996
 0.8079379952346524	-0.43372842656967314	-0.39889327876213515
 0.8072582037373113	-0.4769737326578751	-0.34760645974035603
 0.8033857784003178	-0.5176305141763718	-0.29432964828168495
 0.8109397626335116	-0.5261242643825188	-0.2560663191594269
 0.8372468351637873	-0.5108365253983702	-0.19509941395899308
 0.8598899427556228	-0.4927283795147389	-0.13344673232609097
 0.8788501525298917	-0.4717283428314149	-0.07137772739246519
 0.894179496235546	-0.447613175058188	-0.00924521639948499
 0.906071028037298	-0.419873710638686	 0.0523579914238021
 0.9147779448782593	-0.38798513909896204	 0.11246707697218503
 0.919908437903677	-0.352983759457678	 0.17079499826617
 0.921069765295255	-0.315988737846367	 0.227555718480561
 0.9181179428267672	-0.27760134576513806	 0.28283729578846106
 0.9351639592157575	-0.21205713295106007	 0.2837254689809951
 0.9483067916058384	-0.14532171746706504	 0.2821273248493731
 0.9575313659053526	-0.07794531125325037	 0.27759360900615787
 0.9626900174230842	-0.010165081605767401	 0.27041560877636106
 0.9637202215954338	 0.057656938006105184	 0.26061276251904497
 0.9604064052050675	 0.12511531824880007	 0.2489290942830531
 0.9525839777366468	 0.19188818107861894	 0.23614125290123894
 0.9401265276947374	 0.25764611151228284	 0.22311564971385686
 0.9317422219972376	 0.3187864949102829	 0.17387237391393295
 0.92540714925305	 0.348612395657122	 0.148630433308746
 0.9235342506604892	 0.3735119338728331	 0.08702484192197622
 0.9179229992378994	 0.39596940305719724	 0.025011983380504015
 0.9087041803758852	 0.41576746387107505	-0.03733803092832981
 0.895904369997178	 0.432881300971526	-0.0998455762122639
 0.8795173108548775	 0.4473206628887602	-0.16233768650367408
 0.859514754510191	 0.459077351164535	-0.224682826284165
 0.835843320599212	 0.468097716398514	-0.286793429687954
 0.808405262586247	 0.474376326937232	-0.348493948102979
 0.8108116706372889	 0.4281379209913199	-0.39910193606095096
 0.809005215237424	 0.380370654631333	-0.44813918241321
 0.803468257747562	 0.330936035074314	-0.494894028536807
 0.794546509592626	 0.279830457424173	-0.538879169380255
 0.7825499324173918	 0.22706567933131394	-0.5797040456503169
 0.7679516456135516	 0.1725273250527631	-0.6168343311697044
 0.751248444990883	 0.116209317404611	-0.649708525761464
 0.7324674893851312	 0.058328351973748825	-0.6782987397525292
 0.7548900360900973	-4.4793393468485623E-4	-0.6558512276172713
 0.7532183333363448	-0.08015780344673358	-0.6528681864454828
 0.7286876525843697	-0.14007538222374094	-0.6703679528930018
 0.7439793365976081	-0.19892637000182506	-0.6379052014474251
 0.757247786035046	-0.255621479525254	-0.601026995858207
 0.7685137069468188	-0.30929581750584595	-0.5601096138330869
 0.777097325198029	-0.360210687181755	-0.516108523481367
 0.7827147368061866	-0.40857727287778584	-0.46949148328183077
 0.7852724442189117	-0.45446246410393587	-0.4204890689079029
 0.7847285782891174	-0.49783711630253125	-0.36926855274707715
 0.7810220372393957	-0.5386221767637435	-0.31605494466106826
 0.796186209391398	-0.555656279131323	-0.239444397380457
 0.82236645410167	-0.540272151636597	-0.17837998019455
 0.8448951909004854	-0.5220502465592942	-0.11668614510991705
 0.8637661057995493	-0.5009203431968952	-0.05465276061999801
 0.8790457785684545	-0.47668054850563724	 0.007360289216130973
 0.890926746121352	-0.448906571736058	 0.0687926078717745
 0.899610931398754	-0.417253847344725	 0.128838654851295
 0.9047571608577852	-0.3825659144294861	 0.18723728526469002
 0.9059865186799788	-0.3458058952999819	 0.24414485607096195
 0.9031261359813317	-0.30753847073829194	 0.2996385681506669
 0.922088937008992	-0.242828289838141	 0.301307839094689
 0.9371131488379862	-0.17675226826541904	 0.30096109705073804
 0.9482897630814723	-0.10979238635305993	 0.2978122850618918
 0.9554965370837996	-0.04233136777532408	 0.29194934992758187
 0.9586656739082694	 0.02539038709977601	 0.2833998128314961
 0.95762737504618	 0.092978899537787	 0.272588948424005
 0.9521583773445852	 0.16007025084362003	 0.26033044241384307
 0.942112833469624	 0.226370949852332	 0.247345107238428
 0.9274001498488874	 0.2913802940454651	 0.2345772501804891
 0.9232033436743827	 0.32185300496784797	 0.21001483143246394
 0.9103973331391788	 0.3816401236755589	 0.15977331383549398
 0.9083406554145272	 0.40641555104357413	 0.09870994676857603
 0.902657659280351	 0.428761291191502	 0.0370527369881635
 0.8934421667635117	 0.44847999975832686	-0.025035663875607694
 0.8807227594288715	 0.46551336343783223	-0.08731969700354614
 0.8645102821364762	 0.4798391975758961	-0.14958715369319203
 0.84480799669128	 0.491421802015306	-0.211669698423028
 0.8216022707613806	 0.5002000550475113	-0.2734403291583192
 0.7947866511183548	 0.5062122945683689	-0.33475855781726893
 0.799396670722383	 0.46053293279757	-0.385842429816679
 0.799451108717504	 0.413484732649582	-0.435784695275152
 0.7955506464185772	 0.36485765073782006	-0.4837127904873541
 0.7881228579276933	 0.31460529335472315	-0.5290424087018673
 0.777502073195389	 0.262754535896855	-0.571358538959995
 0.7640693558257826	 0.20925727664960492	-0.6102535634120988
 0.7483690420454501	 0.15397702635895902	-0.6451626556626071
 0.7306255687738291	 0.09706085667880902	-0.6758442633881672
 0.7109970783614814	 0.038626068372948526	-0.7021333074306374
 0.7337068170167822	-0.020563243816724006	-0.6791549599810313
 0.7329881584735274	-0.06040473229028963	-0.6775541512340734
 0.7084934099791362	-0.12023844037584502	-0.6953990260793582
 0.7251296654990119	-0.17958811258373097	-0.6647819778182199
 0.7392763837014292	-0.2375224181650081	-0.6301218369255143
 0.751538875418123	-0.292744858453934	-0.591176595091559
 0.7614292935267323	-0.3450799633156871	-0.5487670269590051
 0.7685042351176973	-0.3947708848583421	-0.5035446247099901
 0.7726059641215821	-0.4419399512611891	-0.4558169629171541
 0.773669020226777	-0.486610014101947	-0.405767102309985
 0.7716355443214802	-0.5287327420776681	-0.35358206147190707
 0.7663878299244262	-0.5682545464967201	-0.29956045221213007
 0.773999097401052	-0.576791412406528	-0.261222249811228
 0.80191200429722	-0.56277448573538	-0.200554270882707
 0.8261926656558105	-0.5459370634243903	-0.13913447450613908
 0.846823231131066	-0.526232888063462	-0.0772616511416181
 0.8638363250974158	-0.5035416008267989	-0.015253185863178297
 0.8773604520666225	-0.4775774231883022	 0.04645903583021702
 0.887629728352804	-0.447907513201901	 0.107202261923974
 0.894602877625897	-0.414729844489733	 0.166387642068113
 0.8978427555675997	-0.3790507935553669	 0.22405107047239495
 0.8970844777896693	-0.34156748104494605	 0.28030536134980905
 0.8921946682476812	-0.3027278489339801	 0.3351783457060071
 0.91100288389943	-0.238217171089147	 0.336639755414012
 0.925908935402983	-0.172434946496013	 0.336093487839071
 0.9370140205468934	-0.10581438832816205	 0.3328784170253202
 0.9442479311604812	-0.03870857410071671	 0.32695181723036904
 0.947526583510694	 0.0286714546012834	 0.318388632384384
 0.946644034881531	 0.0960047108262719	 0.307649421781317
 0.9413483725958447	 0.1629218458058911	 0.2954990923342342
 0.9314636744209948	 0.22913140442807695	 0.28262028012680995
 0.9167960325780737	 0.29399763307958293	 0.27027842383865297
 0.9085712608988402	 0.35483444911219103	 0.22043315901184105
 0.902002838098998	 0.384868642030725	 0.195619550257071
 0.901732053827993	 0.410628106894395	 0.135143852718038
 0.897803947025353	 0.434141891048382	 0.0739519515809568
 0.8903397902569548	 0.4551339354376379	 0.012172045770945097
 0.879389487964326	 0.473476378836361	-0.0499424382849623
 0.8649766637535817	 0.4891203734968669	-0.11214558124156697
 0.84711984455724	 0.5020274166695	-0.174231001459171
 0.8258352969933324	 0.5121376116484873	-0.23603205073658512
 0.8011085232728111	 0.5194039990108371	-0.29739640171193404
 0.772755881471383	 0.524001524203503	-0.358149061542525
 0.777057514304538	 0.478180568292063	-0.409298135313041
 0.776727493950037	 0.431066998053595	-0.459211980822754
 0.7724362849842382	 0.3824785144339111	-0.5070033250740841
 0.764662367656368	 0.332393147374338	-0.552092618198015
 0.7537920927488577	 0.2808246112795769	-0.5940833431505819
 0.7402396826445676	 0.22767358989927788	-0.6326214892814227
 0.724506045651462	 0.172774087590729	-0.667263144847423
 0.706838757725128	 0.116221117183243	-0.697761866612297
 0.6873399385505352	 0.05820018066718033	-0.7240003783449662
 0.7118028614575609	-8.412384514301708E-4	-0.7023788000350639
 0.7105843603716583	-0.08041292507323874	-0.6990018800234853
 0.6847605084964687	-0.13999680950235197	-0.7151950358698108
 0.7013826612263402	-0.19926968951160404	-0.6843639042008323
 0.7154452206461899	-0.25710891570734695	-0.6496407789835219
 0.7274824441835379	-0.31238064510425395	-0.6108908461983988
 0.7371616119587671	-0.3648245370310931	-0.5687669250531371
 0.7441193447286109	-0.4145911131061289	-0.5238326161419159
 0.7482143759260671	-0.4617816483785841	-0.4763748071406841
 0.749372531855216	-0.506438454337677	-0.426568752335386
 0.7475044806254592	-0.5485552215657291	-0.37459874577718005
 0.7424578598057	-0.588111471772675	-0.320751029900323
 0.7577245557144346	-0.6051945609853517	-0.24411685935451088
 0.785444016099563	-0.591124476488453	-0.183438139081385
 0.8095363170637395	-0.5742390781795783	-0.12206732751373409
 0.8300047105539432	-0.5544855941073091	-0.06031505936107032
 0.8469005850977877	-0.5317491441006877	 0.0014989026689594793
 0.8603631788071168	-0.5057774993721469	 0.06296285954252129
 0.870599867403836	-0.47624179526475	 0.123489365207824
 0.8775559748843714	-0.44334724410010223	 0.18258897035030608
 0.8808386723360282	-0.4079229131913481	 0.24025430320971805
 0.880171147651823	-0.37060259269138	 0.296567815400964
 0.8753900467111068	-0.33182245396211896	 0.35154818327746196
 0.8960913578037	-0.268154791336232	 0.353713565407016
 0.9128609404387654	-0.20310774414656207	 0.3541640124136662
 0.9258096394096424	-0.13701999682914406	 0.35228118321183316
 0.9349779848664987	-0.07032155466544258	 0.3476651359633529
 0.9402819601777954	-0.003258760377257511	 0.3403809863153442
 0.9415871669271688	 0.06394564238385268	 0.33064264984751196
 0.9386074560579585	 0.13097535604593505	 0.31915748391828214
 0.9311410599804805	 0.19748276621285107	 0.3065564931090971
 0.918863170906239	 0.263097507205833	 0.294058114756605
 0.9021178564460998	 0.32674994952717595	 0.28181171651491393
 0.898320961775085	 0.357243425456459	 0.255727559335364
 0.8848533024013602	 0.4173357432718721	 0.20703987687670505
 0.884466361782259	 0.442841007946595	 0.147007130971589
 0.8804990222483172	 0.4661700320642771	 0.08606377301134413
 0.873029705560051	 0.487052676534026	 0.0244708702495828
 0.8621141175269897	 0.5053263818412389	-0.03747660838312569
 0.8477925882962685	 0.5209077611780547	-0.09951297189000333
 0.8301035928621328	 0.5337363038385738	-0.16141122353205897
 0.8090913096328307	 0.5437428919795397	-0.22296842847891588
 0.7847895693803483	 0.5508767546332402	-0.28397206376078005
 0.757127747639389	 0.555244901978873	-0.344181162443527
 0.7640604849185092	 0.5098119907337931	-0.39535213353432114
 0.7657542446835437	 0.4633651991961348	-0.4459967812922668
 0.7631565345841584	 0.41556997892736375	-0.49486735226301665
 0.756869860956183	 0.366347282792246	-0.541237177184741
 0.747342265299482	 0.315704909864328	-0.584645147405326
 0.7349830663343174	 0.2635677095077152	-0.6247655197805503
 0.720252410822005	 0.20973892557283	-0.661245830084882
 0.7035574498608609	 0.15416976760716497	-0.6937136278762549
 0.6850224224761121	 0.09704467143983103	-0.7220295094039401
 0.6646350408590309	 0.038688123614890796	-0.7461658606191209
 0.6892841503790766	-0.02067040168229919	-0.7241961713033886
 0.688797489762721	-0.0604368365922366	-0.722430209002432
 0.6631213004050656	-0.11993199084390692	-0.7388412945425505
 0.681217842422396	-0.179534759937794	-0.709724961615029
 0.696437445148893	-0.238174522325711	-0.676940013523652
 0.709380800691468	-0.294806605694903	-0.640209297690202
 0.7201726912221736	-0.3486779981886508	-0.5998124276779927
 0.7284184083799908	-0.3997953428310369	-0.5563904260353288
 0.7339084807338145	-0.4482666607502313	-0.5103286615180663
 0.7365564840513347	-0.4941578860920718	-0.4618360417019778
 0.7362811661867857	-0.5375024931747668	-0.41107312506357896
 0.7329485127481951	-0.5783068438967021	-0.35825643324641704
 0.7263533397597822	-0.6165792396810242	-0.3037118157302751
 0.7340163204495599	-0.6251224383450509	-0.26540907744692394
 0.7634416972847098	-0.6124072031239549	-0.20521742715699495
 0.7892331578261016	-0.5969261444113003	-0.14418807407722609
 0.8114059841612403	-0.5786080711293452	-0.08266213698730304
 0.8299930225659307	-0.5573803386915088	-0.02094613405880949
 0.8450950698586033	-0.5330711862732291	 0.040613215409947806
 0.8568970339348257	-0.5053868807499869	 0.10154592064429198
 0.86552015970386	-0.474194997865309	 0.161288428430945
 0.8706923513531346	-0.44007166501941125	 0.21961730109941913
 0.8720627922617518	-0.4037361931521889	 0.27659279219027993
 0.8694108083246761	-0.3656904459328661	 0.3322579481692721
 0.8625848990030153	-0.32632733847784906	 0.38659767223034514
 0.8830893878629048	-0.26289735899211697	 0.38863622023544087
 0.899702721945168	-0.198171357581183	 0.388925603629906
 0.9125473245789838	-0.13245773846959696	 0.3869267733347729
 0.9216796855828938	-0.06612835297949599	 0.3822742446412489
 0.9270388298391616	 4.875663798274363E-4	 0.3749650253683182
 0.928486978577599	 0.0671774068189682	 0.365238451733823
 0.9256976724200204	 0.13378325173995806	 0.3538161398665131
 0.918441080096383	 0.20006382213784	 0.341233716773399
 0.906180167514836	 0.265600760722321	 0.329080142072578
 0.8894253321609548	 0.32861538793652595	 0.31770191268184395
 0.8815655118709894	 0.3899415128978952	 0.26605988949584514
 0.8745621463684096	 0.4199486131490043	 0.24245456162693416
 0.8759640921167512	 0.4462687077684671	 0.18311512714338601
 0.873769262944843	 0.470609585314421	 0.122694308519241
 0.868041531266561	 0.492672760989964	 0.0614609678977613
 0.858850962801114	 0.512225484782868	-2.76468000933479E-4
 0.846253141075299	 0.529134344905163	-0.0622291431884947
 0.830294989495405	 0.543320875260094	-0.124147722191874
 0.811025784368095	 0.554717372551205	-0.185811231307486
 0.788500611374896	 0.56325684235686	-0.246999019025571
 0.7627441565146756	 0.5689415779106868	-0.3074521631526019
 0.733647857606948	 0.571965818068298	-0.366900427895905
 0.7403370637240437	 0.5264451111525718	-0.4180389659110948
 0.7415837685493971	 0.4800737116835761	-0.4685965701692971
 0.738506020879853	 0.43250820677243	-0.517248014204698
 0.731785387443105	 0.383688397303203	-0.563270237541133
 0.7219474706481521	 0.33353070285939207	-0.6062582946854052
 0.7094375472092233	 0.2817941624165331	-0.6459801983325232
 0.694663204467699	 0.228291955075008	-0.682147942609738
 0.6779850442412816	 0.1730838388039159	-0.7144076319091556
 0.659559408993886	 0.116352299462875	-0.742592437624662
 0.6393476919110322	 0.058412115585812316	-0.7666958677342831
 0.6657912261318314	-7.353309448576835E-4	-0.7461377235432305
 0.6650597015508761	-0.08016685029485042	-0.7424748275105781
 0.6380784124112446	-0.13944712239825893	-0.7572386939859787
 0.6561008293189671	-0.19895522812060004	-0.7279756307531481
 0.6712186343949683	-0.2574488414514301	-0.6951155579299534
 0.6839457298704479	-0.31400401621838697	-0.6584980762239959
 0.6944521345704754	-0.36790020383626215	-0.6183734088782822
 0.702465065588594	-0.419047733957493	-0.575275436893235
 0.7078243701489491	-0.4674958105154041	-0.5295586163719641
 0.710464930696532	-0.513288579811095	-0.481429554645206
 0.7103065082395127	-0.5564788355862075	-0.4310405664171414
 0.7071882447033763	-0.5971318638187222	-0.37857406641995023
 0.700867786338782	-0.635305588459463	-0.324301025815138
 0.716258332937887	-0.652349209918222	-0.247819508546262
 0.745418267122735	-0.63963148248408	-0.187678378229772
 0.7709397032913248	-0.6241621034151859	-0.12678186995550697
 0.7928664556314372	-0.6058683700831982	-0.06546985311707401
 0.8112597883524548	-0.5846718826588289	-0.004042948244902809
 0.8262422593046324	-0.5604056617369392	 0.05717712158162733
 0.8379914559199683	-0.5328214567731511	 0.11777782052351403
 0.8465914103574026	-0.5018486716273963	 0.1772876044592011
 0.8517878397138722	-0.4679746393410001	 0.23549355203324707
 0.8532408841381963	-0.43182680706414417	 0.29241340997952814
 0.8507097224431164	-0.3938798483417872	 0.34806843179324215
 0.8440109693118986	-0.3545291164660192	 0.4024358200496243
 0.8663756461484697	-0.2919587094735939	 0.4051584279307729
 0.8848260684996195	-0.22800924969075914	 0.40631836109012326
 0.8994713276496635	-0.1629362639165579	 0.40546652714751386
 0.9104293578104462	-0.09706798375190333	 0.4021146490333311
 0.9176853608259983	-0.030721291975706007	 0.3961183923336571
 0.9211557361202964	 0.03571374849200502	 0.3875521100204782
 0.920614410825325	 0.102048449269822	 0.376902136611567
 0.9157335690074805	 0.16822733911408208	 0.36487202272497915
 0.9062306627999974	 0.2342012032377431	 0.35198832679944214
 0.8912934176344435	 0.2986087478494841	 0.34121673374744815
 0.874344100565305	 0.360831163264108	 0.324535460965545
 0.8695252543943427	 0.39190493814323485	 0.3005600629315229
 0.855205548003966	 0.451550140591838	 0.254412934409254
 0.8566341310942742	 0.4775633475421231	 0.19522093773138005
 0.8544631923105958	 0.5016945352984529	 0.13488975586772897
 0.8487465086662384	 0.5236319151969713	 0.07374945026251432
 0.839570521383565	 0.543115485931267	 0.0121205843659664
 0.8270138351830658	 0.5599793675047229	-0.04971141101203379
 0.8111406976635254	 0.5741244785473503	-0.11149821400660506
 0.7920115724946788	 0.5854787284120508	-0.17300961710700996
 0.7696900801163418	 0.5939867722057999	-0.23400191241747295
 0.7442231697862113	 0.5996575381711092	-0.2941814244100551
 0.7155930815835142	 0.6026351840619593	-0.35321010251749413
 0.7257096060052429	 0.5572861158403599	-0.4034572503293009
 0.7291741237322659	 0.5115119667013569	-0.45459938979346687
 0.7278904022331801	 0.46471219269125114	-0.5042004961331441
 0.7226659663992349	 0.4167833739731519	-0.5514032283073939
 0.714142009408555	 0.367617945740099	-0.595699787114064
 0.7028251400455476	 0.31691304100591083	-0.6368696467569657
 0.6890969441950718	 0.26443585973589495	-0.6746992497303909
 0.673329704845322	 0.210228774844056	-0.708823652822392
 0.6557930119866057	 0.15441591074085195	-0.7389798724861246
 0.6365675776806773	 0.09722150683420774	-0.7650684267793574
 0.6154499615052152	 0.039054566196402914	-0.7872077779992014
 0.6420146010341584	-0.020320108935130112	-0.7664230850071095
 0.6417828878354052	-0.06001358474663021	-0.7645345607148882
 0.615043615366186	-0.119217113572752	-0.779428400193804
 0.6345992993275603	-0.1789524346765061	-0.7518375857965073
 0.6510636815752546	-0.23795725053104888	-0.7207582323174526
 0.6648280903592911	-0.29553566087835204	-0.6860483098284071
 0.6763256694710005	-0.35077610216837324	-0.6477188548762235
 0.6854682864261117	-0.4032976962193338	-0.6062047480251438
 0.6920552490245351	-0.4530853696215441	-0.5619369894681231
 0.6960063297030613	-0.5001640411215622	-0.5151806682924173
 0.6972713907096832	-0.5445684728196151	-0.46610919976835513
 0.6957385003885542	-0.5863690990853512	-0.41487253309290023
 0.6911887926783261	-0.6256652237830271	-0.3616643203640811
 0.683338497561675	-0.662532589510633	-0.306755709949282
 0.6910797452419335	-0.6710342441365474	-0.26855507612487417
 0.721944272039904	-0.659642036524813	-0.208970935103833
 0.7491181628106791	-0.6455819425757401	-0.14847873102665804
 0.772684968694908	-0.628736108993739	-0.0874576720497534
 0.7927061606806507	-0.6090399994717268	-0.026214916792188788
 0.809287419663546	-0.586371612765031	 0.0349600360076455
 0.8225885509844386	-0.5605204815599237	 0.09573330424232206
 0.832758275380355	-0.531298930615253	 0.155676270229683
 0.839707991334683	-0.498907338638977	 0.214434038204864
 0.843101458043038	-0.463932686034889	 0.271930863040878
 0.8426452535881206	-0.4269008028666253	 0.3281839135564732
 0.8381212434353752	-0.3882289090472011	 0.3831854583388581
 0.8293397884430096	-0.3483129837418492	 0.43689081091521526
 0.851453293577095	-0.286040108202479	 0.439554712585625
 0.8697008672309382	-0.22245487344903206	 0.4406066622470991
 0.88420979887104	-0.15779367292295	 0.439629603605035
 0.8951065362875222	-0.09233579138132221	 0.43618618768289713
 0.9023853663427898	-0.026337602281883893	 0.4301243788910719
 0.9058866811265472	 0.03993517923668691	 0.4216331372376501
 0.9054287036157678	 0.10555320220049898	 0.4111658840102019
 0.900858392234804	 0.170614891916467	 0.399180054356999
 0.8917826484620548	 0.23614373486401494	 0.38595316346219694
 0.876295154525973	 0.300488218221784	 0.376581508924959
 0.860819334515716	 0.362143564607456	 0.35755015303776
 0.8501918768747737	 0.4239525973128118	 0.3121505529834449
 0.8429043631538867	 0.4534757892104589	 0.28960653165302097
 0.8461857642576793	 0.4801709594873002	 0.2310963046712191
 0.8458473170227386	 0.5051741534260438	 0.17129328940654692
 0.841909512428323	 0.528177024812181	 0.110532363329734
 0.8344581046651532	 0.5488756202404351	 0.04914493935613341
 0.8235923930000667	 0.5670428291745178	-0.012569808040794795
 0.8093941255949944	 0.5825400263026462	-0.07435231810526863
 0.791929878521617	 0.595281145847484	-0.135968470254113
 0.7712630885018124	 0.6052042413647802	-0.1971828454727401
 0.7474525758551	 0.612284839576014	-0.257724508095274
 0.7205240633882071	 0.6165936291676452	-0.31726545754055807
 0.6904388290120311	 0.6183331468988561	-0.37544419404041013
 0.7006809102524907	 0.5728829864457797	-0.42526620586252284
 0.7035467821444171	 0.5273993120248921	-0.4763107084770471
 0.7016532772689815	 0.4811521154545267	-0.5255238532087116
 0.6959071690062689	 0.4339965859356899	-0.5721539788569558
 0.6870927297914363	 0.38540555717651015	-0.6159270550683872
 0.675647654341935	 0.334914329063676	-0.656759194355183
 0.661845900536716	 0.282716968929422	-0.694284609812218
 0.646065456844748	 0.228840115902393	-0.728170053507947
 0.6285767339786369	 0.17336448282958397	-0.7581794283637487
 0.609455380578893	 0.116529946481813	-0.784209736394788
 0.5885412636810042	 0.05873726663699773	-0.8063306483402334
 0.616988071761358	-2.64004290643453E-4	-0.786972457971647
 0.616805159909053	-0.0795256918109257	-0.783088155351338
 0.5887633883881922	-0.13852318117917606	-0.7963472865337433
 0.6081649258572839	-0.19811726959197395	-0.7686904256242728
 0.6244878738024084	-0.25690098572310516	-0.7375749311142864
 0.6380462991615953	-0.3142863686873221	-0.7029374073013392
 0.6492339189836003	-0.36944461329911815	-0.6648353150558873
 0.658059566754772	-0.421952566730929	-0.623629407606555
 0.6643943562098801	-0.4717234208833071	-0.5797043674379291
 0.668190555438218	-0.518733292052985	-0.533326497878212
 0.6694247936513961	-0.5629830734749202	-0.4846859855881111
 0.6680154229707361	-0.6045278071708471	-0.4339372362801281
 0.663750009358699	-0.643512537610828	-0.38121849248692
 0.6562983668395501	-0.6801049653762561	-0.32669510212781105
 0.6719033454969343	-0.6970017288446944	-0.2504685295551811
 0.7024070701082463	-0.6856793605067754	-0.19096628612655409
 0.7292047497104112	-0.6717004151890531	-0.13068659164057503
 0.7524167504106613	-0.6549582273408832	-0.06999110043390361
 0.7721513096756433	-0.6353726810492021	-0.009160302535284192
 0.7885524535372053	-0.6128019449454741	 0.05156359463321072
 0.8017796283002878	-0.5870495500107739	 0.11190287518558298
 0.811937601372882	-0.557986057255728	 0.171490207840153
 0.8189126229496152	-0.5258124878533651	 0.23000726856174905
 0.822385118871699	-0.491033189541003	 0.287348434879279
 0.8220565550488403	-0.4541271238297142	 0.34349901848969616
 0.817683893421382	-0.415501798913969	 0.398436074594791
 0.809044601591291	-0.375558158796264	 0.452109391627236
 0.8329741108790861	-0.3141845415653771	 0.45545823567759713
 0.8530195713061263	-0.25142066892813103	 0.4573240188361461
 0.869293091310482	-0.187476970604195	 0.457364085705185
 0.8819401290036536	-0.12259754874414708	 0.4551389347165823
 0.8910373828550773	-0.05704256188142661	 0.4503315761622521
 0.896496675233529	 0.00898282623183131	 0.442959388802311
 0.8980069123270265	 0.07521190355625552	 0.43350519601998416
 0.8954788827528144	 0.13992224009921606	 0.4225391547175112
 0.8891264381229056	 0.20413528731867314	 0.4096131852152683
 0.876947289478187	 0.269313734035056	 0.398037139142764
 0.859041800485833	 0.330782640267882	 0.390678934568358
 0.841725080266492	 0.39496493521086	 0.368105405019064
 0.8360639758068907	 0.4253266814875169	 0.34654616196517196
 0.821428812675251	 0.483677057421197	 0.302177447588829
 0.824849268388882	 0.510244452894983	 0.243463103422728
 0.824602487146851	 0.535100107592222	 0.183571819858114
 0.82070236918522	 0.558003733029918	 0.122798432964119
 0.813258825546048	 0.578647577465229	 0.0614578210245435
 0.8024032799111264	 0.5967821601161503	-1.7249628457357609E-4
 0.7882409847082628	 0.6122503730204989	-0.06185168358588579
 0.7708482430828703	 0.6249609530150991	-0.12335636725565302
 0.750285798720311	 0.634860391931936	-0.18445460957822
 0.7266008767975006	 0.6419383125259487	-0.2448803151509749
 0.6998047508739971	 0.6462659650765511	-0.30432484788110403
 0.6698476556296465	 0.6480183401240005	-0.36245875504724934
 0.6836585920057634	 0.6032223513391265	-0.41077210764801525
 0.6896337950014294	 0.5579202450198504	-0.4616602960932603
 0.6896804568088402	 0.5124196829830842	-0.5116316409170422
 0.6854394574388575	 0.46627678363975233	-0.5592483448562834
 0.6779417106282462	 0.4187998865138051	-0.6041536990257291
 0.6677239243483631	 0.36926984953303804	-0.6463625446130591
 0.6549981556242982	 0.3180537124597391	-0.6854336234234102
 0.6401427966580633	 0.2651776993933891	-0.7210395187721843
 0.6234988807135242	 0.2106350788235481	-0.7529156721160614
 0.6052287372598402	 0.15458914798003803	-0.7808971577113503
 0.5852995044961448	 0.09738203310907276	-0.8049479670538406
 0.5634846178134512	 0.03943194046828221	-0.8251849535458913
 0.5920368157840508	-0.01968075872657469	-0.8056705756649106
 0.5921060549753447	-0.05926429282769977	-0.8036778977035307
 0.5643900698233101	-0.11820603517429303	-0.8170013355761502
 0.5853598139187984	-0.1779316438429711	-0.7910083554351925
 0.6030847373151218	-0.2370587972891379	-0.7616376607320426
 0.6178847824369548	-0.2951020449737619	-0.7287888436887197
 0.630087149013348	-0.351374616255507	-0.692478204494211
 0.6399436343932847	-0.4051970296446458	-0.6529069703768446
 0.6473792373845894	-0.45633135384991924	-0.6104603332705962
 0.652326200670656	-0.504706348722167	-0.565457363094801
 0.6547730043782947	-0.5502876173411128	-0.5181272536148458
 0.6546934799290198	-0.5930802111435108	-0.4686494537374379
 0.6519738963062172	-0.6331647256634181	-0.4171719893651281
 0.6463456300821646	-0.6707345907847627	-0.36380274215361086
 0.637424286551178	-0.705983616484959	-0.308670394060623
 0.6453124639588349	-0.7143823014350169	-0.2706099614866129
 0.6775477546114059	-0.7043538101888949	-0.21169494631055394
 0.705956481189205	-0.69178381255321	-0.151857180786096
 0.7307314053596204	-0.6765039340097915	-0.09150978357765835
 0.7520048061535474	-0.6584306310950163	-0.030949564743048913
 0.769930916263759	-0.637440294824972	 0.0296015998672673
 0.784671842973583	-0.613354086750073	 0.0899269876701367
 0.796352161013567	-0.586008193470602	 0.149725191047944
 0.8049644231287721	-0.5554287221373541	 0.20864134806367804
 0.8102640496570518	-0.5219867290367469	 0.26646205084940794
 0.811929035386293	-0.486166717703897	 0.323130258709554
 0.809685268891487	-0.448391837654884	 0.378621876368227
 0.8032892600002027	-0.4090580978416189	 0.4328947185615959
 0.792497543893275	-0.368588791976205	 0.485890878029881
 0.8161022995476183	-0.3076140511190151	 0.4892347414352721
 0.8358930406516818	-0.24529433532477493	 0.4910331085045719
 0.852003887575147	-0.18179783606362	 0.490957149208993
 0.864577275733029	-0.117345145963133	 0.488606437744065
 0.8736890833454334	-0.05219212070466122	 0.48367692541547425
 0.879252170346725	 0.0134847910258096	 0.476165707870237
 0.8808918267603072	 0.07959773834781833	 0.4665766706521031
 0.8775565176389888	 0.14600953235148598	 0.4567009687003429
 0.8720222367019096	 0.20589377301569714	 0.4440551462721263
 0.860658849701229	 0.268755861742126	 0.432477318723427
 0.8420940953426116	 0.3282389140853492	 0.42794479768911725
 0.8264713811052692	 0.3941688301792151	 0.4019651595960751
 0.814579689778781	 0.455040011336473	 0.359720053767937
 0.807236849879789	 0.484079666150965	 0.337691493845085
 0.8124379681302332	 0.5117974101275791	 0.27929904927715204
 0.8140878115202467	 0.5375248084428608	 0.2198365652994089
 0.8120363608067096	 0.5614138394294313	 0.1594096911260421
 0.8063537379099323	 0.5832056243420342	 0.09830996437034573
 0.7971864371722243	 0.6026094575388101	 0.036818827703180006
 0.7846710705924992	 0.6194152523076061	-0.024820479123623108
 0.7689053169108223	 0.6334993763518443	-0.08638954675244244
 0.749956476774789	 0.644793267936381	-0.147671678284862
 0.727873500554758	 0.653266933316926	-0.208428599344864
 0.7026785259937582	 0.6589462554654473	-0.26838912331781406
 0.674335260949278	 0.66194012749144	-0.327272399473413
 0.6427107953324583	 0.6624016845240883	-0.3848984825934872
 0.6570549675270707	 0.6178551871727388	-0.43189551668400084
 0.662426653919861	 0.573114217279389	-0.482422037358131
 0.661599846573076	 0.528974224662276	-0.531480867630648
 0.6569278751419052	 0.4839841269595072	-0.5781047757221742
 0.6494061237279847	 0.4362467209598068	-0.6228647404665077
 0.6389972282325557	 0.38692188708899883	-0.6648112481017446
 0.6261533893179404	 0.33605550573863224	-0.7035613904332785
 0.6112814497241541	 0.28348845569835107	-0.7388973438231461
 0.5946727699801498	 0.22920895515818396	-0.7706020707988198
 0.576458329063494	 0.173411700299449	-0.798513730033854
 0.5566027274137381	 0.11646614026626803	-0.8225746422100952
 0.5349407031416233	 0.05880834034309204	-0.8428404494496196
 0.5654972680869581	 3.5629538365313407E-4	-0.8247500911426362
 0.5659745560443542	-0.07861298136165504	-0.8206660715978383
 0.536919838296693	-0.137342101234759	-0.832378660509671
 0.5576343613539929	-0.19683030403816695	-0.8064128908007158
 0.575126611528288	-0.255622143576106	-0.77710147369925
 0.5897346619492274	-0.3133198645733212	-0.7443411119637194
 0.6016574563703742	-0.36938033286694605	-0.7082135799919651
 0.611175953896795	-0.423121038483014	-0.668903984269341
 0.6182855983799989	-0.47423146440138486	-0.6267594730098659
 0.6229587540214213	-0.5225775498811963	-0.5820954347426583
 0.6252116953013643	-0.5680859832668622	-0.5351529236340922
 0.6250486444686759	-0.6107294369959378	-0.4861314090186889
 0.622411776228481	-0.650542157562216	-0.435199358968283
 0.6171251282360782	-0.6876635474423112	-0.38245969933923823
 0.6087904467607724	-0.7223983011980124	-0.3278946269139602
 0.6248175387387929	-0.7389804092728979	-0.2520138845287249
 0.6565517104668164	-0.7291243419945004	-0.19317749712164908
 0.684423611867153	-0.716733883097013	-0.133629563867425
 0.7086863036655221	-0.7016584057040941	-0.07375096407294282
 0.7295614383320456	-0.6837768315550825	-0.013760535141095891
 0.747261097765674	-0.662921303540937	 0.0462190120797154
 0.761924124385609	-0.638929297005081	 0.106023497904078
 0.773613384997179	-0.611697461272804	 0.165373959333425
 0.7822730712315112	-0.5812907714581431	 0.22394169116896506
 0.787660013697626	-0.548037401090079	 0.281507921430797
 0.789461751004186	-0.512362205148473	 0.337986855420146
 0.787390229797852	-0.474662297871748	 0.393334881491583
 0.781173434935499	-0.435330654662106	 0.447498922526676
 0.7705379741241628	-0.39478239747591687	 0.5004179144233329
 0.7958935732849641	-0.3347700458937331	 0.5044625222709801
 0.817421171779798	-0.273354716161584	 0.507050122846215
 0.8352555257732324	-0.2106688511878831	 0.5079043628523572
 0.849536772234865	-0.14687711512964	 0.506669898130885
 0.8603741505529584	-0.08223623459552265	 0.5029846148539987
 0.8677741286057548	-0.016993633347795196	 0.4966681771043559
 0.8715342726217248	 0.04873460379883999	 0.4879067021862799
 0.8709862819347745	 0.11498852471900692	 0.4776615285580197
 0.8644758458676726	 0.18185742417905912	 0.46862499846074135
 0.859216321003703	 0.236484611741859	 0.453676472974039
 0.8433635171522382	 0.29670069834731605	 0.4480029838481231
 0.8324984763960998	 0.3607390098902623	 0.4204921563377444
 0.805229558975317	 0.42254906566177	 0.416001976510667
 0.79902733823018	 0.453330441399441	 0.395027623921899
 0.7841731013576546	 0.5116932247695628	 0.35105924120017584
 0.7893368266963215	 0.5400188990527713	 0.29210779292380123
 0.791037968174656	 0.565960043912408	 0.232267435515135
 0.7890272583742617	 0.5898853860760648	 0.17167182889538993
 0.7833393222083673	 0.6116881869449282	 0.11053084743257205
 0.7741507091441463	 0.6310959196968223	 0.04907769018237852
 0.7616300685753182	 0.6478918752440521	-0.012480249785238203
 0.7458919671397857	 0.6619487927795826	-0.07395247861968038
 0.7270028041490029	 0.6732029473940739	-0.13514701024964798
 0.7049962576514229	 0.6816306008199569	-0.19585709260405496
 0.679869393438977	 0.687245478795096	-0.255873522937831
 0.6515501775880109	 0.6900838287267359	-0.31506614450759496
 0.6198540646976058	 0.6900177775283279	-0.3737063087141069
 0.6365673877164453	 0.6474330049501432	-0.4190614095775092
 0.647361910416505	 0.602430998727906	-0.466904110833896
 0.6480753573866569	 0.5593298633960759	-0.5168640392419309
 0.6449380279711011	 0.5158822340171572	-0.5638443585797541
 0.6389798552094998	 0.4688855713423769	-0.6097959212911969
 0.629819642079737	 0.420449126909704	-0.653107763031048
 0.6180502340266542	 0.37058638361567203	-0.6933106378083751
 0.604132228192791	 0.319041102881814	-0.730230802918344
 0.5883841264352768	 0.2657230882289479	-0.7636722858275447
 0.570994162921955	 0.2107472853858	-0.793442655528156
 0.5519976376892941	 0.15441955507886304	-0.8194224850433902
 0.5312906935507403	 0.09717086007288857	-0.8415984926905875
 0.5087135022924621	 0.03942400416252321	-0.8600327438424252
 0.5394437033806392	-0.018956702328194207	-0.8418082527035603
 0.539875720292105	-0.0583572444241819	-0.839719380901916
 0.511309176776553	-0.117002066228347	-0.851394997778576
 0.5335496371515679	-0.17657169161300199	-0.8271319256420667
 0.55243606423435	-0.235584205438562	-0.799571433382373
 0.5683810529298443	-0.29362313292730025	-0.7685885989788805
 0.5814893321728553	-0.3504413039979371	-0.7342077696547432
 0.5920455967081492	-0.40532774682330514	-0.6965568383654231
 0.6001962399629331	-0.4577523815582521	-0.6559170913401371
 0.6059243642703699	-0.5074827001447149	-0.6126311890831039
 0.6092479610566094	-0.5543976173255892	-0.5669746060028382
 0.6101973814797933	-0.5984332243492443	-0.5191693669990273
 0.6087681982985199	-0.6395746031600489	-0.4694098504857349
 0.604887596652902	-0.677872135378544	-0.417852083269677
 0.5983565733961321	-0.7134892602926312	-0.36455793301026007
 0.5886811622130652	-0.7468045491062222	-0.30941469695172413
 0.596871323457524	-0.754984860115114	-0.271555674275139
 0.6304179848251878	-0.7463747356223559	-0.21330241075432693
 0.6598591265112889	-0.7354004356020679	-0.15418214058718896
 0.6855798974524691	-0.7218134139809291	-0.09468685022883523
 0.707865884309688	-0.705476327232876	-0.0350576888068184
 0.7269870772636807	-0.6862095326720218	 0.024622484879816296
 0.743104728962831	-0.663849597400678	 0.0842560017092873
 0.756280592689786	-0.638288340281916	 0.143623326033563
 0.7665015752671499	-0.6095123473837138	 0.20241055678934597
 0.7736068524985533	-0.5777196017649162	 0.26033151846034414
 0.777304436062602	-0.543286027639389	 0.317235095550939
 0.7772919279174183	-0.5066030060766142	 0.37305583098051315
 0.7732786969683908	-0.4680556236671009	 0.4277429017160529
 0.764985023304993	-0.42803816904594	 0.481228885208337
 0.752083649813557	-0.387009121486725	 0.533473639057444
 0.777003036500617	-0.327549932515196	 0.537566110332591
 0.798217089009	-0.266718502896838	 0.540102507887593
 0.815890056418241	-0.204555345587548	 0.54081468769755
 0.8301262583506378	-0.14118097570772997	 0.5394055313907928
 0.8409885625517648	-0.07685782219875169	 0.5355661610146609
 0.8484764928325178	-0.011918786268535196	 0.5290988410916388
 0.8524142602353896	 0.053451265180346236	 0.5201277643021703
 0.8521303678386226	 0.11933138463068794	 0.5095427919707398
 0.8459004539396322	 0.18557457573702602	 0.5000144986545361
 0.8304682514053352	 0.24926179395372805	 0.4981877572589821
 0.8262433188777628	 0.2895072308688779	 0.48322618025567887
 0.8179589051469808	 0.35562292747166796	 0.4521897421959429
 0.789407669121221	 0.417523989547073	 0.450010277755183
 0.7761042557001329	 0.4801803981489089	 0.40876517649831495
 0.7685694566819259	 0.5095652752791708	 0.3868387525640529
 0.7752497478744146	 0.5396573627722824	 0.32826477000482723
 0.7787191407645567	 0.5669554289421629	 0.26862248863399096
 0.7785786911657283	 0.5919960266245933	 0.20822085900157908
 0.7747027293039702	 0.6149411285191941	 0.14725179002144503
 0.7672194881262271	 0.6356039430699932	 0.08591789448774213
 0.7563286088515192	 0.6537361522934542	 0.024414721322916708
 0.7421858783053601	 0.6691675677256391	-0.037079486893071605
 0.72488375734429	 0.681808197225853	-0.0983926853686639
 0.7044662888344472	 0.6916184486273452	-0.15934606808492505
 0.680941101434646	 0.698587906094527	-0.219759308870945
 0.654265642213946	 0.702716534695764	-0.279510181001605
 0.6243208040372965	 0.7039078606786886	-0.3387288846865228
 0.5909798258233442	 0.7017747351490623	-0.39781285370922015
 0.6075341280036703	 0.6598213971253585	-0.4421967969200593
 0.6184579250812263	 0.6167025942379973	-0.48701920410220834
 0.6170396932449	 0.579203105786457	-0.532715476786213
 0.6154637251079222	 0.5325930336839972	-0.5809897275749002
 0.609077585587735	 0.485660248676753	-0.627023618047877
 0.5995635135070438	 0.4378009486509389	-0.6699656130216138
 0.5876706608273448	 0.38834620032473677	-0.7098101317226257
 0.5737628650104283	 0.33705812054248024	-0.7464502649951944
 0.558078944259782	 0.283914959507383	-0.779705192840094
 0.5407539770002182	 0.22908370103444012	-0.8093860600966704
 0.5217975739722579	 0.17289726885658896	-0.8353644870465817
 0.5011120940952579	 0.11579563821606297	-0.8576001628507308
 0.4785759572065559	 0.05822141753406969	-0.8761137595792868
 0.5112613179267976	 7.877711064295445E-4	-0.8594249497241965
 0.5126548556832282	-0.07759732847061422	-0.8550810801079813
 0.4827137323911599	-0.13601452813385798	-0.8651517212012698
 0.5044819950218103	-0.19520751455062213	-0.8410659563683356
 0.5229768542393353	-0.2536751260763271	-0.8137223975902893
 0.5387596202628979	-0.31112999725695595	-0.7829024181729579
 0.5517141146356331	-0.3676199207921211	-0.7486435263519041
 0.5619897116667992	-0.4223724985525692	-0.7111744064905092
 0.5697949870174621	-0.47474694515634114	-0.6707823870932302
 0.5751771621052303	-0.5244545474026273	-0.6277887064142514
 0.5781943930625844	-0.5713373839830453	-0.5824644517001873
 0.5789036945765321	-0.6153088960933901	-0.5350378255730851
 0.57732660347901	-0.656337247736004	-0.485711241531136
 0.5734402734960199	-0.6944299805560189	-0.4346645313776789
 0.5671648721480708	-0.7296506562892828	-0.3820129939908868
 0.5582705272081643	-0.7621911053464505	-0.32771746578642225
 0.575195269645774	-0.778085741301976	-0.252453918487474
 0.6080222381530054	-0.7697905113657554	-0.1942460463501351
 0.6366547522099041	-0.7591487261748893	-0.13551360830407003
 0.6616264978548637	-0.7459021388789757	-0.07668361332173528
 0.6834225711578092	-0.7298064350304723	-0.017780793575162608
 0.7023239940972068	-0.7106615307807868	 0.041245557138383786
 0.718387189564474	-0.68837522936209	 0.100296507767452
 0.731600047942919	-0.662897443144684	 0.15914882884319
 0.7418989844511595	-0.6342557624163514	 0.21749833266485313
 0.7491104166669362	-0.6026380778989332	 0.2750653208010211
 0.752958404660406	-0.568365274103948	 0.331684422371628
 0.7531410283923583	-0.5317861941759622	 0.3872751412574102
 0.7493419044521651	-0.4932743758776731	 0.4417772066715241
 0.7412591570064702	-0.4532119459864981	 0.4951098809044201
 0.7285372969728459	-0.4120254148580989	 0.5472371190174429
 0.7551064727842799	-0.35359411479659286	 0.5520737421219178
 0.7779536848346269	-0.29377898829891697	 0.5554115323670289
 0.797282868323915	-0.232575743298009	 0.55699959740252
 0.8132061665744705	-0.17002772948332912	 0.5565844965968764
 0.825774775905955	-0.106307327075555	 0.553890577359392
 0.8350021882511572	-0.041724805711537805	 0.5486623608414501
 0.8408184447163637	 0.02333998704897499	 0.5408138201167838
 0.8428963491014106	 0.08876507447691435	 0.5307037838800668
 0.8398529223160658	 0.15441084340414096	 0.5203886627477449
 0.8294775597852774	 0.21742412579435408	 0.5144839427379853
 0.811755075868748	 0.276831125516091	 0.514216126494315
 0.807189712444497	 0.315416307274415	 0.498956231777039
 0.7958220053137584	 0.3838021473723642	 0.4683623037038212
 0.766423746454731	 0.444250638735003	 0.463935352019908
 0.7594849755494183	 0.47584260991525223	 0.4435722968172612
 0.7440482041776876	 0.5351251951924024	 0.4000416169978464
 0.7507070001256928	 0.5656659962614888	 0.34126379918734495
 0.75415188877079	 0.593416353445896	 0.281268484061804
 0.7539724517557727	 0.6187786972096636	 0.2205413019660962
 0.75003146529523	 0.641907284401636	 0.159398366676724
 0.742470087697222	 0.66266828287885	 0.098025077104158
 0.7315155262305861	 0.6808435822503182	 0.03656571334109231
 0.7173492477167387	 0.6962707096463967	-0.02484261839525839
 0.7000743474841559	 0.7088638983125078	-0.08606905171911698
 0.679727172243313	 0.718585651430717	-0.146988546737499
 0.6562992786245591	 0.7254063160209882	-0.20750164711091307
 0.6297463836747544	 0.7292505599352834	-0.26760626502876317
 0.5999972612994732	 0.7299397263065653	-0.3274007977886252
 0.5670594215769211	 0.7271892354454941	-0.3868325584190731
 0.58481819526811	 0.68625332905603	-0.432485892073796
 0.599894961922441	 0.643047531253019	-0.476041917492011
 0.5996516657610734	 0.6118053216262754	-0.5158605704836723
 0.6022877148205201	 0.5638051680023751	-0.5651311715965501
 0.5975134489498772	 0.5173305906721992	-0.6126554809016043
 0.5891699610203093	 0.4704677061485692	-0.6569162005177153
 0.578331401667635	 0.422081460865432	-0.698126084771835
 0.56539921767787	 0.371848191533033	-0.736242247567243
 0.55061824495851	 0.319694333585922	-0.77111288498628
 0.5341478329339002	 0.2657258538297041	-0.8025433715248623
 0.5160429770383221	 0.21021164266796505	-0.8303678167753502
 0.49624653565927	 0.153553895093626	-0.8544943400326
 0.474641031492375	 0.096207517804307	-0.874905711915169
 0.4511391221793932	 0.03859241235903502	-0.8916188188612424
 0.484093498217099	-0.0185146294640845	-0.874820377837496
 0.485201993668411	-0.0574301390202733	-0.872514071217371
 0.4558300003289139	-0.11588495945801197	-0.8824906157980138
 0.4791762400570541	-0.17506876595272203	-0.8600820066438872
 0.499066344455096	-0.233518179152362	-0.834507066379664
 0.515958667459845	-0.291130257537556	-0.80562387416162
 0.530383155195938	-0.347910498826628	-0.773079551851301
 0.5418654406991541	-0.4035586461433181	-0.7372396240700061
 0.5507333895413042	-0.45713191978088025	-0.6983717788984554
 0.5571394432098289	-0.5081788391023518	-0.6567723413089409
 0.5611537123048402	-0.5564760304627112	-0.6127323548556582
 0.5628564140709932	-0.6018894338899342	-0.5664995732662093
 0.5623024230539821	-0.6443571501351031	-0.5182854889897931
 0.5595007916002492	-0.6838621938760123	-0.4682855581648682
 0.5544281273651098	-0.7204127844770347	-0.4166711791670538
 0.547014943572984	-0.754067885303808	-0.363533046450097
 0.5370233699834229	-0.7850223320472778	-0.30878121425809096
 0.5458964072451371	-0.7926855503580552	-0.27137931168458407
 0.580756407604258	-0.785506176907998	-0.213780357062987
 0.6109070317054872	-0.7763004027996173	-0.15540361394106306
 0.6371653417292281	-0.7646027434764272	-0.09696892268864812
 0.660198740748458	-0.750103220812359	-0.0385068934228148
 0.6804074010407031	-0.7325578303243171	 0.020119489048308105
 0.697854671118852	-0.711883749123426	 0.0788694220314453
 0.71251428010463	-0.688038101572178	 0.137575330026623
 0.7243264828341456	-0.6610200763467186	 0.19596837737679687
 0.7331669662700261	-0.6309353260885401	 0.25374556915137303
 0.738806625156198	-0.598033452984574	 0.310677903521729
 0.7409578826630423	-0.5626309793169392	 0.3666439652201622
 0.7393045979625873	-0.5250721458341692	 0.4215779324163902
 0.7335164442891604	-0.48574026318855135	 0.47540511427087534
 0.7232885748669409	-0.4449968079373659	 0.5280449586848689
 0.7081048303609941	-0.4033937341358481	 0.5795351969288531
 0.7340718818391858	-0.3457165407295309	 0.5844814332030428
 0.7565652785800452	-0.28662371107305507	 0.5877549042737191
 0.7757619010707322	-0.22603351076840206	 0.5891539059166411
 0.791696495813447	-0.164018977647966	 0.588484862581889
 0.8043886106144292	-0.10065977631382103	 0.5855139388146451
 0.8137849796382854	-0.03615178109286818	 0.5800405637875067
 0.819735718057264	 0.0290715647434544	 0.572003668401269
 0.8219594469190863	 0.09441529947857324	 0.5616657536692452
 0.8183059060017812	 0.15945954506745602	 0.5522210587160581
 0.8061401142385088	 0.20761781631485898	 0.5541055482163789
 0.79323349934785	 0.272104016072535	 0.544738487670517
 0.7849025195924694	 0.34259320778748215	 0.5162924836904722
 0.77925165269783	 0.377230103235221	 0.500464095596123
 0.7492407880982959	 0.4378928218642559	 0.4968783734573319
 0.734931169659528	 0.501203871908901	 0.456805051029872
 0.7270714771582599	 0.5309964156948159	 0.43521244653865787
 0.7351088062447851	 0.5632681635540501	 0.3772850631920311
 0.7402313633683053	 0.5925424406376082	 0.31772784695258716
 0.7418843329833666	 0.6192492491043607	 0.2571731011546709
 0.7397739453749943	 0.6436494899562293	 0.19608631727736908
 0.7339339371599601	 0.6657200092400342	 0.13475104890993903
 0.7245926306385132	 0.6852667208263032	 0.07331467078508001
 0.7119773552746727	 0.7021016468731026	 0.011896345411922195
 0.696241721479532	 0.716106124269374	-0.0493911333653492
 0.6774558314859839	 0.7272242706855989	-0.11044662290641998
 0.655626677358877	 0.735423198478288	-0.171191060150125
 0.6307255449254853	 0.7406384669706312	-0.23160299700531312
 0.6027040058736721	 0.7427295922858611	-0.29172012965633204
 0.571520584691816	 0.741494837783381	-0.351496268563583
 0.5374045092247822	 0.7364086267966312	-0.4109729040269822
 0.5553708445042879	 0.6950769391351388	-0.4565427403399609
 0.5510811746758071	 0.6748255438638251	-0.4908360462179051
 0.570450171648463	 0.625664636174023	-0.532099957439828
 0.5721053900075073	 0.5787453472432192	-0.5811619789427762
 0.5661078836216299	 0.5338900088070679	-0.6280790735229349
 0.5574138897009079	 0.4876791833272479	-0.6719068162459529
 0.5465018417564442	 0.4396182546026212	-0.7127913630067073
 0.5336244787359449	 0.3895413207831119	-0.7506680192310978
 0.518947885555892	 0.337470259842509	-0.785370559544282
 0.502579788017243	 0.283553656449735	-0.816707340845256
 0.4845396576527851	 0.22808159741323106	-0.8445117554440262
 0.4647556441015591	 0.17145818544377903	-0.8686796198369522
 0.44311217862512486	 0.11412930182904697	-0.8891715805276897
 0.41953089969969387	 0.05651104801097349	-0.9059803119548828
 0.4541157027570559	 5.390626784132848E-4	-0.8909425559040798
 0.4570321659341391	-0.07656999859392001	-0.8861482012715912
 0.4261114038157569	-0.13502589002223897	-0.8945373555988968
 0.4485663397800532	-0.19355329775991909	-0.8725396035381924
 0.4678576191294262	-0.25086959360586414	-0.8474512937193344
 0.4846186360922788	-0.30766303426533986	-0.8188334598065127
 0.49928789435047	-0.364092319127581	-0.786224129435986
 0.5105857056519137	-0.41960729976281086	-0.7504878088081777
 0.5191193473208511	-0.4730882043337811	-0.7118304953831441
 0.525151895615141	-0.524088810127145	-0.670482218728683
 0.5287888684004647	-0.5723498887136257	-0.6267359392481465
 0.5301553052262759	-0.6177214860218779	-0.5808231383539719
 0.5293291298460752	-0.6601347037181781	-0.5329473193884271
 0.52633195735177	-0.699562854367611	-0.483307855780656
 0.5211591347906399	-0.7359980991676679	-0.4320879010639519
 0.5138196093224421	-0.7694272929007422	-0.3794351723485431
 0.504276914234523	-0.799892412015069	-0.32538734297883
 0.523209154047052	-0.814155334045496	-0.251800065859076
 0.5569563902415332	-0.8075091681511953	-0.19423831424537608
 0.5857767380507192	-0.7988929675243823	-0.13651241554798405
 0.611066031697891	-0.787633825614209	-0.0789383408320579
 0.6336843557035023	-0.7733017021966503	-0.02118052682065381
 0.65372775254754	-0.75583466696617	 0.0367964911544758
 0.6711544288657197	-0.7352144909729847	 0.09492831441284899
 0.685878506150511	-0.711438399096302	 0.153055803849558
 0.6977978391184478	-0.6845339136050769	 0.21093007572686795
 0.706767267640903	-0.654610605715735	 0.268262901415553
 0.712570217413668	-0.621882479247	 0.3248166671534
 0.7149366998644653	-0.5866180835020153	 0.38045333392589714
 0.713535080303649	-0.549137197713877	 0.435104616457945
 0.7080027928126691	-0.5098192763999041	 0.4886883984509341
 0.6980430472451071	-0.4689738425840091	 0.5411094521118202
 0.6830775223615101	-0.4271114744375551	 0.5924363989900001
 0.7105278549430344	-0.37051601537864914	 0.5982207365997763
 0.7345077497678826	-0.3125442307471278	 0.6023408249136096
 0.7552689697203202	-0.25303085465564207	 0.6046024892190252
 0.7728259819959323	-0.19201820585266607	 0.6048710690495503
 0.7872072731756183	-0.12958860280557605	 0.6029191513646802
 0.7983942153268992	-0.06576344245356741	 0.5985330789264711
 0.80623454879084	-7.20245463180323E-4	 0.591595582794956
 0.8104493511027904	 0.06504710727024993	 0.5821861584861312
 0.8103638436684658	 0.13091298547725996	 0.5711149018440169
 0.7898982782755022	 0.23835399060139706	 0.5650204289596851
 0.7713210991140738	 0.30173907322870797	 0.5603724598412538
 0.7669404659324627	 0.33593430394374085	 0.5467636282244198
 0.7556595327222058	 0.4046219168535399	 0.5150337610369099
 0.7243547978600641	 0.4635124482321961	 0.5103590276960931
 0.7170585469115897	 0.4951807662691568	 0.4905334331298228
 0.700981723360199	 0.555045230753356	 0.447827439236275
 0.7091043758888013	 0.5875047854425001	 0.3898834584558771
 0.7142671508329973	 0.6170810416498832	 0.33020209762690417
 0.7158981982516539	 0.6441245523250929	 0.26943149562000795
 0.7136686889727316	 0.6688460325215567	 0.2081393455359059
 0.707660161750453	 0.691157212500555	 0.146692886943388
 0.6981631286216375	 0.7108455678764105	 0.08524567123150877
 0.6854397009199832	 0.7277374197338102	 0.023888581412472312
 0.66967097207176	 0.741720445499626	-0.0373037517188358
 0.650942792663944	 0.752737084582546	-0.0982871414429929
 0.6292602030536719	 0.7607447869430818	-0.15905648679565598
 0.6045846405952243	 0.7656637720522034	-0.2196278682752601
 0.576868696821354	 0.76735951321988	-0.279967648307053
 0.546078015903899	 0.765643509470024	-0.339983553944726
 0.5124041981553669	 0.7602412039054419	-0.39934352329436895
 0.5316177489041849	 0.7197522387326489	-0.4464742813302769
 0.5458621007332979	 0.6568125311765498	-0.5202229001807639
 0.557886510672313	 0.608390712099031	-0.564467344176353
 0.5534869689007961	 0.5646516514421621	-0.6122260103757831
 0.5458538795341688	 0.5195370237284868	-0.6573620183527817
 0.5359624710544401	 0.4725842893496961	-0.6995772431126253
 0.524069328920311	 0.423580380375863	-0.738871436615095
 0.5103314377932652	 0.3725212887834012	-0.7751062591690333
 0.4948639841905369	 0.31950719043971093	-0.8080994941270477
 0.4777123239347269	 0.26476804644629093	-0.8376686798143388
 0.4588352624500598	 0.2086603245635809	-0.8636730115532186
 0.43812658798293114	 0.15161156473555804	-0.8860355671985582
 0.415477875813403	 0.0940482326238452	-0.904728171690212
 0.39085743207728435	 0.03633258675497104	-0.9197338804945938
 0.4257322186310849	-0.018967978753063497	-0.9046503710282098
 0.4276687503824711	-0.05704749050161961	-0.9021335953026932
 0.398736037748717	-0.114765540182213	-0.909856276005798
 0.4225214028499531	-0.17366552823204104	-0.8895594125394852
 0.4423691990958129	-0.23090576471030994	-0.8665979572528868
 0.46016614886662077	-0.2874492723380109	-0.8400119232901466
 0.476504709692918	-0.343725959504833	-0.809194492321191
 0.489414457881189	-0.399825933824755	-0.774992071609784
 0.4991176316041981	-0.4543496228412381	-0.7378672035304461
 0.5062080238844477	-0.5065934342718048	-0.6979373388118026
 0.51082655524533	-0.556219907662717	-0.655496487233813
 0.5131256528779701	-0.6030258866178881	-0.6107878882453931
 0.5132271095551669	-0.6469029089827909	-0.5640164539862749
 0.5111830621071388	-0.6878004059361686	-0.5153857570876508
 0.507002918578888	-0.725699152720217	-0.465090077612551
 0.5006885234737312	-0.7605901160483431	-0.41329611398035504
 0.4922798922983668	-0.7924417159867236	-0.36013418943877784
 0.48173811772043423	-0.8212987498395603	-0.30560881768553116
 0.49228801413140977	-0.8275564945789856	-0.2698198647666519
 0.5287239100888951	-0.8215767009775922	-0.21321995992656606
 0.5589239208745779	-0.8144452844553718	-0.15582980877417899
 0.5852350936845891	-0.8048355106960302	-0.09868984670497073
 0.6089584960408092	-0.7921237295818423	-0.04134667015695882
 0.6302008792493353	-0.7762625842632374	 0.016225044416741805
 0.6489261851116688	-0.7572455050980269	 0.07398683183682549
 0.6650401319319799	-0.7350790810901009	 0.13183462164252596
 0.6784311155197573	-0.7097820792956593	 0.18958011869747407
 0.6889668116746868	-0.6814210824283258	 0.2469616181373649
 0.6964647123747865	-0.6501514480474885	 0.3037103867477372
 0.700689194707805	-0.616200455786177	 0.35962709951926
 0.7013469514171119	-0.5798397572966569	 0.4146062102719609
 0.698057351433027	-0.541428825445987	 0.468583782355393
 0.6904987749927423	-0.5013024270734551	 0.5214473303640411
 0.6783072344773937	-0.4597566550138328	 0.5731693587641628
 0.660463054454771	-0.417690080954061	 0.623957971319274
 0.6871708951216912	-0.36200619867981404	 0.6298790939656951
 0.710880015439445	-0.304736187669766	 0.633865490126503
 0.7315298334626017	-0.2458980408100979	 0.6359231528100967
 0.7491238401478099	-0.18553914483458697	 0.6359156373735819
 0.7636916539483648	-0.12366391817327198	 0.6336263039297259
 0.7752340770181861	-0.06035070533895801	 0.6287844767444972
 0.783566043702343	 0.00472227275425687	 0.62129055625906
 0.7883034788521507	 0.07180769007070127	 0.6110820574000738
 0.790047028961653	 0.143306657536075	 0.596061149492821
 0.7821930485836484	 0.21159159678862308	 0.5860059990442582
 0.7520227104632717	 0.2907933644838889	 0.5915243546293039
 0.7429840894301034	 0.3625241068115582	 0.5626285762687513
 0.737297790296493	 0.397143403700789	 0.546506253688703
 0.705517111939874	 0.456157836554034	 0.542370383511455
 0.690736458545158	 0.519343941884083	 0.5031550604583
 0.6825856932816473	 0.5493160891218172	 0.4820047775272822
 0.69197264442537	 0.58337127159022	 0.425266761986133
 0.6987515485463501	 0.6144367169805561	 0.36635200863409206
 0.7022265373734952	 0.6428425480476351	 0.3059923996246561
 0.7019107367761579	 0.6688708561578879	 0.24481236770425893
 0.697666570019174	 0.692563388388998	 0.183350238998565
 0.6897710598772792	 0.7136977055474011	 0.12186660761730603
 0.678544086041984	 0.732066537731337	 0.060469063425042
 0.6642281781663973	 0.7475294868765083	-7.704413626075384E-4
 0.646974632565493	 0.760002296461892	-0.0618088520310483
 0.626834238215879	 0.769438285563196	-0.122652201406614
 0.6037815302518962	 0.7757813868994103	-0.1833333124860461
 0.577754877012579	 0.778932028641838	-0.243852817994976
 0.5486973001724202	 0.7787397629387023	-0.3041309823113571
 0.5166117591608058	 0.7750278403720526	-0.3639287525670508
 0.48188812403404613	 0.7674863109582132	-0.4227867055699611
 0.5024064792131784	 0.7260302625413535	-0.4695399743565523
 0.518543014820244	 0.681457408043157	-0.516458074585183
 0.525317880677296	 0.624871217321155	-0.577561326617609
 0.5206430773746948	 0.5814408731244189	-0.6251858100134079
 0.5127863799984519	 0.5366923482974298	-0.6700831677986498
 0.5028513100315178	 0.4898528167294489	-0.7121690655608479
 0.4910287215221361	 0.44089125377301414	-0.7513359414980733
 0.4774220236272469	 0.3898291167189939	-0.7874652189866888
 0.46209547891866576	 0.33678307389763584	-0.8203931554437717
 0.4450507634228433	 0.2819998708115702	-0.8499446398672106
 0.4262235725654661	 0.22583234990410306	-0.8759755795262342
 0.4055010334196919	 0.16868103054798597	-0.8983961385874448
 0.3827693206644259	 0.11092791335456897	-0.9171600979092448
 0.3579917447828541	 0.052858807870555025	-0.9322273634140075
 0.3940399717837021	-0.0010711836604056701	-0.9190926793323212
 0.3984425515350831	-0.07634716140410622	-0.9140101991070713
 0.36872797161777615	-0.13386781956372906	-0.9198473187610504
 0.3902290370523471	-0.19225133486882007	-0.9004225246418233
 0.4082805471894161	-0.24679633048420005	-0.8788620859078202
 0.4270648165347022	-0.30303553622649415	-0.8519302238224103
 0.4441362568649489	-0.3587456861237749	-0.8210021425219148
 0.45697104295687	-0.414716167013142	-0.786884976802098
 0.46637483423059833	-0.46919634677881134	-0.7498995280474574
 0.47307223506768975	-0.5213241166521178	-0.7102280097299387
 0.47728523895340613	-0.5708604171468831	-0.6680697454697951
 0.47920536877055386	-0.6176200825341459	-0.6236246051848758
 0.4789680675568941	-0.6614645542183631	-0.5771085112641441
 0.476638911820477	-0.702323057588369	-0.5287321349401
 0.4722411191761768	-0.7401715098172557	-0.47867991540702476
 0.4657903122923281	-0.7750022133800811	-0.42709595435989606
 0.457319359501393	-0.806810482150399	-0.374053270694799
 0.4469467286048789	-0.8355385846292389	-0.31955264884704887
 0.46874380584432	-0.847301593376738	-0.24971835003424
 0.502970298589854	-0.842319903034033	-0.193695791614506
 0.531155905560256	-0.836033611866637	-0.137554366770705
 0.5569689266577789	-0.8265805644991768	-0.08093321400947909
 0.580434990912191	-0.813951604135446	-0.0240417855014751
 0.6015591655493582	-0.7981452674691883	 0.03302578326244002
 0.620266140158237	-0.779187374630823	 0.0902050474703493
 0.6364435792319868	-0.7571044478844009	 0.14741921668505298
 0.6499577253305181	-0.7319276245681181	 0.20454072376241106
 0.6606501949772238	-0.7037263707518088	 0.2613628033692709
 0.668332209994955	-0.672634128073106	 0.317640341950754
 0.672781439131144	-0.638840043493792	 0.373160198828167
 0.6737100576120654	-0.6025968298957043	 0.4277754304211442
 0.6707037019659751	-0.5642842042439861	 0.4813936860926491
 0.6634680743103105	-0.5241923450333047	 0.5338843505661627
 0.6516693961070797	-0.4824912025370469	 0.5852599744146089
 0.634050435473447	-0.440112654869156	 0.635830870829622
 0.6619741391898731	-0.3855310695167441	 0.6427721474061411
 0.687055386483236	-0.329386872746937	 0.64765668680742
 0.7091666600231057	-0.2716687922788859	 0.6505987362525417
 0.7282825019718632	-0.21241216218772002	 0.6515256485176473
 0.7444444831965702	-0.15163191385326602	 0.6502385517172812
 0.7576602919370683	-0.08929254186085744	 0.6465119673987973
 0.767902935859987	-0.0255260684356953	 0.640057420024039
 0.774907053612312	 0.0404243083068762	 0.630781208946332
 0.7786633305304572	 0.10965688421969602	 0.6177853878414771
 0.7772475544063903	 0.17819427043276903	 0.6034343718700641
 0.761170040185767	 0.246875868573159	 0.599727000759384
 0.728574008855893	 0.317954732154337	 0.606699844997769
 0.7236705391760069	 0.35392485435733495	 0.5924847240198239
 0.7121022640005801	 0.4230461515097381	 0.5603055588677021
 0.6787592803812122	 0.4808045151151971	 0.5550791452948121
 0.671305343228491	 0.512236169457637	 0.535689502279301
 0.654828941460762	 0.572090844590535	 0.493873590062342
 0.664445284519192	 0.606100795575096	 0.437211950298074
 0.671355920299139	 0.637303848255622	 0.378318692741809
 0.6748987985919785	 0.6659267897804345	 0.3178885375596753
 0.6745206600272559	 0.6922325126935839	 0.25658532219579994
 0.6700647822961667	 0.7162219865990358	 0.19503654385402097
 0.6619187929145942	 0.7375860856305392	 0.13353006354640007
 0.6504741410312866	 0.7560914648986916	 0.07217401580181497
 0.636016255511459	 0.771596833758672	 0.011029454146731
 0.618740606416837	 0.784009983019993	-0.0498839502837871
 0.598738724789709	 0.793270458816324	-0.110607045917211
 0.57597420020613	 0.799334515120481	-0.171225154793373
 0.550348055937737	 0.802124178959101	-0.231762418987078
 0.521728937586699	 0.801525186807517	-0.292157989104918
 0.49003898252649186	 0.7973826826415098	-0.35219689525580694
 0.455412853927787	 0.789465074762315	-0.411514311060844
 0.4774983652533561	 0.7504927258149722	-0.4568982158853171
 0.49725145716379987	 0.7073431273099829	-0.5024009241589938
 0.5133408687735679	 0.6609602420670039	-0.5473688983250019
 0.5071157624593596	 0.6117724314576647	-0.6070980938642777
 0.5002314403180622	 0.5678844019243292	-0.6536633783289103
 0.491243521130752	 0.522096125745188	-0.697205449224922
 0.4803575582295701	 0.4741918045417171	-0.7378338219119501
 0.467688545276547	 0.424154612396794	-0.775474235161706
 0.453294190374978	 0.372044133197617	-0.810004654261645
 0.4371811770264323	 0.31805007553883125	-0.8412590373383976
 0.4193012276712108	 0.2624779569499419	-0.8690752571491147
 0.3995562796907859	 0.20569909717481294	-0.8933323350137538
 0.377823515781657	 0.148086028566738	-0.913958379285249
 0.3540136113696212	 0.08994061020805344	-0.9309054998228564
 0.3281809457084248	 0.031335261663488184	-0.9440949995897685
 0.36436919283089697	-0.021318225439431498	-0.9310105394569248
 0.36679063303145804	-0.05845043021377101	-0.9284654967893032
 0.33793986196907	-0.11572621049942	-0.934025745842035
 0.36274515989973516	-0.17367759111576309	-0.9155610538426925
 0.37993162620118115	-0.2280799507193191	-0.8964549601022904
 0.4018473468910589	-0.28218291542424495	-0.8711437952710738
 0.41905998037975684	-0.3381465267630858	-0.8426420706813657
 0.43461272191967587	-0.3938918622101369	-0.8099141823861348
 0.4454611367447532	-0.44938098821784017	-0.7743520537058254
 0.45324434426912424	-0.5026474481500243	-0.7361488349894473
 0.458477335702245	-0.553421616024395	-0.695358215284984
 0.46133437798226123	-0.6015600050244863	-0.6521473392161163
 0.461982199867022	-0.64686301377442	-0.60674598343681
 0.4605300274602179	-0.6892076388568648	-0.5593790524759009
 0.4570307577004241	-0.7285456858162292	-0.5102392283961871
 0.4515091445117629	-0.7648658005671779	-0.4594777465177029
 0.444002607423237	-0.79817325774329	-0.40716229592735
 0.4345709468838661	-0.8284880272764092	-0.3532077020452751
 0.423469445505211	-0.855801479235596	-0.297115224890403
 0.4342524522801331	-0.8615092631259632	-0.26310947766443304
 0.4737428251644248	-0.8547151356721406	-0.21220219710969893
 0.502864035492155	-0.850017980345931	-0.156834928817434
 0.5297457845848064	-0.8421767557042885	-0.10053713675069106
 0.554279141936248	-0.831173524723588	-0.0438771536563595
 0.5765180318360859	-0.8169818557466387	 0.012946287059398197
 0.5964180519536451	-0.7996294958835072	 0.06984394474045322
 0.613884898264489	-0.779152770706111	 0.126752876037543
 0.6287974182780693	-0.7555808929889534	 0.18360642939954608
 0.641000158498444	-0.728960948938255	 0.240280527151096
 0.6503104616595748	-0.6993852118624899	 0.29657482847364297
 0.6565222358876751	-0.6669998565804051	 0.35226374367335506
 0.6593885260243382	-0.6320046062332553	 0.40715715571189304
 0.6585431080361064	-0.5947283989987422	 0.4611063936691162
 0.6535845145677013	-0.5555868938360032	 0.5139557234966492
 0.6443575053905609	-0.5146642657109539	 0.5656183331956789
 0.6301651035228393	-0.47227393157550224	 0.6163191347477922
 0.6087534206726992	-0.43042845308513417	 0.6664462615950564
 0.636352730477376	-0.376305144864657	 0.673386694524311
 0.6611994734872999	-0.3207609281180999	 0.6781796836037869
 0.6831850287814509	-0.26373257764190794	 0.6809576667746999
 0.7023362563976658	-0.20518910853730593	 0.6816312879313698
 0.7187099899934817	-0.14508366993699395	 0.6800049110125477
 0.7323091582863049	-0.08342746694594909	 0.6758425515229018
 0.7430160231048574	-0.02010284271798331	 0.6689716474740154
 0.750930286443934	 0.0441955218027138	 0.658900949121958
 0.755535364600986	 0.110920693788966	 0.645649217862633
 0.754702712263063	 0.179482348374471	 0.631038748988334
 0.7384883987428442	 0.24690472912012507	 0.6274336137475802
 0.7074192176560591	 0.31224869876540906	 0.6340810678534711
 0.6977898880846458	 0.38132261665498196	 0.6063681506430029
 0.692035780608109	 0.415229995314964	 0.590483301498747
 0.6580653288503538	 0.47293170156513287	 0.5859058188990649
 0.6431337120608288	 0.5353152833562927	 0.5475550892978998
 0.634862247656436	 0.565132001322737	 0.52685457915973
 0.6457386057755748	 0.6004813184229398	 0.4716395225551659
 0.6541999776455732	 0.6330746822373832	 0.4138101448231642
 0.659566403167604	 0.66302355653164	 0.354078978896919
 0.6612317224773099	 0.6905591695683229	 0.29308811390910794
 0.658706013202929	 0.715878442522127	 0.23156952239532
 0.6522118776042342	 0.7387249866524771	 0.17001488407565102
 0.642236530195148	 0.75877526051786	 0.108592556415945
 0.629144000224358	 0.775843340351032	 0.0473807789577797
 0.613197705539556	 0.78981271876152	-0.0135809868404337
 0.5945719356138771	 0.8006014523230113	-0.07430698431946112
 0.5733220184830161	 0.8081526392035863	-0.13487466356153902
 0.5493439148179793	 0.8124287835292776	-0.19539891234496415
 0.522501709014121	 0.813342190084503	-0.255864116096547
 0.4926022142719461	 0.8107706624694142	-0.31621826540110404
 0.4595735846717591	 0.8045476611674951	-0.37615845222706706
 0.4234923518311671	 0.7950976921033612	-0.4341357943690151
 0.445737583266779	 0.75590991697476	-0.479497866817677
 0.46589217122946713	 0.7156438797970102	-0.5203828610707462
 0.48380458174566376	 0.6692531743749718	-0.5639444256936378
 0.4755935973334748	 0.6293709732663436	-0.6145753885286818
 0.4665031197901192	 0.5850006473024802	-0.6634373232504823
 0.4571892682692789	 0.5390523064386119	-0.7073899800694199
 0.446275940201581	 0.491080424772506	-0.748116168520939
 0.43371332346523217	 0.4409517405994372	-0.7857826133932143
 0.41947433565402	 0.388728752046522	-0.820323862300721
 0.4035036076910862	 0.3346114955465972	-0.8515984885075524
 0.385721291223249	 0.278895410227828	-0.879452349846722
 0.36602170693636604	 0.22191145040396806	-0.9037607085014242
 0.3442834115802342	 0.1639603350635571	-0.9244381758865875
 0.3204241853178561	 0.10522449851374506	-0.9414117836398265
 0.29457981925240595	 0.04555916381720399	-0.9545402519964767
 0.3313056648543321	-0.005534791911503182	-0.9435072456075392
 0.336227171702148	-0.0790216351665064	-0.93845983940965
 0.3079237438539151	-0.14097770605089802	-0.9409082071953753
 0.32210348589537985	-0.18387511176781593	-0.9286760940427066
 0.3427605882014181	-0.24675450065050905	-0.9064366473088652
 0.3685640343970051	-0.29822861238902204	-0.8804659262580932
 0.384247353065415	-0.350653028899276	-0.85404708593027
 0.4014476716524132	-0.4075431602556402	-0.8202123746041033
 0.4116641023029241	-0.46310662207765113	-0.7848980337999042
 0.4189448891093881	-0.5160545925279041	-0.7471096555526381
 0.42385963144278593	-0.5666610622868729	-0.7065679396357428
 0.426370305693825	-0.614763055182345	-0.663532025154343
 0.42665098854648387	-0.6600566555910969	-0.6182993978504299
 0.4248609535469041	-0.7023918315449501	-0.5710857073418542
 0.421085073369211	-0.741704676642562	-0.522074260648999
 0.41539524938503014	-0.7779979884136883	-0.4713447961021772
 0.40789345051606485	-0.8113186760800927	-0.4187898504855918
 0.3988299570852349	-0.8417563534961358	-0.36384187043312993
 0.3895894811037117	-0.8694406128034204	-0.30379772385808484
 0.4119908322531069	-0.8821524841458248	-0.22818972118555794
 0.44288025968984	-0.874859368014624	-0.196158511857408
 0.472684741441248	-0.870010635028788	-0.14018070532504
 0.499530944520955	-0.862251197390266	-0.0836164341804597
 0.5239517109006138	-0.8513228225460336	-0.02690829716972399
 0.5460813678271619	-0.8372035593505108	 0.029754662203623394
 0.5659030464750712	-0.8199448149234223	 0.08628002358847894
 0.583362491887137	-0.799589228695545	 0.142636841009935
 0.598353752918942	-0.77617684488795	 0.198802142412009
 0.6107188243415531	-0.7497493595765461	 0.25475167400712107
 0.6202544525704461	-0.7203735468577072	 0.31039711186508007
 0.6267408247739348	-0.6881548094666928	 0.36556654219108686
 0.6299123817659438	-0.6532607187109418	 0.42007240410103097
 0.629318740399266	-0.616069983938404	 0.47372534012064
 0.6245691309833941	-0.5771592392772371	 0.5261184402200411
 0.6158296888700904	-0.5364243431978973	 0.5770638771668803
 0.6023192470692229	-0.4938930028221899	 0.6271213808930809
 0.5807952263207777	-0.45216735745955877	 0.6769206644290277
 0.6095731387106791	-0.39873517409856013	 0.6851502386331061
 0.6356843806183219	-0.34411227738843897	 0.6910080381503839
 0.6590109570304291	-0.28815132180390407	 0.6947469857843941
 0.6795620368590042	-0.23072255616173312	 0.6963925187264992
 0.6974090809158263	-0.1717558619087731	 0.6957876815208194
 0.7125662081103717	-0.11120282049973994	 0.6927361198696868
 0.7249914004464669	-0.04912651633304189	 0.6870036787904779
 0.734480760520284	 0.0146859454841476	 0.678470585531003
 0.741249628579215	 0.078472657217871	 0.666626604779874
 0.744146271458592	 0.145194231969413	 0.652046748076461
 0.736369375220794	 0.213393552317247	 0.642046209447859
 0.7114221819546417	 0.2782151496494509	 0.6453485953563627
 0.6807389377266748	 0.3394876308653229	 0.6491091180627557
 0.6760425543866907	 0.3736947989619988	 0.6350737452352047
 0.664688440896934	 0.440503854626588	 0.603444803272943
 0.6293836297845392	 0.4963539974192041	 0.5979205263287211
 0.621928024084981	 0.527321735187295	 0.578910459792196
 0.6053785104213614	 0.5866534214375313	 0.5379169287498323
 0.6166197812848033	 0.6218428130391523	 0.4827955687450283
 0.6253229656483482	 0.6544270985139682	 0.42508394625455304
 0.6308564451087988	 0.6844675323359968	 0.36540982860694987
 0.6325936332728612	 0.7121631357826782	 0.30438292195000605
 0.6298966704449691	 0.7377410158768511	 0.24283405456264506
 0.623098403951824	 0.76083862247369	 0.181309044300132
 0.6128150259798881	 0.7810675957929542	 0.11996313906981303
 0.599466989586728	 0.79823150509076	 0.0588709833140714
 0.5833644683786882	 0.8122082061392453	-0.0019305215150652504
 0.5647374251387492	 0.8229038369204134	-0.06245731205645523
 0.5437093109068317	 0.8302437430950974	-0.12278237774477292
 0.520232935433548	 0.834178249025581	-0.183041912530464
 0.493966911728727	 0.834703558016141	-0.243447448851654
 0.46481522276613924	 0.8316697041450893	-0.3037635789427101
 0.43224734915798085	 0.8250437184747497	-0.36395754113805184
 0.396161926752574	 0.814385806754436	-0.424065426023644
 0.41692943702020113	 0.7802369328038312	-0.4662619148449591
 0.43581793946679825	 0.7372443484769424	-0.5162688197806673
 0.4434745780589693	 0.7111212926300644	-0.5455610009738283
 0.463024160548867	 0.658075755818471	-0.593754937960069
 0.4545159108385381	 0.6159118458495682	-0.6434810680484642
 0.444971451901444	 0.570692556097019	-0.690152456641409
 0.434711448020294	 0.523689510215985	-0.732649475431356
 0.422980480097444	 0.474572656780506	-0.771925065594341
 0.409649094536442	 0.423303695736332	-0.808085144351408
 0.3946288645179931	 0.37002170753926505	-0.8410422077630623
 0.3778277466567759	 0.31497751325346496	-0.8706522612391968
 0.35914524343966514	 0.2584740925067031	-0.8967752436466454
 0.338466927677311	 0.200801392277472	-0.919303507949421
 0.315684902469797	 0.142165550062346	-0.938153504885051
 0.2908143690208909	 0.08257397127697048	-0.9532096002656137
 0.26422067156796203	 0.021952722824859702	-0.9642123804830293
 0.3007581922342179	-0.028484654780405586	-0.9532749520710415
 0.30330057030912405	-0.06557075839364301	-0.9506362288982272
 0.27656039238239605	-0.12863274355253804	-0.9523486581349512
 0.32341112281484125	-0.21977914472416815	-0.9203816453971456
 0.34174074266774324	-0.28271895648133016	-0.8962607078562616
 0.352845288727844	-0.32818824704165	-0.876237796905779
 0.378092688990049	-0.385215235481654	-0.841816571994807
 0.3899678614965508	-0.44227167111660776	-0.8076638136796337
 0.3981645060025071	-0.49626513836035313	-0.7714829477104201
 0.4041734861639547	-0.5478975670209437	-0.7324288696758245
 0.40773889234058086	-0.5972770649497977	-0.6906584563717667
 0.40892865454742794	-0.6440038467176168	-0.6465573454094717
 0.40797929308573416	-0.6878385758321713	-0.6003590509107323
 0.40502684922745313	-0.7286611751514441	-0.5522736126520971
 0.400181247965397	-0.766451302504924	-0.502401601973325
 0.3935726243260608	-0.8012569514923267	-0.4506527344489558
 0.38545603393838	-0.833175437539658	-0.396537937883747
 0.3767485877898411	-0.8622819880563573	-0.33842321828139504
 0.36720449903978525	-0.8874843006666936	-0.27844653338673514
 0.382167355762254	-0.899713038634925	-0.210866214221237
 0.442578049303192	-0.882094681731342	-0.161349442937569
 0.470898008438749	-0.876032301876902	-0.104031109369634
 0.49648644116692825	-0.8667689470346933	-0.04704047399598762
 0.5197028448394102	-0.8542912637097343	 0.009766770963270265
 0.54061278498335	-0.838654683010518	 0.0663033888807661
 0.559221336306367	-0.81990846005273	 0.122562694787941
 0.575458908241908	-0.798105287468289	 0.178535696823328
 0.5892099320871156	-0.7732854081890295	 0.23422496325503583
 0.6002931552536418	-0.7454888312486447	 0.2896455251495469
 0.608481704274252	-0.714776802223295	 0.344737782331648
 0.6135286858741239	-0.6812542789243659	 0.3993434099328709
 0.615060227429643	-0.645159263769207	 0.453288474381349
 0.6124345229086919	-0.6071231777106589	 0.5062858898252199
 0.6057906890693181	-0.5675389946844241	 0.5575994355713731
 0.5952401385749692	-0.5259944560801951	 0.6074693486935381
 0.5787115591863189	-0.4831906692817689	 0.6569777076759729
 0.5533432296546569	-0.44292310068025886	 0.7054292289656979
 0.5818871943585151	-0.3890722706529421	 0.7141638896293621
 0.6076669672860207	-0.33466691762824485	 0.7202353164866466
 0.6307990345122783	-0.27928746200244003	 0.7239413592457702
 0.6513842331727302	-0.22254099436446106	 0.7253785815705143
 0.669455022445524	-0.16424601363167	 0.724467542356846
 0.6849883216674011	-0.10439921631561602	 0.7210352299381511
 0.6978787614746986	-0.04297624452256118	 0.7149253644187467
 0.708024745984003	 0.0196984535380507	 0.705912834564224
 0.7147043300617821	 0.08460665135513581	 0.6942905984797791
 0.7189152880169156	 0.14537261415758596	 0.6797261299292127
 0.711582219710697	 0.211202103930989	 0.670107764383253
 0.6882744904190785	 0.27000918498830584	 0.6733299828912336
 0.657652688711982	 0.330948483517923	 0.676731883604643
 0.648221456377683	 0.399006264915148	 0.648539084442918
 0.642558466522767	 0.432129961003072	 0.632757705526684
 0.6068702095594286	 0.48750213073075244	 0.6277341963620205
 0.591992513885369	 0.549050962239176	 0.589989749375289
 0.583730422694439	 0.578584630390612	 0.569647802678752
 0.5962700437693671	 0.6149330527181232	 0.5160614067899741
 0.606477855234066	 0.648777719525886	 0.459643428928858
 0.6137858187631611	 0.6800825304908421	 0.4009422906184991
 0.6175978384083423	 0.7089528641423173	 0.34052715958899415
 0.617137485001714	 0.735684844890142	 0.279122076526969
 0.6121576114167	 0.760212871978049	 0.217576304002727
 0.6033813378184051	 0.7820090280556802	 0.15618207711476503
 0.591364250059118	 0.800785814862597	 0.0950284297821625
 0.5764846326121271	 0.8163932270053292	 0.03416968337409801
 0.559036700337883	 0.828722978992944	-0.026385446071506
 0.5392302833851538	 0.8376857825428426	-0.08667889712007305
 0.5171565798667469	 0.8432083554841558	-0.14679489480984997
 0.49270738914176476	 0.8452413989613207	-0.2068970907649869
 0.4653155287136268	 0.8438156502172187	-0.2673136868670409
 0.4350888422974391	 0.8387588310916352	-0.3273855869980661
 0.4009826805662599	 0.8300355507520568	-0.3876259464659539
 0.361788966712139	 0.821361687558871	-0.440991747967926
 0.3854535838083059	 0.7803182807217948	-0.4924722484574289
 0.398497574967132	 0.75190699085331	-0.525200494907645
 0.4201180551830683	 0.7017934986103794	-0.5753144401259194
 0.431121934915227	 0.674788881800732	-0.598994025206486
 0.420731831045711	 0.632104844735485	-0.650713601830215
 0.4108119860207919	 0.5873270145986429	-0.6973381461416679
 0.40001599115902614	 0.5401620098741302	-0.7404135397909754
 0.3882184390596709	 0.4908514153397759	-0.7799688017049218
 0.37498672299574104	 0.4393855845398701	-0.8162874895987762
 0.36010835290915316	 0.3859055077874752	-0.8493520549362014
 0.34343844816591695	 0.33064569564017293	-0.8790469022048898
 0.324863489957805	 0.273863404363428	-0.905241707304137
 0.3042782714645571	 0.21577691064791507	-0.9278227515780064
 0.28159069021804295	 0.15652409909275697	-0.9466820424967017
 0.25681775121041	 0.0962263092391408	-0.961657496239405
 0.230339562253621	 0.0350305205109074	-0.972479587803027
 0.26733411676704505	-0.015271840333692803	-0.9634828700631922
 0.27302423535611	-0.0902546433756538	-0.95776399298436
 0.25223070607172593	-0.15524412602730198	-0.9551329395684027
 0.2913355033810121	-0.2046877112945941	-0.9344659251758265
 0.311093224963596	-0.272423608922631	-0.910497876265134
 0.320223821644746	-0.343926664089459	-0.882706720139555
 0.345241184703916	-0.397900898547711	-0.849990234837531
 0.35493930343016183	-0.4544760816780828	-0.8169881162312267
 0.362604315368343	-0.508096332231636	-0.781252985689664
 0.3685871823027162	-0.5595829021509753	-0.7423007912311804
 0.3719062643169091	-0.6089372984215171	-0.7006290724434332
 0.372751565039937	-0.655726371116075	-0.656566216754427
 0.37141974421505	-0.699588294797852	-0.610429022400689
 0.368148609045842	-0.740404912256798	-0.562376357578815
 0.36315638937708883	-0.7781904481749997	-0.5123837070241298
 0.35672843040856517	-0.8130349164038293	-0.46012938576715523
 0.34935557382070903	-0.8450117782852962	-0.4048527850954281
 0.3411342629918452	-0.8736742382769923	-0.34687280087105116
 0.333742198924563	-0.898812665658964	-0.284168852459282
 0.3801676593414021	-0.8920213164486382	-0.24448010510493107
 0.3816061991002261	-0.9076987253292932	-0.17452716935725202
 0.41158913226486205	-0.8986510298004342	-0.15172578172504803
 0.4392649097410928	-0.8938661830282355	-0.08971948455426426
 0.464764157396207	-0.884882800408766	-0.0312523205623854
 0.48776120057435624	-0.8725878471909724	 0.02606645639297541
 0.508473494223931	-0.857100537060907	 0.0826642307265411
 0.5269365194261328	-0.8385163301678248	 0.13866603238340797
 0.5431086012970893	-0.8169091545217303	 0.19414551361211307
 0.5569091625018351	-0.7923315043463173	 0.24912441056991305
 0.5682019432173148	-0.7648015653663687	 0.3036858859697299
 0.5767459136819701	-0.7343177516947011	 0.35796870058315006
 0.5822329597007222	-0.7009145951796233	 0.41197513383980117
 0.5841859379650145	-0.6648127113947736	 0.46556508530157836
 0.5816085073702562	-0.6268466851587631	 0.5184542192518191
 0.574765688420301	-0.587641692448648	 0.569492444823306
 0.564978273157863	-0.546804860850401	 0.617902900956075
 0.5497439563568951	-0.5042725700359552	 0.6659510173867151
 0.523836660991099	-0.466112058704893	 0.712975947232151
 0.55373631548822	-0.411419277910272	 0.723954605395477
 0.580651423566393	-0.357129848868553	 0.731643489246946
 0.6049277340840228	-0.30241227634774687	 0.7366201542519347
 0.6267561826058976	-0.24666645699056883	 0.7391429811349105
 0.646178709332473	-0.189482793453252	 0.739289758207546
 0.6631543948033192	-0.13073016962172407	 0.7369775243545212
 0.6776137624977752	-0.07046745142010372	 0.7320341024596901
 0.6893811667879861	-0.008661251884514302	 0.7243470091011821
 0.6983875410268041	 0.05414357878812411	 0.7136689116211721
 0.7030495860326438	 0.12009236980670594	 0.7009273159847158
 0.7066826405780516	 0.17764500150861592	 0.6848663365538097
 0.6886005953098875	 0.23570581374838318	 0.6857638000828574
 0.661408385484127	 0.296132849114764	 0.689089459567082
 0.6296950940462993	 0.3556005355707962	 0.6906752837881094
 0.6248702984274859	 0.3896183807435719	 0.6765608823527279
 0.6134566666128762	 0.4555817235308972	 0.6450707026154853
 0.5765296455816618	 0.5093107080807918	 0.6389179684433096
 0.5690962923931162	 0.5399498119772083	 0.6201480553304882
 0.5526000581657681	 0.5987909809695591	 0.5797262602510801
 0.5655308040751172	 0.6349758270263512	 0.5262894723765172
 0.5760678451440022	 0.6687088511893984	 0.4700790466848112
 0.5836315991845309	 0.6999928323861709	 0.4115631069973269
 0.5876625784536831	 0.7288980146064461	 0.35122696107780504
 0.5871897903672192	 0.7557828971982193	 0.28982816010727314
 0.5818846347733231	 0.7805455045055573	 0.22838342148869206
 0.572735471789252	 0.802515724123301	 0.167160377749026
 0.5603832112792663	 0.8213943496369813	 0.10621666018463304
 0.5452449209810802	 0.8370364512671813	 0.045584596020796724
 0.527651877743461	 0.849332687644322	-0.0147472578017819
 0.507852920084041	 0.858189181515691	-0.0748113647218179
 0.48600503946948	 0.863523958335714	-0.134630884237197
 0.46216454953971	 0.865255866266519	-0.194258114476932
 0.4361298108888821	 0.8633127657202933	-0.25393277968471506
 0.4060810027421082	 0.8579359878086064	-0.3147126626541022
 0.37399782166770223	 0.8493804104143615	-0.3723956871288182
 0.32833329246491794	 0.8427226047086668	-0.4266331686263819
 0.35424893230069804	 0.8047694392486492	-0.4762917631192361
 0.3534082738842538	 0.7869443059376905	-0.5057877532151197
 0.3767089479308689	 0.7408484655196379	-0.5560880502996048
 0.3873115748883641	 0.7162577541605251	-0.5804864973127422
 0.40913312935858	 0.661626987667239	-0.628378716739858
 0.39869131107749	 0.618060644644359	-0.677529540325078
 0.38817291699877216	 0.5721412432893013	-0.7224791929433243
 0.376790584686531	 0.523820732206504	-0.763963805295921
 0.364298466349664	 0.473305137174206	-0.802040444453887
 0.35031574310521785	 0.42069009646345784	-0.8368385285526747
 0.33462343081472096	 0.36616823105756297	-0.8683017828577578
 0.31707954938346905	 0.30997537835506606	-0.8963123474416772
 0.297578437133846	 0.252326717893515	-0.920748772027454
 0.276022890909105	 0.193380618034059	-0.941496309213661
 0.25234544502875494	 0.13329098770475598	-0.9584129010869638
 0.22669153919670312	 0.07227535936734253	-0.9712812252303404
 0.19973425060242614	 0.010494516604585008	-0.9797939039703827
 0.23682736606749494	-0.03978942601885819	-0.9707366276486238
 0.24008688417685795	-0.07756072229560719	-0.9676479847564567
 0.21776629308004508	-0.14155834258912306	-0.9656806290081604
 0.257674419987844	-0.192121834515513	-0.946938801605638
 0.2721699292068279	-0.26705264054505895	-0.9244492505343178
 0.2854547280840711	-0.29888549425254907	-0.9105948932098502
 0.31903754553662605	-0.3773410424831401	-0.8693841396044112
 0.332722796924789	-0.432203583495203	-0.838150107570506
 0.34097955247347006	-0.4870360113360861	-0.8040701887626652
 0.3478566010928499	-0.5395389158603069	-0.7667421622347469
 0.352506933798124	-0.589944147854546	-0.726432904015518
 0.3544134015404411	-0.6381520975603162	-0.6834859480544592
 0.353930371903133	-0.683536399767385	-0.638366103452832
 0.35141770098466685	-0.7258821658949707	-0.5912703955638888
 0.34715926590994406	-0.7651737630939313	-0.5422080379020041
 0.34147077401363984	-0.8014883717385727	-0.4909318694710878
 0.33478142630117996	-0.8348984495448888	-0.4368821071539649
 0.32722784104355207	-0.8651323134098792	-0.38008948991000313
 0.31961310148143196	-0.8920089746357388	-0.31963644118078594
 0.3125290642082151	-0.9140434635580732	-0.2585539223293641
 0.32502129622441084	-0.9189565746625056	-0.2233382432212599
 0.349343258309584	-0.922194765478751	-0.165879782967168
 0.409930584009294	-0.904896893884404	-0.114536141598
 0.43635114902871414	-0.8982017459830313	-0.053209945070028214
 0.460340164318976	-0.887726979790913	 0.00526711174007014
 0.4820235037642202	-0.8739284747565673	 0.06246889488797393
 0.501480518284564	-0.856976036701314	 0.118782836726327
 0.5187188833280891	-0.8369719242046052	 0.17438095702255202
 0.533677064444241	-0.813993549952619	 0.229354074569673
 0.5462824520974309	-0.7880793280040018	 0.2837365949312479
 0.5563842346621342	-0.7592186613307322	 0.33767381850922706
 0.5636901387324811	-0.7273701750617592	 0.3913899026883321
 0.5677809140758067	-0.6925835488710346	 0.4449189380600077
 0.5677995011092408	-0.6553524547442786	 0.49811332706598577
 0.5627064322331132	-0.6169035932188742	 0.5502648705824522
 0.5541093141207639	-0.5771564380447229	 0.5998777492357459
 0.5431003703590411	-0.5357425849997591	 0.6465461084359322
 0.5216549899565641	-0.4965643308449091	 0.6937578372789491
 0.4959007871002632	-0.4601861201069512	 0.7364177783121822
 0.524495509788606	-0.402735493290218	 0.750139042215425
 0.550708374944858	-0.347633716677423	 0.758861703339044
 0.5746363380113396	-0.29282089600160677	 0.7642309872687274
 0.596437069858486	-0.237419324765941	 0.766743037742312
 0.616079602300488	-0.180840708201133	 0.766643699437089
 0.633425824809514	-0.122740970750531	 0.764006792223475
 0.648326438788025	-0.063115623921833	 0.758741884164434
 0.6606745428931137	-0.0021645832182148692	 0.7506693432880197
 0.670071493465559	 0.0604251752377922	 0.739833083771142
 0.6766616424798334	 0.12272219988103408	 0.7259946854163974
 0.6629261377405743	 0.18891281248716507	 0.7244590293305443
 0.6629562084507193	 0.22630479287455912	 0.7136352054086523
 0.6371133803131841	 0.28569652020385705	 0.7158659364499161
 0.605377038657407	 0.345159128570929	 0.717205561209996
 0.5955053246798301	 0.4129235823013511	 0.6891063223170931
 0.5897353839447229	 0.4457727598477679	 0.6734232127728259
 0.552469004501701	 0.499146776528074	 0.667555611575944
 0.5376017800082928	 0.5602296548460519	 0.6301801805539339
 0.5293671392856563	 0.5895895024628333	 0.6100447937898902
 0.5435247792472848	 0.6269236063799667	 0.5581644973551497
 0.555494015903928	 0.661804981905647	 0.503428807498928
 0.5647723480602488	 0.6942539653032167	 0.44614305612356375
 0.5707803105767569	 0.7243100815641278	 0.38676186834080195
 0.5728316084974733	 0.7521547990287354	 0.32577155585508116
 0.569713315988092	 0.778177333106908	 0.264323241173516
 0.562176314579466	 0.801693506388857	 0.203089421535907
 0.551175995831678	 0.822193124396769	 0.142138973591473
 0.5372306830438692	 0.8394891521280173	 0.08149329208959534
 0.5207217476199381	 0.8534647142642632	 0.021138662716862204
 0.5019497744145411	 0.8640190345755813	-0.03895551124387691
 0.481130454135051	 0.871065172557327	-0.0987874043665179
 0.458410000068266	 0.874523008873129	-0.158334389154415
 0.4338663717826791	 0.8743002389541472	-0.21762137670931006
 0.40731015409716986	 0.8702872254031357	-0.27694509143411694
 0.37506304384274713	 0.8631420252841372	-0.33810287980407905
 0.34352874677406314	 0.8521361792077853	-0.39478086608269014
 0.2976796282482491	 0.8417560177065183	-0.4503705647362492
 0.3051579037462549	 0.8217706825457777	-0.48121886817688075
 0.32936590818099	 0.778835962982403	-0.533790821664615
 0.3418085177630322	 0.7552840801573225	-0.5592073814297753
 0.36362687680991584	 0.7044002120573947	-0.6095866105115528
 0.3749561623225391	 0.6767841177036842	-0.6335385815878932
 0.3641694615296431	 0.6338455757118131	-0.6823638248323031
 0.353198777803248	 0.587966879015433	-0.72769881993799
 0.341660255937433	 0.539558767081514	-0.769509328324384
 0.32909864980225007	 0.48879761018185514	-0.8079424329609403
 0.315182337471285	 0.435922490582394	-0.842989724937724
 0.2996096469085872	 0.38113276916361727	-0.8746267042281436
 0.28220595851441016	 0.32462941191073225	-0.9027599580738256
 0.262866494972022	 0.266582742687161	-0.927272800810266
 0.241492350438206	 0.207150736270239	-0.948034818528586
 0.21797771651909495	 0.14656390855041196	-0.9648858667280538
 0.19242222943647005	 0.08514430515455372	-0.9776114427104702
 0.16553402557389502	 0.023106615150997104	-0.9859333500361802
 0.203132775601003	-0.0270237019751807	-0.978778215434012
 0.21111868489171498	-0.10297599774902598	-0.9720210104607748
 0.1887579395167819	-0.1653541863510079	-0.9680022899381876
 0.229862194763377	-0.215942664433881	-0.948963717481211
 0.2367321703787931	-0.2523964018839711	-0.9382184904507964
 0.254312187899761	-0.318839630488389	-0.913053449210759
 0.288206125866238	-0.370597482210652	-0.882946620805754
 0.296573578717714	-0.441343118098176	-0.846912253137211
 0.304733657567775	-0.497554237738508	-0.812143570099412
 0.31113561551923297	-0.5493013306023818	-0.7755402484422848
 0.31609385496505105	-0.5999309519407481	-0.7349609021960292
 0.3176412583623461	-0.6483481013641321	-0.6919167366406961
 0.31669567260969794	-0.6937843284037699	-0.6468130770258289
 0.31382777344870394	-0.7361201971527669	-0.5996992445851509
 0.3094576290664371	-0.7754074793098383	-0.5504354792734042
 0.30400504756209906	-0.8117275734298021	-0.49867752866008613
 0.297705632687003	-0.844971421930397	-0.444291179731665
 0.29083977940752404	-0.8750045789103722	-0.3870131904729671
 0.28351050420967494	-0.9013614418445218	-0.32736729396618197
 0.277081344639278	-0.923762835114312	-0.2643636754822
 0.317010944665994	-0.929180885374869	-0.190070889975159
 0.34967955682328494	-0.9283371780698467	-0.12615185830254297
 0.37872614880146716	-0.9199846681601465	-0.10096887918697504
 0.40417750181923484	-0.9138153112515496	-0.03977592167877428
 0.42746537765897913	-0.9038073151311842	 0.020141698494088804
 0.448647029890509	-0.890291603885803	 0.0780813845988233
 0.4677324713914832	-0.8735571683350724	 0.13462618191282705
 0.4847046714330331	-0.8537758881794822	 0.19007397048078906
 0.4995255251806769	-0.8310410570891308	 0.24463239999057595
 0.5121304394752495	-0.8054002737349096	 0.29841717784105626
 0.5224794643668508	-0.7768419545548066	 0.35147089062736986
 0.5303530344012067	-0.7452531722670517	 0.4041328594996068
 0.5351879915867681	-0.7105273901603472	 0.4568639201044961
 0.5357209497028683	-0.6731296207274025	 0.5098034697300914
 0.5301335354854461	-0.6349198082520803	 0.5619922345040391
 0.5210317838153263	-0.5955238385289353	 0.6114550171500613
 0.509732730704597	-0.553771982870853	 0.65841410543496
 0.4899703079883131	-0.5292323433050331	 0.6927064487138122
 0.4674623880715218	-0.4832354974752068	 0.7402448039117596
 0.4959485674406342	-0.42720365303213015	 0.7559973923827953
 0.522666525212049	-0.370716796381223	 0.767716588529651
 0.547400023752154	-0.315519596100665	 0.775113281058075
 0.5701589411521252	-0.2603976204016501	 0.7791738324106153
 0.5909404225991104	-0.20460428330866215	 0.7803374296995715
 0.609613203998087	-0.14759451405204	 0.778837339200509
 0.6259748950372522	-0.08904986491507623	 0.7747422489716871
 0.639852536084006	-0.0290246829493819	 0.767949412296509
 0.6511415745217469	 0.03218890865303319	 0.7582733834766108
 0.6591501567876422	 0.09535281409560395	 0.7459416275090672
 0.662993851088723	 0.155697072337079	 0.732255129776642
 0.638631406516791	 0.249823590044366	 0.727831093364202
 0.6092888056527203	 0.3103553881105681	 0.7296894437889453
 0.575874303186835	 0.36811951537287	 0.729970416750378
 0.5707997880898038	 0.40195661302402186	 0.7159738006120697
 0.5591028705984092	 0.46747602982257724	 0.6847409303013363
 0.520680008393847	 0.519349156936252	 0.67761993923481
 0.5132509042853812	 0.5498217749740072	 0.6589912935803254
 0.4968234060758842	 0.6084666586463622	 0.6188172819911292
 0.511242840364733	 0.645808368137085	 0.567064643422525
 0.5235084101375371	 0.6805147370357991	 0.5126779078450381
 0.5330886626966868	 0.7127780938868667	 0.4558112181367008
 0.539419854942365	 0.742712530565592	 0.396742129140343
 0.541761705238803	 0.770523986865307	 0.335837818599896
 0.5383564166332352	 0.7967400711177823	 0.2745498638591061
 0.5303672262756741	 0.8204065452098472	 0.21364387627425904
 0.518979178145547	 0.840967243920045	 0.153083987748217
 0.5047426092511472	 0.8582693106056033	 0.09278302042360044
 0.488033450395554	 0.872213817202401	 0.0326559087490603
 0.469140764754755	 0.882701741663394	-0.0272869586017688
 0.448294873750373	 0.889646448237304	-0.0869534548358344
 0.4256881660092033	 0.8929741879361005	-0.1462418715675611
 0.4015048121346289	 0.8926061138622567	-0.20505660518124394
 0.37596073286030013	 0.8884463733953912	-0.26328039985483803
 0.349373147845812	 0.880236364596783	-0.321126682176595
 0.3113314471413181	 0.8634288348998064	-0.39694253624984016
 0.26003431064047383	 0.8550418687499385	-0.4486485929704297
 0.28140798525050087	 0.8141547179054157	-0.5078992431079288
 0.2948747589045409	 0.7926786918443377	-0.5335816414166987
 0.3172892414493951	 0.7446006996486281	-0.5872796057613792
 0.32858651613182105	 0.7187531988809062	-0.6127191367297231
 0.35213143112934386	 0.6632770781841267	-0.6603536724864397
 0.341208621681644	 0.618950259676075	-0.707444169201381
 0.32990346192401515	 0.5717674998990773	-0.7511628530949254
 0.317856578173813	 0.522074946401126	-0.791457482150429
 0.30465658833643894	 0.4701048783404679	-0.8283633058892068
 0.2899780152232709	 0.41610771421203485	-0.8618393822867507
 0.27356887231678106	 0.36028680042886707	-0.8918259323074512
 0.25529122179473507	 0.3028154618845151	-0.9182206641751313
 0.2350478094413981	 0.2438467458916261	-0.9408991932161834
 0.2127134420652471	 0.18358304457704308	-0.9597136329700534
 0.18820196249116006	 0.12234791086702702	-0.9744798664010202
 0.16187613414458	 0.0604705572465591	-0.984956561935955
 0.13479864449759604	-0.001935019757352631	-0.9908711223666524
 0.17288175888342996	-0.05207189981952379	-0.9835651552869068
 0.17735621685496503	-0.09002366216763752	-0.9800206694722422
 0.15388988632377198	-0.15238167570808897	-0.9762672419966018
 0.19472369852495405	-0.20222723118301805	-0.9597847822302732
 0.207070872760343	-0.273440362788178	-0.939335947173608
 0.21392486019849	-0.307334824603143	-0.927244013070568
 0.25721118837123297	-0.35300723305155995	-0.8995711744992387
 0.27754060580714807	-0.4119866929970211	-0.8678929524553012
 0.28317273220282896	-0.4754049059181469	-0.8329486053567428
 0.28867959503984597	-0.5280892793055919	-0.7986149287924258
 0.2958173289731632	-0.5792779429715714	-0.7595585380112635
 0.298812231010667	-0.629179510371123	-0.717526580920583
 0.2987466423234041	-0.6761880604434283	-0.6734390474380342
 0.2965691573468599	-0.7200649537339328	-0.6273381841676168
 0.29280707469374206	-0.7608495671845581	-0.5791130745582971
 0.28791270281465003	-0.7986439620523942	-0.5284639036256091
 0.282159394687708	-0.833385158356882	-0.475242310637364
 0.27577982118600003	-0.8649452087804782	-0.41930332223142813
 0.2688688275578121	-0.8930110597029585	-0.36088890370290816
 0.26209632631820295	-0.9174334588750488	-0.29936827531832194
 0.2562400267916499	-0.9374339373328338	-0.23570884965667993
 0.29068324310981497	-0.9415610044193248	-0.17019438043611398
 0.31790946594050296	-0.9415007125898818	-0.11184802035873997
 0.375680666863585	-0.924577553074929	-0.0634065051466277
 0.399665484913453	-0.916657449362307	-0.00257307160498057
 0.421504429670183	-0.905051709966032	 0.056704656387066
 0.4413532793912403	-0.8900376013965876	 0.11419435568716607
 0.4591636627204459	-0.8718863518099028	 0.17024370873768896
 0.47492779108546024	-0.8507384744577383	 0.2251391599256021
 0.4885875362504099	-0.8266730203057497	 0.27909485290725794
 0.5000906682502793	-0.7997074363714524	 0.33223085308440115
 0.5094206555986999	-0.7697956572065178	 0.3845845054020979
 0.516260155548624	-0.736764447089269	 0.436638982797178
 0.519690575930767	-0.700535538246679	 0.489051801900559
 0.5171553457531303	-0.6624578378862213	 0.5419409205642932
 0.5090917974448937	-0.6241548439716428	 0.5926687713394908
 0.4988431470028521	-0.5833965399380161	 0.6409399284462172
 0.46625705999154	-0.516185656053657	 0.718440479436189
 0.43839578008958013	-0.4727685234576361	 0.7643945729970453
 0.4658087257320439	-0.4180277066675109	 0.7799199109461118
 0.4914872795440008	-0.36232823335544084	 0.7919333970479857
 0.5155546273722811	-0.30631017555378304	 0.8002359043102473
 0.5380651625531631	-0.25065957607866407	 0.8047705621894372
 0.5588855285907949	-0.19483085363481295	 0.8060321981184858
 0.577829391069258	-0.1382526546506	 0.80436272806402
 0.5946535725795188	-0.08043167769497096	 0.7999486695042297
 0.6090727183798319	-0.021026098800973995	 0.7928356241331578
 0.6208862849136202	 0.039784701920984024	 0.7828904129565143
 0.6298850710722993	 0.10135829058272304	 0.7700462935242224
 0.636668644425757	 0.17202114803978	 0.751705901155595
 0.614092554459376	 0.23862574675885	 0.752295213025671
 0.5840864220996959	 0.2982512565028079	 0.7549100870390277
 0.5502116291047823	 0.35639369452054115	 0.7551494538856933
 0.5399034957778682	 0.4236013737559772	 0.7273692950619284
 0.5339977996122471	 0.4562181667901071	 0.7118365924142651
 0.4952990923468012	 0.5076516233946082	 0.7049600260903124
 0.4804702401772291	 0.5684776487324781	 0.6678184717388621
 0.472299945518946	 0.597767077058301	 0.647771011274799
 0.487799576313607	 0.63659505461178	 0.597325966112382
 0.5012722854495442	 0.6726308301300681	 0.5443288180858391
 0.5123915463850282	 0.7059720869647841	 0.4889359013406021
 0.5205536071247832	 0.7369276135175901	 0.4312326918783481
 0.525297081966304	 0.765629368957978	 0.371314752018681
 0.5248768391042961	 0.7926919169260073	 0.31007068325150505
 0.518704351301023	 0.81784194256283	 0.249159292273922
 0.5087026736721741	 0.8400084671936072	 0.18869913842365105
 0.4956832228473871	 0.8589428453858983	 0.12851198756538101
 0.48006852238855435	 0.8745580008258735	 0.06842891934790264
 0.46215693209626524	 0.8867579837700225	 0.008440872910591873
 0.4422041112989689	 0.8954445742247967	-0.05132775508106309
 0.42043415715576027	 0.9005387955472995	-0.11074744787553607
 0.397045377210587	 0.901975012706074	-0.169693974228846
 0.3722491010941782	 0.8996903468463634	-0.22800852292413712
 0.34638736734580294	 0.8935756187993877	-0.28554930437760695
 0.32043242333054495	 0.8837622423176877	-0.34100932704564996
 0.2729524476943249	 0.8778949660928748	-0.3934429943542869
 0.247950502439749	 0.873327857727823	-0.419307764364563
 0.2337580566844209	 0.8481450254561227	-0.4754021315992978
 0.24524779212195905	 0.8274254076222363	-0.5051937403417431
 0.269863443945428	 0.782572849672626	-0.561028926684871
 0.2811935404005499	 0.7582068838500327	-0.5882622834411768
 0.304969586635948	 0.706017173683049	-0.639166098672089
 0.3170257086551959	 0.6780822401133618	-0.6630981644481577
 0.305872248192336	 0.633895634784163	-0.710365041360672
 0.2944814370865382	 0.5867294899990013	-0.7543402340966303
 0.28236898851326614	 0.5368877276970333	-0.7949964290324275
 0.269175128712088	 0.484694842460779	-0.832235339176817
 0.2545540228822239	 0.4304242878868078	-0.8659891349385457
 0.238262938851165	 0.374302782746316	-0.896174201145274
 0.2201567742254901	 0.31649389957987417	-0.9226931268256805
 0.200126457566431	 0.25715279388253	-0.945421515293745
 0.17800575189631493	 0.1965105695358909	-0.9642082494733736
 0.15362804544684502	 0.13494440249954004	-0.9788709985928812
 0.12733541157340003	 0.07283624068962281	-0.9891817704555802
 0.10024584547523703	 0.010318084734789302	-0.9949091956517242
 0.13868573933145	-0.0395276788446077	-0.989547284525225
 0.14849972903571407	-0.11507597287106006	-0.9821941513489575
 0.12438222888536805	-0.1767358609469941	-0.9763675007868875
 0.16538424170992294	-0.22578903240570494	-0.9600350855251748
 0.17132034505785199	-0.2616716561477959	-0.9498301341493268
 0.184795134711044	-0.33149725016779	-0.92518124241595
 0.22436545027169005	-0.37167619289839204	-0.9008423571063582
 0.24476333091421312	-0.42783523983000116	-0.8700850069960894
 0.24525220616913496	-0.4831376965579119	-0.8404934988052478
 0.25013632788317997	-0.5358275958611108	-0.8064245810903958
 0.259320983647042	-0.587530297160117	-0.766525131590136
 0.2617010907626141	-0.6378073486697633	-0.7243716760589863
 0.26100791958838604	-0.6848543223639472	-0.6803303778691361
 0.25841513637488694	-0.7286508718583108	-0.6342629771888568
 0.2545649955134171	-0.7694079277715153	-0.5858396570236574
 0.249793405314161	-0.807150359805159	-0.534893962695372
 0.2443126847647939	-0.8417722107878867	-0.4813843134215038
 0.23825470423560688	-0.8730724182793537	-0.4254165586215998
 0.231915118011301	-0.900905064496305	-0.366858886770803
 0.225799046527771	-0.924969238456928	-0.305690527323894
 0.22097118043403488	-0.9450321656733456	-0.2410102555086309
 0.2744274322887001	-0.9403832343082734	-0.20092027533164009
 0.2876376812827191	-0.9480850872024315	-0.13564376775458206
 0.31485205865947685	-0.9462906502173716	-0.07349956781555607
 0.3433464620471861	-0.9378945026810742	-0.049669999399038406
 0.3663386641735271	-0.9304109693402142	 0.011463475169368603
 0.38744286161137986	-0.9191465402965677	 0.07111727249575418
 0.406572565283827	-0.904449914014998	 0.129108877296611
 0.423842084037848	-0.886553491558867	 0.185420587862394
 0.4392389982965752	-0.8656417709458804	 0.2402778116453981
 0.4527345782428102	-0.8418054879094393	 0.2939301314749061
 0.4642752993865341	-0.8150468585130443	 0.34662236628290705
 0.473822587025633	-0.785317740565969	 0.398457277981841
 0.48137524766400425	-0.7525364649820193	 0.4494070980845592
 0.4860615965727609	-0.7164174066735389	 0.5004899836683049
 0.483826730218376	-0.67828000068918	 0.553035203030766
 0.474007463033705	-0.640937069406211	 0.603752099830161
 0.4669018854221909	-0.5993282050864889	 0.6502371351876259
 0.4601101071269928	-0.5497458548399897	 0.6971930754144336
 0.40873343888596697	-0.4947355242245289	 0.7669248574708819
 0.43682169573483903	-0.44072853167335513	 0.7841843963663061
 0.46300837953407786	-0.38574954945761186	 0.7980103543027978
 0.48759472338961	-0.329920849149371	 0.808333853688665
 0.510675222821322	-0.273791682210737	 0.815014681799419
 0.532277130599058	-0.217844882359806	 0.818061527924933
 0.5522268313196589	-0.16166169198957897	 0.8178698087799278
 0.570298216001495	-0.1047181561902	 0.814735572188693
 0.5862255512484877	-0.04652208841125098	 0.8088110399551076
 0.5996878981391253	 0.013345234431437205	 0.8001226965556273
 0.6103904580879114	 0.07461808739269304	 0.7885782330936395
 0.6196914215307642	 0.13755106954106106	 0.7726980298598484
 0.6132822721179298	 0.20226148364403296	 0.7635280917818178
 0.5869786759901781	 0.26181995955254406	 0.7660981286445762
 0.554500946605158	 0.321879398841186	 0.767412765606372
 0.519190408807592	 0.377472099221505	 0.766782976931228
 0.5139097953384419	 0.4110667640371729	 0.7529414570597158
 0.50197434212479	 0.476156205077944	 0.7220090222526
 0.4622827607160491	 0.5260180428637611	 0.7138624991737041
 0.454904157749039	 0.556370766577146	 0.69535154947767
 0.4386725300880598	 0.6148730936085928	 0.6553605802169817
 0.4543863524579489	 0.6539884369328078	 0.6048406129371139
 0.46792780109669424	 0.6904152239807594	 0.5516977355911572
 0.4790620404054229	 0.7236902857950748	 0.4967614434398429
 0.4874822432754419	 0.7541597496818567	 0.4400046982146239
 0.492842078824868	 0.782437289024164	 0.380655453243612
 0.4925081618230871	 0.8094806370167482	 0.31965107356710604
 0.485727001934672	 0.834751056677205	 0.259345238953494
 0.4752902530081481	 0.8568871101757962	 0.19960875684704704
 0.4620566660871141	 0.8757526022415202	 0.13986070567413403
 0.4462954488400169	 0.8913111251983178	 0.07990525916606948
 0.4282217617939071	 0.9034531628206972	 0.019962597912128704
 0.40811969718214985	 0.9120621993550656	-0.03975999597020568
 0.386246293636985	 0.917055869318721	-0.0991076848674056
 0.36281021682793985	 0.9183812737845916	-0.1579385403473589
 0.33801216972249304	 0.9159884683839882	-0.21613167030088007
 0.311999924627118	 0.909893388653945	-0.273404587226538
 0.287153349745195	 0.897735508065736	-0.334086682296779
 0.26300085952376506	 0.8946342070996323	-0.36119272331675406
 0.21120518681349007	 0.8856390165934884	-0.41356486957960714
 0.19685087465131793	 0.8597516023384477	-0.4712503744565968
 0.220560976553299	 0.817910519631058	-0.53138991098694
 0.23268597864808205	 0.7950541398246013	-0.5601304759503342
 0.257077781244921	 0.746176503076047	-0.614110446619654
 0.2692796613885381	 0.7198477314622472	-0.6397716057087333
 0.293692582015272	 0.663610451944543	-0.688015868522785
 0.28244853867159686	 0.6179156476900036	-0.7337595487229606
 0.2707344892958301	 0.5693442285546872	-0.7762409327761544
 0.2581266791356219	 0.5182091472015388	-0.8153710181721386
 0.244274462838624	 0.464832096676466	-0.851035315779705
 0.22888254190122007	 0.40947798439426614	-0.8831424360256083
 0.211767954810249	 0.352346072532701	-0.911595622239524
 0.19281515210658906	 0.29358887765504904	-0.9362840851127192
 0.17188119810063107	 0.23339303370805312	-0.9570708153297974
 0.1487348947072	 0.172074359079414	-0.973790709569488
 0.12333116240593398	 0.11008106055931197	-0.9862411391164628
 0.09646557642437267	 0.047693244034963785	-0.9941930129700848
 0.06947738396963507	-0.015022587486635094	-0.9974704080733136
 0.10860066724396802	-0.06479114828002681	-0.9919717748901532
 0.11366122002171403	-0.10239894637932302	-0.9882285074028072
 0.08914210181241192	-0.16431063666470203	-0.9823724855487892
 0.13004526843927305	-0.21339549514435707	-0.9682719611806655
 0.14204493857693706	-0.28550160208688113	-0.9477932636553704
 0.14871562406524902	-0.32082634274953603	-0.9353898229919122
 0.189978089714946	-0.364961437009626	-0.911433746864866
 0.22538022469813696	-0.40404934796886793	-0.8865370148622957
 0.224590524498974	-0.458764504318095	-0.859705894991449
 0.228089269131613	-0.513234493028881	-0.827384820064034
 0.2376860313886121	-0.5650460108376352	-0.7900812338735853
 0.24255505263469418	-0.6169392485626805	-0.7487008815436884
 0.242750701751627	-0.665671281406781	-0.705658445644454
 0.24073442845134194	-0.7109910143965338	-0.6607107630465798
 0.2373823808057461	-0.7532320384702723	-0.6134257098499493
 0.233070890885547	-0.792474721428396	-0.563614917934935
 0.22800815696980112	-0.8286299153895573	-0.5112580010882273
 0.22233609848556607	-0.8615227416461162	-0.4564484910006561
 0.2162856043893921	-0.8910002987438814	-0.39917290109954817
 0.21023779312339091	-0.9168332981287556	-0.33943596418905686
 0.20509288170899898	-0.9387593818988318	-0.27688938724556095
 0.20092967341216095	-0.9562863444139278	-0.21247045401638595
 0.21614715324110406	-0.9598983701132052	-0.17853718716216802
 0.25726011560037615	-0.9584212911074916	-0.12347413361967809
 0.28133191180538814	-0.9577223486877045	-0.06016858170201993
 0.338361325905318	-0.940939264189557	-0.0120380329792815
 0.36007025215874816	-0.9316613205672124	 0.04854479652129182
 0.3797555849698098	-0.9188217312694755	 0.10748172789456496
 0.397607156356112	-0.902639253847638	 0.164775382347564
 0.4136745181162111	-0.8833385804630932	 0.22042310524708605
 0.42796015921311314	-0.8610632908566923	 0.2746272223675761
 0.440448394065837	-0.835856448166579	 0.327641893266377
 0.451070447371954	-0.807679020306581	 0.379723651705114
 0.4597752173421239	-0.7764605440304898	 0.4309475293836579
 0.46654532139822	-0.742126890167993	 0.481230861407511
 0.4693707297077131	-0.7046378347095781	 0.5321434392994491
 0.4616689655214531	-0.6676082711084701	 0.5840898583453671
 0.4522342436594041	-0.6299075242471922	 0.6314275095041232
 0.44821784370638723	-0.5840114774326343	 0.6767801406735783
 0.43605202675674887	-0.5364466032703209	 0.7225535771145739
 0.3775559795021271	-0.4857540642691781	 0.7883492064993562
 0.404639751777627	-0.43139376463265	 0.806328773588919
 0.43039946761764186	-0.3765775861432689	 0.8203326275901498
 0.4546505047358923	-0.32087394932139324	 0.8308627005650756
 0.4774406074820079	-0.26451991055228297	 0.8379019532431128
 0.498834522906724	-0.207945766009322	 0.841381410036624
 0.5187772738317681	-0.15139496427599403	 0.8413974714411432
 0.537065271568763	-0.0945527107797961	 0.838224718651844
 0.5534645439789168	-0.03693773376521668	 0.8320532449203597
 0.567707250688111	 0.022014908894281	 0.82293609794596
 0.5796813754809607	 0.08343792062917224	 0.8105600633645734
 0.5885652582619018	 0.14621070811133094	 0.7951184601055896
 0.5807431127668053	 0.1852151088018901	 0.7927375356607166
 0.5605525862586772	 0.2513777701766351	 0.7890437343390614
 0.5283113323454252	 0.3079177328606161	 0.7912482580741522
 0.4920924876591311	 0.3647248723736621	 0.7904560399297762
 0.48156056387277724	 0.4309577992051802	 0.7631348495690393
 0.475601528768117	 0.463272805533704	 0.747784389704921
 0.43579692411240684	 0.5123442898296968	 0.7399894388523857
 0.42110205087778185	 0.5730784494893898	 0.7030321141152537
 0.413036756404906	 0.602349244921545	 0.683063704936047
 0.429801652071337	 0.642963717065343	 0.63393075206545
 0.4445830678847839	 0.6808886853771507	 0.5820107334710669
 0.4568909308256139	 0.7161424193820749	 0.5276274372044089
 0.46655255633543	 0.747914308221474	 0.472178885311986
 0.473781618779373	 0.776751311340573	 0.414955874807789
 0.47732071470580123	 0.8039610852102553	 0.35469918068737016
 0.472983310641398	 0.830464473475642	 0.29430519218921
 0.4639004003442851	 0.8541854015245992	 0.23486957738854006
 0.451929037996855	 0.874626430251695	 0.1754672394506
 0.43737570875500825	 0.8918135658571346	 0.11563327005769908
 0.42035070649185013	 0.9056536520623362	 0.05564841469400091
 0.401136077766959	 0.916008789032584	-0.00421254421928158
 0.38003522594928313	 0.9227712601806932	-0.06376855355277171
 0.357289145299545	 0.925874829286843	-0.12288314426389
 0.33309367340495694	 0.9252675303456058	-0.18146239837976197
 0.307597118520328	 0.920897678543879	-0.239439926349984
 0.281821124735074	 0.911531124064429	-0.299479320679903
 0.227488108818565	 0.907277775063191	-0.353689410673459
 0.201058298974591	 0.902781739859062	-0.380211376198147
 0.1856852627376651	 0.8788203182468286	-0.4395404775883413
 0.17193300709519307	 0.8506417760826593	-0.4968376091381802
 0.183937236726288	 0.829536600673554	-0.527291305720531
 0.208377166963417	 0.783570770428472	-0.58531684070974
 0.22092218763228194	 0.7589627790167708	-0.6125103158959099
 0.24558204149877094	 0.7058449864887509	-0.6644338311239059
 0.257939690277092	 0.677558020637725	-0.688754125105067
 0.24669701064169794	 0.6319243230990309	-0.7347191537017949
 0.234991736847657	 0.583305995937446	-0.777517201556818
 0.222418696788039	 0.532049351989	-0.816978219028632
 0.20861259222438894	 0.4784807766159729	-0.8529577555626048
 0.19330202387400008	 0.42289317365140217	-0.8853223657206793
 0.176324069163438	 0.365499590731326	-0.913958353432409
 0.15757138746331903	 0.30646205921610303	-0.9387503736957502
 0.13687574625788598	 0.24597387357751194	-0.9595633817542337
 0.11392869494325795	 0.18437195752491292	-0.9762311374602626
 0.08857803318846681	 0.12216593193124303	-0.9885491475449433
 0.0616789541883839	 0.0596697318787684	-0.996310809791675
 0.0345880625506177	-0.00305015619949182	-0.999396999433235
 0.07382726179230299	-0.052506936668638884	-0.9958878235112257
 0.0837961170481637	-0.12726166814431	-0.988323165057249
 0.0592812597066091	-0.188880727532015	-0.980209060871493
 0.10043191278671397	-0.23747856914284995	-0.9661870212810078
 0.10645321659909104	-0.27350910375662313	-0.9559605027604204
 0.119043198384186	-0.343861615391852	-0.931443989930994
 0.15968731889734905	-0.39024603322080403	-0.9067568548066253
 0.20448557008483206	-0.4330270398304381	-0.8778799658283413
 0.186362576868775	-0.461896862672623	-0.867133368171251
 0.18988655564799	-0.520491774026717	-0.832485080439682
 0.20178912512008906	-0.5713058293386791	-0.7955443409055922
 0.20537796295450894	-0.6239982239431309	-0.7539536516580277
 0.20454445098635513	-0.6724633202018995	-0.7113048928228515
 0.202147738526971	-0.717693083791448	-0.666372965602862
 0.19872285557333905	-0.7599458604510042	-0.6188630832875401
 0.19446686322405293	-0.7991654687680888	-0.5687857176797589
 0.189525020018462	-0.835221223570874	-0.516222601678553
 0.18405825807997	-0.867959561609872	-0.461268638693946
 0.17830973888512203	-0.8972058483335792	-0.4040139882909281
 0.172740632783362	-0.922776972322387	-0.344446415480162
 0.1679844137140961	-0.9443575708823564	-0.2827897011319661
 0.16494598386724096	-0.9617336211708808	-0.21877217445464295
 0.2303554692603841	-0.9620569415136645	-0.14622858498666305
 0.25223219356073395	-0.9638346199395178	-0.08603340012800828
 0.27659623122392796	-0.9607362787715378	-0.021916375725417197
 0.30462963102678603	-0.9524688729974983	 0.0019580274155070903
 0.325330761950064	-0.943537063228721	 0.0624316077216638
 0.3442217979943619	-0.9309963385643858	 0.12147909847062797
 0.3613704349250631	-0.9150896921384325	 0.17894765744222504
 0.3768636641394189	-0.8960178830661598	 0.23478869622928794
 0.3907954681031769	-0.8739074445417678	 0.28907556189428396
 0.4031916469064019	-0.8488022190417007	 0.3420106559959619
 0.414013981236962	-0.820657492579122	 0.393844770454133
 0.4231318074973819	-0.7893252485198428	 0.4448877673448519
 0.4304387837361639	-0.7546362376689928	 0.4952237900712359
 0.4344153374728021	-0.7172639135723952	 0.5448080330310882
 0.4242772100278061	-0.6887343718794121	 0.5879062969920401
 0.41881328283335917	-0.6456815328427113	 0.6385066892901213
 0.4123775584356721	-0.5974735521526711	 0.6877282194128022
 0.4074560287313621	-0.5266469325591281	 0.7460714396601231
 0.3476237050985262	-0.5082643328883393	 0.7879245697191734
 0.37486441439972007	-0.4542384651011901	 0.8081733029736072
 0.401074379343368	-0.399524106008107	 0.824329928458718
 0.4259559147877652	-0.3442047798857082	 0.8367106000052523
 0.44937030872128286	-0.28808988450646794	 0.8456184388273408
 0.4713711126521471	-0.23142986312624206	 0.8510284910685693
 0.4919879766450491	-0.17459920364387402	 0.8529143854594292
 0.5111416570568648	-0.11775941341304094	 0.8513911715385467
 0.5286393644821651	-0.06060737956244611	 0.8466800859016742
 0.544266720870513	-0.0026656828595455	 0.838907998941333
 0.5580071745606227	 0.056861691901223366	 0.8278857053561205
 0.569131001481316	 0.119041489353248	 0.813584062629938
 0.5625306603636951	 0.21614652362748907	 0.7980225162703972
 0.5319474237201061	 0.27156144896895007	 0.8020513187018812
 0.4966378851530531	 0.3309812782319271	 0.8023728587699502
 0.459584000486812	 0.383095160878719	 0.801261907373517
 0.45433170434346	 0.416282161625919	 0.787586099636363
 0.442437139556803	 0.480948264709434	 0.756926775992089
 0.401930500879111	 0.528511841412488	 0.747748023033059
 0.3945937054082412	 0.5589830565428302	 0.7292693262096174
 0.3785180921558158	 0.6176690051335828	 0.6893540846386648
 0.3954377984643391	 0.6585401232139663	 0.6402763884940712
 0.4104437208311731	 0.6967072179379591	 0.5883323928727802
 0.422945200551388	 0.732282330095139	 0.533741460223
 0.4316057879113539	 0.7655818818784937	 0.4770752833471919
 0.43882494721853776	 0.7930819501044657	 0.42243778964143985
 0.443844013174122	 0.818992745864319	 0.363666570076372
 0.4387373360942103	 0.8454376508023496	 0.3045401919661192
 0.4292141409386131	 0.8689815062878942	 0.24626482279844805
 0.4173075586235462	 0.8893160802651795	 0.18700617876806308
 0.40272461883952	 0.906453285632377	 0.127103589039931
 0.38554532665745916	 0.9202501923748054	 0.06704017099267383
 0.36612609622508696	 0.9305381073086878	 0.007107215301601469
 0.34482736938765984	 0.9371946500237356	-0.052538303056668276
 0.3219196912304161	 0.9401399258771023	-0.11182411264977803
 0.297610913461244	 0.939278238729899	-0.170833645507034
 0.272387451096053	 0.934112393536282	-0.230736023904621
 0.24736302515445205	 0.9239454078422372	-0.29178145436898506
 0.218869278370076	 0.9221672940757	-0.318910207931423
 0.1655923531470381	 0.9131453571483645	-0.37248453564894823
 0.14962400570914003	 0.8892001590344663	-0.4323606527988311
 0.13548515067199202	 0.8609334420475312	-0.4903441468107661
 0.15943734153242498	 0.8183399109976378	-0.5521770768453279
 0.17176702059469204	 0.7951991056228013	-0.5815105098385751
 0.19691020067499	 0.745398573296034	-0.636873095520899
 0.20940871861019894	 0.7186671483961898	-0.6630727851345759
 0.234380557382875	 0.661870088537734	-0.712034929072967
 0.2229850275139271	 0.6147104723770113	-0.7565769707403504
 0.21092179169153005	 0.5647032365298151	-0.7978861149577592
 0.19780402236799513	 0.5121911189165064	-0.8357833609483376
 0.183307940386593	 0.457495715820481	-0.870112561107545
 0.167231264994606	 0.400880444827176	-0.900737793679975
 0.14946402796493602	 0.34253100475048703	-0.9275413818957722
 0.12988322469063296	 0.28261475694204696	-0.9503995197297558
 0.108228595835507	 0.221385472237571	-0.96916203171896
 0.08411825116468173	 0.15930292413510005	-0.9836395163793502
 0.05781480377446907	 0.09687382116052876	-0.9936160783915876
 0.030613652818026985	 0.03424277389662589	-0.9989445613731536
 0.0038052567623387016	-0.028490764111715514	-0.9995868128288324
 0.04359157817922099	-0.07778065811038018	-0.9960170397818308
 0.048585569580454686	-0.11501370967961998	-0.9921750294248868
 0.023816911405564897	-0.17677214555872195	-0.9839635985572158
 0.0649543699941788	-0.225421726500631	-0.972093604052683
 0.07711432914007577	-0.2975068970757399	-0.9516002450785945
 0.0834120887220089	-0.332906650299761	-0.939263320715349
 0.124761014827174	-0.378150750318548	-0.917298587817954
 0.169322568521641	-0.428537840760925	-0.887516302287005
 0.17041089266514298	-0.4958448252568999	-0.8515268856160818
 0.16999700133253204	-0.5483170371785421	-0.8188097741708342
 0.186293134416915	-0.601326626387988	-0.776982082461341
 0.18609900165960291	-0.6515191260282827	-0.7354522350232147
 0.18415600626429107	-0.6982757159108574	-0.6917352021734663
 0.18115842566885007	-0.7420586057037584	-0.6453918581065133
 0.17729328605640693	-0.7828183950041707	-0.5964582560099367
 0.17270766313141703	-0.8204500630321352	-0.5450080340382611
 0.167538161618819	-0.854806553870068	-0.491158548599294
 0.16198607394398098	-0.8857259638056838	-0.4350287678863409
 0.15640311391505796	-0.9130521197833478	-0.37666150920529295
 0.15130597739147703	-0.9365427699991983	-0.31621850225412007
 0.14749417159041606	-0.9559744991726075	-0.2536892316960641
 0.14405139264803	-0.971008112530087	-0.190768031066322
 0.19554305673088107	-0.9699933461743464	-0.14448467511067806
 0.22078173397385106	-0.9727591212959632	-0.07067614787893502
 0.24203996791203	-0.970227935686581	-0.0086259345290417
 0.2977543155513232	-0.9538368912322817	 0.039211637238194326
 0.31713747615478594	-0.9432013983362728	 0.09896940635707707
 0.3347745983982499	-0.9290826508382988	 0.15726218928455293
 0.35076286063953005	-0.9116911687190582	 0.21397342936834807
 0.36524107592880894	-0.8911671701885348	 0.26910970111187993
 0.3782984004472599	-0.8675911742708737	 0.32276287665456693
 0.389949261232186	-0.840962152303161	 0.375129620342233
 0.400151595329651	-0.811169426114764	 0.42647727124875
 0.4087758614422592	-0.7779093659739343	 0.4772413576296282
 0.415613118113513	-0.740664991916416	 0.527902553319662
 0.3905672355235571	-0.7012643295434972	 0.5963938083560191
 0.4033793552750388	-0.6754482094887546	 0.6172963729330747
 0.4001127910747539	-0.6297667431822329	 0.6658104862496639
 0.4046277128699048	-0.5577781130753607	 0.7246792328691087
 0.34954050255689206	-0.5398756098663561	 0.7657387040914843
 0.314805552624976	-0.500499198341271	 0.806472576406804
 0.341326265465174	-0.445687189505073	 0.827562269327612
 0.367183861999517	-0.390607663593545	 0.844157369587633
 0.39182355753524983	-0.33489033569484383	 0.8569263462040456
 0.4151034344214091	-0.27856732991036803	 0.8660770066444202
 0.436991586276664	-0.221653074154945	 0.871727175348496
 0.4575075524446636	-0.16439217372816187	 0.8738775959326472
 0.4766421336925431	-0.10704214184399202	 0.8725561622374062
 0.49431540299016713	-0.04962920677336971	 0.8678647499476603
 0.5104934858564159	 0.008216048924320738	 0.8598423677850717
 0.5250278004446808	 0.06688277079192627	 0.8484530062009417
 0.5383231430031092	 0.12732020990403206	 0.8330652782689043
 0.547431212443154	 0.190166264352342	 0.814957581439239
 0.503987367290932	 0.262985793107196	 0.822699949091365
 0.46860831728787	 0.315203542377136	 0.825259336112919
 0.4317965787038328	 0.36606248843192185	 0.8243482086974496
 0.421199080090305	 0.432949097326302	 0.796960735579502
 0.4152275226339249	 0.46546511913113187	 0.7816190423214717
 0.374735230896565	 0.512785988921501	 0.772414420043215
 0.36002658390962405	 0.5740180831774881	 0.7354482300363561
 0.35199030786478397	 0.6034791087548589	 0.7154829057816099
 0.3697695844192889	 0.6458232755124369	 0.6679691244696669
 0.3858768772570559	 0.6854051430892419	 0.6175101824465399
 0.3998682856381337	 0.7223385767667515	 0.5642094776369887
 0.4108373174670339	 0.7568502869646678	 0.5083211009765299
 0.416659448981978	 0.78953702737914	 0.450584271775376
 0.4243510418982542	 0.8134869318293704	 0.3976998931137692
 0.4248743632526239	 0.8393785308455338	 0.33900657428178393
 0.41661320909601	 0.864439473165289	 0.281385556204369
 0.4060416669967719	 0.8863268267620907	 0.22260934577039995
 0.39285592427814486	 0.9050633671929508	 0.16286351379275396
 0.3768871642440289	 0.9205421065251918	 0.10275356705368897
 0.35843492319438586	 0.9325794861443466	 0.04266037807358408
 0.3379231487731719	 0.9410160720256697	-0.017224915460003796
 0.3156948940572269	 0.9457458263384128	-0.07682164948547648
 0.29200983791347107	 0.9466642375680913	-0.13622435858308501
 0.26727837429090306	 0.9434247439548812	-0.19624480408428405
 0.24219652990352405	 0.9355338728070862	-0.25713267729572203
 0.18405010636928495	 0.9324165810995105	-0.3110062340792459
 0.15687176152348098	 0.9280443308859028	-0.33782387474401093
 0.13951443890798795	 0.9064488863112535	-0.39860524060939984
 0.124285078770963	 0.880363119591563	-0.457726989435741
 0.11080952768632805	 0.8500386206042193	-0.5149326092365962
 0.12281170155060803	 0.8285921221048632	-0.5462164233598291
 0.147666069662506	 0.78203695976714	-0.605485693826532
 0.16032193644472	 0.756941626965816	-0.633511049675504
 0.18571781913267701	 0.7033057913267421	-0.6861995741348631
 0.19830255987832093	 0.6747922173152069	-0.7108667654325469
 0.18697461048021408	 0.6276662325925924	-0.7556954383207524
 0.17499535953171108	 0.5776407424408962	-0.7973128600585203
 0.1619586898333189	 0.5250530741959448	-0.8355169968737096
 0.14754604848234001	 0.47023856804535014	-0.8701182981065881
 0.131579157030532	 0.413470503222603	-0.900960081468642
 0.11398061670444798	 0.35494245304518496	-0.9279139367645798
 0.0946333824222256	 0.294823016903319	-0.950854306208556
 0.07323380140466587	 0.2333694111606309	-0.9696264890494496
 0.0492614264920882	 0.171084090696258	-0.984024159139703
 0.02291124494093811	 0.10855872954838104	-0.9938259792811305
-0.00437838905137963	 0.0459337271906632	-0.99893489398243
-0.03135762401711631	-0.016706498743749704	-0.9993685968228773
 0.008399965834409712	-0.06574583070887151	-0.9978010454586532
 0.018436014598440298	-0.13993867115319197	-0.9899885260353298
-0.006150192604831303	-0.2013299060610101	-0.9795041827661525
 0.03531323842231529	-0.24971649042112595	-0.9676748677132648
 0.04148583924673802	-0.2857519329582301	-0.9574052213940705
 0.05440483214545051	-0.35686388949331505	-0.9325707901360242
 0.0964201737083599	-0.402869290320719	-0.910164537332965
 0.13790487774683796	-0.4430566419327769	-0.8858233778428298
 0.13104773271967096	-0.4980463704017489	-0.8571909382854428
 0.12866631491099206	-0.5506649228805103	-0.8247503392640874
 0.14912994422725703	-0.6054435871938632	-0.7817917385471672
 0.14764581155386594	-0.6558043770305938	-0.7403521684969357
 0.14543925926871903	-0.7028592098680981	-0.6963019122241151
 0.14230189760990403	-0.7467921699330241	-0.6496550044934201
 0.13840193212501298	-0.7876112799147138	-0.6004276617005329
 0.133831569046173	-0.825204692530181	-0.548749785013907
 0.128725235685083	-0.859421819344905	-0.494796877649519
 0.12333060399808603	-0.8901660155926662	-0.4386274350759931
 0.11795800028079102	-0.9172894748607642	-0.3803497462591771
 0.11312112750155202	-0.9406063356043243	-0.32009894085076707
 0.10924873108741506	-0.9598315147434436	-0.25843408842700316
 0.10580988619695895	-0.9749400674146016	-0.19569397776272693
 0.157067861612217	-0.975597404916568	-0.153425520591014
 0.19326785312048406	-0.9765350239934772	-0.09500991455768233
 0.21394984983820392	-0.9762861164325656	-0.03302848187896769
 0.23455422015424895	-0.9716810417950538	 0.028640370526781794
 0.262261093671002	-0.963563663513246	 0.0525755180994191
 0.2808318581678949	-0.9531647652300536	 0.11229602736474795
 0.29772495224249	-0.939295779731752	 0.170538239085336
 0.31314150665445806	-0.9220982312411963	 0.22732630457567707
 0.32724046308802923	-0.9016751274566965	 0.2826581749107612
 0.3401392967902169	-0.8780843131193318	 0.3365608382340529
 0.35191793254310294	-0.8513042388640438	 0.3891463242106999
 0.3626645735348872	-0.8211479693790273	 0.44067042048163224
 0.37272577963140024	-0.7869609572630696	 0.49169903898803635
 0.3848014219337311	-0.7453016071080901	 0.5444753255381521
 0.37249973784027407	-0.7289315804561471	 0.5743715664294591
 0.36378464147651796	-0.6881217494243199	 0.6278130235946169
 0.367021954345138	-0.645563276904597	 0.669733484709309
 0.38358192578476513	-0.5837604925992311	 0.7156036567063881
 0.323283779013028	-0.563535961504496	 0.760207089100239
 0.285082891187613	-0.523684348033285	 0.802796642230811
 0.311155631833578	-0.469231477932836	 0.826440556177644
 0.33724790469287896	-0.4139589085441539	 0.8455187004538668
 0.362394531699184	-0.358297183430873	 0.860403005422478
 0.386276955590379	-0.302057327637391	 0.871522509405458
 0.40881417182984126	-0.24526368631236417	 0.8790430575845255
 0.4299826594383501	-0.18797956028826807	 0.8830507332515802
 0.4497935595617481	-0.13042856083389703	 0.8835576632543972
 0.46823826283775677	-0.07280794534223697	 0.8805974859774025
 0.4853280970904042	-0.015046949793194507	 0.8742026238101374
 0.500952036269499	 0.0431168928933323	 0.864400364937838
 0.515292652410443	 0.10215391110775	 0.850904260664618
 0.5275783683840213	 0.16153099341838312	 0.8340076758510826
 0.505711266176581	 0.22926186024168	 0.831682099543211
 0.472326349313777	 0.280489682163861	 0.835603588996323
 0.436410174363535	 0.331714129890394	 0.836368277580545
 0.398880199098091	 0.381835940960478	 0.833724115615168
 0.3934836754095259	 0.4155802834901639	 0.8200387949118297
 0.381419313840113	 0.481072996640275	 0.789359283807623
 0.34023123774752817	 0.5275692235388613	 0.7784044059712073
 0.332833544320017	 0.558376468981055	 0.759893117920951
 0.316697635715152	 0.617614114875438	 0.719899585108272
 0.334534258591074	 0.659934491035612	 0.672735681654012
 0.35080868943890103	 0.6996208635422861	 0.6224659916095872
 0.36509352559025	 0.736583818352464	 0.569342599946101
 0.376463782118217	 0.77118456115615	 0.513370619910844
 0.3824453634904511	 0.8041023779588002	 0.4551427355299211
 0.3820029705250411	 0.8354182972393362	 0.3951581950912481
 0.3895031449968198	 0.8510655746506116	 0.35210039432271384
 0.381051497622836	 0.876671773665725	 0.293677301501471
 0.370689257926965	 0.898679124615353	 0.234446806414885
 0.35755988477254097	 0.9174645850264638	 0.17438366902799698
 0.34146445165174594	 0.9329508906691618	 0.11403799304525797
 0.3227837875180062	 0.9449474592443915	 0.05371150512785932
 0.30203329413753705	 0.9532756568842882	-0.006435155340561242
 0.27963841362002306	 0.9578012693121872	-0.06647620726274882
 0.2559975088100521	 0.9583211724831674	-0.12682983029845504
 0.2315516712775511	 0.9545400406776564	-0.18771556747289508
 0.20694991440566093	 0.9461059060357447	-0.24910910760502594
 0.17744885838969693	 0.9446589958586286	-0.2759189812237659
 0.12138091579448697	 0.9364326942315678	-0.32918153419518986
 0.10375666528560207	 0.9149666851299285	-0.3899622026699023
 0.0882792970300544	 0.889023345430587	-0.449270805856876
 0.07455200348648851	 0.8588274171297362	-0.5068110756114321
 0.09857471349584652	 0.8157425255264352	-0.5699536454019442
 0.11108163621723005	 0.7923410451073143	-0.5998804366984742
 0.13653354490019007	 0.7419179822350983	-0.6564421518711213
 0.14935102063030103	 0.7150012755366971	-0.6829842228174701
 0.174609402092107	 0.657802800301224	-0.732671162675934
 0.1630590076707651	 0.6092049565925443	-0.7760677037994184
 0.150649860518137	 0.557852920652714	-0.816152399031641
 0.137004992926497	 0.504089287294176	-0.852715440430429
 0.12187948457264097	 0.4482294300406119	-0.8855708719722978
 0.10517585401324601	 0.39050640718565705	-0.9145724605954052
 0.08683058924814512	 0.33108889863650404	-0.9395959716657403
 0.0666452747542509	 0.270171280379678	-0.960502934202148
 0.04414105893185908	 0.20812061870764892	-0.9771066343982726
 0.018846395132567004	 0.14560519214096904	-0.9891632531650673
-0.008199629334012361	 0.08302382719908881	-0.9965138284017943
-0.035523784290039016	 0.02041185056330561	-0.9991603560521685
-0.0621749380727735	-0.042050213252113	-0.997179049439517
-0.022073740791552412	-0.09092897818059945	-0.9956127112961645
-0.0170149681506534	-0.127901403600619	-0.99164092383071
-0.04179039944382231	-0.18928378778291202	-0.9810327263638452
-3.1933352390058604E-4	-0.23771252007047905	-0.9713355011672552
 0.012241834403172308	-0.30964813813335124	-0.9507724060157586
 0.018998775026420504	-0.3452161755285951	-0.9383308791150943
 0.06148311669881672	-0.3922266912307561	-0.9178115542131582
 0.10214372114345197	-0.4368002224292729	-0.8937405808827897
 0.11000407776143498	-0.5247135300250279	-0.8441414658009228
 0.1331164479155701	-0.5784502355332354	-0.8047827882763685
 0.12947050315989203	-0.6322935614884881	-0.7638339092444952
 0.12741835061376194	-0.6813829919048918	-0.7207508461802917
 0.12457575756113197	-0.7270284774953298	-0.6752114287679769
 0.12098398880047094	-0.7695009529281457	-0.6270814603355797
 0.11670192292527497	-0.8087420908303218	-0.5764693328399549
 0.11182358650393202	-0.8445961432069272	-0.5235960660484201
 0.10658306036818102	-0.8770121809334612	-0.4684972633184601
 0.10122935041404996	-0.9058833921737586	-0.41125162418951483
 0.09613610379828236	-0.9310521719791336	-0.3519938956848878
 0.09175821313042865	-0.9522769183901364	-0.2911169885535651
 0.08825207723777766	-0.9693963114014656	-0.22909029290751315
 0.08403182017547492	-0.9824478399956382	-0.16653796830123102
 0.13457686793294596	-0.9839416339430948	-0.11725155696514797
 0.15755906494766997	-0.9838083172000978	-0.08541859317928288
 0.17867333156340992	-0.9836900170953956	-0.02073139780362759
 0.19849464115571908	-0.9792281064277094	 0.04137865409199412
 0.25352766511832603	-0.9632144940654872	 0.08911543885218641
 0.27082932160026396	-0.9511770949788978	 0.14803247126575197
 0.28667399236686203	-0.9357190092710242	 0.20554308012992603
 0.3012269712919509	-0.9169444657951188	 0.2616775848520129
 0.31462522694985395	-0.8949209679303848	 0.31642918279655596
 0.326992225453911	-0.869653913494336	 0.369835308261238
 0.338469676552116	-0.8410180932607	 0.422050761002563
 0.3494167545284281	-0.8085446735111242	 0.4734590189146361
 0.361490265327562	-0.77056394916792	 0.524934270472169
 0.33630608155030006	-0.7375605197610691	 0.5855789436122721
 0.325434234904833	-0.717260861118143	 0.616140743548068
 0.34583262515040625	-0.6723696122555515	 0.6544607703269144
 0.34921224757775504	-0.6283411688449261	 0.6951533511940261
 0.350278262661664	-0.574563077683505	 0.739717789747945
 0.29005044602368407	-0.5539468053953431	 0.7803932826170122
 0.251005825159587	-0.517037522261975	 0.818332619604738
 0.2768238398752941	-0.4615380149626231	 0.8428233637133342
 0.3025751931914831	-0.4056806729864362	 0.8624798223903033
 0.3274337627063069	-0.34931262071660096	 0.8779338380812588
 0.35114163806919796	-0.29254044893281994	 0.8894490630453578
 0.3735843234742012	-0.23531055350081612	 0.8972534183080404
 0.3947180924062299	-0.17765838708585896	 0.9014627696279188
 0.41453718889750907	-0.11967756563493002	 0.9021287044012333
 0.4331029564317019	-0.06150801807391799	 0.8992433446196518
 0.4504454643349319	-0.003248057592914529	 0.8927980363900678
 0.466584489628735	 0.0551908711592036	 0.882753012896915
 0.48110544047345777	 0.11367436110164394	 0.8692615801788167
 0.49463656276158724	 0.17255022654125407	 0.8517987380244023
 0.4829404488636629	 0.20729150618108994	 0.8507636301091738
 0.4443317496660921	 0.26085767278334104	 0.8570429223724613
 0.40851632721188313	 0.31230023274876606	 0.8576613405222252
 0.37093192674269515	 0.36259239640682817	 0.8549481035658864
 0.35984950832627305	 0.4307065367105981	 0.8276473950856742
 0.353727978392143	 0.463712116472066	 0.812310033386025
 0.312564975298669	 0.510411391323507	 0.801113817022116
 0.29763727190232897	 0.5724437898635669	 0.7640158125465568
 0.289517950027168	 0.60225684724181	 0.74395298679582
 0.30794807876248	 0.645985614609548	 0.69847731996395
 0.325108582761156	 0.686864581051478	 0.650016504953536
 0.34056648440262594	 0.7252291368536479	 0.5983787836814979
 0.353762510973131	 0.760893938276553	 0.543960017394645
 0.36307352291840406	 0.7944930732948152	 0.4867837029340431
 0.36596848110902286	 0.8263275185201027	 0.4280769825290358
 0.35924798065018515	 0.8573345084581343	 0.3686711664961252
 0.368315294769793	 0.86927675151246	 0.329699519136115
 0.3583912402270192	 0.8935697353781844	 0.2703494903725561
 0.346760880835873	 0.914064956805791	 0.210338171194762
 0.332078975759821	 0.931264727045385	 0.149898505727686
 0.31451577018243304	 0.9450375811237413	 0.08935211564557041
 0.2946069947993231	 0.9551798777468594	 0.028950298147106715
 0.27289519548246	 0.961532426462599	-0.0313624798690557
 0.249827520729343	 0.963919610792593	-0.0918977356395988
 0.2258224081711071	 0.9621021919806124	-0.15285160173810006
 0.20136491334028708	 0.9558076816401975	-0.2142051525828681
 0.14202007129078698	 0.9530467684014827	-0.26745496179740297
 0.11341337850707106	 0.9490825852615624	-0.2939041543238901
 0.09437989298656667	 0.9300236290580448	-0.35517388022424795
 0.0778189919397434	 0.906371818467585	-0.415252129652872
 0.0631782732216604	 0.878372138178013	-0.473783592651028
 0.050079760616969185	 0.8462332045532528	-0.5304539387054069
 0.0621474284291061	 0.824615617550891	-0.562269313079428
 0.0872029807686511	 0.777609768266727	-0.622670609906417
 0.09998999581659902	 0.7522975143441742	-0.6511915621751971
 0.12566015607458098	 0.6982600168201138	-0.7047286528059479
 0.13833344223762103	 0.6695857848531221	-0.7297388131936791
 0.12690140242194595	 0.6210620791800808	-0.7734196324556667
 0.11460959219782006	 0.5697492344349642	-0.8137877187799173
 0.10107376240332903	 0.5159960294232901	-0.8506069551638022
 0.08605952089544341	 0.46012060454578213	-0.8836757256684552
 0.06950705522893501	 0.4023529168260611	-0.9128422095822272
 0.05138331341198751	 0.34285129881246607	-0.9379833378079863
 0.0314826900674775	 0.281802369436228	-0.958955820049205
 0.009237021941107983	 0.21958284813010912	-0.9755501269707925
-0.016058700327155194	 0.15696910091214192	-0.9874729462130275
-0.0432204296361292	 0.0944197627744593	-0.994593838136796
-0.070671442706641	 0.0319387212461074	-0.996988197157281
-0.09750321640896832	-0.030323516880840107	-0.9947731435427293
-0.05747941930729852	-0.07903304799386171	-0.9952134915086792
-0.04727899665880778	-0.15269622455742998	-0.9871416106521108
-0.07176591603006537	-0.2136102611952469	-0.9742793796486016
-0.029957482149656885	-0.2617605634098209	-0.9646677960347936
-0.023574890225799505	-0.29755957898157803	-0.9544121339898962
-0.00958841382350974	-0.368094538113469	-0.929738927512117
 0.0341688375611238	-0.416186635097053	-0.908636987639351
 0.07745142550567323	-0.46323806505316223	-0.8828430051673635
 0.0917975339679455	-0.496055107805888	-0.863424891219319
 0.0980484408120354	-0.578494451593112	-0.809771988111662
 0.09228981320926301	-0.6336073741272241	-0.7681303833525942
 0.08913256597086291	-0.6835168604027931	-0.7244722818911421
 0.08590419701123758	-0.7296545382964928	-0.6783986465782389
 0.08209891159668609	-0.7724164157790988	-0.6297877812006278
 0.07760140044608674	-0.8115845160679435	-0.5790583700522497
 0.0726821742610286	-0.847300953023605	-0.526116333665835
 0.06752181538388902	-0.8795727823591962	-0.4709485375071951
 0.0623094708415257	-0.908303389387443	-0.413645358575111
 0.057317781439199626	-0.9333229078489095	-0.35443338106807115
 0.05291544709914719	-0.9544426379680607	-0.29366512609921297
 0.049133771359683207	-0.9714947290541722	-0.23191348372169907
 0.0472684614937438	-0.984744044107396	-0.167465996975581
 0.102856012523659	-0.985599241961812	-0.134219130275957
 0.15088075499968906	-0.9874208322667084	-0.04727682070999432
 0.17090207966810497	-0.9851456557862578	 0.016748613392780595
 0.18900156570405405	-0.9788968923978392	 0.07771281886065971
 0.21642349449834594	-0.9709981394555578	 0.10160454814116297
 0.23299648713420207	-0.9591539370718172	 0.16042556524056306
 0.24838320047273807	-0.9438193211374002	 0.21796989418416604
 0.26268312973332714	-0.9250743401602305	 0.2742900627631601
 0.2760336707804441	-0.9029475196940945	 0.3293800073983792
 0.288626368831768	-0.877387450871266	 0.383257198586811
 0.3007865590293951	-0.8481711867658563	 0.43604252527414716
 0.313189798349762	-0.814751097733532	 0.487947537089429
 0.325255598854063	-0.777657059982895	 0.538013282803357
 0.312461596907142	-0.760826103730726	 0.568780617057369
 0.2912412272363811	-0.7203101551326971	 0.6295489083229011
 0.30536726114812607	-0.6777588190246561	 0.6688750399388481
 0.3175318243868471	-0.6268553515942011	 0.7114955436819481
 0.31656090065552506	-0.5993544516761301	 0.7352301934987221
 0.261029028242002	-0.577266981403961	 0.773709686249174
 0.22178330859798095	-0.5418546931284269	 0.8106822161377608
 0.24659692166136	-0.485907625311592	 0.838500887233395
 0.27236899056600505	-0.4297634999954261	 0.8608823770119453
 0.297564023694625	-0.37328249632729	 0.878701217558239
 0.32174393049349703	-0.31637010578349206	 0.8924073057506522
 0.34475484330721584	-0.2590823650072099	 0.9022308053699386
 0.366516465774179	-0.201394238413776	 0.908353478030519
 0.3869996972024271	-0.14334157560727104	 0.9108701483019712
 0.40624045611944287	-0.08499963412834638	 0.9098042393888448
 0.4242982330901841	-0.02649568765245521	 0.9051347899248883
 0.4412158364431861	 0.03210697150107181	 0.8968264759989912
 0.456703391379876	 0.0906775730923233	 0.884985643974074
 0.47093620725011887	 0.14944544241454696	 0.8694165563424667
 0.4510431956804658	 0.2229711968773629	 0.8642012965700927
 0.412969101040529	 0.276290789102394	 0.86782482186381
 0.3760082857924441	 0.32743453473572803	 0.8668358520953232
 0.3375967899093232	 0.3773190355805682	 0.8623565114449303
 0.33188043948663976	 0.41169104134583673	 0.8487436953295945
 0.319396467674748	 0.478241970067852	 0.818089551639986
 0.27756667894019404	 0.5243534638131652	 0.8049907972947562
 0.2700244193751799	 0.5555945601118618	 0.7863850823325707
 0.25365328248492713	 0.6156113155856462	 0.7461117345327922
 0.27193031509306503	 0.6593401381058661	 0.7009454229937762
 0.2890694142415609	 0.7000874725173638	 0.6529290961308818
 0.3048626432852551	 0.7379745398330293	 0.6020401542151123
 0.3183997986458191	 0.7738843338556363	 0.5474711006392211
 0.32788853551112995	 0.8071505151091268	 0.49091460992665287
 0.330007409907558	 0.838026383169843	 0.434519148619916
 0.323972135252907	 0.867764548541461	 0.376864357394417
 0.31102557645444423	 0.8950989820981685	 0.31946972162945825
 0.32303384175824706	 0.9031109121901852	 0.28291309153505007
 0.31124239816066784	 0.9239814924026746	 0.2222304463491059
 0.2963840867430521	 0.9413833929593755	 0.1611017708958571
 0.27852376534264595	 0.9551937963885028	 0.10014651007536098
 0.25834414322312904	 0.9652527184052663	 0.03931276222235261
 0.23649021451938795	 0.9713937478014968	-0.021600119646333796
 0.21345201271438496	 0.9734427668385628	-0.08274912662899757
 0.18963280699952706	 0.9712147021998072	-0.14415755526652102
 0.16550424569172104	 0.9645108924237532	-0.20573546863375206
 0.13565761469670898	 0.9631590635886838	-0.23221031372824394
 0.0776462495599373	 0.955493663749833	-0.284610116586177
 0.05851502605194758	 0.9365433640797278	-0.34563350376427093
 0.0418201474898686	 0.913089398721215	-0.405609202566776
 0.027069172682621108	 0.8853259243181972	-0.4641823646159001
 0.013875619127597803	 0.8534237839437232	-0.5210329281273911
 0.03815106061447729	 0.8101549679698217	-0.5849730117260178
 0.0507150194768414	 0.786574102344974	-0.615409756438474
 0.07631902234219891	 0.7358167555949521	-0.6728663381493011
 0.08917352363833457	 0.7087199491810308	-0.6998314913711448
 0.11454664059823204	 0.6513031330536263	-0.7501221873816223
 0.10280000513708402	 0.6013882711790091	-0.7923157869386033
 0.08998877216850275	 0.5488489712446822	-0.8310636724386763
 0.07578743291350752	 0.4940307772472882	-0.8661350103447043
 0.0600731841798138	 0.437207965362613	-0.897351886143882
 0.04284637002985788	 0.3785572104649818	-0.9245856515111166
 0.02401649428339579	 0.31822683840309884	-0.9477103393560206
 0.0032052957492312312	 0.25646575434506413	-0.9665480034263054
-0.020456620163929993	 0.19387137366904197	-0.9808136505795317
-0.04700561440483918	 0.13129339672688595	-0.9902285171566916
-0.07453061231283178	 0.06883931165252338	-0.9948398549512788
-0.10181434528773001	 0.006549321141431111	-0.9947818582414022
-0.12830401390596397	-0.05534669554337639	-0.9901892866053678
-0.0880167161102519	-0.104005698023761	-0.990674453321452
-0.08286791749598355	-0.14071011554021706	-0.9865766932350154
-0.10749179356134504	-0.2015505504157951	-0.9735619599923034
-0.0657797456042755	-0.249714315625288	-0.966082701242513
-0.05283379856668319	-0.32098760257530795	-0.9456085599876788
-0.045767798024645	-0.356053406950241	-0.933344138066502
-0.0019150121874557992	-0.4026155925155278	-0.9153671489581066
 0.043811287576372086	-0.4529632806071439	-0.8904520411018858
 0.0715983269511792	-0.522253798062341	-0.849779177190905
 0.0512814150205637	-0.552519049932106	-0.831921219789237
 0.07619883139710788	-0.6073288193339459	-0.7907878623879798
 0.07185754781879931	-0.6594291845656951	-0.7483245575046241
 0.06846140407606828	-0.7077135233587258	-0.7031746618068029
 0.06477008184000523	-0.7524919130622484	-0.6554088474184313
 0.06036466089554392	-0.7933807820300042	-0.6057252202281371
 0.05556417833500429	-0.8307445107535167	-0.5538737942337189
 0.050522654355077586	-0.8646840292088478	-0.49976893763825486
 0.045365261737543114	-0.8951425691651103	-0.4434656400398681
 0.040275214243414924	-0.9219788278352884	-0.38514016687579417
 0.03554757507900248	-0.9450184322563155	-0.32507927125828584
 0.03142101880003311	-0.9640806938962504	-0.2637444506223641
 0.028647378705482906	-0.9792480319734512	-0.20063055492478502
 0.024318492338713	-0.989764536484438	-0.140622804865064
 0.09844909581254316	-0.9900697850657556	-0.10034737781098796
 0.11703328335172206	-0.9925189455113385	-0.03477575863984271
 0.13419376489348006	-0.9905520460141405	 0.028260884644926314
 0.151128136559835	-0.984490932581571	 0.0890948371378535
 0.205844705659926	-0.968928655674484	 0.137132116459331
 0.221585893352916	-0.955379312064068	 0.195320408424154
 0.2363012953246851	-0.9383430555879565	 0.2523370917200511
 0.250098284282212	-0.917857160764974	 0.308202986084747
 0.26315895326272304	-0.8938886669447192	 0.3629192974002081
 0.275783316796642	-0.866282699939438	 0.416530726312334
 0.288467650734964	-0.834700045659413	 0.4691079281526
 0.300865283723296	-0.799407613739707	 0.520026487926421
 0.27627728789533607	-0.7643465208704991	 0.5826193064311901
 0.2653899047293049	-0.7440103293205966	 0.6132021105084587
 0.28073118537021496	-0.7001589371317789	 0.6564811225885568
 0.29411519158169097	-0.6531786993284349	 0.6977491245601669
 0.2704261857574349	-0.6057293091415278	 0.7483058746953767
 0.2272398953913869	-0.5723185386115998	 0.7879172039649817
 0.1876917541830181	-0.5357113539752032	 0.8232770801095803
 0.212067291267357	-0.479121107116251	 0.851745518737976
 0.23735588661514506	-0.4220926855460361	 0.8749285387376922
 0.262188238098817	-0.364789339688812	 0.893412595306356
 0.2861071374317611	-0.30717936050950007	 0.9076252235298322
 0.30895217556609583	-0.24924468261853588	 0.9178374809296915
 0.33065268903612793	-0.19100241944274493	 0.9242223082138817
 0.351186342687714	-0.132437999757311	 0.926891756857245
 0.370582597992383	-0.0735729204382327	 0.925880966130855
 0.388895284732526	-0.0144837009444269	 0.92116810622153
 0.4060413480986711	 0.044653582638996506	 0.9127631024486672
 0.421965599792308	 0.103806579827327	 0.900649336077294
 0.4363199442212612	 0.16280107977235908	 0.8849410797898974
 0.4271959438957291	 0.20050463738978305	 0.8816470472384222
 0.3873131356299759	 0.25407121035271896	 0.8862484725168108
 0.3485369013207719	 0.30617744659128593	 0.8858766277628928
 0.3097304427884491	 0.3565747332866711	 0.8814315131600472
 0.29781912220108103	 0.42597029178505813	 0.8543143923450722
 0.291440038760764	 0.459524500814025	 0.838987447438128
 0.24966708330342793	 0.5059802873941939	 0.8256211578461687
 0.23439192582159504	 0.5689001791965062	 0.7882975397778601
 0.226131389700213	 0.599106767850099	 0.768072701837826
 0.244806415044299	 0.644333887118034	 0.724502354077972
 0.26245605860605603	 0.6865574146325031	 0.6780528989054672
 0.278942537428918	 0.725767235586376	 0.628850523226328
 0.29405561129698804	 0.7620946471081222	 0.5768388391170461
 0.3061550323574229	 0.7970633463557928	 0.5205373358927589
 0.31014707327863006	 0.8293046627600772	 0.46482531047813513
 0.311676526011649	 0.85736345678263	 0.409616462202204
 0.299210467578678	 0.886574030642463	 0.352788299524979
 0.29987975454213306	 0.9181327683424092	 0.25904507814597505
 0.28644905019140304	 0.9375543567733933	 0.19732908994791407
 0.2698175007685141	 0.9532574962484622	 0.13600978687265802
 0.250541971508254	 0.965205250871302	 0.0748835375982225
 0.2293511580954371	 0.9732464772351694	 0.013760117354685407
 0.206827364624831	 0.977223361077131	-0.047507302675088
 0.1833986863420201	 0.9769790872213526	-0.10898066333141007
 0.1594654692728631	 0.9723564785573634	-0.1705685865483721
 0.09962175341897962	 0.9696790987597972	-0.22315454661313905
 0.07029764750776293	 0.9659153274370544	-0.24913012860158512
 0.04975756549898901	 0.9493344414234233	-0.31030356588813307
 0.0318766945111743	 0.92818703110944	-0.370746155242755
 0.016164884350373096	 0.9026771943082608	-0.4300146269485559
 0.002216964892399311	 0.8729589532744193	-0.4877886334927212
-0.0103542063366947	 0.839190905677072	-0.543738369291733
 0.00187485209061642	 0.81755630955592	-0.575845609200021
 0.0270277358821314	 0.77033880705944	-0.637061711164095
 0.0398397729015636	 0.744904777292925	-0.665980228881706
 0.06549962593445165	 0.6906331376366185	-0.7202330651953205
 0.07818137866555601	 0.6618923402951461	-0.7455106987083201
 0.0665505355161227	 0.612091904249823	-0.787981298619671
 0.05385641676631042	 0.5596706044648092	-0.8269633008006393
 0.039769120954290395	 0.5049796799498719	-0.8622145555812938
 0.024201810176275207	 0.4482809759815871	-0.8935650166368352
 0.007198925578790093	 0.38971724508242617	-0.9209064254069874
-0.011321589192663102	 0.3294053678342331	-0.9441207154067462
-0.031772900870864894	 0.2675769331010309	-0.9630124960988288
-0.055240724926181525	 0.20487805085207908	-0.9772274282830394
-0.081958203867053	 0.14236001823391	-0.986415976161846
-0.10963072122656503	 0.08010200304916891	-0.9907395086857362
-0.13704945828870896	 0.018122972902206998	-0.9903984066202638
-0.1636631212234661	-0.04338618145370113	-0.9855617799053796
-0.123505680646244	-0.0920664865760738	-0.988063818231214
-0.11310204055661897	-0.16521721161129396	-0.9797505812242818
-0.137337534328505	-0.225526888017818	-0.964508177490251
-0.095379821038539	-0.273488294214206	-0.957134704556501
-0.08883419837471561	-0.30899362896765703	-0.9469062374155742
-0.0746090048245104	-0.378805942379092	-0.922463849924421
-0.03047747127001659	-0.4245492144301619	-0.9048917550026178
 0.013989277505798307	-0.4681613200215212	-0.8835322736327025
 0.022456980815818605	-0.4975209149205671	-0.8671612440770402
 0.02533125446410961	-0.5791018236791322	-0.8148615866260833
 0.03920630109875141	-0.6071018803994421	-0.7936562056518022
 0.03453193590123929	-0.6592049067906738	-0.7511700448407219
 0.030705371919367314	-0.7089479896289183	-0.7045920295720132
 0.02600391479373851	-0.7534993188880972	-0.6569342226209361
 0.02118564242478591	-0.7942026775080253	-0.6072835215894902
 0.0162878750163491	-0.83145168758053	-0.555358259456849
 0.0112976195755722	-0.865298955400143	-0.50112880736927
 0.006248364664061821	-0.8956612871116773	-0.44469294654680414
 0.0012604847588871804	-0.9223985612390623	-0.38623736924627106
-0.003446814818826831	-0.9453461554639412	-0.3260502504479191
-0.007425368034970468	-0.9644148329472998	-0.26428941314547094
-0.011304857936177007	-0.9792263259730036	-0.20245493994579614
-0.013834341414559507	-0.9903623321732864	-0.13780806220941805
 0.04092950042093631	-0.9930981769629512	-0.10991263306897703
 0.09116214060863306	-0.9940282037077466	-0.05997828234621817
 0.10718221346799704	-0.9942358095806054	 0.002669843384742321
 0.123749547075141	-0.990233514234959	 0.0642155501773579
 0.14006162673408004	-0.9823060245928882	 0.12432865625076003
 0.167381495550159	-0.974642743333579	 0.148509116940973
 0.182805163939552	-0.961151123468917	 0.206811000412145
 0.197419040268834	-0.944080979052525	 0.264077313547678
 0.21134277656279604	-0.9234305400583472	 0.3203283760179191
 0.22479374597605806	-0.8991189857889862	 0.37556999502600913
 0.238080769622835	-0.870997129057422	 0.429745911335439
 0.25115876457659814	-0.8391261784630764	 0.4824795659862812
 0.26371454848873793	-0.8036992327487867	 0.5334062056204378
 0.251646779451338	-0.785808938604091	 0.564958591758442
 0.228800157086973	-0.745604148957128	 0.625879334356786
 0.24376610770194307	-0.7008221733130882	 0.6703926954618201
 0.2590130680122129	-0.6528614609272547	 0.7118174930660467
 0.24570542689922006	-0.6296126550817183	 0.7370323926078293
 0.20096674760175492	-0.5971603017480738	 0.7765384345765006
 0.1595209966783	-0.560491841230512	 0.81265118441604
 0.18245044200426203	-0.5040844259639341	 0.8441627376952032
 0.20728231283863	-0.446973728178543	 0.870200281028708
 0.23219823046050383	-0.3894356891459567	 0.8913045639905725
 0.256430910101519	-0.331600151454612	 0.907901166372081
 0.2797082715579321	-0.2734768189777721	 0.9203117473464485
 0.301925530637075	-0.215064878405574	 0.928756196224777
 0.32304403268585696	-0.15636577803701296	 0.9333768244417358
 0.34306985253766914	-0.09736386569233255	 0.9342501559738844
 0.362040362876743	-0.0380856431728999	 0.931384055818105
 0.379918769626382	 0.0213440868067635	 0.924773571445444
 0.3966519296667161	 0.08083082337207391	 0.9144034255648122
 0.412038402344848	 0.140265868860764	 0.900305415415147
 0.394723726684555	 0.216022453480957	 0.893043940231568
 0.354876161401363	 0.269082246124509	 0.89535336872635
 0.3155795840110369	 0.3206421362614769	 0.8930835048354088
 0.2760182300992701	 0.37063491970404916	 0.8868166061530645
 0.26982127856186117	 0.40564558898671327	 0.8732972768598706
 0.25671947814167717	 0.47331432401902535	 0.8426557186782025
 0.21433402826175407	 0.5192114984121072	 0.8273332727781133
 0.20659240725734895	 0.5508916488576089	 0.8086024786522478
 0.189891892371049	 0.611669505209643	 0.767985342053045
 0.20831522496297109	 0.6568805193239633	 0.7246466382874533
 0.2257878130017901	 0.6990833185814502	 0.6784558771069902
 0.2421785547649281	 0.7382451801660324	 0.6295582590782154
 0.2573470599449109	 0.7743156480902886	 0.5781070557087388
 0.2709446515623899	 0.8073605777182187	 0.5241735336090898
 0.26447674184431613	 0.8443087959353903	 0.46604153262294823
 0.2766271288520269	 0.8664274610193906	 0.41566920306245475
 0.273114727523803	 0.901987801442914	 0.334404473142596
 0.26533083535159613	 0.9252690800079244	 0.2710658174556751
 0.25098434293838406	 0.9452625278053243	 0.20853204340550704
 0.2338463378148099	 0.9611559958974986	 0.1466118748290529
 0.21419268737743902	 0.9730924651355463	 0.08492671529298813
 0.19277765405764893	 0.9809642888974328	 0.023363219041553796
 0.17019445514516204	 0.9846660096797603	-0.03829747797413931
 0.1468372336313361	 0.9840947641290336	-0.09998160847535037
 0.12310634124115002	 0.9791452597240072	-0.16161494085085104
 0.09308815140090368	 0.9777965717617878	-0.18774573315965795
 0.03405506730487652	 0.9703729428859187	-0.23919992497026918
 0.013626971025452597	 0.9538282952577748	-0.30004314494138795
-0.004282631521579451	 0.9328483120130322	-0.36024392547506906
-0.020022457561548697	 0.9075831266591108	-0.4193947655811509
-0.03398376300317901	 0.8781581718096675	-0.47716174316058324
-0.046551515393578505	 0.8447042558733142	-0.5332050979914501
-0.0219046314052259	 0.801543753226688	-0.597534767847257
-0.009299989165835871	 0.7779248860710362	-0.6282884543208482
 0.016256670106509694	 0.7270145845044746	-0.6864295408815346
 0.029057690076847494	 0.6998474057406759	-0.7137010994284959
 0.0542929373722692	 0.642343983827537	-0.764490996279263
 0.04223350978636542	 0.5912551362586612	-0.8053779823777634
 0.028915712250659708	 0.5377412326944391	-0.8426139378418223
 0.014146289236104196	 0.4821230080262819	-0.8759893193598528
-0.0020431905035762795	 0.42458224142916795	-0.9053870695098037
-0.01962656536956049	 0.36519981531181384	-0.9307222425772426
-0.038834129951421804	 0.30411072896908103	-0.9518448270998853
-0.06041583825144424	 0.24168492247439716	-0.9684721600216086
-0.0857853675750583	 0.179004369747009	-0.980101171472358
-0.11327687932326205	 0.11672775632342505	-0.9866828160632385
-0.14099886678952803	 0.054769911485690416	-0.9884935894379482
-0.16810327242708004	-0.0067639069080146315	-0.9857461840467082
-0.194286179729419	-0.0676966591843494	-0.978606173443345
-0.15394830223599798	-0.11659583522915097	-0.9811754845316257
-0.148687632476029	-0.153076338285786	-0.97696449403532
-0.17295832272797407	-0.21324452747634703	-0.9615675691809262
-0.13122046678457303	-0.26138980307892407	-0.9562722206271602
-0.11799586653794206	-0.33210834166243014	-0.9358317289332474
-0.11085828168545307	-0.3668287608904892	-0.9236596243017756
-0.0669148098701003	-0.413004678012738	-0.908267330778578
-0.022914568768610408	-0.4577122703902401	-0.8888050405304643
-0.0026373942986967097	-0.5221237707118369	-0.8528656472205728
 0.012516567541095609	-0.5508591040439923	-0.8345043936546046
 0.018102824539256903	-0.6326566492452042	-0.7742208030720512
 0.0142573419935136	-0.685463286319457	-0.727967589462203
 0.009091064968445162	-0.7318156044893681	-0.6814420544430762
 0.004054213355099949	-0.7741983310616657	-0.6329300968791126
-8.80621122319898E-4	-0.813100481389398	-0.582122694687957
-0.005818225236288542	-0.8486227354784144	-0.5289665406093592
-0.0108006957453101	-0.880711532882911	-0.473529873205958
-0.015784293241340803	-0.9092448132389752	-0.4159624089805381
-0.020623403669938912	-0.9340704388853994	-0.35649276349107617
-0.0249794114003744	-0.955070151982624	-0.295325301655612
-0.028989573259587113	-0.9719547354260134	-0.23337437075475012
-0.03192948417797929	-0.9850608585775438	-0.16922060435597297
-0.03212177398295	-0.994264792324584	-0.102008403477069
 0.0280837042125665	-0.996773367889353	-0.0751941395603261
 0.05443243181841408	-0.9972866305953658	-0.04956295796334509
 0.06936238838564808	-0.9975067007107338	 0.013009270334080896
 0.08539041631444	-0.99358166823866	 0.0741885795909863
 0.101251942817268	-0.985729692519526	 0.134480546403892
 0.155746618114744	-0.97064840778856	 0.183261178112969
 0.17071256666666904	-0.9553488851393952	 0.24117571860573506
 0.18503078705674203	-0.9364212155933163	 0.29812566952192904
 0.19887377019699107	-0.9138092649385893	 0.35412123748799607
 0.2124813991480349	-0.8874049826462705	 0.40910151770760483
 0.22587632633114105	-0.8572285143517082	 0.4627517254268331
 0.238856228514512	-0.823418177477992	 0.514713713727005
 0.215154832922943	-0.787177980993862	 0.577978567170382
 0.2036015216218731	-0.7669770550169863	 0.6085167355716102
 0.2178265392655111	-0.7235069597988772	 0.6550490652723632
 0.23311355509836307	-0.6770497273835511	 0.6980413577140411
 0.21011473322993	-0.626240591332736	 0.750782605450433
 0.16684153759434392	-0.5914339644410008	 0.7889041558001557
 0.12549229803196296	-0.5534781474133719	 0.8233551016848798
 0.14804795356052305	-0.4968008252052362	 0.8551436975865153
 0.172353892255527	-0.439296126671782	 0.881653587819808
 0.196787034333882	-0.381198002701662	 0.903306673203702
 0.22064444214067405	-0.3226772022694571	 0.9204322100448172
 0.24366821430825594	-0.26385758360811695	 0.9332764739927347
 0.2657586768973981	-0.2047803102605291	 0.9420389324138074
 0.28688975066425393	-0.14544520154052498	 0.9468579430477618
 0.3070708377235461	-0.08583690695092194	 0.9478077473965164
 0.32629250291922385	-0.02596583827083299	 0.9449121534733276
 0.344519189519943	 0.0341209233360906	 0.93815899006683
 0.3616839357509762	 0.09435391007324624	 0.9275139191805014
 0.3781886554144051	 0.15499392480865903	 0.9126610675317822
 0.369868385364174	 0.193080150738506	 0.908799996093142
 0.32914039124202504	 0.24610265711251905	 0.9116469080818542
 0.28880494804688317	 0.29806488120764824	 0.9098071381201116
 0.2484720787767209	 0.3486331712361028	 0.9037237066616286
 0.235446186782939	 0.419277521313608	 0.876796129810397
 0.22871803533660587	 0.45338936810222774	 0.8614674347899784
 0.1864069243573371	 0.49968422498391235	 0.8459126041464715
 0.1706752299194561	 0.5634584981272633	 0.8083220192349766
 0.16222362622743908	 0.5940255993288283	 0.7879194644350693
 0.18091138370105592	 0.6407119248091737	 0.7461630523248207
 0.19876552469669506	 0.6843984605198111	 0.7014919909950221
 0.21564767621270306	 0.7250769014029331	 0.6540333070998621
 0.23142232300671206	 0.7627097377324452	 0.6039185080640281
 0.24588044298575412	 0.7972302778925844	 0.5513317438425273
 0.25872509615913714	 0.8287388745109113	 0.4962390578056442
 0.24993634083319805	 0.8634718584249772	 0.43811890536591513
 0.25752232338977504	 0.8929182256269013	 0.3692956746283911
 0.25377930613102	 0.916800038157166	 0.308340321422089
 0.2410014563040761	 0.9390315781573314	 0.2452304901162701
 0.22491522008137288	 0.9570679811139056	 0.1828497287454939
 0.20618644128358593	 0.9710319012062255	 0.12076505401246494
 0.18538994634253297	 0.9808918682979048	 0.05900602089752138
 0.16325615713786	 0.986579776116319	-0.00278792303562819
 0.140227642093017	 0.988013045632813	-0.0645478896045845
 0.11668192856046797	 0.9851159446660508	-0.12622164280393597
 0.0565604449371153	 0.982385235286414	-0.178101559678103
 0.0268618161702797	 0.978688428148658	-0.203586353766512
 0.0053627678044796895	 0.9643950561921608	-0.26441145268992094
-0.013753687209046603	 0.9456677103143323	-0.3248436820333801
-0.030527574831480886	 0.9226329517638986	-0.38446911903863484
-0.0453247496230322	 0.895411836031994	-0.442925852672231
-0.05853071641591179	 0.8641185797181627	-0.49987321934837187
-0.07051979701261508	 0.8288806625469838	-0.5549628865833939
-0.0580911255031684	 0.807373995306508	-0.587173443575731
-0.03283900664069741	 0.7602332572864833	-0.6488196931031271
-0.020087105785470707	 0.7347687577774062	-0.6780201920115733
 0.0053686771224713496	 0.6804344153793969	-0.7327893173847809
 0.0179148908773755	 0.651681328530684	-0.758281282064469
 0.0059305531437754	 0.600733666840141	-0.799427226246522
-0.007337324165840853	 0.5474002654111862	-0.8368387617109093
-0.022022989691100704	 0.4920419727043771	-0.8702928731307932
-0.038005651753050214	 0.4348151285144092	-0.8997173858772675
-0.055233740479589614	 0.3757011002165201	-0.9250934640395693
-0.07398509377547371	 0.3147580976176091	-0.9462840725084503
-0.0951076172874878	 0.252322099804481	-0.962957994454667
-0.120556966521721	 0.189695047713487	-0.974413570664971
-0.14827110272537997	 0.12771960229821097	-0.9806647660058898
-0.176134850509742	 0.0662555705614089	-0.982133755557507
-0.20331931826293093	 0.005372034680337308	-0.9790977459194206
-0.22948790479060188	-0.05490818570235037	-0.9717614896144505
-0.18935746537688708	-0.10424044354979704	-0.9763594011605474
-0.17869920829672903	-0.17706949666597802	-0.9678393390974452
-0.20242960810068908	-0.2367228613708421	-0.9502549871842835
-0.16058877505115896	-0.28483403123421597	-0.9450295339186148
-0.15392396467129593	-0.32012982123111683	-0.9347857030669665
-0.139598644132283	-0.389385864142157	-0.910434438805285
-0.09559056806309738	-0.43462059157493826	-0.8955263171322355
-0.050473626540361	-0.480283651982406	-0.875659766497415
-0.03952528982348433	-0.5139909769149303	-0.8568844887815426
-0.011803022230298605	-0.5754899800473052	-0.8177236523003253
-0.017105806751949695	-0.6363399821341057	-0.7712190470371767
-0.02387710724267061	-0.6853139731035154	-0.7278561959747243
-0.029722513947356213	-0.7307558566629694	-0.6819915322915814
-0.03504521141882061	-0.7728988573235882	-0.6335607228233942
-0.040072037950359705	-0.8117469349255442	-0.5826329422659601
-0.0449797153227959	-0.847249015783234	-0.529288135578176
-0.049865541694511316	-0.8793087591910023	-0.4736343882801301
-0.054727255816511035	-0.9077977801263866	-0.41582221906531025
-0.05942852445010021	-0.9325850066880093	-0.35602451570419913
-0.06382835857845921	-0.9534793711374502	-0.29462353853097406
-0.06739574968956584	-0.9705434846669777	-0.23130749511043017
-0.06932645420283813	-0.9837362351423784	-0.1657011237607071
-0.06827777684194047	-0.9928418535974536	-0.09799591284688686
-0.009303534665532171	-0.9974805881799172	-0.07032723830048951
 0.04263055889553139	-0.9989974889971858	-0.013662079840650897
 0.05812003382152243	-0.9971384232220515	 0.04834280300961342
 0.07395745813022402	-0.9912666059236402	 0.10918246364477603
 0.0895293098461001	-0.981521388565899	 0.169116133074733
 0.11671562035407497	-0.9740888349461198	 0.19372249636703195
 0.13170026778664506	-0.9587236275489894	 0.2520000901671121
 0.14626588647328903	-0.9396189527026492	 0.30939055282306205
 0.160541846300349	-0.916713196355332	 0.365873244737116
 0.17457290020033903	-0.8899855948842302	 0.4212480782320621
 0.18828381217365095	-0.8594986473413168	 0.47519604511380786
 0.2017100419762659	-0.8252596453562266	 0.5275031532725167
 0.1899998161769781	-0.8069488644343433	 0.5592258935714962
 0.16706004240540012	-0.7661102813746735	 0.6206174175798844
 0.18148545275393493	-0.7223258395788837	 0.6673143276712707
 0.1958165553567379	-0.6760592522467778	 0.7103518593624918
 0.18507922994570405	-0.6497212588596902	 0.7372977447602053
 0.140951851879584	-0.615415409814027	 0.775497549199963
 0.09855757025093063	-0.5776034380824017	 0.8103460209451404
 0.11930142018956597	-0.5214315668150259	 0.8449120026781368
 0.14274766230733296	-0.4641730090752959	 0.8741661870329788
 0.167000553322293	-0.406166767015122	 0.898409356898364
 0.19097776829363994	-0.34758624450729797	 0.9179930798469528
 0.214273849950136	-0.288597380571831	 0.933165724378379
 0.23673832124251706	-0.22931604495004204	 0.9441234658580122
 0.25832211314884096	-0.16978106785724598	 0.9510226468678707
 0.27902514644577203	-0.10998851531168503	 0.9539640947910182
 0.29884468971269595	-0.04993091039260999	 0.9529946251778588
 0.31775237469251294	 0.010385309998091898	 0.9481168565707038
 0.335701042856464	 0.0709317514360826	 0.939294147998002
 0.35292230787147594	 0.13184010277821698	 0.9263174574119287
 0.336711459851113	 0.208046507909758	 0.918336563222595
 0.29590159665195725	 0.2606114213520942	 0.9189798322921258
 0.25524048021098006	 0.31206171364139207	 0.9151337520498662
 0.21442631644354615	 0.3621544112934382	 0.9071193621553646
 0.20763875673641694	 0.3977622967324449	 0.8936841175712398
 0.19374429180324806	 0.4665289074321421	 0.8630260296907792
 0.150874010117106	 0.512235047879953	 0.845489378286094
 0.14287571149629907	 0.5443274859519583	 0.8266160651122425
 0.12572985978133802	 0.6057781511907261	 0.7856365787686512
 0.14409224319186104	 0.6523742449890331	 0.7440734304669981
 0.1617316201722601	 0.6959829010849893	 0.6996075217104073
 0.17853202931174403	 0.7366279112033151	 0.6523079295440701
 0.19438374844555914	 0.7743328148359075	 0.6021824060934975
 0.20929423294379815	 0.8091768264553225	 0.5490253068704213
 0.22699225959697705	 0.8415016319657962	 0.4902545435607511
 0.217827383910295	 0.878881918011044	 0.424402880541621
 0.217669252427501	 0.895731484169645	 0.387666357600061
 0.219893006972773	 0.922006888433359	 0.318669677198675
 0.205689874214193	 0.944601950640401	 0.255771050926603
 0.189179738160351	 0.962795450802592	 0.192966179895377
 0.16995879551011	 0.976732367922972	 0.130797130245036
 0.148824637156712	 0.98648192969577	 0.0685903036797694
 0.12648331917464797	 0.9919466899431058	 0.006613189962500098
 0.10340292685675301	 0.9931066764403792	-0.055199310928678316
 0.07994053167508584	 0.9899354640673944	-0.11677880106071206
 0.0498126772681523	 0.988535350624216	-0.142536162953958
-0.009792093040831085	 0.9811543292174615	-0.1929774524956561
-0.031059380761920007	 0.9668464312857512	-0.2534626070581091
-0.050094484586524476	 0.9482271132338725	-0.31361741715371483
-0.06684758504609438	 0.9253952045741208	-0.37306181220372386
-0.0816195149348441	 0.898453374454556	-0.431416027417877
-0.09478078734253514	 0.8674987714770933	-0.48832620637895624
-0.10671487554853204	 0.8326371095156343	-0.5434403179688743
-0.08167593432699945	 0.7898603952998403	-0.6078236567365503
-0.0690154017847077	 0.766354288439419	-0.638700226167963
-0.04360718803220211	 0.7155048303324321	-0.6972454739350281
-0.0309551534791553	 0.688341360603091	-0.724726120514617
-0.00611017102238428	 0.630896158349633	-0.775843220753879
-0.018684208217570206	 0.5787772655759182	-0.8152715972090193
-0.0326736650821976	 0.52450627755598	-0.850779405259945
-0.0479928426476517	 0.468387927423275	-0.882218474358096
-0.06442801479787219	 0.4104395313503449	-0.9096089390579418
-0.0821150526129645	 0.350574328741975	-0.93292805626237
-0.10158845409600602	 0.2888960539828311	-0.9519552804557222
-0.12447606882015803	 0.22612289897593005	-0.9661129037797812
-0.15174362056892604	 0.16400983670093103	-0.9747177268737692
-0.179775374503788	 0.102572557754185	-0.978345381303447
-0.20741052932055393	 0.041787936035001076	-0.9773610595521506
-0.23409149537082505	-0.018372267179239503	-0.9720409618908792
-0.25964495153711986	-0.07811179003639566	-0.9625398939257516
-0.21947213200131294	-0.12797073041626297	-0.9671894723535438
-0.21406689435594106	-0.16438890075211704	-0.9628871450228802
-0.2376734698067669	-0.22383770080946488	-0.9452026266607305
-0.19617197698880595	-0.27252616521017897	-0.9419373889596577
-0.1827100915469659	-0.3431116311558998	-0.9213530436333496
-0.17549453216891703	-0.3777698938258681	-0.9091158212777982
-0.13197418239995204	-0.4232059772135931	-0.8963701891688233
-0.0872923139162975	-0.467615279120963	-0.879611279295441
-0.06836226950250537	-0.5302316732087717	-0.8450922865786277
-0.0572543381353662	-0.558485795903035	-0.827535833991033
-0.031606016862038004	-0.6111650617890211	-0.7908718777062053
-0.03994707040544768	-0.6606848324314987	-0.7495997490401026
-0.04629805026083919	-0.7074000235205858	-0.7052954680593939
-0.0519269946273829	-0.75106007513396	-0.658188689335162
-0.05711521633570304	-0.7915378299906706	-0.6084453268425903
-0.062061618120148515	-0.8287309783276132	-0.5561953983237061
-0.06691401470397929	-0.8625333891761998	-0.5015562452930019
-0.071732884602178	-0.89282233122591	-0.444660182758679
-0.07646128882140488	-0.9194692986444736	-0.38565513112366284
-0.08097584917905754	-0.9423102467886094	-0.3247988772254622
-0.08483007595551972	-0.9613396314734503	-0.2619732260592131
-0.08732124156861026	-0.9765084245272976	-0.19699314099260293
-0.08759770516743012	-0.9876337587018552	-0.13002384674299403
-0.08250114231138221	-0.9946652769398582	-0.06192373024513551
-0.02166375676645961	-0.9991494515947984	-0.035086393667309514
 0.00422198949805437	-0.999975558296974	-0.00557293579125729
 0.019555546606762703	-0.9982028337831542	 0.05664524008415321
 0.03507551639340121	-0.9923902293243843	 0.11803110137261402
 0.0505289710049477	-0.982662581170058	 0.178384625619419
 0.10474683793603	-0.967992100184902	 0.228077605042726
 0.11961717029404903	-0.9506924456815352	 0.28613913799916607
 0.134216295960582	-0.929578030857185	 0.343322982694576
 0.148572776976272	-0.904618668815405	 0.399488665636716
 0.162625481931398	-0.87584875324597	 0.45435879441699
 0.17637750945349204	-0.8432991064472772	 0.5076786298675641
 0.153119111957062	-0.806431351391346	 0.571159358714018
 0.14174429493370602	-0.7858290084168372	 0.6019811661375771
 0.155983635017755	-0.743570097207213	 0.650209670910779
 0.17045624646707	-0.698297277165822	 0.695216211507727
 0.15002536181036394	-0.6446918376674067	 0.7495764305650837
 0.10658365813152197	-0.6086391761484159	 0.7862558598043518
 0.06434830237993239	-0.5695363219487048	 0.8194435148086547
 0.0849844247219919	-0.513225713297394	 0.854035722183243
 0.107979428231266	-0.45576090924607	 0.883528401740456
 0.13173666521988403	-0.3974590028009851	 0.9081144157699462
 0.155289630041658	-0.33847251781374	 0.928074073275594
 0.178263813240037	-0.278963187694497	 0.94361091176419
 0.2005327121296221	-0.21907686053095712	 0.9548779820196075
 0.22206951868316005	-0.15890103559790703	 0.9619956287622842
 0.242880234115278	-0.0984630623622964	 0.965046225435003
 0.2629612654928129	-0.037754735673426784	 0.9640674005403606
 0.28228774803415607	 0.023251800851652602	 0.9590479555616392
 0.3009079914858189	 0.08462651108504779	 0.9498909065158708
 0.3189686969904521	 0.14633501622274706	 0.9364000391751924
 0.31105557851096904	 0.18451991680009702	 0.9323072601783662
 0.2697807548202229	 0.2369885015079599	 0.9333031632227775
 0.2285855100630621	 0.2886132193358641	 0.9297586107231265
 0.18726069179361798	 0.33908611415491596	 0.9219295203519058
 0.17304927192870004	 0.4108143037927101	 0.8951455508934052
 0.16589558352887007	 0.4454587784843592	 0.8797983473710544
 0.123103518971467	 0.491593452036219	 0.862079695580377
 0.10679382561933803	 0.5561537954397031	 0.8241893196514982
 0.09808405104322623	 0.5870314191118461	 0.8036004180601712
 0.11655747723859794	 0.6350726227168226	 0.7636079611786076
 0.13444008226373896	 0.6801066551654739	 0.7206807905588649
 0.15162065787666204	 0.7221889848055041	 0.6748735039476981
 0.168025005170025	 0.76136049834474	 0.626177122863701
 0.18371089255187809	 0.7977295319239673	 0.5743499820267782
 0.200318785659495	 0.831614553326097	 0.517966812458232
 0.18999883088155392	 0.8703512167845666	 0.45430078549928476
 0.184313851916915	 0.887385739886394	 0.422581297075281
 0.2034740350805292	 0.9110191248634217	 0.35866763330572926
 0.19538656309596006	 0.9362048456882363	 0.2921379432244541
 0.179887295542147	 0.956644156941576	 0.229068806021408
 0.16184907908517196	 0.9725842696800637	 0.16698716708232098
 0.14137866323623594	 0.9844270956046606	 0.10447663385134295
 0.11939979833619703	 0.9919427142888152	 0.042347842053795916
 0.09656588740233864	 0.9951342771611684	-0.01956527048414431
 0.07324157122665792	 0.9940030426552722	-0.08120112952608431
 0.012924416916063605	 0.9911285575669194	-0.13227676221732104
-0.0169917406708222	 0.987417750306813	-0.157217896971076
-0.0389757802378705	 0.97525346848696	-0.217627114025352
-0.05909148637249079	 0.9588065664846518	-0.27784557636248797
-0.07692774740936338	 0.9381425446343448	-0.3375954496516769
-0.09263213505334703	 0.9133609066667933	-0.39647338085711603
-0.106530491704082	 0.884555739307575	-0.454106153223358
-0.11899846580046403	 0.8518196142447872	-0.5101398925049851
-0.13042903491252797	 0.8152595188040928	-0.5642164335174099
-0.11781542621120503	 0.7940071474358003	-0.5963825745002411
-0.09243285309769272	 0.7472438068745282	-0.6580903135253422
-0.0797655903480517	 0.721868171097971	-0.68741820906352
-0.054689763215393615	 0.6676242632905061	-0.7424869513097541
-0.042407272675612305	 0.6389339670102151	-0.7680917972643673
-0.0550029103141877	 0.586946549426786	-0.807755178239644
-0.06908340977870069	 0.5328681383893219	-0.8433736002406328
-0.08445392111348161	 0.4770905140639261	-0.8747869321147732
-0.10061705262360197	 0.4196965612004569	-0.9020703992692868
-0.117714225171528	 0.360411217697128	-0.925336217463869
-0.13645973548137302	 0.29907823086280505	-0.9444209614448043
-0.158860560503591	 0.236383330206491	-0.958585543139982
-0.18656693139930897	 0.17473771161747698	-0.9667779022334618
-0.21479852801785806	 0.11415092217641203	-0.9699645144682543
-0.2424518787164811	 0.05445152352843132	-0.9686341507980615
-0.269007911655579	-0.00490504370470024	-0.963125476774942
-0.2943874500778101	-0.06424011619718273	-0.9535246387522754
-0.254554575387199	-0.114700316434167	-0.960232162322917
-0.24357568366073018	-0.18761585850720214	-0.9515624918867986
-0.26647120121522294	-0.24661474662554095	-0.9317586949794118
-0.22497968242899405	-0.2955349692554661	-0.9284628287881642
-0.2181640758927529	-0.33089664584275785	-0.9181023068045705
-0.20356586878828506	-0.4003621239228151	-0.8934601875811162
-0.1600599977966711	-0.4455383225292073	-0.8808384643413285
-0.11525261672364806	-0.4889473669125412	-0.8646660087731244
-0.10619391068728497	-0.5205374877545289	-0.8472092877059038
-0.0837345234544143	-0.580417922224159	-0.810002200702475
-0.07024936675647542	-0.6082819885197641	-0.7906061275456672
-0.07871089458697851	-0.6574817126837171	-0.7493479782849911
-0.0851292911818879	-0.703991111870922	-0.705088305242409
-0.09080282687847273	-0.7475925222104453	-0.6579211710880742
-0.0960108047039711	-0.788102090655549	-0.60801070721201
-0.100928127381071	-0.825355453018688	-0.555519476954379
-0.105694750859104	-0.859207378286472	-0.500590951515226
-0.11037105936863595	-0.8895256459368496	-0.44335353215518175
-0.114925446021543	-0.91617599593484	-0.383944900121819
-0.11912446271933597	-0.9390847472135698	-0.32238052039888393
-0.122475304577004	-0.958171140493138	-0.258665547174048
-0.12436918335120506	-0.9732845162289494	-0.1930014422265661
-0.12398846782081897	-0.9842892631829417	-0.12570404221912498
-0.11875729189717306	-0.9912526067784584	-0.057575821107134224
-0.058740916813381214	-0.9978057562603982	-0.030547953540923507
-0.00738055214761421	-0.999546071816175	 0.0292092068849923
 0.007957916812685532	-0.9957830434194532	 0.09139366497900102
 0.0233768336511869	-0.988016556989832	 0.152567384333621
 0.0387517446008142	-0.97633991363565	 0.21274086427465
 0.0658060572763456	-0.969072753239201	 0.237839361240181
 0.0809360513580098	-0.951627376359685	 0.296402921971691
 0.0959054285417346	-0.93029956937267	 0.354040760367011
 0.11063154402210294	-0.9050817531662005	 0.41059430287436083
 0.12504493649824502	-0.8759987525685752	 0.46582179999915213
 0.13918554247004802	-0.8430860112319942	 0.5194548704480921
 0.127682924089991	-0.824504601157614	 0.551261492910355
 0.105190809093176	-0.78298741462614	 0.613078789569005
 0.119606729646939	-0.74040633258989	 0.661432304082552
 0.13448064572659604	-0.6943474162978374	 0.7069629561762594
 0.124581885909437	-0.66721855795926	 0.734369627379846
 0.08070507196410688	-0.6315536738131858	 0.7711203851879008
 0.03789580618364408	-0.5926750382566158	 0.8045496920024336
 0.0571460379386221	-0.537225361094403	 0.841500589271871
 0.07900651236151209	-0.48020085328169787	 0.8735932185588438
 0.102314506412605	-0.422192965178645	 0.900713518234965
 0.12581743518847405	-0.3633861450278251	 0.9231037225601525
 0.14892639570084998	-0.30392587647058095	 0.9409835228499718
 0.17143123045190503	-0.24396943384031405	 0.9545104758866623
 0.193278209950886	-0.183646527237383	 0.963803655622778
 0.21447273343917808	-0.12303065508766106	 0.9689504138601874
 0.23502519652148995	-0.062139615944174685	 0.9700009407883817
 0.25492673419480416	-9.498779791914477E-4	 0.9669599050242966
 0.2741909215524741	 0.06060249339597513	 0.9597638648815634
 0.292867985479628	 0.122511278017557	 0.948271759486493
 0.277353035936018	 0.198890460109892	 0.939956317247961
 0.235987672424167	 0.250958185476975	 0.938791674231258
 0.1945678634760939	 0.3021205364953909	 0.9332022974307795
 0.15292557709732998	 0.35210524425890494	 0.9233827293353638
 0.145577863101252	 0.388202939077825	 0.910003057064212
 0.13078542368679	 0.457977092651254	 0.87929071162942
 0.08748707013402084	 0.5034659829966852	 0.8595743228625123
 0.0791706748536125	 0.535929237133648	 0.840542596796004
 0.06142961699628523	 0.5979352185511512	 0.7991870097617183
 0.0794927006963478	 0.64580824490331	 0.759350130934938
 0.09712455824092978	 0.6906811222500654	 0.7166075687249575
 0.11427562519598405	 0.7326504147926594	 0.6709429567334403
 0.13099727558904797	 0.7718184329715778	 0.6222025556951248
 0.14781114908676393	 0.8082959837065626	 0.5699205794928718
 0.165431899598527	 0.841782725785395	 0.513842513971483
 0.158550850693252	 0.861652944500852	 0.482095250938503
 0.148869077519917	 0.895914109653978	 0.418540208201421
 0.16672405951743807	 0.9169331771362025	 0.3625419101909952
 0.15977385741089908	 0.9406229302598115	 0.2995009475068281
 0.143754439517761	 0.960081232006623	 0.239955598116776
 0.12588915048129198	 0.9761912584060418	 0.17664243205619498
 0.10494068247378407	 0.9879045179543496	 0.11415829609503007
 0.08262274573178711	 0.9952256736029472	 0.051955177694821615
 0.0595983557408156	 0.998173912595694	-0.00984257112726313
 0.03624087438351762	 0.9967992039316776	-0.07125970856726864
 0.0060230238469286	 0.99530799627773	-0.0965697454141278
-0.05391804848477251	 0.9878382469275873	-0.14583703903544104
-0.07562819337528211	 0.9756386402776842	-0.20593596083225105
-0.09554900993521302	 0.9592465059001283	-0.26592579344395306
-0.11330979653967295	 0.9387241551025706	-0.3255116751133558
-0.12898625323909704	 0.9141643102295725	-0.38427354889171017
-0.142851686903077	 0.885660903016308	-0.441812358832665
-0.15526085811835597	 0.8533004603298447	-0.4977674058606359
-0.166606826507731	 0.817172238119249	-0.551789541952546
-0.141227493883987	 0.77501790474355	-0.615956201607035
-0.12848908323790603	 0.7517829073690332	-0.6467712235995401
-0.10324379688273597	 0.7012516688432099	-0.7053983380685339
-0.09082083629275756	 0.6741719021968614	-0.7329691821511665
-0.06664765595143171	 0.6169288891620031	-0.7841918360155993
-0.08003658185956901	 0.5639008736357701	-0.8219549563553052
-0.0949079012521874	 0.509035748174213	-0.855496988516397
-0.11076486353267	 0.452669959477533	-0.884771751805627
-0.12713867921010097	 0.3947415380275189	-0.9099532264926478
-0.14451272058223905	 0.33482153673659815	-0.9311340462722124
-0.16416176814998504	 0.27278336831787503	-0.9479663221059202
-0.18987600926737905	 0.21061094723074306	-0.9589526213589822
-0.21816639880183594	 0.15003450492941398	-0.9643096337610778
-0.24621522074671207	 0.09064814870009431	-0.9649668275178652
-0.2732550635609662	 0.03164703839286902	-0.9614208938853227
-0.299138584120508	-0.0276032893011165	-0.953810340639132
-0.32383602677518997	-0.08653071767896858	-0.9421478985066097
-0.284044027726958	-0.137502321888783	-0.948900469906007
-0.278466635331113	-0.174031581353435	-0.944547162241776
-0.30111295170290897	-0.23280953886335295	-0.9247327770393968
-0.26002716646575796	-0.28255620555324995	-0.9233351847531528
-0.2461879269033071	-0.35345675266886317	-0.9024742814284704
-0.238776420309914	-0.388306777607206	-0.890058238301456
-0.195733973852637	-0.434370420785754	-0.87921018478306
-0.15162876223265512	-0.4785484520767713	-0.8648699887721386
-0.13290615242376203	-0.5424668890777291	-0.8294972145234982
-0.12146576712737506	-0.5731996482191283	-0.8103630240192513
-0.09408014173580734	-0.6306734881593643	-0.7703245278867024
-0.10135041585821303	-0.6787231687811011	-0.7273671379469301
-0.10737455023048503	-0.7238636282121101	-0.6815366121599051
-0.112795205735564	-0.765991223019582	-0.632878098704669
-0.11782388781861997	-0.8049443616383478	-0.5815342690899119
-0.122616790755928	-0.840561861207061	-0.527656024422008
-0.127272543637477	-0.872699363139203	-0.471378320685706
-0.13180212931791396	-0.9012246937262428	-0.4128222984836259
-0.136060278972163	-0.926048832664554	-0.352024374165532
-0.13968640005434804	-0.9470774686024984	-0.2890189926377511
-0.14214559968127802	-0.9641644023061292	-0.22401257513120706
-0.14279122145979004	-0.9771693718297563	-0.15732350692716202
-0.14035634777355604	-0.9860595982022304	-0.08936758043566344
-0.13194885325408096	-0.9910212617907536	-0.02159534217361809
-0.07091573015836912	-0.9974705582910022	 0.0048419581516117504
-0.045348991670051894	-0.9983585675876058	 0.03498055858521689
-0.030581114437012013	-0.9946649109618995	 0.09852162372264864
-0.015336073250901607	-0.9869258939739104	 0.16044340017913206
 6.46163354722618E-5	-0.975211860284254	 0.221273187227133
 0.05405200962212932	-0.9607732014150394	 0.2720169768571541
 0.06926855317568631	-0.9413054301955552	 0.33037244834475504
 0.08430889265714858	-0.9179203031793698	 0.3877039174808779
 0.09906079255473263	-0.8906270754788043	 0.4438134425662441
 0.11350236358662494	-0.8594627477882827	 0.4984385605312498
 0.090817363532023	-0.82201449051535	 0.562178249191377
 0.0797157196197479	-0.801110509179938	 0.593184082833454
 0.09423176599125498	-0.7600857793377258	 0.6429541059257119
 0.10905425667206999	-0.7154435737265098	 0.6901069930924788
 0.08965278984657386	-0.6608828326873777	 0.7451149298811787
 0.04618235234825522	-0.6236771168848332	 0.7803166307376793
 0.00355367938503394	-0.583548796939598	 0.812070300499394
 0.0228682055081619	-0.528014554055929	 0.848927367848366
 0.0443953286646806	-0.470871129791803	 0.88108423769884
 0.0672342372174935	-0.412686792615033	 0.908388225676059
 0.09030339630746533	-0.3536378001813661	 0.9310132130631772
 0.11306954425164598	-0.29385487485889095	 0.9491388679663217
 0.13534548091979198	-0.23348377890501495	 0.9628950751680188
 0.15709893726567997	-0.17265942260477196	 0.9723726897109878
 0.1783557435531059	-0.11147744308617995	 0.9776308139704816
 0.199144937581522	-0.0499771136833001	 0.978694835964479
 0.21948010576693494	 0.011860403017594497	 0.9755448805733108
 0.239338577255012	 0.0740574763417096	 0.968107708695393
 0.2586331317156109	 0.13651273813599799	 0.9562809082615777
 0.251041040098409	 0.174746436925642	 0.952072517704456
 0.20947493882128204	 0.22668915891200306	 0.9511741561026502
 0.16784065281702593	 0.27792067036205587	 0.9458274769996166
 0.125977028332597	 0.32814658774624	 0.936188872654972
 0.11085315677892098	 0.40070045278341987	 0.9094782706427408
 0.10324852973204898	 0.43581627059456796	 0.8940939097171018
 0.06003261219874973	 0.4817445523401172	 0.8742529792704253
 0.0430245235074942	 0.546981003329977	 0.83603867875421
 0.033975277983997805	 0.5780955083954561	 0.8152614695046673
 0.051979897828374984	 0.6274000073248209	 0.7769603085296998
 0.06967327152307659	 0.6736621593970349	 0.7357478713742879
 0.08702230084875158	 0.7169894336668419	 0.6916308778279718
 0.10406433096635404	 0.7574955995906674	 0.6444928483864664
 0.121100077149123	 0.795291657495415	 0.594008376062722
 0.13859314056987196	 0.8301504632646448	 0.5400390261161458
 0.12352036827748103	 0.8697601912149873	 0.47776555798661813
 0.11870976895703	 0.88703478732387	 0.446180766989642
 0.140601340716817	 0.911005280494443	 0.387686267360446
 0.15114235152816402	 0.9309249992282103	 0.3324674952329831
 0.13341252576760096	 0.9516029146258788	 0.27686276536190596
 0.11745830662408503	 0.9699969758578703	 0.21286007852950906
 0.09753808250616433	 0.9838249010149862	 0.15024941465401204
 0.07557763963459398	 0.9932630227219116	 0.08784411238435336
 0.052700846968481624	 0.9982733948362904	 0.02593935023921651
 0.0294025054311649	 0.998935448247169	-0.0355452234427913
-0.0310920185789208	 0.99584235196475	-0.0856229899851839
-0.06113594710972019	 0.9920608737614748	-0.10989821983370197
-0.08334993328320596	 0.9819336161202995	-0.1698798462284369
-0.10411138036983304	 0.9676432515845554	-0.2298420286639431
-0.12289371204090406	 0.9492237307924305	-0.28960567059591014
-0.13956302855314798	 0.9267556635918488	-0.34877801114964996
-0.15428775800383704	 0.9003347738819443	-0.40693068533731613
-0.16736456413341308	 0.8700561033618134	-0.46367173698133723
-0.17916035448807607	 0.8360036494174803	-0.5186515839562832
-0.19007915943751394	 0.7982615945112468	-0.5715315738223828
-0.1773082660380671	 0.7773764496033796	-0.6035293152752553
-0.15179695241289198	 0.7312704455196359	-0.6649821206225559
-0.13920403941629	 0.706126388138499	-0.694267786509403
-0.11464814532182192	 0.6521608471043665	-0.7493610827087176
-0.102786597302759	 0.623604334406758	-0.774953256347778
-0.11632377766749795	 0.5706766337069078	-0.8128941865274437
-0.13147822313806906	 0.5159551900883722	-0.8464654267371633
-0.147595632943267	 0.459920571075358	-0.875607559034179
-0.163883182540397	 0.402594786713133	-0.90058855211014
-0.1803158700112519	 0.34384602400989683	-0.9215509203482306
-0.198615241136726	 0.282610095093052	-0.938447398706873
-0.224501718066165	 0.221122087159694	-0.949054266707379
-0.2530518692099032	 0.1623890373663391	-0.9537266652624367
-0.28083942666682593	 0.10463253883437298	-0.9540341965812977
-0.3076895454246621	 0.04551019806549862	-0.9503977932994184
-0.3334928600860691	-0.013246425342733001	-0.9426595591661142
-0.357987303192527	-0.0716011537413701	-0.930977102584079
-0.31856904047590523	-0.12321623215195308	-0.9398571841426426
-0.30721291737223605	-0.19641444587106804	-0.9311506799937382
-0.3290124133491782	-0.2547922536446691	-0.9093028864711804
-0.28800361951297504	-0.30489338435465807	-0.9077961992232553
-0.28096856560585887	-0.34046632755340384	-0.8972955727872975
-0.265861813882807	-0.41040595291713	-0.872286907920282
-0.2227702424841921	-0.45657514307027425	-0.8613434609921253
-0.17861787487375907	-0.5006862012835323	-0.8469999897401703
-0.168982908837218	-0.532925930676465	-0.829116836720577
-0.14570426541838596	-0.5949967582504669	-0.7904107316517938
-0.13194174404287107	-0.6242563763613782	-0.7699969822999874
-0.13954677750092903	-0.6727085287489171	-0.7266291572993571
-0.145747525866522	-0.718139551166873	-0.680465461102641
-0.15119515886546706	-0.7604595332155374	-0.6315388525476904
-0.156189293636375	-0.799569604507353	-0.579908054868464
-0.1608988437707901	-0.8353189365683406	-0.5256936715270213
-0.165409628973423	-0.867559423988427	-0.469020575765865
-0.169691566125829	-0.896176811460598	-0.409965724160056
-0.17358877302193002	-0.9210629475502912	-0.3485828230574631
-0.1768051523295631	-0.9420701974984415	-0.2850327719666071
-0.17885031140769098	-0.9590498152714788	-0.21962699728656895
-0.17905776795786604	-0.9719120112755202	-0.15272641576466103
-0.17621546394513302	-0.9806937994993702	-0.08478078726982162
-0.16817873728275906	-0.9856099967590892	-0.016995488063740304
-0.10786454877397497	-0.9941201303373658	 0.009508184674573289
-0.057027835157358216	-0.9959270059412042	 0.06983713091367581
-0.042179895869603426	-0.9902103411627406	 0.13305764404497109
-0.0268958037263896	-0.980471560209247	 0.194813078007501
-0.011382932154231005	-0.9667506957192684	 0.2554672604892511
 0.015568375261176907	-0.9595495112121355	 0.2811091624694561
 0.031089980186299715	-0.9399271299962094	 0.33995647284484015
 0.04647781606341428	-0.9163317827591505	 0.39771330945721783
 0.06157453760087541	-0.8887731261741032	 0.4541925874669801
 0.07632878241102867	-0.8573071851315097	 0.5091152200607808
 0.06515640139488632	-0.8384577480886563	 0.5410575274657661
 0.0433004461640649	-0.796394177182427	 0.603225816682209
 0.058224860181362574	-0.7549058294310756	 0.6532434877959676
 0.0735723609413285	-0.709688182090915	 0.700663822318529
 0.06400663700075691	-0.6822942676661361	 0.7282703362967521
 0.020209836386037003	-0.6454131405829591	 0.7635662646267782
-0.0227563606647722	-0.605546463422959	 0.795484524478787
-0.004179952455244971	-0.5511993603203141	 0.8343631063151993
 0.016163921158960304	-0.4947039387414781	 0.8689112386466382
 0.0382980372004265	-0.436943343838376	 0.898673341443894
 0.0611278546965562	-0.378222577985378	 0.9236942496748
 0.083897479413688	-0.318670648122182	 0.944145238283506
 0.10629529165430297	-0.2584204280013249	 0.9601667528943808
 0.12823753161293694	-0.19761194945470992	 0.9718562923182266
 0.14973990641006701	-0.13636550027597202	 0.9792764730977602
 0.170845413771405	-0.0747575365767471	 0.982457711720079
 0.1915849436772591	-0.012807742486325505	 0.9813924653718235
 0.21194285294151893	 0.04949211710867028	 0.9760280515595398
 0.231808763401956	 0.112087543804838	 0.966282091179307
 0.21693530274795106	 0.18853824065837604	 0.9578060378965563
 0.17531701748753997	 0.24011663605970293	 0.9547816213494298
 0.13354046887736798	 0.29091546763302994	 0.9473833088374888
 0.09146711974888909	 0.34065064101633497	 0.9357301463456238
 0.0837458961839305	 0.377102716816545	 0.92237745302123
 0.0680977130900987	 0.447719988775717	 0.891576981041217
 0.024425322745245	 0.492918484905454	 0.86973258582584
 0.0157335381818741	 0.525679684118234	 0.850537080603564
-0.0027741301494560995	 0.5880421412128709	 0.8088255339439377
 0.014743812561877597	 0.6371092839637769	 0.7706324547268327
 0.03214609749402329	 0.6831650262559509	 0.7295561495297059
 0.04947180547421021	 0.7263195606938742	 0.6855745300232351
 0.06684520190073537	 0.7666849002619567	 0.6385342455132407
 0.08445732110221094	 0.8042546213265973	 0.5882528920345822
 0.10272859443724504	 0.8388951199264724	 0.5345108171482572
 0.09468791570624874	 0.8588520877057223	 0.5033957588843282
 0.0820934049891266	 0.894421806814952	 0.439625186211127
 0.10208531371590207	 0.9178828304402876	 0.38349667313609426
 0.0868256169805	 0.944105348153815	 0.318003779573953
 0.0982532537944698	 0.953631171759241	 0.284488815892465
 0.0814921357988189	 0.971421412862631	 0.222933780380895
 0.061338612693706086	 0.9852277876718307	 0.15988677553844696
 0.038908171808168295	 0.9944537066939457	 0.09771376263975268
 0.015718238906031502	 0.9992272633536012	 0.036025173650735806
-0.00773618830803002	 0.999656247759453	-0.0250507027037931
-0.03804784159183511	 0.9980343787091642	-0.04979699453597161
-0.09815840247192446	 0.9903691339378355	-0.09764172554487736
-0.12007974976123895	 0.9802075967930085	-0.15739733443280793
-0.140571983460738	 0.965948280650047	-0.217217486807882
-0.15920326996094997	 0.9476260526089098	-0.2768739483060779
-0.175826566965392	 0.925317179139863	-0.3359659749704
-0.19055817429461808	 0.8991190108536674	-0.39404642687255115
-0.203644252397884	 0.869140201587461	-0.450693164414344
-0.2154040264102701	 0.8354829325293364	-0.5055386976863632
-0.226229097131631	 0.798210862079272	-0.558282916870714
-0.2005462149669859	 0.7569150493476766	-0.6219813692816047
-0.187775119965898	 0.734048779241937	-0.652620022689478
-0.16265911306064396	 0.6841613719713998	-0.7109607795374768
-0.15052872377586005	 0.6572737305956403	-0.7384662120823813
-0.127368721951379	 0.600393598808928	-0.789496507387928
-0.14187907358409102	 0.5465352995783511	-0.8253299308723282
-0.157923094229314	 0.49120596094575	-0.856607845072879
-0.17426982670658492	 0.4347023155996168	-0.8835518798078515
-0.190584155473468	 0.377008860887942	-0.906389540150614
-0.20688165087681906	 0.3179823716105701	-0.9252498007972763
-0.2271108209990971	 0.2564090837771221	-0.9395078800849375
-0.2562376021468101	 0.19777120866174705	-0.9461653345322503
-0.2841979226457309	 0.14117981851531894	-0.9483141882350136
-0.31142740660957	 0.0819660905761489	-0.946728329780038
-0.337822893635409	 0.0232723699953882	-0.940921935832403
-0.3629190123457379	-0.03491645898661999	-0.9311662748241207
-0.3865643868768751	-0.09290026927834001	-0.9175715311443122
-0.34723593961684285	-0.14509057203672895	-0.9264857948962105
-0.3414450887902132	-0.18179061093116808	-0.9221536884480355
-0.3628919329152909	-0.23995858934408495	-0.9004050868498028
-0.32234155070216797	-0.29096557245671595	-0.9007968474277968
-0.308016238566098	-0.362353823337894	-0.879673634646397
-0.300321758479783	-0.397458684132545	-0.867083292303131
-0.2576966798772661	-0.44467792631972614	-0.8578193067448542
-0.21403093709042414	-0.48989435503332135	-0.8451001590786036
-0.19394969254421204	-0.5547341419615242	-0.8091066360525152
-0.18212573965703008	-0.5860033935853582	-0.7895759859955364
-0.15474872145627105	-0.6451438644634192	-0.7482260536447892
-0.16171031881997602	-0.6923176466095241	-0.7032396810335662
-0.1675615921478219	-0.7363610683178066	-0.6555116245367015
-0.17276268535613612	-0.7772103436438595	-0.6050596138245643
-0.177567064021535	-0.81475235778263	-0.551949756103232
-0.1821102046764051	-0.8488384640802713	-0.4962954112729272
-0.186409506024057	-0.879339888322728	-0.438192716585339
-0.1903662866065309	-0.9061427226475035	-0.37771158721517883
-0.19378894361042	-0.929102304671338	-0.314983734165378
-0.19631262155419815	-0.9480605211962326	-0.2502850430362272
-0.19735679638507395	-0.9629127938948557	-0.18398164656895397
-0.19607593030861306	-0.9736483393850353	-0.11646089801463502
-0.1907180610042901	-0.9804489453717394	-0.04844054836816062
-0.180863611337961	-0.983327049158497	 0.0188750758153199
-0.119928621375168	-0.991765359231769	 0.0449288103885656
-0.0946079421965462	-0.99267503119027	 0.0751373390847169
-0.08020385787483689	-0.9870031140987088	 0.13925585783529698
-0.06508965886084518	-0.9772407537056648	 0.20190058347157694
-0.049503478230792985	-0.9634581793681147	 0.26324464334859893
 0.004267178841920951	-0.9490527974368005	 0.3150882080657962
 0.019903181770232706	-0.9273601238180972	 0.3736402870509341
 0.0353273809537478	-0.901665995514409	 0.430987712919938
 0.0504033126077633	-0.872006283876446	 0.486892746873637
 0.028439900672157906	-0.8340984953091912	 0.5508819040163702
 0.017694962719304298	-0.8129596797868588	 0.5820510693532059
 0.0327452650941121	-0.77315044451764	 0.633376773931672
 0.04806948589573864	-0.7295522108866814	 0.6822337547469155
 0.029092807314461015	-0.6747049465153794	 0.7375139617052974
-0.014407860707517694	-0.6364106233342647	 0.7712158790229396
-0.05718315922687189	-0.5953602174564709	 0.8014214233292107
-0.03847024768588041	-0.5409797970573431	 0.8401552828012112
-0.018302813214435693	-0.48442759040847977	 0.8746398782810396
 0.00342061001211145	-0.426560683576343	 0.904452476725023
 0.0258176889299748	-0.367689268192259	 0.929590258659457
 0.04823044332876	-0.307938635771393	 0.950182940772757
 0.0703798052235574	-0.247430200875508	 0.966346200236437
 0.09220056536367374	-0.18629476245801307	 0.9781581248588245
 0.113726756018245	-0.12465204325591	 0.985661246614522
 0.13501999500664905	-0.06258998342484083	 0.9888640426890254
 0.156111994819088	-1.59937780738134E-4	 0.98773934795244
 0.176939208654246	 0.0625948912864191	 0.982229299107724
 0.1972943950214789	 0.12557839757699896	 0.9722679608806936
 0.19003753934290207	 0.16381515682063008	 0.9680135990967934
 0.14841590862498705	 0.2152355584998921	 0.9652183029886344
 0.10666927428034904	 0.2660270104944551	 0.9580455603007024
 0.06462545895217561	 0.31590550815079604	 0.9465871644889382
 0.0489639581859793	 0.389047413948104	 0.919915561613703
 0.04096475437715163	 0.4245382559586113	 0.9044828125102435
-0.0026020559380339403	 0.4701660346319481	 0.8825741493967322
-0.02041829923926591	 0.5358765993049762	 0.8440493844399803
-0.029900999725543807	 0.5670902858284171	 0.8231127127766023
-0.012592658700254904	 0.6175549225146221	 0.7864269467819742
 0.004687513070885591	 0.6649923443394361	 0.7468354632656051
 0.021987908517668905	 0.7094934922385762	 0.7043688780391482
 0.03940513422777162	 0.7511513893459233	 0.6589528250794443
 0.0570752352825406	 0.790010487133429	 0.610430870563281
 0.07525150272689375	 0.8259906788918245	 0.5586381742426554
 0.05885118657560767	 0.8657972224396707	 0.4969222348158658
 0.05203315935490171	 0.8836331526325533	 0.4652794879383811
 0.0739325474403089	 0.910278009084072	 0.407342515098688
 0.09247045683799889	 0.9323051851457878	 0.34965162142116596
 0.07181244850897167	 0.9630426595359115	 0.2595993223279769
 0.05392374871645772	 0.9791064708800614	 0.1960682228336761
 0.0320427384292916	 0.990501003532278	 0.133719949579345
 0.0089371068252238	 0.997373780212542	 0.0718726002461213
-0.014563686215262904	 0.9998361188251922	 0.010753350008243201
-0.07525759532251189	 0.9964410626952448	-0.03796712948123229
-0.10533556519224796	 0.9925347320269805	-0.061475396914210174
-0.12765538146236202	 0.9844003114088652	-0.12107902577171803
-0.14877483512523898	 0.9721970809594668	-0.18082832800020598
-0.168267632464023	 0.955935297701572	-0.240569554335455
-0.18584445697012197	 0.9356713940682477	-0.29996813186714094
-0.20149376088242585	 0.9114922151593624	-0.3585836109324218
-0.215387936032995	 0.883504781528797	-0.41596554908694
-0.22778720283000606	 0.8518291049308993	-0.4716992327951201
-0.23901170396039817	 0.8165686927031586	-0.5254416955923863
-0.24946261453217305	 0.7777582269471702	-0.5769406766442862
-0.2365289845393341	 0.7573762301359953	-0.6086339503328574
-0.21098972872127794	 0.7120926254810369	-0.6696323073968619
-0.19843682321529008	 0.6873888533752853	-0.6986554168169273
-0.174537098653489	 0.633966043967644	-0.753408160487818
-0.163292077586722	 0.605634269343112	-0.778808595994322
-0.178046339130724	 0.551826869395073	-0.81473100305302
-0.194725939439601	 0.49655303182037	-0.845882317523758
-0.21142854556921992	 0.4403347329744868	-0.8725842612921527
-0.22790895754510507	 0.3830303941896081	-0.8951788783241352
-0.24400871955456604	 0.32455973136041705	-0.9138493998250452
-0.26160445670560906	 0.26603637150851506	-0.9277864825844072
-0.2903093693039719	 0.2155112441925929	-0.9323493839333465
-0.31764016738440615	 0.15483211679444606	-0.9354847618603724
-0.345261165071876	 0.0959572843399239	-0.93358820015857
-0.3717089398614751	 0.03815032756485941	-0.9275651009679873
-0.396634211436913	-0.0194257671178681	-0.917771181662238
-0.41996459563002686	-0.07695564766431177	-0.9042718433689475
-0.381064704421924	-0.129730586320554	-0.915401368808654
-0.3692299836459182	-0.2033233947983901	-0.9068234758234335
-0.38971192636198	-0.261188689570498	-0.883122348766965
-0.3492980953523979	-0.31256025582280994	-0.8833441724849758
-0.342007053712848	-0.34839591435453	-0.872726453175179
-0.3263100873451912	-0.41884233317184316	-0.8474035796714223
-0.283619776077056	-0.466235488284474	-0.837964373993393
-0.23966412932055084	-0.5116003297014436	-0.8251219350898364
-0.22934369283688594	-0.5441671285957169	-0.8070214412962228
-0.20536950923693195	-0.6068860172595248	-0.7677973213880428
-0.19172195434541406	-0.6366694025857731	-0.7469235329222461
-0.199105708452964	-0.684287830963951	-0.701503443509791
-0.205171249345001	-0.728691679903311	-0.653385945733379
-0.21041948767844	-0.769823598778844	-0.602573867644733
-0.2151673811832651	-0.8075866577905644	-0.5490963378437352
-0.21957688588802005	-0.8418453702423042	-0.4930338363493091
-0.22365513542137894	-0.8724665040573247	-0.4344888717765219
-0.22731130133286914	-0.8993151634735636	-0.3735797224594442
-0.230406530951303	-0.922230724679282	-0.310488841913059
-0.23261811394791104	-0.9410663325060572	-0.24552590675306707
-0.2333527352866671	-0.9557597647170034	-0.17908035370282507
-0.2317630975695429	-0.9663536731742556	-0.11156363631396495
-0.22639210726943507	-0.9730574428979332	-0.04365577381103541
-0.21693558013590206	-0.9758995126173452	 0.023645197066804208
-0.15668228488290709	-0.9863960160971854	 0.04973490757479032
-0.10625715891519197	-0.9882264014789918	 0.11008176778719697
-0.0916132628705743	-0.980506292145473	 0.173822959154835
-0.07627893563210561	-0.9687114539670192	 0.23617714311917806
-0.0604704056052254	-0.952881522662214	 0.297254325140746
-0.033635041782168404	-0.9456536014269212	 0.32343152300387407
-0.017698631379328603	-0.9238040726493533	 0.38245626390970106
-0.00195995274324983	-0.89789467251018	 0.440205992307103
 0.013404694615505497	-0.8679635247734377	 0.4964470100878189
 0.002622469940103059	-0.8489262638090237	 0.5285047977707158
-0.018443999425386503	-0.8064817962376453	 0.5909711763043081
-0.003008357756026681	-0.7662904485250203	 0.6424872748023381
 0.0127448876978507	-0.7223095163393	 0.69145247880332
 0.0033258066109690693	-0.6948710557338509	 0.7191266612452288
-0.040455623696835086	-0.6568649913172728	 0.7529221245873039
-0.08351896311595555	-0.6160708739934198	 0.7832504459092376
-0.0651023372568838	-0.563154109719112	 0.823783426872722
-0.04578972602969668	-0.5075387477423657	 0.8604113670391836
-0.0249165095815122	-0.450230238622126	 0.892564787441527
-0.002960845184707179	-0.3917879461465389	 0.9200507804735938
 0.019305281242626305	-0.33239157610715103	 0.9429438722687302
 0.04145979750725899	-0.27215412182802995	 0.9613600881889528
 0.06336004677129531	-0.21119876795306303	 0.9753874024654242
 0.08500946880178806	-0.14965064953269694	 0.9850776991225005
 0.10647073030618003	-0.08761746716670611	 0.9904479607911563
 0.12779866463057404	-0.025178411836478412	 0.9914804833661804
 0.14897083383411594	 0.03760563490781019	 0.9881262606013206
 0.169819077304584	 0.100658023075079	 0.98032109197652
 0.1556416869311241	 0.17706760871266808	 0.9718141423307295
 0.11403359112923298	 0.22813471434368995	 0.9669285869212337
 0.07222911856994862	 0.2784997225555491	 0.9577164815158454
 0.030063831843307694	 0.32787910151265487	 0.9442412090171408
 0.022161673768456697	 0.36457494010786096	 0.9309102928108218
 0.005848148219076723	 0.43582203993432816	 0.9000138602654344
-0.0381477990124535	 0.480603211203534	 0.876108040604215
-0.04727268805363852	 0.5135281601660793	 0.8567695849413803
-0.06674230298914502	 0.5758749439118401	 0.8148088818650913
-0.0499225790689472	 0.626046337891712	 0.77818617239802
-0.0329272204801236	 0.673290403944642	 0.738644589845153
-0.01569659770100751	 0.7176309735640052	 0.6962466535662423
 0.001874926139260999	 0.7590919261461967	 0.6509807464984116
 0.0199175561907058	 0.7976766676406	 0.602756356131711
 0.038647908208802616	 0.8333464885709363	 0.5513981947536413
 0.030236605643977	 0.853253194904997	 0.520619566539278
 0.0154188758117221	 0.889193067658021	 0.457272289448662
 0.03763880920841489	 0.9152290955201338	 0.40117206128389693
 0.0553501067019215	 0.939962037297867	 0.336760648127018
 0.0358701735429074	 0.962566806448116	 0.268660517706411
 0.018042809550871095	 0.9783470998564958	 0.20618295086135294
-0.004374591080485299	 0.9896146097681288	 0.14367945951440997
-0.027958322064698192	 0.9962046499418338	 0.08242953148960257
-0.0517253328458075	 0.99842217845713	 0.0218550567812028
-0.08215752202279729	 0.9966173547806237	-0.0019974296348144794
-0.142232832617311	 0.988654007096631	-0.0483019210532165
-0.16426744091885007	 0.9805079532147323	-0.10779778075929201
-0.1850957158091849	 0.9683414926709456	-0.16749426724783892
-0.20437259674321215	 0.9521634781807207	-0.22719276511198314
-0.22184840804993994	 0.9320251030545068	-0.28655277196695095
-0.23749459527590094	 0.9080082311199008	-0.3451338427816739
-0.25145234728395105	 0.8802217751592172	-0.4024690591597671
-0.26394274625890707	 0.8488035117831292	-0.4581122407030111
-0.275211867668504	 0.81390072151474	-0.51168744699494
-0.2855518521086871	 0.7755944777433543	-0.5629505714104143
-0.2595548456122869	 0.7354228693592468	-0.6259269009577669
-0.24677921608168604	 0.7130018945115942	-0.6562989539325702
-0.22191084992684806	 0.6640416381186421	-0.7140057965657242
-0.210151400582633	 0.637513646447108	-0.741223811966986
-0.18837573958543807	 0.5812266183734403	-0.7916376689052983
-0.20425621972947608	 0.5265318488666192	-0.8252536633247524
-0.22150720103275812	 0.4708410806773272	-0.8539573974369213
-0.238314325880155	 0.414250353411608	-0.878409316195272
-0.2546492638367439	 0.3563738303741038	-0.8989724386497585
-0.27082994589680803	 0.29673600199439903	-0.9157504493724872
-0.29371177087342193	 0.25465931337146197	-0.9213479417481618
-0.319967365510075	 0.191452379724267	-0.927883005182473
-0.34825912872302695	 0.13211477774090197	-0.9280416287880358
-0.375455376732586	 0.0745074745069338	-0.923840839281957
-0.40110785995039505	 0.017158063433422004	-0.9158701248240543
-0.4251187538844508	-0.04015352680046678	-0.9042465036599345
-0.447464871466387	-0.0975193973718748	-0.888968591087332
-0.408711434310367	-0.15076672358283	-0.900124634994544
-0.4026566256578929	-0.18767551177043096	-0.8959048744679908
-0.422693148836117	-0.245384149646393	-0.872420266287599
-0.38278997310133916	-0.2976396889893481	-0.8745755839442353
-0.36794242946138417	-0.36956604714953617	-0.8532521933146854
-0.3599628392981762	-0.4049096650317602	-0.8405206228809994
-0.31780031267815806	-0.4533422637105521	-0.8327567190935522
-0.2743856478517289	-0.4998185252889799	-0.8215192986357268
-0.253225574888467	-0.565079883712441	-0.785214323128367
-0.24111307748409688	-0.5965245909113358	-0.7655213232198117
-0.21396428738642106	-0.6562694662385581	-0.7235535027944922
-0.220785507451159	-0.702486407041956	-0.676584516243771
-0.226475152021777	-0.745433859487715	-0.626926922891307
-0.2314475746930221	-0.7850370500769733	-0.5745858074954182
-0.23597208177108706	-0.8211733588825813	-0.5196070546924081
-0.24013871316968594	-0.8537029029429528	-0.4620873856144339
-0.24389842118274388	-0.8824888086411925	-0.4021530340151788
-0.247153404231449	-0.907381238010054	-0.339962473935209
-0.24972609465867512	-0.9282183110673884	-0.2757673741502641
-0.25115389758271905	-0.9449055461586322	-0.20994101211451305
-0.25072633943086897	-0.9574542066792467	-0.14289067439063696
-0.24738417246658095	-0.9660021815520637	-0.07510563527245398
-0.2398955200504891	-0.9707699614965375	-0.007471366388864624
-0.22923158564651017	-0.9715605038889167	 0.059355432987227244
-0.16857651292268902	-0.9820067504250632	 0.08511581175336351
-0.14343019671259297	-0.9829233316050158	 0.11528010607855597
-0.129055067759597	-0.97524039022359	 0.179585552765543
-0.11381702503633194	-0.9634284537338156	 0.24259286747130088
-0.0979292033439984	-0.947534153610129	 0.304284240266804
-0.04441573133558319	-0.9329983195657928	 0.35712935821258396
-0.028396367453607907	-0.9090313720957373	 0.41575907790592004
-0.012694584920377595	-0.8809831661738265	 0.4729772810950218
-0.033820751745340286	-0.8427902827973727	 0.5371784582182207
-0.0441577446983326	-0.821514908693516	 0.56847458023859
-0.028620389160797413	-0.7830914123618943	 0.6212477068040883
-0.012875846423929905	-0.7408301958967384	 0.6715689342327174
-0.03160041705716601	-0.6860330971682002	 0.7268837618434051
-0.0751391590568629	-0.646706484653208	 0.759028872628517
-0.11802326878239697	-0.6048063287513309	 0.7875784486184568
-0.09939078684835854	-0.5519513980047372	 0.8279318364033843
-0.08012453632837159	-0.4963301604340659	 0.8644283836858078
-0.059577159368133584	-0.4389697621416069	 0.8965244614660358
-0.038041832876901806	-0.3804427301604171	 0.9240217248633572
-0.016151940614478003	-0.32093700634068106	 0.9469628043252112
 0.005724876066060169	-0.26056183271735495	 0.9654401882690617
 0.0274679393840777	-0.199432245422997	 0.979526565128039
 0.0490952636563121	-0.137667810003774	 0.989260951000939
 0.07067837921059547	-0.07537948070555477	 0.9946469225814376
 0.09226541841398901	-0.012664049426643403	 0.9956539129722792
 0.11380238982285097	 0.05039089746451779	 0.9922246587962468
 0.135061110090777	 0.113690068598627	 0.984293180329462
 0.12816653378358503	 0.15186621221934302	 0.9800561173749442
 0.08669413101713885	 0.20273051057349614	 0.9753893928733247
 0.045133993914937	 0.253001321679038	 0.96641256915561
 0.003243169323085211	 0.30243069016846214	 0.9531658614831784
-0.0125861872337196	 0.375958417907176	 0.926551054122573
-0.020863933387223598	 0.4117128712560519	 0.9110747543015948
-0.06469891211429664	 0.4569022670019113	 0.8871608474114155
-0.0834577433776016	 0.522721540724339	 0.84840850769726
-0.09348767428544731	 0.5537787941769361	 0.8273989979910762
-0.07697846557209868	 0.6052580951597359	 0.7922985258611638
-0.0602243405323407	 0.653867454581192	 0.754208446417141
-0.04319086789868461	 0.6995851847720981	 0.7132426783203231
-0.025785061376246407	 0.7424055013122031	 0.6694544063871711
-0.00788991189444263	 0.782314597965009	 0.622833540443307
 0.0106601190294188	 0.81928534312504	 0.573286916301745
-0.006408143485355847	 0.8589657354503577	 0.5119929696971408
-0.014093716968243996	 0.8769165612252477	 0.4804359601350689
 0.008267764790150331	 0.9052044079378112	 0.4248960154147501
 0.029846123261568814	 0.9291608513476435	 0.36846888776283115
 0.0264044597235879	 0.95203316004979	 0.304853516745857
 0.010087898437459702	 0.9699826658615842	 0.24296473454633305
-0.0109252424507333	 0.983667619936492	 0.179662607589531
-0.034456721066305214	 0.9923789369914464	 0.11830798700462106
-0.05838614982069931	 0.9966284472285752	 0.057643695959523816
-0.11926094648957106	 0.9928030217706264	 0.010908098162612404
-0.14925167273648604	 0.9887281434805082	-0.011857338442868303
-0.17165363798218403	 0.9825823447979672	-0.07118261205385781
-0.19298315361214607	 0.9724463791909155	-0.13078815703414806
-0.21295183679066995	 0.9583088556168837	-0.19051417914091995
-0.23126661975065604	 0.9401983789861912	-0.25008550286021003
-0.24779284311601493	 0.9181792347580028	-0.30910451268088995
-0.26259049188020506	 0.8923437243477103	-0.36710885468940907
-0.2758392713755438	 0.8628167615593555	-0.42362711473563075
-0.28775683553355996	 0.8297570158865768	-0.4782251542847939
-0.298555247341033	 0.7933222003087	-0.530570118629477
-0.308507290818041	 0.753559993994924	-0.580491676910602
-0.295421995102816	 0.733787940214757	-0.611785177660309
-0.2698521103243791	 0.6895274691207913	-0.6721098927120144
-0.25761745052121093	 0.6652006292495227	-0.7008147915341048
-0.23454337932069805	 0.6129065312372202	-0.7545428994984882
-0.224068903461897	 0.584958502070982	-0.779497708371395
-0.24019870262346105	 0.5301651245583621	-0.8131602080525232
-0.258191931954364	 0.474628969585171	-0.841465547425557
-0.2756674098829329	 0.4178567599251849	-0.8656807767955008
-0.291355015193453	 0.360131649847865	-0.886237806629506
-0.3154107209300401	 0.33008237151211106	-0.8896975357610772
-0.32525831976415015	 0.26524935805663413	-0.9076617230415445
-0.352398115778633	 0.204017351436664	-0.913341386508045
-0.381333253039361	 0.146907081524909	-0.912690122398754
-0.40859940836604214	 0.09000444732613631	-0.9082652272020753
-0.4341645491632468	 0.03315542029651829	-0.9002232291797606
-0.45796746996351323	-0.02382488258826581	-0.8886496336717155
-0.4799833545257432	-0.08088128886653814	-0.8735411819081583
-0.4417028707380009	-0.13450213582837697	-0.8870218427070518
-0.429304763959295	-0.208491471197966	-0.878765455670375
-0.4482922328446381	-0.26597572708056305	-0.8533996640350492
-0.4085852945364241	-0.31854985558642307	-0.8553268653529202
-0.4010426299558971	-0.35465278585623905	-0.8446219334367692
-0.38484078939801913	-0.4255080639039811	-0.8190485055039142
-0.3426011247763652	-0.4740511519041332	-0.8111103344677183
-0.2988387062200991	-0.5206535168731622	-0.7997595532610443
-0.28807162669760694	-0.5533372993058949	-0.7815577848685618
-0.2636814265048809	-0.6162448819685018	-0.7421013076150577
-0.25015404449319006	-0.6461952951328571	-0.7210094275194041
-0.2573237549040109	-0.6927571527549127	-0.6737002393268147
-0.26319445588231993	-0.7360399991775027	-0.6236776394930249
-0.268195555528295	-0.775933151984167	-0.570963122843135
-0.27264836119089997	-0.8122893123029638	-0.5156054152724688
-0.2766699524393081	-0.8449535758938034	-0.45771955606190323
-0.280219291339942	-0.873784457155811	-0.397464301785538
-0.283219498752309	-0.898638151995765	-0.33501669705274
-0.2855478306728941	-0.9193584364641362	-0.27063351917348105
-0.2867501723229629	-0.9358786740485695	-0.20470819752477593
-0.28610108063838985	-0.9482578155268463	-0.1376709372009909
-0.28262176807712597	-0.9566723102551068	-0.07002161809124359
-0.275355242918543	-0.961339191846059	-0.00253937355195367
-0.265033994663913	-0.962099206470242	 0.0642035714101587
-0.20502848940003696	-0.9746100500574558	 0.08999204887845579
-0.15486939138352296	-0.9764475305588688	 0.15021881266334197
-0.140119371421448	-0.966706252915778	 0.214115815216892
-0.124536612550846	-0.952842503278387	 0.276734161390562
-0.10835481253884603	-0.9348739165488782	 0.33803845159424206
-0.08165873713401012	-0.9275457813429422	 0.36467886443087105
-0.06535878444055039	-0.9034173902509738	 0.4237513991582489
-0.0493908292741526	-0.875137806583465	 0.481346409015268
-0.0597302134068265	-0.856007168096477	 0.513501732980352
-0.07999992539124816	-0.8134200714062106	 0.5761491120976497
-0.06417959602360493	-0.7747158912641143	 0.6290439311185634
-0.04811983325089879	-0.7322012102558849	 0.6793863917887399
-0.0574319187488301	-0.704844868527298	 0.707032733343771
-0.101220476780942	-0.665772421460754	 0.73925739624472
-0.144385103822897	-0.624101229387526	 0.76788709929978
-0.125930097388393	-0.572922760627742	 0.809877225835149
-0.10700856586478102	-0.5185875167101252	 0.8483019240482652
-0.08724373985586951	-0.46197517880219513	 0.8825913346655072
-0.0663154328367224	-0.403968512840535	 0.912365992352348
-0.04473851177888011	-0.34490403673831704	 0.9375711551692623
-0.022989539380088814	-0.2849102784158892	 0.9582784638778397
-0.0012817683384595106	-0.22409422829494108	 0.9745666390323554
 0.020353650858183005	-0.16257114608192602	 0.9864868733837022
 0.0419757781697386	-0.100456046421634	 0.994055640688377
 0.06365264515167841	-0.03785572929694431	 0.9972538716518432
 0.08538090456058364	 0.02513165051278591	 0.9960313756498435
 0.10700648771662503	 0.08841144736949282	 0.9903196592820842
 0.093551553509413	 0.164632882540598	 0.981908407552532
 0.0521797706650412	 0.215121860528757	 0.975192215235535
 0.010666841229904106	 0.2649472143785091	 0.9642039162393214
-0.031253681939976304	 0.31386269533612504	 0.9489538533783072
-0.039149890212794095	 0.35070854979972793	 0.9356659656061548
-0.05588790907491053	 0.42236667332160416	 0.9047004669427754
-0.10019182228965705	 0.46653720276761224	 0.8788086465096084
-0.10984616987832906	 0.49938187414381424	 0.8593902272772673
-0.13046389553748206	 0.5610991512329192	 0.8174025412530124
-0.114285010347121	 0.6123272410125	 0.782300636791239
-0.09776431103867095	 0.6607848163772684	 0.7441811378504524
-0.08083439630515303	 0.7063906328952522	 0.7031913495854643
-0.0634046942231408	 0.749074328681021	 0.659444838376606
-0.0453508942459859	 0.788774457720653	 0.613007464260085
-0.02648012686268601	 0.8254335888696873	 0.5638778176582622
-0.035160197175769396	 0.8452525798218897	 0.5332089992104418
-0.05110737030874611	 0.8811872255257183	 0.4699969258095331
-0.02864455389268329	 0.9088547647298688	 0.4161279925216569
-0.00844415743941671	 0.933781941527565	 0.357742899135887
-0.012058092643095502	 0.9476675156043353	 0.3190311619107411
-0.02461004555043039	 0.9673555715906675	 0.2522251846475659
-0.04695331599346282	 0.9805946923915264	 0.19034031462300807
-0.07115187017903328	 0.9890878133520148	 0.12900662327398696
-0.09551487893941574	 0.9929727423538305	 0.06987160255427403
-0.12596717197439097	 0.9909153418166968	 0.04710686719655029
-0.18575678301514803	 0.9825932571476202	 0.0022155297095924303
-0.20792379654963095	 0.9764756388813017	-0.057122863196283985
-0.22898994920143712	 0.9664013562515594	-0.11675624951097806
-0.248721387297134	 0.952357956871022	-0.176499273328368
-0.26688069820466404	 0.9343686896639533	-0.23607169398608105
-0.28335303483991997	 0.9124891334436868	-0.29508412189441297
-0.29819129697499397	 0.8868029306372728	-0.3530757887784369
-0.31156281669469593	 0.8574312274134108	-0.4095611083948269
-0.323659175496575	 0.824544527638835	-0.464080876634373
-0.334620065231728	 0.788344414304952	-0.516277538130894
-0.3445510252755061	 0.7489846507466311	-0.5659563445421781
-0.318157385245979	 0.710241456753858	-0.62795935483246
-0.305303478835549	 0.688436337589597	-0.657909716372341
-0.281353804287365	 0.640179458471525	-0.714849842809056
-0.27003174384312695	 0.6146560809801219	-0.7411347781822128
-0.24950888136510105	 0.5593014811722121	-0.7905233527723933
-0.26816170620415397	 0.5038899949233658	-0.8210871892447278
-0.285540822086894	 0.447951157514968	-0.847234441818167
-0.30282172342022196	 0.3901078620178539	-0.8695486529324657
-0.33736771047605607	 0.3027626312356991	-0.8913572892254712
-0.3540755553729272	 0.2394182111489681	-0.9040516695729185
-0.3833028496202859	 0.18300177279161298	-0.9053117013648367
-0.41147229997860496	 0.12629402875155296	-0.9026296940894528
-0.43790228372574214	 0.06968533306670222	-0.8963177696906173
-0.4625364255836991	 0.012884709927604704	-0.8865066493029462
-0.4853461921766791	-0.04401043243743661	-0.8732136941071572
-0.5062965719432599	-0.10096561001325698	-0.8564284715217928
-0.4681796722293858	-0.15492406259802094	-0.8699461646212997
-0.4618285737570919	-0.19199943616955598	-0.8659391346809909
-0.4802861329216519	-0.24932721619409995	-0.8409287542878208
-0.4411105921142231	-0.30270648743431305	-0.8448610702297862
-0.425805906925233	-0.375134505032123	-0.823385348887071
-0.41763488805464	-0.410635024212262	-0.810530676266965
-0.3760607409692381	-0.4601171581337531	-0.8042826119546451
-0.33296090998192485	-0.5077464147571967	-0.7945631571657606
-0.311092078613112	-0.573102119744568	-0.758139617068292
-0.29882639602326305	-0.6045757059551881	-0.7383705037503421
-0.2718833734233	-0.664510864805908	-0.696063748381476
-0.278470861088693	-0.70959666496922	-0.647245357332969
-0.28390873131471206	-0.7513513920866952	-0.5957070738984521
-0.288603105975121	-0.78962178793351	-0.541484698991763
-0.2927959799562848	-0.8242332608512505	-0.48467519621696464
-0.29652222404591905	-0.8550321189344052	-0.42543465566101113
-0.2997023615466469	-0.8818868973162758	-0.3639422960102819
-0.30228453926771703	-0.9046461465596052	-0.3003987463931261
-0.304030013795888	-0.923187719129697	-0.235138652627296
-0.30431638077752504	-0.9375319061613632	-0.16859853297081004
-0.30231856792476597	-0.9478161958223738	-0.10123212150657697
-0.2970052050771771	-0.9542826225133164	-0.033653893180005716
-0.2882011200631259	-0.9569868727591248	 0.033410174514220396
-0.27692767286356296	-0.9557085482955988	 0.09966059761556188
-0.2166339377088131	-0.9681868897891215	 0.12523531240525407
-0.19158554182508794	-0.9691083727584447	 0.15531883985230796
-0.17697627477304897	-0.9594145200325828	 0.21955221911450395
-0.16140832394276797	-0.9455630507041838	 0.28259134824863896
-0.145110006854235	-0.927560556443214	 0.344346482545588
-0.091900317146606	-0.912764320961018	 0.398014605371367
-0.07560018948498609	-0.8864639296048927	 0.4565811131215199
-0.09580309800320007	-0.8481928928824628	 0.5209516127978379
-0.10575174495061307	-0.8269005193317366	 0.5523152175785173
-0.08986637348899322	-0.7900257754628502	 0.6064514069736001
-0.0738261589395362	-0.749293751964749	 0.65810984761119
-0.0923581327267307	-0.694744856610741	 0.713301871252384
-0.13594822347021898	-0.6544260865593579	 0.7438041259403549
-0.178960314751212	-0.611730844546311	 0.770557317514281
-0.1602202940963421	-0.5607451882878373	 0.8123387785719204
-0.141204667067603	-0.506472736099837	 0.850615429901123
-0.12167069984834505	-0.4498501681707172	 0.8847774109883184
-0.10113980849466193	-0.39181347858551474	 0.9144686638351155
-0.0799657862310386	-0.332717376321634	 0.939630044499483
-0.0585419006567819	-0.272695103435423	 0.960317773671734
-0.0370475660524628	-0.211847709930372	 0.976600238402001
-0.015496881301252307	-0.15028051279590104	 0.9885219340731575
 0.006176475792634631	-0.08810074774148521	 0.9960924201067762
 0.028034157244547206	-0.025414759214805405	 0.9992838315722122
 0.050051087828677614	 0.03767254857014861	 0.9980359050111353
 0.07203503498235651	 0.10105982135252303	 0.9922690493224542
 0.0654902597366704	 0.139096429884224	 0.988110929538322
 0.024281657274620807	 0.18934389252696907	 0.9816105599894153
-0.0168087520114311	 0.238958363666552	 0.970884321785877
-0.058170058895165626	 0.28779857325882213	 0.9559227089458224
-0.073767785479377	 0.361525412675502	 0.929439449246306
-0.08220355404057336	 0.39743851097395727	 0.9139393884158306
-0.12626238235231002	 0.4420049072825581	 0.8880819065496472
-0.146240586751987	 0.507264165282158	 0.849291915307705
-0.15688641224936709	 0.5377853222102292	 0.8283559626554043
-0.14100790731357604	 0.5902226943418514	 0.7948295044592213
-0.124771881715767	 0.640005214397459	 0.758172343914739
-0.10811886422261296	 0.6870032728809107	 0.7185658037021586
-0.09097280588115814	 0.7311076220086853	 0.6761697964497634
-0.07322205679239843	 0.7722340001167454	 0.6311047293934513
-0.0547079161065121	 0.810308408863025	 0.583444364478016
-0.07228902523160274	 0.8499048280425106	 0.5219540976954733
-0.0804522500573933	 0.867894677577582	 0.490190028553425
-0.058592174159689016	 0.8972317196293172	 0.43765534204241013
-0.036450560005602	 0.922860239687647	 0.383406226708614
-0.0347935857273517	 0.957000704404914	 0.28799142029014
-0.05294847886795313	 0.9724923024570497	 0.22683734315001214
-0.07716893052976319	 0.9833539921766078	 0.16449888215796699
-0.10190127953322996	 0.9891593076322066	 0.10573548767591796
-0.16264758339725802	 0.9847890062266772	 0.06112590964644781
-0.192427910616851	 0.980535822330057	 0.0390000043993897
-0.214994652010369	 0.976406792115019	-0.0201761224867078
-0.23652490070351506	 0.9683497498939502	-0.07971658063111112
-0.25683926407107605	 0.9563392624764402	-0.13945898134378604
-0.27571467340072897	 0.9403785128030698	-0.19917246679653397
-0.29298172655366506	 0.9205037776411302	-0.25852369959839705
-0.30861665436544294	 0.8967787184062318	-0.31708625145527397
-0.3227383507606512	 0.8692980004219606	-0.3743807465811722
-0.33553490466283103	 0.8382040960518512	-0.4299188541048231
-0.347161101935942	 0.803695223974314	-0.483273376323898
-0.35768794733150416	 0.7659860061539273	-0.5341580016344702
-0.36715824842370504	 0.7252067487839081	-0.5824688765356572
-0.35370795224242324	 0.7063639377909684	-0.6131400100376004
-0.3280768156022409	 0.6632747736774928	-0.6726307885217297
-0.31640217491636413	 0.6392106935224112	-0.7009274948201082
-0.2952656204740929	 0.5889578768711138	-0.7522943789750917
-0.28476788741440906	 0.5614867882574751	-0.7769426213755042
-0.3050822460751841	 0.5059728840769541	-0.8067938173465202
-0.32231449071291723	 0.4502182731592593	-0.8327165637778365
-0.33859833336149	 0.391950042983318	-0.855410037613656
-0.3539836675415942	 0.3307588926793412	-0.8748109041543426
-0.385755277971748	 0.255676407975154	-0.886466265529525
-0.41514025657273	 0.198721577826687	-0.887788433062067
-0.443394923621587	 0.142636434812431	-0.884904395497393
-0.4698853031292501	 0.08613545894407781	-0.8785149313561073
-0.49448911968272813	 0.029505200297837906	-0.8686828844122492
-0.5171618097966748	-0.02720784495826719	-0.8554550810302987
-0.5378506257935218	-0.08395409326799946	-0.8388494588166967
-0.500225749246546	-0.138002499348068	-0.854827181343936
-0.487231487245932	-0.212258764616025	-0.847084231159922
-0.504569168853869	-0.269363340223948	-0.820276383169425
-0.4656513694655899	-0.32300773266080895	-0.8239143200334268
-0.457917604765361	-0.359344621590599	-0.813131545433987
-0.4415235793555272	-0.43035988228061517	-0.7873038172119443
-0.3999167119973819	-0.4797853339141469	-0.7809434402222057
-0.35647271145993004	-0.5274533991353562	-0.7711809889545802
-0.34538953228620317	-0.5601243731148172	-0.7529719500949893
-0.32077658549586097	-0.6230080709460959	-0.7134166564733689
-0.307334291941968	-0.653002940832621	-0.692194186814999
-0.31414110649298504	-0.6983266205808891	-0.6431603969457681
-0.319675354068477	-0.740348413090467	-0.59134752492559
-0.3243751441393042	-0.7788487628339014	-0.5368196815474512
-0.32851391006514186	-0.8136042486253067	-0.4797152671247418
-0.3321338784197341	-0.8444506796237322	-0.4202262920009671
-0.3351406552215991	-0.8712757371630392	-0.35855171321392404
-0.33752430715186604	-0.8939370710970203	-0.29487939059916307
-0.339105086241395	-0.912312542854224	-0.22955078879428
-0.3392429570649941	-0.9264633803999662	-0.16303318944210804
-0.337130232068773	-0.936571338095162	-0.095798409610459
-0.33188744942708204	-0.9428903887023062	-0.028433005567474006
-0.323370891582048	-0.945491887708334	 0.0384233881270548
-0.312380821284395	-0.944193186573042	 0.104486596856877
-0.2527028396966991	-0.9587612071712804	 0.13007006739712906
-0.202665690742377	-0.960616621543758	 0.190111346872752
-0.18758380482077008	-0.9488683824693874	 0.2538919236976471
-0.17158969957799797	-0.9329552936574578	 0.31646705205322595
-0.15496032960560696	-0.9128512862009728	 0.37774306814255587
-0.12842987284869595	-0.9053618866787375	 0.40475377936417684
-0.111881117033139	-0.878894544170259	 0.46371003426621
-0.12173850133633797	-0.8597801208362188	 0.4959414089458949
-0.141259394063284	-0.817263853920134	 0.55868199958875
-0.12521702505717805	-0.7801909864776093	 0.6128806745647353
-0.10897666386298405	-0.7393019537984183	 0.6644973347148473
-0.11820577740777305	-0.7121062930968463	 0.6920491467513652
-0.16199193414329907	-0.6720075416488613	 0.7226094915233033
-0.205311015660914	-0.629488795524697	 0.749393917213871
-0.186920750952815	-0.58027122938774	 0.792682744361246
-0.167772735906589	-0.527699385119899	 0.832697825162585
-0.148674171501102	-0.472103346452624	 0.868915658160615
-0.128805453343847	-0.414696753881215	 0.900797289910038
-0.10810433092013101	-0.3561070444052521	 0.9281709037463233
-0.08695842971511868	-0.29654500399390693	 0.9510516768860328
-0.06562910408970483	-0.2361164224326421	 0.9695059854142174
-0.04418977541024222	-0.1749173646402491	 0.9835909613739354
-0.022597072131552903	-0.11304639638064003	 0.9933327159599812
-7.774472207564298E-4	-0.05060467554464289	 0.9987184600220628
 0.02128869445883601	 0.012302720161841705	 0.9996976715811925
 0.04348820301443179	 0.07557046960269699	 0.9961916885432258
 0.0306883124477439	 0.151433857371334	 0.987990897893674
-0.0103335453363848	 0.201256488566507	 0.979484070136243
-0.05122550309484342	 0.25037269627070113	 0.9667933909552855
-0.09248789173990579	 0.29867610643025494	 0.9498623970497888
-0.10015227373686604	 0.3355820812473962	 0.9366718682713825
-0.11709057747274705	 0.40744896926637014	 0.9056904184713844
-0.161819922027074	 0.450687282812785	 0.877892525281985
-0.172241994657157	 0.482970773942953	 0.858528931832509
-0.193843615583887	 0.543468272302625	 0.816741629707808
-0.17815680997053893	 0.5957007650143957	 0.7831990485326097
-0.16205849644223302	 0.6454041424564542	 0.7464519653875471
-0.14551157217222999	 0.6923420627672198	 0.7067452514783508
-0.12841446850925603	 0.7363639365757011	 0.6642874958842911
-0.11064122694166897	 0.7773610284746888	 0.6192482138122128
-0.0920189479114737	 0.815242507744568	 0.571762334184068
-0.100903325525661	 0.835029196551729	 0.540874070190129
-0.11752304808770894	 0.8710152851861557	 0.4769913061474538
-0.09592669422396002	 0.9000932798005692	 0.4250060670074221
-0.07312611533756358	 0.9257116455724987	 0.37109368157797296
-0.049279509268435016	 0.9470888759587422	 0.31716587300885407
-0.08827804966416401	 0.9680422763200722	 0.23473631420073104
-0.11386899368451803	 0.9775506558060653	 0.17728104131690803
-0.13868137742876305	 0.9831005727744344	 0.11950204753492706
-0.1689355538417551	 0.9807748878167256	 0.09768008024294947
-0.22819602619242094	 0.9721179622335748	 0.05397444888861869
-0.250650829278971	 0.968062796953481	-0.00534630118566593
-0.2720024241400579	 0.9600989771915246	-0.06499719422960097
-0.29211474418253314	 0.9482035934082245	-0.12481555062933405
-0.3108177673391541	 0.9323762766786464	-0.1845719214646901
-0.32798321750624493	 0.9126438062885988	-0.24394321445227796
-0.34360322676185595	 0.8890562702538117	-0.3025157365844329
-0.3578013129787341	 0.8616918954281862	-0.35981286495076004
-0.37076656200412084	 0.8306798446110827	-0.41533498799950885
-0.38262823746041	 0.796220975119078	-0.468644631547578
-0.393387113197389	 0.75855320465092	-0.519464738826462
-0.4029497725487831	 0.7178668378541812	-0.5677135579780731
-0.37580739324689605	 0.6811058779071413	-0.6283817201839302
-0.3630458561155151	 0.6596071871699513	-0.6581155407609652
-0.34073521216273406	 0.6118839118169042	-0.7137910013806981
-0.33282631498587706	 0.5867007976457631	-0.7382471253548821
-0.3101158382230971	 0.5342397778648391	-0.7863943200647582
-0.33027257058586584	 0.47956332911527877	-0.8129815757361757
-0.347642151905829	 0.421947760931709	-0.837320142635421
-0.362309597553409	 0.363692512799914	-0.858172192309895
-0.3772963566186899	 0.29968968700280596	-0.8762611202069978
-0.41559824395004513	 0.23523704527300707	-0.8786020897749243
-0.4449874211991271	 0.17915703402090405	-0.8774331610643532
-0.4724817104362619	 0.12274561987852797	-0.8727511364093777
-0.4980931229836978	 0.06620788238570857	-0.8645922490667767
-0.521731607080415	 0.00957998915440277	-0.853055891475517
-0.543357704527435	-0.0470949619022714	-0.838179258568297
-0.562917749601014	-0.103759391513935	-0.819974143407454
-0.525420628272047	-0.157978220646312	-0.836047872545366
-0.5187979045652799	-0.19517675834769094	-0.8323189095650548
-0.5356193721367382	-0.25212755843772805	-0.8059426669857332
-0.4971168905892802	-0.3063269326072331	-0.8118119286203483
-0.481541766831347	-0.379133754285792	-0.790174109394952
-0.473420149023022	-0.41461947906587	-0.777151240157388
-0.4327081926139319	-0.4648280861538009	-0.7724626012742488
-0.390040123419473	-0.513372711974217	-0.764406410702553
-0.3676448837579208	-0.5785948774352557	-0.7280557720753996
-0.3552969572124359	-0.6100137611372369	-0.7082706286574268
-0.328479275775712	-0.669982016694405	-0.665751802620137
-0.33466769459044793	-0.7137785313717299	-0.6152379558758799
-0.33975558637305014	-0.7541807678687813	-0.5619408428875412
-0.344154867884787	-0.790913850148032	-0.505976984214916
-0.348013480910804	-0.82376780534767	-0.447541305330613
-0.351280732372721	-0.852610448158843	-0.386855620036806
-0.353886124701816	-0.877338775568921	-0.324100730679147
-0.35585029899660114	-0.8977888400488194	-0.2595106228805001
-0.35674310996891223	-0.9139364155653675	-0.19353186247550214
-0.35581315281877	-0.925936194554316	-0.126645820678926
-0.3522285362967871	-0.9340296237718952	-0.05936093104690161
-0.3453782741739862	-0.9384320531747846	 0.0076895580339241655
-0.33567234035518717	-0.9390643345883024	 0.07404225431941153
-0.323823351921471	-0.935767821494556	 0.139560098185965
-0.26390987537391614	-0.9503231989410534	 0.1650375570425321
-0.2388896197422381	-0.9512635968155775	 0.19501107392376307
-0.22385426504784006	-0.9395944858117272	 0.25894298648947306
-0.20779712785023102	-0.9237407797577563	 0.3217504086551051
-0.19099373789905708	-0.9036533622451315	 0.38331709195705815
-0.13815501200099506	-0.8884768445559674	 0.4376323678007332
-0.15736668065813392	-0.8503576893188367	 0.5021230208175778
-0.166946733008416	-0.829143711700575	 0.533525532364863
-0.15087689580087496	-0.7939493552026088	 0.5889656897365529
-0.134695934705716	-0.754887211419801	 0.64187405556588
-0.15309567775101	-0.700719533520587	 0.696816940664225
-0.19673919025569206	-0.6594434724848132	 0.7255535801129411
-0.23995044366535218	-0.6159584313200753	 0.7503459172078656
-0.221283069120986	-0.56705193852674	 0.793401476135168
-0.20179145096075896	-0.5147013265746508	 0.8332843180700368
-0.18282885376406	-0.459122063251278	 0.869356394850357
-0.16333495916727298	-0.40172319593072386	 0.9010772247510368
-0.143073442146005	-0.343170654654881	 0.92831238919678
-0.12232398460466197	-0.2836884828234029	 0.9510823768232668
-0.10129101204681	-0.223377079525289	 0.969454904171043
-0.08001570568900152	-0.16230933606807102	 0.9834902980041202
-0.05844082950381579	-0.10055573239922097	 0.9932135793113998
-0.036500374392302894	-0.03820025505168569	 0.9986032561449057
-0.014197402689031607	 0.02465462135668601	 0.9995952097737585
 0.008324781966705549	 0.08789977536962798	 0.9960945374286397
 0.0020717427060472607	 0.12571192296170206	 0.9920646250660444
-0.0388757015978355	 0.175282930265588	 0.983750260067455
-0.07940320942645258	 0.22411276376822495	 0.9713231179421947
-0.119740746215542	 0.272112714586328	 0.954786271505935
-0.13453296411913404	 0.34582975511255903	 0.9286025317885512
-0.143024961591714	 0.381812584983964	 0.913106242618871
-0.18741635707860096	 0.42546731802438886	 0.8853545450227948
-0.20917043936125004	 0.48891121125730114	 0.8468846171730482
-0.21999142510781106	 0.5189084084272981	 0.8260374304730282
-0.20455132525241995	 0.5722112013631129	 0.7941870663590928
-0.188693122411883	 0.623192458125538	 0.758963810527158
-0.17243362854828298	 0.6715201325599549	 0.7206437089937949
-0.15566731838461395	 0.7169878632188647	 0.6794822219777277
-0.138268923200784	 0.759460213143374	 0.635690089217314
-0.120083107736748	 0.798839511520246	 0.589436580193645
-0.13796930241819996	 0.8383568080332188	 0.5273730501405889
-0.146359881784115	 0.856345751252442	 0.495227967017242
-0.12536552566014109	 0.8871584560078546	 0.44410962487849326
-0.10307826879199895	 0.9144415643791035	 0.3913713017567108
-0.08016501455132004	 0.9381073449614035	 0.33693943041955315
-0.09389310362736455	 0.9584403742939884	 0.2693995805758071
-0.11937425071010498	 0.9697292096980328	 0.21301419700533994
-0.14456816748246398	 0.9771616419593008	 0.15574071540276696
-0.20471396144047005	 0.9722955693159022	 0.11284289911206402
-0.23417386959124595	 0.9679036524620788	 0.09124208651291178
-0.257169781817724	 0.965836121999891	 0.0320045115575282
-0.279045349422814	 0.959881560697238	-0.0275877218873597
-0.29972242650295194	 0.9500139054126868	-0.08740735995165097
-0.319068838313923	 0.936219726538078	-0.147267443985324
-0.33694887426674397	 0.9185086963394558	-0.20689908380456296
-0.353303590114498	 0.896912947677175	-0.265939349290864
-0.36820119597611717	 0.8714855476201433	-0.3239457046651122
-0.38181610433770713	 0.8423150458427552	-0.3804232196058681
-0.3943228666049488	 0.8095584344156437	-0.43488460324429484
-0.4057623911624981	 0.7734447088755192	-0.4869703935872851
-0.416038934867891	 0.734204205869257	-0.536521936884117
-0.42494242786779	 0.691975745945799	-0.583603889655118
-0.4111314298668819	 0.6741716248428589	-0.6135662699597759
-0.38500438362914013	 0.6319302564983631	-0.6726334629709251
-0.373990713021016	 0.608191468046426	-0.70016718344233
-0.3586275686498221	 0.5583167608560072	-0.7481100597850382
-0.34293492177369395	 0.5361285140990879	-0.7713377054170077
-0.36466454205443016	 0.4805194836174132	-0.7975718134640213
-0.381812573414915	 0.424786089321611	-0.820838557270023
-0.3969147348884503	 0.3647543592172052	-0.8422665555870525
-0.40836436809210913	 0.30742876865831903	-0.8594917655649542
-0.4424250622951129	 0.25401186398495995	-0.8600802504464637
-0.474750378487164	 0.196345446274036	-0.857939708752162
-0.502865610694482	 0.13969713192732	-0.853001107216249
-0.52869579899849	 0.0831411716601008	-0.844729718724477
-0.5523992290255212	 0.02653601021267771	-0.8331572072148223
-0.5739726577579082	-0.030091509288380013	-0.8183213850407863
-0.5933760414136	-0.0866707618595771	-0.800245620116103
-0.556526523989886	-0.140699922302032	-0.818829506038917
-0.5429018537627563	-0.21505472826969813	-0.8117937182744206
-0.5586043343353297	-0.2717289009192429	-0.7836610249763627
-0.5203636884495533	-0.3260429196342022	-0.7892513201126633
-0.5125564072839542	-0.3625245290474592	-0.7783713093319173
-0.4966672904846913	-0.4332192054151113	-0.7520922301301185
-0.455920321329037	-0.483144580087618	-0.747467708554147
-0.4126701858888532	-0.5317965711195062	-0.7395239851580173
-0.4013594630200441	-0.5643486975610481	-0.7214021964240271
-0.3765706525406608	-0.6270722311620108	-0.6818907247870428
-0.363168675130603	-0.657062930420984	-0.660588237005831
-0.36945407921966	-0.701008259906333	-0.609992707244151
-0.37456715047693995	-0.7415917016909579	-0.5565439764894549
-0.37897402460888274	-0.7784515406851424	-0.5003917340211307
-0.382811258433768	-0.811345849735424	-0.441784395982314
-0.386002506659713	-0.840149675334816	-0.380986335564967
-0.38845289394554017	-0.8647942642339014	-0.31817484145274616
-0.3902868675640379	-0.8850911788291688	-0.25355426670802395
-0.3910904563371821	-0.9010273944942693	-0.18761100536174105
-0.3900933539332601	-0.9128094002205682	-0.12085600558543602
-0.3865263281258999	-0.9207080970128718	-0.05379588980996169
-0.37988818858315	-0.924941224305563	 0.0129882930032979
-0.3704810237088009	-0.9254689585580818	 0.07906337848269909
-0.35887780721945817	-0.9221667627711344	 0.14427467250200104
-0.2995487588604178	-0.9388669457605745	 0.1697038574204899
-0.24950285089264596	-0.9407887947461068	 0.22948806303729594
-0.2339195902960881	-0.9270824619688844	 0.2929159162377871
-0.217380352759503	-0.909163509664742	 0.355200640382647
-0.200260725812375	-0.886936324932842	 0.416220611228859
-0.17394977598579198	-0.8792203539078558	 0.4435234432458309
-0.183274957300522	-0.860247474816573	 0.47579887778157
-0.2020480905948551	-0.8179753697523573	 0.5386026954680673
-0.185963876386994	-0.782648287347108	 0.594036274138004
-0.1697102388978959	-0.7435129705117497	 0.6468283369596707
-0.17889885175981401	-0.7165336535552781	 0.6742215690422141
-0.2226932057901929	-0.6754390603554037	 0.7029863525283376
-0.266139315774749	-0.632097540600273	 0.727751718490609
-0.24796255397341893	-0.5849909313711239	 0.7722047539613598
-0.228468316452252	-0.534620291375419	 0.813623606114729
-0.20927977403964396	-0.4805100126137169	 0.8516525723297508
-0.190314382729353	-0.423892545957034	 0.88549169686023
-0.17063760483071003	-0.36589732911228906	 0.9148781079281172
-0.15032426248510897	-0.30692100409803497	 0.9397883343347918
-0.12960781763823095	-0.2471051684249219	 0.9602816510507456
-0.10858085404623602	-0.18651759382233807	 0.9764329907010082
-0.08721054710762904	-0.12520568603666404	 0.9882903706185124
-0.06542681636158393	-0.06322935088877482	 0.9958520878559084
-0.043202168558239114	-6.781493140028042E-4	 0.9990661203070462
-0.02061494749926101	 0.06233826088526843	 0.9978421544359625
-0.032900065355215814	 0.13766998233307506	 0.9899315944367234
-0.07359781886299502	 0.18675934020072002	 0.9796449917732453
-0.113805291806052	 0.23502534416379	 0.965303808734655
-0.15376611261417003	 0.28240480869753104	 0.9468914967598122
-0.16081824318842697	 0.3192621964599289	 0.9339213792227747
-0.177753899125019	 0.391157063206555	 0.902994852282933
-0.223456581233626	 0.432710136658762	 0.873400878140236
-0.2350760193647531	 0.4634320192848902	 0.8543828349289043
-0.2568989653704709	 0.5227324784533238	 0.8128675645894766
-0.24135851024486907	 0.5759993487623781	 0.7810062866313522
-0.2255457370528891	 0.6269869258706894	 0.7456651495708323
-0.20938535018632493	 0.6753074612944306	 0.7071899376033437
-0.1927209173734211	 0.7207174855040593	 0.6659016099210553
-0.17538152132140594	 0.7630890655903079	 0.6220421207245539
-0.15719437536199699	 0.8023334474983967	 0.5758046260493999
-0.166179236868741	 0.822058424952411	 0.544613998349734
-0.18303462043489988	 0.8579951809019545	 0.47994020176608965
-0.161975658096483	 0.88875203512348	 0.428816634761391
-0.13969210806368607	 0.9159576914426455	 0.37617498910983316
-0.11371449902376794	 0.9401213503425545	 0.32131115657858084
-0.12238030212010302	 0.9497559201486452	 0.28807421577710307
-0.15467507923215598	 0.9610688430524528	 0.22895916399730795
-0.18022947914521803	 0.9686174324024632	 0.17116543019284902
-0.21006185792317103	 0.9661045044694703	 0.15005366469921602
-0.2686074620286831	 0.9572583934848372	 0.10726788636557603
-0.29181378016356413	 0.9552866775214844	 0.04766635560450002
-0.3137018437944611	 0.9494436836017512	-0.012159147531516703
-0.3342881182067731	 0.9397065357686172	-0.07213238287703351
-0.353507071934301	 0.92605900485635	-0.13208887014773
-0.371276577614451	 0.90850172911218	-0.191776722036538
-0.38757182718392114	 0.8870517181667992	-0.2508532002399941
-0.4024790468447028	 0.8617395837551767	-0.3088940055106839
-0.4161891663473861	 0.8326237647717122	-0.36540969356661607
-0.428879808230144	 0.799836696160477	-0.419908763385057
-0.4405383853611531	 0.7636008870027883	-0.4720589119929241
-0.450971878325753	 0.724136884518294	-0.521775945631342
-0.45985040815412476	 0.6815728523047576	-0.5692065083268478
-0.4320898480157361	 0.6467314823106932	-0.6285194929594082
-0.417854293469784	 0.626786195732464	-0.657675341082584
-0.401309495490292	 0.576830343316942	-0.711489595045624
-0.39253262827337226	 0.5472664136551073	-0.7392006549143985
-0.3882343754106321	 0.49472443157895213	-0.7775100041468272
-0.394736911453756	 0.458917958542723	-0.795975551171598
-0.4118043303016102	 0.39515124893066117	-0.8211410865456563
-0.427753864159771	 0.362284851427899	-0.828116125988529
-0.4394963396933503	 0.29073050810051115	-0.8498933692268495
-0.472877830318303	 0.233904581252914	-0.849514687608374
-0.5036296761154783	 0.1766651033249711	-0.8456634026626644
-0.530877964620845	 0.119993633185715	-0.838910075440104
-0.5557607068819602	 0.06337683319062293	-0.8289230444985783
-0.578438525830972	 0.00673349799659282	-0.815698186732827
-0.5989157506019307	-0.04988733414087647	-0.7992566406187954
-0.617143619021163	-0.106401224692237	-0.779623327566238
-0.5803816515177351	-0.16038068397315403	-0.7983953749802473
-0.5732841618741013	-0.19748741456013108	-0.7952005978585933
-0.5887131308586702	-0.25448370978669904	-0.7672384837896112
-0.5507081116986458	-0.30856283434868687	-0.7755704693759407
-0.535201564223045	-0.381498580274373	-0.753669767804072
-0.5276550528211332	-0.4166546812817902	-0.7402560515107574
-0.4882211991337948	-0.46707066983697476	-0.7372143854364207
-0.4456702982030261	-0.5165312319644331	-0.7311453150399931
-0.4229047038675427	-0.5813850811815867	-0.6950848860579446
-0.41041892646405587	-0.6127128558721949	-0.6753808266815329
-0.38365374751414	-0.672626937909657	-0.632758093126145
-0.3892748376596441	-0.7150062760051871	-0.5807160459624411
-0.39399899090434387	-0.7538299997444657	-0.5258375477765139
-0.398127623619957	-0.78875139533753	-0.468364848877267
-0.4016773848464741	-0.8195824598386152	-0.4085827578689321
-0.4044445108115471	-0.8462795878314352	-0.3467499053990711
-0.4065055670713932	-0.8687166442418023	-0.2829922542353891
-0.4078772514785861	-0.8867138900269752	-0.21765712705883006
-0.4078550717101621	-0.9004231720788092	-0.15130218657981703
-0.4056620888282372	-0.9101154100544314	-0.08442872774693264
-0.4006409888946111	-0.9160666246593933	-0.017570919233047603
-0.3926818523165252	-0.9183816419432774	 0.04874548802538062
-0.38226164596956413	-0.9169658627572352	 0.11423502334450203
-0.3698208723997562	-0.9117327567558275	 0.1788180712229681
-0.3102729815325562	-0.9284509354320527	 0.20422912972013713
-0.2852162869104831	-0.9294473153042604	 0.2340499044107901
-0.269600167757593	-0.915879848715651	 0.297455630744611
-0.25292048502182796	-0.8980916784300977	 0.3598090679665169
-0.235567474576498	-0.875948494621497	 0.420977671251082
-0.218389748041445	-0.849226924604343	 0.4807489453732
-0.22756914448440693	-0.8281788965102228	 0.5121835607023569
-0.21146541648018294	-0.7947846481452788	 0.5688582782252959
-0.195341369547339	-0.757503440054777	 0.622920771566135
-0.21372896294342994	-0.7038151322435728	 0.6774689587162559
-0.25745014360742	-0.661624897341326	 0.704252737853818
-0.3007065182865801	-0.6172903094669292	 0.7269994936024272
-0.28234344444494497	-0.5706272243492299	 0.7711463870177039
-0.26232519908910096	-0.5207261610161968	 0.8124221532898998
-0.24307885216008304	-0.4666844014460411	 0.8503636522567782
-0.224485468188842	-0.410074966162298	 0.883993663268593
-0.205304038892673	-0.352165766491207	 0.91314266384066
-0.18549210741550504	-0.29337454333324503	 0.9378294383365052
-0.16519058287783997	-0.23383649541876395	 0.9581401592349368
-0.14442179589721096	-0.17356828029044893	 0.9741747260870818
-0.12312905714099105	-0.11255646905607006	 0.9859869555735514
-0.10126435399079504	-0.05083045972093962	 0.9935601617292155
-0.07883450006908074	 0.011525374256617805	 0.9968210909421524
-0.05594827198693291	 0.07439644554211082	 0.9956580536270352
-0.06198722153772891	 0.11189958033378603	 0.9917842851583982
-0.10274018605433	 0.160757054350803	 0.98163212235846
-0.14281626424604094	 0.20874888618779092	 0.9674850992042006
-0.18222541696513403	 0.25575668172269805	 0.9494116163003682
-0.19482077862393302	 0.3289368094992631	 0.9240375747624172
-0.20326215550251006	 0.36492050995883907	 0.9085799456029472
-0.24862066168945512	 0.40693339931529615	 0.8789726816589893
-0.271745390627722	 0.467692182914644	 0.841081722969369
-0.28290258284400305	 0.4968429500238601	 0.8204347698822743
-0.2674746485407681	 0.5510658326086941	 0.7904326413548972
-0.25176589620724504	 0.6032816944504681	 0.7567464110571882
-0.23583573692324405	 0.6529976213968481	 0.7197052255193991
-0.21951141889618694	 0.6998644001921279	 0.6797091718653618
-0.202583309174832	 0.743721913761124	 0.637053936362743
-0.18486621342082496	 0.7844790377978548	 0.5919604061009469
-0.202854195782325	 0.823831160105091	 0.529294242263607
-0.21127153298845905	 0.8417756681338552	 0.49676761557745314
-0.1907960931897459	 0.8742270942960156	 0.4464569838430968
-0.16904828165350796	 0.9032170850458188	 0.3944890058687699
-0.14475800943211	 0.928968304278681	 0.340680214205118
-0.15484437017135497	 0.9509061947327958	 0.26795639541729693
-0.18464956312522002	 0.9604286457496812	 0.20852183401528707
-0.243852139819465	 0.955374316728194	 0.166721470847653
-0.27300467259729805	 0.9509554259821132	 0.14543805050680503
-0.29728708812551724	 0.9509413059296896	 0.08562137531357156
-0.3199529371256111	 0.9470842800072422	 0.025719342679360102
-0.3412168015272631	 0.9393581530313122	-0.034312602482269805
-0.3611004709318049	 0.9277387922960828	-0.09437787432356447
-0.3795569754338012	 0.9122133763161494	-0.15428304660407904
-0.3965481068028739	 0.8927842491447657	-0.21374256354332793
-0.4121146302436599	 0.8694644237264028	-0.2723841908284069
-0.4264114552758351	 0.8422783922106433	-0.3297580640781941
-0.43965730513163287	 0.8112944995585107	-0.3853604663564959
-0.4519353670594033	 0.7766846145386176	-0.43876580716810826
-0.463087260415399	 0.738678056435269	-0.489800896469141
-0.4727904640986998	 0.6974421418381597	-0.5385569940549808
-0.48057552745762533	 0.6529985144769894	-0.5853546809411114
-0.4666871547472991	 0.6359148846214572	-0.6146668684016972
-0.437370920842697	 0.597898255264717	-0.671732352914923
-0.42235472712063277	 0.5507575012199898	-0.7199185088110798
-0.40965929933491413	 0.5144795601718382	-0.7533193483734633
-0.43243756456565086	 0.4471050202972948	-0.7830037379077347
-0.441999111810696	 0.410688750278908	-0.797478235159371
-0.4587989257071539	 0.34231663301931897	-0.8199529672659758
-0.46371191030588776	 0.3082426920360649	-0.8306369285354607
-0.5001932057350211	 0.2510320977256111	-0.8287277254008112
-0.5314032715502351	 0.19423479289338402	-0.8245504279395961
-0.5595640038770809	 0.13731456072233397	-0.8173327578035048
-0.5848231586790601	 0.08053427744020031	-0.8071530853746592
-0.6076484295577902	 0.02377673156795521	-0.7938501452364274
-0.6281476710147911	-0.03293703099730621	-0.7773967168619742
-0.6463065950869531	-0.08952771629532802	-0.7578077415558993
-0.610539463419558	-0.143125712436177	-0.778945822279698
-0.595883207558632	-0.217055197161297	-0.77318189602118
-0.6105160438158719	-0.27424408481503093	-0.7430076326575539
-0.5726613293041599	-0.32757280256200594	-0.7515018702180758
-0.5650153955256347	-0.36413019763493487	-0.7403828752674888
-0.5515990513903503	-0.43285081397803116	-0.7130067737012193
-0.5103379579814977	-0.4840144990369998	-0.7108341110028676
-0.467477130051074	-0.53355646199058	-0.704828088789959
-0.45605590142572827	-0.5658145422666603	-0.6869257008835354
-0.430926775120497	-0.628330976830045	-0.647689970618698
-0.4175607453723989	-0.6582596566229689	-0.6263683009114189
-0.4231433698247841	-0.7007313047250991	-0.5743912666045561
-0.4278646290945481	-0.7396366156359501	-0.5194896880404681
-0.432020067859178	-0.774562141494225	-0.461965528942184
-0.4356023063269379	-0.8053086296281958	-0.4021549971951239
-0.438289976618332	-0.831896175597264	-0.340368402503153
-0.4402011643178369	-0.8542118131422067	-0.27666787529730397
-0.4415224187023942	-0.8719921476903373	-0.2113945319765411
-0.441483244600264	-0.885446840337667	-0.145177262934889
-0.4393142779838969	-0.8948943669692938	-0.07853048532967609
-0.43444006258469786	-0.9006212694887208	-0.011964989173790797
-0.4267616970726879	-0.9027484721252078	 0.054033785609027385
-0.41664230748862413	-0.9012244163612392	 0.11917944019376303
-0.404435531016022	-0.895996470541485	 0.183363644240046
-0.34546121885829184	-0.9149516460724345	 0.2086145527385039
-0.2952801341131639	-0.9170445772545666	 0.26802777043826087
-0.279049990037107	-0.901470585918266	 0.330880470539542
-0.26186082556438695	-0.8816126578141588	 0.3926678362389679
-0.244327717049996	-0.857254998296054	 0.453230443127522
-0.26216972489099905	-0.8154419030607463	 0.5160635019871551
-0.24621318591504088	-0.7819614998753597	 0.5726388738063838
-0.23017792656933805	-0.7446849673989983	 0.6264682126414662
-0.23941138880743806	-0.7179630439388132	 0.6536139949904741
-0.2833302398637491	-0.6758892812971352	 0.6803658241022932
-0.32666961359950497	-0.6316779225434069	 0.7030433597737739
-0.3090658698976031	-0.5867039442299832	 0.7485030192921194
-0.2897625391407262	-0.5387629808057003	 0.7910575967804595
-0.2692336223930241	-0.4870564841000562	 0.8308364687886673
-0.25074213712785	-0.431461669821953	 0.866584795702654
-0.23215831201482007	-0.37415223067211206	 0.8978377506239712
-0.21292775474851192	-0.3158744962807558	 0.9245999534161445
-0.19312058060407097	-0.25687015749167696	 0.9469541507049578
-0.17276966236108704	-0.19717286530627806	 0.9650251317735452
-0.15182209189307397	-0.13673196654457498	 0.9789047051363398
-0.13023182733143407	-0.07552947795431643	 0.9886025334328574
-0.10799540723891804	-0.013617911371529305	 0.9940581192793394
-0.08518005595761456	 0.04889874675743388	 0.9951649464448645
-0.0971063932047079	 0.123529930546133	 0.987578201793681
-0.13757047957159296	 0.17186449055043196	 0.9754675597057457
-0.177277759003381	 0.219251723866123	 0.959427578165477
-0.21621738476650007	 0.26556544422351414	 0.9395344790688115
-0.22114955671070405	 0.30174234880623907	 0.9273858034839402
-0.237865952549664	 0.37354742585234	 0.896594729661474
-0.286705274054149	 0.41031178294861	 0.865704526153738
-0.29728949700959	 0.441067988068005	 0.846804573009279
-0.31950056504224617	 0.4987594193619772	 0.8057036865593883
-0.3037957478294532	 0.5530219984916652	 0.7758059118007723
-0.287981461004708	 0.605424612930617	 0.741975549580582
-0.27217993361785303	 0.6551818248408161	 0.7047374405649521
-0.256019953258749	 0.701993990525161	 0.664573713593871
-0.2392193513141031	 0.7457408021055132	 0.6218076535648992
-0.221552356281053	 0.786374192227093	 0.576654301315355
-0.2305430634762871	 0.8059952096304563	 0.5451803535856052
-0.247226087960946	 0.841848030276971	 0.479761560934503
-0.22657628030541804	 0.8742820731052312	 0.4292948239261451
-0.20421039318043807	 0.9034254481153704	 0.37698882611376316
-0.1812216173811051	 0.9286260859636905	 0.32374730556644515
-0.18485724710987297	 0.9402015811268868	 0.28609226665092097
-0.21628125062438114	 0.9496766754706997	 0.22657588727680913
-0.2462271925489499	 0.9471723640099976	 0.20551565026823393
-0.30490700661907194	 0.9383687799051388	 0.16277515232349998
-0.3302076244743671	 0.9383497338093573	 0.10228734916354003
-0.35333243394639313	 0.9345571601882933	 0.04194169121900471
-0.37475693757377315	 0.9269410714639135	-0.018370840309016208
-0.3946511162088571	 0.9154618313034493	-0.07861381495410512
-0.4130553204653969	 0.9000927099496667	-0.13863050072294197
-0.4299859970671801	 0.8808190052952662	-0.19816640037302205
-0.445514629560132	 0.857629465025162	-0.256882104414755
-0.4598195589372671	 0.8305096807856792	-0.31435591825191805
-0.4731485642920241	 0.7994759722376762	-0.3700926990944551
-0.48555545720722787	 0.7646717331401328	-0.42368979042779087
-0.49677202898345	 0.726312311788594	-0.47506628691581
-0.5063318946066981	 0.6845244802882041	-0.5244561453450192
-0.5133952886026769	 0.6391641936210409	-0.5726206521191309
-0.484758096345623	 0.604725378874425	-0.631915187483693
-0.4682090720020699	 0.5861267760006109	-0.6612379808738229
-0.45743869660744124	 0.5407236358875762	-0.7059516898758763
-0.4447768854290344	 0.49174007230548245	-0.7485754627805047
-0.4573335645113968	 0.46061066512438575	-0.7607127092043167
-0.476797705983694	 0.393945294196823	-0.785793263364395
-0.4840895246556841	 0.35915384213740903	-0.7979134350269902
-0.49565056689677944	 0.28808832239924326	-0.8193507393247967
-0.5295938751470938	 0.2313237142838609	-0.8161002797552537
-0.5595322162010072	 0.17451448646084208	-0.8102273712042183
-0.5864945361750781	 0.11758347790653403	-0.8013727501981732
-0.6106824489871682	 0.06071647030608683	-0.7895444615299413
-0.632412128968846	 0.00388463581251188	-0.77462236524496
-0.6517588906224421	-0.05286529116425921	-0.7565815286436233
-0.6686867297141392	-0.10945753232704106	-0.7354434758165203
-0.6330318277899389	-0.16273224805104397	-0.7568281974458818
-0.6253983481458943	-0.19945119415119208	-0.7543846017039654
-0.6380496228666246	-0.25605062984586785	-0.7261754290220046
-0.6024379198723021	-0.31015727367856505	-0.7354393369165221
-0.5869046621564289	-0.3823651952701339	-0.7136804431852399
-0.582936414149945	-0.414224945691321	-0.69900131003098
-0.5418890581569423	-0.4667211049329503	-0.6989475365576074
-0.4998790180421692	-0.5171330052837502	-0.6947621335157763
-0.47673347962138	-0.581345478186978	-0.659365319378905
-0.464052079452196	-0.612572435086002	-0.639852076130803
-0.437258804855704	-0.672344299824839	-0.597292122892315
-0.4423298836854762	-0.7131259393113534	-0.5438710037132822
-0.4467770390028999	-0.7500727818284838	-0.48762803383304487
-0.45064756691292024	-0.7829007460272374	-0.42893261977315317
-0.4537936944492601	-0.8114945599167642	-0.3681682524384591
-0.4559616377910351	-0.8359270800072133	-0.30549124663978705
-0.4576068458075801	-0.8558812258823583	-0.24096327905336407
-0.4583511063197021	-0.8713298308329772	-0.17521012880561604
-0.45734709591983314	-0.8826052564514072	-0.10881909362809701
-0.4539263588353511	-0.8900351089069062	-0.042289072673112105
-0.4477383480407721	-0.8938457476496612	 0.023877837053191308
-0.4389405819218591	-0.8940679216351932	 0.08929567203972263
-0.4278858692960923	-0.8906548222557735	 0.15377799078302512
-0.4148264220041641	-0.8835831869732912	 0.21725512952596807
-0.3556353836033852	-0.9026102367369395	 0.24252470898232018
-0.33047713590197203	-0.9037353043967842	 0.27211644976531907
-0.31413626649104587	-0.8883975029653628	 0.3347660120143249
-0.29672456601793396	-0.8687728117195348	 0.3964698393805039
-0.2789216290219621	-0.8445698442079124	 0.4570607214784022
-0.28747850722987606	-0.8238561956034052	 0.4884844694018081
-0.27140835863188095	-0.7923949573271869	 0.5463037016780999
-0.2555826640793389	-0.7569785677634286	 0.6013825319785537
-0.274205546685004	-0.703837484017802	 0.655304596549321
-0.31810443604384614	-0.6607591624004113	 0.6798579977268293
-0.36096296520779586	-0.6153665091445398	 0.7007351833407957
-0.34364226605221404	-0.5708703333032641	 0.7456655118326981
-0.323887187726591	-0.523702703261917	 0.78792929138516
-0.302523673281892	-0.472428254934295	 0.827823031235401
-0.28444556949388217	-0.4167678240854413	 0.8633627851618275
-0.266463588269807	-0.359568006533651	 0.894263945825725
-0.24789628354677196	-0.3015947688644329	 0.9206454409800268
-0.228659495423395	-0.243039040818503	 0.942680677531231
-0.20865321916129	-0.183823696799812	 0.96055852639414
-0.187823939082414	-0.123842764695609	 0.974363965641235
-0.1661768763140801	-0.06305367890608123	 0.9840779843868595
-0.143753709310879	-0.0014914395738436	 0.98961237192517
-0.12065465775913203	 0.060745057256625115	 0.9908342402137282
-0.126552489174713	 0.0978570061716184	 0.987121306540798
-0.1671820895872791	 0.14601764997452407	 0.9750533292169964
-0.20697899063043196	 0.19323728829269696	 0.9590719721954618
-0.24589399444827895	 0.23937320123330494	 0.9392745147322957
-0.25442569809507815	 0.31075062276905424	 0.9158065377564616
-0.26279897742517105	 0.34686976730023605	 0.9003433023004972
-0.3126219167753209	 0.3822841745652299	 0.8695552581801258
-0.334244276069035	 0.44263462291936	 0.832078935262829
-0.345030355594527	 0.471426266310021	 0.811610330855459
-0.32980296157222416	 0.5264930799882592	 0.7836038816026033
-0.313771141861071	 0.580141418650583	 0.751653912982091
-0.29806988807554896	 0.6313399840072098	 0.7159358675303298
-0.28223339799785896	 0.6796318427498829	 0.6770855687245009
-0.26587579921947896	 0.7248604991678588	 0.6355212947931218
-0.248709837935419	 0.766993823260085	 0.591492934526707
-0.2666048629786851	 0.8061200673289892	 0.5282918550248741
-0.274858314594293	 0.82402341662266	 0.495417314751819
-0.254748245977806	 0.858117082492358	 0.445800856780284
-0.233071204792908	 0.888956434064513	 0.394251533708732
-0.21030662244009807	 0.9161231143189612	 0.34130567526539307
-0.21625780009425097	 0.9395519416632168	 0.26547073815257793
-0.27699007001578296	 0.9345768014534778	 0.22325479456808695
-0.30660655177082996	 0.9301965598128088	 0.20180877712234693
-0.33362769551336596	 0.9320793818279878	 0.14114030876258196
-0.35818321588364904	 0.9301756396061012	 0.08048641713126561
-0.3806445208677682	 0.9245058533635454	 0.01996686830451241
-0.40138042967311116	 0.9150177135234474	-0.04045163301711472
-0.420544076327814	 0.901667494227265	-0.100689670371449
-0.4381928732164249	 0.8844252179692258	-0.16055852416617997
-0.4543850085150522	 0.8632678129293814	-0.2197793147611911
-0.46925478362036843	 0.8381646861871778	-0.27799263817258024
-0.4830475973386529	 0.8090787543019278	-0.33474854449660496
-0.4959695769634692	 0.7760502690294533	-0.38956406233890517
-0.507845592199361	 0.739277304233932	-0.442223836906482
-0.5182309380434043	 0.6989374369697974	-0.49287235067179824
-0.5264054380944299	 0.6550346115340009	-0.5420580895412519
-0.5314358947518932	 0.6078196804053703	-0.5900263772757692
-0.516581770686283	 0.590654334506521	-0.619895742301303
-0.4763624902140971	 0.5575808779267011	-0.6798399388734921
-0.46982895198259267	 0.5084185854194226	-0.7216448557836825
-0.4907379097502083	 0.44374556028619627	-0.7498441049046705
-0.500432077004427	 0.410442383047518	-0.762302293387151
-0.515956592539112	 0.340457973657017	-0.786051628577148
-0.5218137877084181	 0.30452143700889306	-0.7968544819221592
-0.5554642288157152	 0.2486890656937421	-0.7934817194558024
-0.586048479361083	 0.191938759752263	-0.787214514820024
-0.61348363067604	 0.134934666274311	-0.778094127165849
-0.638082243142076	 0.0778293640697502	-0.766024569498443
-0.660013612555993	 0.0207500274197048	-0.750967021648001
-0.6794212553399794	-0.03626544735259362	-0.7328516733422684
-0.696308249977294	-0.0931754955478845	-0.71166926872176
-0.6620362032658276	-0.14591365890382213	-0.7351307840858435
-0.646450598367521	-0.218923242599418	-0.730872244458654
-0.6571370537431621	-0.2755977888907081	-0.7015816070538831
-0.6234906294501668	-0.32923042729660285	-0.7091309898248217
-0.614134883651564	-0.364924691448063	-0.699763041503205
-0.6029549267222393	-0.42912693610985114	-0.6725291287716473
-0.5628461455718959	-0.4824634706792599	-0.6711432156216609
-0.521284816300809	-0.532351999834959	-0.666980875712304
-0.5092755092783139	-0.5644045310760308	-0.6496814457487299
-0.483855927939688	-0.626586471488251	-0.61096058362674
-0.470330889065492	-0.656490102507988	-0.589753847041217
-0.47532497262767487	-0.6972894980633388	-0.5365198284193019
-0.4797985679954841	-0.7341777370287202	-0.4803919073016011
-0.4837009317007501	-0.7668816712616122	-0.4218126491166701
-0.48686994140590123	-0.7952720605332403	-0.36124785105330215
-0.4888693177442293	-0.8195831481787715	-0.29881474761073223
-0.4904354963357589	-0.8393598971965678	-0.23440986948519293
-0.49120293906499124	-0.8545331019648513	-0.16879825324997808
-0.4902527709682118	-0.8655168730856657	-0.10262925003137195
-0.486955620258038	-0.87266757428392	-0.0364078108725085
-0.4810108828369921	-0.8762217622195362	 0.029393094516705808
-0.4725197229722351	-0.8762465905475202	 0.09442999500205992
-0.4617502061280953	-0.8727286959257785	 0.1585287685196341
-0.448912230655606	-0.865662756053432	 0.221598289591288
-0.3903600214776279	-0.8870265296681697	 0.24658262164400294
-0.339917711665016	-0.889481877013026	 0.305414373862468
-0.322901281270124	-0.872180047114348	 0.367473438454708
-0.305014455723448	-0.850456987180596	 0.428589657779364
-0.32144848949061905	-0.8095014842233332	 0.4913025703621141
-0.30572450358161696	-0.7779524344301147	 0.5489285360354589
-0.2902192029946712	-0.7426023633877644	 0.6035847447575564
-0.29969624874923195	-0.7161536840863428	 0.6303221868657309
-0.34392641266124396	-0.6731449316677179	 0.6546682546481319
-0.386841749298929	-0.627641971217457	 0.675587904691617
-0.36952401157017206	-0.5850164203383691	 0.7219472230070341
-0.3508163763236651	-0.5399336181260281	 0.7651140817685093
-0.329065633705066	-0.491450077134174	 0.806345230282351
-0.30998312006575013	-0.43731767421640816	 0.8441941228723724
-0.2924742769439308	-0.38074889763305975	 0.8772052634801815
-0.274607001239717	-0.323281178593158	 0.905582836872226
-0.256067073191312	-0.265277965242261	 0.929546800964944
-0.23667323293728712	-0.2066714036752091	 0.9493538390473445
-0.21634938270123605	-0.14733675698766702	 0.9651346147792812
-0.19510636259494207	-0.08719873493363714	 0.9768980949418135
-0.17299006001149808	-0.02623993297008981	 0.9845739713474775
-0.15008351958345498	 0.03548323191312399	 0.9880363745340768
-0.16178786723172298	 0.10925443282738798	 0.9807589688216858
-0.20210979724827793	 0.15691277358952496	 0.9667109243929658
-0.24155778519101795	 0.20360422837760694	 0.9487861479808658
-0.28012702351887014	 0.24923392288560017	 0.9270443907265247
-0.2839003132156281	 0.2842522458108651	 0.9157517528825965
-0.297612905046528	 0.35466805927728	 0.886361735680334
-0.34706213175119416	 0.3854451337567852	 0.8549736402764303
-0.359614643300131	 0.413874502371925	 0.83629253530718
-0.38115150558314914	 0.47083329710685023	 0.7956378171801484
-0.365380523046342	 0.526457728158714	 0.767684397288591
-0.34913616162402317	 0.5805400967860412	 0.7355794563948194
-0.3336398789499929	 0.6318785234798419	 0.6995812767214179
-0.3180859279029099	 0.6800815431125927	 0.6605379907225167
-0.3019149194307571	 0.7251760827043292	 0.6188433004393952
-0.284807796445994	 0.767199176026303	 0.574708572572342
-0.2936997220810519	 0.7867038003536316	 0.5429895061220488
-0.309929709732768	 0.822477618094488	 0.476942494184131
-0.28945673656637694	 0.8566347581863828	 0.42707339969061586
-0.26753103623557406	 0.8874545973471902	 0.3753018549088941
-0.24344670382331607	 0.9151110373174313	 0.32141171692609105
-0.24598068728573494	 0.9269639683488998	 0.2832513069083659
-0.27679044609455816	 0.9244808513657856	 0.26214920257129914
-0.336669411268737	 0.915758343851793	 0.219181119583287
-0.3644442297676262	 0.9176533119158924	 0.1584070784999071
-0.389717368754014	 0.915762050966384	 0.0974691669262131
-0.41271876642187305	 0.9101230009941482	 0.03659703409585021
-0.43372684516277804	 0.9007223578368472	-0.024088542462633904
-0.4529887151407001	 0.8875017961137662	-0.08450908738128081
-0.4706439947998972	 0.8704086760774343	-0.14450940027528406
-0.48679919760147067	 0.8493939319467164	-0.20385408896232887
-0.5016149450455177	 0.8243882829681877	-0.2622334948318879
-0.5153730304054971	 0.7952865941067843	-0.31923325761061605
-0.5283142619633538	 0.7620575026115398	-0.37436934078471196
-0.5401421789944801	 0.7249080892964971	-0.4274981737313001
-0.5502608356111658	 0.6840344441898006	-0.47886312444627877
-0.5579573557155322	 0.6396778081941373	-0.5286737093017542
-0.5624222962060573	 0.5922382749648445	-0.5770051874957204
-0.5310026144803162	 0.5585404912075581	-0.6372352337219661
-0.5104089599327192	 0.5425786031082153	-0.6671515218220954
-0.5030278806303069	 0.49340366012806086	-0.7095884578266579
-0.5134132872484791	 0.4605409386585011	-0.7240917347244461
-0.5324361064668529	 0.3924985376740469	-0.7499711264136459
-0.5402109228472214	 0.3572613388236842	-0.7619294551455945
-0.5516820761958762	 0.2852487399962451	-0.7837601949159974
-0.583878689171235	 0.229030774910395	-0.778864930829232
-0.6130735996641574	 0.1721255771789901	-0.7710470459548056
-0.63927155360158	 0.114974146736328	-0.760337310894366
-0.662674299604221	 0.0577367786420354	-0.746678804464206
-0.683417788655113	 5.18351302112294E-4	-0.73002729912085
-0.7015856372440897	-0.056648692596978974	-0.7103298664985568
-0.7171448029305861	-0.11374628011744303	-0.6875791702699371
-0.6830706573785823	-0.16582685454444107	-0.7112776752719633
-0.675150847432608	-0.202050195037151	-0.709469556708729
-0.6854596070772542	-0.25751291327987913	-0.6810522935572613
-0.65198871540799	-0.317253552869565	-0.688666028037014
-0.6478603082430001	-0.3791602527268761	-0.6606924577709181
-0.6331738633080443	-0.41182404652193805	-0.6553562493254053
-0.5928676128780674	-0.4644739175939813	-0.6578540670051084
-0.5534490188394688	-0.5144574514199739	-0.6550020719235128
-0.5289267756318676	-0.5784782175259766	-0.6209665191197066
-0.5163542996079291	-0.6093068425265581	-0.6017669058088201
-0.4890862670446352	-0.6691143943348823	-0.5595360137490772
-0.4937433678296481	-0.7080030543850201	-0.5049249069967922
-0.4979895691116019	-0.7427186600522259	-0.4476330875463379
-0.5018094370556703	-0.7730312746934753	-0.38808496135208814
-0.5043767740857179	-0.7992573939848158	-0.3267899752493729
-0.5058753344076239	-0.8213845898766068	-0.2634720128423759
-0.5071836587469971	-0.8386852171035971	-0.19842339305611503
-0.5072217493506318	-0.8515597951522407	-0.13255946690432494
-0.505214562136553	-0.860431839453076	-0.0664476926654886
-0.5007078448038461	-0.8656161518362903	-5.760486267110651E-4
-0.49360217081964913	-0.8672803885846843	 0.06466548181626042
-0.48408598611489223	-0.8654518133801413	 0.12905005526615507
-0.47238609229041933	-0.8601233071276435	 0.19245590753830613
-0.458658905200877	-0.851301335837486	 0.25479019659564
-0.3999173793299801	-0.8728173683269093	 0.27974261608973605
-0.37459531565894716	-0.8742011021168703	 0.3089511005709851
-0.35738022457022794	-0.8572857951001158	 0.37059471205846395
-0.3391715034786302	-0.8359353424360213	 0.43147977298410817
-0.34691560661507703	-0.8157854366920593	 0.46275661331637313
-0.33044843136693397	-0.7866099836484548	 0.5215827526210108
-0.31521138214522304	-0.7530879183246362	 0.5774949106611801
-0.3346108190523931	-0.7005240183407813	 0.6303187285023122
-0.37833124181805017	-0.6564289328980863	 0.6526611123076753
-0.4209027353163209	-0.6094776312385699	 0.6718466375766579
-0.403898376417496	-0.567237751020239	 0.717709854568552
-0.38476581681097116	-0.5236865687552252	 0.7600708150686784
-0.361599740542548	-0.476120199241751	 0.801595398884972
-0.34302662922341776	-0.4216912706522497	 0.8393504654787004
-0.32640470206129196	-0.3652865743216909	 0.8717945222887118
-0.30948268999300504	-0.30839118379408903	 0.8995083892620312
-0.29159753367090807	-0.2509771076431981	 0.9230283689010312
-0.27255227161754	-0.192877963211619	 0.942609861259395
-0.25237173716493705	-0.13404217084270204	 0.9583012066757132
-0.23110861075907493	-0.07443192830358439	 0.9700766454677798
-0.20883497127677	-0.0139985152182149	 0.977850702481476
-0.185663363055836	 0.0472584254605675	 0.981476314967297
-0.19148218582688106	 0.08390743924598401	 0.9779029165260432
-0.23204870804325906	 0.13157575611717803	 0.9637640880929562
-0.27174198378398207	 0.17851791989221605	 0.9456678309673552
-0.31062657632257007	 0.22517517647877805	 0.9234756466631212
-0.31789327103923	 0.294020085426575	 0.901385632009812
-0.32027369091162	 0.327845301411586	 0.888786938052194
-0.37093471050572907	 0.35684718206980304	 0.8573607928934422
-0.394839792460428	 0.413437621792766	 0.820469908757261
-0.405776403834804	 0.441032883809086	 0.800522020615258
-0.3917196999351232	 0.4982034276140162	 0.7735302330202634
-0.3745114366584371	 0.5534496251436491	 0.7439319164012173
-0.3588587703910058	 0.6064411330308486	 0.7095417782496786
-0.343620716912789	 0.656172346451596	 0.671835288341233
-0.32793539783768394	 0.7027412925039479	 0.6313581001736819
-0.311365684290066	 0.746248080681671	 0.5883580650637
-0.3289469501683412	 0.7851600652983644	 0.5247071333950162
-0.33692719671637916	 0.8030277524063784	 0.49155517795869325
-0.31703579429250905	 0.8388052377114342	 0.4425992299193281
-0.29562249766178506	 0.8713500471247432	 0.3916075002498241
-0.27217359133420616	 0.9007533262018645	 0.3384744916777602
-0.3061353887175771	 0.9100530470551464	 0.2794361739653291
-0.3364131474721842	 0.9057018906013475	 0.25793464204911115
-0.36583342496638205	 0.9095012126787192	 0.19741694282230707
-0.39264056836264316	 0.9095050856241814	 0.13650598265135105
-0.417033137140276	 0.905750876541827	 0.0754898150127035
-0.4392229642302422	 0.8982598283770714	 0.014576296401824307
-0.45945699974357335	 0.8870029026374335	-0.046098981544081825
-0.4779492169110323	 0.8719174685200946	-0.10641651255158206
-0.4948413723025581	 0.8529425532074152	-0.16619571951689102
-0.5102727068936951	 0.8300064821144741	-0.22519103944725705
-0.524473766725106	 0.802992146350752	-0.283073984880617
-0.5377906100241269	 0.7717547625027478	-0.33937567137937996
-0.5502074108781095	 0.7363785088128685	-0.3937238839254526
-0.5611674365668643	 0.6971202172290715	-0.44622249032009426
-0.5699794028456148	 0.6542710656200197	-0.4970441157726348
-0.5759605202665797	 0.6081736608974557	-0.5462547732375778
-0.5780623245860209	 0.5595120484963338	-0.5939614604346329
-0.5617876922230999	 0.5429893706617519	-0.6241451211176758
-0.5236267574646382	 0.5103085859724761	-0.6822024376604361
-0.5454622398393432	 0.4436845496579281	-0.7110660766091211
-0.554931864107288	 0.409268502338081	-0.72425818545071
-0.5702832396256379	 0.33849228574667095	-0.7484650954400489
-0.576040725690212	 0.302355207400799	-0.75944612113297
-0.6085937762495892	 0.24620339361306412	-0.7543192324763274
-0.6380821725120631	 0.18933622751121207	-0.7463262919622411
-0.6646533404523709	 0.13202188854764998	-0.7353952392896059
-0.688352596436491	 0.0744978014688677	-0.721540560575389
-0.7092773318647179	 0.016878720159895097	-0.7047274475345989
-0.7274809406980071	-0.04080211340249601	-0.6849136211691461
-0.742886507601416	-0.0987406573453237	-0.662095098464552
-0.7105904884106012	-0.14992077880692706	-0.6874481201242082
-0.6947694054387333	-0.2217231123521511	-0.6842034307975843
-0.7022185507671729	-0.27912091371658393	-0.6549661231578859
-0.667539438976857	-0.34341900250792	-0.660647020826499
-0.6783329590322256	-0.36840821333796075	-0.6357198951076776
-0.6472533507187911	-0.43389526347742613	-0.6267359893249731
-0.618036728599224	-0.475673320645964	-0.625911730300696
-0.5731345690521071	-0.5282484090102632	-0.6264745678282411
-0.5606747146796698	-0.5604250112151647	-0.6095635086874488
-0.5349625436235093	-0.6218262574908022	-0.5719678158907612
-0.52116147941697	-0.651854980477765	-0.550886373763454
-0.525759821314936	-0.690622265304575	-0.496605977568196
-0.5300756372411609	-0.7250681137251359	-0.4396544657597039
-0.5341760186119994	-0.7549200314854095	-0.3804625174730113
-0.5366668732752182	-0.7808666279029113	-0.31974361065787915
-0.5377714377744619	-0.8030471362191278	-0.25674340833650594
-0.5391173246010758	-0.8201030602681446	-0.1917902000984469
-0.5392565628747611	-0.8326452737144022	-0.12611188507657503
-0.5374050867500958	-0.8411624875660547	-0.06034436383630967
-0.533126696437521	-0.846020185343424	 0.00507656745193728
-0.5262973342631871	-0.8474254967472071	 0.06986518024174891
-0.5170470872140133	-0.8454256860543944	 0.13385708409703706
-0.505578609103982	-0.840010974060487	 0.196905646121271
-0.492027472616464	-0.831194046235136	 0.258892687602252
-0.434126429018191	-0.855055630229465	 0.283573822559146
-0.383333319127426	-0.858189559449885	 0.341417993811052
-0.3653884364241482	-0.8393600728410645	 0.4024499455183953
-0.38030237602002787	-0.7996435036776388	 0.4646938452569299
-0.364195005004795	-0.770437951342997	 0.523246941185482
-0.349678067270217	-0.736994962833705	 0.578414794094957
-0.3598170545099669	-0.7108426484312779	 0.6043462719790519
-0.4040180450808108	-0.6666700621821118	 0.6263548893711768
-0.4462182344733511	-0.6195749360006911	 0.6457679040516221
-0.428691505948926	-0.579840895902238	 0.692826189001637
-0.43835082826243976	-0.5483597973613098	 0.7121447072045797
-0.417864172306839	-0.507006113509128	 0.753879522448176
-0.3918757484637711	-0.4914945613683211	 0.7777316336059122
-0.3678527802578682	-0.44136805797884826	 0.8184610983134976
-0.351439335304566	-0.385584981963758	 0.853120516272287
-0.3353823449643618	-0.3292709114043078	 0.8826660464689815
-0.31838491162466503	-0.27247040512200504	 0.9079597603321442
-0.300101490256799	-0.214967046233052	 0.929369821211925
-0.28057407674334506	-0.15672651724944003	 0.9469503610276943
-0.25986727292252704	-0.09775608305800862	 0.9606834799708822
-0.23804289370119988	-0.038026039331262584	 0.9705099695990436
-0.215194678212876	 0.0225277680732027	 0.976311297760349
-0.22679905802376704	 0.09533704496831612	 0.9692641720069102
-0.26705852587926104	 0.14279678923150002	 0.9530418777474422
-0.30646060821207094	 0.19007228663819595	 0.9327134723302838
-0.3448512176106491	 0.23931109454317406	 0.9076386052504603
-0.348360699234837	 0.275199066952524	 0.896052619424259
-0.3790252413940249	 0.3251342473943519	 0.8663876658618298
-0.41703372980131403	 0.38178597997735303	 0.8248165454819251
-0.4389045405964632	 0.4389374622437012	 0.7840259616127944
-0.427497884704659	 0.495524908845166	 0.756108869996267
-0.408559057667528	 0.552112881314505	 0.726808683688092
-0.393530037893487	 0.605209799244075	 0.691993647495768
-0.3787424095720747	 0.6547892033016416	 0.6540682582354386
-0.36326742614509305	 0.7012311760800232	 0.6134424298948901
-0.34669559416968393	 0.7447177020420399	 0.5702610886677729
-0.3553778057944721	 0.7641318263438052	 0.5383392676715931
-0.3709665707306082	 0.7998579666654163	 0.4718167404429802
-0.35069666683184003	 0.8357171416653613	 0.4225975709817981
-0.32852448391395783	 0.8684992384727097	 0.3711882760020728
-0.304010432636163	 0.898165663833208	 0.317609976479685
-0.36532228978254483	 0.8894370447785176	 0.2746659206448729
-0.39527944496585393	 0.8932069381047347	 0.21432574765774498
-0.422605487330865	 0.893220961296306	 0.153495655895355
-0.4474824868943641	 0.8895017282599622	 0.09244511531376691
-0.47007884044208875	 0.8820657184522326	 0.03139987420306209
-0.4905876278115779	 0.8708942454795537	-0.029444738558993794
-0.5092110111807191	 0.8559312532522972	-0.08992127555957831
-0.5261248252938922	 0.8370981758233652	-0.14986431277214102
-0.5414927359994011	 0.8142922518635942	-0.20907832363686105
-0.555567758760311	 0.787337186279102	-0.267291265342045
-0.5687769185273429	 0.7559763947977638	-0.32402547347255894
-0.5810867619706072	 0.7202867405162561	-0.37884718093049413
-0.5918287536151039	 0.6806510140131578	-0.43180194941344696
-0.6003107981908709	 0.6374822929854209	-0.4829526599010399
-0.605898011939229	 0.591191665872943	-0.532334493838662
-0.607672170243184	 0.542460581282783	-0.580061247857745
-0.573953501108423	 0.510371343694809	-0.640389311357192
-0.5551994330644151	 0.4939423813067411	-0.6691595575600621
-0.5663073165385919	 0.4602812861289239	-0.6836937624948489
-0.585140018322425	 0.390986968142769	-0.710450807375259
-0.5928368275318684	 0.35541993915272924	-0.7226487132588144
-0.604562829916134	 0.282931943644723	-0.744616209835117
-0.6357202711403727	 0.2263746057840769	-0.7379798606447977
-0.663893617912785	 0.169205166989822	-0.728433164784951
-0.689166249932332	 0.111646480411581	-0.715950377725938
-0.7115807256205208	 0.053873430385385175	-0.7005358837517778
-0.7311946964654209	-0.004042433649610199	-0.6821568548296129
-0.747982233790561	-0.0622050356719442	-0.660797330102608
-0.761727448573861	-0.120882226194755	-0.636520841355062
-0.7298226950073268	-0.17121651372835894	-0.6618487283956578
-0.7218427727325163	-0.20718664025907207	-0.6603156120765213
-0.7283933344650212	-0.2663055822899121	-0.6312879589760593
-0.687612423022055	-0.315630331573	-0.653885807688817
-0.6908204751913534	-0.39188818052238217	-0.6076106689511382
-0.6741104888803917	-0.42521505216336486	-0.6039596080824827
-0.6511596387944101	-0.45954829508324313	-0.6039921268453902
-0.6039670870514091	-0.5088558831058361	-0.6134243620750771
-0.5808550540546067	-0.5720267882422486	-0.5791310384640747
-0.5665986412907719	-0.6030525086013099	-0.5615101526750149
-0.539740331655224	-0.662469695640708	-0.519436499239721
-0.5443346789672391	-0.6989029045431981	-0.4639337100219321
-0.5482248451979921	-0.7311228835044471	-0.40608970477442613
-0.55150948710761	-0.758735255832332	-0.346638280037486
-0.552839100874464	-0.782948487701539	-0.285237785277806
-0.5542194283878198	-0.8024859007760027	-0.22103665816602888
-0.5551504751662433	-0.8170509326122444	-0.15567826900423906
-0.5544607061246589	-0.8273225050282118	-0.09005996911830079
-0.5515448263385989	-0.8337804204925398	-0.024668095638058194
-0.54611229998946	-0.836746491842496	 0.0402077628014503
-0.5381663740033592	-0.8363463925623913	 0.10441104127414404
-0.5278977948773119	-0.8325729540938918	 0.16776827553218196
-0.5154686124814519	-0.8254269889226508	 0.23013560242720593
-0.5009586400310788	-0.8149332210217947	 0.2914177178094269
-0.442980627969535	-0.839004545181143	 0.315973948940573
-0.41747631278132086	-0.8408524053500537	 0.3445007411944738
-0.399227953015095	-0.822654046537861	 0.404792985668304
-0.40640791170679	-0.803111903216089	 0.435710775876334
-0.3881928487515361	-0.7773670758726042	 0.4949815567548391
-0.37401528376313997	-0.7455791883151089	 0.5515652649170009
-0.395180636988353	-0.693855985487144	 0.601993468031958
-0.4379845018554382	-0.6477951706906383	 0.6233225432826334
-0.480320037911782	-0.597113852475491	 0.642454440690001
-0.4619610221970151	-0.5621983158247451	 0.6859482980914152
-0.4523181099855589	-0.5173914616052939	 0.7264395383216897
-0.448264367774525	-0.490343598725236	 0.747410336945436
-0.4239975185086039	-0.4438048365429999	 0.7894703106257938
-0.3999611998915339	-0.4247544071080609	 0.8121666899249218
-0.3853793316206681	-0.36968788502265404	 0.8454665211746022
-0.3703785550944912	-0.3142147710332582	 0.8741217327069694
-0.3538329667190878	-0.2579249488140829	 0.8990422417450815
-0.33580669959258214	-0.20082060386058112	 0.9202743860250644
-0.3164212742789252	-0.14296539195842006	 0.9377838097802055
-0.29575665067623	-0.0844293078699863	 0.951524931650965
-0.273863093216369	-0.0252599218412489	 0.961436915518921
-0.25081919376081396	 0.034615836530595794	 0.9674148416798568
-0.2566201620658389	 0.07080850992316028	 0.9639150623077556
-0.297118603096527	 0.118922836739753	 0.947405876378091
-0.33653553733360697	 0.16782534787542996	 0.9265951029020558
-0.37436110963347907	 0.21728075128176105	 0.9014670458294213
-0.37982981844161984	 0.2888049402280029	 0.8788179649520745
-0.405324036565713	 0.346442769650455	 0.845984534574361
-0.455564369264127	 0.375683653102305	 0.807045784481082
-0.462009639730308	 0.408533607381097	 0.787176844448856
-0.451041550370522	 0.465794562027842	 0.76131264656818
-0.433412144827378	 0.522864705426363	 0.734007092973586
-0.4179107887063569	 0.5780584213222449	 0.7008559297182729
-0.40350027126071086	 0.6292342508586118	 0.6642678591042429
-0.38858373902800686	 0.6771377505777286	 0.6248897058726026
-0.3725660643488602	 0.7221400289485154	 0.5828450105180952
-0.3896553316473831	 0.7608944464104063	 0.5188529309357031
-0.397284670497253	 0.778749692823584	 0.485503662720543
-0.377641291746598	 0.816221655128718	 0.437229075504931
-0.356135668594585	 0.850639088752829	 0.386756417193619
-0.332395754977702	 0.881982654055791	 0.334095285835503
-0.36342161350490393	 0.8775948829317228	 0.3126530861666779
-0.3950412978469722	 0.8831888049845604	 0.2528238670405231
-0.4238867812417761	 0.8850647327696782	 0.19230292638393406
-0.450179557171506	 0.883217097431609	 0.131399867234905
-0.474081716836258	 0.877666132461707	 0.0703468953920199
-0.4957623131199491	 0.8684078626791882	 0.009354834414464872
-0.515407217912392	 0.855403612881615	-0.0513815024389927
-0.5332001855713907	 0.8385842094610194	-0.11168744669510393
-0.5493067667154439	 0.8178541813490019	-0.17139607373151594
-0.563922373990771	 0.793062816116794	-0.230310498687127
-0.5774165036671881	 0.7639351383276002	-0.28808555278102804
-0.5902139775107381	 0.7302355461826711	-0.34409810787368506
-0.6017181340254172	 0.6923793125929583	-0.39817857134490925
-0.6112901051214789	 0.6507723096682448	-0.4503552024231869
-0.6182386399021861	 0.6058835648843531	-0.5006856198603301
-0.6219118827785108	 0.5581928177700629	-0.5492234410955209
-0.6211008445766901	 0.5087658179330541	-0.5961468639261911
-0.6039997483560168	 0.49295400799370775	-0.6262432833881797
-0.596434640421105	 0.442478343522454	-0.669685474845746
-0.6059202377665832	 0.4075995015948142	-0.6831715097722874
-0.6214573085931971	 0.3362034446781221	-0.7076426056864191
-0.6274252507704597	 0.2998715338999669	-0.7186199397818758
-0.6588813365898359	 0.24327934769895296	-0.7118219884751829
-0.6873467333937398	 0.18597372715741295	-0.7021169709529428
-0.7128703978571372	 0.12815935474501605	-0.6894860228099973
-0.7354795985455094	 0.06996549855371213	-0.6739247651893103
-0.755169552559551	 0.0114372842669419	-0.655429733392989
-0.7718559857844668	-0.047499214311983784	-0.6340206320368709
-0.78532250071194	-0.106915326601842	-0.609784948004759
-0.7551470469603818	-0.15732325863387597	-0.6363979334974569
-0.738744239448522	-0.229893650750664	-0.633565985534385
-0.7411817968284503	-0.2902323416796781	-0.6053220067809202
-0.7094552042204532	-0.36132688429194904	-0.6050753638121351
-0.7018155323632449	-0.41482395463744987	-0.5791166075952598
-0.6643648633980171	-0.4782289654435831	-0.5743834824339001
-0.6203702143830772	-0.5243009304035671	-0.5833089502864232
-0.6136796267786652	-0.5523168528970621	-0.5642192921929231
-0.5832809125534034	-0.6149243885051315	-0.5307083695142364
-0.5713670491870378	-0.6434489449928749	-0.5094243322524489
-0.5761630699851031	-0.6793394580832601	-0.4544601384901471
-0.57986074930756	-0.711195429279382	-0.397445056309159
-0.5831685801588081	-0.7381290945557871	-0.33923420653851205
-0.5836784115005172	-0.7626989804401043	-0.2785853140132451
-0.5850324212779352	-0.7822202844469893	-0.2141693083832221
-0.586190984763447	-0.79635347668662	-0.14900090453146
-0.585754082555777	-0.806139451778209	-0.0838530801817605
-0.5830840300990251	-0.8121881680330112	-0.019062884111819105
-0.5778495111993521	-0.8148825694773232	 0.04534688929469811
-0.5701117573599158	-0.8142830850228937	 0.10915879060152396
-0.560047721791234	-0.810375601969522	 0.172156710728869
-0.547768188184495	-0.803176104302304	 0.234218183518809
-0.5333060492340453	-0.7927097138454535	 0.2952896331154102
-0.47646386912663824	-0.8189948176372154	 0.31973374876646715
-0.4254193115273681	-0.8231579964560742	 0.37607090056264914
-0.4395444699663189	-0.7844113937566278	 0.4376064719206199
-0.421002114375147	-0.759476057084432	 0.495936829048963
-0.40867272804692173	-0.7276759340094725	 0.5508850482760707
-0.4203564296253879	-0.7024889491717949	 0.5742906479859339
-0.4621462025959041	-0.6558313767643481	 0.5969138067406091
-0.5060334429979232	-0.6064422773041213	 0.6133171437892952
-0.4899269483960669	-0.5631820729053438	 0.6654303404514689
-0.5043061872165883	-0.5284611963615302	 0.6829377961975803
-0.490601046326017	-0.504293624250955	 0.710632502692956
-0.461585630417741	-0.458081654277131	 0.759670918099794
-0.454336624966333	-0.43063623216793	 0.779827331374331
-0.40944641590088	-0.389298760004987	 0.82510611921407
-0.395516167512134	-0.334522547338885	 0.855372215213013
-0.37993000430720314	-0.2788469945782181	 0.8819850029574334
-0.36274182048673187	-0.22230333349896395	 0.9049859665128628
-0.34409841120624096	-0.16497025051048397	 0.9243273769892618
-0.324104234614252	-0.106937076321881	 0.939957928214257
-0.3028200780611982	-0.04828724391434894	 0.9518236929170056
-0.28029086256686697	 0.010920900885592498	 0.9598529920177198
-0.291913906735929	 0.0830422192163838	 0.952832755987002
-0.33189743529992705	 0.13195148746831503	 0.9340411647225352
-0.37035071856986995	 0.18140262949827196	 0.9110068228426688
-0.40695268852966704	 0.23243960193148505	 0.8833806318639822
-0.409209551092405	 0.269071761679636	 0.871864628460961
-0.4364360510622349	 0.32011993363721597	 0.8408607503155958
-0.46580805132839276	 0.33621324715540285	 0.8185252053265467
-0.485302211970194	 0.383451582495359	 0.785777733801768
-0.4836740349778559	 0.4647551441284029	 0.7416617044815159
-0.465559165161825	 0.519677905700379	 0.71637248555531
-0.4516301833950599	 0.5748252200628329	 0.6823533863228499
-0.4378965440989071	 0.6255884726020291	 0.6456668487801541
-0.42296379582321	 0.673709206266395	 0.605984762856894
-0.4069116842996801	 0.7188618806526131	 0.5636137664438171
-0.41533717393796127	 0.7382023506774674	 0.5315565081903233
-0.4302037229983712	 0.7739219136745773	 0.4647253255984882
-0.410132987944876	 0.811528083756033	 0.416188781053345
-0.3879448273245231	 0.8461235304290082	 0.36547747154441307
-0.391405872978301	 0.859590364149778	 0.328490256261805
-0.423467712703193	 0.865068664325986	 0.268944794147759
-0.452729763125603	 0.866884011540697	 0.20868126920101
-0.47938823832115	 0.865034228988674	 0.147995606817616
-0.5035972315832198	 0.8595369039906237	 0.08709844441739646
-0.5255229264436351	 0.8503766750386362	 0.026175643876539506
-0.54533946116792	 0.837501476464774	-0.0345853872669672
-0.5632096166475091	 0.8208345225739963	-0.09500323292649453
-0.5792810393290441	 0.8002703355544132	-0.15492213368492502
-0.5937406966772011	 0.7756272212222193	-0.21418309645807906
-0.607006511117757	 0.746537720715529	-0.272441786459991
-0.6197061757405993	 0.7126113693907193	-0.32886059655125216
-0.6310313373370585	 0.6744867537413055	-0.3832323972814917
-0.6403791470138559	 0.6326154644961128	-0.4355596654307809
-0.6470278456403473	 0.5875583411188472	-0.48593226148063023
-0.6503948555588921	 0.5398012052772901	-0.5344166826023611
-0.6495062956788429	 0.4902937551713049	-0.5811657298168639
-0.6153579603054898	 0.4587517498481229	-0.6410003219187589
-0.6345817222822334	 0.38860697939217825	-0.6680498883414334
-0.642452012015326	 0.352793895607505	-0.680288085651616
-0.6546064256183408	 0.28005738729632196	-0.7021810929952028
-0.6847012085413411	 0.22302217133996904	-0.6938626421078111
-0.7118157229147787	 0.16533236944552893	-0.6826299028205827
-0.7359764782217547	 0.1071329681166471	-0.6684767390469325
-0.7571838352515752	 0.04850291756716151	-0.6513985773865251
-0.7753765697600832	-0.010552210605967501	-0.6314109802010212
-0.790398803262315	-0.0700504621480368	-0.608574288443364
-0.8019755268033872	-0.12996785399613103	-0.5830468345991341
-0.771949828005917	-0.18023602245453	-0.609596948197254
-0.763503094819262	-0.216782358307158	-0.608332502278315
-0.766056926469718	-0.277211668320575	-0.579922819308477
-0.7264692292173709	-0.32663128969163796	-0.6046109985723849
-0.7293818208432448	-0.40548203120722975	-0.5509868254245758
-0.7105614845601596	-0.43766116788806236	-0.5509583276278884
-0.6469759760465532	-0.5098374868678641	-0.5669989624354441
-0.628858048832738	-0.564781196865776	-0.534377913171141
-0.6131645022156129	-0.5965733759555489	-0.5178122249654589
-0.5877480519246238	-0.6530933522368076	-0.4775157596591958
-0.592354584829074	-0.686263588370222	-0.422088063215725
-0.5981972711351748	-0.7137425855398789	-0.36432340906573496
-0.599937357605554	-0.739250601326597	-0.305914555697388
-0.5991981578382952	-0.7628013087201273	-0.24309613542394012
-0.6009692455498382	-0.7791586237076134	-0.17817913740198707
-0.6015997775216633	-0.7907324705333884	-0.11322485473627006
-0.600246968907618	-0.798336125136359	-0.0486107767833545
-0.5963774534276639	-0.8025488572824327	 0.015788119514239595
-0.5899567870909785	-0.8034876166099414	 0.07974107674069685
-0.581135072355765	-0.801149161014643	 0.142975695429655
-0.5700307800916329	-0.7955491068867158	 0.20534490078858395
-0.5566745570626841	-0.7867173747178672	 0.26681306159199103
-0.5410668072936721	-0.7746523816236422	 0.32735362788558103
-0.4844231037812849	-0.8010940156555387	 0.35154321868554095
-0.4589173645393012	-0.8034561816149043	 0.37927960233724717
-0.4659109246710742	-0.7839683976408883	 0.41026888959866614
-0.445922049360159	-0.763191557936939	 0.467645348301706
-0.432025642782245	-0.734178098394866	 0.523771289606338
-0.45318763657029987	-0.6841216808667299	 0.5714879629772669
-0.494208807288064	-0.635399509071646	 0.593317047345195
-0.5285656730751611	-0.6167542230627752	 0.5832945718767101
-0.539383080600772	-0.560352657408787	 0.628546570825529
-0.538676929111517	-0.514005078783568	 0.667552203971857
-0.5117208374096418	-0.4706944174998798	 0.7187409476961947
-0.4956760093311688	-0.4479769008650928	 0.7440577867779047
-0.4662737472906731	-0.3964935004250641	 0.7908107843904212
-0.443879884938258	-0.374705462302996	 0.813981857455986
-0.43037250133329014	-0.31989969935881407	 0.8440637964314472
-0.415031682845551	-0.264335705344699	 0.870560358110976
-0.398030959366785	-0.207986155866349	 0.893483695628239
-0.379515857591544	-0.150897311795136	 0.912796645003451
-0.35958805492252505	-0.09314375164366481	 0.9284506838205132
-0.3383070917012528	-0.03483214238178488	 0.9403908940231903
-0.315726641797513	 0.0239358056167062	 0.948548240665041
-0.321534788247477	 0.0599943488019202	 0.944995268802169
-0.36136639795920705	 0.10938612091050103	 0.9259854226596342
-0.39937291183358214	 0.15946448687119308	 0.9028135769473524
-0.434926632724391	 0.210408344621374	 0.875538207424848
-0.43844450851620287	 0.2841363478094999	 0.8526622712454588
-0.4958769546055079	 0.3146909465026319	 0.8093674407093759
-0.5165832915567029	 0.36665153310446896	 0.7737624675290118
-0.5023209661907201	 0.4342206346923551	 0.7477473419094111
-0.5001878686698409	 0.4858792285552739	 0.7167520291523799
-0.4748779868661588	 0.5459564874814917	 0.6902335918852517
-0.46190593185394413	 0.5979651068187322	 0.6550424727797441
-0.4474570806250819	 0.6477441652342059	 0.6166114314570569
-0.431958750625037	 0.694581192365571	 0.57529870934192
-0.4484850030624932	 0.7332413573610833	 0.5110952101940612
-0.455743873614422	 0.751122822867812	 0.477610748026059
-0.43645665269095585	 0.7902992408439566	 0.43003802185768686
-0.41508099139411586	 0.8264745044552148	 0.38032573416583987
-0.421732988509365	 0.853302438123575	 0.306620670365392
-0.452563664701887	 0.856893014920655	 0.246820765681877
-0.4806830611597692	 0.8568407387484973	 0.18646110354442008
-0.506242504522555	 0.853169284412927	 0.125780359154619
-0.52939570944388	 0.845884411117106	 0.0649595708997341
-0.5503187874930372	 0.8349442522780354	 0.004162657812737282
-0.569183193910099	 0.820271300902632	-0.0564400982086539
-0.5861323045877141	 0.8017687659485663	-0.11668662077551303
-0.601304751392593	 0.77929603600847	-0.176437763004912
-0.614965597848867	 0.752571152627089	-0.235486674136607
-0.627806554080312	 0.721042185949481	-0.293184407387225
-0.6398897727524632	 0.6848119731894382	-0.3486741173405181
-0.6502517923424461	 0.6446004789279292	-0.4020731638910021
-0.658204411175961	 0.600987798473821	-0.453409990178973
-0.66315567297864	 0.554468257066643	-0.502781767073674
-0.664440842100338	 0.505665724548698	-0.550291324995801
-0.6611338977435333	 0.4557056618127121	-0.5960153681292801
-0.6439613364765621	 0.4399950975366551	-0.6258738780833001
-0.65371304009178	 0.404765845004356	-0.639393362439643
-0.669678325323126	 0.333010632752928	-0.663803328604119
-0.6758777461769901	 0.29660001308777606	-0.6746982321445961
-0.7062481798048559	 0.23943497588506393	-0.6662465015632328
-0.7335877184104622	 0.18150533225578405	-0.6549082941603732
-0.7579098174019148	 0.12292005936501897	-0.6406741509468729
-0.7791926328583443	 0.06376286998478063	-0.6235327876788722
-0.797347277288844	 0.0041206244194982	-0.603506702410554
-0.8122089964839025	-0.05591318924190434	-0.5806808601111383
-0.823533073286664	-0.116247864901343	-0.555229422049031
-0.795168033630841	-0.16681460016862	-0.582992870850275
-0.7775780697058842	-0.24037560475249606	-0.5810266036528301
-0.7771435524573567	-0.3007003892627019	-0.5528355766149817
-0.7371525810449419	-0.34933097739072594	-0.5784236686841409
-0.75560454283759	-0.393928714791512	-0.523337312357818
-0.7190606559234899	-0.4593765220293729	-0.5214642692563679
-0.672899637047156	-0.501765442027526	-0.543541644815489
-0.6586891101337339	-0.5518616052862869	-0.5114464046232728
-0.6374876159664681	-0.6053743337169591	-0.4765831045747811
-0.6173798283688039	-0.6327726496450878	-0.4673766376108689
-0.621848483813786	-0.665206383755903	-0.413285531066465
-0.631220321848859	-0.6887507398437	-0.356627710154131
-0.6306721880888471	-0.7162670872521321	-0.29868721246577107
-0.6285873429430741	-0.7410794320915081	-0.23596446262667206
-0.630961288255806	-0.756656937819048	-0.171342146516481
-0.632024047671515	-0.767466971893542	-0.107424625749742
-0.6307801299822969	-0.7747534596014698	-0.04328399767894119
-0.6270158101622002	-0.7787286332565191	 0.020805998007147008
-0.6207781334878141	-0.7794308166002112	 0.08439260108157441
-0.6121534922388417	-0.7769174418893446	 0.14719847291295896
-0.6011363193502722	-0.7712652486789413	 0.20924875564317807
-0.5877220160044936	-0.7624785825996004	 0.2705720661497008
-0.5718434504509519	-0.7505360861486198	 0.33119579037943897
-0.5166839156749621	-0.7789584734807682	 0.3553328409749091
-0.4979834106808671	-0.7617730995245102	 0.4143842027967181
-0.47759692054214675	-0.7409708031100987	 0.4720841560855798
-0.472534131279273	-0.716238990601129	 0.513530138471754
-0.477029265132773	-0.692219829832715	 0.541548508809002
-0.5075677331214559	-0.6719600240416329	 0.5393002154495349
-0.5558601350475582	-0.6219888869854161	 0.5514973569579041
-0.5378313453488769	-0.5864617748238649	 0.6056401824769059
-0.5561656322308519	-0.5311009023052449	 0.6392273625994209
-0.555977439803139	-0.481309801356858	 0.677665080661361
-0.5427951830645871	-0.4593952157355551	 0.7030856455661461
-0.5159262031748183	-0.41091619156257525	 0.7516435567403775
-0.4982358118142099	-0.3862608309305829	 0.7762497319256548
-0.454549347815705	-0.340503963525054	 0.823068612707377
-0.440270674839551	-0.28508165915326	 0.851404827617715
-0.424192770960407	-0.229093049258071	 0.876114643095623
-0.4064976082531891	-0.17242865020370704	 0.8972335565912393
-0.38731145906375286	-0.11510033615799894	 0.9147358888194026
-0.36671460459749605	-0.05717372943700871	 0.9285750176680212
-0.344763540117441	 0.00123018136114735	 0.938688759951619
-0.356290392607697	 0.0733432782057514	 0.931492307900332
-0.3951197607402179	 0.12319241004518998	 0.9103318102647248
-0.43162610899905013	 0.17356365670500404	 0.8851974689873032
-0.46497108623831823	 0.2254459241938721	 0.8561401895873884
-0.467599397998085	 0.264001654327329	 0.843595833029219
-0.4964339409691469	 0.2797968213571089	 0.8217463605105289
-0.5217365514703329	 0.33145326382722196	 0.7860850493159928
-0.5379537806856821	 0.3845395436090021	 0.7501566964621202
-0.531854257228297	 0.417791809148081	 0.736601013627398
-0.53727852878601	 0.472440715890554	 0.69866411992771
-0.5084136204957959	 0.5375035470449269	 0.6727596356860889
-0.49501166269491065	 0.5915306340406415	 0.6364392844470685
-0.48040231750413387	 0.6424892335888549	 0.5970102160424589
-0.46516369506036487	 0.6894640791373108	 0.5552134908097319
-0.4732862820242601	 0.7088015765410941	 0.5230682750277561
-0.4875381964074422	 0.7445269881171074	 0.4560548991174712
-0.4679291863251	 0.783791292786862	 0.408305628098156
-0.44601996207783623	 0.8200923613653563	 0.3584894869564232
-0.449232983909089	 0.833454702791902	 0.321780957426319
-0.48043857579423743	 0.8368837974545897	 0.2623057079950612
-0.5088917273321463	 0.8367294063386583	 0.2022698949944381
-0.5347178412405532	 0.8330293252807603	 0.14191185109540305
-0.558045867443977	 0.825807623488248	 0.0814038010008837
-0.5790509358123441	 0.8150244232051462	 0.020861527124531404
-0.5979249199858019	 0.8005725361532058	-0.039615709222436596
-0.614811255315653	 0.782319924273726	-0.0999132444751078
-0.629817595949764	 0.760104610378427	-0.15990865240355
-0.643191436709963	 0.733603651281677	-0.219386550565812
-0.6558009625703304	 0.7020658480158284	-0.27754034398920113
-0.667828148165571	 0.665586585488463	-0.333166717628807
-0.6780436834251441	 0.6251476305585251	-0.3865840185190341
-0.685788505000474	 0.581391130126194	-0.437811009706017
-0.6904781369998453	 0.5348550861725202	-0.4870010052562612
-0.6915638166262906	 0.4861027910747448	-0.5342691868736408
-0.6883127470035549	 0.4360763732061739	-0.5797093746385079
-0.680938685506467	 0.385048550012846	-0.622944717221143
-0.6890546114759134	 0.34911046628508924	-0.6350792271315334
-0.7017068487526023	 0.2762487941187631	-0.6567298547817222
-0.7306750421298512	 0.2185885128183721	-0.6467867074023652
-0.7565905054316171	 0.16016083084605306	-0.6339710682305872
-0.779445595658915	 0.10105739011519	-0.618265288780654
-0.7991830932963757	 0.04139491925335258	-0.5996606073849148
-0.8156695237192793	-0.018691822930210603	-0.5782160874890201
-0.828708470687336	-0.0790800098645133	-0.55406554003194
-0.838007434989492	-0.139674233254586	-0.527479523268037
-0.8095903978762218	-0.19027377072751694	-0.5553010713475649
-0.8005470007862728	-0.22720163361413795	-0.5545303573431939
-0.800471873637838	-0.287514661202947	-0.525908831555512
-0.762843839840143	-0.336714338720139	-0.551989791679344
-0.7721019993323793	-0.35929048759896814	-0.5241839831088302
-0.7631658331164712	-0.41580703112302614	-0.4946538426337121
-0.7449590136502992	-0.4489590723557331	-0.49342863651256913
-0.7000761046295941	-0.4913778122804301	-0.5181132051252431
-0.6850794155035783	-0.5441352409060722	-0.4843377272703072
-0.6646640354826802	-0.5745903245141761	-0.4775643191346821
-0.6408776595937142	-0.6275492460157952	-0.44210606109698414
-0.6424690592726703	-0.6650744247371794	-0.38066982732783017
-0.6436951484619733	-0.6928192625526043	-0.32505080415618715
-0.6417104029629301	-0.7197339835006301	-0.26493537272978207
-0.6445619728980586	-0.7379371975464586	-0.19997138688082686
-0.6467112406504141	-0.7503916551386483	-0.13666358371813003
-0.646674116337671	-0.759284522214081	-0.0727983625161096
-0.644200146497388	-0.764807546529045	-0.00869413739058622
-0.639279133956469	-0.767002072565339	 0.0550455226911464
-0.631960829255169	-0.765964234886077	 0.118001276105413
-0.622183079574003	-0.76184034284509	 0.180242912497235
-0.609934929344224	-0.754650191348519	 0.241831492290604
-0.5951660099441961	-0.7443641608125011	 0.3028191154881181
-0.5776355922841618	-0.7309776755256889	 0.36333009840857694
-0.523174831417822	-0.759282188609271	 0.387012472449725
-0.5028025871167381	-0.7402344600254201	 0.4463658842021751
-0.501376542535266	-0.718278655284872	 0.482387122503844
-0.53761154188783	-0.648598811604327	 0.538788837685456
-0.5846564370433246	-0.6208178230098855	 0.5222662934337917
-0.581442012019689	-0.571301473819221	 0.579257984554794
-0.585519891020083	-0.523437966804456	 0.619014662287936
-0.5873404346852821	-0.4666485354135601	 0.6612642120817391
-0.559214657941929	-0.423378050032909	 0.712762227599936
-0.5461837928154845	-0.3988790323370973	 0.7365994719163956
-0.509688762857623	-0.351121749510798	 0.78544947771142
-0.48806584068241976	-0.3278958173552468	 0.8088733325557826
-0.4744881894006651	-0.27123655295047805	 0.8374316034535723
-0.458736207015471	-0.214909493910023	 0.862191975026674
-0.44123235975236713	-0.15824947439619405	 0.8833295582967242
-0.422140831251005	-0.101071445006415	 0.90087828345178
-0.401557616854886	-0.0433458303074498	 0.914807421996992
-0.3795717873857399	 0.014857968274485397	 0.9250429714340568
-0.38525626447353	 0.0509200324958246	 0.921403690558338
-0.423805270276567	 0.100799906988699	 0.90012691973792
-0.45981012126078513	 0.15106551505404103	 0.8750736326433333
-0.4921488155314349	 0.20214947156296295	 0.8467143169439267
-0.5196546360885448	 0.2545028484694179	 0.8155901907898566
-0.5517437918021131	 0.31346576489721406	 0.7728635082892912
-0.5691050917669582	 0.3663935313535321	 0.7361217118841222
-0.5506041159789373	 0.4372303996888873	 0.7111010371634604
-0.5258724956567951	 0.5033202276617911	 0.6856579808754341
-0.5179459295606	 0.560087700333334	 0.646555320128853
-0.5036372611959089	 0.6144899341814459	 0.6072492321318869
-0.489205681100071	 0.663324969216567	 0.566284192604081
-0.505066951237837	 0.702200450873017	 0.501818594275908
-0.5121785510804842	 0.7199904828073552	 0.46828072401063814
-0.49355565964457787	 0.7607721938755378	 0.42145993861647996
-0.472595306688647	 0.798619902516359	 0.372639138310276
-0.4788430416455151	 0.8252010709715393	 0.29958727265205404
-0.5088227990589623	 0.8267488972881556	 0.23997003977709816
-0.5360913703113748	 0.8247623391543346	 0.1799253361545919
-0.5607556384395298	 0.8192893323709177	 0.11965827936875695
-0.582945185740455	 0.810343883414397	 0.0593102102078635
-0.6028499001803851	 0.7978539290917323	-0.0010515157559772303
-0.6206625363749717	 0.7816720302672656	-0.06137469379506747
-0.636504927091862	 0.761630865791433	-0.121572620526069
-0.6505027140730402	 0.7374976403765552	-0.18150330416447505
-0.6631463091905948	 0.7087200730253298	-0.24073394172376994
-0.6757950688877883	 0.6743081957021303	-0.2976734487250871
-0.686775779929243	 0.635811858135176	-0.352253188995181
-0.6957830313855659	 0.5935418899286409	-0.4044675489280319
-0.7019407544000912	 0.5483394729595152	-0.45453602685234124
-0.7048015268731813	 0.5006506875233252	-0.5025969526366573
-0.7037365683116529	 0.4511856334984959	-0.5488044884523989
-0.6983801556348042	 0.4006643731797831	-0.5930710061029442
-0.7148894768711234	 0.3287160994153422	-0.6171537586729052
-0.7213392864855818	 0.29225184908633095	-0.6279000640851158
-0.7505175178500326	 0.2344024250735999	-0.6178826413809028
-0.7765775994186037	 0.17566667598285993	-0.6050359088767968
-0.7995033313063334	 0.11615888251057692	-0.5893229481735537
-0.8192375162857143	 0.05606687485496373	-0.5707069278132272
-0.8356406144532683	-0.004405914633337981	-0.5492589110723722
-0.848519135615763	-0.0651025580163205	-0.525144678573067
-0.857615155104735	-0.125912672262658	-0.498640396175799
-0.8308961755303292	-0.17680972113912902	-0.5275887299779781
-0.8122624520689203	-0.25082080559209413	-0.5266105130370242
-0.809948720790165	-0.310548808599887	-0.497536438029986
-0.7958316840150368	-0.34638442154893095	-0.4966585982604179
-0.787153527682139	-0.403446890251531	-0.466497514038321
-0.750891479988677	-0.470500989049283	-0.463455288656911
-0.7056172325427079	-0.5133217936254438	-0.4884721663799559
-0.6892903570088441	-0.5659861400307101	-0.4522593205537701
-0.669741086348976	-0.614657404901607	-0.416705113786375
-0.6695848086793523	-0.6366757163622463	-0.3824921125728682
-0.66963379027782	-0.670187711456153	-0.320060960336191
-0.6685225952932401	-0.6976685923692602	-0.2575579057297331
-0.6739670239961656	-0.7126413621039046	-0.19470680415548786
-0.6759922337419905	-0.7250000300344784	-0.13194489899393508
-0.6758542779147859	-0.7339027473463718	-0.06788042767787358
-0.67350273394408	-0.739175402883098	-0.00371364274798025
-0.6689114272899122	-0.7409578733398411	 0.05948892650462621
-0.6617641710042321	-0.7397214927799761	 0.12198481501582603
-0.6519994460920191	-0.7355763299159651	 0.18391352631891902
-0.6395947529153373	-0.7285035243389203	 0.2453592612251291
-0.6244328521205853	-0.7184669359815534	 0.30641291600360115
-0.6061844210031199	-0.7054760626889349	 0.36721107377914197
-0.5531792815992249	-0.7354186816690977	 0.39134645144865193
-0.5296661806582138	-0.7174801268600397	 0.4524113223912968
-0.533661584845764	-0.673821923716437	 0.511047285462889
-0.5882389984641001	-0.6443785121354201	 0.4886217491926601
-0.5840700366863502	-0.5968112318162921	 0.5501622904408531
-0.59990539388483	-0.542186499296447	 0.588342857837631
-0.6011125820543758	-0.4873839090572888	 0.6333408157445387
-0.604022496899884	-0.431649168562548	 0.669952101659582
-0.589764185599276	-0.409755028774759	 0.695901589147646
-0.5598236493592453	-0.3624021401394362	 0.7451591577914435
-0.5410529400670648	-0.33903493580629496	 0.7696213538796898
-0.4981720885091881	-0.29310347340811904	 0.8160361046586662
-0.4837786156601169	-0.23621582664155594	 0.8427101128347919
-0.4673001809920269	-0.17958691001542199	 0.8656668427264218
-0.449076470147143	-0.122677952759828	 0.885031323664219
-0.429254426542416	-0.0652908749926557	 0.900820591980687
-0.407939973113155	-0.00739655929050146	 0.912978789045562
-0.419080870753383	 0.0646595379327006	 0.905643620815007
-0.4563180793060578	 0.11466082442842294	 0.8823982693998356
-0.490490559172816	 0.165080769296552	 0.855667780724971
-0.5202317297104432	 0.2163763589010851	 0.8261599232056643
-0.5448169687101054	 0.26752890856595124	 0.7947343919115637
-0.5766526920975329	 0.33108323061696193	 0.7468972935423609
-0.591445140837298	 0.383275453807324	 0.709431160782171
-0.5809535972065669	 0.4193895827225689	 0.6975709969576859
-0.556812671102977	 0.490068864919827	 0.670665458284054
-0.5466527110847041	 0.5547493409236001	 0.6272351889112842
-0.5350891533695071	 0.6071243449604561	 0.5874347859146931
-0.5209940350086151	 0.6563230827998301	 0.5457153346476251
-0.5286850701869207	 0.6760652365012586	 0.5132522698984857
-0.5429284421911273	 0.7114123603730734	 0.4462299409142423
-0.524074560805742	 0.752268329867265	 0.399297150747391
-0.5026989263196302	 0.7902493198500583	 0.3504280267809802
-0.5057470864803881	 0.8034730813480873	 0.31408739558538307
-0.536042601471347	 0.804808676005745	 0.254835877446074
-0.5635846587917033	 0.8026714306479583	 0.1951689186223031
-0.588457063138933	 0.797127783968382	 0.135298118492308
-0.610748235983055	 0.7882294215099	 0.0753722184213451
-0.63058685199821	 0.775965024238238	 0.0154435503022605
-0.6481982975059432	 0.7601659778432363	-0.044571888450382104
-0.663769366411952	 0.740570334727179	-0.104717751767071
-0.6774253369889933	 0.7168753389020314	-0.16487771613971008
-0.6896602536035321	 0.6884334724543981	-0.22456199278571506
-0.7024312829754348	 0.6536905626408558	-0.28156516299387296
-0.7132191441938972	 0.6151317951974491	-0.3360525656686591
-0.7221163084220918	 0.5727402775927178	-0.38796470397945587
-0.7280805128132354	 0.5276049202793363	-0.4376434792826822
-0.7307231748561613	 0.4801062886125682	-0.48532627516218124
-0.7295473973806385	 0.43078601027373126	-0.5312099475043534
-0.7242087338196077	 0.38027285068728384	-0.5752514831702458
-0.7325948027012835	 0.3442631677110098	-0.5871862791420186
-0.7457337880026237	 0.2712814262783259	-0.6085125349470257
-0.7734325957818913	 0.21286101397126905	-0.5970696848050561
-0.7979707790971163	 0.15355588202589507	-0.5828063373045892
-0.819324310229985	 0.0935457125519349	-0.565647305597145
-0.8373959195453714	 0.03307254322662898	-0.5455953453002367
-0.852009431341499	-0.0276654385158296	-0.522794942990904
-0.8629513372723144	-0.08853171923368484	-0.49747072696737865
-0.8699370243391297	-0.14941369615351693	-0.4699841711012458
-0.8430574775678686	-0.2003626646081199	-0.4991080966564628
-0.833586668962217	-0.237396837637133	-0.498774504970296
-0.8315296804566683	-0.2971639448554401	-0.4693101111179942
-0.8033973638231212	-0.36866028275643503	-0.4675919927885901
-0.7929363557484242	-0.42492420610411213	-0.4366822125976721
-0.7748244296988498	-0.4585978929254339	-0.4351265054512359
-0.731059224596215	-0.502955030943746	-0.46107336399011
-0.7144719528018261	-0.5552005272696822	-0.4257724781840791
-0.6932637285071496	-0.6066713724236644	-0.38901831398785425
-0.692266903871624	-0.627284362802759	-0.356764434868629
-0.6903600852950998	-0.6624087004493739	-0.29089115868364596
-0.6857560524996421	-0.6924670682426001	-0.22411603213426406
-0.6895484884355031	-0.7059387675195411	-0.16178176228890603
-0.69033131505917	-0.716861002167691	-0.0977393422313189
-0.689172282746444	-0.723838760938285	-0.0331513628284519
-0.6859862366632518	-0.7269883877495847	 0.030178919560656887
-0.6802280584929488	-0.7271053900512687	 0.09277683006713468
-0.67178491765631	-0.724386475026752	 0.154820086577362
-0.6606368262195101	-0.7188377009253241	 0.21640550725664806
-0.6467110143167984	-0.7104146504580705	 0.27762544619662516
-0.6297936358934849	-0.6990975167210809	 0.33855965250230696
-0.60984466395979	-0.684804269633126	 0.398914274164277
-0.5563057138219563	-0.7147291874533993	 0.42389402139125215
-0.5607447476607431	-0.6711886200655021	 0.4848413805209461
-0.5870150425187178	-0.6676322249195826	 0.45790889061654577
-0.6106697743698429	-0.5935412830666809	 0.5242052765536069
-0.6268748503782043	-0.5233805767984833	 0.5771487622731172
-0.6314528562524772	-0.4727749010547151	 0.6146146624213361
-0.6335457637774252	-0.41786422603574425	 0.6511599295098153
-0.6055715984905128	-0.37286244544627584	 0.7030338796085637
-0.5897348687128068	-0.3494851877629349	 0.7280610469999028
-0.5519002173472729	-0.3033343432756869	 0.7767846717601607
-0.530553253069292	-0.280545272794689	 0.799879738192027
-0.5169784143399483	-0.22278233158062113	 0.8264994566495826
-0.5009984382325401	-0.16563406558275204	 0.8494503641809122
-0.4830077460976001	-0.10860751429635902	 0.8688543750526222
-0.463247389820891	-0.0513034830867294	 0.884742792255072
-0.4418819970254761	 0.006451610067547921	 0.8970499860277092
-0.4473265963503241	 0.042420317778487204	 0.8933641098886872
-0.484368743687501	 0.0923399879159351	 0.86997715301626
-0.5183495071434028	 0.14258998715139196	 0.8431974169839217
-0.548205580005882	 0.193297174612607	 0.813699480359425
-0.5731912961154568	 0.2448859521172169	 0.7819735344070967
-0.5891383320221208	 0.29839895268927497	 0.7509155017551158
-0.6119746022265663	 0.3986327691093523	 0.6830658838075915
-0.591002484773586	 0.465094585136195	 0.65909262616755
-0.565577015274063	 0.525731853185381	 0.635396457607333
-0.5567334895372892	 0.5771850928178872	 0.5974154251912482
-0.5437278710483799	 0.6281363419938639	 0.5566010583099569
-0.559259022675784	 0.667680725002059	 0.4913570952133
-0.566534212269343	 0.685100463521285	 0.457904292632506
-0.5488697881043898	 0.7274038419534816	 0.41185629340530483
-0.5285832819729172	 0.7669084985805412	 0.36393827611791507
-0.534560198562817	 0.793204292544889	 0.291671637978128
-0.563607327121496	 0.792683764816768	 0.232377343583401
-0.5899218390767278	 0.7887561554440987	 0.17278874682506493
-0.613574729567735	 0.781496245786865	 0.113091419024243
-0.6346431992981284	 0.7709583500200996	 0.053396929864196835
-0.653249210475651	 0.757116700026556	-0.00630646920525328
-0.6696487008536096	 0.7397211627055627	-0.06620588259817498
-0.6840366265094943	 0.7184196425876792	-0.12636103330418802
-0.6966290225438023	 0.6927561134088603	-0.18653946575541808
-0.7086365879932847	 0.6614607390227557	-0.24556847698494588
-0.7207986729794873	 0.6244221673388832	-0.30090900612447913
-0.7308212609937269	 0.5836613337575519	-0.3538922603786279
-0.7382778175820931	 0.5398381456027551	-0.40437685470165113
-0.742530974498641	 0.493597646824974	-0.45277932258325
-0.743242805901871	 0.445226071371757	-0.49936347167768
-0.7399455529399221	 0.3953161491109731	-0.5442478488120132
-0.75696724772382	 0.323254475882303	-0.567897111892183
-0.7636435298937305	 0.2867152592139462	-0.5784832922265973
-0.7914795014399508	 0.22808998156739793	-0.5670407032206339
-0.8160864949808523	 0.1684987451558771	-0.5528209525612813
-0.8374562600930713	 0.10817929872373204	-0.5356904439679392
-0.855493264144989	 0.0474392192878084	-0.51563630154976
-0.8700103681567667	-0.013502859182314595	-0.4928484879693048
-0.880802434935741	-0.0745102534994565	-0.467584530042127
-0.8876349897052842	-0.13547137268644302	-0.4401722756300661
-0.862541250840987	-0.186691367525628	-0.470286002225323
-0.8433697532763957	-0.2606681420743349	-0.46987187505321687
-0.8392573299940673	-0.31974620769335016	-0.4397834657157432
-0.8252290003686313	-0.35541811809302815	-0.43894767146187225
-0.8149510618485813	-0.41190178603355615	-0.40766614460148215
-0.778784101045583	-0.479403052251202	-0.404559065466162
-0.7353948814812231	-0.5237240511688511	-0.4300087051659591
-0.7159255909490049	-0.5761328553638189	-0.3943621193708279
-0.716849817240938	-0.614300933330396	-0.329788876148117
-0.7150326249274809	-0.6329982522218739	-0.29671797716580894
-0.7117238685734396	-0.6652142911319826	-0.22569688029884485
-0.7164972567307349	-0.6790805533836649	-0.15962857862383797
-0.7174189009888393	-0.6904966046024044	-0.09232854128879645
-0.717169550987895	-0.696309974845115	-0.0286400779855196
-0.714306691528385	-0.698998920399011	 0.0341534730121231
-0.708659845385757	-0.698928982913713	 0.0964339171714896
-0.7001883535935479	-0.6961968746955138	 0.15825985326720096
-0.6888551376849139	-0.6908067181150319	 0.21969223357287193
-0.6745793852362503	-0.6826966900592393	 0.2808342614362461
-0.6572936094675419	-0.6717648523839959	 0.34160956376342694
-0.636951134129986	-0.657891285026449	 0.401836172857512
-0.584847209409526	-0.689637965994417	 0.427028356792583
-0.6135861070236671	-0.6406428594743991	 0.4616154415441561
-0.6373812047134572	-0.5911649438362241	 0.4942359851904111
-0.6331157897798917	-0.5441870578166258	 0.5504769230733187
-0.6451206030929532	-0.4915493011485031	 0.5849775141023821
-0.647089233437171	-0.438989969062373	 0.623348482818649
-0.6481680949047727	-0.38058282713834285	 0.6595717037858007
-0.634300862284951	-0.358333651356883	 0.685025116626983
-0.6016230004636421	-0.31287219316652004	 0.7349562953375501
-0.5826048169645093	-0.2901652604850381	 0.7591941443777084
-0.540164569147695	-0.245045803897402	 0.805093033276131
-0.525686906611378	-0.187374715127837	 0.829785509844636
-0.5088824954415251	-0.13016004280053003	 0.8509388750617582
-0.4900738105834729	-0.07298730307593748	 0.8686198902684048
-0.46949313476280713	-0.015512764177739603	 0.8827998360660012
-0.480100571631934	 0.0562889662421503	 0.875405616499049
-0.5156557234965092	 0.10631687819613304	 0.8501740387920114
-0.5477095671694591	 0.15676126924062703	 0.8218516499327062
-0.5754021068627139	 0.20801499837693496	 0.7909754584487398
-0.5968200727875692	 0.26126478008550014	 0.7586478204046433
-0.6104228303501202	 0.3145022391846931	 0.7269610097764272
-0.6213966772435948	 0.36384560838836083	 0.6938894312259867
-0.6321714889223264	 0.4134576476701163	 0.6552953396574884
-0.6216921359457129	 0.4472869970985669	 0.6429877373090439
-0.5967447557686909	 0.5142539354737699	 0.6159858653510689
-0.5870953633842521	 0.5676811042244511	 0.5771110796018571
-0.5732510082429079	 0.6206728137552139	 0.5349285371090939
-0.5815281087825638	 0.6400164320428426	 0.5021991889787598
-0.5962650972558895	 0.6743648111265804	 0.4355456753414463
-0.5783939355802539	 0.7167905163242559	 0.38945065283241187
-0.557787410629046	 0.756473202771424	 0.341498899020902
-0.56072657391907	 0.76955276039306	 0.305572018143683
-0.5900331484780721	 0.7687697272999171	 0.24668601517772407
-0.6165692040216841	 0.7646420398571032	 0.18752324531970704
-0.640388822044717	 0.757264099575841	 0.128270183962488
-0.6615321023853389	 0.7467320234598689	 0.06904029731369599
-0.6800372586289151	 0.7331115104449031	 0.009840738268188341
-0.696001862887138	 0.716332967436181	-0.0494821848922314
-0.7098352727759409	 0.6958256428475459	-0.10936434647043397
-0.7218580916211111	 0.6709107972317692	-0.16970444224875103
-0.733401943316827	 0.639988005330369	-0.229209385873174
-0.7458397133185081	 0.6025740771739901	-0.28395000185751007
-0.7558244171258558	 0.5617566985294449	-0.33639093646181795
-0.763213127321283	 0.518075222434516	-0.386139594167568
-0.767251879522754	 0.47222033979562	-0.433972930091395
-0.76772868591524	 0.424168447590803	-0.480285116249991
-0.7643200547902371	 0.3743111348552321	-0.5250771640138591
-0.772933911642225	 0.338259237302227	-0.536799642895899
-0.7864876016620926	 0.2650919662101739	-0.5578203132574447
-0.81275529975968	 0.20586277550837	-0.545022330159548
-0.835765705324457	 0.145740405719932	-0.529391556358904
-0.8554833269790173	 0.08505694766880695	-0.5107970173309332
-0.871753692370958	 0.024109426185215	-0.489350830597661
-0.8843807234896093	-0.036930410438704604	-0.46530299881348713
-0.8931503555944612	-0.09796349798072423	-0.4389596739620491
-0.8978537567236422	-0.15881988423713203	-0.4106517696396141
-0.8726048996875283	-0.21003909017601508	-0.4409583536337082
-0.862951407295716	-0.246978168139702	-0.440813626273849
-0.8590184277386087	-0.3060626112705319	-0.4103815526893868
-0.8310409831672974	-0.3771876939308392	-0.4087790697228362
-0.818931750889044	-0.432794293289006	-0.376881794575268
-0.8008769880450404	-0.4665260716800552	-0.37543238334310014
-0.7589554313131852	-0.5121904059482701	-0.40205427660300214
-0.739241608873889	-0.564762884864518	-0.366830652466573
-0.7398217096113852	-0.5837005775074731	-0.33460046892544804
-0.7160520921723044	-0.6469255440464803	-0.26221506775132414
-0.7276995855925461	-0.6579087663285191	-0.19393134949389407
-0.729766574488463	-0.672688451922052	-0.122192444161199
-0.7311960716702494	-0.6796782755343443	-0.05822152987216793
-0.7298492414008468	-0.6835921432470029	 0.004676164836457429
-0.72566037894323	-0.68477454897835	 0.0670882366996279
-0.7186035544052372	-0.6833374138764681	 0.12906940145820803
-0.7086443930445703	-0.6793257214244273	 0.19062971546344504
-0.6957194641379371	-0.6727219947390611	 0.25183237483278503
-0.679781197314824	-0.663403000203301	 0.312720295309536
-0.6607814339164851	-0.6512354501152201	 0.37317594389845204
-0.6385894956424188	-0.6360864669464918	 0.43312522741430187
-0.6633316236434581	-0.5855713493972351	 0.4659370685399851
-0.6599454314705403	-0.5377223677002883	 0.5247158114217242
-0.6730377325554178	-0.48133320072360086	 0.5615501406266729
-0.6743448848079491	-0.4217636566358781	 0.6061141759392261
-0.676650460152768	-0.365345926084396	 0.639270294217229
-0.6477047088475241	-0.32138024845841207	 0.6907918253986172
-0.6309784414699151	-0.29896318863587606	 0.7158821259403441
-0.5928466718813882	-0.2541155725722301	 0.7641715117795543
-0.571697490534897	-0.23174257952771	 0.787056132782119
-0.5578924974341651	-0.17381685228697802	 0.8115070321123022
-0.5415552802658841	-0.11627406967279703	 0.8325852623832982
-0.5229715101011392	-0.05895290177465973	 0.8503089761932904
-0.502409079347804	-0.00152631914315301	 0.864628699118162
-0.507585903957783	 0.0343159734954396	 0.860917512928167
-0.5430151195922183	 0.08437369269953104	 0.8354733148787543
-0.5750567716407611	 0.13506616557996004	 0.8068871298426022
-0.6028057358737491	 0.18688588092435102	 0.7756925372264692
-0.6247030399175572	 0.24043975923372404	 0.7429231683676261
-0.640319623552364	 0.293844913143088	 0.709680172129453
-0.652104874178607	 0.344684658322062	 0.675241970992552
-0.6615208132423486	 0.3941709353823507	 0.6379807891676555
-0.6106901048327761	 0.48075211799164314	 0.6292336584337191
-0.6079905329078631	 0.5342345010893691	 0.5873167882328971
-0.5940299528179541	 0.5917843030728991	 0.5449034352907152
-0.6112949602997771	 0.6293981907137901	 0.4797670153713171
-0.6187685905794882	 0.6462334745110092	 0.4466628792878392
-0.6022065218996032	 0.6900354634910313	 0.4014951607507872
-0.5828211686251082	 0.7312178581234263	 0.35445723206594615
-0.5886297077721326	 0.7572314376481705	 0.28304702253402786
-0.6166547243405541	 0.7546288407591363	 0.22421477124176606
-0.6419184990102704	 0.7487620535868954	 0.1652150953658191
-0.6644595848700495	 0.7397404869429496	 0.1061954427069711
-0.684296412343174	 0.727673709932173	 0.0472164370511876
-0.701441121351215	 0.712630254998789	-0.0117674524818013
-0.7159779529447234	 0.6945074631652445	-0.07095741331855444
-0.7284879353834268	 0.6724256854907468	-0.13095428779956594
-0.7395371343897469	 0.6453433602147709	-0.19135509997204195
-0.7531599710739465	 0.6093835478376777	-0.24779376424086383
-0.763297337961704	 0.571336317117003	-0.30158247065066
-0.7721310849323734	 0.5289777677614822	-0.35213081219233816
-0.7777681414194163	 0.48447820318958823	-0.4004467365670182
-0.779888363465296	 0.437775168357358	-0.447355610785323
-0.7783377815908682	 0.38876361604112414	-0.4930042074778221
-0.7957355476836487	 0.31664724119495796	-0.5162746001850429
-0.8025938605102831	 0.27999968291467403	-0.5267288416622751
-0.8289354834431047	 0.22060750356407793	-0.5140022311820949
-0.8519716800158756	 0.1602748308639949	-0.49845384444544577
-0.871682530716537	 0.0994152500759397	-0.479881416285265
-0.8878991026880437	 0.03836524657121599	-0.4584357002909969
-0.9004236962172713	-0.022714807830502802	-0.43442053910427714
-0.909052845876497	-0.0837564746863095	-0.40817615848058
-0.9136434580029388	-0.14460603213736697	-0.3799272655626589
-0.8902674145219402	-0.19608833100938602	-0.41106361683123105
-0.870866771361537	-0.269779045277137	-0.410865346881054
-0.8649373481308194	-0.32808753070517915	-0.3797919904424052
-0.850985754516633	-0.363541699060517	-0.379025960395788
-0.839044633081094	-0.419181303736105	-0.346830128875667
-0.803098130799395	-0.486448702031967	-0.344094540203608
-0.7610418524888742	-0.5323587933135251	-0.37068775801484205
-0.761780469382878	-0.570341899149027	-0.307246862541968
-0.7380581300455029	-0.6192120119102639	-0.26804231192067196
-0.7504015883348819	-0.6359297696591498	-0.18025200216848494
-0.755776431907205	-0.644126829810148	-0.117909338444174
-0.7577298742447113	-0.6502590555404021	-0.05485069156171661
-0.756590218538309	-0.653841927832783	 0.00787239608147992
-0.7524754544979012	-0.6548640587776591	 0.07024069261779681
-0.7453974079216942	-0.6533798262782052	 0.13220252220090903
-0.7353143571667451	-0.6494518227229661	 0.19371403177434907
-0.7221732901745284	-0.6430898007550083	 0.2547572317391211
-0.7059289616935422	-0.6341958701504182	 0.3153726356652261
-0.6865198509585358	-0.6225208244843808	 0.37571041684142387
-0.6636325648491521	-0.6080966440337201	 0.4356722281562861
-0.687112280114098	-0.555958510101369	 0.467746565526965
-0.6619716960642199	-0.5622409921117268	 0.4956597022142119
-0.6808426707037183	-0.5066704834289493	 0.5289029012691302
-0.6863584739312572	-0.44093363323401213	 0.5783507381734802
-0.6899386949049934	-0.38607175627363416	 0.6123178882578773
-0.69087802167402	-0.329216987395977	 0.643664302550413
-0.67604937036083	-0.307206638133918	 0.669762144586555
-0.642073257882534	-0.262662719691545	 0.720243172266388
-0.62293063470016	-0.24039193396514	 0.74442537734588
-0.5807720470512118	-0.19593528020103293	 0.7901349222357457
-0.565927453634723	-0.138119805063874	 0.812803196765143
-0.5486111658350341	-0.08060790114300652	 0.8321827653793632
-0.5290804871461902	-0.023237657130611402	 0.8482534110819893
-0.5391715344038341	 0.048412506862019214	 0.8408033573124872
-0.5729554866170068	 0.09884875198456176	 0.8136036716894557
-0.6029255186956088	 0.15024356162974997	 0.7835226168365778
-0.6280636978846883	 0.2029847950670421	 0.7512211154986274
-0.6469381605302988	 0.25683140305601393	 0.7179893083145129
-0.6610666403566501	 0.30918794843563707	 0.6836619848651331
-0.671699201696841	 0.359636308783172	 0.647674229720962
-0.680607383167028	 0.407302305859743	 0.60899788309966
-0.6394410576167839	 0.46322437055702287	 0.6136271802617439
-0.6319268631085643	 0.5331471968901321	 0.5625144497077071
-0.6233741687772992	 0.5820827830353572	 0.5220960442246472
-0.6324088112781758	 0.6000519087649658	 0.4898946848101599
-0.6474124502122122	 0.6331626957365502	 0.4242194243995021
-0.6306460739005849	 0.6772362394065959	 0.37899420247305887
-0.6110169243394598	 0.7186691262517858	 0.3319231916321029
-0.6138938664834959	 0.7316125789945419	 0.29644114922004194
-0.6421193894973012	 0.7286997345810002	 0.23807432968128506
-0.667545791193833	 0.722594134966929	 0.179555932151503
-0.6902015759973433	 0.7134283842706833	 0.12100299586252405
-0.7100856364954581	 0.7013408376403191	 0.06244532248948601
-0.7271690529460076	 0.6864476202996607	 0.0038513663211268484
-0.7414150795030738	 0.6688019977758349	-0.054841295175287484
-0.7528697595098013	 0.6482556767225144	-0.11380554825090505
-0.7629594376251333	 0.6225141975328822	-0.1742669515677951
-0.7775671282774083	 0.5853472629843481	-0.22969097226307605
-0.786978851646655	 0.548317444281831	-0.282864397471922
-0.795891081383507	 0.50618687836947	-0.332162958110569
-0.8012681220379793	 0.4626083515107431	-0.3794244453356201
-0.8028855110554992	 0.4161214683777711	-0.4268697455808711
-0.801171723249767	 0.367194195739799	-0.472538138651264
-0.8099142413142681	 0.3311297261377021	-0.4841405025241161
-0.8237837468103363	 0.2577603006689791	-0.5049158007927272
-0.848473429056568	 0.197771329444933	-0.490896467123744
-0.8698631790823723	 0.13704931460033407	-0.47387291022413125
-0.8878522899686268	 0.07603951907970719	-0.4538020523704059
-0.9022106026531063	 0.014957637865072404	-0.4310363065100391
-0.9127480541051898	-0.04608868510483429	-0.4059147975037339
-0.9192987997262222	-0.10705694535232002	-0.3787195892395291
-0.9218156678775324	-0.1676070799827571	-0.34951930017547317
-0.8983465977329432	-0.21902252332688704	-0.38079197026351413
-0.8886201970609672	-0.25577479803346403	-0.3807011926252251
-0.8828195353993712	-0.31403664957972705	-0.34930022994263604
-0.8550072358735508	-0.3846684476216129	-0.34784021045337593
-0.8412487701368978	-0.4393227448593239	-0.31511272997520495
-0.823360599351934	-0.472822976347908	-0.3138721976734
-0.7831730958779932	-0.5192571061067551	-0.34207010926200204
-0.7835931601846048	-0.5381996179488829	-0.3103593571194219
-0.7609233670268191	-0.5876598760460842	-0.27504817686738003
-0.7556964790156356	-0.6202265705995328	-0.21033742587973692
-0.7665478686934776	-0.6250006754361994	-0.14757547460801812
-0.7699620123425184	-0.6324031263090594	-0.08499873754349364
-0.7704316610198764	-0.6371388454900934	-0.02211667392953181
-0.767850057373517	-0.63934868339082	 0.040491362509949
-0.7622655721728403	-0.6390622169180883	 0.10271650494322104
-0.7536594429706198	-0.6363505960029999	 0.16448514518898597
-0.74198462615967	-0.631269347659716	 0.225738400029706
-0.7271918467566454	-0.6238074347302442	 0.28645471262650213
-0.7092115246880811	-0.6138413977601042	 0.34672431649010305
-0.6878838886897775	-0.6010685046358224	 0.4068567418832903
-0.7116141886057491	-0.5490688176228811	 0.43832485680051614
-0.707047312472589	-0.503412084644938	 0.496649142714177
-0.7030482156790742	-0.48048805202254413	 0.5242656180735591
-0.7144909549029181	-0.42543597844959713	 0.5554339777170191
-0.7177354812429023	-0.3713429656917352	 0.5890332594992292
-0.718245559234026	-0.314967380071509	 0.620418299320298
-0.6879397892983857	-0.27096937017908096	 0.6732863036813128
-0.6707853984075899	-0.24873019708269795	 0.6986989611716719
-0.632467037586206	-0.204330747785877	 0.747150849478332
-0.6114392979367281	-0.18219018955595404	 0.7700316355632453
-0.5970593402493503	-0.12424029680846606	 0.7925178186450793
-0.5800817624400039	-0.06654458633423518	 0.8118355541081608
-0.560718735058503	-0.00906605926314975	 0.827956705826959
-0.5656640134631828	 0.026812166384798893	 0.8241998129133967
-0.5992641775092828	 0.07750022647555178	 0.7967911648922578
-0.6290847799974121	 0.12915589426135202	 0.7665318614077032
-0.6541921865917601	 0.18196226193593104	 0.7341132870568761
-0.6737163904611241	 0.23552668043076205	 0.7004522881890671
-0.6887194517007849	 0.28808971382218296	 0.6653343773162659
-0.7001870488193727	 0.33866645143841584	 0.6285245670104936
-0.7088028777311479	 0.3877881931883069	 0.5892527452153209
-0.6699739139002701	 0.4405361050308661	 0.5975473996741911
-0.6466758983964489	 0.5036990683278949	 0.5727979844576588
-0.64305704317535	 0.551870915728375	 0.530957749350832
-0.6612470867029827	 0.5866691935835476	 0.4675163608119488
-0.668721399657317	 0.602969917348577	 0.435016055350845
-0.6533385562542471	 0.6485020991680481	 0.3906325105341991
-0.6350331327075414	 0.6914482980413523	 0.3444302128143862
-0.640756132899104	 0.717207302891834	 0.273943904533039
-0.6676548377598327	 0.7125267672492077	 0.21573739492560193
-0.6917513041622961	 0.7047639207393851	 0.15744189154673002
-0.7130567408924752	 0.6940671035923942	 0.09910065579332215
-0.7315498966711457	 0.6805724555657416	 0.04069252272411728
-0.7471837997121562	 0.6643787263880482	-0.017812281456892703
-0.7599041241861804	 0.6455275305344303	-0.07641943055895203
-0.769714073586467	 0.623908354360143	-0.13519841079889
-0.7792722986953826	 0.5952531400958496	-0.1959805696798679
-0.7930231357879665	 0.5566604807359856	-0.24747406993824983
-0.803164209572039	 0.515936706702497	-0.297886836129936
-0.8105156666770098	 0.4737335928645569	-0.34444279214807294
-0.813601749601691	 0.428737030681914	-0.39272987098911
-0.8135053955329807	 0.3810046520423379	-0.4393682129613219
-0.831039637480155	 0.308921834565696	-0.462536940217122
-0.8380400903496494	 0.27220679636930784	-0.47285543983030365
-0.8627420845883411	 0.21210401947479604	-0.4590076038616341
-0.884138442473444	 0.151284508985649	-0.442054534963282
-0.9021142073635422	 0.09027999050858011	-0.4219472481088351
-0.916400623508547	 0.0292745819356694	-0.399190300590631
-0.926820751613681	-0.0316503754406632	-0.374167807424311
-0.9332283763297727	-0.09254811091735668	-0.34715939390793493
-0.9356652893987882	-0.15305822580235404	-0.3179679948179021
-0.9141349905083382	-0.20474518001436906	-0.34990946027394604
-0.8946480228905784	-0.2780057330553101	-0.3497395138190122
-0.8868801429473182	-0.3354103056123581	-0.31771612948474803
-0.8730211917350782	-0.37058624609079405	-0.31701708627422204
-0.859394703554573	-0.425206422724589	-0.2839722549407
-0.8238668714772336	-0.49183435765566236	-0.28167772846243616
-0.804152862111369	-0.524241638565422	-0.280194358887425
-0.7815206615584123	-0.5734776080449892	-0.24566010793024506
-0.7790623960306083	-0.5897625717744164	-0.2127014151929271
-0.7904156632645858	-0.5946116182688069	-0.14724164725292796
-0.7946692897044635	-0.6013237474954287	-0.08312924093637064
-0.7952477274309243	-0.6059540747414253	-0.02001777510648321
-0.7927752644111272	-0.6080045546585031	 0.04287005542779981
-0.7872208692580623	-0.6076115289931332	 0.10531634649572603
-0.7785696971034032	-0.6048699202463631	 0.16721724293108503
-0.7667877079095176	-0.5998585058270893	 0.22848716372208017
-0.7518268039803748	-0.5926186336477078	 0.28906679482461994
-0.7335933727065829	-0.5831456572366159	 0.3489726435797739
-0.7120137920000201	-0.5712513372863481	 0.4082992403254151
-0.7342198414445008	-0.5174419116801248	 0.43951688530252175
-0.7319902599780369	-0.4944640402621489	 0.4687169424982609
-0.7235810443512749	-0.4472155997547359	 0.5257648519932939
-0.729980569285214	-0.391682687002576	 0.560100920521005
-0.7317669966120561	-0.33634340698597004	 0.5927817264781711
-0.7305125284540404	-0.2790972625561331	 0.6232625159636652
-0.7152182390035421	-0.25700534960455806	 0.6499316278435071
-0.6807599122758868	-0.21255954563787494	 0.7009881464021679
-0.6616068760110039	-0.19038382978657994	 0.7252794902454879
-0.6197080818387111	-0.14621598036326403	 0.7710919402964832
-0.6041793892923859	-0.08831512284994018	 0.7919392051352678
-0.586106656119106	-0.0306578222256103	 0.809653682502132
-0.5957778601528798	 0.04134802503264268	 0.8020842114002467
-0.6274880215417941	 0.09258073622985231	 0.7731025741133603
-0.6550143840134399	 0.14483732404114597	 0.7416052226758479
-0.6774402460613499	 0.19811604768287194	 0.7083958954333769
-0.6948426061316603	 0.25128071108203104	 0.6738336270491933
-0.7083202200163549	 0.3029887625169209	 0.6375580567324419
-0.718438716633302	 0.353231258071947	 0.599227409889771
-0.7253242248402769	 0.4029761493413609	 0.5581352810223169
-0.6873179911157619	 0.4548000399322029	 0.5663487465919389
-0.675401981099095	 0.487461224057549	 0.553365809359174
-0.6717313992555831	 0.5376875770375811	 0.5095772726030781
-0.6809260435266756	 0.5548385907008397	 0.47801031528222676
-0.6959178628146979	 0.5872514523576469	 0.4133207712168089
-0.6805296703455398	 0.6333851185148118	 0.3683784187806999
-0.662086807742233	 0.67672990141635	 0.321990216532609
-0.664937045052876	 0.689564755091867	 0.286982882157531
-0.6919574871262834	 0.6845437285247553	 0.22933538703677112
-0.7161337347460051	 0.6765525038726081	 0.17154936159147702
-0.7374776865576932	 0.6657505088863642	 0.11359102846202203
-0.7559664529946922	 0.6522608207814261	 0.05541248613953752
-0.77155081734223	 0.636160631262238	-0.00299791436965899
-0.7841736432878901	 0.6174783931546131	-0.06158028223217121
-0.7937751330864353	 0.5962248733037252	-0.12015381203927206
-0.7999136939192414	 0.5728277684067682	-0.17890340975676308
-0.815288791350439	 0.531466077034901	-0.229886919287447
-0.8256458192180112	 0.4940771008076401	-0.27239089497510105
-0.832123893915091	 0.451213197890422	-0.322453834253968
-0.8349928430284478	 0.4067647449799519	-0.37057980831753995
-0.834643820743068	 0.358904221147717	-0.417800733050774
-0.8434065648176412	 0.32286119288895104	-0.4294485027902991
-0.8574758397945278	 0.24941761891780495	-0.4500289274502719
-0.8805433089834158	 0.18884700725964795	-0.4347186318224829
-0.9002424969605662	 0.12786331636182602	-0.41619036389032404
-0.9163545775493745	 0.06690065613292404	-0.3947386355720603
-0.928697447243755	 0.00605407540441642	-0.370788888255744
-0.93705786560205	-0.0547650446271093	-0.344852644473435
-0.9413916890578155	-0.11555495835143506	-0.31690493743908715
-0.9418139906284112	-0.17556850916187003	-0.28663933025191307
-0.9202475749360848	-0.22713445642382593	-0.31867591614257296
-0.9104979543115522	-0.26364278942648206	-0.31856860293805206
-0.902802100931876	-0.320976043948931	-0.286221497731887
-0.8751944377792185	-0.3910010550351387	-0.28487342986267783
-0.8597508982357828	-0.4446007165536939	-0.2513137398207799
-0.8421130556355296	-0.4777281787064618	-0.2502426598284119
-0.803020181659843	-0.542101317323075	-0.247557568261565
-0.797032386410821	-0.576238149144923	-0.180800913942118
-0.8045779389039575	-0.5825924892389817	-0.11506664030633192
-0.8071810389454895	-0.5881031135468523	-0.05092639986665663
-0.8063223147281242	-0.5913473025173721	 0.012356883786278604
-0.802355679389353	-0.592085991259274	 0.0752299322488915
-0.7952633628249953	-0.5904544475484332	 0.13754900624342706
-0.7850251283906433	-0.5865556025135753	 0.19921865614241707
-0.771607418554829	-0.580465411635804	 0.260157447569025
-0.7549497894475735	-0.5722334037514384	 0.3203119527025302
-0.7349895562559522	-0.5618422255680622	 0.3796362282019532
-0.7571787444955357	-0.5071255827982628	 0.41170862531125885
-0.752532822915281	-0.460696409449273	 0.47058810944998
-0.7479201860443873	-0.43678160591117404	 0.4998371975403441
-0.755401476007243	-0.379352126346257	 0.534285105802747
-0.7576441424134652	-0.3226130303263481	 0.5673589570370912
-0.7562705298431543	-0.2651970479421181	 0.5981015059783252
-0.7255342858265441	-0.22081732360850406	 0.6517972918665311
-0.7082905901898422	-0.19856036595458504	 0.6774202690505402
-0.6700964820432092	-0.15421154097216902	 0.7260781675441731
-0.6492303813627882	-0.13215817536333604	 0.7490221148939212
-0.6340131742406206	-0.07409422498716377	 0.7697644709343787
-0.616154217179703	-0.0162530856961445	 0.787457819731966
-0.620899892317433	 0.019905878717321	 0.783637084186737
-0.652366199295935	 0.0712645237773848	 0.754546028859048
-0.6797535493525532	 0.12355589979140003	 0.7229585408371241
-0.702341661132955	 0.17668611539318	 0.68956378070797
-0.720225281979176	 0.229703138409552	 0.654608288522853
-0.7341633682812779	 0.28176501486747896	 0.6177480271685359
-0.7443881594193164	 0.33303670400608115	 0.5787683663617842
-0.7508765602722077	 0.3838710679576059	 0.5374266409649459
-0.714384267629682	 0.436979227076507	 0.546538446284268
-0.6885550265420392	 0.5042062936627512	 0.5212177940693921
-0.707789771234401	 0.538319672146	 0.457433678598961
-0.715416072661644	 0.554562110256702	 0.425018480592342
-0.7018278934454804	 0.6024235507329913	 0.38016243042170117
-0.6848918216922867	 0.6474357488857166	 0.3342905078577798
-0.690594917905212	 0.673047854839627	 0.264736178976864
-0.716219327492222	 0.666374665334604	 0.207303353390108
-0.7389917778531677	 0.6568852196340427	 0.14964277627653794
-0.7589077040615095	 0.6447112139654895	 0.09168722540917795
-0.77592888500391	 0.629935538596138	 0.0334003387734701
-0.790001024554877	 0.612587039056302	-0.0252091408516351
-0.8010737112723038	 0.5926311062401008	-0.08407901655616659
-0.808938188057788	 0.570119108528063	-0.143468498259896
-0.8287326728502385	 0.5227543110343403	-0.19982514167519513
-0.8341563870199218	 0.4999708341445329	-0.23283532163031095
-0.840204026206234	 0.460408079964637	-0.28649885558255
-0.84443533151823	 0.418342019695712	-0.334542860394015
-0.8452923587070558	 0.37203830008868194	-0.3834948912027199
-0.862820785442381	 0.300205692741984	-0.406714684089348
-0.869847634396371	 0.263449451622769	-0.41708449908226
-0.8929223919782443	 0.20285066626095408	-0.40192189427964414
-0.9126096116125596	 0.14192284012845294	-0.38340788234235185
-0.9286531853773268	 0.08119067928517588	-0.36195487962694495
-0.940906805637595	 0.0206833183840258	-0.33803340581292
-0.949125467532779	-0.0398773972693831	-0.312362994075328
-0.953305367853027	-0.10067881517315	-0.284732597006271
-0.9536683176508672	-0.16066943662805103	-0.25436601982692103
-0.934092205615255	-0.212500120371002	-0.286906692586872
-0.9145885289671732	-0.28523675237035007	-0.28664929404915307
-0.9049198746800488	-0.3416866393032969	-0.25371294986788495
-0.891168176014287	-0.376543585868622	-0.253049817230854
-0.875719725102928	-0.430213741098396	-0.219159987305564
-0.8407120877367267	-0.49605955805594776	-0.2170900743808719
-0.821377686328243	-0.527962671588651	-0.215856697396761
-0.8180142058085546	-0.5455775132690663	-0.18220300796238711
-0.826256828365917	-0.551236851483662	-0.115920607076891
-0.8295851698928703	-0.5560850321746003	-0.05057551665768152
-0.829088818796001	-0.558950740117977	 0.0136308719096673
-0.82525230262773	-0.559489459293321	 0.0770076745999835
-0.8182018472931948	-0.5577053178492178	 0.13968004699564798
-0.8079328521312753	-0.5537274632603703	 0.20156984615328308
-0.7944292003155607	-0.5476530617427738	 0.26259925675779094
-0.777672410749694	-0.539548172768229	 0.322666067043352
-0.7576303580739643	-0.5294632534536362	 0.3816607181345852
-0.777705740429499	-0.473167470716449	 0.413867522232421
-0.775160626980953	-0.449810992784768	 0.443617034330826
-0.7643664704649393	-0.40238905837083816	 0.5038124100619212
-0.7692630996475892	-0.34479319729387503	 0.5379144305746502
-0.7698117907690618	-0.28729661271540996	 0.5699565449358239
-0.7667276988120854	-0.2291679748432791	 0.5996754748866712
-0.7513710439662797	-0.20683343115403893	 0.6266270709489579
-0.7169571106884068	-0.16224021412367298	 0.6779753788703808
-0.697931602771867	-0.140050024533757	 0.702337147302054
-0.6564191282676601	-0.09597492371323862	 0.7482664913401931
-0.6399739956160027	-0.037916798179751084	 0.7674604884624907
-0.6492364473360311	 0.03474115335741311	 0.7597927926177542
-0.6786553696763972	 0.08658299517741642	 0.7293355017791883
-0.7037012129044832	 0.13930851591567103	 0.6967049162666592
-0.7239722399118718	 0.1924768901706779	 0.6624325192706138
-0.739993885391506	 0.24512890940532	 0.626355224578626
-0.752158537656844	 0.29706338745351	 0.588226893353716
-0.760462898993165	 0.348504686373965	 0.54794220756417
-0.764834264922309	 0.399591172848538	 0.505327064169614
-0.7284236086497511	 0.45297658160592713	 0.5140148469434351
-0.7148798749559178	 0.4872551684270098	 0.5015268340021077
-0.724932767147749	 0.504183943459776	 0.469330410556206
-0.740685611273163	 0.536657141054383	 0.404207790880182
-0.7273978217357779	 0.5849701694817739	 0.35875104146261394
-0.7105819717596018	 0.6304929632754648	 0.31233297083458894
-0.7134508865695037	 0.6433158588787767	 0.27772745303309687
-0.7390910178506422	 0.6363768077036333	 0.22083710274642407
-0.7618527511640862	 0.6267752779029541	 0.16350271114996204
-0.781728018708574	 0.614605017210734	 0.10565026069708
-0.7986709883587407	 0.5999128443685899	 0.04721473833095188
-0.8126099168814219	 0.5826863002692779	-0.011907916042278798
-0.82338699751032	 0.562873601599425	-0.0721606607053488
-0.8298600083130218	 0.5410774791881949	-0.13626271727093997
-0.840896362288573	 0.515852251362752	-0.163675785178581
-0.8557175685241732	 0.4682301442796391	-0.22024526080473406
-0.8611144636089103	 0.43940538216196023	-0.2557436034207711
-0.8636654516359942	 0.3960329902452131	-0.31183306156953505
-0.864580755810194	 0.349327463816792	-0.361206920899921
-0.873402386982894	 0.313672940243235	-0.372528598864231
-0.8874342238951426	 0.2400233619622439	-0.3935089376011268
-0.908829571329794	 0.179233252884557	-0.376701806920173
-0.9268013933047644	 0.11862740250209905	-0.3563238930298562
-0.940922134072752	 0.0581869974061732	-0.333586287105499
-0.9510868586606674	-0.002077889728894401	-0.3089166063151321
-0.9571688300750087	-0.06275012949804769	-0.28264863696967896
-0.959414125655441	-0.123309330442666	-0.25361258746085
-0.957760568109181	-0.182635747796629	-0.222123564265355
-0.938195621769457	-0.234285803310283	-0.254753091560981
-0.9284435587248512	-0.27051914895412804	-0.25458190884559806
-0.9187576880780077	-0.32694420973951394	-0.22134090068344595
-0.8913487963560532	-0.3963466866388411	-0.22001506135950705
-0.8739119000719242	-0.4492342009891641	-0.18565188815174102
-0.8564710290811723	-0.4820505238502542	-0.18462033690883908
-0.8330211517322523	-0.5326276275331853	-0.14961140048486404
-0.8388887155051437	-0.5378679741225748	-0.08344917861433646
-0.840489177826025	-0.541521840875702	-0.0182219047282094
-0.8384462980309833	-0.5430430367538231	 0.04595721435559231
-0.833063551580298	-0.542281080457635	 0.109253598595745
-0.8244190092215633	-0.5392997650145932	 0.1717237918558191
-0.8125145178914577	-0.5342182177713748	 0.23330463779528288
-0.7973482606949853	-0.5271188190175342	 0.29390730137960513
-0.7789133735301458	-0.5180634843966679	 0.35341785844899093
-0.798768022484077	-0.461459223219595	 0.386037603819168
-0.792904827665567	-0.414757948963085	 0.446405396513721
-0.787062745279755	-0.391141705112626	 0.477011951123117
-0.7925918511505586	-0.3327055106167938	 0.5109845405635568
-0.793593749388503	-0.274210387001627	 0.543155249069652
-0.790730703000212	-0.215452274918496	 0.572996747429892
-0.760149950742131	-0.170434144335531	 0.626996215962546
-0.7430108440713439	-0.14806827895574898	 0.6526949290131429
-0.7051610645518319	-0.10364453409852897	 0.7014311681067689
-0.684515831411571	-0.0816122136868811	 0.72441529741168
-0.6682505313740832	-0.023329059706109708	 0.7435704286020822
-0.6727844581043734	 0.013162558956888105	 0.7397214475563834
-0.701996658730078	 0.0650326195881251	 0.7092048008307
-0.7269940392405381	 0.11769579658605803	 0.6764816083048381
-0.74746112656715	 0.170784198131011	 0.641977119483019
-0.7637103201529548	 0.22363715945450693	 0.6055848147064049
-0.7759633592312797	 0.2760765975075339	 0.5671530458696058
-0.7841846332044108	 0.32813897394070096	 0.5266680879142079
-0.7882799971308668	 0.3798220847345079	 0.4840969221873789
-0.7533093517770025	 0.4346132451471103	 0.4935953278425663
-0.7498140367103019	 0.48603535332305586	 0.4489415838083329
-0.757955951321082	 0.502230689995738	 0.416253660504456
-0.746808943534773	 0.551910894424225	 0.371040114370843
-0.7318297643704467	 0.5990493855944548	 0.3249077247472008
-0.7376658351955804	 0.6247828546588542	 0.2559208864269191
-0.761850283735953	 0.616431216835264	 0.198989195893756
-0.7831460705083235	 0.6055353882127513	 0.1414536173782941
-0.8015162311639583	 0.5921520097600382	 0.08323297734595274
-0.8168858217932817	 0.5762920024535338	 0.024188469592165394
-0.8290977025060023	 0.5579372446927642	-0.03609751631227821
-0.837504394512703	 0.537342491765502	-0.0992443233396877
-0.8595867532509113	 0.4866945762974641	-0.15568880190363402
-0.8671906542157464	 0.46289181413987424	-0.18360701959119707
-0.87028287696977	 0.408420587067386	-0.275318611998448
-0.873472214986791	 0.361610009104668	-0.326013022686811
-0.8908448646923732	 0.29062300986238904	-0.34919005310826506
-0.897859669888677	 0.25347922941982	-0.359994851963372
-0.919239447823691	 0.192832627272303	-0.343241045657504
-0.9372307682114602	 0.13273711829790702	-0.32245828341620203
-0.951229675229092	 0.0729010717647536	-0.299745790127412
-0.9612238243169376	 0.013271330449497508	-0.27544987085424716
-0.9671129016713402	-0.04739933804866421	-0.24989185295521205
-0.9692704808013423	-0.10816229539244301	-0.22094264618351206
-0.9675587177177064	-0.1674171283444691	-0.18921319432153608
-0.950011812180032	-0.219312267784336	-0.222215404321356
-0.930503331083444	-0.291497311393812	-0.221794653435996
-0.9187739133074222	-0.34712455395039005	-0.18803999646487005
-0.905086162996094	-0.381723331034565	-0.187366848980506
-0.8873731408521002	-0.43498755711528403	-0.15282255739633502
-0.8523779991559973	-0.5007157912743663	-0.15078276732871004
-0.858700352653138	-0.505501671519751	-0.0842719671309161
-0.8607593893215197	-0.5086808684575159	-0.018358860535229896
-0.8590571842494322	-0.5097520891580841	 0.04662147346883971
-0.853848578412415	-0.508647440104479	 0.1105458584401
-0.845255497542001	-0.505431726091975	 0.173441385299793
-0.8333260393478288	-0.5002006233063759	 0.23530203694140395
-0.8180867471260312	-0.49303344455647613	 0.2960609679196591
-0.799553879478452	-0.483991496585194	 0.355620338344394
-0.816999650200948	-0.426275893283307	 0.388330316067452
-0.813739702356113	-0.402958814664988	 0.418869777488389
-0.801486168849726	-0.356016937794532	 0.480491270624132
-0.804866785102715	-0.297252491889722	 0.513644248779027
-0.8040684523868913	-0.23826590416378612	 0.5447047666297432
-0.7995341383530292	-0.17903848687755203	 0.5733152551822391
-0.7843355169597813	-0.1563628900672881	 0.6003069576851813
-0.750252326507586	-0.11146915532001	 0.651687098216773
-0.7314317602060723	-0.08922347639604003	 0.6760523289077942
-0.6903942605293829	-0.045153112030472495	 0.7220228261641389
-0.699220206365998	 0.0281529417435764	 0.714351814500862
-0.7263213795223827	 0.08042255807346807	 0.6826342108344868
-0.7490676573262571	 0.13334773523511603	 0.6489345315634071
-0.7674520341697123	 0.18640764204613708	 0.6134081563164693
-0.7817447973668643	 0.2391988369753091	 0.5758984182818182
-0.7919840101256932	 0.29166888286789006	 0.5363679618245512
-0.7981004894448652	 0.34377518522515504	 0.49482747576430813
-0.7998557040859727	 0.3955765170769699	 0.45138683164043086
-0.764399201026776	 0.450849828619193	 0.46089943968687
-0.781397105829684	 0.482930552619918	 0.395217211602954
-0.7705782640285137	 0.5327652242263198	 0.34981474363137083
-0.7558752677721351	 0.5801702900458221	 0.30340569229754005
-0.7588697949153562	 0.5931035140499591	 0.26896999086648204
-0.783004808056698	 0.584679553182417	 0.212257604458598
-0.8042238883754492	 0.5738415296755641	 0.15469271536139603
-0.822461514770124	 0.560638972151332	 0.0961301182103278
-0.8375803536240042	 0.5451099389904172	 0.03625335345801961
-0.84926122100956	 0.527351842668606	-0.0256010258266552
-0.8570396874607717	 0.5074663170333499	-0.08922393845684279
-0.8682479798780278	 0.4821008224221939	-0.11715051198167298
-0.884448152844146	 0.43324994934474	-0.173337665622215
-0.8791144691879025	 0.4132952022485012	-0.23737065080342812
-0.8911740031330357	 0.33953108995858294	-0.30087794051970096
-0.899437685022437	 0.303792294633803	-0.314200720054248
-0.9139573512275362	 0.23014631227205407	-0.33423739330709307
-0.9335694261364562	 0.16954050581714503	-0.31575962926016105
-0.9493375846963672	 0.10992129220860802	-0.29440696289669804
-0.9613786659160386	 0.050988673705853776	-0.2704648144864979
-0.9692515374861128	-0.008854334502611149	-0.24591270370056595
-0.9730797317949386	-0.07030471470255997	-0.2194836728790599
-0.9733239108000216	-0.13033510836797593	-0.18882087859042493
-0.9695363166094245	-0.18873675760633693	-0.15613381153253295
-0.952023868059453	-0.240496254178254	-0.189240868660409
-0.94225735212323	-0.276469585684268	-0.188985847515862
-0.9304065850485796	-0.33213076372892925	-0.15502497309491312
-0.902993622287945	-0.401230756056592	-0.153676278265553
-0.8830417632631442	-0.4539697697899681	-0.11894827636397502
-0.865416842684346	-0.486962193910324	-0.117989449105851
-0.8697098260784042	-0.4908658328725451	-0.05153205352995941
-0.8700250555155632	-0.4928015830195341	 0.014247896286210303
-0.866681088183065	-0.492560798381878	 0.0790427180910751
-0.8598384932739426	-0.49020926579314833	 0.1427327615333601
-0.8495860093954962	-0.48584760932731513	 0.20531856504069104
-0.8359739012862784	-0.47955915139863925	 0.2667782912420291
-0.819033931613137	-0.47140675720455	 0.327046003076353
-0.8362546016733028	-0.4136735872628979	 0.35993388890360295
-0.8289523316474058	-0.36734414434477997	 0.4217775616031879
-0.822618731047579	-0.343955864801464	 0.452761290746402
-0.8264027885649673	-0.2847190074400621	 0.4857916403710462
-0.825955595926422	-0.225136815995064	 0.516827599535313
-0.8217050748090918	-0.16531161840011097	 0.5454107065825909
-0.7915546342445953	-0.11961331073669103	 0.5992778294752051
-0.7746171996788512	-0.09707667162381203	 0.6249354476969101
-0.737210961202478	-0.0525034835789631	 0.673619612908496
-0.716808452904631	-0.030458142174704	 0.696604581825109
-0.7211225930367832	 0.006345295704989462	 0.6927784227545791
-0.7480702380233061	 0.058585321164951416	 0.6610285009950431
-0.7708137373796943	 0.11145794207920402	 0.6272346525936021
-0.7892864698425197	 0.16457160900836393	 0.5915598482249548
-0.803627467604053	 0.217592548216165	 0.553928132769128
-0.813844245290402	 0.270401706147967	 0.514334970345168
-0.819863361929837	 0.322896115268653	 0.472823610355403
-0.8214698923214653	 0.37505774837715716	 0.42955663350903717
-0.7876114103076254	 0.43145809194786916	 0.4399001946418502
-0.796398511783504	 0.447368851375463	 0.406952726060435
-0.7879021676903788	 0.49820311398947587	 0.36194451420071494
-0.7752373384734114	 0.5469493961398242	 0.31599592892780015
-0.78143327684857	 0.572937000096818	 0.247194716273963
-0.8040771866173093	 0.5633281972442062	 0.19005583429925407
-0.8237523103541967	 0.5514030321357798	 0.13185911928111693
-0.8403349155462848	 0.5372189950565139	 0.07233934658460589
-0.8535726623128713	 0.5208568751840882	 0.011037469165718305
-0.8631014379839177	 0.5023453683773837	-0.05200998577085198
-0.8857170219416998	 0.4518446644979549	-0.10649768169991897
-0.894274582845481	 0.426880946195302	-0.134334017478614
-0.890544048625971	 0.40876641328403	-0.199602897844129
-0.887805237808582	 0.382040799280855	-0.256606093856893
-0.9148005464127782	 0.2787726222650271	-0.29227689843428106
-0.922715878579209	 0.243382426744628	-0.298932102273567
-0.9422193600119382	 0.18295426402227702	-0.28062504324233206
-0.957653247750736	 0.124574758545131	-0.259579249181998
-0.969532405238621	 0.067373882827286	-0.235515764026508
-0.977236662600443	 0.00712559337927689	-0.212032382405474
-0.9809078943536754	-0.05491740087339813	-0.18655771727792309
-0.9811076769182855	-0.11494438430138106	-0.15561335035780705
-0.977255096784061	-0.172994955671651	-0.122658962663718
-0.9617442235314668	-0.22514072687971595	-0.15607594819167098
-0.9421695625380878	-0.29687214974045495	-0.15551026376181498
-0.928195333126736	-0.351789784531139	-0.121232714484509
-0.9144361419609393	-0.38635094416046106	-0.12057980851665502
-0.894258907729531	-0.439221467687913	-0.0859389799128551
-0.8876451049645272	-0.4575604758841261	-0.052197495545339416
-0.888266170654888	-0.459113675924438	 0.0140656549528223
-0.8851704743830348	-0.4584341846308719	 0.07944387731185519
-0.8784713550082268	-0.4556771648067169	 0.14368855174898998
-0.8682519413279538	-0.45100597454456587	 0.20671762698266893
-0.854582011953547	-0.444509987832855	 0.268515279941874
-0.8375001361933382	-0.4362468159633901	 0.3290626649104151
-0.8521278446880193	-0.3778029217288381	 0.3621368369007831
-0.8482021586111723	-0.3547376542628042	 0.39333738034347915
-0.8352828870042993	-0.3081227842735001	 0.45537111073201525
-0.8370483158419101	-0.24850942448268606	 0.4874353114922081
-0.8348083399272228	-0.18853247721011396	 0.5172528787981489
-0.828893782320253	-0.128372640324789	 0.544477329965966
-0.8139306689748252	-0.10538768458328403	 0.5713232903010061
-0.7802898147205852	-0.060117985657764314	 0.6225219938634841
-0.7616934973620904	-0.03778338002943062	 0.6468349343301263
-0.7456074066250536	 0.02139819857895399	 0.6660418247253227
-0.7704379551077	 0.0739594727631035	 0.633210355030672
-0.791035658867172	 0.126999519358021	 0.598442736177331
-0.8074488684081357	 0.18014331090821792	 0.5617603692335787
-0.8197318665467443	 0.2331828838162551	 0.5231303945126162
-0.8278366455406015	 0.2859971001934632	 0.4825890042064933
-0.831652306596524	 0.338473038452888	 0.440216359501951
-0.830817519868346	 0.390643914766764	 0.396408350738866
-0.8180867334216352	 0.4269814635805011	 0.3852543657872961
-0.8098804214872166	 0.47783224910127675	 0.3402499737112468
-0.7975292964422682	 0.5266409476017431	 0.29427254990134405
-0.800742343738704	 0.539700626844619	 0.259874839735155
-0.8232990312092546	 0.5302205207308568	 0.20259542098922692
-0.8428170599354682	 0.5185848044907201	 0.14397640095882103
-0.8591212905279942	 0.5048702229245111	 0.08376554283038111
-0.8719552277675973	 0.4890954021878391	 0.021903614484225703
-0.8809960672684463	 0.4712916838405811	-0.041594208734404906
-0.8923548837042512	 0.4460979323897891	-0.06855214253929322
-0.9100930072585373	 0.3956236975161631	-0.12333940206905403
-0.9072869278739194	 0.3762235075248402	-0.18784648757645708
-0.9002015272938843	 0.34958023766772206	-0.25967454185949207
-0.921147116579276	 0.290404429776769	-0.259139454317006
-0.9361451464269448	 0.21857288928776794	-0.27542359537568895
-0.954311787510112	 0.161230779510598	-0.251582288640635
-0.9676793690411356	 0.10442195273115897	-0.2295488935280709
-0.9772186421959108	 0.04508455950666428	-0.20739119518164398
-0.9827735158228824	-0.01628350154204731	-0.1840952584252541
-0.9848940267634517	-0.07752974540012998	-0.15483182690863098
-0.9830673272788022	-0.13627225918977703	-0.12250918909301003
-0.9771236314353202	-0.19316377519388606	-0.08897845156833512
-0.9616132018111384	-0.24556067327464612	-0.12247451099487405
-0.951793296500436	-0.281355140858001	-0.122183490904491
-0.937708603950705	-0.336124813271589	-0.0878788027908863
-0.9100564958779305	-0.4053193927592212	-0.08667966407225224
-0.8969537322756765	-0.44170653056083325	-0.019218299005004314
-0.8958184812911367	-0.44194148517417187	 0.046871870661290595
-0.8910016034094013	-0.4399789402129331	 0.11195836230930002
-0.8825742841274824	-0.43605211616785317	 0.17584420656478608
-0.87061097371329	-0.430311772252889	 0.238470776219173
-0.85516820082534	-0.42283323501954	 0.299832292557125
-0.869649159232529	-0.364510225483019	 0.332930376151643
-0.861354513805018	-0.318603510589625	 0.395676894179693
-0.854788991040902	-0.295339208072653	 0.426744107130134
-0.856838608964391	-0.235421570941318	 0.458698465359859
-0.8548722233272983	-0.17502709617181209	 0.4884250171613912
-0.8491916134303008	-0.11437993442474598	 0.5155490609831749
-0.8195005576433455	-0.06819531964333274	 0.5690063570831083
-0.8027824048641672	-0.045472391762424506	 0.5945356776745271
-0.7658007472888662	-6.912757912233892E-4	 0.6430775517692983
-0.7905102338594312	 0.05180276666173542	 0.6102540811249831
-0.8110849613475092	 0.10480718201605303	 0.5754621100244252
-0.8275018668409883	 0.15802560458953602	 0.5387657827560981
-0.8397683360328654	 0.21124678170719507	 0.5001639121477532
-0.8478304441207323	 0.26431107614404303	 0.4596990244166501
-0.8515815959206743	 0.31706206407924314	 0.41746908030536517
-0.850757881900345	 0.369407109259717	 0.373830729091147
-0.8250380037289183	 0.4421938071377352	 0.35181945559055816
-0.814850165934061	 0.492092803436252	 0.306372126479358
-0.8215337638711783	 0.5183272688498911	 0.23752708726852206
-0.842521382596609	 0.50790006774351	 0.179430323673666
-0.860345598538836	 0.495436793825694	 0.119782446120327
-0.8747862217364623	 0.4809627381221111	 0.05851419313403061
-0.885573934131427	 0.464478279181075	-0.00432843574219511
-0.908288180150877	 0.414298798144535	-0.0580438425175492
-0.9173221264058968	 0.3888913650456599	-0.08534414214863999
-0.9166881621752838	 0.37022188537934897	-0.15039471039189098
-0.911128666192516	 0.349943839500639	-0.217678347195576
-0.941131843295721	 0.256548519479703	-0.220122035897297
-0.9426454539719692	 0.22964536070569205	-0.24224482742121206
-0.9692047948470638	 0.15391189609310396	-0.19223213541571793
-0.974067234299557	 0.117851996378254	-0.193142253310021
-0.9829069025350764	 0.062040993473034725	-0.17333475150061808
-0.9884678400853633	-0.0012010847550421402	-0.15142617512302103
-0.9906747903185342	-0.06194781885076371	-0.12135043290801002
-0.9888108369617106	-0.11985301570168094	-0.08881657128201915
-0.9828120416176924	-0.17616161505508007	-0.05520485696430333
-0.9692690158886392	-0.22938997259186106	-0.08886965349642272
-0.949556406255189	-0.300902405699133	-0.0883197236420319
-0.933357612087804	-0.354868766344437	-0.053960417260526
-0.9194580778468028	-0.3895391525038879	-0.05344241525993819
-0.9129667251963453	-0.4075584901985791	-0.019693545930477903
-0.9120369247419717	-0.4074309930406559	 0.04678283677922859
-0.907375654323186	-0.405036176281659	 0.112317041648643
-0.8990143896426575	-0.4007036406935542	 0.17666272824331508
-0.887007154701305	-0.394648415416314	 0.239730965288358
-0.871394317938391	-0.386980845415154	 0.301525733473048
-0.8832818915818412	-0.32821305764727704	 0.33479738468726106
-0.8789676630929095	-0.3053231892679692	 0.3663244427174162
-0.865704946785868	-0.258869140026256	 0.428417685737347
-0.8658189124236776	-0.19854943986947488	 0.45927740072531076
-0.8620844988597982	-0.13779811583453502	 0.4876699663687551
-0.8546980678875934	-0.07689345741276114	 0.5133990737782127
-0.8399462343028707	-0.053717796064673286	 0.5400043720808019
-0.806709678667431	-0.00810769589833237	 0.590892341811527
-0.788299880121337	 0.0143370068635661	 0.615124173833934
-0.810911446183776	 0.0670821492920392	 0.58131111437379
-0.8293886776766498	 0.12022551523364197	 0.5455824839825629
-0.8437238178576786	 0.17351728999389612	 0.5079585310365773
-0.8538822429004853	 0.2267738941727741	 0.4684642101387812
-0.8597874811405508	 0.27981527712395393	 0.4271637835327709
-0.861287269557293	 0.332478663904069	 0.384242341949854
-0.8581409432015232	 0.3845381531747911	 0.34018308358018207
-0.8452012929367884	 0.42093726367820217	 0.32931230536542216
-0.8353267202718713	 0.47076427161741713	 0.28391947972684406
-0.838793181814645	 0.483954047463994	 0.249428302492885
-0.8596441893944312	 0.4738592314062721	 0.19096935998072706
-0.8772445437870958	 0.46184662618280486	 0.13091869339147397
-0.891390181666839	 0.447906454834314	 0.069306217222674
-0.9018450741465948	 0.4320140524574979	 0.006270623316182469
-0.9131914336376304	 0.4070124765007302	-0.02054871050922621
-0.9314310208380074	 0.35607087853762015	-0.07516503760469313
-0.9308038424038214	 0.3375847872259102	-0.14014534740732207
-0.9260116172125615	 0.31822665011215684	-0.2030622661790499
-0.9301886854406846	 0.28919471756055887	-0.22608720621300088
-0.9603842109563148	 0.18226470236516898	-0.21081210975072795
-0.977165687959888	 0.140645411056295	-0.159267343239864
-0.9815975563842324	 0.10425914470262804	-0.15998833721987507
-0.989040648874888	 0.0392947368147523	-0.142318370324425
-0.992473323938247	-0.0242772294407275	-0.120030485301233
-0.9926384851694198	-0.08273506768939029	-0.08845194364733709
-0.9886860696539375	-0.13945942046427007	-0.05523518548913893
-0.9805350102962878	-0.19519508458354096	-0.021212556132706995
-0.9670438728415077	-0.24860658230519195	-0.05496285322133339
-0.9571517467550935	-0.28436948562915987	-0.054722292776164375
-0.9409075428057713	-0.33804270766170014	-0.020496918986813308
-0.920508375216271	-0.39048976353749	 0.0134935439798331
-0.917785611980399	-0.388989743164351	 0.079727975985203
-0.91131196530227	-0.385378161487592	 0.144893666339692
-0.9011135549894272	-0.37998289365806004	 0.20882375712922102
-0.8872312722144395	-0.3729861463650718	 0.2714811305127489
-0.8990700377186462	-0.3143751618380011	 0.30469874449351203
-0.890198354340314	-0.268696397876619	 0.367898268136623
-0.883511460492358	-0.245471837777783	 0.398937433736994
-0.8838336662613793	-0.18491939827479006	 0.42970090356509405
-0.8803011225016425	-0.12382601667757806	 0.4579705790944572
-0.8730680207172355	-0.06251821381829294	 0.4835738869519933
-0.843735976199831	-0.0160639787872471	 0.536517987631022
-0.827191136988257	 0.0068050254916279	 0.561879448383844
-0.8292106475872113	 0.04454413642302262	 0.5571584351316282
-0.847638191934729	 0.0976708203221335	 0.521507340726116
-0.8619426524261062	 0.15104748025714002	 0.48398297763105014
-0.8720710130552864	 0.20446853448317887	 0.4446175509300407
-0.8779459560659705	 0.2577184569588991	 0.4034750242209962
-0.8794494468916523	 0.31055919580070507	 0.36072379498112705
-0.8764482692114742	 0.36263286835685404	 0.31675832141159604
-0.8505048680937394	 0.43526888863842317	 0.29526676740250213
-0.8576940449749808	 0.4617854595599489	 0.22608652006137495
-0.876857777956443	 0.450934726656026	 0.166668261924532
-0.892640337859576	 0.438206927435794	 0.105678360950684
-0.904834297203525	 0.423564233607943	 0.0432230796255742
-0.9274490418150658	 0.37380607956526696	-0.010358074935132699
-0.9365857532152246	 0.34839967324511223	-0.03774645091885523
-0.9383207904638605	 0.33013381453064483	-0.10278987638246195
-0.9356847128885247	 0.31124163572594293	-0.16620096948381194
-0.9509591483510864	 0.24803167366746412	-0.18481608973542607
-0.9611439642082982	 0.21238051217783105	-0.17634284253419502
-0.9763697897497913	 0.17039849199437404	-0.13291496375499603
-0.9879833989806223	 0.10103111463486203	-0.11696801791230803
-0.9922470323804296	 0.061903956905524075	-0.10776700261058496
-0.996220106315592	-0.00716901266731448	-0.0865684990624566
-0.9963853456580958	-0.06458713283889289	-0.055179210119830485
-0.9922331905576472	-0.12254949157360402	-0.021328799095188603
-0.9841794430854904	-0.17670843041806808	 0.012843458534084504
-0.9726581146672508	-0.23127835607627995	-0.021130877468831296
-0.9528448197673802	-0.3027452070070761	-0.020786752433016704
-0.9345480929107255	-0.35559076862479516	 0.013231300229141705
-0.9319452499000598	-0.35370902614951394	 0.07979959905336459
-0.9255247611162435	-0.34968488422297417	 0.14534234863482107
-0.915278811086563	-0.343939385587598	 0.209691194420733
-0.901215249626956	-0.336720373582006	 0.272819471179419
-0.9106178024033108	-0.2777131695978489	 0.3060238771371959
-0.9060864370642595	-0.2548839471930029	 0.33770037315867785
-0.892658595388078	-0.208425312563423	 0.399649247669282
-0.891110281390414	-0.147443513383679	 0.429165325674587
-0.885797211167171	-0.0860327012858315	 0.456028151541026
-0.8767778211102398	-0.024547819608233996	 0.4802687341079599
-0.8621727498276356	-0.0012817017006767609	 0.5066127778643214
-0.8476188205438676	 0.05968779263719417	 0.5272378044771848
-0.8639655512055553	 0.11297951091301606	 0.4907129063351982
-0.8761741089929695	 0.16646110121914812	 0.45233796271293025
-0.884174231715921	 0.219911915335212	 0.412158558643587
-0.887878766303027	 0.273080674938067	 0.37026779676821
-0.8871752089942552	 0.3256438659253171	 0.32691928840497303
-0.8820655010641832	 0.37703937555857814	 0.28249205495162005
-0.869088484475154	 0.413247767019133	 0.271866675424519
-0.8727973296586653	 0.42659179826258214	 0.2371587211042421
-0.891811236625185	 0.416149209117734	 0.17746141546754
-0.9073881657316338	 0.40390298797490987	 0.11622862382012897
-0.9193400247299515	 0.38980071026198415	 0.05356608263430332
-0.9305965549639186	 0.36506612043142384	 0.02677273991275029
-0.9488283933897342	 0.31453938214127614	-0.028100835924219907
-0.9505810628349882	 0.2962151879362361	-0.09301723181972701
-0.94842056814458	 0.275920170163251	-0.156097679730977
-0.9684682644030065	 0.2063630597182371	-0.13958333864740305
-0.98181054797898	 0.163307602644676	-0.0968435583591577
-0.9878110050493476	 0.12826378158443993	-0.08819195335775835
-0.995508755985528	 0.0312610013053466	-0.0893591996021334
-0.9981468430057512	-0.025661759899254007	-0.05517566380684101
-0.996055491907451	-0.0861046665011144	-0.0214346319711309
-0.9900214925183672	-0.14032843242091203	 0.012859836934970004
-0.9799966272021244	-0.19344241122430808	 0.04676156768315162
-0.9684252901761017	-0.24897346487148617	 0.012832425227538108
-0.9585029727163742	-0.28479073229470303	 0.012895351601273504
-0.9402495359909295	-0.3372837280905308	 0.04658859124501128
-0.9357715106784322	-0.33406399797483605	 0.11284026346864703
-0.927422365659864	-0.328953543088822	 0.177981241042903
-0.9151966710108088	-0.32231371761685196	 0.24192751147138594
-0.924612192683557	-0.263457728750937	 0.275104195355692
-0.9154234087238472	-0.21779150778940906	 0.33847723984815903
-0.9086893104008112	-0.19452033663537505	 0.3693854027957231
-0.907291937507305	-0.133324191247958	 0.398805717313981
-0.9021114447261223	-0.07161258263663761	 0.4255191879366421
-0.8931665909389948	-0.009802243970436868	 0.4496191241968679
-0.8640593755870658	 0.036750870839622196	 0.5020465804610359
-0.8803500939294345	 0.09006723074710765	 0.46569475632004176
-0.8925258943882188	 0.14365440583926797	 0.42750548479461287
-0.900506435727742	 0.197265088323278	 0.387523733649602
-0.9042152974620744	 0.2505980500380711	 0.34582555306496515
-0.903598994759916	 0.303218739454211	 0.302600814130876
-0.89870405559018	 0.354500889052347	 0.25818625084783
-0.889713405864753	 0.403868597939103	 0.212838462274197
-0.906954636733137	 0.392750976241257	 0.152249655401263
-0.9206467591875315	 0.37983738998857114	 0.09018371229975834
-0.943029340770536	 0.330691023379773	 0.036593845137218
-0.9521108627633168	 0.30561760290007794	 0.009098670545897818
-0.9558201562369862	 0.28858323265661007	-0.05592447371736401
-0.9556455450009332	 0.26882301092460703	-0.12031534032407502
-0.9657123557056618	 0.23416506675661394	-0.11209981065234698
-0.979019614759071	 0.192234295277513	-0.0675763985142608
-0.9910705998119507	 0.12279747224511409	-0.05196005194946293
-0.99599821282211	 0.0583038940320308	-0.0677363712924213
-0.9996607238027142	-0.013702574586612403	-0.022151224253568604
-0.9976592102492047	-0.06718202223767614	 0.012754453849127009
-0.9916415769930857	-0.12021219647007397	 0.04686161113860919
-0.9816339594570408	-0.17294610929610296	 0.08052585249491749
-0.9721282472426355	-0.22975901980219612	 0.04666330177447432
-0.9522617460864894	-0.3017117564288941	 0.04655730848000372
-0.9478099809778637	-0.2980985977181149	 0.11310820481837497
-0.9394001447822945	-0.2926350265639211	 0.1785836196601961
-0.927008614104485	-0.285753053916618	 0.242899612089869
-0.9341496624598512	-0.22643905754129506	 0.27584372631248305
-0.9295050870536598	-0.20356542742377395	 0.30754090768407494
-0.9160439717665482	-0.15692971732379804	 0.3691022969460371
-0.9128072265038386	-0.09530169452397877	 0.3971152908957653
-0.905789395428083	-0.0333523827168867	 0.422413529254372
-0.8949707049496938	 0.028527141945052292	 0.44521190398988086
-0.8804497555394856	 0.05180349498712448	 0.47130099286716876
-0.8946711586282757	 0.10531691103879097	 0.4341334658466059
-0.9047483182257152	 0.15901249931361602	 0.3951525094565101
-0.9106004752196244	 0.21260637509006908	 0.3544083856243462
-0.912172463285732	 0.265704924504025	 0.311997260112249
-0.9094787474896044	 0.3177104831370901	 0.2681575223064561
-0.902628086463615	 0.368000927635706	 0.223243935609218
-0.9197457406839344	 0.3573192746073592	 0.16245217292431507
-0.9332724196295694	 0.34491147194623417	 0.10019314985891505
-0.944397747442766	 0.320509820141142	 0.0733917557912529
-0.9624699977778775	 0.2707676920847271	 0.018340128150126707
-0.9660495889629315	 0.2540503375632511	-0.04697464899868002
-0.9709365735911388	 0.22707387871736096	-0.07562819360101318
-0.982365120898013	 0.184482663344112	-0.0304124344388197
-0.9884969716941026	 0.14956324833371096	-0.02246267347083529
-0.9951033112413152	 0.08901451799056222	-0.04296295547885521
-0.9995308161548813	 0.021094772942652905	-0.022207163512144402
-0.9994601276653727	-0.030388428730802993	 0.012489860142933596
-0.9954279459848387	-0.08328347367863478	 0.04676609203712919
-0.9874180420126385	-0.13606538177369407	 0.08057184490072435
-0.9754241350756993	-0.18861920714316902	 0.11388832867553303
-0.9659436474295903	-0.24600860793814006	 0.08020370821076811
-0.9560162968104998	-0.28218424766831596	 0.08003056041666119
-0.949569150405795	-0.277387188266773	 0.146201150416372
-0.9391043637878808	-0.27103036736323494	 0.21124756538599396
-0.9462884736525877	-0.21186464045141895	 0.24423656310766995
-0.9369513252194878	-0.16601267930103414	 0.3075093567368933
-0.9302286338644428	-0.14260706988363397	 0.3381388950681319
-0.9270958655974184	-0.08076246293791664	 0.36602005487729117
-0.920145889832634	-0.0185569222533739	 0.391135759117717
-0.9093373210376622	 0.043566688139193704	 0.4137723773436671
-0.909149790445208	 0.0821018938051949	 0.408296384464809
-0.9192097131730076	 0.13591606675777795	 0.36956775563554284
-0.9250665080834736	 0.18965535949687892	 0.3290635200631608
-0.9266909229500787	 0.24284639703642616	 0.2868267086035712
-0.9241502390260946	 0.2947680636206469	 0.2430187737137739
-0.9175255371297508	 0.3448429971359199	 0.19806614057197694
-0.9328093678241646	 0.33354416069615483	 0.13643671120699194
-0.9549086913879505	 0.28510762151240887	 0.08284343828746496
-0.963896953506858	 0.260471844214117	 0.0552908798256546
-0.9693900990017192	 0.24532663631880605	-0.009883191283040294
-0.9776386504234272	 0.21028734360906104	-0.0013792447587064004
-0.9900572235955583	 0.13980746702424302	 0.015510195695729303
-0.9967915231300222	 0.07991433009121701	-0.0045121239126027606
-0.998969395038186	 0.0449352911545252	 0.00640057699732448
-0.9989172154824848	-0.008414511299017718	 0.045755793210456294
-0.9948972617716515	-0.06145152534651253	 0.08001967602944404
-0.9868979717203588	-0.11433620141211397	 0.11384035515093398
-0.9749346493251242	-0.16696126312850804	 0.14705905670794503
-0.967621033920947	-0.22536174869708	 0.113673290345409
-0.9594296472262515	-0.24083812251471412	 0.14660065063599906
-0.9488272105765678	-0.23419426569736895	 0.21184893293089693
-0.9538488991303444	-0.17448215888565408	 0.2443936452906081
-0.9491606424889765	-0.15146474951321906	 0.27595743223332714
-0.9357674114544977	-0.10448883970278906	 0.3367809882361442
-0.9307694348160526	-0.04228293749009478	 0.3631534281944958
-0.9219045264273518	 0.020036821254200695	 0.3868986559123559
-0.9214569183358292	 0.09733815045790373	 0.3760883302051151
-0.9294232779479354	 0.15122450270755508	 0.33660588258283214
-0.9331764896875114	 0.20482627307297707	 0.2953435913534071
-0.9327556217604	 0.257478150867548	 0.252333017855765
-0.928257507593757	 0.308423348522735	 0.207877458330262
-0.9434488825130732	 0.29759879431694003	 0.14607930622075502
-0.9544265223288773	 0.27356582996183704	 0.11929689917385403
-0.972292927506396	 0.224782165539559	 0.0641828729209658
-0.979130136109492	 0.200052070048153	 0.0358238165423068
-0.9853917071880077	 0.16440328066630996	 0.04443809977100879
-0.994240282592053	 0.104339567055342	 0.0244849998566221
-0.9986672081541315	 0.030508217592214514	 0.04162998939441292
-0.9965939685673225	-0.02349672896202729	 0.07904660361659976
-0.9905909887595994	-0.07670093530861363	 0.11334222298447906
-0.9806190205528504	-0.12959030917073505	 0.14694450754962504
-0.9666958285334307	-0.18211482415445998	 0.17981481006650799
-0.9590069067499062	-0.21922253936011005	 0.17957514037995903
-0.964083762352442	-0.159670664125276	 0.212244618744866
-0.9547162765478978	-0.11343281577347797	 0.27504513738697195
-0.9480501004797037	-0.08981708191567399	 0.30517847036869594
-0.9431099485705132	-0.027403234526469606	 0.33134979650636803
-0.9342536620489278	 0.03511241747182509	 0.35487633492169096
-0.9340048005252162	 0.07388363972312041	 0.34953718024999203
-0.9419771820378908	 0.12788766457069098	 0.31036065113124295
-0.9457652083302612	 0.18160324245581602	 0.26934816324146704
-0.945443366991061	 0.234236776917178	 0.226428735261358
-0.9411236473969212	 0.28494637882585305	 0.18191163103097305
-0.9629168802316754	 0.23727122392498512	 0.12842681987045004
-0.9717962145608787	 0.21313493407509193	 0.10092381900202198
-0.98490580150608	 0.152626682302705	 0.0816434811172051
-0.993771542657998	 0.0923211831489561	 0.0624092953422793
-0.996059054509871	 0.0544246657332532	 0.0700308195634285
-0.9940152693312747	 3.0797912650011724E-4	 0.10924078672881907
-0.9879445017538587	-0.05366986693340959	 0.14520746137051696
-0.9779765391514005	-0.10693341168185404	 0.17924043722198507
-0.9696825815645436	-0.12190379453148595	 0.2117903583479369
-0.9650024175170656	-0.09863160930002567	 0.24298588402025817
-0.95172801272064	-0.0512201163557991	 0.302638876358144
-0.9448481458927198	 0.011401454336504798	 0.32731023210725096
-0.94430187748605	 0.0891243860832266	 0.316781956527844
-0.950195251727056	 0.143114836590512	 0.276852175615486
-0.951939510861521	 0.196447621895984	 0.234988296542915
-0.9496877640055814	 0.2480934076181531	 0.1911617430201251
-0.9605084182231052	 0.22443277127984104	 0.16447951148455806
-0.9781402949985455	 0.1766607233912321	 0.10969299025482505
-0.9891175449506895	 0.11602906142450005	 0.09046402144317094
-0.9937426890135638	 0.039447365070636294	 0.10449580575829698
-0.9896781400446252	-0.014839259494785604	 0.14253762834935102
-0.9816223419664052	-0.06872408415880991	 0.17802971102858806
-0.9686742881813748	-0.06008004706449309	 0.24095748870088093
-0.9620621962659812	-0.036258260852068507	 0.27041018663478605
-0.9551883257026103	 0.026527576207484405	 0.29480764939533105
-0.954901598163388	 0.0654846237424076	 0.289611294459182
-0.9608251417063932	 0.11958410579290803	 0.2500293756873381
-0.9626299918368533	 0.17298254852103903	 0.20837595044377405
-0.9669284819381803	 0.18721190279963204	 0.17320800866838504
-0.9756829902762553	 0.16352023046536102	 0.14595833896746102
-0.986745443362754	 0.10198478409028	 0.126224141181079
-0.9891007366973484	 0.06336286741383883	 0.13290929123977405
-0.9850823253883412	 0.009117281751585151	 0.17184204194829802
-0.977004358690601	-0.0450601430415516	 0.208403614672689
-0.9637963777879762	 0.0026899500421504905	 0.26662577957044503
-0.9631972222246707	 0.08071939430786558	 0.25638933378994094
-0.9670702309901384	 0.13464701083613306	 0.2159753476801801
-0.9800491904977885	 0.12571578932710206	 0.15394519972540005
-0.9847860938702492	 0.04825675197898771	 0.16693602130222002
-0.978743261633587	-0.00606305507373294	 0.204999676024185
-0.9721343111712905	 0.017856694254077408	 0.23374349084806012
-0.9718322920239728	 0.056939538589208284	 0.22869168136309595
-0.975752472182409	 0.11097550634937	 0.188657228911108
-0.9781355653379994	 0.07213398396397942	 0.19505769448652008
 0.9795180074864346	 0.014462329304714893	-0.20083653562259793
 0.9657161540184223	 0.03219596867220341	-0.25759605872203406
 0.9771807369034857	-0.06882775732577878	-0.20094911606241095
 0.985799554923124	 0.0665217117993336	-0.154188518939177
 0.9566039437634378	 0.09787205410113707	-0.27446303175885395
 0.952446695641147	-0.0373344565364008	-0.302409375379455
 0.9616522013410103	-0.08801974436595451	-0.2597644476400521
 0.988820405179238	-0.0449476825061474	-0.142175638343896
 0.9944898357267472	 0.049107758685322314	-0.09261962358534821
 0.9770691940199973	 0.13044551622301603	-0.16828475092658904
 0.9621129859804285	 0.14637659529024205	-0.23002716048123711
 0.9358149091919308	 0.11194167194590697	-0.33424469751374297
 0.938547982339894	 0.00482794104406536	-0.345115018263461
 0.949380548759579	-0.154375115187083	-0.273577954974328
 0.9817614685998328	-0.11322987397185497	-0.15272005242605596
 0.996606509118684	-0.0167403766537492	-0.080592963537526
 0.9948055898388984	 0.09221072319900904	-0.04311636525030032
 0.9770667101074122	 0.17576664039415502	-0.12019455946268903
 0.9467327103065778	 0.20817232159278995	-0.24568569302714693
 0.919726366282706	 0.172948358467917	-0.352409245718189
 0.924767757153164	 0.0611174775317937	-0.375591865287386
 0.9304282135293942	-0.057799656189989716	-0.3618874676095031
 0.9276011071341767	-0.17261783334758612	-0.3312993656103722
 0.9528262480199202	-0.20048957606954207	-0.22787292724616706
 0.9690649686659097	-0.17972419529850697	-0.16915170743697397
 0.9883388855588883	-0.13088535116275002	-0.07781562917061331
 0.9991271912558892	-0.037475139269861804	-0.018451819146696705
 0.997456957633649	 0.0684936560039431	 0.0197037244052593
 0.9860803638475922	 0.15619113504561802	-0.05700741502087051
 0.9619448060482482	 0.23772667724778307	-0.13471531851102403
 0.9467387342799338	 0.2539942210448459	-0.19792095566122095
 0.9253973963929932	 0.22121349683296507	-0.3077405523618901
 0.8920262881222656	 0.18256251579453292	-0.41347312987131785
 0.8975488221653772	 0.07341103436308591	-0.43476077544241004
 0.900762662348868	-0.0384225223086782	-0.432608756149963
 0.9191062815891996	-0.12552902748952693	-0.37347838813083784
 0.9083692644422328	-0.23646929667240896	-0.34488773702167697
 0.934230284135545	-0.264537987174207	-0.23923509263032
 0.9670645430558386	-0.2240173563472239	-0.12084036419757795
 0.977526644796031	-0.201572302404451	-0.0617273490211813
 0.994407323064164	-0.104641558268379	-0.0142905605043608
 0.9994898758992142	 0.0017984128829844404	 0.031886575326864106
 0.9917800763432475	 0.10807323380726604	 0.06850150584492373
 0.9801818157115088	 0.19793790205989495	-0.008012183011985108
 0.9559448214021397	 0.28080985044939816	-0.08552968095940776
 0.9256913472082452	 0.31324787798290304	-0.21206436910285606
 0.9040930155212812	 0.2795953878133551	-0.3231752441000641
 0.8703307695725563	 0.23889496843358712	-0.43064317664669616
 0.8806648934461773	 0.13110976216110604	-0.4552357364239891
 0.882953388583375	 0.0176135281930855	-0.469130128230672
 0.8772165841334573	-0.09353042723394542	-0.4708960858859041
 0.890875034296836	-0.143361266488726	-0.431032737199113
 0.8799597109573064	-0.2514367193549621	-0.40305146476839415
 0.9118278375315978	-0.28209784480798794	-0.29831325927142194
 0.9324406677065762	-0.30775186588164105	-0.18932297867211706
 0.9490726925727244	-0.2873923135656331	-0.12909950548376206
 0.971826308881321	-0.235581894259699	-0.00740246331426393
 0.9901977329898468	-0.13247374626590197	 0.04426235569923549
 0.9954522367696063	-0.026654253956589408	 0.09145706673847341
 0.988313244058681	 0.0802088818216122	 0.129628187116587
 0.983243607793168	 0.173847457233793	 0.0548549847071285
 0.9651133866313395	 0.2608894097781021	-0.02220060383458311
 0.9347797745123813	 0.3410820102048901	-0.09924633734890602
 0.9198280709968247	 0.35715333746158295	-0.16235089573609798
 0.9045589178413554	 0.3258578372171962	-0.2749360545250611
 0.8766868476064398	 0.28829480692615495	-0.3851055381753089
 0.8370362010456722	 0.24268500884363906	-0.4903818763184381
 0.8474784759219738	 0.13399800488595498	-0.5136387519799809
 0.850561274200027	 0.0198489458835895	-0.525501225667968
 0.8453024628951462	-0.09681267232999163	-0.5254436722425401
 0.8710288289014023	-0.20360375466781008	-0.44705065742913525
 0.8551331873239385	-0.3101647440112622	-0.4153854396938223
 0.8874131133943493	-0.3423401802559201	-0.30870887120083207
 0.9086846980204237	-0.3677869269629899	-0.19754719926805295
 0.9426719403595137	-0.32522524938456393	-0.07482078602619668
 0.9542879132339812	-0.29860176204361505	-0.013098334244541703
 0.9786699813366613	-0.19945409294801406	 0.04922532312523891
 0.9906805870895754	-0.09465700091652354	 0.09793889187316485
 0.989933449385032	 0.0124363897612175	 0.140986176621537
 0.976902811940174	 0.118891220661343	 0.177554987744746
 0.9716095764877702	 0.21293219469127206	 0.10312473680555102
 0.9531713192244474	 0.30123621629646813	 0.02685476120381711
 0.9225870040025937	 0.3825933584897119	-0.04955342657254989
 0.893110943833783	 0.414379781790501	-0.175049245778399
 0.8782375390343204	 0.38175527300550816	-0.2880307909988631
 0.8503911329156187	 0.34268077649525297	-0.3992553149040109
 0.810409865281671	 0.296472590076304	-0.505311640067386
 0.8253556044806383	 0.18987626310779304	-0.5317284371374361
 0.8321234071911928	 0.07789149921547889	-0.5490933887368209
 0.830928448085314	-0.0379985944069328	-0.555080193292491
 0.824408925050403	-0.156885833579391	-0.543816843725292
 0.83741739102149	-0.211139804080535	-0.504134998137993
 0.8214616168097528	-0.3189440230586069	-0.47273197719584986
 0.85905450954047	-0.356143329405566	-0.367678226929609
 0.8860670271677995	-0.38513360557143583	-0.2579870718186549
 0.9023853612823892	-0.4063533683549831	-0.14344894481944304
 0.919531181328727	-0.384473556200273	-0.0815014794154788
 0.9432556180479322	-0.32944067002255906	 0.041685536533681906
 0.9678529141041518	-0.22927448673686496	 0.10341153896760598
 0.980139933826153	-0.123727297620055	 0.154975049420552
 0.9797592035936112	-0.016763779762565902	 0.19947651155382906
 0.96728000872452	 0.0899166966243971	 0.237243276806844
 0.9687597859323106	 0.1856069766304349	 0.16448260511827092
 0.9566049698518648	 0.2773479034570229	 0.08935923065194118
 0.9318008234673782	 0.3627335082469141	 0.013100663357321804
 0.8953077597732922	 0.4410583332659091	-0.062382384904932815
 0.880781309657222	 0.456784729913304	-0.124787800191119
 0.8727776437203333	 0.42635858526788717	-0.2376500397440501
 0.8515830431598796	 0.38995440396486386	-0.35034537735064586
 0.8175244508309732	 0.34673147347925704	-0.45981633028027513
 0.7715396033050623	 0.2978617393572671	-0.5621432422069402
 0.7867095017984163	 0.19076843561127907	-0.5871077956853521
 0.7943135413091933	 0.07809927864015152	-0.6024670121830212
 0.794261775335282	-0.0393501648415691	-0.606300088048969
 0.787568545808913	-0.158794178695102	-0.595415984388211
 0.8126745508662887	-0.26859901343742987	-0.5171214986390678
 0.7917915736618747	-0.37452600382444085	-0.48248976811674177
 0.829497394280736	-0.412250983572088	-0.376806580920922
 0.8569457031417412	-0.4416770667415411	-0.26564154528517403
 0.873741669053861	-0.462687436090947	-0.149986106831798
 0.9081016057633362	-0.4179548048679451	-0.025792531823151506
 0.919977571282843	-0.390320607423424	 0.0359317652938292
 0.950240849219282	-0.294878824320775	 0.100443055719227
 0.9687009374536468	-0.19132346386577595	 0.15815759846060898
 0.9747537714731734	-0.08490725542413995	 0.20650869951448608
 0.9684680567334002	 0.022153696588322804	 0.24815083480517305
 0.9501733793599513	 0.12807981694693701	 0.28419378889505903
 0.9514435093711042	 0.22343059066516804	 0.21174045345802905
 0.9389919034760364	 0.31525963026510917	 0.13749752991074707
 0.913738401774384	 0.401546504254945	 0.0619882089064343
 0.8768169723722422	 0.4806572826799771	-0.012671762571773503
 0.8480952334800523	 0.5118661719976613	-0.13684844505099905
 0.8410803111500832	 0.4800937934648341	-0.24918639543968807
 0.8206869632515462	 0.4421359292711461	-0.36192364995464904
 0.7866454374470182	 0.39823405667393813	-0.4718035521790911
 0.7400079363046861	 0.34999369072185205	-0.5743628388579611
 0.759360939943187	 0.245348470699774	-0.602640100569056
 0.7710619999212722	 0.13514354514704602	-0.6222536576690381
 0.7752827591593522	 0.019686625484989305	-0.6313074370916881
 0.7723972349263193	-0.09979220355485084	-0.6272511678648703
 0.7621067400175848	-0.21771193272705994	-0.6097498103058479
 0.7745697068469183	-0.2728338251585561	-0.5706167479880252
 0.7532973200992442	-0.3801852881633451	-0.5366584520861021
 0.795873208192912	-0.421578002145212	-0.434577754363904
 0.828676392244047	-0.455306223374355	-0.325563634169992
 0.8510291412957833	-0.4806399268777442	-0.2115057005291311
 0.8624540132430972	-0.4973132681059531	-0.09408819483150893
 0.879554158926131	-0.474723973054096	-0.0319629617445028
 0.9034070080822872	-0.4190501927256881	 0.09084444795568931
 0.93379958209988	-0.322857375957129	 0.154212370645699
 0.952174695927522	-0.21980054109284	 0.212252374711394
 0.958231755843652	-0.113544061098887	 0.262487424997778
 0.9521596021533105	-0.006771279470226148	 0.3055261720402779
 0.9343184465395497	 0.09900266329886497	 0.34241424198717924
 0.9425239773006004	 0.19475162379329408	 0.2715149300560331
 0.9366547773632512	 0.28846837241947304	 0.19865504311811105
 0.917573832662447	 0.377875965850449	 0.123563813658119
 0.8860220140931565	 0.4610237837804518	 0.04921444230164188
 0.8435059167553258	 0.5365372330615219	-0.02501131618775339
 0.829255094269801	 0.55207117006035	-0.0869103665610696
 0.8286380330049258	 0.5233327472894959	-0.19870039222949795
 0.815818983875786	 0.487593976345858	-0.31095256837517
 0.7888226180511466	 0.44608199686502076	-0.42281169487592285
 0.748156273206964	 0.399719995394182	-0.529609399598555
 0.6953815093832562	 0.35144681663487803	-0.6268410416406021
 0.7152380981029629	 0.24607528265038095	-0.6541264543577119
 0.727981763085397	 0.135203171117491	-0.672132914783119
 0.7335120978243299	 0.019070497477665895	-0.6794088007019818
 0.7313165836522282	-0.10029397925863802	-0.6746237263836052
 0.7206942587506598	-0.21866103962416195	-0.6578655904927069
 0.74486223650696	-0.329138807827277	-0.580385986915508
 0.7186347520458591	-0.4340289796828811	-0.5433074064904911
 0.76148556130942	-0.474573222848533	-0.441497447413271
 0.794640729014247	-0.508193441496452	-0.332092664495466
 0.8172752340246272	-0.5336701937799251	-0.21738747921830306
 0.8287402656304703	-0.5506725699036392	-0.09974614217331385
 0.862689471688691	-0.505164566999646	 0.0239924089150622
 0.8745384807961046	-0.4774128599846988	 0.08520215213286406
 0.910396687858111	-0.38556867180859	 0.150048892220973
 0.934889199564429	-0.285614801612804	 0.210728188995825
 0.9469877548407455	-0.18078340294756406	 0.2655777727905391
 0.9469262050739632	-0.07423962529304351	 0.31276067556611303
 0.9350329681150704	 0.03205387902219042	 0.35310890299956016
 0.9113896615636328	 0.13656843740883698	 0.3882240934030699
 0.9194931079957406	 0.23175504677091388	 0.3175248378387819
 0.9133455947507548	 0.32449948725772493	 0.24596728912370394
 0.893906166848585	 0.414247594268028	 0.171262066766756
 0.8618553888001628	 0.4975414279645609	 0.09827418916025797
 0.819004949713547	 0.573263445102918	 0.0244931593193778
 0.790666135856145	 0.604205331736094	-0.0989089415168775
 0.790882987934563	 0.57480074969628	-0.210019517055659
 0.7796147123922168	 0.5377383619164009	-0.3209958790157079
 0.7536585374120174	 0.49514717593013724	-0.43223614281361117
 0.712632057484555	 0.449272745009578	-0.538803815165491
 0.6589814449489458	 0.4030452392433289	-0.6350574701050979
 0.6827660515022077	 0.2999727584350399	-0.6662183299136687
 0.6994860712582208	 0.19153310623532788	-0.6885014926139128
 0.7093246111207292	 0.07768749251651973	-0.7005877886210422
 0.711680688992944	-0.0405682708932366	-0.701330743879991
 0.7054160457816693	-0.15990583881574305	-0.6905203292202102
 0.6906269171497951	-0.27645764611112206	-0.6682855910573471
 0.7024093812684141	-0.33173517271998104	-0.6297402927291281
 0.6754467742331589	-0.4379125066983769	-0.5932994957482809
 0.7226835346020869	-0.48117732958326187	-0.4961823115651699
 0.7610775016755915	-0.5179835655859414	-0.3904536620728703
 0.7892140987969042	-0.5476043336053721	-0.27797589837395403
 0.806368066427776	-0.568965226836166	-0.161397373264871
 0.811976187613824	-0.582083389602932	-0.0432850816850466
 0.8287265516986101	-0.5593559985909751	 0.018252927163166503
 0.8523113173001313	-0.5040434869267332	 0.13966238465977607
 0.8883503680550534	-0.41159793618386115	 0.2035209141725671
 0.9127502652162396	-0.31195850351409987	 0.2637590670155769
 0.9246774967511547	-0.20773805798972395	 0.3190868631966479
 0.9243959032071202	-0.10157039820043401	 0.3676624380369821
 0.912426228520068	 0.00463311956951939	 0.409214994485416
 0.8886496952933308	 0.11052930400273497	 0.4450674016502909
 0.9044537203981404	 0.20232458614617607	 0.3755372544751602
 0.90478695975765	 0.296386822760011	 0.305802891985564
 0.8923911529669325	 0.38761785563361917	 0.23106368840720912
 0.865820806728564	 0.474390462728912	 0.159084944315128
 0.828171039584999	 0.553831630381167	 0.0860421663025766
 0.7799704892055189	 0.6256981094305958	 0.012161900488086099
 0.7658274707699573	 0.6411440869827421	-0.049422107817821415
 0.771640382489591	 0.615529430373334	-0.160295478587503
 0.766877861952393	 0.581887194846658	-0.270750138173213
 0.7497306671505404	 0.5410103276051612	-0.38106659806202114
 0.716262005529214	 0.496337878134107	-0.490527726193536
 0.667901837041548	 0.451647624181712	-0.591541680397536
 0.6091894128467825	 0.40450428044127634	-0.6821030320853866
 0.6335116307212437	 0.30091783682567796	-0.7128193805032698
 0.651286500102064	 0.191915202805663	-0.734162413718426
 0.6625331077249431	 0.07775355103818761	-0.7449860847487562
 0.6659438068145578	-0.040395324497049086	-0.7449074197000007
 0.660128101616889	-0.159570981707926	-0.734008168382649
 0.6450382665664075	-0.2764459999543428	-0.7123926191183115
 0.6677067692722589	-0.3867625861280619	-0.6360678990795999
 0.63567436143201	-0.489880503572455	-0.596603049302972
 0.6832005510690153	-0.5320026526453012	-0.5002101404383532
 0.722219095379389	-0.567739723199037	-0.39505845766324
 0.7507231738773618	-0.5970889728825739	-0.28266495125065194
 0.7678534276508876	-0.6187256904246434	-0.1660711704460821
 0.773084004461919	-0.632468710344909	-0.0482125759503792
 0.806107924000575	-0.587169756612905	 0.073632138245643
 0.8178117229356257	-0.5597034069598298	 0.13385096961405493
 0.8592570266759332	-0.4714114085588981	 0.19861683208769207
 0.8896478747273926	-0.37505818415913583	 0.2604957149134809
 0.907763970847343	-0.273058527312477	 0.318439340995119
 0.9133658766808352	-0.16782547587259106	 0.3709412149696871
 0.907033571450814	-0.0616892849157378	 0.41651474450224
 0.8893514057531622	 0.044283302128780615	 0.4550747919160601
 0.8593738854183157	 0.15047046249604595	 0.4887076477580988
 0.8761680481149554	 0.2372119586071211	 0.4195950883366042
 0.8751034275433395	 0.33007379242793816	 0.3539001026478202
 0.86301700566884	 0.422139122194989	 0.277489115892558
 0.8359838964566554	 0.5080186501216842	 0.2074800616774781
 0.798281374065961	 0.586949523799606	 0.135044823413477
 0.7499378606980631	 0.6586665463301801	 0.061250190506522015
 0.7216596488959091	 0.6895006330297221	-0.061613539153710914
 0.7280031505788593	 0.6636888591023493	-0.1718386192061521
 0.7241641951189363	 0.6297086685683022	-0.28116402906075905
 0.7091666954539941	 0.5879429626506741	-0.3891088160507421
 0.6766388806162031	 0.5430755482283262	-0.4972210516007491
 0.6276775043558583	 0.5009851149742413	-0.5958480218141602
 0.5682448360875718	 0.4551942572941608	-0.6854896019533967
 0.5962673245586527	 0.3539965505797588	-0.7205218385595946
 0.617733067734982	 0.247348545322984	-0.746474751182739
 0.6329487192478862	 0.13555234597938004	-0.7622345310348692
 0.641187141917915	 0.0191946345821041	-0.767144455133709
 0.6404739579601777	-0.09976101249717276	-0.7614728160350597
 0.6300625000188291	-0.21814464522016505	-0.7452745533236671
 0.61027052518727	-0.332625275515575	-0.718978659054524
 0.6211367140843371	-0.3876590163801461	-0.6811091464924621
 0.5881950892698159	-0.4915379133920899	-0.6421970232389929
 0.639259713375666	-0.536835719946208	-0.550594613708396
 0.683117831251902	-0.574989257087877	-0.45026368147923
 0.717404294293359	-0.607226846441783	-0.341477137579978
 0.7403773252573733	-0.6328126655203523	-0.2266926258213191
 0.7514558971942152	-0.6506822910736941	-0.10920893120585702
 0.7502595391995149	-0.6610973064395937	 0.007808665599561458
 0.7664952451591567	-0.6386391242806007	 0.06800814720687468
 0.7898503441708903	-0.5840717802574352	 0.18707375369098808
 0.8316426797705376	-0.4952882394650778	 0.2511175283242149
 0.8620209018760957	-0.39905228604441784	 0.31253357856628283
 0.8799489167135363	-0.29753020213471404	 0.37035885677589814
 0.8851866056163462	-0.19294969748938107	 0.42333802980144314
 0.8784207132688335	-0.08739325454144446	 0.46982919189949035
 0.860687401879602	 0.0182126752543894	 0.5088079153333
 0.831890051265284	 0.124183005395379	 0.540867380951019
 0.848987608292376	 0.217687999767041	 0.481489330851075
 0.860227306450088	 0.300538300887228	 0.411929254772521
 0.856252508926481	 0.393591781455694	 0.334540207639739
 0.8344524700323473	 0.4822313839243792	 0.2667245163371611
 0.8021524861931127	 0.5640741017654319	 0.19588720379782196
 0.7591799056328699	 0.6392136704564888	 0.12268559159416598
 0.7055726330657028	 0.7069696422624869	 0.048592019797313986
 0.6913516300440814	 0.7224062601173974	-0.012732595123808909
 0.702821905255505	 0.70069793142175	-0.122734585159614
 0.7044035100329972	 0.6707380480416872	-0.2322200808767851
 0.6957513404817514	 0.6327149111892614	-0.34000281377749114
 0.6746060539194099	 0.5878812265384958	-0.4464329014520279
 0.6317694391435973	 0.5474990348987312	-0.5487368973826552
 0.5780128278594551	 0.5024978585086851	-0.6429596200572021
 0.5138065611322887	 0.45701784699227577	-0.7260423577643087
 0.5424713191032338	 0.35490852437870785	-0.7614228833399517
 0.5648677160263459	 0.24759098079972094	-0.7871614634989518
 0.5812424364093638	 0.13561391008087395	-0.8023503583282576
 0.5908333848003341	 0.019698279514976602	-0.8065530913644372
 0.591010537948428	-0.0989272349429693	-0.800574759919677
 0.5807966949094998	-0.2170203381525659	-0.7845873896579957
 0.560563414583027	-0.330967735576144	-0.75909750114107
 0.5814286658990071	-0.4404551875104201	-0.6840613527060723
 0.5434673216000181	-0.5407242047577812	-0.6420752329298862
 0.5945577568704359	-0.5853158373013869	-0.5512771030519699
 0.639018534302596	-0.622272688426054	-0.452141586294352
 0.6742232819941985	-0.6533273363760954	-0.3443636995397277
 0.6974402283388358	-0.6787618498320608	-0.22991189422740088
 0.708057121800906	-0.697098639419773	-0.112732422958607
 0.7056974027921473	-0.7085057929757683	 0.0032736848039644113
 0.7378676414537989	-0.6638452726418789	 0.12190487146311198
 0.7496016451721611	-0.6367208150725971	 0.18078710465206602
 0.7968766062971764	-0.5520960574386682	 0.2453112669588861
 0.8331925743338368	-0.45931169226609286	 0.3079332775498809
 0.8573613179141307	-0.36032851758028694	 0.3675526220324619
 0.8687405923575873	-0.25730689502792903	 0.4231819289162461
 0.8675669638165974	-0.15242944296075606	 0.4733844401886532
 0.8549979335417778	-0.04709963347744499	 0.5164882943161249
 0.832004040534675	 0.0587394386778017	 0.551651116991339
 0.798778892893969	 0.177016800072318	 0.57499333279547
 0.810883793314652	 0.24109904391615	 0.53323421192039
 0.8245742239507207	 0.32296781596193785	 0.4645095683070938
 0.820913476686909	 0.425187384220271	 0.381204344274479
 0.7988324852261289	 0.5123967321086409	 0.3151448071471789
 0.7669438028491515	 0.5932093507280385	 0.24474449836533815
 0.7243346069758476	 0.6677906378244597	 0.17144982114643892
 0.6706970607370341	 0.7353595594035092	 0.09701428303389273
 0.6419787572404214	 0.7663027026894965	-0.025366180296163016
 0.6538365377755833	 0.7445375067954192	-0.13476528798062007
 0.6558473112347388	 0.7144986069791398	-0.24363096061673395
 0.6476954850577762	 0.6766346383276483	-0.3502229644826061
 0.629174213995975	 0.631766938020883	-0.452780680314725
 0.5880265276559299	 0.5947963533462158	-0.5481259899137729
 0.533600920932983	 0.550779907091988	-0.641803358610107
 0.469051657698969	 0.506905446116175	-0.723213254239447
 0.5010249882191721	 0.4069991695236411	-0.7637575774989372
 0.5268827034214288	 0.30186408074920396	-0.7945267104312889
 0.5467061073317587	 0.19196994161166692	-0.8150214559898217
 0.560465674076756	 0.078134318557133	-0.824483630186373
 0.5663335483718014	-0.03904844734696273	-0.8232505880644095
 0.561613473968921	-0.157654797974514	-0.812240894397823
 0.546116445323426	-0.273710406453453	-0.791731925304513
 0.5210030703430832	-0.38409421946966915	-0.7622515537951143
 0.531004594055036	-0.438733523026873	-0.724946216532561
 0.492258265105352	-0.539199729813778	-0.683334070425453
 0.5461394550253719	-0.5875734861535868	-0.5970670766621708
 0.5942308409803494	-0.6278562071311254	-0.5026791131474473
 0.6350049825013472	-0.6608824751205712	-0.40000378282832705
 0.664819011391029	-0.688895798267878	-0.288856817856041
 0.681733275842481	-0.710926667334366	-0.172693411229067
 0.6852076973350221	-0.7261884810653502	-0.05604196178611341
 0.6762916603057372	-0.7343717512526482	 0.05768640362362691
 0.6923594556889978	-0.7121438502284798	 0.11614439590351097
 0.7160513119183524	-0.6582449287282003	 0.23234485684777512
 0.7638385587975624	-0.5734012826831992	 0.2962458862352771
 0.800267774135559	-0.480704894038632	 0.358461008378074
 0.824240666873213	-0.382114550015645	 0.417870546627472
 0.835149742700172	-0.279818214443283	 0.47352579035741
 0.833308463429156	-0.175964479206647	 0.524054870061211
 0.8203115154963223	-0.07131566556224923	 0.5674531640492813
 0.7977013021165102	 0.035151953514670306	 0.6020273853951551
 0.7677066740301883	 0.14456497853300307	 0.6242815307465522
 0.7729672163843352	 0.2674037311864901	 0.5753407050979411
 0.7907089620281771	 0.30687469592506905	 0.5297237566592791
 0.8113196441102527	 0.38992870341076286	 0.43556404963818385
 0.792074806359648	 0.482952226583352	 0.373329141600959
 0.765257505164274	 0.566890543094125	 0.304985348730393
 0.7284031931257511	 0.6443962265823651	 0.23277089897712505
 0.6804075631978523	 0.7154961640113603	 0.15846383571083208
 0.6214030880790482	 0.7790081998450953	 0.08369245306434164
 0.6067552061673002	 0.7945654624745953	 0.022668163388541704
 0.6233111803291389	 0.7772032263294458	-0.08624568081820759
 0.6305609771393318	 0.7511410652489059	-0.19539691452484698
 0.6276143538170633	 0.7169978258107303	-0.3033386567278821
 0.6142547586101478	 0.6753347852388858	-0.4081838058658588
 0.5767484603607652	 0.6445265484962154	-0.5019429666356953
 0.5400060235228182	 0.5948098134853442	-0.5954786145115573
 0.47905264010818976	 0.5537780434111098	-0.6810568600646617
 0.4117009748043107	 0.5076375996953386	-0.7568397285560104
 0.44382934117354	 0.406772762018202	-0.798468180952469
 0.4702330375390848	 0.3010140769336699	-0.8296212484589197
 0.490718522080283	 0.190995868741789	-0.850126996519292
 0.5052876669700009	 0.07775010491892559	-0.8594412689608928
 0.512676494849429	-0.0382238967575712	-0.857730578530094
 0.5085496406529009	-0.15630845827392598	-0.8467260057798118
 0.4922563510859248	-0.2710616447556719	-0.8271694321950737
 0.467360129175684	-0.379483910388673	-0.798477596062037
 0.4866218226711172	-0.48827903343255225	-0.7244189307371892
 0.4428945022676912	-0.5845648265304272	-0.6798002820273803
 0.49650873831446113	-0.6327342572007572	-0.5942444215489011
 0.544772117049071	-0.672445642678623	-0.501039118361438
 0.5864644375454298	-0.7042468755746688	-0.40011973425193575
 0.6176125533834019	-0.7309481826842569	-0.2902920738391199
 0.6343874154911698	-0.7530886631498988	-0.17438484022853698
 0.6360661752591491	-0.7693840710818532	-0.058889488507809215
 0.625712158643106	-0.778227205994037	 0.0533545722211271
 0.6579714543559487	-0.7339762305118628	 0.16838188232798296
 0.6700225557327848	-0.7072011105820187	 0.22569085936489888
 0.7233939498529206	-0.6268005697787685	 0.28952070572102684
 0.7658016515588704	-0.5378635050046562	 0.35249209984595814
 0.7960644478518648	-0.4421207184706049	 0.4132924692821559
 0.8133164551763673	-0.34171160147046714	 0.4709028829385492
 0.8173238419168604	-0.2389953225304921	 0.5242737579192852
 0.8093485629929773	-0.13540241519550406	 0.5715077335788442
 0.791430183006487	-0.0306586301801222	 0.610490224182007
 0.7656541736230134	 0.07625796388798153	 0.6387162197387193
 0.731316765148328	 0.179233239748031	 0.658066284489952
 0.7341912649300634	 0.2805479555910131	 0.6182685752277052
 0.7614796166033493	 0.3705989697613772	 0.5317943184252932
 0.7730666658306037	 0.4112404456573808	 0.4829588243702278
 0.752119515801431	 0.506042708138198	 0.422181254310018
 0.725205672774552	 0.590568322404215	 0.353985577034264
 0.689007324553781	 0.667884222460225	 0.281424185350054
 0.6415553320055228	 0.7387709259259019	 0.20645647236613596
 0.5824566850058532	 0.8022149260342213	 0.13113131792177304
 0.552521698341542	 0.833442944026812	 0.00962454745421742
 0.5695381866628011	 0.8160279588978272	-0.09861350936811082
 0.5774587421318937	 0.7895906399979556	-0.2075765457923169
 0.5747948847549151	 0.7548783493589922	-0.31586313195532506
 0.5614251881783001	 0.7118974551035971	-0.4219049318223031
 0.5270447792896201	 0.7001579052037431	-0.4816665946526311
 0.4964931214112133	 0.6425113040524485	-0.5836726861488144
 0.43295150980303815	 0.6018839587939312	-0.6710355357995693
 0.36510638308991294	 0.5562382378747719	-0.7465228407443208
 0.39920990417944285	 0.4573465164065818	-0.7946481084957067
 0.428655404116795	 0.353636499165161	-0.831381844268731
 0.452267546840658	 0.245522625109325	-0.857422128612365
 0.47002689849565	 0.133961032124616	-0.872427164044465
 0.4817744762279328	 0.019998285007604588	-0.8760670194979695
 0.484652188131017	-0.0967664809462852	-0.86933796920708
 0.4742236146625698	-0.21343168506413993	-0.8541421890452716
 0.4523119144292598	-0.3233299654538768	-0.8311869016682907
 0.4238418331697912	-0.42884751642342317	-0.7977768535829634
 0.4327611658275019	-0.4832321259995449	-0.7610548506865857
 0.3885072901640661	-0.5788650271748671	-0.7169221476584571
 0.4444468291154229	-0.6312955092711429	-0.6355572327204959
 0.495380239415216	-0.675106472341407	-0.546653152739161
 0.540771445343837	-0.710419272335175	-0.450411702107636
 0.5787273060916469	-0.7383391650571028	-0.34630908524999093
 0.6033179853931512	-0.7626843681477653	-0.2330664349154411
 0.6118683016083419	-0.7822727740519688	-0.11690375727050198
 0.605755042223693	-0.795640953464363	-0.00403757240075223
 0.590349466820737	-0.800105093062331	 0.106392420219629
 0.606579506490385	-0.778141218597274	 0.162964861936034
 0.6310979575693462	-0.7251032111962472	 0.27557340413162207
 0.685137304955108	-0.644890751571977	 0.338678006217974
 0.7278244265118631	-0.5562145114107001	 0.40111970964892013
 0.7579104601318833	-0.4609014515190522	 0.46167259655551124
 0.774545356998134	-0.361247103222197	 0.519210959404946
 0.7775002451281307	-0.2599505442859949	 0.5726421948748728
 0.7687743038874163	-0.1578993800652121	 0.6197207883050562
 0.7507508037127987	-0.05477128697134407	 0.6583109727538267
 0.7250625942255511	 0.049524088176406016	 0.6868999920987111
 0.689087880968144	 0.156615395703226	 0.707551772050325
 0.7141490463580489	 0.24438455070785395	 0.6559476587054869
 0.7028837897013621	 0.34691687455525005	 0.6209694520053851
 0.7181774771920792	 0.3889325989035312	 0.5770204023812032
 0.7422928567880794	 0.47017048883576734	 0.47743169793105233
 0.7185111339531947	 0.5597188468667738	 0.4128638550992608
 0.6873744938315389	 0.6405653174056909	 0.34233372513788696
 0.6462553493966	 0.714501105822285	 0.268033940304228
 0.5930841245734308	 0.7818314533259227	 0.19232992426880094
 0.5284804784040488	 0.8407976674306427	 0.11733569955055695
 0.5130836060008631	 0.8564449503395192	 0.05698473735211771
 0.533842676824642	 0.8440637474182	-0.0506792531026863
 0.547129733816737	 0.821802565512699	-0.15902703446387
 0.5501225451476291	 0.7908974249295272	-0.26804187837003707
 0.5422725248352771	 0.7515814905619752	-0.3755872360097101
 0.48532958898222	 0.69053710468451	-0.536296277361948
 0.4421366490859351	 0.6455730745798801	-0.6226962252274711
 0.37614840859944887	 0.6033761121060549	-0.7031711328317479
 0.306291546395156	 0.554743858182804	-0.773592102089545
 0.33995360485878884	 0.45499290198310977	-0.8230510346804156
 0.36928671922293815	 0.35065900415064616	-0.8606193013252933
 0.39296404585577	 0.242453784961312	-0.887014893236071
 0.4108048147832919	 0.13144918595392696	-0.9021976034455618
 0.42296320678411314	 0.018848603509140607	-0.9059508021149134
 0.4281918721887079	-0.09566172563301947	-0.8986103465019988
 0.41609380700600584	-0.2115287593873259	-0.8843763495951865
 0.39272338358158115	-0.31823168757617615	-0.8628423593047884
 0.36775925344298804	-0.42062833329877614	-0.8293521186645332
 0.383760216899998	-0.528350409049606	-0.757346645322986
 0.3355565980163228	-0.6195562705426607	-0.7096138366456657
 0.390605101204399	-0.672286219654391	-0.628855224814034
 0.4412235016293658	-0.7159566944911596	-0.5410432822087468
 0.486810496580404	-0.750846828300293	-0.446368212186454
 0.5260429536314462	-0.7774845844429612	-0.34466872774921203
 0.552538407507721	-0.800260976767824	-0.232988577598645
 0.558598101254807	-0.820972687920391	-0.118203244301046
 0.550636243806559	-0.834716095415363	-0.0069833416882296
 0.5342332661063769	-0.8390847521008218	 0.10262356540880697
 0.5666396860711551	-0.7956782884736132	 0.21404561995258106
 0.5791539769372573	-0.7694894827532266	 0.26919622384040015
 0.6390046546188571	-0.6941941869744281	 0.33131175974653804
 0.687742703436277	-0.609766664134235	 0.393947444693792
 0.7242664789403764	-0.5177438363725684	 0.45538927016512426
 0.7474605368355571	-0.4202606521799191	 0.5144742268596261
 0.7565605900583652	-0.32012666024807807	 0.5702060986774431
 0.7527614779212528	-0.21933610886911395	 0.6206785228312379
 0.7388134755002899	-0.11759824994435997	 0.6635701168898479
 0.7168991830371761	-0.014727368174022804	 0.6970212808711771
 0.687931768207498	 0.0884977347082455	 0.72035965547941
 0.638936974898108	 0.21126363249962	 0.739680484865675
 0.6636741282972424	 0.2613679684937391	 0.7008733383959983
 0.653257325784876	 0.365264029988989	 0.66320212205978
 0.6856719679845501	 0.4484451479340271	 0.5733680333037611
 0.69838735500148	 0.48827189459846	 0.52330264600828
 0.6738661490843202	 0.5782075133886952	 0.4599787870968952
 0.6430302417459747	 0.6591851842826737	 0.38985510259881284
 0.6031178853743929	 0.7326974501965239	 0.3152828298798289
 0.5507391348273961	 0.7997607108794381	 0.23889162962143906
 0.4858765449312879	 0.8584772333100747	 0.16413659852060297
 0.45454492725111073	 0.8896278823354584	 0.04417171132761647
 0.4754803856299909	 0.8774660563074618	-0.06302160668680139
 0.48995118706249424	 0.8548875831549143	-0.17063134080116207
 0.493970581301661	 0.823202722969964	-0.2798755825422
 0.486388901881115	 0.782993248902286	-0.387746577419229
 0.470507971634538	 0.733589097440097	-0.490376676388036
 0.397623270834663	 0.689577839636606	-0.605291778874334
 0.3291015574002118	 0.6490032455821596	-0.6859205144479775
 0.25882642873256606	 0.6010502779041251	-0.7561398304684922
 0.2936979540302131	 0.5037829484954012	-0.8123695295884423
 0.32519203383929607	 0.4012691990385511	-0.8562903543952962
 0.35161597142406514	 0.2947343247635331	-0.8885369358927604
 0.3722457034248109	 0.18509765245991094	-0.9094899643952088
 0.3871054436139289	 0.07366707479362629	-0.9190878835105017
 0.3966244452201269	-0.038584461558818096	-0.9171697164538538
 0.3953233997400891	-0.15436444963167303	-0.9054783411588863
 0.373744775312673	-0.262181906216012	-0.889705283214289
 0.35189616345668207	-0.3620801225482261	-0.8631726797112672
 0.3189165266761261	-0.4649414584695101	-0.8259065862487602
 0.326318060137844	-0.518896383848115	-0.790103199877854
 0.27944224718724203	-0.6089221455061541	-0.7423785093866381
 0.336005044646916	-0.666460533613741	-0.665530590662151
 0.3884601978658591	-0.7146263727292731	-0.5817283060620481
 0.436593558919349	-0.753769360645438	-0.491139303316589
 0.4793919691974302	-0.7841913515071124	-0.3939889136644062
 0.515022611984246	-0.80681296684942	-0.289490147791875
 0.531326685108817	-0.828918804561589	-0.174887304100276
 0.5273115630600392	-0.8472828669776923	-0.06367306172346862
 0.5145435433447983	-0.8562129892267456	 0.046306145181612926
 0.4935597925362119	-0.8558596365159028	 0.15460599527339897
 0.5095778703891537	-0.8344753605007784	 0.20971711119207886
 0.5347893815579381	-0.7829225765856382	 0.31785618830751705
 0.5958005333370262	-0.7083002082521194	 0.3785928412758482
 0.6449277094595411	-0.6243980250989392	 0.44067602138511514
 0.6813685514821941	-0.5331127381088722	 0.5015253787368271
 0.7039359924935233	-0.4362758119532872	 0.5604797359197372
 0.711363178054425	-0.337678443307128	 0.616389242146538
 0.7062899661091618	-0.23848644935835595	 0.6665423446758378
 0.691602674888	-0.138163180872185	 0.708940530326094
 0.6695014279877818	-0.03638709805969899	 0.7419190097423808
 0.64092469987164	 0.0667011580140938	 0.764700258018805
 0.6081108597985232	 0.17063128116349907	 0.7752974578080364
 0.6339119840099279	 0.32090471214525096	 0.7036872616806209
 0.619456430122317	 0.42294830821892	 0.661353505891417
 0.636271034967169	 0.464599118097859	 0.615878908166613
 0.6633286779600431	 0.5426797478671861	 0.5152608623314882
 0.6359416745427693	 0.6279073819409373	 0.4486763937224872
 0.6012578819377469	 0.7048974380368189	 0.37630912991430787
 0.556432558449445	 0.774788457810396	 0.300142721952729
 0.497625764486004	 0.837933295703472	 0.224134759622951
 0.427733595503197	 0.891145344846081	 0.151340495694534
 0.4118676428307161	 0.9066519672688512	 0.09136331340637631
 0.43550571088597617	 0.9000491479177934	-0.015694174656695106
 0.453727861027725	 0.882666212154699	-0.122602553185819
 0.4646392837591071	 0.8549595706911852	-0.23055252865967105
 0.4627746293474379	 0.8185908676173368	-0.34021850902888495
 0.450501418772217	 0.773249389985987	-0.446244162505818
 0.4115965592340081	 0.7277799303052451	-0.5485659900792411
 0.3403016166320531	 0.6916671774661532	-0.6370175235687132
 0.27025826700020705	 0.6482270111411002	-0.7118723278405481
 0.19909508961626696	 0.5966059337178788	-0.7774461429213658
 0.23354745172947095	 0.4987302032689549	-0.8346998095950288
 0.26433687180408205	 0.3955629891692761	-0.8795771369267732
 0.2902164232621051	 0.2886280344592161	-0.9123969998817184
 0.31031116257108193	 0.17903622834906494	-0.9336235918839698
 0.32457152965582203	 0.06826642762725031	-0.9433944122136262
 0.33398503741796903	-0.04232041872305071	-0.9416278335627212
 0.33796659523910877	-0.15299045990829888	-0.9286401346482563
 0.2979150336715251	-0.2424376337887151	-0.9232933588169164
 0.288342495863852	-0.333576242674387	-0.897544146770644
 0.26291233731333413	-0.45160647126856723	-0.8526011365209364
 0.27419694656933197	-0.5576930525699079	-0.7834503772462638
 0.22420249034700512	-0.6454024059360962	-0.7301979031290762
 0.278954566385793	-0.702979885473496	-0.654219864045861
 0.33070248124064805	-0.7511536999248252	-0.5713177644625841
 0.37864484066161175	-0.7902150442130405	-0.48185917915893767
 0.42157161300441387	-0.8203958335692467	-0.3863004677334439
 0.458424111469695	-0.841756448500879	-0.285120001806972
 0.47358679501329	-0.862942637611825	-0.176197479495556
 0.4682445458898959	-0.8809993281740708	-0.06772908534153578
 0.454977616410393	-0.889523789619095	 0.0417468114614951
 0.43307775324274583	-0.8887886522385176	 0.14999463756499695
 0.4642545111451571	-0.8467527523112022	 0.25976436502102307
 0.4768125125990169	-0.8213555781403278	 0.31308919190348994
 0.543748033580971	-0.752717320062215	 0.371153219109284
 0.5993631945650121	-0.6734738175154981	 0.43266242975549113
 0.6421710794407076	-0.5862298058548387	 0.49391387858345775
 0.6717364650233606	-0.49219008079553966	 0.5536416222832237
 0.68597436785762	-0.394505850026148	 0.611395372028187
 0.6857094009245227	-0.2966229950543879	 0.6646934754371346
 0.6749506175922234	-0.19757031395945915	 0.7109202732049754
 0.656101828105472	-0.0970175818518245	 0.748410301885458
 0.6306960853238481	 0.005260899712866221	 0.7760120945522592
 0.6000273692415863	 0.11052106652444804	 0.7923081786876364
 0.5888731800499742	 0.22413703859305112	 0.7765249292511913
 0.580363703879843	 0.33357154784202	 0.742905104094156
 0.5652100929197591	 0.4350763194578421	 0.7008895398767591
 0.5997094641678137	 0.5186743856110287	 0.6093647842619196
 0.61392392334524	 0.557438992348322	 0.558891032450938
 0.5865325950865697	 0.6422772499927537	 0.49341610132094377
 0.55256530318218	 0.718924991359754	 0.421685241047826
 0.5099274641318271	 0.7877950410077362	 0.34547496969781105
 0.45170439472293117	 0.8503764215290883	 0.2698575207315381
 0.38219311477797	 0.902480239713516	 0.198639975692076
 0.35022883410445904	 0.9333857199945622	 0.07829981782906131
 0.3733247554631132	 0.9272669216636896	-0.028366934038629218
 0.391931600101465	 0.91012379105525	-0.134403518544439
 0.40512230269413685	 0.8820185775562835	-0.24066397467296688
 0.40485444444503715	 0.8444669202804673	-0.3506686461107172
 0.3873151562280669	 0.7996787444309578	-0.4588037439487119
 0.36628592488362305	 0.7650452225072513	-0.5296606732153891
 0.2931356363269451	 0.7327845838718103	-0.6140832617447042
 0.22194428452882994	 0.6908162467219439	-0.6881232795291788
 0.15082293443285702	 0.6398806120609741	-0.7535285294914422
 0.1865879214360131	 0.5452726799998033	-0.8172286412137185
 0.21898475064717918	 0.44422145191847434	-0.8687421830666655
 0.24707936683021206	 0.33873605035294907	-0.9078599422146932
 0.26978163795729004	 0.23008623384521507	-0.9350284449234723
 0.286506086169306	 0.119572888499998	-0.950587495669764
 0.2978724996626022	 0.008542392670968676	-0.9545674420763617
 0.305591372025863	-0.102870360244674	-0.946589458174177
 0.26435783120985196	-0.22965990220773994	-0.9366809843249487
 0.243908428984608	-0.287483147078857	-0.926208463800616
 0.25777065470178395	-0.38792793830460187	-0.8849102803433547
 0.20680733628331804	-0.4889921980805601	-0.8474180526019852
 0.21115542246627206	-0.5427979878774571	-0.8128860510054742
 0.16750161104033295	-0.6293234129878038	-0.7588776266067379
 0.22276776948544894	-0.6922709805323959	-0.6863930436646289
 0.2757821876054381	-0.7452668796040913	-0.6070596866575312
 0.32569490148610214	-0.7889499458443683	-0.5210382079062212
 0.37140771571552295	-0.8235979959848527	-0.4286521313567819
 0.41146855262882187	-0.8493373213014578	-0.33063536538308597
 0.4430413490196471	-0.8665053042862992	-0.22996286809517605
 0.4413701671760682	-0.8884686913258104	-0.12576072543036507
 0.43240215498664414	-0.9015290069427232	-0.016547688774373303
 0.4145498101006383	-0.9052554840750856	 0.09306429765225425
 0.38768589061248987	-0.8998303177799297	 0.20001262316181795
 0.402628042534712	-0.879135506120047	 0.254973373597549
 0.4275000362999939	-0.8288389125572297	 0.36092904565087697
 0.4956919061757621	-0.7617214734470241	 0.41721688729189005
 0.552374010433971	-0.68328998610765	 0.477491096756891
 0.5942255790952669	-0.5976404666942658	 0.5382581478420508
 0.6240123814926802	-0.5045405503083712	 0.5966970595187813
 0.6358199192722761	-0.4082971168634721	 0.6550011409284511
 0.6338161576730912	-0.3117623578440151	 0.7078709702368502
 0.621816523352728	-0.213860501291496	 0.753397569197616
 0.602460069605827	-0.114123339943336	 0.789947927277944
 0.5772235141275242	-0.012382132083924803	 0.8164923132175392
 0.5479802739424429	 0.09185742945315899	 0.8314323977475397
 0.5178236037419601	 0.19689703723862104	 0.8325204334635531
 0.558108878008439	 0.286784268749545	 0.77863294528677
 0.5453168769560182	 0.3903141885321021	 0.7418115245380471
 0.5275932197213983	 0.4881409110804642	 0.6952437309559454
 0.5453022306710402	 0.5300725533007772	 0.6493601200122954
 0.574920178462105	 0.607234664822614	 0.548391147115696
 0.5447135634740529	 0.6877348865698739	 0.4799040107793659
 0.5071357580545379	 0.7601459255298728	 0.4061914509228159
 0.45924704867605487	 0.8251173341791548	 0.32904943871615794
 0.393915590465269	 0.882152081468834	 0.258143783091134
 0.3220088669979722	 0.9283000649280797	 0.18592815555801512
 0.3057328561490881	 0.9438584318562342	 0.12513465261394102
 0.33057820610727684	 0.9436032979483465	 0.01818971544304159
 0.35128726097439317	 0.9321460705506625	-0.08775513337730144
 0.36781637525937616	 0.9096588834358904	-0.19295551268938407
 0.37832030219536783	 0.8759402825007635	-0.2993365504566529
 0.369370596675482	 0.834339594590675	-0.409197755626624
 0.331129103422498	 0.82466340629739	-0.458567097795512
 0.3054790178293211	 0.7690198723480353	-0.5615077965619402
 0.233171818297767	 0.732974828958978	-0.639045227870665
 0.16204214757746904	 0.6869326334572662	-0.7084249427426642
 0.0906357977473163	 0.632124183701827	-0.769548028745449
 0.1260207033424391	 0.5372877163705193	-0.8339308677381055
 0.15762831085645604	 0.4358127332645431	-0.8861267274724473
 0.184866848192292	 0.32972037812296	-0.925801663797328
 0.20676577157259396	 0.22046497445130794	-0.9532277328876738
 0.2226074461487901	 0.10945326360978305	-0.9687445008898274
 0.233668810357507	-0.00230457340106835	-0.97231351734281
 0.24423835036598204	-0.11593720656521003	-0.9627596752795372
 0.22343835145745894	-0.17880025624984996	-0.9581783609865968
 0.17764076766081002	-0.29701066957611405	-0.9382048922398702
 0.191472896170295	-0.399768197277092	-0.896394733629099
 0.15256986584713106	-0.4697289738949562	-0.8695269559473013
 0.167268003581277	-0.576643923959223	-0.799689439681958
 0.10952937595411202	-0.6584038970490582	-0.7446526869311062
 0.163380641823218	-0.723049017737394	-0.671198095815552
 0.2160373024674339	-0.7767444448889397	-0.5916045565043998
 0.266170549299324	-0.820782954516528	-0.505438997566289
 0.31274705008394915	-0.8555539249644893	-0.41257334395431416
 0.3545029643652321	-0.8811217062084932	-0.3129731411870621
 0.3520246052614371	-0.9139047697697512	-0.20213052486605604
 0.380149729162722	-0.914484110305574	-0.138582089088497
 0.37160740265307984	-0.9280306294630626	-0.02582806752012139
 0.35266660052978305	-0.9318597776217372	 0.08522689552912971
 0.32437482387124106	-0.9261261381946492	 0.19253921624221706
 0.35294920649410116	-0.8852173000538305	 0.3030135134290071
 0.3652801157255072	-0.8600982126174386	 0.3560919848969472
 0.437308857766238	-0.799154821499434	 0.412447007739656
 0.501511165412606	-0.727176097328883	 0.468723238638778
 0.5498230841397348	-0.6453271132039707	 0.5303277223669338
 0.5859027426333118	-0.5574023556513708	 0.5882351486345118
 0.6067905219800013	-0.4618837709287752	 0.6468915245911423
 0.6092242219836049	-0.36679245699146795	 0.7030712203202699
 0.6011365612526802	-0.2700107707909281	 0.7521495984059233
 0.5847219412692721	-0.17154927692729802	 0.7928878211853272
 0.562161371573199	-0.070949011669612	 0.823978658737012
 0.534807180343964	 0.0319899853288376	 0.84436835604563
 0.5047846263670598	 0.13705452613057795	 0.8522960388565647
 0.4751069572746419	 0.24509800565645395	 0.8451037491175039
 0.5006160388291311	 0.29701081139330404	 0.8131224751429033
 0.4870605964755471	 0.3980836451900761	 0.7773682440086332
 0.469178955392631	 0.494973563501969	 0.73134962859828
 0.505301169820086	 0.579535507210381	 0.63938198571813
 0.520589594880829	 0.61812355573176	 0.588990444363353
 0.490587592415258	 0.698590048237828	 0.520860594277653
 0.4530187015890521	 0.7711484636062341	 0.4473299711491661
 0.4091296144013499	 0.8325205248669367	 0.37352715335713293
 0.34579843285770206	 0.8868162745454812	 0.30656212915888903
 0.2760339194464151	 0.9322421205730095	 0.2339442325525221
 0.242381194263656	 0.963852109629884	 0.110636645960305
 0.26579516309083	 0.964021636960821	 0.0039006087856114
 0.28601440137153195	 0.9528415078937718	-0.10143383578869297
 0.3028070848547041	 0.9306891938679674	-0.2052449604233661
 0.31607845922738	 0.897631333297215	-0.307168353017543
 0.2995868390315351	 0.8800469885443535	-0.36846305626630715
 0.2701882906380979	 0.8357471684357907	-0.47804284123247875
 0.2570600278684351	 0.8052710324513314	-0.5342833577485322
 0.184254887826089	 0.770846375660765	-0.609791768920226
 0.11283495656487602	 0.7258287361531681	-0.6785579697795151
 0.041764264459406494	 0.6716073670549029	-0.7397292009456878
 0.0784691698725263	 0.580906322347851	-0.81017926043303
 0.111707048179907	 0.48242925314957	-0.868782798570782
 0.14078535666975003	 0.37821829077347907	-0.9149483088523412
 0.165058960198746	 0.270064001070096	-0.948588938889823
 0.183430230242094	 0.159478646442429	-0.970010263843751
 0.1962206669727081	 0.04786717133526452	-0.9793907206836024
 0.2067048440181161	-0.06478830745751653	-0.9762559002004735
 0.15955410803175304	-0.18934013248375503	-0.9688616004575812
 0.13588254900169303	-0.24965063940552606	-0.9587546563752453
 0.15480463109499207	-0.35540963482424914	-0.9218023202756854
 0.11350546368852	-0.469695170388467	-0.875501545759117
 0.08858428668822856	-0.5507802308119167	-0.8299361189264567
 0.0551198312314943	-0.63387134523553	-0.771471919057532
 0.106798638233217	-0.705988966473977	-0.700124010507093
 0.1598921938169721	-0.7653711240410633	-0.6234112036533472
 0.21138173698033094	-0.8144315810316348	-0.5403877876946239
 0.260253659131732	-0.853872004281932	-0.450744532093403
 0.3054136168945071	-0.8840455735121502	-0.35381626102963204
 0.3481251820166871	-0.9045690558830513	-0.24609689308216406
 0.3469646314315321	-0.9337548742413172	-0.08784861618809313
 0.3324638375770019	-0.9427729756123697	 0.025434487582244297
 0.30792329696111814	-0.9417816200511564	 0.13502082551374905
 0.27493613159522085	-0.9310005812990844	 0.24010006489841385
 0.288796485648688	-0.910592111754454	 0.29566635907308
 0.313753430975423	-0.859761132615945	 0.402951088091468
 0.386179972278183	-0.800122045452704	 0.458987735557066
 0.451196358937616	-0.730336448696123	 0.512865008932539
 0.49638921090988436	-0.6516056379260414	 0.5735920535670443
 0.5323285680987611	-0.5661436558032321	 0.6293708418569091
 0.5518841240192383	-0.47391511672669023	 0.6861693492086672
 0.552874168203381	-0.379602223356241	 0.741776452953596
 0.543137900693443	-0.283209555519823	 0.790438845510887
 0.5258340844057942	-0.18475688260483103	 0.8302791157239022
 0.5029696565104499	-0.08384318243072199	 0.8602277869202137
 0.476036625130202	 0.0198768910395915	 0.879200796597255
 0.4467325928822131	 0.12662180193986403	 0.8856618484106882
 0.419339177202398	 0.238694443637707	 0.875887902096896
 0.464358096032948	 0.349392616501416	 0.813815924016574
 0.4486142892321472	 0.44891418675390815	 0.7728009267772733
 0.4286871420594921	 0.5430657842501171	 0.7220158503867281
 0.4470363595855711	 0.5859993346949701	 0.6758426391886891
 0.47819127002323414	 0.6639095358689701	 0.5749410730290672
 0.44488758062336925	 0.7411587413395394	 0.5027511916873744
 0.400220557599746	 0.812872686543825	 0.423156591282202
 0.33553771135434995	 0.8772285651664008	 0.34334310640404997
 0.288047361479579	 0.910479277746095	 0.296742653387749
 0.21555615303147208	 0.9515441275868525	 0.2193155674940761
 0.197878023954955	 0.967605309914754	 0.156793660141139
 0.22191539392704496	 0.9738205776957738	 0.049265001720022884
 0.24332027373324505	 0.9682803051925962	-0.05681984659000181
 0.261817072871199	 0.951490032361186	-0.161612309773935
 0.277185462633995	 0.92351574111788	-0.265116757697191
 0.23666081488221904	 0.8910767020488323	-0.3872647282739041
 0.22229694711403794	 0.8673553081127328	-0.4452851185391729
 0.19607565866828408	 0.8071626817259313	-0.5568148177866692
 0.12375513182764197	 0.7677199115169058	-0.6287215638156509
 0.0526912859361808	 0.718320366303505	-0.693714263757053
-0.01843060642824409	 0.6601172498754156	-0.7509364348356027
 0.0176224760580903	 0.569670434071468	-0.821684273235412
 0.05015813547395891	 0.4714433045557911	-0.8804688364929742
 0.07843817429055024	 0.36695559408863415	-0.9269255875101424
 0.10178586388847304	 0.2582295052880631	-0.9607065943935015
 0.11892051558510502	 0.14725889593368402	-0.9819229748515742
 0.13109777235716896	 0.03550697704427249	-0.9907333792015718
 0.14313864386932698	-0.07729085382324899	-0.9866800152767478
 0.11890262411649205	-0.13970806850539405	-0.9830278844329414
 0.07088904263401642	-0.2616515183025621	-0.9625555706578175
 0.08958068481556034	-0.36796284166153115	-0.9255153418849125
 0.06793416799538333	-0.42756286308233826	-0.9014293909850115
 0.062164554686892116	-0.5802436838081331	-0.8120670141936243
-0.0017038853307932208	-0.6611563290133513	-0.7502462298341583
 0.04758282493819783	-0.7313375433627172	-0.6803537847613452
 0.0994384239075315	-0.79115420760395	-0.603479096275382
 0.15078709881769006	-0.8405567370933054	-0.5203149263255862
 0.20031910166883113	-0.8800214462640855	-0.4306210766112823
 0.24717652644738305	-0.9097317661866382	-0.33360437401860604
 0.292042661773297	-0.928732502171017	-0.22840101382334
 0.2858854118334441	-0.9533001818270624	-0.09740787765531043
 0.269957901603302	-0.962746293423775	 0.0155661768178407
 0.24371294411809205	-0.9617510874018952	 0.12505537473681003
 0.20966690089871207	-0.9503755823150493	 0.22983916813037106
 0.23739068591676707	-0.9092446570804982	 0.34193539713012205
 0.250437882013783	-0.883269749429047	 0.396377871476195
 0.32537142869318497	-0.8289332233397578	 0.45497598248008086
 0.394891971688676	-0.76416203934934	 0.510016380436244
 0.44935725211482114	-0.6930965867280471	 0.5636445523889572
 0.5191708196659728	-0.5249776702336498	 0.6744331736824718
 0.5248682091723335	-0.43464093549522836	 0.7318474022581897
 0.519607775946937	-0.338598614852987	 0.784448046205175
 0.505078912984481	-0.24100849822916	 0.828740125395012
 0.48457645308628	-0.140967081278625	 0.86331566828716
 0.45948839401729	-0.0382088727610261	 0.887361537258486
 0.4316564678332951	 0.06773572721315521	 0.8994912812454542
 0.402942729289225	 0.177865483418801	 0.897775599312627
 0.38102003275192386	 0.29139583187526097	 0.8774464107895408
 0.4038686488207453	 0.34742695816869923	 0.8462769187667536
 0.387666402673019	 0.448663797246228	 0.805242545621601
 0.3676065514358172	 0.5437770439745684	 0.7544348545684686
 0.40448534059653185	 0.6308463385404056	 0.6621363200978116
 0.42040352046417223	 0.6702472509567812	 0.6115795145083002
 0.388593229469909	 0.747152791056346	 0.539219814942718
 0.34733348409934084	 0.8170635875621327	 0.46018099124530376
 0.29118187568695086	 0.8480278984275417	 0.44278866150794377
 0.2366599820471221	 0.9075190421910164	 0.3469888196443171
 0.17001749036093008	 0.9492097022661454	 0.26475459220792913
 0.133771821772341	 0.981001949565897	 0.140500087713917
 0.15612401077664598	 0.9871914286007267	 0.03283864425139929
 0.176914996289155	 0.98146330151756	-0.0736944493314097
 0.19561518691567395	 0.9641637144636708	-0.17922898861390496
 0.21256786334213698	 0.9349681455608958	-0.28398850374720896
 0.1922019442790221	 0.9183489792791475	-0.34596757777617215
 0.16040268230536203	 0.8705639196467813	-0.4651767850167051
 0.14726243988337798	 0.8402376329739488	-0.5218376126094499
 0.07455060330406751	 0.8017229157995043	-0.5930283077804471
 0.003442545796916051	 0.7530579126781892	-0.6579452325469081
-0.06716601970106013	 0.6952963795565643	-0.7155778576598434
-0.03038679074826462	 0.6092991148640025	-0.7923580198205635
 0.0036223850243178	 0.515178786760743	-0.857075081891
 0.0337754959398331	 0.413729378190543	-0.909773168155714
 0.059337750148972884	 0.3066949279428459	-0.9499564477287318
 0.07905094648199304	 0.19638478033143708	-0.9773351349022884
 0.09263545298124072	 0.08496854891983231	-0.9920680513681602
 0.10419535512811803	-0.027178339916931707	-0.9941854282824132
 0.0538251453357226	-0.152064648732967	-0.986903843510252
 0.02943239906531592	-0.21337586850384813	-0.9765267393294916
 0.047868287405734976	-0.3214422420870978	-0.9457185162948125
 0.006472271785649112	-0.43632716094797913	-0.8997648127799892
 0.0364951323254826	-0.52489324397465	-0.850385317221737
-0.0556244334155499	-0.635095573210348	-0.770428150638214
-0.0075376895961202965	-0.7090492871924288	-0.7051186365197428
 0.043132532996299926	-0.7740243024269255	-0.6316850194913874
 0.09477095374457813	-0.8286524142333832	-0.5516825561058901
 0.14545213302621	-0.873131613115352	-0.465279338867211
 0.19440229084801405	-0.9075741523692562	-0.37217859592441704
 0.24107665856541305	-0.9319262574256082	-0.27091603019318405
 0.25618363653927095	-0.9519519673789147	-0.16780165724130497
 0.2486052858735	-0.967490477073155	-0.0464498504681581
 0.2260695588423481	-0.9719094364802584	 0.06545687011653403
 0.194574271098764	-0.965660782840006	 0.172163020161739
 0.15847444761825602	-0.9481931412352252	 0.27534635709695704
 0.17269240392848592	-0.9273170139628606	 0.3320549491280088
 0.20034284135548294	-0.8741837866247768	 0.4423408788705589
 0.27616470288296413	-0.8198661043889344	 0.5015502245594923
 0.3494155425166392	-0.7544066392153835	 0.5556792252330053
 0.4378892206933819	-0.6600084579973048	 0.6104439906924819
 0.479513495887418	-0.565198420715533	 0.671280531881042
 0.467387189784069	-0.450445518920866	 0.760689193632894
 0.4592336856865033	-0.3534053686420823	 0.8149902253068706
 0.443467216422378	-0.255020955030606	 0.859244517267271
 0.42248104220707783	-0.15399252300567695	 0.8931943079946085
 0.39766599393959384	-0.04994174506359548	 0.9161700602857735
 0.37082680560788195	 0.05760828687918038	 0.9269135696091088
 0.34463076453211394	 0.16985780721798696	 0.9232431756937648
 0.322030065443363	 0.283741716612907	 0.903209430422482
 0.36557441955768993	 0.3970014461056219	 0.8418700585928348
 0.34719261565907494	 0.4960063484134649	 0.7958862921079558
 0.32499115772100395	 0.5884010792865418	 0.7403816024845529
 0.3434939411993929	 0.6321286533087588	 0.6945684113356748
 0.37577549996187526	 0.7114226689242584	 0.5938607242183035
 0.34159506074062024	 0.7843835483164485	 0.5177405369566014
 0.223828797500051	 0.859249870144574	 0.45998948908232
 0.24680120523422	 0.881886712550588	 0.401702615527523
 0.1864816622274031	 0.9258739904385455	 0.3286060612379342
 0.10812609744460303	 0.9624527604672652	 0.24898480058096206
 0.08985032592224461	 0.9783393851153003	 0.18649119674634201
 0.11221436519138006	 0.9906026824964325	 0.07819374447849455
 0.133435494397599	 0.990632612754017	-0.0290171567011333
 0.15325029278125302	 0.9788782977977772	-0.13532045618821503
 0.17143655398241908	 0.9553037865249024	-0.2408405767511301
 0.13006114612715894	 0.9222220065964346	-0.36413001636412184
 0.11372754796645705	 0.8983981707774724	-0.42420133377587216
 0.08636449447456948	 0.8379214377463938	-0.5389144999526069
 0.014348530333324908	 0.7945781058791553	-0.6069923832592692
-0.0563129251380864	 0.741537582235406	-0.668543841939226
-0.12680478861918903	 0.6797121917667671	-0.7224346904370391
-0.0912558052841567	 0.594156326895766	-0.79915620326171
-0.058388182596259816	 0.5010488419908681	-0.8634470904883033
-0.028535060307701008	 0.40037957260696005	-0.9159049886163432
-0.003680590277879201	 0.29311902627690106	-0.9560688728798192
 0.014390087684314493	 0.18260652046732692	-0.9830807617175985
 0.026778112358351595	 0.07144364758393879	-0.9970851206985418
 0.0388797696002101	-0.0404162808859251	-0.99842620546297
 0.013289118005827797	-0.10291376091419097	-0.9946015067136807
-0.03602518779181361	-0.22565317085696507	-0.9735413870641362
-0.016834964548824695	-0.33301810512416197	-0.9427701340348837
-0.03833050001350869	-0.3906087479570319	-0.9197584350187578
-0.014872953235646103	-0.4905239843619341	-0.8713007609475292
-0.044529003733957	-0.585214235619195	-0.809655152676189
-0.117047083074299	-0.652159606610072	-0.748991206790837
-0.068629452187283	-0.72808860914771	-0.682038837253295
-0.018012853474925497	-0.7935834288859728	-0.6081947702071049
 0.03343612176295768	-0.8486442721588985	-0.5279061707286117
 0.0844229101192856	-0.893308015928693	-0.441444856040404
 0.13463803715128297	-0.9275141967805668	-0.34869759638195097
 0.18462964982272298	-0.9509311879486608	-0.24827760308349894
 0.180276426654085	-0.966769916933893	-0.181263172499182
 0.185616000944988	-0.980904929939981	-0.058070806888067
 0.1615311733546141	-0.9854265688900754	 0.05331188760694112
 0.12853810748219094	-0.9788480237383526	 0.15916815431617692
 0.09278067676623392	-0.9605167298930303	 0.26229631643315005
 0.12234707475098608	-0.9180636771710776	 0.3770812617447283
 0.136739283801271	-0.891050255162185	 0.432818450439582
 0.21370177791696493	-0.8420179990206257	 0.4953152929603828
 0.288247031438657	-0.782845533022508	 0.551422270400378
 0.3575903079945279	-0.7120427931024897	 0.6042551054142478
 0.4327713694321599	-0.6144823946741459	 0.6596365123576319
 0.43822586081512677	-0.5049187723927108	 0.7436498693594177
 0.4340678899633292	-0.40871849514830716	 0.8028289099344184
 0.42083402323373587	-0.31154394015502496	 0.8519619112622288
 0.40200579898078415	-0.21162892532926908	 0.8908448437016404
 0.37892875829696115	-0.10865248023350804	 0.9190253721604374
 0.3533269689737509	-0.002202366752042829	 0.9354973022817925
 0.32715736191188916	 0.10838125687342404	 0.9387340218109654
 0.303357670148252	 0.222686159592974	 0.926490689801013
 0.28220647763854795	 0.33479411389076097	 0.8990397128508528
 0.3038830449844531	 0.39166169989111016	 0.8684792500741644
 0.2846986652416962	 0.4923233699812383	 0.8225353301712416
 0.26205697843569	 0.586022588189945	 0.766748763405794
 0.29873903778222377	 0.6734859135914426	 0.6761447415301336
 0.31521643059641	 0.712887900836494	 0.626441890938813
 0.282780633788414	 0.785220771854495	 0.550875169709485
 0.234298382731037	 0.819470360536391	 0.523041677165384
 0.15451791550059	 0.879308181345372	 0.450490106449017
 0.12642766654376603	 0.9259381258279752	 0.3558857011323651
 0.0605124880975635	 0.953204831431056	 0.296207339748249
 0.025148834159272607	 0.9851499300186283	 0.16984449218247102
 0.04579528747809719	 0.9970379709988327	 0.061790582060128586
 0.06645479958534099	 0.9967489227649288	-0.04555594998489539
 0.08654898003652153	 0.9845387641079693	-0.15229148375201504
 0.10629604611926603	 0.9601351850723472	-0.25853738020932404
 0.08568020097374798	 0.9435310016754158	-0.32001273730663393
 0.0522590777076166	 0.896477115469484	-0.43999746617073
 0.03838161116136059	 0.8664946184622657	-0.4977086779438258
-0.03433125995736422	 0.8238291722177645	-0.5657975429362814
-0.10512843549532701	 0.7713206575304031	-0.6277041144657022
-0.175094458123934	 0.70980144755145	-0.682293071772059
-0.13875688596476005	 0.6292986302323034	-0.7646762456001294
-0.105520250150469	 0.54021754249743	-0.834883514980515
-0.07421125664679593	 0.4442589855635452	-0.8928194907891255
-0.04668537492086961	 0.3402042924976541	-0.9391919479715892
-0.02562578536855671	 0.23077151048620712	-0.9726704627324504
-0.012039695614583405	 0.12002974174382705	-0.9926972886164335
-4.25633301034474E-4	 0.00875576995110173	-0.999961576926262
-0.0525088488598591	-0.115931464203572	-0.991868295893678
-0.07745509516640049	-0.17725992611049896	-0.9811114242674298
-0.0594797847813836	-0.285522313037713	-0.956524523449323
-0.10336005847236304	-0.40102577573277814	-0.9102170211056885
-0.07799650582111703	-0.49977251497112724	-0.8626378025330973
-0.09601054197622803	-0.5511731938128317	-0.8288486509922024
-0.169025326021688	-0.616215778394499	-0.769225944453854
-0.12368114296701603	-0.6989302110519421	-0.7044143205197211
-0.07403774923412791	-0.7701502687508712	-0.6335510833636901
-0.022955827486864897	-0.8307739615653398	-0.5561363634662139
 0.0283629353184849	-0.880805886176754	-0.472627268337855
 0.0792188752843795	-0.920278154119889	-0.383161178681202
 0.130238088489716	-0.948918446670417	-0.287387929243989
 0.17013204583016192	-0.9779708006442576	-0.12094709615725995
 0.14358867998285094	-0.9895991056625085	-0.008712121024509186
 0.112704168211961	-0.988628701994171	 0.0995543070940213
 0.07766944673922122	-0.9759792544307522	 0.20354840201784105
 0.042472621929871	-0.951061691347402	 0.30606818788927
 0.057785554132186244	-0.9295427759167426	 0.3641580116853572
 0.08763261286296511	-0.8746979557584542	 0.47668019819874113
 0.164683369385035	-0.825580412748404	 0.539718787827668
 0.240220128215573	-0.766227921569002	 0.595977400752865
 0.322056491726851	-0.695707336728723	 0.642083263882824
 0.3810038625498129	-0.6123368293816429	 0.6927334726321229
 0.3787293055499892	-0.5175810443780712	 0.7672509208975433
 0.37135798014577676	-0.4225692648658547	 0.8267578043011025
 0.35703370025041603	-0.32561148502566406	 0.8755021974300682
 0.337910432799725	-0.225237388878056	 0.91382966577831
 0.31515761444313106	-0.12131450468010203	 0.9412536687911163
 0.2905536605573841	-0.013577522944664303	 0.9567623640211772
 0.26632242447553306	 0.09840807469508812	 0.9588473377218503
 0.24349222843181906	 0.21294766859005707	 0.9462371928514363
 0.22137866480463805	 0.3257360469820201	 0.9191776294415802
 0.2634205996400018	 0.4398676007673957	 0.8585604704855895
 0.24223187066160312	 0.5378495548455062	 0.8074909146165493
 0.21744008251002894	 0.6284423517921629	 0.7468467185386619
 0.23551521642415812	 0.6721648854190173	 0.7019451186825943
 0.268366762466856	 0.750509903487583	 0.603915694091582
 0.17418434821513	 0.820452074680269	 0.544534852869596
 0.13031886377932902	 0.8507349983526472	 0.5091826355259831
 0.11183681233127203	 0.9030283885080492	 0.4147677144573041
 0.0196113217579323	 0.941421093936087	 0.336662620365089
-0.017570677404690805	 0.9762866695765432	 0.21576749083836003
 0.0022361456023693507	 0.9941748126008605	 0.10775639954494204
 0.022551364837746498	 0.9997456619383278	 2.1766821018162294E-4
 0.04304583968506661	 0.9933350093524452	-0.10692340660765103
 0.063346985000148	 0.974858978280949	-0.213628490507271
 0.0224635515313413	 0.941765112000844	-0.33552028652622
 0.005703530625790489	 0.9185203216845448	-0.3953326300609669
-0.022316013739511295	 0.8594079641374238	-0.5108032367829579
-0.0942601120002339	 0.811970896251365	-0.576036713175869
-0.16453495212484198	 0.7550263293451628	-0.6347152838279899
-0.2342367094266279	 0.6891521058713347	-0.6857131608260777
-0.19900385598396605	 0.6098375076388352	-0.7671347206197662
-0.1679781772319581	 0.5217831970846324	-0.8363764865262345
-0.137268232880374	 0.427826727545683	-0.893376585455121
-0.10917353455377	 0.325024332813875	-0.939382947701273
-0.08992554639647202	 0.21562682118978904	-0.9723263187268372
-0.0782543911004504	 0.105645561511526	-0.991319961267003
-0.06657459206565787	-0.005038668380891688	-0.9977687284697986
-0.0928994860897376	-0.067193311809811	-0.993405629303706
-0.14315484456563804	-0.18940425022778007	-0.9714075974960462
-0.12478302952386405	-0.2969372236797292	-0.9467087623637065
-0.14692851139316498	-0.35500356364202096	-0.9232467071922078
-0.12393069958927798	-0.4564294586502169	-0.8810864492066498
-0.1580519565125771	-0.5644598784670364	-0.8101880180819295
-0.22800146344004	-0.626974268341452	-0.744928586850378
-0.18358152191455007	-0.7109818743581233	-0.6788244243880354
-0.13459414608864104	-0.7833144632157772	-0.6068796153733031
-0.08394566932757333	-0.8445505129954611	-0.5288549475992911
-0.0328209295038868	-0.894879548280992	-0.445099293028992
 0.018351648086167398	-0.9343290784198338	-0.35593874505547396
 0.0704975829756048	-0.962575125001033	-0.26168534449572
 0.12330080727176997	-0.9791626696018128	-0.16136101568960598
 0.0804050669595362	-0.99649910164043	-0.022903397936739
 0.04667965545785772	-0.9954294861781484	 0.08331355119932835
 0.011675425174511997	-0.9822957370365067	 0.18697264357894894
-0.022623102872966896	-0.9569011299141748	 0.28953138480201895
 0.008896388271140296	-0.9133516861031226	 0.4070743811250128
 0.024307868906722516	-0.8855436354462826	 0.46391981767304935
 0.10208766847692098	-0.8414674744445289	 0.5305757225852809
 0.17841050750243903	-0.7872547229584282	 0.5902539216238811
 0.2542412234459581	-0.7231804362731613	 0.6421615504625473
 0.3282466183967219	-0.6539702252033699	 0.6815989304998729
 0.3765809769334581	-0.5512034490135231	 0.7445545820203101
 0.34482420136770503	-0.4770707928643581	 0.8083933007805653
 0.332610798371427	-0.381840162466384	 0.862303976063179
 0.31557206314126895	-0.28301323466630496	 0.9057139625557717
 0.29454842998264125	-0.1804679221128441	 0.9384415546442056
 0.271023527849726	-0.0740953167571914	 0.959716693293672
 0.24703397359943705	 0.036338560770458404	 0.9683252164891732
 0.2243666763890189	 0.15029238010593093	 0.9628456755930516
 0.20199897651982407	 0.2646012081437941	 0.9429648000502394
 0.180114558364356	 0.375348676356121	 0.909215110423777
 0.20079299010753002	 0.43255274024417406	 0.8789654726045463
 0.17872869475002703	 0.5320020045665811	 0.8276653434873852
 0.15336178535113898	 0.6236735077682829	 0.7664929996431258
 0.188818364593323	 0.710981276087209	 0.677387075641178
 0.205143943116897	 0.750148842298568	 0.628643521401891
 0.157582031978533	 0.785238148279134	 0.598806273918931
 0.06662769106104022	 0.8465322056843543	 0.5281514702460431
 0.04532706554109688	 0.9000100177402246	 0.4335059689285418
 4.8336611552625023E-4	 0.9200667459021125	 0.3917613424551942
 3.03244683726357E-4	 0.959665243658168	 0.281145030468566
-0.08285011116195551	 0.9763289959788042	 0.19979377040206206
-0.06487612253222981	 0.9935152902248572	 0.09337267702385381
-0.0449341578921336	 0.998892327896707	-0.0139656265030443
-0.02407719059594012	 0.9923076631390007	-0.12143224682357909
-0.00238895676802971	 0.973491470997643	-0.228710840976999
-0.02267517069434041	 0.9569930672265584	-0.2892232803808961
-0.0562966601068494	 0.911156517749034	-0.408196626914369
-0.0702342414765139	 0.882039965892155	-0.465910559971745
-0.14292651733421796	 0.8350339950308158	-0.5313099263006359
-0.21337751715791006	 0.7783244165563032	-0.5904922842542621
-0.282473214616841	 0.712455000357505	-0.642352516527814
-0.24567571908277605	 0.6397745905249661	-0.7282389129755241
-0.21394691261526813	 0.5560779043552363	-0.8031214620904386
-0.18455101833067508	 0.46598913980811424	-0.8653294420126963
-0.15372782277938696	 0.3694434143594748	-0.9164493003379526
-0.12968645924072394	 0.2626856562615459	-0.9561263871915916
-0.11687514125358495	 0.15325059866318194	-0.9812514740709085
-0.10583812230186304	 0.04337038826640912	-0.9934371149142944
-0.158941604712906	-0.0800148086504883	-0.984040241396617
-0.184162508529084	-0.14071640217218	-0.972770818133435
-0.166926934449748	-0.249185229423869	-0.953961278036055
-0.21102592987860494	-0.3658572874729569	-0.9064306383401878
-0.18742816599553008	-0.4678340641044602	-0.8637140563028113
-0.20453840674201595	-0.5226355192153269	-0.8276570269271948
-0.27634018841083485	-0.5852460608403056	-0.7623143370945934
-0.23582341958722805	-0.6749739056599762	-0.6991405734559423
-0.18912144437936	-0.753592357244396	-0.629548757745339
-0.139460058020908	-0.820684352751053	-0.55410115084377
-0.08872552841009214	-0.8766260746270754	-0.4729212470298572
-0.0377005668263029	-0.921549767924417	-0.386425532928957
 0.013887425124688003	-0.9553574122415542	-0.29512599732745903
 0.0668363214340865	-0.977598425136092	-0.19958513298488
 0.06651620102647529	-0.9940025884303257	-0.08680120503090989
 0.0310874327981036	-0.999281855637752	 0.0216643604843278
-0.0036925132308298116	-0.9920261523953814	 0.12597808662484006
-0.03830174887064548	-0.9726521301208195	 0.22908690448142688
-0.07118838239143832	-0.9409139461933772	 0.33107878227288606
-0.054979570361426616	-0.9189240865558392	 0.39058388342376504
-0.0233193906732027	-0.862614638734907	 0.505323847704496
 0.054136095504899014	-0.8181533910928882	 0.5724459029521412
 0.130591656816994	-0.763800789281019	 0.632102976945596
 0.2072985364952129	-0.7001457331624267	 0.6832446626951366
 0.284917205173852	-0.626954923369167	 0.725086001974306
 0.29485117514559905	-0.5832459947522651	 0.7568929211722752
 0.280956442685312	-0.492841396520256	 0.823511284190799
 0.267500962006692	-0.397512796681289	 0.877739603641145
 0.25024724039743396	-0.29795370697998297	 0.9211948258486667
 0.229515764975428	-0.194330375431748	 0.953707617046388
 0.20680329613920692	-0.08672162798299156	 0.9745315571832136
 0.18418111409925106	 0.024742499560413803	 0.9825808495613282
 0.16274930769285192	 0.13884382675217194	 0.9768495557752536
 0.14104034233751397	 0.2532303300636489	 0.9570694968335228
 0.118409591076819	 0.364782425532645	 0.923532863932595
 0.15853022773397607	 0.47927102547587824	 0.8632308214110024
 0.13450117567171194	 0.5755192583358598	 0.8066517321790546
 0.10700391280670701	 0.6633775375640403	 0.7405946295373232
 0.124464523190857	 0.706862358372395	 0.696314719636953
 0.0941010778328448	 0.78140287838822	 0.616891018574028
 0.0476438151562404	 0.812249108301055	 0.581361722975893
 0.022535429267480898	 0.8718926527168938	 0.4891782462109579
-0.06621518818477037	 0.9119788810389765	 0.40485808549731583
-0.08063992218424877	 0.9503483360267168	 0.30055821925438897
-0.12444955253706105	 0.9604580783715574	 0.24906342277448312
-0.10803975603007704	 0.9840199902931674	 0.14153469475855104
-0.08892102595196051	 0.9954597547002482	 0.03395479223574341
-0.06824643637808189	 0.9949248918255198	-0.07393837669079889
-0.046556238224868395	 0.9822423544874598	-0.18174838027691098
-0.08649854792806635	 0.9494192724772167	-0.3018626281194292
-0.10321278284968703	 0.9267771785860223	-0.3611525753868521
-0.13106474368258297	 0.8694945297206708	-0.4762365963985219
-0.20280436525571405	 0.8176322836903802	-0.5388393434971881
-0.27252370824169997	 0.7562848449385928	-0.5947806837502388
-0.34071534193323794	 0.6855732086571948	-0.6433524938498298
-0.306018102225604	 0.614001275703908	-0.727568109900519
-0.27557547698048496	 0.5327174143796489	-0.8001689277294137
-0.24866594496380595	 0.4446386079869409	-0.8605008751318578
-0.21728617540556794	 0.3510523114734829	-0.9107958018056218
-0.19305859290937694	 0.24645026486059293	-0.9497318814560218
-0.18323175699379607	 0.13873312300858603	-0.9732313413619862
-0.17225664252907502	 0.02979902321052281	-0.9846012732676662
-0.198943136157627	-0.0311406302391291	-0.979516150823496
-0.24919945834198012	-0.15121880189504308	-0.9565733134033645
-0.231479634303533	-0.259829391980908	-0.937499795181596
-0.2532692253086519	-0.3181887719641809	-0.9135702517636408
-0.2309969087704681	-0.42269462205828817	-0.8763387955702344
-0.264299982279731	-0.532800483991207	-0.803908678660499
-0.333473216578379	-0.592014858353485	-0.733698862826959
-0.2932095561490109	-0.6818962903144077	-0.6701086519649997
-0.24748454026652394	-0.7611903572870938	-0.5994502834282539
-0.198707482164286	-0.828850279704157	-0.522993833965823
-0.1486331675214031	-0.8850198989650645	-0.44118925638372225
-0.0979933724763521	-0.929872775149182	-0.35458979255905
-0.0465070320613577	-0.963366590957888	-0.26412479511591
 0.00645321642005942	-0.985169493195005	-0.17146260722307
 0.00414271023868578	-0.994377298523127	-0.105814111222117
-0.03360141922260151	-0.9994353128295572	 9.773036242743472E-6
-0.06865737948410043	-0.9921423765073475	 0.10459287251399604
-0.10283211101037797	-0.9726489257049508	 0.20827775750222294
-0.13497062636096502	-0.9408881315621582	 0.3106645359631511
-0.101953875996664	-0.896553112022368	 0.43104283370944
-0.0857458041804774	-0.868054439105364	 0.489008331028128
-0.008012345096767386	-0.8284328529334827	 0.5600310799469448
 0.0688077683468237	-0.778760421881079	 0.623536443463198
 0.14499033511139503	-0.7197773293756491	 0.6788949836617911
 0.220977780630087	-0.653146178363696	 0.724271282156555
 0.2558877076719581	-0.5475469108717073	 0.7966893130055414
 0.24212735947378988	-0.45425341061274876	 0.8573378451584507
 0.226626685226369	-0.356293444817869	 0.906474118065775
 0.20755260711351395	-0.2540620575507259	 0.9446556971688018
 0.18586035312016	-0.147777412995366	 0.971399899807719
 0.16341073832245412	-0.03763721783931913	 0.9858399314463917
 0.14197024073884099	 0.07558067372274059	 0.9869812624888947
 0.12118841099667697	 0.19004213697780395	 0.9742675993858207
 0.09912632601934661	 0.30358016861264103	 0.9476355062549242
 0.07597302338700448	 0.4128206031745269	 0.9076382810966368
 0.09549034851087253	 0.4700830656730141	 0.8774414537214053
 0.0704937668888795	 0.567432894476718	 0.820396574283188
 0.0421878431458928	 0.655808044342903	 0.753747965082384
 0.07685999412096449	 0.7423221081649208	 0.6656203339992799
-0.0173659526263594	 0.804440478868822	 0.59377936950241
-0.04335923767111761	 0.8638514482491212	 0.5018771282559861
-0.0882608675643212	 0.884632551020677	 0.457859442330769
-0.109995781847091	 0.927556854357249	 0.357126322063682
-0.185882191533806	 0.950915587331275	 0.247401205819628
-0.17484543878307007	 0.9753901357397644	 0.13432481393368806
-0.15606861225855204	 0.9874393828949772	 0.024618151345629908
-0.13503305330874396	 0.9872132822173628	-0.08471133293568028
-0.11225762442547103	 0.9746257284009362	-0.19365669442932906
-0.13196770822750506	 0.9582938866587074	-0.2534903366555191
-0.1652982179089041	 0.9135445822459904	-0.37163529892239716
-0.17915927869926299	 0.8853175368802548	-0.42908601905473287
-0.2516309366389271	 0.8334087467092334	-0.49204850638403624
-0.32167127880034807	 0.7716836209692243	-0.5486638110198041
-0.3894090321472579	 0.7003001641282699	-0.5982811093491539
-0.3508702172833021	 0.6367374716836353	-0.6866261594037182
-0.31986876011951304	 0.5630145356781611	-0.7620358317787362
-0.2946075279725651	 0.4773417571162342	-0.8278594393827253
-0.265242494133139	 0.387676591313511	-0.88280987752379
-0.23348108933513512	 0.29183574760188413	-0.9275335451316724
-0.2213773711988789	 0.18569293295080092	-0.9573453891742536
-0.21122713924039996	 0.07805984461324449	-0.9743150190299198
-0.26446650666256816	-0.041500232789935025	-0.9635015295950906
-0.28935167021446606	-0.10088808049490303	-0.9518913835927673
-0.27261299192171307	-0.21042108777738802	-0.9388317860266943
-0.315347536606359	-0.326838602814037	-0.890916639684583
-0.29221383469589907	-0.4321029364479021	-0.8531694597941363
-0.3087023192418641	-0.48729590198692124	-0.8168510157926273
-0.3792454727164689	-0.5463432572503759	-0.7467810366373209
-0.342218919433476	-0.640511321896066	-0.687481969003361
-0.299255874947708	-0.725470047869758	-0.619789586031528
-0.2521937247931901	-0.7992060421929562	-0.5455896143597381
-0.20304640187259104	-0.8612314401271522	-0.4658890052610231
-0.15290876553460092	-0.9117459458983257	-0.38123252689225284
-0.102062229190227	-0.950850435028827	-0.292346971214364
-0.04975442720351391	-0.9784526149613803	-0.20038706856702906
-0.046047715470818124	-0.9967471292891804	-0.06614203016007773
-0.08283354309951595	-0.9957577932429574	 0.04006271750014332
-0.11775376942061906	-0.9824142912848134	 0.14490069035927206
-0.15091239067100498	-0.9568134072640058	 0.24846237948994596
-0.18144888092036401	-0.9189877832953293	 0.35005393551092207
-0.16455081399468105	-0.8967456042217012	 0.41081668773644503
-0.131537562603023	-0.839224561784516	 0.527636242616107
-0.054286466835426934	-0.7988092774710486	 0.5991299673232074
 0.022550784890204602	-0.7484333052497181	 0.6628265607938612
 0.09908966679982995	-0.6888956191344577	 0.7180557526201228
 0.1754033679029951	-0.6213251323429565	 0.7636679503863536
 0.19343456363692796	-0.5667621560444359	 0.8008518764830699
 0.17744717442912303	-0.4719375107174481	 0.8635898831418413
 0.16131847199902	-0.372556024519189	 0.913880932718458
 0.142261995732919	-0.268926065336063	 0.952596607149611
 0.12100682832935405	-0.16132726248881507	 0.9794543694708474
 0.09930229250350936	-0.05026858865675938	 0.9937867596713116
 0.0786463933414588	 0.0630571921508621	 0.994906294749626
 0.058917270149183784	 0.17713051576243893	 0.9824222797065938
 0.037745382137720204	 0.29063839214291803	 0.9560881816756532
 0.014088308340759097	 0.4005936607946789	 0.9161474982224278
 0.051696173628139	 0.51484744391735	 0.85572169256364
 0.024536684087402894	 0.6081463944899069	 0.7934455961204407
-0.00550359448390932	 0.691825560386349	 0.722043699815926
 0.011861363720132603	 0.7348084400569581	 0.6781709699417681
-0.03569025551659529	 0.7661296567687578	 0.6416942844381159
-0.06370315537688251	 0.8306972875314073	 0.5530677395066461
-0.154404376903306	 0.873126245750427	 0.462395769200873
-0.174818223613405	 0.916757842820319	 0.359156854758598
-0.21434741320786085	 0.9282648513741574	 0.3039400469737608
-0.214386515457973	 0.95853200843426	 0.187762644838563
-0.19877866053405707	 0.9771040176249215	 0.07586028511364352
-0.17882103142586606	 0.9832761839346782	-0.03451064801834751
-0.15665293232429392	 0.9770481142281385	-0.14434971866075294
-0.19535154730705703	 0.9446183242575062	-0.2636929927807701
-0.211927702656556	 0.922457515510477	-0.322736395414203
-0.23983397743709006	 0.8667257225151652	-0.4373398966447841
-0.31130960989997497	 0.8096010735946397	-0.4976267963226379
-0.3804868721153439	 0.7425084597120709	-0.5512811690996618
-0.4462688854267029	 0.6647208613795489	-0.5991579577597539
-0.4067601071355041	 0.6018765264633511	-0.6872342119943711
-0.37514383095849213	 0.5243485967216001	-0.7644119669457532
-0.35865196518973824	 0.45165242871392336	-0.8169325868774936
-0.328034728461345	 0.36024395409555	-0.873279743530614
-0.3039736591124049	 0.29394831524605297	-0.9061977723046017
-0.287316809089272	 0.177989056879293	-0.941152988013096
-0.277198210913874	 0.0681501705036893	-0.958392772367606
-0.3035824697957881	 0.008987098626338483	-0.9527627805970225
-0.35275262830621795	-0.10834206277904797	-0.9294232516221208
-0.33537499428988304	-0.21837940019017305	-0.9164246017963732
-0.3562540235836921	-0.27639341460514505	-0.8925747873670522
-0.3343577349962081	-0.3838418649948651	-0.8607382457666612
-0.3666586425712831	-0.4941093361062071	-0.7883003258913871
-0.43463329305188686	-0.5493178985380188	-0.7136832258899236
-0.397308455162345	-0.643170568980852	-0.65458201216758
-0.35479152852467505	-0.7282216838384151	-0.5863583805785231
-0.308712708240453	-0.802199280541065	-0.511050660962534
-0.26036056385611506	-0.8643696866468062	-0.4302062547135131
-0.210611689069944	-0.91485192825815	-0.344512214281947
-0.159608466932597	-0.953757935962784	-0.254697736290365
-0.106230219608531	-0.981110292210719	-0.161671688802094
-0.10436458670081007	-0.9901080186095836	-0.09377710023120547
-0.14450738973928298	-0.9894022751461787	 0.014168706585440796
-0.180214619112618	-0.976241423787759	 0.120313646520016
-0.213429678185666	-0.950775525025872	 0.224663467171101
-0.24361052583422493	-0.9132469180037228	 0.3265485851438869
-0.209338655573378	-0.868807725896858	 0.448720918505769
-0.192639287554561	-0.839818343023156	 0.507538427719825
-0.115563989420231	-0.804215837192845	 0.58299386922805
-0.03851499279428051	-0.7583088729134703	 0.6507566738733911
 0.038365012849487685	-0.7027827386836617	 0.7103693039520717
 0.11529539380014503	-0.6385823997336592	 0.7608675909242493
 0.153537938099717	-0.528922528105647	 0.834665837821591
 0.137359821903658	-0.431056996210996	 0.891808356848123
 0.11958938055501897	-0.32884774938119293	 0.9367804106541677
 0.0993183991137519	-0.222560266951349	 0.969846783348806
 0.07781424387514323	-0.11266334370215306	 0.9905816041275904
 0.0567713881490913	-1.52638499563437E-4	 0.998387192520574
 0.037054468506162695	 0.11350119906899198	 0.9928466367841647
 0.017669695252691006	 0.2272028136793601	 0.9736871485882205
-0.004534704016895669	 0.3394859816501519	 0.9406001832460548
-0.029368886643931807	 0.44663033838252914	 0.8942364392785632
-0.0113338086621354	 0.503543921107476	 0.863895285492934
-0.039768123223228494	 0.5971409298985819	 0.8011499274262958
-0.07056116856614937	 0.6806424426884168	 0.7292098372222667
-0.100923220903636	 0.754773703222188	 0.648175254392437
-0.12920515597564505	 0.8191800860400563	 0.5587933556375873
-0.17479649158123908	 0.8406168090635784	 0.5126495555939332
-0.19801215585071102	 0.8893215210489333	 0.41218735829057807
-0.2752136879873432	 0.9131643864871446	 0.3006463523742842
-0.27576822683836905	 0.9434018019707112	 0.18424148584083005
-0.26321339099446306	 0.9622300068228762	 0.06951348625154431
-0.243752134460541	 0.968902346930749	-0.0425809706091448
-0.22114196182457893	 0.9630547610515208	-0.15369372120023297
-0.240210947817283	 0.946976799985934	-0.21338613084529
-0.2732254742894419	 0.9031001448417716	-0.33129740202132685
-0.28726350873347295	 0.8754805163147138	-0.38860460895807186
-0.3592169215458669	 0.8178021061168006	-0.4496253090141118
-0.4285757788843279	 0.7494381424955638	-0.5046437082997179
-0.493784809952114	 0.66920317961665	-0.555287012140137
-0.4521034856865348	 0.6178684825509168	-0.6433047306683767
-0.43666418483417213	 0.5221993440381821	-0.7325518649005001
-0.4194776583897721	 0.47878180294754213	-0.7712369799731691
-0.3753712547079622	 0.39423907696384114	-0.8388515788467403
-0.3879483482544771	 0.33516207578329205	-0.8585816571784293
-0.32162723657898507	 0.22844639770977807	-0.9188950778320623
-0.314761312352853	 0.11838307115408	-0.94175939852493
-0.3675107958704008	 0.0016740177143608293	-0.9300177485313905
-0.39176590385074883	-0.056118050382860475	-0.9183519156626355
-0.375284614055822	-0.166557903138343	-0.9118223090905
-0.4157941495859359	-0.28209933862581293	-0.8646011729791878
-0.3931408256583169	-0.39033084560846587	-0.8325155386941898
-0.409050092245322	-0.445538007087167	-0.796350366531522
-0.4782401985544539	-0.5005974803460209	-0.7215874688198319
-0.4437946320433459	-0.5974603172870889	-0.6678978169126789
-0.40364224441347113	-0.6871895471152432	-0.6040227353836961
-0.35950542302612404	-0.7669093341733862	-0.5316069261893991
-0.31263091216350897	-0.8349741096833018	-0.4528577579311079
-0.2637564437498359	-0.8912335011940298	-0.36896528932932293
-0.213478052876236	-0.935788427004342	-0.280583571908461
-0.16103218606162809	-0.9687545741315334	-0.18863512438420507
-0.15483294775675202	-0.9865136213396493	-0.053081382803071515
-0.19311439705685998	-0.9796594265064498	 0.05453657219169309
-0.22792656123637794	-0.9604006636272637	 0.16024995471846898
-0.2597459722352831	-0.9289897896632004	 0.2636474930832271
-0.2880878534096771	-0.8857691839822742	 0.36389331049798207
-0.27048217546230285	-0.8637894439989504	 0.4250966821714377
-0.2368609154023309	-0.8057281478775427	 0.5428619147376198
-0.16036623063424096	-0.7693428006580828	 0.6183804065037499
-0.08322113161030283	-0.7226117946019462	 0.6862262291370502
-0.005717327828034719	-0.6662111384695409	 0.7457412628664349
 0.072238279531687	-0.601047957885795	 0.795941570274865
 0.0913610400395008	-0.545719144150742	 0.832972854341774
 0.07315712342945549	-0.44668271947285487	 0.8916964637228648
 0.0547941838566442	-0.343301460868889	 0.937625567260605
 0.03452213714605089	-0.2359740683561899	 0.9711459525273726
 0.013237594373851604	-0.12544178499113504	 0.9920126635650532
-0.00757960015322979	-0.0130049867419002	 0.99988670357264
-0.026837894830719793	 0.10001724769017398	 0.9946236864088538
-0.04490386492657669	 0.21285150799127495	 0.9760521904388598
-0.0657240721115655	 0.324919023098952	 0.943455337985586
-0.09100078317184825	 0.43249736833108116	 0.8970311498765244
-0.0568045189406468	 0.545306515366839	 0.836309781675664
-0.0873527425697017	 0.633546188495271	 0.768757910794202
-0.11835165765342197	 0.7122020976323319	 0.6919256154087619
-0.14787623199007097	 0.7814597327459247	 0.6061792689535719
-0.239127213631311	 0.824480221676831	 0.512884528685209
-0.26147371372561007	 0.8733557800172492	 0.4109515525472561
-0.3005335757451881	 0.8852097973318442	 0.35508194062431103
-0.30699512924547406	 0.9207512897976382	 0.24077178604550106
-0.301802796503023	 0.945278678008287	 0.123948751207345
-0.2856790645686161	 0.9582736447195792	 0.009954592058664072
-0.26459574546972814	 0.9589193426681465	-0.10228775946421303
-0.30212914592882595	 0.9271355351640718	-0.22167020236456794
-0.318543797312916	 0.905396593792519	-0.28068996623031
-0.34691534182348394	 0.8505905337965358	-0.39515248882326387
-0.4175900480638291	 0.7872094713105883	-0.45378386930008113
-0.48509340151806823	 0.7123583029008663	-0.5071785090989442
-0.545143733786667	 0.624182961986362	-0.559655196955289
-0.49971859262845064	 0.5729827395086566	-0.6495938026232976
-0.4909275605119251	 0.5257853885811381	-0.6946508874854992
-0.466244123978836	 0.427503095486036	-0.774504693468713
-0.451327004273578	 0.378583998644005	-0.808070597896096
-0.4106363846259969	 0.27345946447854097	-0.8698262360428087
-0.384834600355312	 0.219026918676402	-0.896621179353069
-0.378688607863862	 0.110752831252815	-0.918873630399532
-0.405118927098829	 0.0536318772539283	-0.912689583948734
-0.452913121740895	-0.0606220847371944	-0.889491240539801
-0.4356451496357689	-0.17151022546541098	-0.8836274928722128
-0.4551912593831962	-0.22903668351847611	-0.8604319351256073
-0.4336229540549312	-0.33912636708187016	-0.8348439619872253
-0.4649840281559223	-0.4492914785221533	-0.7628414126719065
-0.5317424830917588	-0.5000969915953758	-0.6834858672077027
-0.496712528612977	-0.595932706055678	-0.630984051915783
-0.45641137599307313	-0.6854234757592761	-0.5673476136745291
-0.4131768450450089	-0.7648326321804898	-0.4942832583352549
-0.3671876409244012	-0.8326312725125855	-0.41460631976182627
-0.31880217306873204	-0.8886222145109333	-0.32972069138035504
-0.2685278163940971	-0.9327741502466135	-0.24046870161068012
-0.21503908681161107	-0.9653395977533884	-0.14791096021781105
-0.21190364265672695	-0.9740086088279638	-0.08002547193128619
-0.25271798856765504	-0.9671205095935662	 0.028487509154005806
-0.28843092675543397	-0.9479592026798168	 0.13483675517323798
-0.3205886820575831	-0.9167327151399313	 0.23837790570594306
-0.34889035389522705	-0.8739935999128812	 0.33824651996759103
-0.31311973249370784	-0.8307507964049087	 0.4602272779786948
-0.296455688785759	-0.801595202730702	 0.519190866200173
-0.22085278270791295	-0.7703247136191248	 0.5981838212103239
-0.1439923518104501	-0.7283720330063604	 0.6698808731067615
-0.06644303469299188	-0.6763203157829369	 0.7336049029280369
 0.0116984847619283	-0.614996506202073	 0.788443049822572
 0.0505994998379775	-0.504311029135059	 0.862038326589302
 0.0321365991228297	-0.402545090715367	 0.914835880875786
 0.012599857977933298	-0.29667308680267696	 0.9548959750391178
-0.008373168817126403	-0.1873158529548211	 0.9822640486527885
-0.029616512248531793	-0.07566988645088599	 0.9966929971093118
-0.04968946756116772	 0.03686318874046782	 0.9980841959120345
-0.06784377318690421	 0.14935644165921302	 0.9864531797174472
-0.08554790706468691	 0.26142964297805904	 0.9614239945878282
-0.10838603578803403	 0.37190806308837504	 0.9219202025425022
-0.13596619175938895	 0.4753479411275028	 0.8692281228563037
-0.11998886173281703	 0.5308902905485591	 0.8389029577140192
-0.15156930024765503	 0.6183064020457432	 0.7711834674133542
-0.18266168551971507	 0.6966369662286422	 0.6937806900792572
-0.2122117925519259	 0.7656144086463447	 0.6072896610144177
-0.257863215729588	 0.787115947811112	 0.560316916284892
-0.2825334421335791	 0.8408441534392553	 0.46168816716824523
-0.36037647088705094	 0.8646305084690488	 0.35006125614747596
-0.3661207643619638	 0.9000876820115115	 0.23621547492523784
-0.361906642064793	 0.924541063574229	 0.119362490734817
-0.3476079461314948	 0.9376326822262405	 0.0036971620832260683
-0.326894328194801	 0.938662737094566	-0.109783260036344
-0.34545436298816096	 0.9229821989816178	-0.16960289931337097
-0.37812309195640914	 0.8799463444094084	-0.2876062556514441
-0.39238194552588984	 0.8526794290341967	-0.3449263691387398
-0.462793667663302	 0.788658187589897	-0.4047718917096
-0.5294944642891442	 0.7124112218152422	-0.46054952319904313
-0.5885527104819832	 0.6232719182730873	-0.5149153550599332
-0.5476781904481441	 0.5755747924477681	-0.6072579830732201
-0.5351191182999262	 0.47722097989734724	-0.6970707751553823
-0.523574105873348	 0.426965254138766	-0.737272559788538
-0.4908970930622108	 0.32365314797458883	-0.8088687679897216
-0.4700676279814971	 0.27081787524416207	-0.8400560121635262
-0.413643036789841	 0.162528180505136	-0.895814728979697
-0.466536766213301	 0.0495286263644223	-0.88311401355753
-0.4902117883811948	-0.007224198664283737	-0.8715734125624587
-0.47422989847551333	-0.11785732865767909	-0.8724767352047735
-0.5118318037484749	-0.23230091670070893	-0.8270819117666598
-0.489438883903997	-0.342972904878531	-0.801760042308166
-0.504671255276831	-0.398339001914646	-0.765919684856677
-0.5728449036526988	-0.44860435568107476	-0.6860049915438647
-0.5414543372785013	-0.5467038322229754	-0.6387034683442795
-0.5028880330007168	-0.6396439467906047	-0.5813426249629458
-0.46111087821629	-0.72435276272317	-0.512532762978049
-0.4170215912907333	-0.7977209212935116	-0.43558503662083725
-0.3700587801286468	-0.8594051981775015	-0.3528161059180648
-0.3209293996122351	-0.9092131524291542	-0.26520890617467907
-0.2690118640674129	-0.9472983318663346	-0.17394966925589592
-0.2618302299540089	-0.9643366158910226	-0.038727534572721885
-0.30051741484436106	-0.9512703794404113	 0.06909376653909101
-0.334852291043161	-0.926012949528049	 0.174281268326546
-0.3653545679429772	-0.8890170928348906	 0.27597943461533514
-0.391547191584727	-0.841004416301433	 0.373366265915387
-0.37296202821995705	-0.8201855398424343	 0.4338144830909071
-0.33987384542255	-0.762361184207471	 0.550718797583187
-0.26493164078921905	-0.7308956062694741	 0.6289696641688771
-0.187915288433982	-0.688484666030632	 0.700483196810218
-0.109779339134409	-0.63577254734719	 0.764029950158289
-0.0307824779073434	-0.573697980410045	 0.818488281117891
-0.0114510103056481	-0.518109903253783	 0.855237395413306
-0.0314565394517923	-0.415559814934046	 0.909021741399896
-0.05157221204371	-0.308974707247419	 0.949670962610888
-0.07280206630420248	-0.19929949427318694	 0.9772305617019408
-0.09431658380099986	-0.08803494515501775	 0.9916421887211445
-0.11446713864758003	 0.023580630375037707	 0.9931471331282952
-0.13217701567920204	 0.13490054041048702	 0.9820036052495422
-0.14808570885443006	 0.24557637642158012	 0.9579994082340174
-0.1688818890399991	 0.35562942055957014	 0.9192424178565445
-0.19798468363294605	 0.45808988206811413	 0.8665770161927813
-0.1675226202227969	 0.5672569848585978	 0.8063223206899467
-0.1991098079397489	 0.6497344688974318	 0.7336214311951148
-0.229466980658732	 0.723356913984745	 0.651229360346899
-0.320401341118153	 0.766236384231583	 0.55697826177455
-0.344209927529453	 0.819877313989877	 0.457515809338774
-0.3833476753781801	 0.8316445353405252	 0.4017610317345221
-0.3937591663620929	 0.8719668974798358	 0.2909079727426169
-0.3944836134591028	 0.9019857789893565	 0.17551163270055092
-0.38569677291322285	 0.9207641150416396	 0.05857852691825357
-0.36820499514329186	 0.9280277893491006	-0.056475691650036075
-0.405047163101137	 0.897132719075203	-0.176322658862818
-0.42128695574997926	 0.8758295764205966	-0.23545669237002717
-0.4499590726463991	 0.8215366149519381	-0.3501634236131801
-0.518344171916213	 0.75121190098162	-0.408656333933632
-0.5812608078799382	 0.6679364795298653	-0.46475448630003724
-0.6349625287477951	 0.5732708556637411	-0.5178639909597571
-0.591845575110013	 0.526360946406946	-0.610461275856448
-0.585784969821746	 0.47676872075122	-0.655398776352368
-0.5632002385152938	 0.37419825884409585	-0.7367368284634367
-0.5465428182065197	 0.32152478455677985	-0.7732481883474357
-0.502520512831175	 0.214004283738423	-0.837660611898099
-0.4742187892370951	 0.15941666365517704	-0.8658538371362432
-0.5009252417354247	 0.10292140873212896	-0.8593492222704927
-0.5482355048116929	-0.010276828274507398	-0.8362608552745278
-0.531821199176149	-0.12089935914513	-0.838182293457181
-0.5497839334629679	-0.17780159276380397	-0.8161643340140767
-0.528035565664761	-0.289125250178274	-0.798489217899933
-0.5577755174853988	-0.3996101909632258	-0.7274600795729137
-0.620714986054649	-0.446524310565914	-0.644460197499281
-0.591514669209108	-0.542150491196279	-0.596810892164405
-0.5525968574366551	-0.6337376942336231	-0.5413069813503091
-0.5122865392678461	-0.7171365457512031	-0.4725226729301001
-0.468971123027891	-0.78980202641434	-0.395321191991728
-0.422483831554655	-0.850991884059495	-0.31196189725633
-0.37372933315134294	-0.9001536856445828	-0.22371796477423594
-0.32113920417394604	-0.9377517683538792	-0.13225442333509002
-0.31758163771876124	-0.9460160714345927	-0.06477264832727944
-0.358207075803617	-0.932626577086061	 0.0435357158774187
-0.3935776662005811	-0.9071337210301013	 0.14901353239953302
-0.42473163118399826	-0.8699255252730416	 0.25066436114893414
-0.4512580623026859	-0.8217992353974819	 0.3478680466885969
-0.413291478676066	-0.782240047493942	 0.466144464463997
-0.3978405429597071	-0.7530053586458962	 0.5241238710725651
-0.32488622353344704	-0.7271977181665141	 0.6046754670495491
-0.2485260924821619	-0.6902513504135508	 0.6795497440274828
-0.170641492253063	-0.642319118084214	 0.747199860589632
-0.0915777374131829	-0.584473119940086	 0.806228683487374
-0.052779648072492094	-0.4735089469698809	 0.8792062248919867
-0.07309277062959	-0.368539457771325	 0.926734112325271
-0.0940721424993111	-0.260076468388828	 0.960994621522922
-0.115885421378121	-0.149562100949849	 0.981937751118411
-0.137124420023841	-0.0385017006707861	 0.989805290185187
-0.15609498711533298	 0.07240433136934038	 0.9850847515805038
-0.17231924292636697	 0.18268268862511897	 0.9679530535072358
-0.18758329724990194	 0.29228778325618293	 0.9377528236971838
-0.2127652274153629	 0.39974574184873085	 0.8915908814454625
-0.2459742858499111	 0.4936373488108432	 0.8341575502023754
-0.23078585246745506	 0.5478726720990441	 0.8040978954505003
-0.262023943391431	 0.629705283577408	 0.731310268575726
-0.2921683263967201	 0.7029747572817852	 0.6484320779196191
-0.3375235671996062	 0.7242614837382514	 0.6012679475559293
-0.363509633382745	 0.782500133355944	 0.505523775638567
-0.44175524354130336	 0.8056942381717146	 0.39459992318887327
-0.451406596767953	 0.845736151218972	 0.284539007722483
-0.45192928279793987	 0.8756701385558828	 0.17018146723794894
-0.443828293690293	 0.894516026807402	 0.0534558088954067
-0.4274620897591282	 0.9018695571847355	-0.06250970838332492
-0.44587664262340887	 0.8866493546829107	-0.12266597492073697
-0.4782569600721301	 0.8444660249617542	-0.24113774658451706
-0.4925325493625391	 0.8174011393952291	-0.2987759447040861
-0.55974622579547	 0.746752338098882	-0.35922849031164
-0.6215165170894721	 0.6631201708835212	-0.4171197165711321
-0.6749265840826749	 0.5683538148903399	-0.4705826677620939
-0.6364740051766007	 0.5244863557145347	-0.5655217974611968
-0.6255557508899251	 0.4239412294584481	-0.6549456744599521
-0.6142874081913328	 0.37213882915715885	-0.6958187062526516
-0.5805897881217542	 0.26581906726787613	-0.7695815235604173
-0.5582183891802499	 0.21165149579800294	-0.8022442734650558
-0.558210303688788	 0.100283236560189	-0.823616736911462
-0.5820881957283036	 0.04359805226405057	-0.8119559977194264
-0.5687715134916419	-0.06690916311992319	-0.8197695586754967
-0.6033529679700332	-0.17995610638542808	-0.7769047533747934
-0.580835062053761	-0.291082732946311	-0.760198311803907
-0.5940324655946462	-0.3459897376957491	-0.7262344877715272
-0.6627611698427018	-0.4006165767725709	-0.6326562970237158
-0.6342389804179681	-0.4907904192158801	-0.5973823567232941
-0.5979974720777839	-0.5836615349965159	-0.5493070507048778
-0.5571330330639019	-0.6722741442904359	-0.4874938547177589
-0.516208368724103	-0.74964070654134	-0.414207352850479
-0.471595889384783	-0.81623709716809	-0.333697944737431
-0.4242142759979388	-0.8711227470122587	-0.2473608855040769
-0.37376519255520513	-0.9140941365285122	-0.15726248884703606
-0.36644447537911085	-0.9301539215472056	-0.023067914827384288
-0.4049154370027161	-0.9104730572273332	 0.08415640759925971
-0.4386471307586021	-0.8787908445888042	 0.18792377748476102
-0.4678567668018711	-0.8357364583630822	 0.28749716158674005
-0.491652015555779	-0.782032360422713	 0.383019167733966
-0.4721682458237812	-0.7632669678565733	 0.44099964105963424
-0.4457064767215279	-0.7101012028782099	 0.5450706543920719
-0.36969184908570696	-0.6841425460612068	 0.6287105163654259
-0.2921549994980382	-0.6470645928131973	 0.7042392129069444
-0.213495383639355	-0.598691463737962	 0.772002754147925
-0.133625238429811	-0.540123650930796	 0.830909584347036
-0.11442909278831394	-0.4845111081641098	 0.8672686831595097
-0.13591654460359995	-0.37911741362963486	 0.9153123399068726
-0.15769609903214904	-0.27044650812618304	 0.9497318708943052
-0.180348501188212	-0.160502998612434	 0.970419087588235
-0.20212695841489	-0.0505796019686747	 0.978052348571709
-0.2211846688054431	 0.05898001482137493	 0.9734468142313154
-0.23695863948591406	 0.16767171607199005	 0.9569413768891272
-0.2500811811024141	 0.2750256254307171	 0.9283427751724385
-0.27336679259561	 0.38086559733743	 0.88329609614828
-0.30867623087008794	 0.4701910472639489	 0.8268248687410578
-0.27782105174422106	 0.5786242644757201	 0.7668177252565742
-0.308104583306779	 0.656264888072648	 0.688758275760336
-0.3979948976959551	 0.6984836321457801	 0.5947442114324651
-0.4231360454782561	 0.7565485640000782	 0.4985881640456811
-0.4622758720606539	 0.7679643367712499	 0.4433190674424649
-0.476233750438196	 0.812433989014987	 0.336381373498543
-0.481042959216579	 0.847443598815734	 0.224581874189335
-0.477184247766011	 0.871985228575279	 0.109256372036163
-0.465186199092858	 0.885181515021329	-0.00744886824184384
-0.5023325413295671	 0.8551170926350692	-0.12820598973809902
-0.5184614307241332	 0.8342425497411954	-0.1877155109541941
-0.5468537367379701	 0.7802140502093782	-0.3036725645684791
-0.6109780742127668	 0.7030671376378389	-0.36387139596977797
-0.6685406932945859	 0.6135204437640899	-0.4202927628364649
-0.7169353025444954	 0.5145254161562923	-0.47039065476965736
-0.6770522039131933	 0.4710608465292042	-0.5654219592865822
-0.6716288679975478	 0.42059930679692487	-0.6099269520149759
-0.6491281071979569	 0.31658781370005895	-0.6916681694730609
-0.6321685498457102	 0.2632436307725911	-0.7287425577277862
-0.5868974169941981	 0.15476678237386501	-0.7947318195461782
-0.6357565988350381	 0.04080002016076921	-0.7708105509089672
-0.6230371483811139	-0.06968856914213958	-0.7790816485247558
-0.6400435178232093	-0.12613103114421806	-0.7579150732601824
-0.6175197789685641	-0.23654369269714706	-0.7501442554787803
-0.6407845396767476	-0.3523497495344958	-0.6820885776160137
-0.720027488574593	-0.383201851427405	-0.578547108505067
-0.6920047192015683	-0.4697410247460591	-0.5481540278728971
-0.6398792648799849	-0.5816308831161859	-0.5022549573494879
-0.6083752936897752	-0.6576932081676341	-0.44420619756825214
-0.5662036302716098	-0.7352900279786296	-0.37250775001660885
-0.521182225198409	-0.801930436926028	-0.292021681504756
-0.4746362913707129	-0.8559838261911048	-0.20496848590232694
-0.4239488952217943	-0.8983675536758545	-0.11490462454871309
-0.4204380413286142	-0.9060455856922645	-0.04809625818418922
-0.4604123672027149	-0.8857181823255598	 0.05936121313365439
-0.4951099152868848	-0.8533631421479047	 0.1632100468968409
-0.5247359639809053	-0.8096470189268004	 0.2629141929374971
-0.5478273976597999	-0.7555194616472207	 0.3592707689829289
-0.531354802417362	-0.696439817529189	 0.482321111405997
-0.5032508599578129	-0.6965988504718329	 0.5113595735615429
-0.4290786274740571	-0.6757227267070701	 0.5994083149711401
-0.35260345186633496	-0.6447210602076879	 0.6782370973757039
-0.27453082221823	-0.601710595518487	 0.750051456163489
-0.19441446941585905	-0.5479693585786352	 0.8135924017225512
-0.15603561826261605	-0.43715216616102515	 0.8857487620392854
-0.17800664037851302	-0.32975160648303503	 0.9271340323831352
-0.2008707840787599	-0.22033665314338988	 0.9545169916691656
-0.22385927899076805	-0.11087211846445703	 0.9682945814972512
-0.24462218971000294	-0.0016701665933603995	 0.9696170351458527
-0.2620271242843381	 0.10688007441436304	 0.9591237854586134
-0.27609145139829594	 0.21400231825362195	 0.9370040118627337
-0.28740805905503997	 0.3193177175659949	 0.9030131797701838
-0.322546113462882	 0.41372446419288	 0.851349559475016
-0.35590850757840403	 0.4991198392533951	 0.7900686807467933
-0.33950583542534296	 0.5538285271440999	 0.7602695247302348
-0.3687687621142538	 0.6312274932326235	 0.6823206371464805
-0.4134613619870472	 0.6519444458958094	 0.6356242141465523
-0.44052122066376875	 0.7144041329872016	 0.5436614653584598
-0.518577760363956	 0.736642845162508	 0.434090342125679
-0.5320780718688299	 0.7805610566606328	 0.32805085316332394
-0.536544493289964	 0.815340641988386	 0.217576754829607
-0.5324696333515301	 0.8400887218422373	 0.10357137148828102
-0.5208568685508951	 0.8535503116745882	-0.012648633268826804
-0.539623326258818	 0.838715062922699	-0.0732373469204222
-0.5718534262588733	 0.7973721292757894	-0.19282465176989508
-0.585748070501508	 0.770505126320627	-0.25143796097128
-0.6482285517494751	 0.6939539268435221	-0.31341297375066307
-0.7048978522003349	 0.6048151540192129	-0.37056395862532393
-0.753356614846719	 0.506266413449325	-0.419700047033414
-0.71783731403565	 0.465914454330346	-0.517332882991348
-0.7072401202763857	 0.36486662130531883	-0.6055441857772927
-0.6959780989359129	 0.31282569962162593	-0.6463393593599209
-0.6619745148205298	 0.20630791568822396	-0.7205739279577807
-0.639281125715565	 0.152166688893642	-0.753767166368359
-0.6642375257062957	 0.09484430221527346	-0.7414803219107546
-0.656348363201128	-0.0161127550451635	-0.754285890924691
-0.6901291251386769	-0.12955847182076596	-0.7119946579959658
-0.6664170302531419	-0.23841657680560593	-0.7064317926685348
-0.6746779565944787	-0.29383973374203187	-0.6771025518781557
-0.7151126065414082	-0.3031203709166861	-0.6298666531107072
-0.7468963204794179	-0.37180289149006396	-0.5512789641678109
-0.7376761099118256	-0.4272977273932778	-0.5227337840908087
-0.678613991614174	-0.522935081113742	-0.515773158787894
-0.6640035132914964	-0.5977852564280924	-0.44916825526048626
-0.6112993498880999	-0.6897351142011708	-0.3880445555142919
-0.5685145806966401	-0.7609204704326312	-0.31271586018605907
-0.522659978757381	-0.821555572095992	-0.22775642375872
-0.474617652090316	-0.86916018900442	-0.138919581679751
-0.4678056084599929	-0.8838090469930677	-0.006283402468517788
-0.5056131252964429	-0.8570048061054548	 0.09948934535976847
-0.538150705236388	-0.818477046650687	 0.201219140639123
-0.564757227090256	-0.769150881825797	 0.299092285818147
-0.5817266130592393	-0.7106940862588824	 0.3956110001191553
-0.558799888922247	-0.693469289326816	 0.454799987797983
-0.5159324110216629	-0.6436888119206039	 0.5652242569685199
-0.471971479143349	-0.626228910911949	 0.62054836557135
-0.3950088847589541	-0.5980379651602091	 0.6973654516740301
-0.316632868000513	-0.555601607242809	 0.768798075525022
-0.23563167413732888	-0.5011485737262358	 0.8326630898481087
-0.21686170650199393	-0.4455752166609349	 0.8685814449725507
-0.239936794633588	-0.337940325644718	 0.910069596725493
-0.26434216795294696	-0.22904981507254293	 0.9368347775660177
-0.288327344381218	-0.120577815914974	 0.9499096445406
-0.30948465224525	-0.0121617838139685	 0.950826661931132
-0.3269152125539742	 0.09600318021170647	 0.9401647904436906
-0.34087773071087607	 0.20360595199024106	 0.9177946333573492
-0.35076623416649794	 0.31213746710493395	 0.8829118022758388
-0.384572655531138	 0.383570072911243	 0.839629603923416
-0.4161366549235769	 0.4693752273717689	 0.7787921291068087
-0.38380227605940814	 0.5798908403586532	 0.7186253726106203
-0.4714695354038009	 0.6204517344523699	 0.6267025789010049
-0.4974814488010949	 0.6831845089504018	 0.5345756586573709
-0.5361165506617831	 0.6943646167105361	 0.48003835593308813
-0.5538341444866118	 0.7424191107761517	 0.37693713581329596
-0.5626613684333541	 0.7816329308295382	 0.26918793790868806
-0.5626208059085791	 0.8115563752561272	 0.15758831980802804
-0.5545557796034759	 0.8310414662057748	 0.042871537818663895
-0.5923544540431239	 0.8018723026034418	-0.07821132330249239
-0.6083497714678122	 0.7815245325260334	-0.13831110083802306
-0.6355901567487721	 0.7281082595825891	-0.2566778427751111
-0.6947965944281959	 0.6454417542814249	-0.31727375277683795
-0.7475570362504733	 0.5511884915143452	-0.3706072373477742
-0.7910361633392008	 0.4506374940545599	-0.4137482776300389
-0.7544451383683207	 0.4099701369602368	-0.5125787939363178
-0.749074629586075	 0.359465662700009	-0.556481479161821
-0.726596861286172	 0.25552406814637	-0.637780880684748
-0.7096123710123828	 0.20244398874465994	-0.6748827411686689
-0.712788517981734	 0.0909844198565095	-0.695452632446508
-0.7059256170219507	-0.01996514756923409	-0.7080045311399616
-0.722783943372851	-0.0773725086238137	-0.686729106789314
-0.7031330972063682	-0.18590208802105906	-0.6863266432846612
-0.753511754980287	-0.253408030622808	-0.606633666327874
-0.787070719032646	-0.323735051337968	-0.525085992744652
-0.76958881658456	-0.437402543578592	-0.465201105178131
-0.7555281340634853	-0.4915419843091382	-0.4330862688887552
-0.691697995462505	-0.586015166481852	-0.422066473113418
-0.6641221359609272	-0.6593181383625393	-0.3524789085219871
-0.6133444130151121	-0.7415669684846161	-0.27182174724566105
-0.5703796120371599	-0.8002675752449347	-0.18503758046389296
-0.522630282511373	-0.847096409594479	-0.0963600573589763
-0.5194992282742932	-0.8539262800924103	-0.030503442263983514
-0.5584410209710741	-0.8261561594475122	 0.07489743856582322
-0.5915006794382891	-0.7867886890463093	 0.17632499826409403
-0.6177591175117342	-0.7370198295872663	 0.2741814062373311
-0.6339723894669733	-0.6789080788764663	 0.37035500513669617
-0.611908602358501	-0.61751053034657	 0.494215142696745
-0.5574248493230252	-0.5960563951189181	 0.5779224093207002
-0.4552193201502678	-0.5905474668078627	 0.6663550555137586
-0.3784918169711092	-0.5540815294718172	 0.7414429197072964
-0.29590274706061	-0.50632318501563	 0.809986664456652
-0.25853510309819006	-0.39569555788547306	 0.8812403905494303
-0.28302772657183717	-0.28706034462807617	 0.9151457067230265
-0.3084027685872239	-0.1789726442160229	 0.9342679085519635
-0.331411037563485	-0.070890359038403	 0.940819473212848
-0.350760295612876	 0.0372902252906219	 0.935722530518178
-0.3660294934398141	 0.14541335742972103	 0.9191721087006552
-0.37771547644869113	 0.25296089910273206	 0.8906973685693003
-0.436058360041282	 0.353442760381074	 0.827605776787665
-0.4302356967077097	 0.40837532813260774	 0.8050632500934425
-0.462285647215511	 0.492786570030275	 0.73719290336813
-0.441925762826312	 0.54967685793985	 0.708912527746376
-0.4855635196935571	 0.5688724650022791	 0.6637862509159371
-0.5125619996843132	 0.6359050199400001	 0.5769792042133981
-0.5893323916530552	 0.6577470441219433	 0.46910143689540823
-0.6071243149742849	 0.7048038677856839	 0.3669490075219519
-0.6157683132431095	 0.7436086702430096	 0.2605293264589588
-0.6155322556358954	 0.7736127770784116	 0.15047695309519912
-0.6071375604799601	 0.7937199655045393	 0.037317542978015206
-0.6259144332277071	 0.7795566197725152	-0.022860420951685105
-0.6573873137399892	 0.7398174889926651	-0.14322011979575003
-0.6704125587602935	 0.7136546921701354	-0.20308614280650814
-0.728186565875533	 0.632079243477058	-0.264990858793031
-0.779921262983028	 0.539190641586694	-0.317799111975298
-0.823419988023134	 0.440383866142579	-0.357828972786298
-0.7911648371114711	 0.40274429392901406	-0.4602773448976161
-0.7803133032560403	 0.3018364582858112	-0.5477279445227572
-0.7691259158823157	 0.2498971916705349	-0.5882148579501958
-0.7353503346324971	 0.14433320512354703	-0.6621388156985201
-0.7338754080429559	 0.032890948787485295	-0.6784873403075729
-0.767298502304194	-0.0842773804300004	-0.635728189959827
-0.7475245621007462	-0.19363277791578012	-0.6353844319565172
-0.7897481119214	-0.264090652934537	-0.553673231020964
-0.8181995784557282	-0.33319369196625104	-0.46854179477264113
-0.809769456415831	-0.390509240935348	-0.437922322107595
-0.7381482644309677	-0.5444722530774708	-0.3983555012125388
-0.716566567250685	-0.596164644591851	-0.36210505552566
-0.6612876339311837	-0.6914354192003118	-0.29088782422952286
-0.6151100364746932	-0.7607460254077243	-0.20713553015948707
-0.5707072331932449	-0.8123941582042787	-0.11962017261512597
-0.5650422365125001	-0.8249944854080782	 0.010553198719457202
-0.6013875438888489	-0.7908242223282548	 0.11371047196388297
-0.6313712765359603	-0.7456750166647762	 0.2129297552887761
-0.652597252333755	-0.691496383416635	 0.309757288805522
-0.6629730052047611	-0.6299553836967031	 0.40450341027154213
-0.6382947733967947	-0.6138412945886957	 0.46451980292772077
-0.5675995203425439	-0.5557536394071999	 0.6074279190097919
-0.5212311536014383	-0.5452254334681933	 0.6565419340870274
-0.414211872938915	-0.536046860220008	 0.735582957908017
-0.3354185562394068	-0.45723385602655375	 0.8236695897223356
-0.317972353276983	-0.401466040141229	 0.858905466954786
-0.3446579850635768	-0.2935438332716539	 0.8916517769174795
-0.37131565573541614	-0.1866321420842771	 0.9095565553316695
-0.394670289478767	-0.0792479423272842	 0.915398889140487
-0.4137884455254339	 0.028601952066674593	 0.9099236510211288
-0.427969271169075	 0.137071500340767	 0.893338517432973
-0.437958868449225	 0.247592219741962	 0.864228049920808
-0.46709514566806887	 0.30043236695925796	 0.8316023796121458
-0.504456642329084	 0.402902679907005	 0.763670692467519
-0.5192214972535	 0.454996223111831	 0.723455232715752
-0.5395941122164559	 0.5249849513204609	 0.6582013331408468
-0.5656690071913141	 0.5986146707622151	 0.5671675680532501
-0.6029030875690028	 0.6114742265413088	 0.5124520829067548
-0.6252257926690249	 0.6621640803611039	 0.4130755849247489
-0.6383985995122328	 0.7047806935132388	 0.30940491623731187
-0.6425019049191604	 0.7392284701864363	 0.20182311820272608
-0.637944601766575	 0.764686778692719	 0.0909989866396253
-0.6750731249993873	 0.7372215141160103	-0.027941278210900512
-0.6902108516576049	 0.7182628537767889	-0.08779210180025929
-0.7151229489167998	 0.6672972173500928	-0.20811917655363493
-0.769922794545969	 0.579955050182125	-0.266216134384779
-0.8189545853714253	 0.48381090223594625	-0.3086104307646721
-0.854883265954887	 0.384555855553133	-0.348269142402975
-0.8228698300071723	 0.34523963040048916	-0.4513256479138992
-0.8174420664533543	 0.29461791388863806	-0.49496338532095213
-0.7953013674858047	 0.1908894718002449	-0.5753754812563988
-0.7785770480200028	 0.13837751539039997	-0.6121024779649549
-0.777830748577493	 0.0265455244172921	-0.627912941179578
-0.7944125726307713	-0.03303531051019141	-0.6064794577771411
-0.779184649083585	-0.143635169658823	-0.61011492414919
-0.8223840596294133	-0.21386446609175008	-0.5272062676132903
-0.8518348744035847	-0.28357430581825493	-0.4404122612161519
-0.835643829327639	-0.398458314899662	-0.37806132015053
-0.7815588705240275	-0.4996655662414353	-0.37349705998552724
-0.7388501125201729	-0.6025358314736249	-0.30174671998103897
-0.692984422021947	-0.673378851026897	-0.257552934024453
-0.6606788808518119	-0.7321376834146639	-0.16576437771911898
-0.616550534689215	-0.783435131692471	-0.0780694088900649
-0.6140195096968538	-0.7891709303062396	-0.013758069312943093
-0.6508914701495618	-0.7539640615050238	 0.08876084748012948
-0.680848950347997	-0.708053181512412	 0.187364348156692
-0.701418087172124	-0.653839658974203	 0.283736439923209
-0.7112060661458053	-0.5928562586883174	 0.37776631402429117
-0.635557245401464	-0.567798471578801	 0.523136582061015
-0.6142100352690871	-0.5060397748650771	 0.6055326405977212
-0.523140780795329	-0.494937364065601	 0.693801649695825
-0.4793094084175521	-0.48122316227129813	 0.7339528316561141
-0.39323813856169926	-0.4602388450343303	 0.7959547549339696
-0.36068886010055484	-0.3496991425860868	 0.8646467809885827
-0.38916610665579415	-0.2434546683258571	 0.8884140734481405
-0.4145434872773199	-0.13678688957808097	 0.8996905267899138
-0.4358467837298743	-0.02944983300047262	 0.8995389310355436
-0.45214877596139524	 0.07847567116660394	 0.8884835695900984
-0.46263409374465	 0.187874038747157	 0.86641389697413
-0.5254351601573888	 0.2959558017559869	 0.7977017336557257
-0.5468701448873221	 0.34848338630548104	 0.7612439649021753
-0.5687714264078914	 0.45530533821207425	 0.6849789146371744
-0.5779130365029659	 0.5465683416611549	 0.6060359478889819
-0.6527040772239912	 0.5696563099108551	 0.4994687939740841
-0.6751440618744421	 0.6185514959348382	 0.40196335976361514
-0.6882430985656548	 0.6606679378191798	 0.2997320690458379
-0.6923400024247178	 0.6951255113998338	 0.1935609579529439
-0.6877064860814021	 0.7210824427827741	 0.08426090262985392
-0.706191427463694	 0.707561470994971	 0.0255035789689013
-0.7349484053437552	 0.6717993225320481	-0.09239324503529851
-0.746168043532796	 0.648036124096054	-0.152585820694465
-0.801955057425423	 0.559003937067072	-0.210671982506691
-0.845321406226626	 0.470670139719896	-0.252787143168107
-0.8817427565751095	 0.37207503403137915	-0.2899825516783301
-0.8545763704697383	 0.3363587269766022	-0.39567920569755516
-0.8438411744537894	 0.2351291565582411	-0.4823342741633232
-0.832921356394205	 0.183233747027243	-0.522175648621031
-0.7999044432100653	 0.07875460949361432	-0.5949374700052971
-0.8327432703825737	-0.04179630790610008	-0.5520794456216918
-0.8171885133253574	-0.15330419369333506	-0.5556084573556532
-0.853705920684659	-0.223806314981568	-0.470209457967755
-0.87748420836772	-0.292147722620837	-0.380356638213052
-0.8696029129378692	-0.34960626638784303	-0.3486634943786421
-0.8217304380990448	-0.4531121924405679	-0.3456131192001449
-0.783169453271089	-0.556098515871985	-0.278208641325246
-0.7585863347577356	-0.6047968659161078	-0.2424201388022009
-0.7023761326242421	-0.6853457732057271	-0.19227308565906207
-0.6617289215341625	-0.7427269217971145	-0.10233061146605693
-0.6568628324356783	-0.7535727027092614	 0.02567880635927331
-0.6906870796447168	-0.7121512562596958	 0.12566601059789395
-0.7159833797135462	-0.6616084495335343	 0.22280498082359104
-0.7310101579503759	-0.6038063605008709	 0.31787108706527395
-0.7351969097684475	-0.5399291013489614	 0.4098317574120244
-0.7100120231864508	-0.5263767068208058	 0.4677718348160419
-0.6556011265974709	-0.5127901644697519	 0.5542863971154369
-0.6176147289731355	-0.4529897850907447	 0.6429248021027666
-0.5735215496753758	-0.44559780372850477	 0.6873977228433976
-0.48529915219647124	-0.4215434652681532	 0.7660194774071374
-0.4328683898186009	-0.4088039329228339	 0.8034328232793798
-0.42004216787280213	-0.35457422417172707	 0.8353691978770432
-0.44972515472899	-0.250082547166574	 0.85744154599988
-0.475402106210313	-0.144145357225646	 0.867879573098186
-0.4965557580078339	-0.03729263658340189	 0.8672033431934658
-0.512028062313625	 0.0702508921315083	 0.856091160775581
-0.5199320031247981	 0.17920604820925204	 0.8351981228498172
-0.5473245724607623	 0.23008903975029812	 0.8046706445294434
-0.599316157910456	 0.348374426208722	 0.720732545422498
-0.6015768911081559	 0.4326347434725199	 0.6715150205506298
-0.6257543421130048	 0.4987071866483039	 0.5997688265590789
-0.661014077257312	 0.520104698708336	 0.540880293641001
-0.688961738354261	 0.571375527819901	 0.445939154249102
-0.7067113186799612	 0.6168503225204353	 0.3464892374317931
-0.7153273528787483	 0.6552864263459502	 0.24270656701094107
-0.7150770287857314	 0.6857927752617564	 0.13547365906975609
-0.7520527814107892	 0.6588313904437672	 0.018915944021598102
-0.7661963738952438	 0.6413864704550228	-0.039579188306835995
-0.7854747995599978	 0.5987507186423668	-0.15661071541063398
-0.8479914579910587	 0.49299247937310475	-0.19459933827163292
-0.872842505514925	 0.438798747566888	-0.213545357477419
-0.9064926297532522	 0.31727762421058103	-0.27857857307826606
-0.8809669030936347	 0.2771957269193579	-0.3834838257752988
-0.875728384040155	 0.226204705382711	-0.42653397127209
-0.8543023647587586	 0.12267828091067494	-0.5050915847253787
-0.8380025351729197	 0.07061160545703687	-0.5410783235526437
-0.8543341654207792	 0.009855392365748842	-0.5196306428956031
-0.8438594715449103	-0.10244098981930702	-0.5266944426218921
-0.880813335482754	-0.172845556637221	-0.440785981612976
-0.905084996747213	-0.241559886174162	-0.349957097448564
-0.8896673943104407	-0.35624435268138527	-0.28562543423773024
-0.8422819405804356	-0.45882453550475233	-0.2829154965548972
-0.823201224456685	-0.510225006162322	-0.249018447388287
-0.774776021945197	-0.606251333119148	-0.179391852964485
-0.740642590933651	-0.654471325537151	-0.152038931016805
-0.703834909646814	-0.707593741704708	-0.0626699023678219
-0.702083648431197	-0.712094018321398	 8.12204668927139E-4
-0.7360465183312029	-0.6695416475860869	 0.09974720547575487
-0.7607976320939043	-0.6184983738344741	 0.19658770196637307
-0.7752348808176782	-0.5603555352671011	 0.29156912329518203
-0.778941704312563	-0.495923514941901	 0.383809443096844
-0.7286440905950691	-0.4709503913692221	 0.4972760984705191
-0.697141715335384	-0.459057887093178	 0.550689826523775
-0.6615947096374257	-0.40164816589340996	 0.6332228604640158
-0.5760790309665171	-0.3861536264057981	 0.7204292657119991
-0.529323009639431	-0.374787554302429	 0.761151391384302
-0.4647472881876551	-0.30601245009822703	 0.8308828668994812
-0.4926185590275129	-0.20099778780371697	 0.8467153267773468
-0.5162230472635119	-0.09459583665224937	 0.8512140701151708
-0.5345002191626771	 0.012548593576732903	 0.8450751732918772
-0.545916166366695	 0.120470650994868	 0.829133500437875
-0.601058996244718	 0.22381505271421	 0.767225459178609
-0.6189386634806311	 0.27795673619131106	 0.7346121314371851
-0.6420130890841561	 0.3791283191168401	 0.6663939608731901
-0.6510109242888596	 0.42863649667775083	 0.6264627125155887
-0.7024865675100969	 0.4705683071897379	 0.5339270462679959
-0.7334334066403628	 0.5207199420831178	 0.4369510040506448
-0.7518615088730977	 0.5664284697838827	 0.3374360088866598
-0.7608582972673164	 0.6051992376502172	 0.23415493637136112
-0.7608707469466716	 0.6362089729917144	 0.1277256791942881
-0.7793219513107108	 0.6227439119139249	 0.06962267144693529
-0.807342694408604	 0.588126534017494	-0.0480099340722863
-0.8166899251351983	 0.5668840881302712	-0.10798146511033804
-0.8497823345418578	 0.5117247514484659	-0.12652178727632699
-0.901135227810456	 0.402264825221225	-0.161673472124325
-0.9154104147025915	 0.3228183835957482	-0.24044139382946916
-0.9070120311946784	 0.26641267569919913	-0.32611878433309716
-0.897127622215544	 0.165360342890659	-0.409655936679756
-0.886601615327039	 0.113687224012562	-0.448344500128866
-0.886745278147866	 7.02027032784006E-4	-0.462257848868474
-0.8760001897475745	-0.11201168138039407	-0.46912370521702534
-0.9066768173815004	-0.1819470585929231	-0.38056854401321316
-0.9250192901258898	-0.24906608549838194	-0.28688917363593197
-0.9173488282326843	-0.30633178423698204	-0.25422817567356404
-0.876106969721851	-0.410861548623413	-0.252248618366021
-0.8378303180797663	-0.5141774054381442	-0.18347194293203603
-0.812406024354534	-0.56389937314797	-0.148370982863183
-0.744086432114404	-0.662264027653978	-0.0879871537145496
-0.7416503344800018	-0.6697328736767889	 0.03758535994681719
-0.7709748146597536	-0.6223834722205284	 0.13504313631976209
-0.7903187677095957	-0.5674725240450309	 0.23102203327810095
-0.7990638057043897	-0.5058905307467388	 0.32491815171516697
-0.7966373337627938	-0.43833056427335887	 0.4162154188387379
-0.7709768229215204	-0.4260228721826442	 0.47339122393121025
-0.7025628314887373	-0.4060276485926202	 0.5844202395441792
-0.662781772221292	-0.343666597069562	 0.665292110632488
-0.61891189739583	-0.335633513475198	 0.710139569306054
-0.5204119649723031	-0.31590031366914806	 0.7933337119632572
-0.5492871569751833	-0.2094598725087161	 0.8089562293417073
-0.5733397178987092	-0.10236392442654405	 0.8128980224209094
-0.5913612745845878	 0.005302406188339608	 0.8063893150397676
-0.601696003421651	 0.113789051221821	 0.790578251211384
-0.6293557908441502	 0.16593176495206602	 0.7591955860717492
-0.668270390109973	 0.272659830601868	 0.692149768820611
-0.6809837393500379	 0.32428863791185597	 0.6565805556533889
-0.698403931466034	 0.421577285928425	 0.578363674950295
-0.7401497965705923	 0.46945948815037924	 0.48144165547041623
-0.7648378833561333	 0.5178395604393142	 0.38322995945949717
-0.778848771482027	 0.56035089635763	 0.281782654029907
-0.7835733316688183	 0.5955533234587072	 0.17700020569117103
-0.820170645869635	 0.568940667528538	 0.0602214952153087
-0.8338315616208576	 0.5520189497318103	 7.734281840525216E-5
-0.875262421609502	 0.477122338781886	-0.0791831241715922
-0.9020611668681602	 0.4208122171914021	-0.09593085578117992
-0.9217174807240268	 0.3445277492598369	-0.17815026162681996
-0.953109669578129	 0.218129631624035	-0.209765158127447
-0.928336687230335	 0.20606925222605	-0.309396926987331
-0.923712978118517	 0.155830286286032	-0.349958934635813
-0.9027676562452143	 0.05262771234833201	-0.42689680571597605
-0.8974046309962295	-0.060367164318424926	-0.43705918791243115
-0.928163084635437	-0.130190770521818	-0.348659793482079
-0.9466019422335572	-0.19766257665002607	-0.25470427705818005
-0.931169626272807	-0.312025490952416	-0.188582130921424
-0.8901250336935068	-0.41577573572757887	-0.18656892016711699
-0.870496811123944	-0.468161186319399	-0.151856529155179
-0.8176164125056855	-0.5697703412043114	-0.08285626280044076
-0.783123755301305	-0.619650546943276	-0.0524440993409241
-0.782124555201836	-0.623034825432863	 0.0104300742170031
-0.8108394285459172	-0.5753101525386901	 0.10750650911103003
-0.8294671682490793	-0.5201227775873282	 0.20360872533292007
-0.837381375115648	-0.458227621057656	 0.298026642952048
-0.8334845555561163	-0.3906319442958502	 0.39078149872411716
-0.7791237887026078	-0.36773914800495194	 0.5076751332321549
-0.7443598536238871	-0.35742220321576307	 0.5640724926473681
-0.7037175798582035	-0.2931197381404552	 0.6471957871548485
-0.612646138415054	-0.276532780670428	 0.740401465625105
-0.562069870089286	-0.267548325763898	 0.782620824230194
-0.5892424559800908	-0.16010846202165097	 0.7919334621416197
-0.61056033080583	-0.0523224944335556	 0.790239482070167
-0.624714697975992	 0.0561744342192885	 0.778829878133157
-0.6794194542281846	 0.16073432957231493	 0.7159285442788367
-0.6993837735608271	 0.21408018219461006	 0.6819325574214361
-0.7269562627650663	 0.31785356980559615	 0.6086901512169283
-0.7353787526351001	 0.36836277283702007	 0.5687943018004541
-0.7771289207498753	 0.41545994518714513	 0.47271944584418013
-0.80376202261029	 0.462889225877061	 0.373764866696097
-0.8187242319206592	 0.5056061647635322	 0.27212687889850007
-0.8240347060399725	 0.5412550755526734	 0.1673611258031151
-0.8420843810057083	 0.5283678562856341	 0.10826496991343403
-0.8680623862852374	 0.4962299972068652	-0.014949360817568107
-0.923054199421528	 0.381697594432183	-0.0477272598728109
-0.9439248668847632	 0.30358430829717303	-0.12977832420057403
-0.9590353829041077	 0.24103539690214196	-0.14883908014429098
-0.9501055715732718	 0.19466860062317495	-0.24372841196061096
-0.9396534681706182	 0.09551612941553493	-0.32852401552459404
-0.9293077453037746	 0.04367162183842308	-0.36671501736964185
-0.9236938873694928	-0.06936965981273759	-0.3767989553245869
-0.9482053747697832	-0.13829121226094301	-0.28597571202655303
-0.9604593384331145	-0.2041382801826261	-0.18932887202089307
-0.952619141263397	-0.261196257768986	-0.155863038036815
-0.9173431588470388	-0.36693109917214195	-0.15441210243002498
-0.8771447623676583	-0.47262110147618713	-0.08512555603589442
-0.850381600686631	-0.523695803347336	-0.0509297434710938
-0.816330810018277	-0.575852255577153	 0.0447011002281736
-0.8397398388602585	-0.5242523766296726	 0.14140879968759693
-0.852705546038816	-0.465529329493971	 0.23701412433764
-0.8543928476692063	-0.4005601593839522	 0.3310051669778092
-0.8425702067605637	-0.3314876467985398	 0.42448956017719386
-0.8145644348561718	-0.32055413356082996	 0.4834561292656359
-0.7446288698303708	-0.3009416136522819	 0.5957868674177917
-0.698642343256797	-0.234786243013626	 0.675850794406723
-0.6522709868795893	-0.2265119866296821	 0.7233497629696173
-0.6412391206391651	-0.16826827482721302	 0.7486642624358291
-0.6627741784954863	-0.05970294994819673	 0.7464354935874342
-0.6762892774320511	 0.04979231931154601	 0.7349513849010771
-0.7035356359034382	 0.10208236480307303	 0.7032899827312751
-0.7444314081554948	 0.20809030558559488	 0.6344448780413637
-0.7586086270562303	 0.2605580748285981	 0.5971787342140342
-0.775117468620401	 0.364124266359545	 0.516339450834066
-0.8097596762821483	 0.41135785505944616	 0.41841842902568516
-0.830757234077927	 0.456822433841271	 0.318049810511703
-0.8411849872415027	 0.4963452346788478	 0.21459083216929992
-0.8765513607490157	 0.4718678999619349	 0.09485988063750857
-0.8890354154058572	 0.45667382847586013	 0.032635020136900506
-0.9168608589412812	 0.3988595660513141	 0.016649682003380805
-0.9442664363206336	 0.32261110930390186	-0.06544439924116387
-0.974543729506567	 0.198683862041682	-0.1038712772793
-0.964109046048207	 0.141517922996168	-0.224647334279459
-0.9602060710141737	 0.08799663674222485	-0.26506771419692116
-0.9396075107605723	-0.017007101231076804	-0.34183107557686604
-0.9638767718195163	-0.08556352268768201	-0.2522309503848861
-0.975990658783075	-0.152004236892836	-0.156003031812865
-0.960078355902867	-0.265312506192825	-0.0886500117570796
-0.9245404415171754	-0.37094265081771416	-0.08732995936993224
-0.9042225991272638	-0.4237790007822674	-0.05284741927018765
-0.8503188621065426	-0.5260765670691018	 0.014187259306277393
-0.8731626948410807	-0.47452553993475377	 0.11141104203575294
-0.885434711050653	-0.415692286202483	 0.207858835892054
-0.8860218909550642	-0.3508000879459251	 0.30315756141904704
-0.873095216937683	-0.282191461181475	 0.397583603028098
-0.81598207118999	-0.261387086474163	 0.515606488051734
-0.780834824220111	-0.251553447388939	 0.571854737142125
-0.7347782391423678	-0.18451328798525798	 0.6527294890226049
-0.6777385518780251	-0.11796063370294803	 0.7257794046366131
-0.695320655171784	-0.00857002134695262	 0.718648551954009
-0.7492537164417606	 0.09591602264666206	 0.6553006828913387
-0.7698222846960987	 0.14897705601446296	 0.6206283000045538
-0.7984707658063872	 0.25479326442362904	 0.5454583655577321
-0.8066276198215064	 0.30728831635535475	 0.5049017464542807
-0.8419536288050069	 0.3539986569617459	 0.40718427991679795
-0.8642211956028876	 0.39919927969079827	 0.3062052582256932
-0.875380202030096	 0.439169708770327	 0.202087774970022
-0.8927831456443492	 0.42760872593933114	 0.14173578360429304
-0.9325346922324892	 0.35542950259577105	 0.06363109670105832
-0.9597769996098597	 0.28013536669117395	-0.018769319345598896
-0.9748862489528238	 0.21932551309785994	-0.03864092269930299
-0.9829795851767305	 0.13427136787357805	-0.12538873512058907
-0.9699492971994023	 0.02922869760480201	-0.24154511814299406
-0.959870042780049	-0.0246083787321133	-0.279363434739774
-0.9777662549281797	-0.09286285484901176	-0.18801500182967715
-0.9836384748390474	-0.1566517961687051	-0.08896946427528585
-0.9755975775711162	-0.21253528497066906	-0.05511913714678732
-0.9459224767352202	-0.3198007636789841	-0.05438878154036411
-0.905085556087957	-0.425005937197598	 0.0137872951569546
-0.8781688720254124	-0.4760498594125822	 0.04686110923650272
-0.8956288647163935	-0.4207204098892622	 0.14437199655554905
-0.9018709261168573	-0.3586255077913911	 0.24086630687269106
-0.895395429522102	-0.291680347063459	 0.336436620967264
-0.8753737025126286	-0.2220637110850929	 0.4294282118916368
-0.846530284338366	-0.211938992521849	 0.488332203675765
-0.7760662908276513	-0.1928847357494111	 0.6004303381374823
-0.7246714297446958	-0.12579930149094895	 0.6775144682264488
-0.7419593640302546	-0.015631532817390294	 0.6702626032456227
-0.7687420270988	 0.0365623324858437	 0.638513031672199
-0.8099340264902808	 0.14252164094731098	 0.5689415212435519
-0.8242842630330683	 0.19570131966901008	 0.5312781260280153
-0.8404245542525632	 0.30155672016264407	 0.45027781772382414
-0.8695529006050792	 0.34772153178542303	 0.35066720602601603
-0.886473283834818	 0.390812598255043	 0.247852032657101
-0.9207833594586926	 0.36899799221799484	 0.12648512435481393
-0.9541360980914104	 0.2958029831413811	 0.04609665371323902
-0.9845371515048422	 0.17503778429190803	 0.006954953408239422
-0.9871211220201173	 0.07561481227470242	-0.14097620588740004
-0.9838123621172448	 0.023775139734249596	-0.17761750723367495
-0.9873602024423844	-0.03968944120393982	-0.15344242858431606
-0.9932153932121888	-0.10234082685116198	-0.055222620779695385
-0.9769824871823453	-0.21293372109695505	 0.012823812179022304
-0.9472116504825753	-0.3203441374458231	 0.013027770114923204
-0.9268435539492808	-0.3725355061666599	 0.04667250955131289
-0.922296066623898	-0.36972125730869	 0.112588442498189
-0.9279345056913018	-0.30761223147438393	 0.21050479375726694
-0.9207429489590202	-0.24078767203511606	 0.30700768547083107
-0.9005766446582142	-0.17104154590380402	 0.3996329524338421
-0.8425545984917828	-0.15160358333173096	 0.5168346951214959
-0.8072676085043157	-0.14234247741421094	 0.5727631512093878
-0.7564918569135255	-0.07470890797313884	 0.6497219786131505
-0.809438343608683	 0.0294237012624266	 0.586467231565457
-0.829952847108437	 0.0823737826670668	 0.551718072484234
-0.858584397672631	 0.188999517307694	 0.476562707868109
-0.866611777050371	 0.24227097826508	 0.436221045993977
-0.896418335716411	 0.288288009131507	 0.336636586220827
-0.91410971110154	 0.331618451700518	 0.233308033641387
-0.931140522925089	 0.321366561831538	 0.172339373050294
-0.964049335700272	 0.249288635875697	 0.0920002954294104
-0.9792966450096487	 0.18884160951350396	 0.07291726537107318
-0.9932872084736488	 0.11486468053948297	-0.013661136379858599
-0.9924287791694287	 0.09210663127041079	-0.08124953385893259
-0.9951165091168838	-0.045216605839729695	-0.08774161976714108
-0.994513542344192	-0.103816798061802	 0.0128408151689061
-0.9864989235254612	-0.15692567702264001	 0.04684235021956721
-0.9628858468316113	-0.26585821989565106	 0.046585973052908916
-0.938273512118392	-0.313676684805062	 0.145772953138514
-0.9373558179297257	-0.24894401006253916	 0.24370258604963116
-0.9234571434011375	-0.1803735227239991	 0.33866251136130515
-0.8972084241443224	-0.10966063346535705	 0.42777516186945524
-0.8681583416854474	-0.10028278706667604	 0.48604984968634024
-0.797714392764602	-0.0826460624143307	 0.597345273642982
-0.8239373545272257	-0.030788150545770086	 0.5658439056848168
-0.86466529291735	 0.0748590994189329	 0.496739415044085
-0.8789299968830963	 0.12830710184140004	 0.45936842315960413
-0.8948884017345202	 0.23530441180454006	 0.3792183832916801
-0.9188001028223208	 0.28048462160254695	 0.27773143159924996
-0.9526846471287183	 0.26121877175510005	 0.15542431086540703
-0.9830848090156284	 0.13977516926496705	 0.11835184975172605
-0.9970487552486782	 0.06868886751644772	 0.03428730284477681
-0.9982835524787778	 0.015615276175913096	-0.056445655282771984
-0.9978585396002035	-0.04607184207084928	 0.04642973524744728
-0.9818459281999354	-0.15162047468952905	 0.11397282541083706
-0.9584217595678177	-0.26185719411707714	 0.11339550553730007
-0.9571423824791532	-0.19708506146911103	 0.21221672461860103
-0.9431222734281545	-0.12809954095662707	 0.3067749744852261
-0.917102430258063	-0.0570250894212484	 0.39455198845178
-0.8590389142316652	-0.039179998231192406	 0.5104087299158251
-0.879249802380055	 0.013578238158221	 0.476167424823615
-0.9076253513706353	 0.12060447150385803	 0.40208305485633905
-0.9155944880521018	 0.17435975709692794	 0.3623332838060979
-0.939953289063495	 0.219748363036898	 0.261148370321014
-0.9568415078212095	 0.21080019008793807	 0.20004401707955108
-0.9720057847333837	 0.14939274918801196	 0.18134652170606097
-0.9920837458114002	 0.07821822753703091	 0.09824332128845492
-0.9999023835435338	 0.006672740929953159	 0.012275907805196197
-0.9929358746888585	-0.038585683147610815	 0.11220291356245606
-0.984948384191485	-0.0918613678651867	 0.146417791174843
-0.9678775959352238	-0.20403364749373396	 0.14691232071223398
-0.9600743450983557	-0.1367543591964941	 0.24403994985395316
-0.9400709428835382	-0.06606178639842002	 0.3345182546945761
-0.9082084726647708	 0.005061167599659869	 0.4184874606991859
-0.9223492962787685	 0.058690217845904225	 0.38187332190565615
-0.9382702449318264	 0.16648157643024808	 0.3032042746810641
-0.9701437396046935	 0.09591604335209264	 0.2227582481828681
-0.9900830312793493	 0.02430577058999441	 0.13836481015316604
-0.9739732462679462	-0.08372029818929351	 0.21063481959394706
-0.9541203037875545	-0.012405162658655796	 0.2991664383579099
-0.9452534932614122	 0.050270026853910715	 0.32244186743846504
-0.953240414393788	 0.104377102682119	 0.283616171615876
-0.9791312417393125	 0.033061719993125786	 0.2005216549929909
-0.971068706468933	-0.0211978756441008	 0.237857556922059
 0.4438572713808231	-0.6751223729604812	-0.5892372223227071
 0.5498318748534098	-0.7194586628504668	 0.4243396538677508
 0.7321278717739447	-0.37888421937676786	 0.5660702497738348
 0.23525323157087	-0.602032817118792	 0.763028442554715
 0.9377264574348577	-0.1413076070090831	 0.3173346045234252
 0.906297096037393	 0.42264118437434	-5.46337226264749E-5
 0.456225888985979	-0.0377889095874705	-0.889061267028962
-0.0389491682581388	-0.892812036687087	 0.448742275074073
 0.39405978540289727	-0.9184411029655046	 0.03439223621298952
 0.7846365548535232	-0.32499116074765405	-0.5279452833613411
 0.2634181602778471	-0.8534326815750464	 0.44973717975664423
 0.17285225856300904	 0.4915735578559051	-0.8535089536299862
 0.15983962710375407	-0.6724243117057843	 0.7227010714218813
 0.25378222969087605	-0.8835686320297722	-0.39357471004393113
 0.0537372070250556	 0.134005437942407	-0.98952253899697
 0.12223339378285603	 0.31895846984756004	-0.9398534417433542
 0.6866174881624532	-0.5723804581937522	 0.4482600094001181
 0.8921438225999425	 0.2678971199167569	 0.36374514833474986
 0.853185997240201	-0.216655011465214	 0.474483150512483
-0.35154998182740604	-0.43975612697044814	-0.8264545716910893
 0.8279153982214897	-0.006448085453029258	 0.5608159373464189
 0.599032909956015	-0.636303552312149	 0.486083698661629
 0.6847688038616011	 0.30488961365086703	 0.6619169198213452
 0.8210776836397936	 0.3952606767437302	-0.41182573359225527
 0.9899749842326584	 2.166482073125181E-6	-0.14124280721103705
 0.943073719413898	 0.160339690526573	-0.291381439684616
 0.3768165196272239	-0.4757587247355239	-0.7947722606973988
 0.8596328328033278	-0.4000598583522459	-0.31777901520035395
 0.7373868946190278	 0.6754705861532159	-2.3427748053684794E-4
-0.0422896354972221	-0.944455581922959	-0.32590679726584
-0.05094540252657501	 0.16810029244752706	-0.9844525674914262
 0.6641478421606358	 0.6332969196469108	-0.3972941672351928
-0.027882219424155308	-0.8645744477834022	-0.5017306110653491
 0.010438182385186102	-0.9724759552757932	-0.23276932950654605
 0.8998570563336665	 0.23193009023562616	-0.3694126573492072
 0.7532482806298177	 0.07790331601034009	-0.6531065005669568
 0.487304337783945	-0.612936023662107	 0.621967775109158
 0.226802100796034	-0.806100845420572	 0.546591469094373
 0.9135940079848656	-0.3496162582626958	 0.20764021896670593
-0.3288184746380552	-0.04985907996959902	-0.9430760748111935
 0.41172839350208884	 0.29875161865152583	-0.8609455269279717
-0.026864398389213808	-0.05384521525593331	-0.9981878565146082
 0.758870411568296	-0.42864012735724	-0.490289036860232
-0.3219543865618708	-0.9255542620960625	-0.19923524007911592
 0.544942246711821	-0.128235097735828	 0.828609502393833
-0.37554086049115987	-0.33378794319337696	-0.8646124398135238
-0.20705702459579992	-0.8899449198425415	-0.4063562823582118
 0.643156917970133	-0.757665676441572	 0.110868848688417
 0.5834111159019064	 0.47790847952210536	 0.6566848216937574
 0.3342582599549198	-0.7103452230491487	-0.6194199542662188
 0.7875866768460972	-0.4021436113078801	 0.4668915744996671
 0.7601326172365076	 0.5380252392166454	 0.3643175073737862
 0.8458473132732487	-0.11189977510944095	 0.5215560976145168
 0.320830009814211	 0.80179679588983	-0.504172592376277
 0.7274181564106539	-0.5926879741288339	 0.34580889382314095
 0.8293025307106988	 0.4548608794053599	 0.32459034634969197
-0.059057178781179914	-0.44670908542030513	-0.8927279779626952
 0.286941029153597	-0.168892163362758	-0.9429423539872
 0.0071910661253957835	-0.7903519472677734	 0.6126108781420873
 0.947303420977104	 0.0436391911916688	-0.317351303128273
 0.6621974707283581	-0.35323042387073406	 0.6608500415472991
 0.7950815400310193	-0.19834516020686205	 0.5731531576502191
 0.2221786506055881	-0.3389558281458352	-0.9141912238591284
 0.626046270614216	 0.593973121026856	 0.505234597536281
 0.6120492103573371	 0.2749855099900981	 0.7414706557891861
 0.8641650422629114	 0.4976222551379822	-0.07477212663907194
 0.726267792337308	-0.666088771970135	-0.169884789398023
-0.37227220997498717	-0.8819587332192474	-0.2890712621113341
-0.23841405471239205	 0.018096997594256002	-0.9709949727952613
 0.07286957721184761	-0.9040793582597653	 0.4211063270547921
 0.9286949165801562	-0.35819265877242007	 0.09604046605322883
 0.564880642497051	-0.227741090761914	 0.793122850074749
-0.06265630418988197	-0.6829948729353058	-0.7277308507197908
 0.8868869029896884	-0.3369052957015742	 0.3161114408457782
-0.14412353540510894	-0.8546323934039947	-0.4988305109823298
 0.113562802782495	-0.488845557712574	 0.864947114295936
 0.5465608190958212	-0.6314938854943252	-0.5499879486066812
-0.16014660699630304	-0.9796270684099592	-0.12117702383736302
-0.294714415798429	-0.268988791921034	-0.91694516899401
 0.2667077447350032	-0.5062772452340574	-0.8200916594238615
 0.6575154845249058	-0.3328840785332129	-0.6759153629479597
 0.5345459359083209	-0.7454155333964309	-0.3982666505938099
-0.36362561861283316	-0.8017711964019083	-0.4742777225515522
 0.999156768731837	 0.0282827350220987	-0.0297630374294093
 0.30167631717428495	-0.8868724272142487	 0.34992670304403395
 0.33199440602655605	 0.23745463529200606	-0.9129047105505672
-0.00681918212348555	-0.937141045286579	 0.348884164149571
-0.34176236730649706	 0.059676511889897414	-0.9378897580322082
 0.5289149118453772	-0.21540695495455509	-0.8208829756943453
-0.13177690310722803	-0.9880311655061752	 0.08018269012684372
 0.38511447239943686	 0.4049534028763838	-0.8292765429260257
 0.600290303832175	 0.192156980036136	-0.776355103125153
-0.519426619430397	-0.777723155090336	-0.354037683112183
 0.9673249189699208	-0.13491666192651597	-0.21466251529888095
 0.1579582343801949	 0.09774344270543456	-0.9825962627649165
 0.5915600259937771	-0.6674795505282631	-0.4522474823289011
 0.709290986658333	 0.52568712100881	 0.469637463423349
-0.0537049152624395	-0.984404806273135	 0.167520027050517
-0.17710447746205293	-0.6651664831312588	-0.7253878643744228
-0.018970681917750795	-0.9977754668038987	 0.06390798910807519
 0.8484550503132623	-0.32043780974456715	 0.42124059358521515
 0.5247113210382718	 0.5049376192584177	-0.6853583225086807
 0.930169953394511	 0.26046576939053	 0.258730440377341
 0.9654906781500898	-0.15262753533090997	 0.21102745286832197
 0.7308394585236863	-0.6805278103675922	-0.052493668009539626
 0.824639651928213	-0.495809168020944	-0.272291596223782
-0.3803203378067688	-0.9000091937685616	 0.21293165988788293
-0.37158920681855706	-0.9240058356235632	-0.09019244485851541
 0.6174522506793232	-0.03983078881559932	-0.7855992785086844
 0.8001082937033643	 0.10214385546772704	 0.5910950440811352
 0.5197521980358528	 0.7887617952738917	-0.32819579971901985
 0.5722372592332139	-0.3867997768699399	-0.7231393031488639
 0.9909838978220982	 0.13383984400708301	 0.006149017277681482
 0.5390490987756693	-0.09786402197190756	-0.8365696039855985
-0.12939712682068302	-0.7426786895208081	-0.6570272046895831
 0.33754187593273793	-0.7934665985125787	 0.5064348319741508
 0.3685568757109102	-0.09578096918614297	-0.9246576854749957
 0.4496571906102869	-0.8692458308982228	 0.20547529388839494
 0.620221990195107	-0.753120419455883	 0.219395343334847
 0.3633417989954281	-0.8541433142159824	-0.37205098559593114
 0.5833766565839289	-0.8098898067584708	-0.06123869252101519
 0.4925816059388412	-0.8702034466200264	-0.010455763068251505
 0.58895973985515	-0.740347774125839	 0.324054930801353
 0.55162369992041	-0.818888597968384	 0.15853314417967
 0.9560841473262914	 0.2511779391411301	 0.15103888942975305
 0.35019571640601804	-0.6013041691102621	 0.7181895685830401
 0.8141383154200006	 0.020440573139522016	-0.5803111116761523
 0.512964542767018	 0.851236831005533	-0.110739493422544
 0.20607887154675308	-0.8489091148626213	-0.4867081398591742
 0.0655021659321378	 0.0223747833099694	-0.997601541363099
-0.16796885061226294	-0.41192471934655495	-0.8956028644523518
 0.5780032619069111	 0.6690619306927901	-0.4671919970660961
 0.600723646580193	 0.379377845192426	 0.703707006513753
 0.9118932570132268	-0.32609806110166895	-0.24922026875746195
 0.09468736502025747	-0.20106492758149894	-0.9749908706250368
 0.931645840555575	-0.0348719805476778	 0.361690437733953
 0.5716706282049943	-0.8189747815544873	 0.049729267292883024
-0.32248466652851	-0.540786275170722	-0.776887279108734
 0.7336302839531689	-0.27927673293781297	 0.6195087674168739
 0.7164267623650208	-0.47763932827397587	 0.5085207628535529
 0.494193253548866	-0.49391573936884	 0.715416152005613
 0.9703398318936205	 0.2382728503282461	 0.04082474050271282
-0.06670380100408713	 0.2783900254206141	-0.9581490472144284
 0.933042319367964	-0.359240956021246	-0.019441342170535
-0.3049258033840721	-0.9033559445448655	 0.3016095023138901
 0.026371644201477595	-0.3806716854092639	-0.9243341410495348
 0.600227822906837	 0.758508295176429	 0.253755249713313
 0.728649116696758	 0.618687263503338	 0.293762718389835
 0.5219907853991499	 0.8242310467609898	-0.21947391989405393
 0.5897302318083152	 0.048031304476918224	 0.8061707309754903
 0.15565620164255112	-0.8045853418127515	-0.5730737950999604
-0.34749763118470717	-0.9312844578210745	 0.10933734468114904
-0.42318967833028687	-0.49858751486130387	-0.7565189926096618
-0.4144856637063211	-0.11384263880254702	-0.9029072422859412
 0.9458901971832743	 0.32246983840969007	-0.036123928200227105
 0.6855597859887099	 0.20029720902237394	 0.6999205725601739
 0.7494591607189323	 0.6240234529946672	-0.2211463237928371
 0.45318007414816314	-0.15489865170634903	-0.8778577493504403
 0.31997713561734176	-0.3101287562815418	-0.8952289021302794
 0.8662174185964366	 0.44915633279607375	 0.21892001377057388
 0.10345702428673505	-0.7502081317262104	-0.6530577334490444
 0.790831836500946	 0.607577206567178	 0.0737220756392954
 0.015900322964111705	 0.3542314689408861	-0.9350225912466602
 0.7311170427047436	 0.4308027416884078	 0.5290339002563268
 0.9732332391143798	 0.08262123972041399	-0.21445464096165995
 0.32090434341317	-0.935209148835882	-0.149680494094011
-0.09343439925251762	-0.9051152756661692	-0.4147726495226941
 0.6570863451831008	-0.45005237926560177	 0.6047234003172738
 0.643718325239654	-0.660543714483684	 0.386404864108557
 0.406554003872528	-0.717280003600086	 0.565882707255379
 0.384417016910919	-0.753924019432415	-0.532749594117332
-0.10503045426579705	-0.9679839249189545	-0.22798185185495912
 0.0958598040946965	 0.42558821642042	-0.899825298601352
 0.6806241527504037	-0.4863233250463318	-0.5479419551455018
 0.5969411134387764	-0.27549341127095117	-0.7535016174055426
 0.5377252224638893	 0.020109130394815412	-0.8428803046701976
 0.27290865131510905	-0.23934420857779007	 0.9317914025454622
 0.8979281088105975	-0.12764136121571693	 0.42122772263328373
 0.16911104651478998	-0.014386219596453396	-0.9854920043472678
 0.6575146065142253	-0.7534414765052013	-6.954869556315734E-4
 0.6866372059227378	 0.6929171005871598	 0.21998917963504389
 0.487268435668198	 0.598673143069286	-0.635735746492998
-0.2747532847189749	-0.9405461981006148	 0.19970849199423896
 0.3323416435724901	-0.5700247385439141	-0.7514125560539152
-0.273598143968306	-0.375653212812781	-0.885453962281797
-0.1477737583720329	-0.8701444921482524	 0.47011857985051364
 0.62801931021418	-0.697035632816681	-0.346024670481679
 0.16596461869157303	-0.6776877272838772	-0.7163763603242181
 0.6740243825096841	 0.49794100136562613	-0.5456609670312111
 0.9532614667526018	-0.25801242090997295	 0.15723284218271097
 0.7232316830720912	-0.6877585819664572	 0.06264236212179852
 0.9805343427334292	 0.051330234291792516	 0.18951941791772106
 0.596095965080679	 0.716286450315951	-0.362771720932474
 0.21676727679783392	-0.5107629821285428	 0.8319453851045807
 0.680217588669335	-0.615385614245956	-0.398251902498912
 0.7056090962977672	-0.07716447094431221	 0.7043872852669423
-0.0819071563203286	-0.34412210463413	-0.935345494908536
 0.7816938254745103	-0.09503826025265073	 0.6163785300472231
 0.647386855166754	 0.352788751094722	-0.675596297250308
 0.4872929192450239	-0.7930354460731728	 0.36556858744315895
 0.973090710321548	 0.21909975202713	-0.0713426110228331
 0.42277072592292886	 0.5557663562966227	-0.7158132930529967
 0.981419007906684	-0.161929501702688	 0.102934772539601
 0.27981109190677417	 0.4506405562506843	-0.8477197897347996
 0.5563145882901788	 0.40603782690669177	-0.7250154218886797
 0.7977839871186084	-0.3007891734327068	 0.5225577317797576
-0.20416468292453305	-0.9788594221312062	-0.012288773384115204
 0.9009954465865102	 0.37072803668254806	-0.22531739401981005
 0.12445820471910403	-0.9893436281546332	-0.07556017937991291
 0.50963714425679	 0.247110067554316	-0.824139912701166
 0.12682001655177602	-0.9660779176650052	-0.22496697624730305
 0.7484872161056981	 0.6538228182317251	-0.11082693574157203
 0.259952028866105	-0.948077633437813	 0.183231393771241
 0.8010345175028215	-0.21543113801593514	-0.5585097371954953
 0.10767182537664799	-0.9412227787839148	 0.3201662985361619
 0.604228232863578	 0.754642945278439	-0.255777770246049
 0.965404865785353	-0.0458168402759252	 0.256698777295676
 0.6706943733326629	 0.4073900974801769	 0.6198405972949809
 0.825209252653487	 0.18779219125804	 0.532694830308665
 0.866361824467175	 0.0768694855223517	-0.493465572559461
-0.253123809709759	-0.837095617493483	 0.484973467450769
 0.90144025605598	-0.189962852424391	-0.388998174109492
 0.9814361248581038	-0.15755303808523896	-0.10936257592805497
 0.6808918054714861	 0.7090375930079141	-0.18344492618582703
 0.6296277173974714	-0.44013004850092924	-0.6401987799827643
 0.9970063147700132	-0.06581758412862111	 0.04057651941935691
-0.47251004555291687	-0.8783360129687828	-0.07252658253139349
-0.47333463289343325	-0.8384383741930344	-0.2701396268306081
 0.31839177426768217	-0.5317085454044542	 0.7848010581176333
 0.811694468467297	 0.564848447240377	-0.148655041992283
 0.45729386568606223	 0.4579056803571052	-0.7623678300548853
-0.17648974747258	-0.806552704900659	 0.564202182957932
 0.9692193142744956	-0.02674671749078979	-0.2447417699142189
 0.132344139989	-0.411909952650356	-0.901562654238824
 0.02707466676009921	-0.9686412563423145	 0.2469839649277101
 0.7307427698726511	 0.11233507387800903	 0.6733467423665671
 0.307098389618681	-0.437653740468991	 0.845073832601101
 0.7544998871283083	-0.04023155664047892	-0.6550659067404243
 0.270199064786032	-0.0526220101608111	-0.961365377697465
 0.41561619948211026	 0.7615509798026335	-0.4972959681011863
 0.6801255650344957	 0.025799127756625795	 0.7326415363556078
 0.5894164526474699	 0.8069310860801358	-0.038085005789753996
 0.09650767102697236	-0.9945768648904506	 0.03877021095676829
 0.747921629896918	-0.159692992051704	-0.644291381148244
 0.143797380431447	-0.965358147790752	 0.217729097446948
-0.420174018188231	-0.826446032089518	-0.374754253455578
-0.11851391079170497	-0.9208211025985208	 0.37154131662319895
 0.6821309957759641	 0.6107677576115591	 0.4020697089608211
-0.155249939574322	 0.200204803074419	-0.967375569821826
 0.6331140489113228	 0.7603610518524088	 0.14497472847710297
 0.7583381243020947	-0.6064767895833247	 0.2389752977332269
 0.28980990741765106	-0.9540621903033272	 0.07599706965528802
 0.962043339373834	-0.264248205225595	-0.0681578990396125
 0.41094493499716617	-0.37241305584286216	-0.8321254570303424
 0.9292074373423957	 0.16566539423561397	 0.33034605422244195
 0.886888458417707	 0.359225958255099	 0.290491950389626
 0.31964683149730994	-0.8238072114631938	-0.46815337385836187
 0.24725293457165	 0.170280531770775	-0.953871336630664
 0.8421114389773232	-0.5334260618610481	 0.07940378373198151
 0.6887820626658037	 0.018919472322549792	-0.7247215490910127
 0.4416239849792301	-0.09614877179376313	 0.8920334464433582
 0.6557002860691504	-0.25541890874126016	 0.7105056761956644
 0.14316502113232005	 0.2091037287487041	-0.9673569182817534
 0.6740940966579528	 0.7349423093739279	-0.07387117667274888
 0.005814626187891549	-0.27382759246051597	-0.9617612176260658
 0.280417909485169	-0.657539062161273	-0.699291196692795
 0.9373129681758284	 0.34021176739656817	 0.07550068221096914
 0.38454004274084447	-0.6616432054172476	 0.6437058522757577
-0.226622417799415	-0.893238560332232	 0.388287463210376
 0.879416494275194	 0.335835276053123	-0.337403759544926
 0.22792794320331694	 0.28031196937713293	-0.9324559252484907
 0.8842289443528922	 0.17353127197208204	 0.4336197315809341
 0.3099283082041031	-0.40888265025531717	-0.8583469124392133
 0.33933917221763005	-0.9072389598690512	 0.24852846093430805
 0.9318536920308762	-0.24710620122843205	 0.26568255863507206
 0.8454537752346774	 0.2936130092751001	-0.4460933923808462
 0.08364961138074899	-0.7356538560406989	 0.6721727059382139
 0.4954985864329679	-0.5874029737621349	-0.6398741261047609
 0.6872922757194524	-0.10025390702748507	-0.7194292750938764
 0.139936018005038	-0.902180693514253	-0.408029296883245
 0.8831925154261657	-0.4459929489453559	 0.14512501571482198
 0.22388829574164895	-0.9315763384224948	 0.28642548196911094
 0.752887466682798	 0.448098955643633	-0.482045421576685
 0.116342069402557	-0.804467286015515	 0.582491981591131
 0.18663293397410802	-0.9026490150924652	 0.3878052391456551
 0.5197204514534969	-0.026381457210547195	 0.8539289613641298
-0.33122844626870823	-0.8547022279232895	 0.39971467069071026
 0.8109038041403988	 0.13499018409641297	-0.5693967602895599
 0.744690033077546	 0.191147056731072	-0.639452545024267
 0.9104137267920053	 0.12443224974120203	-0.39454209064817813
 0.300795725032662	-0.741629758282377	 0.59958922057697
 0.5233419893641768	-0.8101564189764207	 0.2641206901392779
 0.436044437254731	 0.851560411470676	-0.291050020366084
 0.9113924492664666	 0.017166312628182395	-0.41118015653825385
 0.1730798547867491	 0.7307283616390023	-0.6603631011522203
 0.8627127829402277	 0.4698099209177098	-0.1870970132279589
-0.267186224907678	-0.957743148217723	-0.106487479365363
-0.10843353903288504	-0.6025958309184172	-0.7906455793669793
 0.4159068021331719	-0.8554718234175838	 0.30852794245894993
-0.5689281702644133	-0.7834657046913226	-0.25000445326456916
 0.45382984434380175	 0.6866003154825145	-0.5679951400867727
-0.16606221649386604	-0.9686093917384653	 0.18498428714132606
 0.43512097295657115	-0.2669590430690241	-0.8598852296771924
-0.19786269625972708	-0.9369759342754834	 0.2879695331409491
-0.14471655784139098	 0.09130733369559779	-0.9852512820087778
 0.34945688497589195	 0.12698895083900796	-0.9283068953248997
 0.8625423478052403	 0.08401044422202664	 0.49896186578158624
 0.592555738953577	-0.539859886279787	-0.597853660538393
 0.5814189248160568	 0.3016785861482749	-0.7556070834271728
 0.5781878319055601	-0.32504941275472204	 0.7483593457050951
 0.297902810797587	-0.908463569650817	-0.293168651011994
 0.49131249770381236	 0.07840044889548946	 0.8674476348535556
 0.07445631998030068	-0.9434312846888337	-0.32310008895908393
 0.8931178360023022	-0.44882560515362513	 0.029935049240762807
 0.646753982462249	 0.130740239590578	 0.751409526104786
 0.7479429836599969	 0.32723453157500093	 0.5774935969676819
 0.8417001673676463	-0.5169189595157002	-0.15599877418262706
 0.36143334378727104	 0.015771262738247204	-0.9322645575534843
 0.0159838064607236	-0.999055577566743	-0.0404038471411775
 0.9857270907006632	-0.16824883115772704	-0.005868004163700422
 0.927525186215486	-0.34795548129253	-0.136469820745878
 0.5851748921947572	 0.5483672594625291	-0.5973806946114091
-0.19409119422843005	-0.7929244329936013	-0.5775806886355861
 0.21990041656275694	-0.7360004995983199	-0.6402710921059529
 0.0896962844487592	-0.862723113009329	-0.497657921503898
 0.24521188180270412	 0.7713661011482283	-0.5872524763865692
 0.20668210747582905	-0.9783986801638422	 0.004304544459216291
 0.764913891952034	 0.617320300273881	 0.183908631577089
 0.112415206595288	-0.606421421940856	-0.787156833380343
 0.5016816133995051	-0.8566608348584303	-0.12019888849954903
 0.188960027203807	-0.931351778278486	-0.311252266203217
 0.5384546139894948	-0.4910463655596038	-0.6847920089663196
-0.4505990648349079	-0.8840534294867097	 0.12413708786133897
 0.9176046935915813	 0.3519690414937711	 0.18471442858817605
 0.6018245061681071	 0.7849885963084342	-0.14696995421251402
 0.8815271276456792	-0.4253566500311961	-0.20489422514799505
 0.8854144054242326	-0.29760680611110524	-0.3570315386959532
 0.9822031804472126	 0.14712972945601793	 0.11674654183135094
 0.4943659561539048	-0.3946848015925618	 0.7744844793718436
 0.07868612597377854	-0.08998268987555634	-0.9928301008239014
 0.202801845443509	 0.387826598373094	-0.899145116807661
-0.313028378917803	-0.159863369629613	-0.936192788394975
-0.34919118987179787	-0.6859909043792908	-0.6383431616495948
-0.0995278366866531	-0.765298590864859	 0.635934176267274
 0.8064762913498436	 0.5900927380931394	-0.03723643297019573
 0.9639460189411	 0.193061566861133	-0.18312646987459
 0.06504959465663862	 0.5272400355832081	-0.8472228131449392
 0.7239156470749246	-0.5257336958576397	-0.44671043972573576
 0.8605106529669228	 0.18752950824792894	-0.4736603209756229
-0.28574078660104296	-0.6350826444266318	-0.7176504982376127
-0.101590162261356	-0.237657693555973	-0.966021873264455
 0.396776317816732	-0.367371722292274	 0.841193539727811
 0.445262188074921	-0.76632190973234	 0.463133149898507
 0.5677126253105091	-0.7702374216560812	-0.2905799190302761
 0.28145163798254696	 0.6922781823817429	-0.6644816729415279
 0.26923400571908	-0.677437086041757	 0.684537832862225
-0.24973286980975012	 0.12664553525461905	-0.9599970844417485
 0.00243686032889844	-0.604585309104284	-0.796536669417683
-0.561555281419824	-0.706258979669717	-0.431107781819573
-0.5200896705829892	-0.4503390028901281	-0.7257420457909292
 0.5734587906055301	-0.5150716885994301	 0.6370605709668231
 0.833868575909863	 0.531989348823386	 0.147141193581291
 0.942810108141161	 0.298235665742208	-0.148877760817908
 0.2714193401504211	-0.7845415117481462	-0.5575178545448061
-0.304301104551353	-0.765638159971069	-0.566744250755967
 0.6121626678145609	-0.15878876733035197	-0.7746244222227098
 0.8857484847166572	-0.021769624814821604	 0.4636547263401591
 0.6679499994427827	 0.2467757952759239	-0.7021000677327427
 0.64668302626553	 0.687961344582244	 0.329408943261483
 0.48648048066728233	 0.35494050615498324	-0.7983445240121425
 0.5955119645853719	 0.6748184922162319	 0.4358732643770229
 0.3545253347811891	-0.20788017151858004	-0.9116455568298962
 0.6578146910053013	 0.7523322637479933	 0.03572110330630562
 0.112813249494023	-0.30903838411963	-0.944334923572843
 0.8264054878360618	-0.5289357211758329	 0.19308281264432195
 0.542474934881969	-0.606473615090382	 0.581300868074362
 0.3906896043773	-0.626962410407918	-0.674002795963787
 0.635282604074566	-0.546297751723833	 0.545870661807102
 0.9616423930294022	 0.15710731837122902	 0.22485817406286607
-0.4140200346213439	-0.9100819028475767	 0.018394049077768097
-0.424969333000367	-0.886826474606359	-0.181493443260301
 0.8465399190315466	 0.3631159427492812	 0.38925181773161127
-0.208389850395221	-0.200658242603955	-0.957240795164597
 0.7917101390557465	-0.6018352028718246	-0.10483055041618593
-0.5485672363277527	-0.5910759564673468	-0.5913570840988908
-0.39632758321744826	-0.22450828786056215	-0.8902361908296785
-0.17142930069536697	 0.30888191051275693	-0.9355233616650558
 0.7288918334315279	 0.29884856041632396	-0.6159596034594449
 0.023266440702414	-0.909420044313915	-0.415227474689619
-0.06994497274544126	-0.8354272168133404	 0.5451321547984077
 0.7829159965752975	 0.4496431424278053	 0.4299576569549113
 0.8927527286389314	-0.4418753782602172	-0.08796996984842324
 0.9879816510028472	 0.11248569312346503	-0.10601521647491002
-0.4731019148593069	-0.28629283270816797	-0.8331932501505218
 0.30865469737230894	 0.34574468383252394	-0.8861111055570607
 0.9274676414987655	 0.2679488717463571	-0.2607818553936831
 0.5080829599955298	-0.32784392465056084	-0.7964735192282907
-0.31601629667538916	-0.8638241759746703	-0.3923537858072152
 0.9065032685363456	-0.07837881408367406	-0.4148597180201508
 0.9958572826421924	 0.04115922587252022	 0.08108138340015794
 0.6615570320223579	-0.7409813858082839	-0.11527740137340098
 0.830796587316111	-0.42145488628319	 0.363528278586312
 0.9629291956824878	-0.26571328534199495	 0.04651681518591759
 0.4076608158321089	-0.9098740880303567	-0.07708309260808219
 0.8588755918642288	-0.15276431240708296	-0.4888719490364139
 0.38682100180829	 0.648031165996346	-0.656067923661451
 0.20221426695449393	-0.4143302263252459	 0.8873780782695317
 0.5819021649870999	-0.42078688536054487	 0.6959369709189889
 0.733817773269802	-0.275338243979586	-0.621047765502451
-0.0910096075607487	 0.385626867287244	-0.918155308516955
 0.709228545551488	-0.644223257071524	-0.28630624377243
 0.23872403341091905	-0.9493146777649663	-0.20448099777735004
 0.9325985224231854	-0.21940956523609512	-0.2865648943206391
 0.20088783329294005	-0.23833222244469707	-0.9501798935882823
 0.210736770360821	 0.645231516411002	-0.734347536148825
 0.6766926412811521	-0.21873291674651005	-0.7030241676980261
 0.7575486627732502	-0.5588272207825891	-0.33739022043157707
 0.5596190057693399	 0.15616100952566297	 0.8139043601588958
 0.0383802034149023	-0.813048249863911	-0.580929860980706
-0.2151840911988201	-0.9526303554360654	-0.21492141074516907
 0.35244046107763716	 0.7304402644181194	-0.5850151634890932
-0.012933255749125506	-0.7530382399257993	-0.6578496333549043
 0.9096968833962388	 0.3997961563403449	-0.11231479739845697
-0.488829428821717	-0.549456507775543	-0.677601162617759
 0.42826951785360684	 0.8104896844841357	-0.39961442844602785
 0.132719449214134	-0.584908584505608	 0.800167167266905
 0.640387776148899	-0.580960591538227	-0.502382610406273
 0.640172519356801	-0.156219449816981	 0.752179917944667
 0.9948745890391094	-0.07254761551438513	-0.07043717461284332
 0.06230224761296278	-0.9876312364451347	 0.14388526936496196
 0.9533234170172622	 0.06079492587922752	 0.29576754310415904
 0.8000223626593046	 0.24450015872315617	-0.5478904011108203
 0.05567942334623837	-0.4893609450490028	-0.8703020551949636
 0.17853336221863603	-0.9773807748147462	 0.11336957086200902
 0.03935349643669609	-0.8537806641760998	 0.5191434096636739
 0.6776708661940473	 0.6750231333982643	-0.2917292691674921
 0.800449554222461	-0.517495580258641	 0.302454683478097
 0.13895149244660404	 0.5898847490257632	-0.7954423081617382
 0.8474865576649238	-0.5294671048538859	-0.03783013950413229
 0.8270928479241817	-0.36679018916729283	-0.4258901008984458
-0.408752024787827	-0.72789914875232	-0.550531208450075
 0.5029432846684948	-0.6895929842864507	 0.5210658004799128
 0.4121151105460153	-0.8912041211672406	-0.18951609449904813
-0.08723357663866069	-0.9588111214295207	 0.27031747359335095
 0.7166364699339332	 0.6887147668791741	 0.11001881585981503
 0.4699664200986279	-0.8144652461294948	-0.34026155649279793
 0.376351131831161	-0.83181764424641	 0.407969646284815
 0.847876447093577	-0.261968066991345	-0.460953644459821
 0.030098196861511408	-0.5607272256290251	 0.8274533684649922
 0.4921448953583481	-0.7144817407440152	-0.49730196472176014
 0.6791468138700348	-0.6774457231817959	 0.28253654162404196
-0.3105241761201601	-0.9505621610365874	 0.0025127774172840015
 0.353144232597492	 0.506704123378821	-0.786473192381043
-0.14273130712022902	-0.5108530182102141	-0.8477363786893102
-0.2564794542911769	-0.8336470023029676	-0.4891328705758548
 0.6198475241638491	 0.4533642220509531	-0.6405075557337951
-0.11843727844624002	-0.12870650064017403	-0.9845848098397663
 0.7155492382612333	 0.5424444086354793	-0.4401628689063562
 0.8486421629057287	 0.43565049792663285	-0.3000252039328759
 0.7054666608963899	 0.4011082395753889	-0.5843192368118909
-0.05093118024475829	-0.9896586129420988	-0.13409640080329197
-0.24215083153074	-0.719743557105355	-0.650639828779565
 0.9871754941980125	-0.05579485611264408	 0.14957097875684092
 0.780753820106483	 0.348822793744866	-0.518407302179628
 0.862588936185728	-0.436222048178459	 0.256223831547662
 0.22216580470284894	-0.9686055767682078	-0.11155981298954898
 0.9526649535821562	-0.24503337806790207	-0.17996702433763004
-0.189601113679304	-0.308009814721313	-0.932298971214122
 0.067087189738271	-0.988926489863753	-0.132377137825146
 0.6128994724639579	 0.07800700895802039	-0.7863009240785778
 0.478424032876613	-0.434877440329163	-0.762884038801988
-0.13282139548831298	-0.018599123312495296	-0.9909654633298498
 0.5397693560043251	 0.6380230177261481	-0.5491590581701221
-0.38933008050769613	-0.5961295774963671	-0.7021763419867361
-0.15670823069792403	-0.9347075697134262	-0.31900515599586604
-0.450946769444254	-0.642907772092074	-0.619125680061324
 0.9139701765626302	 0.07076076308558242	 0.3995640508874901
 0.7396835545388691	 0.5861823863104592	-0.33054265855426207
 0.7867462794768365	 0.49247544031070734	-0.37215350652671625
 0.43249783482298	 0.188860960435212	-0.881633234682611
 0.4024283544436932	-0.8753464063071394	-0.2679927023351901
 0.9423468633677968	-0.10657242248775597	-0.3172139780431599
 0.447454053570697	 0.0764503479664557	-0.891033228470723
-0.022406683513111304	-0.7140492966671371	 0.6997367665509011
-0.07908638672615724	-0.8090157539745384	-0.5824421458442116
 0.801958351122465	 0.349457560712056	 0.484502029228069
 0.7597765043671922	 0.009381785873662441	 0.6501166399234761
 0.843579457019984	 0.263111999901619	 0.468130083632359
 0.779676613993498	-0.612986742833988	 0.127873494913577
 0.15081893646964203	-0.8602164806788062	 0.4871152376704461
 0.6178487016727571	-0.05514675215577521	 0.7843607700337633
 0.4647139073476133	-0.19805620837623714	 0.8630264901156526
 0.482873253197742	-0.297339807595471	 0.82366404569176
 0.891741871662281	 0.438818128988119	 0.110612313942069
 0.3590272984767831	-0.16710938050438406	 0.9182449857722634
-0.26657348553681015	-0.9140790334466855	-0.3056110230700612
 0.5268898271218321	 0.13520607968774104	-0.8391104969495963
 0.31007151970046604	-0.9500369812367873	-0.035852293554752605
 0.4390449044855861	-0.5351307066643202	-0.7217164946363551
 0.5688184927145831	 0.8194599173227273	 0.07022083912443021
 0.711838877200281	-0.384237691152592	-0.587917349296624
 0.19237001995912906	-0.7453251587280141	 0.6383448779366722
 0.3179732405634319	 0.6032599402069578	-0.7314167504419677
 0.7639257798654339	-0.5002341249512738	 0.40765576543356097
-0.09547655000083613	-0.9950894657019702	-0.026099495184879907
-0.449885256810407	-0.395169688363266	-0.800902099574919
 0.796831622172697	-0.466158616522044	-0.384389789338742
 0.6333677162578893	 0.5888266825850093	-0.5021239626608143
 0.780358985152899	-0.584415710037282	-0.222481756898756
 0.292068365850105	-0.340448991750782	 0.893750834229275
 0.8985866714257356	-0.23327299980107488	 0.37165266244145884
 0.0513143286942129	-0.684235495332124	-0.727453521950554
 0.7598942287332846	 0.21339468190899014	 0.6140223700084614
 0.723977059484489	-0.17881385126758	 0.66624531813368
 0.6508730176218569	 0.5045613748837439	 0.5672584366117829
 0.5843390037097718	-0.7924225526447967	-0.17496978825893292
 0.805822576755395	 0.531951914383303	-0.260148295353313
 0.42786825862356	-0.569163988563395	 0.702126133529475
 0.415298459569099	 0.00891273048246895	 0.909641551774588
 0.24672049160609	 0.55111060355403	-0.797123642650224
 0.7912524710227643	-0.6113550451670132	 0.012827152809917705
 0.49949849362806487	-0.8347118063881478	-0.23185653999732095
 0.430014961648945	-0.788571159896825	-0.439593742604501
 0.054886033772607826	-0.6535871727498863	 0.7548584840309623
 0.5076383471574001	 0.7440355839173483	-0.43441265906977605
-0.5234846142566058	-0.8364366992508486	-0.16228834456903593
 0.5344949164946291	 0.23329003713422305	 0.8123367176333423
 0.3710528237595309	-0.9174665219761857	 0.14343982373455397
 0.8543926708382603	 0.5183227260402372	 0.036806462585819114
-0.03943729017150922	 0.05746013095754593	-0.9975685607988405
-0.24902740189945488	-0.4784189224170668	-0.8420811646014297
 0.681890497445251	 0.135353731680201	-0.718821755941007
 0.8023153466959938	 0.5392255206225169	 0.2559803163633149
-0.02608574574001471	-0.5459211846840302	-0.8374303517202923
-0.0117966529546084	 0.458721454827954	-0.888501809710928
 0.03821573153578741	 0.24506234927977305	-0.9687538401620213
-0.217926811637668	-0.575985845547376	-0.787875758288396
-0.22461250232722293	-0.09145894121316887	-0.9701466311184458
-0.24114380854570705	-0.9658446856095192	 0.09483515634995612
 0.22282711935963612	-0.5948395731505862	-0.7723431601897663
-0.465305814397172	-0.759216059406146	-0.455062055359473
 0.2607462850338991	 0.059112134538015414	-0.9635959373053522
 0.380184134551505	-0.268864507970047	 0.884969999598488
-0.5077732184054521	-0.6804026668460391	-0.5284113640138401
 0.7056467646379714	-0.6867504055793263	 0.1744606660327601
-0.0117073309532	-0.164714814645942	-0.986271751718615
 0.407338580146565	-0.463068990381566	 0.787173672877325
 0.18320061556631803	-0.12809183216662004	-0.9746948327493692
 0.810423760184829	-0.0986552951121	-0.577477672013583
 0.864809099923896	-0.0363428064648204	-0.500783806754054
 0.4753484305331881	-0.8742463617360062	 0.09867709248347013
 0.6516907243130653	-0.7221163605175004	-0.2320499121251111
 0.15002362992782503	-0.5243546486993361	-0.8381796423504182
-0.121134245907045	 0.484709810580245	-0.866246439528495
-0.509212315425512	-0.79751441061164	 0.323532970013502
 0.4953304637252889	 0.8686989597516449	-0.0031383167623232695
 0.45939159056701523	 0.7982929094307073	 0.38947117642896817
-0.6928021204160076	-0.6435312401054707	-0.32541168533935383
-0.9409246108744868	-0.2556082366316079	-0.22209301208452195
-0.13519920132791302	 0.6666756501821891	 0.7329834605326712
-0.57929225944564	-0.779563154053605	 0.23812132829371
-0.22668665009770106	 0.8964531948710193	-0.38076873830847113
-0.9756534481738025	-0.03191704148142429	-0.2169830673800199
-0.940650931828108	-0.316777903898056	-0.121768567589777
-0.14964038603472504	 0.9379035581776405	-0.31296113245114016
 0.241974465147208	 0.384365578076167	 0.890904854968754
 0.17525628095393994	 0.8966744922566687	-0.40652194396174895
 0.3424619025257582	 0.9054468303259235	-0.25077057796156316
 0.110113589676128	 0.989767277602517	-0.0907509424520733
-0.7876631137262542	 0.3529195684146901	-0.5050095023908471
-0.20058545265031794	 0.9751566477601398	-0.09399461960279347
-0.6744946697920662	-0.07291841561139772	-0.7346698885123952
-0.41235845144796796	-0.6385959765572717	 0.6497350892820077
-0.04898171491695188	-0.6266179681526116	 0.7777857761569617
 0.17151540571071994	 0.6688223048640958	 0.7233665669079308
-0.40550187869927823	 0.8217032625544846	-0.4004646984175652
-0.4088324381648431	 0.30689185389650403	 0.8594611262390852
-0.4394179979863871	 0.5709148764640151	-0.6935185843780352
-0.404155260972285	 0.795621498980298	 0.451270379471961
-0.420327710651986	 0.900117980373895	 0.114508676813947
-0.6977546395180708	-0.7135160335945397	 0.06350852568374407
-0.6881041085576669	-0.5789108870590949	 0.4374641935410379
-0.57446358789012	 0.818337198693288	-0.0177711964490991
 0.199929874353196	 0.979735024736214	-0.0121378188421824
-0.9634282457171323	-0.26714268609874503	-0.020995252281327204
-0.6808840657175451	 0.25991578674999805	-0.6847194117666561
-0.8546558727514277	 0.44890632860498336	 0.26085713965672924
-0.8578072674395488	-0.4052356781122799	-0.3161498649577049
 0.22033494852716187	 0.7863008889684725	 0.5772204279691797
-0.5258786498397262	 0.5850253681675373	 0.6174115031672022
-0.5718628376970754	-0.5005335137560454	 0.6499531494408465
-0.531925283994173	 0.156995577906098	-0.832110497930202
-0.286309260333232	 0.0470302392244974	 0.956982321699792
-0.7145895625562894	 0.41591631589162914	-0.5624725551177993
-0.9150969660876065	 0.10447732462761804	-0.38946377404825916
-0.19778779520949594	-0.3882068562833239	 0.9000974529465048
-0.15001837665175105	 0.9698394925471014	 0.19210894139199808
 0.20456839166494806	 0.08743479396256411	 0.9749394493692112
-0.04552016611863772	 0.7844647115227363	-0.6185006312463083
-0.533194026423067	 0.809336788750863	-0.246329236107285
-0.17687785461010802	 0.9628388896309452	-0.20409678381291105
-0.756884897261925	-0.551173917789994	 0.351187364016467
-0.6543394811145369	 0.10795372548282298	 0.7484556343626109
-0.93239942224941	 0.112610740931016	 0.343438696736309
-0.11581412291956308	 0.7271602536019555	-0.6766277074683774
-0.4361859738066451	 0.8506251598108332	-0.29356197599679607
-0.9404305032432504	 0.3399856642292602	-4.654978364490902E-4
-0.7914372224067082	 0.08937983308418411	 0.6046803853499781
-0.800837382941516	-0.559172202466286	-0.214443312025315
-0.00410661398133209	 0.163502194328192	 0.986534423206547
 0.10195353055603502	 0.6805441586354611	-0.7255791657388682
 0.006676365330910389	 0.5574063897100999	 0.8302129503063178
-0.397303181674761	 0.654592652671172	-0.643162997147714
-0.755475475108948	-0.484208954985761	 0.441359824203004
-0.7368303147758509	-0.13507630187361297	-0.6624465864501599
-0.04261725288003812	 0.9359871583155095	 0.3494450017176042
-0.4736307368537521	-0.5335207800440341	 0.7007349729880601
 0.34307201988110597	 0.34218046193020096	 0.8747651802900778
-0.631708362246166	-0.294612611240993	-0.717041110652681
 0.2867768305092799	 0.9558255418443176	 0.06447156769513497
-0.09421349123590297	-0.4271177925336319	 0.8992742681575738
-0.7219356135365841	 0.5701279417471351	 0.3921263826201081
-0.57591627720743	 0.171454507046505	 0.799327088031536
-0.08276256311450934	 0.8489341309074313	-0.5219781600097472
-0.6515546237946321	 0.21937142711840907	 0.7261905735933701
-0.45368609467780624	-0.7397353097148343	 0.49695130451292624
-0.00732517173960858	 0.708148935619104	-0.706025089384588
-0.5626596177958131	-0.6470611009770971	 0.5145153895698131
-0.727509049783458	-0.666822973145989	 0.16148592808017
-0.6780249349591009	 0.5205880052395478	-0.5189126288446019
-0.7346364378784729	-0.6378877174687428	-0.23110292954384196
 0.5081728287607332	 0.4439592706924872	 0.7380112072831343
-0.37040946474917885	 0.7817035744145636	-0.5017333456844598
-0.7046667893086793	-0.3506290999809092	 0.6168500225273362
-0.758103344260074	 0.0856815613800859	-0.646481236743312
-0.02131632698393071	 0.9986870653711984	 0.046580679086698024
-0.6986837437138119	-0.33904670969988093	-0.6299907577986659
-0.781991188236321	-0.30973693775235	 0.540881512821934
 0.4599573952769109	 0.18512142028981698	 0.8684291878328138
-0.4382521575296731	 0.7085813415544882	-0.5530348350885581
-0.7541316623813976	 0.1973420344594269	-0.6263717404459467
-0.411589761741432	 0.427990405303707	-0.804622943370123
-0.132456313709675	 0.987682127247358	 0.0833027038851564
-0.8134320926026792	-0.20195328281634406	 0.5454751160994681
-0.2596137240872069	 0.5875741340365198	-0.7663924264218727
-0.987539306962567	-0.099263886150727	-0.122117968006959
-0.4054605233398761	-0.29946207152163007	 0.8636690522028262
 0.4267224463727931	 0.39980838891550413	 0.8112097175912082
-0.872311793837914	 0.0617593759991819	-0.48503393057339
-0.021368430356918	 0.893543287074755	 0.448468264549147
-0.9641836363293578	 0.04171898059533529	 0.2619340414928589
-0.585418599196745	-0.495508203505065	-0.641682697268443
-0.7443419969191594	-0.6673315756553333	-0.02497117850179281
-0.7039044354404528	-0.6986502684537358	-0.12808726773875895
-0.29989458911025213	 0.8442537819961843	-0.44418328087348424
-0.12670851249233597	 0.30916911839413297	 0.9425282006886447
 0.0880044072800042	 0.877418567572967	 0.471584437378396
-0.3520378661306298	-0.12907770301874794	 0.9270427645980506
-0.724326656475295	 0.0433036449578376	 0.68809569759786
-0.2046009890862599	-0.7311980925957988	 0.6507593907499067
-0.8076448341305117	-0.09300590185128615	-0.5822883513544878
-0.5138114115685048	-0.8571942651764208	 0.034868683523137295
-0.4730807106417268	 0.43424395209670985	 0.7665682169814697
-0.5714288896621856	 0.7092210802033325	-0.41288555733357873
 0.440991689982822	 0.87236830022765	 0.210949942223305
-0.6849191765903011	-0.5319814250835642	 0.49787697768115813
 0.06522878996051783	 0.9254723043261714	 0.37315709679100717
-0.7975126467548173	-0.4459783913796901	-0.4062965083390581
-0.8439172856747588	 0.5328356595221659	-0.062368059781640485
-0.32370003283112714	 0.6064741421059062	 0.7262282035985882
-0.37592039564142815	-0.4054016987510792	 0.8332666552734074
-0.6404358663176694	 0.6170236850032612	 0.45730041906708624
 0.4881341255674151	 0.5384317556994161	 0.6868888701318281
-0.4878629193205513	 0.1285621288287211	 0.8634011529891865
-0.7415188375739179	-0.24305203305933296	 0.6253603143378629
-0.4329305756899482	-0.1937271158522011	 0.8803640844652615
 0.5568939922335774	 0.7477902042287864	 0.36149535525870624
-0.31444581392022397	 0.25985079792109494	 0.9130177396566937
-0.7397646350714374	 0.30791941745507323	-0.5982757867837805
-0.480721764600345	 0.727218648404577	 0.489958796688202
-0.8466716945685993	-0.27194740789375504	 0.4573747358088381
-0.26238808535177693	 0.7966002652576959	-0.5445920583857219
 0.198450117698645	 0.581720124995216	 0.788808751828315
 0.06347214617470778	 0.7617831641752829	-0.6447152064586897
 0.08897962577928405	 0.6169262392740692	 0.7819748343081974
-0.810550838302261	 0.359419250906716	 0.462412305853939
-0.22177038371007304	 0.9749533154725722	 0.016850209438641902
-0.9692331772758402	 0.17953696293890403	-0.16838505576937102
-0.387357807589187	 0.914531759346824	-0.116557239353467
-0.15190409169375196	 0.9398608734125508	 0.30591941022905594
-0.009093266534230511	 0.8910214909496602	-0.45387004215918714
-0.13273157613142392	 0.9021523246282425	 0.41049179268960573
-0.441011771888529	 0.106164978864784	-0.891200097799804
-0.511983844448734	-0.0640446000642677	-0.856604244809762
 0.3867910252126792	 0.5887123230541602	 0.7097960999463853
-0.047375477527648924	 0.3869242630214162	 0.9208936848596374
-0.8349845934074482	-0.09116502081539181	 0.5426690222888421
-0.3904331931901889	 0.08702396619702478	 0.9165090021176288
-0.4986302800198579	 0.7760096193032298	 0.38623427423802587
 0.182722794026675	 0.202035552948048	 0.962181903741731
 0.287086687068986	 0.859680103020644	-0.422529708515471
-0.30693114526068	 0.950424869293536	-0.0498581978949578
-0.900087705458976	-0.2317703460117	 0.368950713769756
-0.7780728790128103	-0.6239222595810072	 0.07296306561574233
-0.8670774615707737	-0.05105630986191148	-0.4955501274939478
-0.5861082888543451	 0.8043488912286012	 0.09746760957134273
-0.47460732932915534	 0.7521990162283025	-0.45710449891925226
-0.86464955743983	-0.470984327300529	 0.174799617437724
-0.939786766632796	 0.283440019433704	-0.190951796653753
-0.6315320163340579	 0.32969611008444694	 0.7017604914358059
-0.8182765146383623	 0.13104117628727502	-0.5596889812284511
-0.040565315390156106	 0.9361759270872883	-0.3491834599885191
-0.6123703449534902	-0.6632226282476653	 0.43027701077538716
-0.4846543717983838	-0.6647633242455927	 0.5685066953296708
-0.8954800832407058	 0.06692065399346278	 0.4400420963820459
-0.4938858298819763	-0.1751407120626271	-0.8517056522179406
-0.976325567402752	 0.083359414981626	-0.19959858308519
 0.334756182430489	-0.0618724569165404	 0.940271289256285
-0.260889114496005	 0.437260382025776	 0.860662668092536
-0.9221793341404096	-0.11899893189092009	 0.3680007199628432
-0.8668961228694098	 0.17464733334078197	-0.4668933723142139
 0.253287116826252	 0.910611123229884	-0.326547115589548
-0.6030945561821781	-0.6231106893973721	-0.4980060492224501
-0.490352934987855	 0.350633391559471	 0.797878577148365
-0.3312403369016149	 0.7304923083309819	-0.5972108728737099
 0.219787788756808	 0.968401489676458	-0.117863831202833
-0.897696771430163	 0.439523546886264	-0.0309767379880443
-0.8774905314079068	 0.4571953404699569	-0.14485436804608098
-0.0237767114598961	 0.276550916185453	 0.960705084169507
-0.890097325856771	-0.0480076741115264	 0.453235053508692
 0.15322588531006912	 0.9670381013941657	 0.20336946310327214
-0.6598077011574829	-0.28494670754193596	 0.6953122833333869
-0.5080194302185129	 0.8455514381132128	 0.16419203398805698
-0.9021985531957576	-0.4239058367534303	 0.07963423998416826
-0.5001027082435082	 0.8646210481471314	 0.04824649529721882
-0.9570689124847436	 0.1581993694547519	 0.2428828035481089
-0.6907986499101639	 0.37341722462363597	 0.6191581394415129
 0.00974777670507913	-0.460872998252718	 0.887412564893499
-0.7688568818260492	 0.3125440804236521	 0.5578308821326211
-0.820247532017595	 0.544965919559678	-0.173799116043549
-0.40896588076903473	-0.8574151078345245	 0.3123879658756378
-0.4995756467937439	 0.6223970431874869	-0.6025330644554588
-0.9840068199893722	-0.029971153774345508	 0.17559131002369602
 0.367582673861157	 0.919615180690771	 0.138531214244888
-0.622607605369095	 0.757089827332488	-0.197926155639484
-0.6606494061570786	-0.45949731045533265	 0.5936367440014265
 0.14888901080877198	 0.9413869634723918	-0.30269233136076495
 0.2271928088706279	-0.02536570114990409	 0.9735193931312556
 0.5003971074491459	 0.7305343535799569	 0.4646743947067049
 0.18110370286144403	 0.9020950998811672	 0.3916961572191651
-0.05981639615437389	 0.9626370427693548	 0.2641058928524209
-0.28411675632181194	 0.9449914166250508	-0.16207680673727398
-0.6330409996202628	 0.47469959774548487	-0.6114894804492169
 0.26062979468065206	 0.9499725181441913	 0.17211718361484205
-0.45647486369850576	 0.6691485009709437	 0.5864051350898708
-0.6136398596805993	 0.5623575440998323	 0.5542563623497523
-0.571719143997691	-0.326295173884572	 0.752773989910773
 0.34196682096618003	 0.8670807653521863	-0.3622563177013641
-0.808575917562932	-0.379478036383854	 0.449668105873117
-0.17530786464334602	-0.4937753811360781	 0.8517353025313152
-0.6545884365126292	-0.18235104362695606	-0.7336634621351342
-0.7474967059625179	-0.6123120995167749	 0.25753168224617395
-0.2390873595315999	 0.9023883628250116	 0.3585142635240649
-0.2446143416412549	-0.1703450284369049	 0.9545398866209026
-0.9590210751767375	-0.07500664203627377	 0.27322624511070787
-0.5261052395593397	 0.26832565980864487	-0.8069786968665686
-0.16563522662046304	 0.7405816273300121	 0.6512325429242761
-0.61959709437951	-0.395894598820517	 0.67776611545666
 0.309063199408823	 0.950127211990601	-0.0416919633280786
-0.6681967091606009	-0.7011848294627729	 0.24870261920254394
-0.9193205268271728	 0.22783550992148993	 0.3208438083757019
-0.666474698567956	 0.731677666985083	 0.143035896907099
-0.5802649018378984	 0.4962142312657563	 0.6458049863421534
-0.74034135593924	-0.413439794815815	 0.530058688023038
-0.818016360560562	 0.0186434053323035	-0.57489273546712
-0.3845307052192422	-0.7198868024269472	 0.5778400543706692
-0.228760496125233	 0.3381640531556	 0.912860180184191
-0.9331662489150978	-0.003633473529056189	 0.35942669594207893
 0.0147202499910634	 0.0500868863110583	 0.998636379299224
-0.9730108265755107	-0.14470281960971199	 0.17975267832174496
-0.211631375261072	 0.229441255962097	 0.950036247238832
-0.152493829604018	-0.592862194799232	 0.790733867942014
-0.22369219059365894	 0.7354573475281689	-0.6395813426251898
 0.393616083619748	 0.918738972719591	 0.0313859637736726
-0.11515748176004495	-0.32004604666926184	 0.9403772021939185
-0.4803434244650518	 0.4769076470836698	-0.7360905451955657
-0.5993303377373873	 0.31935489913272425	-0.7340405946999914
 0.0295251921853263	 0.7749504591317	 0.631331964118709
-0.6272442107879234	-0.11018981230858306	 0.7709882653428873
 0.5411795449125768	 0.8218607683483147	 0.1779594830800939
-0.49306587857699513	 0.24026303450324707	 0.8361577085899452
-0.602472142892909	-0.21814153227401	 0.767750994095855
-0.5058886158260503	 0.7862794380571964	-0.3547412488928552
-0.21511563570038306	 0.6000513108402751	 0.7704957414782302
-0.7114670838266748	-0.06711757885054867	 0.6995068400240327
-0.0786011371752528	 0.646031793623092	-0.759252779292172
-0.9985283978991403	-0.049728260194054616	-0.021636513745257102
-0.8993825188393738	-0.4204227755754529	-0.11981558572896897
 0.4341372582788569	 0.7069793638049459	 0.5583054899676979
-0.904094725588836	-0.121356925194691	-0.409737994174006
-0.660478911800445	-0.749870294998488	-0.0382380405588541
 0.32582708828536017	 0.4453311837582282	 0.8339765256360513
-0.029966232734381006	-0.24853103094363604	 0.9681602922831543
 0.362075395354444	 0.231240498507117	 0.903011206978686
-0.355022417530894	-0.794014783363317	 0.493456793297067
-0.5675039616163121	 0.28256739122679203	 0.7733659696192202
 0.36053728095828014	 0.6731478925443632	 0.6456661550695473
-0.11795408056972297	 0.9001058098912188	-0.4194000070064669
-0.9057008989880945	-0.36190848728440816	-0.22074448668917912
-0.4453985397926928	 0.21602046048531592	-0.8688816383157427
-0.25940726714046514	 0.23252045807408112	-0.9373591127906824
-0.6470679295817702	-0.6421318587728942	-0.4110593271726472
-0.6989487080745278	 0.5214682193921989	 0.4894298720397829
-0.8795615113492088	-0.47541573638865187	-0.018746342233394397
-0.611410639078521	 0.209264433325246	-0.763141813404729
-0.7352484453348971	 0.6123307703630391	 0.29062131941621905
-0.8526598944327065	 0.4295713709905343	-0.29738786399468115
 0.22169807105275205	 0.48670427746427514	 0.8449668109396172
-0.281088829808383	 0.328193124956504	-0.901819462247427
-0.8386770183218534	 0.40600980230223116	 0.36301088051636815
-0.5494174193891801	-0.8239873615207293	 0.13851110903404504
-0.9446863456957473	-0.3180953625706451	 0.07989398329702312
 0.14129893579116498	 0.7474550900460889	 0.6491113148824919
-0.7127988031267539	-0.24307007976678993	-0.6579018183461979
-0.495575721400336	 0.515060329394917	 0.699369402706564
-0.734993908151691	 0.673656700795161	 0.0772696865121289
-0.19153456385132694	 0.8533207170725098	-0.4849311958052809
-0.6577546117873384	 0.7525710517874854	 0.03155444000399282
 0.07959816359204884	 0.2407265093075091	 0.9673235653437764
-0.4033057901333	 0.195885354997026	 0.89385310165745
 0.28095060485297607	 0.6312314739409621	 0.7229201781241601
-0.666789078503014	 0.701507012637584	 0.251555632036721
-0.7105596007228276	-0.5346824819933048	-0.4574053970714548
-0.357941204658613	-0.508004912643822	 0.783459700774254
-0.846499806821824	-0.51938233692801	-0.116961810595654
-0.335001341570371	 0.894420125798434	 0.296288271304764
-0.5386811322307941	 0.6699979528971292	-0.5108085560092022
-0.2807720850796239	-0.7680706824227458	 0.5755297238568119
-0.5762405807365778	 0.4259809280662488	-0.6974862307144056
-0.292992523934647	 0.66497611361877	-0.686995013981093
 0.09928355836659734	 0.8702159839107163	-0.4825628626245192
 0.523997655206805	 0.34313351028454	 0.779542078054533
-0.4298783119847111	-0.0034518674417094307	-0.9028802365188532
 0.05961818677620523	 0.7004929159390613	 0.7111647815553782
 0.0568533435306167	 0.352798960646929	 0.933970337160574
 0.13824171535394703	 0.4235057962291921	 0.8952832337848602
-0.32334971135341106	 0.8540980238029642	 0.4073837624446231
-0.9701025458432435	-0.20943067031562693	-0.12263704529873795
-0.09083950324283077	 0.9868390622785296	-0.13377910827863995
-0.7948329269902343	 0.6067275777435392	 0.011057331395708005
-0.8716803648991617	-0.4089488134632288	 0.27006334334056087
-0.7872969336577642	 0.4958367984708251	-0.36648247916549104
-0.07386549591839021	 0.4903980611168851	 0.8683626144448702
 0.0258592305364022	 0.832465063801835	-0.553473773313128
-0.8225433412404907	-0.2741757291279439	-0.49824704849912577
-0.293521966721088	 0.525295977833312	 0.798692049994445
-0.9375608438065538	 0.27155067371975894	 0.21734740799716895
 0.16035424135916196	 0.31530005149513496	 0.9353461363609158
-0.7395311154059628	 0.6470859419121059	 0.18540095233340997
-0.64507288447513	-0.00164439165831631	 0.764119277136109
-0.5925847504511725	 0.5756908472960145	-0.5634033740334884
-0.7848705666641198	-0.022976882870263497	 0.6192336040929219
-0.3576438381216709	 0.27484844269438496	-0.8924960608328038
-0.5096594740186948	-0.5782607372362047	 0.6370727904360917
-0.9151990623126285	-0.008395219729381845	-0.40291462697174574
-0.19404004875752615	 0.8047303847398766	 0.5610325011570964
-0.8033682856565012	 0.5834562124218811	 0.11907243924455103
-0.456428267280368	-0.0870264603728075	 0.885494004509585
-0.30905680683219205	-0.6888771275598571	 0.6556921482491381
 0.2868954747180691	 0.8776080453809004	 0.38405091494359117
-0.4627731286049589	 0.8675281091094078	-0.18230746376995596
-0.7387209570792315	 0.5936220819422754	-0.3192243277108792
 0.11161574651004402	 0.8176698829704002	 0.5647635678885261
-0.9831004503683333	 0.08720921124457023	 0.16095980231001805
-0.5281495692856499	-0.4362390943223989	 0.7285283007873858
-0.6827542109330746	 0.6821817590736386	-0.2616767758903159
-0.475125137564415	 0.0203476082427101	 0.879682942026954
-0.6036974082610482	-0.013082029779558406	-0.7971062035611943
-0.25556452718295897	-0.5532136484810759	 0.7928691137760427
-0.8993747747351722	-0.29974842111375705	-0.31823874467114804
-0.9139635449041544	-0.3649893662322782	 0.17735106744418508
-0.740204485781738	 0.418646117239404	 0.526148978663804
-0.327209987481387	-0.236641105596435	 0.914841303852492
-0.37009350394972906	 0.4430129659899531	 0.8165600469647022
-0.6572092419345523	-0.7182617309791444	-0.22842087935794012
-0.9700002581696208	 0.20060790665221995	 0.13731703076997898
-0.9518102581872688	 0.03559218240003349	-0.30461521459291496
-0.9970142341954987	 0.015441811740884796	 0.07565822666255428
-0.7219156079766861	 0.6911788821709901	-0.03331077604188141
-0.7150062285623181	 0.2665981844337811	 0.6462905702342421
-0.8021750498078637	-0.5724829998889198	 0.1696419886229079
-0.09126653876511472	 0.08623957005506941	 0.9920852561441242
-0.8510181088308454	-0.1631914057907161	-0.49913599701686623
-0.424178039519272	 0.875669711145951	 0.230814964357066
-0.27666071608732296	-0.45229509615443186	 0.8478726285054278
-0.335154123941129	-0.601635944534243	 0.725055793335688
 0.5338523980485541	 0.6541665497803361	 0.5357870306813141
 0.5611192496222523	 0.5697889960190703	 0.6004046033458943
-0.6013997116691638	-0.7253169362631638	 0.33501302776767394
-0.6582253282134053	 0.6630326145816023	 0.35654897181094114
-0.8812807742074152	-0.23309843858099205	-0.4111074250648881
-0.350670478505746	 0.168149094474249	-0.921279597913707
-0.381374334706206	 0.742036667281339	 0.551303184497788
 0.32978506025154686	 0.7499741842684067	 0.5733938759402838
-0.6166531472173898	-0.7742479836272328	-0.14240419894108597
 0.18479404758101703	-0.31350486393279703	 0.9314321554837492
-0.36252592318258475	 0.9033989649427755	-0.22900931238911787
-0.5904569739723989	 0.7792894859684157	 0.20992488882083593
-0.7932602643597413	 0.5127940520671302	 0.3282992737617412
-0.756976011352729	 0.617884861894274	-0.212616122809178
-0.5428340117688589	 0.5269252051226179	-0.6539732898776629
-0.6897987126996463	-0.1763474801303851	 0.7021960568171643
-0.43277276688512917	-0.8043493277206774	 0.40709936285615117
-0.9423182881900162	-0.18912067163500001	 0.27616954086749707
-0.25758264160683003	 0.9269671909445912	-0.27273248734820904
-0.8568606312603131	 0.5133546778369051	 0.047506140015212805
-0.5862302282889496	 0.7447051244143955	 0.31898024564418676
-0.4824881169402202	-0.8462680013061084	 0.2259107942902351
-0.507807408997146	-0.258047478498758	 0.821914310745371
 0.09643992571504573	-0.3881490435693471	 0.9165367754238112
-0.7861879072104453	 0.20200150034014208	 0.5840410674057023
-0.335760419470225	 0.924553280619571	 0.180183717390799
-0.11237462081484803	 0.9933440565478893	-0.02528892875752361
-0.9066803383972032	 0.4141857226064891	 0.07988085598485821
-0.8247434892535926	 0.3942392456637318	-0.40543013468697786
-0.818697000745076	-0.449137737715202	 0.357785569204639
 0.11512288593039909	 0.5243293582599833	 0.8436974844111665
-0.834472924776291	 0.248761017518301	 0.49170407154971
-0.944538467857503	 0.309466997532315	 0.109896588553673
-0.24689627113051704	 0.9376921744410123	 0.24449052597990906
-0.4774660189501379	-0.3623683446734869	 0.8004469898291229
-0.845739388271924	-0.341886271170189	-0.4096811744647
 0.2525334313253509	 0.7128628694120188	 0.6542578967629717
 0.30531621700868994	 0.5418198961218129	 0.7830793113076417
-8.66291405980578E-4	 0.998147968072204	-0.0608266666235332
-0.7678966149587758	-0.13384906810330097	 0.6264337281011709
-0.3686923143653561	 0.5820030295578762	-0.7248023529993343
-0.8099362367520909	 0.5241717307154019	-0.26314879652903894
 0.47142107318003623	 0.8757343305758625	 0.10417079251224504
-0.566198365181545	-0.234804247848281	-0.790117950978301
 0.4405996945251789	 0.29670724794127196	 0.8472524524623318
 0.16435390830415592	-0.20853159557770093	 0.9641070306096555
-0.425626151407791	-0.473395517254836	 0.771193272455627
-0.4278042769383221	 0.6025869205403721	 0.6737006039977631
-0.311987070830501	 0.420595774887278	-0.851917403145149
-0.9902769381917678	 0.12853167949514796	 0.05320895649882939
-0.7520895862361472	-0.025474440570940206	-0.6585683769759512
-0.15245399536813503	 0.5764580861954811	-0.8027788326532632
-0.9641747818643055	-0.14558998544232907	-0.2217443260961181
-0.8082644198112798	 0.24305273913425393	-0.5363151999211578
-0.15394722930672208	 0.7968309215910163	-0.5842608432756683
-0.6888312338861552	 0.14882963814902106	-0.7094795768951412
-0.23952510514760905	 0.9623152874822383	 0.12875174360762703
-0.8703286075421444	 0.29524849173151413	 0.3941528168414102
 0.0416161932842594	 0.960604115711185	-0.274786872567195
-0.8828214725106606	 0.32676353056408525	-0.3374193870651232
-0.022687183433006	 0.645956964644224	 0.763036625291013
-0.6426282378853201	 0.7616619865763042	-0.08306603443674511
-0.152103586968654	 0.416861133478967	 0.896153610842416
 0.2086806843240369	 0.8394877449647127	-0.5017097747145388
 0.0772430526920704	-0.283262018078014	 0.955926848626599
-0.8159048890362668	-0.5139792434212879	 0.26481040270124895
-0.8971426941522622	 0.3810233855513251	-0.22350876043731904
-0.9499182929791158	-0.25605738217605695	 0.17913641086274898
 0.0018524836416012	 0.839733696707308	 0.542995291801537
-0.773635711437084	 0.467079780663634	 0.428163829023948
-0.6826259517039256	-0.4476365318644217	-0.5776186851208177
-0.787120661599264	-0.203589909240836	-0.582230377890784
-0.0436784593555437	 0.556135409616759	-0.829943129593062
 0.26237411757059786	 0.2747784374966729	 0.9250170986073376
 0.41456104803369725	 0.9069036566856935	-0.07526549636666595
 0.291963748780408	 0.819951327878845	 0.492378908268632
-0.15910029517261298	-0.09988898195475347	 0.9821961552358218
-0.7619506831250832	-0.5516997323342772	-0.3392028328706971
 0.056243976078001884	-0.17459826025431394	 0.9830320761150698
-0.26704498320665687	-0.061491268939811175	 0.9617202299984795
-0.5690791893336529	-0.8204863415678988	-0.05432347161106139
-0.7811346217938067	-0.6136228375672268	-0.11530705030912694
-0.60893070231189	-0.791627985026426	 0.0502845215245147
 0.285041509883528	 0.160668644839415	 0.94495339790319
-0.6424033033631543	-0.7513144152915193	 0.15114445144718305
-0.8186600170414012	-0.5739748793322151	-0.018671218314346802
-0.8041481842221153	-0.5057523839709682	-0.3123463204841021
 0.19267792062693392	 0.8521392313469026	 0.48655313101694375
-0.3007893871443749	-0.34451455814268195	 0.8892893026507538
 0.12940889586344198	 0.9718376092189968	-0.19693907428164098
-0.1862626471759081	 0.6612827223964394	-0.7266439205876404
-0.6864197300799436	 0.037441598358153784	-0.7262410625056697
-0.0513407571187055	-0.1378009300131	 0.989128419542176
 0.06788927267026788	 0.9222187124703808	-0.3806621770359849
-0.10825131175974297	 0.19791769486819394	 0.9742228900823238
-0.10382922405364105	 0.5836016940454122	 0.8053747915968963
-0.8736373122003778	-0.16134323814528498	 0.4590492416245709
-0.1831138064785259	 0.5137061311268738	 0.8381976763983566
-0.009475104229193442	-0.35657269191390506	 0.9342195340395733
 0.12072490247914797	 0.012505321735902696	 0.9926072309074128
 0.034940506346418015	-0.06301902681190033	 0.9974005029455004
-0.23146066944751206	-0.6461334351055802	 0.7272809240847532
 0.327724384394935	 0.933314219500933	-0.146701382237269
-0.24599790085507206	 0.6780203494550231	 0.6926567970501601
-0.5281316069785666	-0.7385634223436166	 0.41904782171766675
-0.5256076708880789	 0.04635131652617539	-0.8494634375650898
 0.4636123460308461	 0.6262772387526631	 0.6267698244396541
-0.780220217150508	-0.381538065430306	-0.495666336740063
-0.7525241658052153	-0.31371807449972416	-0.5790408876852742
 0.142354527329677	-0.0996669945542	 0.98478509267011
-0.846708398999221	-0.526267943902527	 0.0782747614802025
-0.373384999782262	-0.0211724528951659	 0.927434832845954
-0.7124752328706028	 0.5609800921837957	-0.4215215044567008
-0.7773615650042233	 0.6213533290153881	-0.09812766060433643
-0.41894595153443215	 0.8404190778315673	 0.34377327311710415
-0.8510450399245754	 0.28636813979522113	-0.44013137644344624
-0.12720506927469305	-0.6837872393146043	 0.7185080943881793
-0.5729526329926992	 0.7014288152303692	 0.42393737451568714
-0.9870598034710812	-0.15893594142023101	-0.021267602039145603
-0.726230591865205	 0.155085266181236	 0.669729563071998
 0.5061368100813911	 0.8141818132874582	 0.28448814455541105
-0.17949515157130205	 0.010536545199613704	 0.9837024305030723
 0.23698984804166412	 0.9456978510886944	-0.22246659607998412
-0.407449815683811	 0.91322528735471	-0.00205480781002842
-0.2192076716005939	 0.8585873517158237	 0.46343905336630276
-0.23143345474965488	 0.5007990383129618	-0.8340496863181787
 0.4088064142351572	 0.49732918245445923	 0.7652065080482343
-0.587157043868151	-0.123477291387445	-0.799999977717271
-0.9928055277669072	 0.013934438953530604	-0.11892441064189903
 0.30922550553098604	 0.047220785466753616	 0.9498156579826472
-0.196956729020875	 0.120464924524493	 0.97298316987125
-0.6622839849381842	 0.3690877501579101	-0.6520384620386832
-0.5697772848853049	 0.06277562196409028	 0.8193979905490077
-0.6585341144401573	 0.47288362603026823	 0.5854177109987222
-0.6472604460783172	-0.5348769387678841	-0.5431027299846641
-0.6143181612049441	-0.7156451891744952	-0.33236299436787103
-0.8029201908136857	 0.5519393247492438	 0.2251269619105259
-0.5565673185194566	 0.8200310168460104	-0.1333489833728019
-0.6153168889785842	-0.3947340573314881	-0.6823270111320071
-0.220712367676722	-0.279457869784286	 0.934446012228724
-0.136990217668332	-0.210374730411588	 0.967975285359825
-0.07275407748325267	-0.5300988836186418	 0.8448088646527276
-0.846307458005117	 0.0217553325480567	 0.532250309563687
 0.03281062867210028	 0.45918432408041165	 0.8877348811244025
-0.9136549668917334	-0.3002099847722891	 0.2740594215076131
 0.403353309547449	 0.858597915927781	 0.316410692678979
-0.9856817613088045	 0.1576230766502601	-0.05988681933847673
-0.32553782848823715	 0.9433716113966635	 0.06383670600858032
 0.2506717731171509	-0.13434223509700893	 0.9587052863270565
-0.8605235841421638	 0.48508834110438787	 0.15552640438111298
-0.0675785345311139	 0.967936464501072	-0.241934169475484
 0.019853676172371604	 0.9855959792704452	-0.16794760250856502
-0.07224016239984925	-0.025859025385329817	 0.9970519894882937
-0.6593817127616851	 0.6556130368502641	-0.36795013627860107
 0.230502262825182	 0.931350909369068	 0.281876197026072
-0.7557718857792096	 0.4590907124030954	-0.46695243274979936
-0.08277667432423816	 0.7943003684362566	 0.6018595740617958
-0.8663179192788995	-0.34168159713482976	 0.36434454698220775
 0.10028431312216804	 0.12650897619028406	 0.9868832430864865
-0.3535491872467281	 0.6792835581958092	 0.6430993856022712
-0.8890305746678282	 0.18187239425603802	 0.42017504627639113
 0.4302296972901071	 0.8842195410139633	-0.18181917076787904
 0.030231505501152885	 0.6219415694910427	-0.7824798656924997
-0.9248294930988787	 0.36330945936515896	-0.11267939221644398
 0.121975235638017	 0.941327650766184	 0.314681260633784
-0.997998403568183	 0.05396818388796	-0.0329639439872382
-0.301955584613812	 0.154623530410251	 0.940698883152309
 0.0684992291660136	 0.989937689882034	 0.123819327064413
-0.10940026240444994	 0.8536301159620867	 0.5092614335568638
-0.9303185678921164	 0.25657987299853313	-0.2620574956134981
-0.9918376354779183	-0.09892374738957511	 0.08044996614030082
-0.6837812146976461	-0.6433295950351171	 0.34434035862582807
-0.5550154583428423	-0.04487148205254072	 0.8306289129923743
-0.905372013680406	 0.380768941948194	 0.187926926468614
-0.4846237745914652	 0.8720714673360274	-0.06805257496310523
-0.9463898314797596	 0.1468573465050511	-0.2877137581854712
-0.5987920363352348	 0.7390397050594898	-0.3086558140827499
-0.42888894152796225	 0.32932536232675824	-0.8411890878770205
-0.9276157065974806	-0.37299324179498783	-0.02012815065828859
-0.725955956452551	-0.481283346083735	-0.491278220638271
 0.0457987333278367	 0.971543253688237	 0.23239230245092
-0.7033970102257541	 0.6952138756610271	-0.14802132648319402
-0.5514521671436199	 0.6488442105091438	 0.5243106882768759
 0.347465047733392	 0.847265596234248	 0.401757451755977
-0.9744790601412554	-0.2095923116732611	 0.08038422876207975
-0.904050232871533	 0.216626798588056	-0.36846438983763
-0.05337523674805419	 0.7248501969914819	 0.6868356979827849
-0.5090105130546102	 0.3756231393174402	-0.7744776012314323
-0.9458612516348096	-0.07779392228237357	-0.31511045414545585
 0.335185862392097	 0.909342707301863	 0.246467600972998
 0.08962848535129246	 0.9958442825289806	 0.016152385829127494
-0.338950337772891	 0.35227187202845	 0.872362995949057
-0.6081383557715081	-0.5676179668286391	 0.5549572812143732
-0.8588337914335817	-0.4634652087354649	-0.21818459841063695
-0.33341714308605996	 0.8798452218281028	-0.33868184823309694
-0.5618086135835952	 0.4009866909621402	 0.7235888026873494
-0.400154054807473	 0.525043797947449	 0.751136300985418
-0.04078791191270572	 0.9871898158653154	 0.15424854519121406
-0.5338965643475773	-0.15186574922633506	 0.8318000076880123
-0.846344297342919	 0.13563665644588	 0.515076720288641
 0.3871433611664659	 0.11746387031319597	 0.9145065648073698
 0.17778370953242492	 0.9794917966852416	 0.09480913907006935
 0.397511327045441	 0.780774228203508	 0.48205430134352
-0.5077825020010969	 0.8156510432005137	 0.27725494835515496
-0.893569823908857	 0.340343774239084	 0.292744060804297
-0.6126782913463482	 0.09776618652847284	-0.7842621271517574
-0.20103937969016303	 0.40907354183054806	-0.8900797746202332
-0.961477161724516	 0.261798910863845	-0.0838033278138371
-0.542930038194061	-0.345360994559715	-0.765475510426898
-0.343008826733718	 0.507498437365892	-0.790436765879432
 0.13515138295342607	 0.8059316805588216	-0.5763750774950374
-0.928629986556924	-0.190261648693695	-0.318507226140388
-0.302101922843637	 0.805124890338638	 0.510400175520516
-0.9714817207559825	 0.2355458504531521	 0.02722900239260561
-0.629714485686439	 0.619703857889701	-0.468430138903642
-0.27550173536732	 0.746593506889398	 0.605555058834608
