-0.9004293663124595	-0.36930459308890584	 0.22987186388416525
-0.018466865703436024	-0.887403447599502	 0.46062359477083836
 0.4901423199965773	 0.7151486395571638	-0.49832010744892763
 0.04208347657720415	-0.1219077949081479	 0.9916488645381534
-0.529984643039135	-0.8235995483879429	 0.2019902523337631
-0.837593576836893	 0.5406362846158053	 0.0784181598763829
 0.5674263064310628	-0.42058030392354745	-0.7079121377131332
-0.3591394296531178	 0.10152608779097162	 0.9277452902420433
-0.36167077720465013	 0.9168800922946648	-0.16889388760375912
-0.06228398727927188	 0.4331808548443552	 0.8991524075065969
 0.14639186208189592	 0.5751157117524045	 0.8048672814891411
-0.06345001763873341	-0.9395432683633222	-0.3365004340781905
-0.629340788511408	 0.7688200650503042	 0.11333966424815833
-0.0872127257042602	 0.9884394796297803	 0.12402151258730387
-0.8691030999562134	 0.43503830940061866	-0.23537517073886893
 0.5062468115500937	-0.13760730730898912	-0.8513391772792636
 0.9923895637672069	 0.08299637549737054	 0.09096458310920963
-0.4089857369348815	-0.5715062569539597	 0.711414974010462
-0.3570052943937473	-0.8587034218828912	-0.36766241720013637
 0.748636469321918	-0.1215528760838171	 0.6517425374463179
 0.5627161284733062	 0.28974598875895347	-0.7742078666315073
-0.8727674480865124	-0.4837760005169476	-0.06509810200292554
-0.5849226277743999	 0.1668610062766035	 0.793739834014805
-0.09588169051428301	-0.9948644876337828	 0.032424568914544594
-0.6660922329987885	 0.3512488112385581	-0.6579858735126367
 0.8470716194505625	-0.5070600326518737	-0.15924758964732266
 0.344062545042152	 0.5533406629478692	 0.7585743706635031
 0.11001063922849785	-0.9020406030230904	 0.4173971846506357
-0.9050012353438999	-0.39945529614416564	 0.1463155166357697
 0.1802619772959028	-0.9480300007631445	-0.26219217607396983
 0.8899723533538448	-0.26448457744667137	-0.371479634110236
 0.19651231512455228	 0.7228618646281025	 0.6624602891274098
-0.4468821280717639	 0.3260210343527898	 0.8330706145157136
-0.7617711373846924	 0.021532746525067682	-0.6474882818049446
 0.1821292436219973	-0.8944534275793218	-0.408389525464699
 0.7405704635901028	 0.46647575769459787	 0.4836897310685755
-0.6171873379018809	 0.0829219732448043	 0.7824344932879541
 0.15444210934874966	-0.9636319442740932	-0.21808509998264403
-0.12919968319876252	 0.945450436393911	-0.2990500195350312
 0.932298664270019	 0.03958860063493624	-0.3595162629146367
-0.46233761503823007	 0.21935856774242346	 0.8591424494685116
-0.726182325535931	 0.6764944306417735	-0.1225337316410875
 0.6583771566170756	 0.6883673419803186	-0.30445019648501725
-0.21313737592703877	 0.24152580813825308	-0.9466983379018366
-0.37609318381446033	 0.6292241693926203	-0.6801697300971792
-0.6989759688948848	-0.6887770830092558	 0.19240250733480035
 0.465978030627117	 0.10186133949878083	-0.8789133873644135
 0.27472159802222373	-0.9313706469035568	 0.23890743325933994
 0.16584453385138576	 0.5219677871206159	 0.8366870500970025
-0.36545873075101065	 0.3190217055047403	-0.8744512951186629
-0.05747704961213852	 0.8591994978555735	 0.5084020177503372
-0.9978974348832365	-0.03573830458460349	-0.05406924300260618
 0.4692858987611722	-0.8086567869140612	-0.3547463124568677
-0.8595429764179096	-0.3250839155424188	 0.3943428958993058
-0.9789239582322027	 0.1554534357609951	-0.13244664325342104
-0.6266708539926672	-0.4635233323820443	-0.626442145048963
 0.013981708829253293	-0.9458922083359522	 0.3241796446841618
 0.7761891592451565	 0.34135099682772446	-0.5301036559343995
-0.9332533776394186	 0.25277683638398074	 0.2552293167179722
-0.48488998279215234	-0.8626662792563426	-0.14383530589477678
 0.9457515632431167	-0.24379599558459508	 0.2147498385566733
 0.35254882706416907	-0.27944014559759334	-0.8930971557249943
-0.19432459558578408	-0.7133366308455581	 0.673341520065657
 0.48261440662836047	 0.6349164001640065	-0.6032947035384402
-0.40951157939263405	-0.9122259256587922	-0.012005286306882024
 0.008976087560051615	-0.7990414327158132	 0.6012089642175795
 0.19128619471776537	 0.2709566258870001	-0.9433939254618557
-0.06928493552648313	 0.35664566804639275	 0.9316670355727057
-0.6901402718510745	 0.3510917040139078	-0.6328040933353194
-0.43397609264318093	 0.8962000832382214	-0.09214207409192876
-0.7436031409923056	 0.2805256913655446	 0.6069264413339235
-0.37240042305411725	-0.8817331466543968	-0.2895938241745677
 0.7949301749044589	-0.36263039503104516	-0.4864002607174407
 0.2083270814431171	 0.9449255019685575	 0.25241953741115686
-0.6086909770654028	-0.20067726817843828	-0.7676092290193004
 0.374550898077777	-0.8671301843004132	-0.32832433388992377
 0.852126556122594	-0.5166877152222946	 0.08315129156551015
 0.6909562145018397	 0.35168883634522696	-0.6315809307059765
-0.5861990470603095	-0.7312878377156223	 0.34869582107446395
 0.3500464911565623	-0.4875652430913204	-0.7998422267911844
-0.6005118765936499	-0.5916145168626867	-0.5379384253864958
-0.9762951079989665	 0.21635128711204374	-0.006323184502169843
-0.933731236445461	 0.29743818550563056	-0.1991896179251036
 0.22358281478860412	-0.4694434500667128	-0.8541859119188671
-0.35361570493229544	-0.466119644461371	-0.8109799074406474
-0.6424569538201326	 0.11009697616678228	 0.7583717547002176
-0.7165465655812481	-0.6783014900225104	 0.1626902209321759
 0.8658036313498768	-0.10674544340925185	 0.48886550528006034
-0.9890225071370864	 0.12911179231904324	 0.0718653286393105
 0.20907984230386498	 0.3768734517758443	-0.9023591418547003
-0.020783635770604204	-0.984727557115233	 0.17285739423588575
-0.23433209209903733	-0.8527601450809679	-0.4667853956305563
 0.11677131001537289	-0.9931373873744407	 0.0065261747114089275
-0.5556680642301611	 0.7667157161863538	 0.32152762392608203
 0.7873978657638903	 0.43544097187547215	-0.4363436272052279
-0.1485618301921624	 0.007157295682340743	-0.9888772197439228
-0.2691373669534509	 0.9630828245580889	 0.006045721675439264
 0.2210670557938987	 0.8219488299143796	-0.5249090186356105
 0.7043046908806936	 0.7086543307904005	 0.04199930779739658
 0.198373884400646	-0.9799602909486484	-0.01804522517563467
 0.8054647735819819	 0.21440934207570359	-0.5524989887313736
 0.29854955242614933	-0.3729424284316036	-0.8785113031837919
-0.7811889403785434	-0.5356937962245593	-0.3205869556247869
-0.21823031435395665	-0.9715324370987626	-0.09219681969521631
 0.9904947406858157	-0.13010864575775527	 0.04463080744084369
 0.4520071762638949	-0.5763142240944481	 0.6808461116231439
-0.8523903994688333	 0.23082774023854646	 0.4692005554448213
 0.594337319580882	 0.1566815016315677	 0.7888054624556613
-0.5371342835219128	 0.6360731579682581	 0.5539834827661279
 0.49619624088995057	 0.6780310672800769	-0.5422759097818399
 0.7067598770564537	 0.14952730128949185	-0.6914709410757822
 0.016211534084856805	-0.9657319755017705	-0.2590346263650156
-0.2975056695574477	-0.6242041620597533	 0.7223984639023369
 0.8421069456050819	 0.5392178097463497	-0.010002290539129266
-0.3932641965611584	 0.38105730818567923	-0.8367428515269137
 0.08924693215343679	 0.42814517008588454	 0.8992923320218675
-0.7192605395812952	-0.46478925054141657	-0.5163673389965446
-0.4906871292395591	 0.18273485508046736	 0.8519589860652688
-0.8166651222870915	 0.4757461788295596	-0.3266858603748908
 0.5632078656423679	-0.8258037416955755	 0.02907026453535777
-0.38316693702536114	 0.14676138436150477	 0.9119452803929069
-0.819586827258682	-0.1784543310961762	 0.5444552178986475
-0.27599343475773974	-0.09509888661413318	 0.9564433207124077
-0.8494793426503952	-0.45214869388248363	-0.2719308828188085
 0.27365912166033596	 0.9599816778402966	-0.059547152266269165
 0.7729025208790363	-0.1916928843824097	 0.6048764595320131
-0.0662564826506889	-0.49190865075379797	 0.8681220869326716
-0.11064702915006026	-0.9109114406073922	-0.39748909709680214
 0.9132294386289223	-0.20508623589595698	 0.35206764728888573
-0.8157422166778161	-0.09943917600270363	 0.5698039015358409
 0.515158747054774	 0.7131188481291035	 0.4754713175113465
 0.9453075873284268	-0.12896207000499463	 0.2996036545827432
-0.048774486403253686	 0.9975155370092207	 0.050831121385475075
-0.0071940605026255	 0.997015298872433	-0.0768683244763253
 0.039911484237920056	 0.0658125974046062	-0.9970334876265619
-0.6240290973911379	-0.05511910954280356	 0.7794546615245881
 0.3961676172818404	-0.26685469231673453	-0.878544132190165
 0.1759414482658984	-0.7281284532169232	 0.6624753296523795
 0.9978509312270538	-0.06506344988729697	 0.007763152585428035
-0.33718584610073665	-0.6191722902409814	 0.70917655078765
 0.3987644596274099	 0.6098490804469276	 0.6848875855321781
-0.588770957358827	 0.5225481189819167	 0.616678378994457
-0.10152485173256189	 0.26979405812268736	-0.9575509755007163
-0.9051154138317876	-0.2229876606643421	 0.36199805363503823
-0.014925216477682956	 0.334438009188066	-0.9422995574250352
-0.3951728508932862	 0.9067313115817066	 0.1472302499970397
 0.6870081941251025	-0.5805872831030036	-0.4369646986931994
-0.2790316425754141	 0.3233850086007997	 0.9041921690956669
 0.13106890528461249	-0.965935035063773	 0.22313773796433667
-0.7550257788293695	-0.16881148140770913	-0.6335919483769017
 0.1358366775801164	-0.9305634614262431	 0.34000006070941313
 0.06577072313411708	-0.8892674186101589	 0.45263414605709973
-0.24864253318025903	 0.9609306434782745	 0.12161081003814167
 0.09633829732797235	-0.8635093385999116	-0.49504601262780645
-0.30381413361106135	-0.9437934755273232	 0.13019542146410568
 0.9495801352740729	 0.2289471852692078	-0.2141979296122638
-0.3166703238256482	 0.5560368227012447	 0.7684679289394345
-0.7597481745730347	 0.32683971629627295	 0.5621018689564317
 0.11237183969021608	-0.9847833696336673	-0.1325680373906022
 0.6555528182841068	 0.749642349854157	 0.09103213578128733
-0.6514464005364599	-0.275654043884511	 0.7068468259235563
 0.859822381857292	 0.49396723239071927	-0.12923561808381723
-0.47299119965992437	-0.1363800527586258	-0.870448049141257
 0.9244075790641295	 0.09587712755786786	-0.3691587790911217
-0.2790769547574384	-0.5259548409595872	 0.8034224035925872
 0.16364051283674977	 0.6842040394437482	 0.7106944596430897
 0.7745641352069754	 0.6168508912873965	 0.1398047866455756
-0.7014964746434548	 0.046874774738243204	 0.7111297009379118
-0.44632407182315564	 0.003986690450555469	 0.8948625197260471
-0.3143602618145761	-0.7336573798126975	 0.6024321329728672
-0.053942639180570635	-0.3378196204267336	-0.9396638205938188
 0.12712460097309225	-0.5368017022567645	 0.8340762964391639
-0.07657825023955726	 0.7028582169628613	-0.7071959406261006
 0.6461127327950275	 0.49003956666684817	-0.5851491772369752
 0.2788072283384488	 0.4733196461254149	 0.835604596695078
-0.7882525972069588	 0.45109183333482317	 0.41853793244473314
 0.9306404966374288	 0.12245548012865298	-0.344837528997209
 0.4637124288401694	-0.8822857931274236	-0.08088610872494728
 0.5088879835187695	-0.7893134131956364	 0.34353654242257115
 0.8814495483177337	 0.4713725949405604	-0.029233037978725784
-0.7877034641436782	-0.5708686050254057	 0.23158645982094095
-0.9549198925040081	-0.2863938461738035	-0.07814450571799214
-0.06796852094302734	 0.45524908607799874	-0.8877660445105817
-0.479563849792042	-0.8730572525877727	 0.08825841419675573
 0.01631579718096356	-0.13382447200667016	 0.9908707309505542
-0.8629980388047876	-0.321627385586126	-0.38960263071509615
-0.6391381795354912	-0.42656862018558195	-0.6399543731650148
-0.3560931275183018	-0.9170405292205543	 0.17953927787846347
-0.4059650552626803	 0.6541945718480435	 0.6381393547416769
 0.5389120961530683	 0.8066071419943736	 0.24281406693924135
 0.8702415163205635	 0.30959533127238326	-0.38318459536681515
-0.9119135121680257	-0.2974677071149938	 0.2827131223504209
-0.6867454552038327	 0.7262945744316586	 0.029612006146440883
 0.25144377050612443	-0.5210331242555946	 0.8156595574761063
 0.12028120534677973	-0.7193834796619759	 0.684119756204828
-0.43274035049057996	-0.2520345859995171	 0.8655716934589197
 0.05954104293319964	-0.10426219917349575	 0.992765963371999
 0.8832681583620678	 0.4415045211495808	-0.1578325639028917
 0.18427695222580026	 0.5600661227012849	-0.8076929757529896
 0.3741790086199352	-0.9273035081464304	-0.009913288431477651
-0.18569268071890074	 0.9807922592863552	 0.05970571539974778
 0.34411339486262355	 0.9303997075968112	-0.12626304122698828
 0.8359052507447179	-0.1973926699036043	 0.512150901244679
-0.23437283661714098	-0.9321722511375655	-0.2759062660853473
-0.42557621552010777	 0.21729338339854382	-0.8784466234864792
 0.14526635735390467	 0.4163634419914798	 0.8975183394193877
 0.26066813352741697	 0.6419589164936618	-0.7210692572129367
-0.9139904629457778	-0.3621316087278578	 0.18298123292932678
-0.328927867875374	-0.8082959358824492	-0.48832789984893976
-0.09012484612631695	-0.6470625513246328	-0.7570915181033033
-0.7177083378135374	 0.6345616936188369	 0.2867511095436648
 0.7519227557251192	 0.6538524746563252	 0.08419685747426775
 0.7484016578195065	 0.4046086021633344	 0.5255348110529379
 0.11729695017769642	-0.478479486627302	-0.8702291688721335
-0.14032637868392298	 0.044893244607144424	-0.9890870052902825
-0.3015904711848622	-0.5146357477698925	-0.80261649298268
 0.9933149787598698	-0.010589383195780292	-0.11494876221522388
-0.8258795467284005	 0.2768652514232923	 0.49119100851909825
-0.875085294135481	 0.010695420905974265	-0.48385053059747984
 0.10445289397583077	-0.8129013350683237	 0.572958124459555
 0.4430021419797532	-0.8829908846432255	 0.15516507286862158
 0.5913704985003261	-0.12648528806332665	-0.7964184863543871
-0.9758953430526686	 0.21807196708075532	 0.008537949498812258
 0.17816880406353866	 0.3158079135584183	 0.9319448690735128
-0.5955599472180936	 0.7080354600077976	-0.37946559348790476
 0.9090570620413662	-0.2149511465965066	 0.35694714248690507
-0.017995258870470005	-0.6142557816421521	 0.7889017716911109
-0.3531430699625963	-0.9302229439866049	 0.09987615640525349
-0.7723878534532849	-0.07988232597910638	 0.6301077827118111
-0.863106690939876	-0.4048676249883203	-0.30187587894883916
-0.333076531468467	 0.9332595432090303	-0.1344866134386895
 0.16819342530387763	 0.46800372560522563	 0.8675733309087927
 0.09106875286384276	-0.38738789354151126	 0.9174078167256343
-0.12638226682054993	-0.45822431034593436	 0.8798056626558459
 0.999104692544331	 0.039127943985732286	-0.016087800823833875
 0.10638381272816921	-0.5346035483924979	-0.838380301793624
-0.8612201139836013	 0.49914755715583126	-0.09566415972264108
 0.6265489791376663	-0.4328018854440673	 0.6481658003147102
 0.5393559988061517	 0.5122514220691333	-0.6683513949562532
 0.30443557968435336	-0.2899234445972262	 0.9073386215163173
-0.3408032517134759	 0.7984550513139124	 0.4963090515523758
-0.3270698314135778	 0.7285247543380279	 0.6018945154226027
 0.04448896242461771	 0.7357706484761399	 0.6757679224877291
 0.81490455994487	-0.34315982932713107	 0.467088738589609
 0.6794734343541478	 0.38680499936134727	-0.6234562891462783
 0.5015042159212194	-0.5646859757275776	 0.6554565357289808
 0.8880118480756019	 0.41834551445700796	 0.19084545635423256
 0.19047247313738427	-0.9810066937639291	 0.03668928681908401
 0.013954302598560665	-0.7210868392950278	-0.6927041559240816
-0.6679861915520108	-0.726634447970842	-0.16061390636538952
 0.4203832240751	-0.8679040832637951	-0.26461376980470197
 0.8612767547024128	-0.4944326605517227	-0.11721218362023955
 0.727152807490986	 0.40520588473646657	-0.55412722865143
 0.7773917966600921	-0.26508651091523266	 0.5704306585522751
 0.23440250256348721	 0.49882842825699214	 0.8344013818029266
-0.39276645169618596	 0.898505243885137	-0.19601745109274882
-0.9805257105713608	 0.07068962831853545	 0.18322747435009634
 0.09646260995817896	-0.1970084100542111	-0.9756447361862657
 0.4466587187906378	 0.1912436200845956	-0.8740262391400184
-0.6900260976215756	 0.1895903649193938	 0.6985123321251179
 0.870207125667179	 0.07430058842118907	-0.4870513124901026
-0.48512158769348485	-0.45912087840572124	 0.7442211124160021
-0.4554165514429587	-0.7156066408305037	 0.5296252451225163
-0.36850300018298604	-0.8490064140527477	-0.3786735371707832
 0.5459420028459957	-0.7139337449660045	 0.43845859248886776
 0.2666943075349331	 0.38612994041199783	-0.8830502904398421
-0.41519910577197194	 0.16685271510986488	 0.8942985374172436
 0.6343200339711654	 0.7430485998149131	 0.21334683690159717
-0.5210813697538812	 0.631873466246292	-0.5737683580935036
-0.43570134014367046	-0.2932354807619037	 0.8509860721653115
 0.46622778867681125	 0.6347334984594193	-0.6162345616719311
 0.16676362767522215	-0.43320150038899957	 0.885734922279414
-0.8257667300180321	-0.3842756718089177	 0.41284563174524647
 0.28255571717478306	-0.29696190526474014	-0.9121271257414614
 0.9285008551342953	-0.10119800509054233	 0.3572745803728232
-0.9327363295441916	-0.04268451012713774	-0.358023703326519
-0.5105153420874106	-0.5891485942176192	-0.6263210194658784
-0.6710573022495313	 0.17908398826863742	-0.7194518901520657
-0.06828631538929536	 0.04275414654588117	-0.9967492473454329
 0.035746259000385514	-0.38887980593424276	 0.9205947542236068
-0.005214695801849467	-0.27627134661225194	 0.9610655284572156
-0.16961657230690194	-0.8316122077276829	-0.5288207204309856
-0.697999612326628	 0.5278989506187497	 0.48385869748047305
 0.9149947634154147	-0.2151568750322252	 0.3413093934375915
-0.4380559306814567	 0.44639702206515175	-0.7802798858654292
 0.12963223381811664	 0.41906576947505964	-0.8986541964569026
 0.515994190281368	-0.11930223252250882	 0.8482434632291727
 0.11430583938048347	 0.9581228414209043	-0.2625543673814166
 0.4486991721922116	-0.1070588551209032	 0.8872471213896529
-0.1372717979754235	-0.07894308826639451	 0.9873826220344162
-0.4746549408598047	 0.7427470107944911	 0.4722600608491294
 0.5614064374287182	-0.521447023795478	-0.6425852576805919
-0.798225854937115	 0.5292955075333515	 0.28754434477993773
 0.6967804058755184	 0.5911139180483698	-0.40630210666135236
 0.3850091820064085	 0.5804902954005697	-0.7174949105857935
-0.7154650553229174	 0.32572447893050466	 0.6180722598832811
 0.5796580740633583	-0.4563518056602464	-0.6750848440335413
 0.09960227684042827	-0.6385305030487658	-0.7631239631439266
-0.7460903389426357	 0.4640116660621594	-0.47753783085184187
-0.7069827100881244	 5.877080525293115E-4	-0.7072305863264794
 0.8067361845364126	-0.07041897514172366	 0.586700857762813
-0.8922011650701258	-0.28124646282078836	 0.3533801185668275
 0.37571919557089395	 0.8702558633436298	 0.31857466690807956
 0.7471783515085344	 0.4564513203190505	-0.48309078154730356
 0.9870315165958764	 0.1479668018093095	 0.06224637185224968
-0.7893112189339062	 0.40249543599327997	 0.4636649907742125
-0.2576598710285418	 0.5358202108544088	 0.8040572694164838
 0.7943805439956125	 0.3357695512881613	-0.5061801653057749
 0.2668377076408614	 0.832220361646145	 0.4860112215191432
 0.2070376424139177	 0.15785400967724386	 0.9655141253511019
-0.32132358973743536	-0.09937756554462958	-0.9417405429016377
 0.6421849475413222	-0.7120953389894166	 0.2837582092925195
 0.49636189115337453	-0.30535799243024103	 0.8126385232498017
-0.7835211393520887	-0.11522969294848762	-0.6105872108482147
 0.05291138892042659	-0.7832957518836577	 0.6193933725860543
-0.20859700823122435	-0.8728567010869467	-0.44114449733006444
 0.18394491798099413	 0.9684375183828144	-0.16820535109651247
-0.4388116167620501	-0.49304855811167436	-0.7512306465651375
-0.5278850052480571	 0.18715694351604442	 0.8284381085681602
 0.4088896788848884	-0.577250106522442	 0.7068179008919073
-0.882743841996041	-0.18802694111336646	 0.43059166136099214
 0.8774705248074887	 0.4649397861002178	 0.11779844394198902
-0.9346127936499397	 0.26433119306319086	-0.23796627139081195
-0.6674360656112954	-0.7258845730042709	 0.1661947201198697
 0.5269957584956068	-0.6953782304708316	-0.4885945017239708
-0.1631025717694192	-0.3290422449604358	-0.9301229768764978
-0.11150356403753484	-0.10849735821924626	-0.9878235057267932
-0.9178478187039437	 0.12712082745414147	 0.3760261652169792
 0.16247045008666045	 0.3377760967727715	-0.9270979782620548
 0.3766937026990925	-0.2540752346599019	-0.8908129037454293
 0.868861046592396	-0.4900062951163314	 0.07052880589328692
 0.928800370728721	-0.29621255446935263	 0.22268361841170825
 0.7808196066040174	-0.4204754485564476	 0.4620834763373407
-0.04411298652006929	-0.683670044594966	 0.7284568034851464
 0.4956279933685406	 0.6508062239298255	 0.5751557624536816
-0.7511104864653927	-0.18650204307484267	-0.6332851056598683
-0.8535854805068273	 0.4222133825580895	 0.30516829300696546
-0.5962514041438867	-0.21168082905388738	-0.7743871703918541
-0.4191719321105192	 0.3844344453070911	-0.8224992696605653
 0.6049969719549699	-0.4340867587075248	-0.6674933331802744
 0.4604300156985908	-0.1502738308250554	-0.8748839788297407
 0.4050178636066291	-0.0627032201395808	 0.9121561469088773
-0.6516047829558911	-0.7020006070265042	 0.28741321222836214
-0.4975959643270855	-0.44664442485367306	 0.7435771742277526
-0.4151417587791245	-0.8966945414732029	 0.15361060969196605
 0.5744424496753263	-0.8039420026118922	-0.15392572380011904
-0.821578633413888	 0.3447548965013578	 0.45404031809532763
-0.14134133880575994	-0.797660610132564	 0.5863106488778294
-0.4293685465619111	-0.8345064946160148	 0.34531371485506224
-0.07530046073366224	-0.6238623844597115	-0.7778981719155413
-0.6268395525926583	 0.44380830808365773	 0.6403954723304632
-0.8836990195052551	-0.45369473657839365	-0.11505272237766806
 0.12791726483656357	-0.9865049326975517	 0.10220171779442655
-0.9052866337791817	-0.4215889981770868	 0.05214237544261069
 0.31021624896697636	-0.42458609143883175	-0.8505836407041667
 0.34426435142639056	-0.6570567710427989	 0.6706403327893258
 0.46291421041349784	-0.5228233960019564	 0.7157975484662051
-0.9525329118324601	 0.1431806788772934	 0.26866400032794124
 0.7119149512989095	 0.5312234445692141	 0.4593242363049117
-0.904967618875792	-0.20542032415862524	-0.3726071647309597
 0.19032689724589175	 0.18101081704075517	-0.9648889865155421
 0.053219250876194404	-0.991808464548714	-0.11611925329461492
 0.837118729217966	 0.4735080567348434	-0.2739020872496043
-0.19794859873275608	-0.9339157630920975	 0.2976872515037279
 0.7585716365578674	-0.1589671272004429	-0.6319007237529934
-0.7084140138663773	-0.6198556473179851	 0.33753305237521536
 0.047035920047052746	 0.6124282768363688	-0.7891256097457255
 0.5846597315494464	-0.7778095173351355	 0.2306194984111556
 0.48210531468082596	-0.03170872189685693	-0.8755392752539257
 0.415937842602049	 0.6191403148482887	 0.6660788103678985
 0.7899488632656518	-0.06315711337033779	-0.6099114464051569
 0.5699184117501822	 0.8204873201234245	-0.04464931651023196
 0.574310332695451	 0.205495748283322	-0.7924261096132041
-0.4592046440764458	-0.8058141094886425	-0.3738913155017787
 0.4896627136425624	 0.8718901428355708	 0.006164875860056318
-0.4333632331618886	-0.3333251441631412	-0.8373115647189497
-0.07905081831576766	 0.7440821760661431	 0.6633948171219615
-0.06261060123183625	 0.8011325018350289	-0.5952030133634534
 0.12137824186266451	 0.5643362562897034	 0.8165732742621759
 0.8683599782906994	 0.4954287900754421	-0.022388882673315624
-0.7176297133000582	-0.5659264913938851	-0.40587535146579556
-0.17365119180375863	 0.26024623921524176	-0.9497984831317943
 0.9296452173196244	 0.2152250253226708	 0.2990617969410403
 0.839907224498542	 0.4559087008291926	-0.2944539195585507
-0.30287473732887676	 0.4417619003325999	 0.8444603702379965
-0.9452553917347966	-0.20460227419644417	 0.25422461287204157
 0.1153220711530722	-0.35133120615631486	-0.9291217377102501
 0.38433090586158575	-0.9209195575338085	-0.06478366577577521
-0.7077127203132719	-0.4651612673079326	-0.5317590628313416
 0.7784073639998157	-0.0915538638114143	 0.6210473940787928
 0.4533943708665197	 0.525106801075925	-0.7202057983176489
 0.09316440589181679	-0.7797395368910832	-0.6191337885172348
-0.804438774828035	-0.293088530061662	-0.5166985301889915
 0.29193968499019024	 0.9549195447931235	 0.05385056452742587
-0.8772982377004582	 0.3931680836135354	-0.2752574434149426
 0.8895660459473128	-0.2974646958460321	 0.3466799743609239
-0.7357681864404522	 0.6727669375980899	-0.0776519381407561
 0.6471031390804083	-0.6535260103582483	 0.3926337748812656
 0.029202769975512292	 0.2647224249329605	 0.9638823766224645
-0.3964755672272079	 0.4435320334907064	-0.8037950359758776
-0.37157141190087595	-0.6237394921237617	 0.6876654214246791
 0.04634038895692665	 0.3490813196388155	 0.9359459389465525
 0.514599027410575	-0.2068862583243255	-0.8320973002628065
-0.851727769184006	-0.4361459600007906	-0.2904074874651572
 0.6063355742647374	-0.14143551720852554	-0.7825299776066141
 0.19940474223119564	-0.033649579604075185	 0.9793392949168227
-0.35284792810054644	 0.935382465512977	-0.023621660526219834
-0.06300970914271298	 0.6998877454602342	 0.7114681442681332
 0.8004617796595389	-0.2831658556868553	-0.5282783711997063
 0.059737308994616205	-0.05602937820353578	-0.9966404380177472
-0.9222603150862536	 0.36907084710130456	 0.11498965621711199
 0.30298036360034103	 0.9414729475841135	-0.14775516315813153
 0.6524829163032614	-0.06745332776955193	-0.7547953977769104
-0.7512314132624369	 0.14513273990633638	 0.6438849676262068
-0.017877793327279744	 0.2480562629952403	-0.9685806496593783
 0.9199926674811674	 0.38482674658411686	-0.07430926519869607
-0.3671223380998918	 0.8749623302962458	 0.31569306205653613
-0.9266788209751431	 0.36775070368466406	 0.07762591510283867
-0.21179606596029082	-0.6898667829073843	-0.6922616906089489
 0.7528029681075054	-0.25803025090991394	 0.6055642664688012
 0.7210254092262128	 0.5393402178737693	 0.43501090633919426
 0.02436335895348237	-0.998716655127162	-0.04440123322743483
 0.42968933655824904	 0.1344801145750856	-0.8929065868454569
-0.15739803403423264	-0.08194534539357162	 0.9841294728085765
 0.7356158864387853	 0.09432170251720658	 0.6708000328362662
-0.8394005134486904	-0.24997998241317826	-0.48261453191422055
 0.3280485514343209	 0.8498353750760397	 0.4125093734343628
-0.6059676710251319	-0.014166873173554891	 0.7953631129093566
 0.5144791878415302	 0.8508248462517481	 0.10680939227712338
-0.008530736958225135	 0.1937794221351204	-0.9810080336490259
 0.0157480165891648	-0.7289531621444172	-0.6843824131091931
 0.3993121619440681	-0.5853061229896581	 0.7056674427195642
-0.8207075646469961	 0.3984160565506206	 0.40951647001536995
-0.24853274870733302	-0.3754898383416986	-0.8928823293817068
-0.1395154352994853	 0.4404387630642911	-0.8868760563368436
-0.3664019469681395	 0.7468841885735122	 0.55489965049263
-0.27811861515870884	-0.623004919954797	-0.7311052630191626
-0.4727871022711216	-0.837935040846225	 0.2726485342856464
 0.638256379661235	 0.5572125985985951	-0.5311712659629984
-0.20767665355667703	-0.3016314469192179	 0.9305315028503436
-0.5123069848789673	 0.8298428433761339	 0.22113888970878626
 0.6038793828684853	 0.7969113463877295	 0.016186319682789607
-0.13216011466797076	 0.7882545548253285	-0.6009895680359782
-0.8781893122850156	-0.4764437108066126	-0.042248339863198536
 0.29076486308291555	 0.4169629617253352	 0.8611606603564808
 0.9690936248637635	 0.20202600078872268	-0.1415734482652955
 0.9339990894436447	-0.1128438033901353	 0.3389866914126436
 0.9025893545494706	 0.29696682751158426	-0.3116779754998338
-0.7768562977850544	 0.6278964375423012	-0.04733240236229408
-0.5502956351638486	-0.10613020685173143	 0.8281974964422587
-0.6048065403237154	 0.7948841795501367	 0.04866405123460171
-0.17413955687970464	 0.1637969499593993	 0.971002561229237
-0.47537420089000715	-0.7597401457252272	 0.4436375548819076
 0.11551099586570683	 0.8197358447641203	 0.5609726861826401
 0.15201343923221702	 0.7738231335252121	 0.6148899676478832
-0.6758739348935403	 0.7130681658713816	 0.18635507761353365
 0.967194139150868	 0.23132369420541002	-0.10499926519444425
-0.375721680097451	 0.8542336483761622	-0.35933006148484137
-0.9082968148858348	-0.28262128807981757	 0.3084187147245647
-0.14116238017416863	-0.9520982768632936	-0.2712601216867503
-0.44317990307246696	 0.8333457964632434	 0.33034278716164134
-0.3030488048029356	 0.6651476739732136	-0.682451458871278
-0.8429682097207137	-0.29977891558234826	-0.4466958687659044
-0.07993782243904782	 0.7818527212512519	 0.6183172865250619
-0.9264596951354164	-0.3761168784136015	 0.014440466128190943
 0.642228196552732	-0.048429430212197366	-0.764982048052075
-0.47520444544379337	-0.8483355885160866	-0.23346833679863743
-0.10166565911416044	-0.9868240898546248	 0.12586623629661275
 0.915556693887661	 0.36521620398572646	 0.16844306047965274
-0.23773984189198583	 0.9244319534039636	 0.2981699701561271
 0.5887846642505603	-0.7397639248658121	 0.32570224839642115
 0.08160586019355785	 0.9749810103994855	-0.2067668081256464
-0.3751804423111406	-0.9178596452589718	 0.12951180375661298
-0.69980977006882	-0.6402142788690144	 0.31684690758859113
 0.8151391542251728	 0.04620187265133215	-0.5774197314021923
-0.7803793123661311	-0.5650695681935697	-0.2677769817077209
 0.1952181878902424	 0.18719365611573663	 0.9627296579138265
-0.42370206199884536	-0.7150351287847417	 0.556058744434178
-0.23286728486227398	 0.2505420450214344	-0.9396816010316207
 0.4591968974490014	 0.7853034485428134	-0.4152549856172423
 0.029232722524110487	 0.9990246362755674	 0.03309416940034615
-0.7815302214902203	-0.5992740938955308	-0.17343896126054759
 0.03503509025236877	 0.3035485773747338	 0.9521716250890822
 0.11502604461369896	-0.20022732726901413	-0.9729738056470145
 0.8861212274837027	 0.09018550056389969	-0.45459404493549505
-0.6583718264441049	 0.04067070209830339	-0.7515932624335349
-0.5699773745439528	 0.5824862481585444	 0.5795132122861093
-0.3851410573867561	 0.4612953665324677	-0.7992952838161176
-0.6540149724612339	 0.5087391959218279	 0.5598650250992139
 0.709250403901006	 0.18694893719971675	-0.6797160873821926
 0.5213270451698511	-0.18512160817204626	-0.8330354747321793
 0.03699475111884618	 0.2987467300685896	 0.9536151108612845
 0.3069786868161298	 0.8151679900970238	 0.4911875749261405
 0.19742311666642	 0.7957470475135764	-0.5725475957325672
 0.3123841562331456	-0.9350635529205358	-0.16754787654318393
-0.7915169024105652	-0.5467438043546852	 0.2730791196670841
 0.7276861455399752	-0.33407263734628034	 0.5990562131934487
 0.1872896249517438	 0.8874709825469386	 0.42109126270038755
-0.7322194096025809	 0.1222688651722227	 0.6700037767137919
 0.7503013885742963	 0.6283494691770385	-0.2054866683958272
 0.8102526913571598	 0.3395276009660368	 0.47771496138463854
 0.7042385072542297	-0.3824772201918546	-0.598129836184959
-0.22522310885091035	 0.974033426557348	 0.02309621589096933
-0.5107079890988925	-0.8279074876758262	-0.23183300395083317
 0.19151023947620316	 0.25614683541111105	-0.9474769796067029
-0.05566865864758007	-0.938574553803391	 0.3405566140851539
-0.35989540404959885	 0.8855818329826133	-0.29363261950119
-0.3030340212788911	 0.8795604046135458	 0.36680223088689123
 0.5216339829349458	-0.8482724929467451	 0.09127850545083938
-0.7413952372862171	 0.05897714378482539	 0.6684719879249226
 0.5114759082932668	 0.7419337040686705	 0.4335052179645824
 0.8242907253051881	-0.49043728620632354	-0.28287111636648876
 0.06086912020913688	-0.6719121300514938	 0.7381253550005109
 0.2571243059748461	-0.8440464437586173	 0.4706088525042693
 0.1746420321711787	-0.962167614347336	 0.20912590107463314
-0.6294254000343922	 0.5608807687711396	 0.5378070555638339
-0.44382248564190036	-0.8927261840850671	 0.07785603051504708
 0.7474133386309346	 0.3134274833813439	-0.5857785536342186
 0.20966831420132995	-0.26042387058015165	 0.9424535031777561
-0.3173459128222609	 0.5579106698684417	 0.7668293526345693
-0.5819240006245935	 0.2852417774649055	-0.7615783517706696
 0.29278105388666453	 0.05996937952353722	-0.9542970858200166
-0.1805124127681277	 0.21678210789927152	-0.9593856297294523
-0.43500554845945016	-0.8983526660532184	 0.061095500690048654
-0.1523828273828506	-0.23269782473349485	-0.9605369312437226
-0.7947705465484152	 0.14810892525828634	 0.5885605530427338
-0.5885200430033863	 0.7722382522266096	 0.2393579762224014
-0.7432945676753939	-0.37936938899812384	 0.5509918804805018
-0.1358599003557761	 0.9425066273789846	-0.3053249823090316
-0.44277517250089976	-0.1944104008331585	 0.8753026577502716
 0.0413937447770451	 0.8199176051514265	-0.5709830808842609
-0.6803987485381342	-0.008857027313694303	 0.7327885752759149
 0.838272745307504	 0.34258748533735756	-0.42418465243906
 0.8727567872290396	-0.1795100909702425	-0.4539512282013345
 0.5870718490587745	-0.3424854935628092	 0.7335191413601627
-0.9489981652979318	-0.292232018341003	-0.11833397533043066
 0.7870534582983468	 0.2867793711207928	 0.546172542407777
-0.3454797565691087	-0.3904896039541888	-0.8533238582183498
-0.8982811591329636	-0.18248795546129504	-0.39973629464722826
 0.241093611125802	 0.43373940959202456	 0.868184309487958
-0.9768884247125574	 0.17066429371602326	-0.12869617132234001
 0.7521004753171019	-0.6058883924729804	 0.25931473327656684
 0.43063357893184323	-0.32668865627168675	-0.8413258836858353
 0.9489959648455792	-0.20564317984798255	-0.2389927640930125
-0.35563161176108143	 0.5070259652458674	-0.7851438258578565
-0.6231723681026758	 0.723083715339819	 0.29800359099122753
-0.3926533080885662	-0.8306552306957052	-0.3947597590496912
 0.009483478521173528	 0.4330786428193957	-0.9013062480471601
 0.32984402765025167	 0.9037854345798555	-0.2727174465720188
-0.17606942384354504	-0.4039443251741273	-0.8976795308722489
 0.8823292194606375	-0.4531348303009689	-0.12713761856387884
-0.8838478581440737	 0.4162769746591305	 0.21336926681875967
-0.20338622801697503	 0.6465421793601125	 0.7352667900573935
 0.1411647704085015	 0.234557369666374	 0.961797976672184
-0.6530121663732635	-0.3755240424323639	-0.6576905078559012
-0.8020981004555063	-0.34268086529005964	 0.4890894210772958
-0.995286608434787	 0.08849287353296849	 0.03966835519979628
 0.15525390867170472	-0.584962791976538	-0.7960620301491408
 0.9492046745117004	 0.2785295634067614	-0.14639592956628156
-0.9978217420447087	 0.0217155895502014	-0.06229128569350628
-0.9251090673736052	 0.18816163097922875	 0.3298005671468365
-0.10027846651671765	 0.9947300517034867	-0.021362429427244756
 0.47866866973954136	-0.4123400887505822	 0.7751464092795244
-0.992591223998103	 0.11891585600630307	-0.0249335362962384
 0.5327437431620663	 0.4417138399272002	 0.7218538548338147
 0.8723968680401482	-0.31726955215498565	 0.37183831958139435
-0.3149846594006747	 0.8659892604570771	 0.3883906089431688
-0.060519253738990676	 0.9736891055894373	-0.21969739548596712
 0.0708801150091632	 0.3625175553978482	 0.9292776933321147
 0.6180263718453762	-0.6216740835183169	 0.4812117388274122
 0.7461153924781149	-0.12427832828419595	-0.6541152178524163
 0.8095929228323903	-0.5743606876448634	 0.12111605916569057
-0.3026044455490338	-0.9503217508297845	 0.0729322934904344
-0.40134891336732614	 0.8173718689780294	-0.413306517662412
-0.13534742613714312	 0.8772866326758129	 0.4604880436736485
 0.21400570066280844	-0.09479291053385364	-0.9722221269835105
 0.319613892419073	 0.6998221300689473	 0.6388238771668531
-0.29653568367550887	 0.08398906735010936	-0.9513214098677467
 0.5517864529585422	 0.7225810498813893	-0.4164232662613119
-0.9315644202286649	-0.3044691032783983	 0.19871159028320307
-0.7598971242019176	 0.27018012007720654	 0.5912352013748181
 0.30404737818852956	 0.1910193099060861	-0.933309603004107
 0.5565320369624573	 0.03584441701546795	 0.8300525703852975
 0.8112827830750157	-0.3344484593899863	-0.47954611237890554
-0.09985201878218057	 0.5156914056779154	-0.8509359249996786
-0.20452864442179686	-0.3013007678726804	 0.9313355361470512
-0.9957541042648314	 0.0018100410435452267	-0.09203525189384898
 0.9092883964137646	-0.02845099766740432	-0.41519291043924866
-0.837907596221594	-0.49349444575836243	 0.23318252979114207
 0.16036545997707155	-0.4000420888143668	 0.9023576045135213
 0.9604240854181122	-0.20420012609076668	-0.18944097933999826
 0.80842462224179	-0.05529067043186063	 0.5859970750067056
 0.47928586440642834	-0.8727571016975249	 0.09262883793246601
-0.495570566730033	 0.7968494509684427	 0.3456020339670549
 0.9255892331568192	-0.0729479673472207	-0.3714339315734094
 0.7923069818489361	-0.3758016928288374	 0.48064824370885795
 0.14096083379251462	 0.9830242458380073	 0.11744520182253448
-0.01104382898165876	 0.6743868873197693	-0.7382955777008127
-0.5189955058568863	 0.8144476130911724	-0.2594585717035507
-0.3256065042823121	-0.922654881901426	-0.2066116484434466
 0.30940462686470765	 0.8857602823042772	 0.34597326365914216
-0.06667903158741836	 0.5395404834908798	 0.8393151812168012
 0.22624285087630275	 0.45564599665936534	-0.8609302516206854
 0.08427245412182331	 0.29781687613839886	 0.9508960309957397
 0.9404092837174673	-0.09812360267574054	-0.3255796948458758
 0.5176999670512357	 0.18943262127513236	-0.834327289564462
-0.3372563387733056	 0.40602484876560957	-0.8493538627345432
 0.4709888504843412	 0.7072670662255229	 0.5272028070412569
-0.6813499260476645	-0.11100467622412319	-0.723491700112185
 0.5791918363185296	-0.36812614366479995	 0.7273375826206512
 0.31795491510332935	 0.8970102353216414	 0.3070461035249401
 0.49621219387853427	 0.4896676639911891	-0.7169372618909298
 0.8270656772507108	-0.507811418010149	 0.24101852470784224
 0.139302694546803	-0.5340451469879635	 0.8339007976195998
 0.9207435702671039	 0.11114707494015473	-0.3740021464430847
 0.729509249703898	 0.2934992201453411	-0.617798075725825
 0.34525595120134633	 0.08056222183442124	 0.9350444142248833
 0.476728869075069	-0.6447868457155762	 0.5974776221604985
-0.7007273463474379	 0.7109879696159062	 0.058968577584415316
-0.7322108189137028	 0.13649510389055486	 0.6672603714290484
-0.23283589133212484	 0.9672817501426968	 0.10076439623426725
 0.6162300549032986	-0.5092144376708063	 0.6008004459897496
-0.03221774695182614	-0.9308894365642225	 0.3638775531335954
 0.27389758271183706	-0.8842599516788576	 0.37823861786115476
-0.723400157785763	 0.662745250350324	 0.1935483010868848
-0.707387050097803	 0.6976903174933555	-0.11327745684799373
 0.891708495017976	 0.4231786417552523	 0.1605484259497929
 0.24711376455122414	-0.5412391317957018	-0.8037381349558805
-0.43540222535836537	-0.8997092907204312	-0.030791140679128803
 0.7793830113987577	-0.18679727072977415	-0.5980542627478809
-0.8165511586487579	-0.0677247208214561	-0.5732866364211073
 0.08734118389796816	 0.03745221527177902	 0.9954741830738443
-0.8738574062222109	-0.45482075250084203	-0.17178858135847563
-0.5355893151778798	-0.7001113507966024	-0.47221624490591885
 0.31487227729193007	 0.9294325280516192	 0.19238145646753435
-0.8833657176022611	-0.4302507148076042	 0.1858745043640675
 0.569800487574388	-0.8183217102104742	-0.07534575607288363
 0.97974560064871	-0.10705795706471337	-0.1692251513180847
 0.6003431781303509	-0.4036810484728892	 0.6903837190839444
-0.24094467171264264	 0.029458800460617343	-0.9700916679616975
 0.8896327920760204	-0.06400873990566708	-0.45216852663438756
 0.9344570778639542	 0.12330358309045347	-0.3340452005747361
 0.6345993524672939	-0.27852429569364456	 0.7209076768605329
-0.15728560744830608	 0.9701893963956355	-0.18437400253585046
 0.6039088967649022	-0.14260766549350887	 0.7841920033707881
 0.4148363223865424	-0.4916918302429644	 0.7656043166682986
-0.6844117031269664	-0.5189082582592369	-0.5121668088945344
-0.18388889097657785	-0.6573793191145505	-0.7307785619295999
 0.8151611208137679	-0.5783221394232142	-0.0324938481346575
 0.8322880988771254	 0.026318317388703955	-0.5537182195280628
 0.6573083549818507	 0.674913576339302	-0.33531685156571944
-0.20805486829755393	-0.3580248265401771	-0.9102369995548212
-0.2511561875845978	-0.28495226305971444	 0.9250528510388569
 0.653110344275872	-0.5020043502851518	 0.5669554748784376
 0.45065332744217057	-0.891183275635528	-0.05199949704401319
-0.13618571866447884	-0.05892711924138993	 0.9889292414777462
 0.54149180207048	 0.6545096644553061	 0.5276397705111573
-0.4435692687680839	 0.8869144279839526	-0.12895387252209756
 0.4006478235415023	-0.32681168652985176	 0.8559646272124632
 0.4709114810725523	-0.036189482173314115	-0.8814378584869624
-0.0304870577868562	 0.8931467844450508	-0.44873083328758123
-0.8167882482395974	-0.555780529626222	-0.1548062028023618
 0.06675680063275907	 0.23400626766115806	-0.9699405117142867
-0.3411209979162419	-0.5908098843267484	-0.7311498788637263
-0.06125405918920392	 0.9316096502720497	 0.3582616358931481
-0.4753699148140006	-0.49465097391711066	 0.7275602092559652
 0.7702641543476405	-0.6047560727146023	-0.2023937376549112
 0.6525655882611769	 0.23627311199228912	 0.719953588481107
 0.40724219475922013	 0.6934711307967887	-0.594349716546678
-0.4634282191576523	 0.3842697808775681	 0.7984804450909695
-0.7009849576560714	-0.6668021732264849	 0.2529722334967863
 0.4771962317261178	 0.12322239233563327	-0.8701149340480696
 0.15833756401935825	-0.37997996414204294	-0.9113421106648301
-0.38349058800318875	 0.7135940790671649	 0.5862750713046339
 0.47629170072233146	-0.7906507230337535	-0.38473062003073233
-0.6725536695471807	-0.3376281844454263	-0.6585429148101944
 0.6621430801184288	 0.745820183151773	-0.0729300751044164
-0.21104543716625523	-0.9699535964218717	 0.12103654092703131
-0.9320839135270678	 0.3416640878571413	 0.12035459780504132
-0.0846267812554769	 0.8566614940280557	-0.5088903541470962
 0.4075981545702428	 0.6863529311536392	 0.602315032427168
 0.4627959008119309	 0.17409617908386157	 0.8692010553491485
-0.7107541045947715	-0.6729238350657653	 0.20494417533091158
 0.22072950854182516	 0.9272617375217551	 0.30243041213975186
-0.5517970299359325	-0.8209327460904933	-0.14693353650615415
 0.8693461604133103	-0.11037847428826249	 0.48171967552553885
 0.011984499514597966	-0.9705367612199995	 0.24065487090848237
-0.7617740913876616	-0.6456858335507889	-0.052820810693567255
-0.5296273570681025	 0.4196020276524932	 0.7371763703720928
-0.010098168956162185	 0.14996086340439121	 0.9886403625336881
-0.20198875192554594	-0.8827466765189367	-0.42421556924555714
 0.6939705862942133	-0.32323450242355745	-0.6433694753417054
-0.8959785011245291	-0.3543014893876405	 0.26775544838591414
 0.7396081613519041	-0.5201698616090464	-0.4270867391236599
 0.9719058178170387	-0.18722120077873688	 0.1426439738382279
-0.33783543168941066	-0.6956788906248415	-0.633954337657074
-0.03676495481963576	-0.9969535551671622	-0.06878914839323413
-0.7830228115905665	 0.4358279162412662	-0.4437671731365447
 0.27819941083076727	 0.878557734826103	 0.38825429088503416
 0.8463305639861587	 0.32120642304902475	-0.4249129443249775
-0.3985052975069143	 0.14922228639540036	-0.904945433217857
-0.056244761776729046	-0.9611397253463833	-0.2702720021270386
-0.9407628330154494	 0.26317872700251177	-0.21378084495595773
 0.6996049386175177	 0.17403160117587405	-0.693012216093007
 0.5518900508517989	 0.8127474627475594	-0.18670547278589167
-0.5966352122766189	 0.4531743560595669	 0.6623136919025838
 0.7152918972777756	 0.12482164524495483	 0.6875878551625987
-0.6099907639167036	-0.651743983535297	-0.45071171258561615
-0.8514909647048695	 0.523046553284553	 0.03722150081767173
 0.3646520920424506	-0.30294719961947925	-0.8804838703870614
-0.6255406628599431	-0.134450153258931	 0.7685193786739493
-0.5269268740550525	 0.416170130605441	-0.7410468890633175
-0.38888671755710513	 0.54958952049847	 0.7394041383884202
-0.8504090836232219	 0.47530653526181793	 0.22558388246618621
 0.9082235774292817	-0.3835285345031215	-0.1674389340131066
-0.9876390020261296	 0.1314901620355401	-0.08532021427949021
-0.16948369912041186	-0.22839042005161614	 0.9587038603036435
-0.5630935261732641	 0.6592578440547975	-0.49830189226409716
-0.6050417218643133	 0.18397737120945656	-0.7746462687487268
-0.13502651942051414	-0.7020464253839908	 0.6992128829324744
 0.685223617275122	-0.059767947709530554	-0.7258762888777868
 0.34058269789177326	 0.7345364783648911	-0.5869067965597818
-0.6467541621140249	-0.444785601891799	 0.6195763247074049
-0.5336419664268048	-0.25759697356901756	-0.8055247053171091
-0.14293163788825494	 0.6840423075228365	 0.7153018023250144
-0.5289036065459333	-0.7244378064498318	-0.442098223892452
 0.2915543511687259	-0.7666457918432511	-0.5720579430124344
 0.21102578036511915	-0.10021802760979928	 0.9723294024986049
-0.6301948790043297	 0.4707370850260378	 0.6174633683530604
-0.8602920995947763	-0.49280626081576023	 0.13053540774671268
-0.692736681133743	 0.39703977233749654	 0.6020592244904115
 0.7715386814631172	 0.6351505420038337	-0.03621949748948605
 0.6846804667723912	 0.4525084898393006	-0.5713569156347862
-0.5876769110105882	 0.16345015237197513	 0.7924139675413548
 0.2842820364343117	-0.2519919388932347	-0.9250317759372317
-0.9815202911644324	-0.1910662477999356	-0.010564420672302122
-0.14320679981088702	 0.15805483071354864	 0.9769905234832301
-0.7519464593461805	-0.5104583376107951	-0.41714362974923413
-0.8435161610471574	-0.36412693097495313	-0.3948316909659453
 0.6807906841994936	-0.6518809596172376	 0.3340288292882738
-0.6057985093765493	-0.05025783227613335	-0.7940291659202796
 0.033603060165329414	-0.06893168787233342	-0.9970552927268359
-0.6675915470501473	 0.18932383875103842	-0.7200541718424813
 0.172494149800986	-0.6410926402676567	 0.747827516797209
-0.4641800788746853	 0.028757584275134706	 0.8852738874057844
 0.00476090184953205	-0.4250135683036335	 0.9051744586384394
-0.4902960980324606	-0.7547671520632615	 0.4358167991489741
-0.5787201822792055	 0.7787093420425614	-0.24226991401815545
-0.9252927563196776	 0.22507720573730686	 0.3052434545732634
 0.7217837441808631	 0.6128090487773964	 0.32170374006653546
-0.9623388614475481	-0.09716238924004011	 0.25389640774340183
 0.6287730546795619	-0.39316556170221545	 0.6708690533929211
-0.7223164485265722	-0.5140266468956142	 0.4626397674964955
 0.07838271898987183	-0.49733015036170886	 0.8640132353760299
-0.4999452736563683	-0.8397105527397385	-0.21199271441769363
 0.9407620335565322	 0.30231584601048456	 0.15353151295269374
-0.9634274082531132	 0.08403237674219309	-0.25445272387173823
-0.4458837769642608	 0.34293726356267984	 0.8267899918965071
-0.9116640864132353	 0.26190673318544805	-0.3166598437700108
-0.24236265763418244	-0.5925495512642571	 0.7682091977326382
-0.008728750441006303	-0.9270811009742008	-0.37475917751564425
 0.4185724486585713	-0.8288804013824675	-0.37115277909239364
-0.9334298263978723	 0.10359225354703847	 0.34347838970724776
-0.44616407543841174	-0.616849851970323	-0.6484087275109562
-0.14178119756806778	-0.7575631876878156	-0.6371782393305974
-0.21716099307889244	-0.6548435823560705	 0.7238929380316246
 0.25384043917642246	 0.5383244863491047	 0.8035992650791148
 0.2759097396413453	 0.8812815630475836	-0.38368818355984446
-0.16811078230755105	 0.9564968730648348	 0.2384376159273882
 0.6724946969162712	-0.6314456433748121	-0.3860405187055653
-0.0713361855931465	-0.3544881504393199	-0.9323354009277618
-0.618449851955361	 0.773119212241989	-0.14073544073444477
 0.48282873423597095	 0.818669359918891	 0.3108969162376549
-0.6465444673882915	-0.7565157036320768	 0.09830687589204645
-0.2726399308008991	-0.48214835048034604	-0.8325865938519321
 0.5402050217673289	-0.03739777010775853	-0.8407020526014712
-0.5552293565375875	 0.27616649546123756	-0.7845077618631409
 8.083970804212726E-4	-0.9205549768077685	 0.3906121876857007
 0.406168049999333	 0.5862348325173482	 0.7009680708157084
 0.9921188952927708	 0.11358653472751808	-0.052897984192654235
 0.02192122279401709	-0.12306527930391364	-0.9921564377763543
 0.5797626387536529	-0.2865298076024372	-0.7627423890545955
-0.44709187210752194	 0.07741432430596373	-0.8911317973721071
 0.0891754357146488	 0.7370770795017653	-0.6698993361231604
 0.8853419376266701	 0.1547676896058901	-0.43842515408391924
 0.1815131481433379	 0.7202660456898077	 0.6695295366729257
-0.6796040974042721	 0.48009780103134486	-0.5546569861060002
-0.9984253886069804	 0.010199026466550382	 0.05516088509201911
 0.6597270971966261	-0.5844931584660479	-0.4723641655872055
-0.13222954604474527	 0.8422978602339233	 0.5225415407392553
-0.22675612199229245	-0.36582817922198085	 0.9026358094082834
-0.8086660699458941	 0.32258616364242804	 0.4919322660130385
 0.06023376628894093	-0.9298081180684614	 0.36308230054993773
 0.13094974658999906	-0.9261497452421641	 0.3536931060338746
-0.06956514044918849	 0.9856490314899151	-0.15380727537173589
 0.32174549421111825	-0.8159185182043125	-0.4803715318439701
-0.6796997115070351	 0.470299375605549	-0.5628736976287703
 0.26686386411704605	 0.36122268878162966	 0.8934773903898681
-0.2777357951027986	-0.8816700526428428	-0.3814718159856416
 0.4146641870433551	 0.5813466553780462	 0.7000640529726065
-0.681730252875789	 0.11649129826051711	 0.7222697832136493
-0.8337038837654057	-0.4362586422016485	-0.3385501902212622
-0.014491641355662131	 0.9913528247214617	-0.13042073933081988
-0.7837087660971125	 0.041235674781346675	 0.6197581698274484
-0.7666586838424295	 0.6372584366437718	 0.0783335650620447
 0.8854603413234513	-0.44899981961616825	-0.11982965379239552
 0.14485567030425872	-0.7268348867480053	 0.6713627053886133
 0.44662567993505764	 0.4312737357453135	 0.7839186608818729
 0.695782269729226	 0.33146689915977345	 0.6371944192252874
 0.8350032112498048	-0.4476751121758487	 0.3199322289811626
 0.3430206959399826	-0.4486549032575819	-0.8252548575681211
-0.0075905696117546054	-0.3266406693577737	 0.9451181176839616
-0.7404932111110258	 0.6033479113875821	 0.2960423991976895
 0.8479609644355266	-0.48793079856916904	 0.20708872156934244
 0.3138954781100732	 0.17139534930055633	-0.9338593379413138
-0.9535643419265578	-0.16875221237908342	 0.24947492183250675
-0.9666527464432931	 0.18879527239541877	-0.17302835870104705
 0.849023886302688	-0.4998461215071293	-0.1712083388791572
 0.8104944148464763	-0.41028181990330204	-0.41805218784202336
 0.1894437419744308	-0.35142685530202844	-0.9168479884905962
 0.555021551232651	 0.5647802721081921	 0.6107162368110892
 0.17363600727809225	-0.9842552707962539	-0.033046919467861535
-0.7371459514197995	 0.13814280115348346	-0.6614623290822144
-0.031067811979713936	-0.05477930868049448	-0.9980150391648817
 0.64547654542295	 0.5793951854386882	-0.4976557529048795
 0.05554400141251207	-0.977025624861221	-0.20575663360297214
 0.3000320665031883	-0.607341135314297	 0.7356068953081987
 0.2887290318014406	 0.7234916739517835	 0.6270529036033952
 0.5404023776279459	-0.08866193360880982	 0.8367223743768359
 0.1880246860457149	-0.7492281618916328	-0.6350621063060649
 0.27166825997635125	 0.5208083000179009	-0.8092929452020978
-0.46069456003199555	-0.8805909579223206	-0.11099588813274086
-0.8768906068194384	-0.47371960818561215	 0.08156345071358295
 0.4018235539935695	 0.6278655402062908	-0.6665753482371213
-0.2707926006452041	-0.961917254324582	-0.037236585080595797
 0.6055675297700196	-0.6222711887808119	-0.49605093942210376
 0.1976063958136913	-0.9693677221060418	 0.1458695707557489
-0.25287128607261417	-0.03642000712527875	-0.9668141991928836
 0.5411900741296931	-0.8219306224892938	-0.17760449171645187
-0.06949970131403492	-0.3443462063643673	-0.9362667791178583
-0.3301568046036673	-0.9321850048185926	-0.14841698408624393
-0.5678726108020307	 0.6132277083513271	 0.5490650923260969
-0.719873925392429	-0.16927233615135018	-0.67314813210315
-0.4632112464855155	-0.802252876199579	-0.37659748241170954
-0.8158742442967658	 0.047706529535654546	 0.5762580190616395
-0.2998554708065403	 0.2677700935911296	 0.915634137418208
-0.8124718313086666	-0.5814398768610299	-0.042628545902619
 0.04883729153733277	 0.5536342398492861	-0.8313266791230753
 0.27579631835434293	-0.861940660140124	-0.4254347061293857
-0.2334390746297709	 0.2981606442906114	-0.9255303499249519
-0.05220673770981464	 0.47804094867999575	 0.8767846417010441
-0.986678546860645	-0.05307744789088729	-0.15377980911145706
 0.14640478183807554	 0.07414563170698334	 0.9864421245839605
-0.6757059294059127	-0.1430714223875849	 0.7231542470743604
-0.824895940301518	-0.011598885737986184	 0.5651655983193877
-0.6097287755036084	-0.7161755370741408	 0.3395930217472618
-0.999211474276704	-5.504555391553714E-4	 0.03970046186727738
-0.5801500003576148	-0.43469703379339564	 0.6888138107618655
-0.06874145433349137	-0.41185935214711616	-0.9086509156464182
-0.4235576198476577	-0.5412106369972057	-0.7264227344116274
-0.26967769440294	 0.8487254681447663	 0.4549055076210462
-0.11004976353351033	-0.2611558091017896	 0.9590029681490084
 0.6770174054620445	-0.14332719440332284	-0.7218758536243706
 0.9731061012996356	 0.2284206340837209	 0.029808212596772243
-0.8686582489990241	-0.22831922678634545	-0.4396625718953511
 0.07254369164409627	 0.015282445731858513	-0.9972481434703697
-0.3893054316133072	-0.7854936227543912	-0.4810832043717168
 0.9571132340952003	 0.2516518272582917	-0.1435465602422754
 0.2670738559674068	-0.9555545007608379	 0.12484851434601296
-0.24494964600081248	 0.8392697495598599	-0.48541318317265203
-0.6474483400132701	-0.5784212075915834	-0.49622530530229425
-0.7465457724458141	 0.11806705950496221	 0.6547744490304539
 0.19582203369402623	 0.8878295894639733	 0.41642808645931684
-0.5592195342732295	-0.26458833624533634	-0.7856631115243715
-0.619513182371506	-0.49100812158455054	 0.6124658695845349
-0.6971549570643146	-0.2426202141809459	-0.6746187052783563
 0.8117023504983333	-0.31115629952900764	 0.4942884294204095
-0.4362317983854403	-0.3340307566038622	 0.8355389109551128
 0.5614113992294452	 0.30946355598397973	-0.7674956340807333
 0.5596888220350742	 0.8267408163296038	 0.05699162310069261
 0.3969559973583362	-0.5179685118457015	-0.7577166732345264
 0.15130338851499436	-0.32001118222933006	 0.93525404456333
-0.5304749462190486	-0.8129917388604984	-0.24008490993496578
-0.4659742627642693	 0.6854458547371518	-0.5594925975068403
 0.44931056029016714	 0.27950042251360696	-0.8485278629641171
 0.6393120226806697	 0.3977113522375065	 0.6581077555821424
 0.08121386078934933	 0.8373825467651076	 0.5405504409293094
 0.44181851074727885	 0.8724722792425152	-0.20877865196046086
 0.6631504765352089	-0.6564213316522794	 0.3596421566265189
-0.30966845911412616	 0.26684125212223847	-0.9126342047040088
-0.19630912158067834	 0.8376133454779873	 0.5097711371403804
 0.7634471555925372	 0.3183439691648717	 0.5619657978151515
-0.9248182018605751	-0.3778095131264793	-0.04439893352891944
 0.09832880475259491	-0.7226912978878214	-0.6841408730028797
-0.448420615329152	 0.42130293556111403	 0.7883037411020022
-0.10866659964506484	 0.9671007817436196	 0.23001662564358094
 0.2751379694294872	-0.18238126639379013	-0.9439471232260925
-0.3920508417635803	 0.9106503606746045	-0.13043028051675987
 0.8164060496510696	 0.5774240727167395	-0.007912164074963313
-0.08567423452855327	 0.8840693593825588	-0.459435842462099
 0.7467566857548884	 0.05439940048081826	 0.6628688840997912
 0.6840528017168791	-0.38957031193505515	 0.6166901462826464
 0.5608047445497623	-0.6491378242652568	 0.513924239162393
 0.8295766457039401	 0.22640237127091387	-0.5104356523456279
-0.9582344772274678	 0.2124619629662489	-0.1914330194745142
 0.31912797303736984	 0.5159276308004633	 0.7949691922343158
-0.6312870703841801	 0.6204902759987919	-0.46526170286915103
-0.787509382361805	-0.6121739855122006	-0.07121786401062957
-0.9139297943472067	-0.405866408082868	-0.002188559887999153
-0.5491777188477722	-0.4410504073885823	-0.7098439062663866
-0.13229530603352882	-0.16291278033053228	-0.9777307287829664
 0.0591331400471082	 0.5632612239736872	-0.8241602182317664
-0.2082737703998835	-0.8669737752896697	 0.4527455240235889
 0.30261099994448837	 0.93153974616819	-0.20164395359519438
 0.2944051731269948	-0.7985611627540773	-0.5250006317871629
-0.08394573903818695	 0.8688438595810709	-0.4879174731095426
-0.18875756197189486	 0.5248049962169313	-0.8300302998952345
-0.3583414843183866	-0.9335766042698789	 0.005109263784305096
-0.1581556103162049	 0.7261170736881132	 0.6691343648506778
-0.9496999656243287	 0.30931574746134716	-0.04892589974213202
 0.09211767542400591	-0.7051767810212722	-0.7030220774505975
 0.029415844134826376	 0.909798696590538	 0.41400608666539407
 0.4127088152121113	-0.36723756491735876	-0.8335514409799698
 0.5821632705642829	 0.7970661937461325	 0.16053476007690848
-0.5284311950678883	-0.1486310376189794	 0.8358643949441973
-0.20952618519202879	-0.1974928836059504	 0.9576509482289892
 0.4753430033904163	-0.25902437446309573	 0.8408064001669948
 0.9045284601394004	-0.4189432313462876	-0.07946592796271967
 0.7691902116718526	 0.6125203268612188	 0.18211333682637298
-0.7515367796660691	-0.6592621952168302	 0.02378711346591378
-0.5678077072355859	-0.0843655655280006	-0.81882651334517
-0.017914250562961597	 0.03435910216253777	-0.9992489838500471
-0.8066183462570692	 0.305029918212584	 0.5062841025321012
-0.13416981187402904	-0.19981313374853044	-0.9706045400487675
-0.5460684620025265	-0.5534051057354482	 0.6289292676860672
 0.18029957534151886	-0.5123865299073953	 0.8396142608967083
-0.8693916329036626	 0.0869990587765628	 0.4864045152022085
-0.19804057284626023	-0.9643401511424106	 0.17557905456334466
-0.4088509396688263	 0.5766941876995137	 0.7072939438490307
 0.14144155737045483	 0.9856749117513273	-0.09186541347337096
-0.713413136549665	 0.36014199989418694	-0.6011151607725298
 0.8502295177535892	-0.20712064072925843	-0.4839533110997387
 0.0010436270932718918	-0.6009076800705714	-0.7993177533839055
-0.2921940088386486	 0.4209007999342901	-0.8587579273657242
 0.37778184897873746	-0.055399036266123726	-0.9242358039823988
 0.12338624564085027	-0.9919638271314648	-0.027992857113078307
 0.21683211274741332	 0.46526364296304146	-0.8582036922655674
 0.7731109774224454	 0.547956938739167	 0.3194410898374096
 0.8426171543795951	-0.4694196035145138	-0.2638968870250469
 0.7370993478951585	 0.3571252637389916	-0.5737125563658929
-0.19316246593905936	-0.4644617039409428	 0.8642705521563359
 0.017065018298345117	-0.6210378935962844	 0.7835947421135285
-0.5629690265531108	-0.204937539554505	-0.800666272565036
 0.5704800250302124	 0.6731791677104723	-0.4705128576374551
 0.09221382914760752	 0.46841986147250153	 0.8786805125254675
 0.2564355838372559	 0.894728692348548	 0.36565196352584106
 0.7103560630510647	-0.4833631658861455	-0.5116193052955629
 0.06757926055995878	 0.7577647499986835	-0.6490189729134288
-0.8430667926096949	-0.5101431809489398	-0.17027130741877516
 0.33446799183967657	-0.21253168573773806	 0.9181293182293055
-0.06510060268078591	-0.7398314597822507	-0.6696352161043073
 0.3544224926941236	-0.7853303810113489	 0.5075833816557171
-0.798445634548637	 0.5262845218141471	 0.29241951160803015
-0.21304172535513696	 0.706544188262647	-0.6748396352393533
 0.230082839419251	-0.8693864077351457	-0.43729756579491075
 0.2571494410087116	 0.3450119606054345	 0.9026853892847171
-0.941569221792835	-0.035306884050106666	-0.33496391523730984
-0.4297203167531101	-0.6544943786614004	-0.6220752025842489
 0.08554146911960747	-0.29256171610118403	 0.9524128828049259
-0.6910753170361333	-0.14208726671447125	 0.7086791338970115
-0.9960435673275148	 0.031040879101342435	-0.08326869645968005
 0.34947952799839405	-0.848552119541176	 0.39726988299164767
 0.7307440902167333	 0.5249074004793357	 0.4364462115030272
-0.6529102148122077	-0.21768622675672195	 0.7254798123134081
-0.8937843332810128	-0.029199932532535527	 0.4475454496713276
 0.1436731444360461	 0.08060593753262688	 0.9863370166440806
 0.9018498350787972	 0.3194944379686957	 0.2908439084378651
 0.9497360852127806	-0.18567963791439832	-0.25204055330180464
-0.14556590946637818	 0.5555184736716292	 0.818663417657568
-0.3702982630672307	 0.47880524996769186	 0.7960054830042116
-0.6314221940928343	 0.13580631018322487	-0.7634544249144208
 0.18048960992576657	 0.9807053004879704	 0.07510402321876031
 0.32928571726606787	 0.7201305315757095	 0.6107232875018418
-0.2206392895072408	 0.9234180777764156	-0.31403400701428774
-0.02116699915616941	-0.14191198372961933	 0.989652942713074
-0.39187870879781134	-0.4652534181568128	 0.7937067055810743
-0.7792503444478119	-0.6037783971915596	 0.16798972517019561
 0.8324622791642291	-0.5291812022805659	 0.16423705100126407
-0.9425497965868302	 0.20474959138774906	 0.26396493286168665
 0.11720260674418922	-0.2156569947179877	 0.9694099285656057
 0.5248243502117038	 0.6986885659881401	 0.48620334139359733
 0.3211421191776713	 0.7966540868304139	-0.5120644541720054
 0.3413341111098272	-0.5876467106140967	 0.7335955071408877
 0.5131199009552483	-0.5913627869912561	-0.6220916503262284
-0.04645548176111177	 0.040968958041518545	-0.9980798729016307
-0.4124991435495133	 0.8572685193136611	 0.3081154692070509
-0.041455882874847104	-0.9984729398116675	-0.03651298726361518
 0.3924877890270234	 0.915256900983118	-0.09087431247309441
 0.7945614372139916	-0.2753661476684735	 0.5411521109731168
 0.1918919327032925	-0.6227628224044546	-0.7585143065191537
-0.22085753148925066	-0.534758882735625	 0.8156315884759617
-0.7792957614561369	 0.5620237983158117	 0.27717749963366
-0.5594809133010766	-0.151511171626097	-0.8148775813116227
-0.657840722814201	-0.086451430210906	-0.7481789449201162
 0.7352453983537655	-0.14915089071610493	-0.6611869750669661
-0.6211033644247195	 0.7653054307566635	 0.16893255563878662
 0.6281831650121718	-0.361375369331631	-0.6890527945199247
-0.9700553141957331	-0.09418917524695293	 0.22387739204063561
-0.8656235734555946	 0.35773307255133757	-0.35031825228061697
 0.3352154657958126	 0.7748026886911957	-0.5360143515692377
 0.8092552505780559	-0.1606761597362666	 0.5650567326421778
 0.7886508089154409	 0.05216194892610704	 0.6126247078605718
 0.46480176881943375	 0.3507571382979274	 0.8129752429412438
 0.42458231709111927	 0.8386590871528786	-0.34114629054034373
-0.9966626811263578	 0.07697658187021242	 0.027168104343112454
 0.8172105086401674	-0.3608538051469913	-0.44939015997128395
 0.25075522898761693	 0.5849892206381452	-0.7713037189541765
-0.24680467703564374	-0.9605467753458462	 0.12820820475315942
 0.007643213205873151	 0.7355959535166278	-0.6773774239387174
 0.5725865767461312	 0.4205908519161664	-0.7037385504678426
-0.8433050650844868	 0.06011822361994512	 0.5340621372009362
-0.6165149358525275	-0.4528983516614436	-0.6440438004771889
-0.3021839156123705	 0.152949276487326	 0.9408992506996587
-0.6062374127023658	-0.6838717704607935	 0.40595024449649153
 0.4405367449523452	 0.7636606577468479	-0.47196374453600165
-0.9547411514723172	-0.18735051293224186	-0.23101757290158642
-0.804222627893617	-0.29116906734884235	 0.518118267389879
-0.6977745693008419	 0.5003351123414148	 0.5126162558828273
 0.010482270223342159	 0.48627298673530506	-0.8737440725879007
-0.7198674794798998	 0.025718233102542426	-0.6936349071906196
-0.9353212036573751	-0.09304459738671787	 0.3413457907841586
-0.9951566369375756	 0.029483912654306027	 0.09377615290513641
-0.989154856771581	 0.017480331847272778	-0.14583246320247856
-0.6198024251056236	 0.44970962041176815	-0.6431222365478364
 0.014773801774177212	 0.9857635814764165	-0.16748700312539366
 0.4225832794381015	 0.17996423677482856	-0.888277121973426
-0.9931402935672318	 0.026795213581454154	-0.11381728261699564
 0.011847044676394554	 0.5966554628099824	-0.8024100611479401
 0.2532863929965426	 0.6345064449095957	-0.7302380259141448
 0.41737358606457187	-0.002946687522950579	 0.9087302166695248
 0.9872697353074747	-0.07790963173789817	 0.13866707982925752
-0.8842842944077358	-0.17324522299154452	-0.4336212395333314
-0.5094161433381839	-0.7032140443411168	-0.4959689513950052
-0.2165104286621438	 0.9463019494408872	 0.2400746858061289
 0.6226727908633933	-0.5302496777126293	-0.5754249514958885
 0.24801047771687443	-0.8290508471163641	 0.5011641406149154
-0.31415901881811975	-0.19706869907894065	 0.9286915735262005
 0.5371556005060171	 0.16247269707252343	 0.8276874310698454
-0.5630343066840113	-0.08096274549144006	-0.822458146861798
-0.3878524996439957	 0.027216866091864477	-0.9213195323665084
-0.8270091733109444	-0.1565531142674043	-0.5399508770922827
-0.8876709342709134	-0.33375717509131647	 0.31724826323506994
 0.9349983668842476	-0.25473720433105806	-0.24675293443723567
-0.5749536510985238	-0.07858206652492246	-0.8144035596122783
-0.8654122339255608	-0.4533084583951619	-0.2134785865593365
 0.03355975828018963	-0.2036661483390478	-0.9784650441609615
-0.5772496780561062	-0.033987199625166026	 0.8158600857045042
 0.22159340555153678	 0.974090858620472	-0.04520355924154562
 0.052883254321834224	-0.7629375576970074	 0.6443055521005989
 0.3528543822008149	 0.6560416267158696	-0.6671605271429633
 0.14740097889402584	-0.5569197412959211	 0.8173820117766033
-0.9947286329970649	-0.10254176530617995	-3.647789505958343E-4
 0.31593274106505875	 0.7158837929183611	-0.6226531122221581
 0.42588062922285524	-0.3976011201296375	-0.8127355282774356
 0.29452382149069106	-0.25021864236369395	-0.9223049113976296
-0.18351643160001369	-0.3435726275367737	-0.9210209383832024
-0.35536137484147595	-0.8133796899963504	-0.46057765162045894
-0.8397963959272586	 0.084481375200453	-0.5362880854837513
-0.8798060884264568	-0.04568227265392505	 0.47313251498170183
-0.04438946496609477	-0.7372549002568559	-0.674154869037729
 0.9789322154097506	 0.011705237416948271	-0.20384971192025336
 0.8773805631847861	-0.3747389243847762	-0.29962323991387696
 0.15203663088347502	 0.633548086302683	-0.7586182737133416
-0.5089238296462671	-0.5374051254820232	 0.6724524271082886
-0.26091226168635434	-0.3862128716127973	 0.8847397411116493
-0.13614207685315147	 0.06669102410610651	-0.9884420277455777
 0.38118746854147756	 0.16008138946697076	 0.9105328454115558
-0.8709683251596058	-0.29153189738476254	-0.39550389299716326
 0.9894714675228593	 0.09321926735091382	-0.11070855049506312
 0.1250077677613865	 0.9023850022071328	-0.4124007344694576
-0.2858713884563821	 0.9479986312608545	-0.13991477545122555
 0.43902242630693333	 0.19320189901226884	 0.877457882418083
-0.1975583660739335	 0.8901854142186965	-0.41053699018052625
 0.13904240203237686	-0.7375953643837763	 0.6607724940375705
 0.5500036901672467	-0.6521499428638838	 0.52172444146795
 0.7112401665384346	 0.6218579913211862	 0.32776525766523745
-0.35701008004832874	 0.36534733316952	-0.8596889721811056
-0.6260219453979137	-0.3815518732300099	-0.680084327061639
 0.6115306953931549	-0.31065811053649495	 0.7276824492523228
-0.2033298002984308	-0.7825958589587627	-0.5883882339503372
 0.37133855082716216	-0.3932191320775287	 0.8411221045946766
-0.1301574970366343	-0.3051692357542256	-0.9433614172279574
-0.34819289770933876	-0.912553771884817	 0.21449316866410317
 0.2902067663268931	 0.7420652771273382	 0.6042509058826597
-0.7535706398349539	-0.60754185399939	 0.2510461838342142
-0.1402789044341098	-0.8066848626111699	-0.5740917708909996
 0.6540887443713241	 0.7266700639725052	-0.21004412063406974
 0.2106960433262415	 0.6746543352958077	-0.707423992520213
-0.7997947796877963	-0.10701984707061823	-0.5906564675995098
 0.6520989931747538	-0.2817717747467444	 0.7038263777783142
-0.5535034571121131	 0.08118571393133354	-0.828880451463538
 0.3289856268281626	-0.8974689457118181	 0.2937991640958133
 0.1957117116249561	-0.7893297887286047	-0.5819410713796425
-0.9151093487971197	-0.3962468893721594	-0.07458741453488793
-0.9484220821851836	-0.31700842970156584	 0.0010997825549214912
-0.7294686951762416	 0.5772489767157298	-0.366959182523771
-0.5099003676469805	 0.09415496145018844	-0.8550651778126552
-0.578644668068866	 0.03574482435665516	-0.8147960822483034
-0.16610440412143282	 0.2733707005738579	-0.94745859381781
-0.20174843271280973	 0.6718906619919484	 0.712643324690512
 0.5229992559147636	 0.4925238997348211	-0.6956234516623252
 0.6998698095077879	 0.5802564968050774	-0.41651488287338756
-0.19515378824551766	 0.4441095762097655	-0.8744607957205435
-0.09482858933504569	 0.857292799328687	 0.5060203502468146
 0.813085450402924	 0.4824930509620182	-0.3257184460794895
 0.09657602160790732	-0.7066308615484332	 0.7009606961575721
-0.9234680328225046	 0.1522572883507809	-0.352171138083462
 0.0946151800656611	 0.9913327428244824	-0.09114472395718343
-0.9503168420226767	 0.10383751987196994	-0.2934547141125612
-0.10916032628719241	 0.9939061314396784	-0.015317475362686128
 0.8183298554188259	 0.25529269671450455	-0.5149387213391892
 0.4735377396396717	-0.023486177021182674	 0.8804603390419583
 0.6561658682088615	 0.2529942729588962	-0.7109432123930228
 0.12511591493138405	 0.3508284390681021	 0.9280438643576723
-0.1683853292256736	 0.18094094387578213	 0.968972009776806
-0.08355965431818374	-0.8666382226494097	-0.49189020646207005
-0.33934756790114645	 0.20967190061519864	 0.9169955955466673
 0.19321939924361914	 0.7969232477867649	-0.572345700510565
-0.6074466123855979	 0.454829920521984	 0.6512590548308921
-0.6253489167649793	-0.46433890430472435	 0.6271587631931448
-0.08166597345211005	 0.23418093523675337	-0.9687569139633321
-0.9564984016772557	 0.21248113813716799	 0.19990641191514813
 0.18273219437353827	-0.5839162136908138	 0.7909809103438687
-0.6619669208154408	-0.7382152959217994	 0.129761213824525
 0.6178017611337985	 0.08505176303156244	 0.7817206544189554
-0.04699686002633459	-0.9317861849187266	-0.35995249789697215
-0.5678744263930692	-0.8188905722258787	 0.08328785366615854
 0.32233709771777974	-0.8556124377441438	-0.4050014219881237
 0.22463191287603929	 0.043619758030115315	 0.9734669077205684
 0.740426032013475	 0.6721057532551952	 0.006568680084095835
 0.40422540781930105	 0.6560888813625434	 0.6372983598172572
 0.8710854460708987	 0.31922976241014406	 0.3732325072056646
-0.600378686273222	 0.6588584839895333	 0.45326695350957813
 0.6194242414319612	 0.7196463892775973	 0.3137238969638052
 0.6175013805589726	-0.33654832986272454	 0.7109340804001265
-0.6013120481076097	 0.25422001422062523	 0.7574932377059855
-0.9441208161851213	-0.12407493342287443	-0.30535437665448595
 0.42351931430297984	-0.886793787404807	-0.18500856475463934
-0.40480913446605565	-0.46136597058578804	-0.7894751458014855
 0.5604393279290346	-0.7385762697060307	 0.37471703128837963
 0.007929495873349677	-0.9869286960177209	-0.16096233122055503
 0.8783185214650685	 0.12918881167917465	 0.46028993665768825
-0.5806977905149313	 0.6696447482676231	 0.46299674643421507
 0.9029980100264343	-4.2507349076516835E-4	 0.4296445195749936
 0.8489111101105852	 0.5262544397609764	-0.049052948562495535
 0.5565888449328225	-0.25638467643773183	-0.790237784077847
-0.658815906848416	-0.7027751503298031	 0.268456121111853
-0.31839952647817094	 0.16095287720320886	 0.9341926529675157
-0.9467800046846054	 0.19630536653350406	-0.2550917987697081
-0.04712579864196283	-0.9094831680363172	-0.4130611651571485
 0.6676524863450288	 0.07202271143003754	 0.740981029794668
 0.6426920123212674	-0.5280119405386265	 0.5551129326065767
-0.08358438006667894	-0.8850456423441743	-0.4579387102838728
 0.2737846468130937	-0.894236849907076	 0.3540938059860681
 0.8851824456630527	 0.4620330420819503	-0.05456652741814749
-0.5383473839880929	 0.3006939903987421	-0.7872516867503416
-0.9569041915074487	 0.0512515040976605	-0.28584550303127654
-0.18198962110202643	-0.9340173696686171	-0.3073944224745446
-0.2899571170264899	-0.46206622111697404	 0.8381048130087108
-0.2617641789768376	-0.9630273708487168	 0.06370084458459169
 0.9277037506102905	-0.01992210802679602	 0.3727852742737683
-0.4284995258492058	 0.874076088287143	-0.22886491262675568
 0.8481220020847994	 0.10640307522470394	 0.5190062188089826
 0.3369211492976884	-0.9415328402371517	 2.2340744616511365E-4
-0.6425139138904101	-0.5212254540004164	 0.561693774720075
-0.22601396199036383	 0.33265075094031304	-0.9155660363317679
-0.059628827195348746	 0.7151894133402512	-0.696382442349988
 0.21898938752534325	 0.9287380966576062	 0.29914744854015085
-0.6986788134566255	 0.08866640882206162	 0.7099198430621876
-0.17222152537448476	 0.8785129628470457	 0.4455947938513094
 0.9051679560416771	 0.19420710850379289	-0.3780933355164151
 0.45749900874344324	-0.7687834383110299	-0.4468407792239173
-0.7932072695520473	 0.08027295954319545	 0.6036377054955748
 0.09917233030583054	-0.13808055779324374	-0.9854433562925968
-0.6629520674028172	 0.04044620018416385	-0.7475684993477141
-0.7510459652436211	 0.4504109249052638	-0.48276283703000833
-0.780078853924035	-0.5078103715623137	-0.36552100923792175
 0.4924866292467923	-0.43411349190565734	-0.754322474912825
 0.9455490795709934	-0.3095223642837621	-0.10066202923961587
-0.057358557849028866	 0.05316983047019981	-0.9969367908595057
 0.3653857293549866	 0.726350551705029	 0.5821581785232639
-0.3786339797416665	-0.9153228856516109	 0.13718718740245106
 0.1511372120305993	-0.7698546306064722	 0.6200656343270363
-0.13709744122248366	 0.8266366872509247	-0.5457802478113922
 0.7010979883343184	-0.18288906089587884	 0.6892120153901813
 0.574325495576396	 0.4769522280060199	 0.6653320955214928
-0.8184123010202614	 0.5636954265654731	 0.11157406332965714
 0.5858166949981004	 0.7379724963420501	 0.33498566313229805
-0.8162031053276284	-0.5022028324205277	 0.2856655491345359
 0.88064090746719	-0.42271305868330505	-0.2139749100104229
-0.9294261977480777	 0.06685098196742972	 0.3629020379517611
-0.23862045125165113	-0.10385837132305271	 0.9655432247965812
 0.9282306778149944	 0.24655822326188898	-0.27856211390829233
-0.1305462306036048	 0.9849600698754903	-0.11318720080494771
-0.2272545660048568	-0.6952736913553494	 0.681872316741962
 0.005437490397043379	 0.9979612162747058	-0.06359122981742038
-0.6511593190475782	 0.7467106825666041	-0.13570076550414378
 0.2278167017498815	 0.29472863801597315	-0.9280272519366308
-0.7744434527695955	-0.49318041922256306	-0.3962453943678894
-0.3987559724682705	 0.8779039522971339	-0.26510059404300756
-0.9051555328735973	 0.4177114029883065	-0.07880764634129656
-0.5864856617616141	 0.7932748953914277	 0.16355277096326182
-0.7211825317136868	 0.06489700117836938	 0.6896985828527502
-0.11442399201137927	-0.6881924258615553	 0.7164484175702863
-0.08145363057896755	-0.535291174726799	 0.8407310297146815
-0.2167418571899329	 0.5578142385304531	 0.8011655525760886
-0.6699018770104883	 0.16989151779504635	 0.7227505429670185
-0.3002095398823998	 0.11902407646660679	-0.94641824865377
-0.19456246449604506	 0.2617811478765881	-0.9453126879639568
-0.7410850535392363	-0.4728614125186432	-0.47664979594207435
 0.01001950345505304	-0.7230384203361377	-0.6907351534910733
-0.5313927380277977	 0.8220386868241589	-0.2046317554431194
-0.007461848988863684	-0.9829504670879241	-0.1837190791978318
 0.22575601465336717	 0.574595008433104	-0.7866859590278639
 0.18457306299521187	 0.7733820404233113	-0.6064758890238269
 0.6829413971233622	-0.2906583646073414	 0.6701557753082308
 0.5363142382769683	-0.8372190477159589	-0.10691727626056546
 0.41982476969273325	-0.8834181639529316	-0.20813339556754196
-0.45055814703475894	-0.5623366269419261	 0.6933793147622602
-0.3965556768506317	 0.5083566989694582	 0.7644063459773296
-0.8643453618229086	-0.48642708568354764	-0.1276549482340421
 0.06213139481851278	-0.8391377768616698	 0.5403586598006556
 0.6461743645765563	 0.5133677697650598	 0.5647231388304645
-0.06971915774686013	 0.7002939000748772	 0.7104418994970569
 0.37995859249114	 0.3946897805651009	 0.8365712432958858
 0.32590373588177174	 0.12988553998585275	 0.9364381994776205
-0.6254631186735082	-0.3499166449576854	-0.6973910156868712
-0.680019740453516	-0.5506671038498994	-0.48408562603231364
 0.5822966930516212	 0.46460640509026385	 0.6671367548038765
 0.6266305271073178	 0.4792145059382626	-0.6145629665018486
-0.781677839195832	-0.11401493895904742	-0.6131723651668426
-0.4585003205614558	 0.8242741943869286	-0.33218896506780915
-0.27106232675113084	-0.9250132288412398	-0.2662249828340071
 0.6159132141306336	-0.7401745599470916	-0.2698009145025302
 0.1429707897938757	 0.7193697361058041	 0.6797547616904063
-0.759766995471046	-0.09090515715369354	 0.6438092613466833
-0.9364829701153607	-0.2667102708002147	 0.22773949620913037
-0.40948121950509675	 0.908992119281542	-0.07783609674610958
 0.9963549918777648	 0.013168338408648821	 0.0842812258086858
-0.7158662921096997	-0.4472322036069276	-0.5362078028880242
-0.8647005511539244	-0.4914992071582604	-0.10354460969505275
 0.7961576066834971	-0.5447109812447726	-0.26348247044417006
-0.2616031663696056	-0.6950880162654616	 0.6696390318593606
-0.77068679699135	 0.25108024182883676	-0.5856625078544693
-0.8251572466584244	 0.05175580172946656	-0.5625272040305502
 0.37395552288028133	-0.1560548834084158	 0.91422324421977
 0.5829036034635057	-0.7801698056803478	-0.22706488802531455
 0.2443471347505589	-0.7778568656843616	 0.5789932419699675
 0.022532430520684824	 0.723014380335943	-0.6904654194108948
-0.6020018939923406	 0.6988564933124989	-0.3862555130798677
-0.27943214108968906	-0.9564659221293298	 0.08420580936801647
 0.9108380392400006	-0.2757390618204008	 0.30715148715224583
 0.8102820749073201	-0.5437554076092271	 0.218570390903277
-0.5318635096121849	 0.720651910486339	-0.44472691739470727
 0.424469257785183	-0.8776013333151664	 0.22280428397752594
 0.7498262363591804	-0.6107986841757451	 0.2543336050871079
 0.26255919689161034	-0.9642279238295698	 0.036430468497536506
-0.6722286434057505	-0.010121805387404457	 0.7402744086084321
 0.8451832042407132	-0.5006709761492679	-0.18706663227614895
-0.38570811913165487	 0.2976146460663683	-0.873301075965621
-0.8794396240962641	-0.24154877188113044	 0.4101708648504174
-0.0810523261830581	-0.4848434020467207	-0.8708371810574449
-0.4390477421627603	 0.6976579277843908	 0.5661364640273334
-0.6382258313010999	 0.10547398129121377	 0.762589684909651
 0.08206881407705288	-0.5668785290438533	 0.8197032652521663
 0.5204867037175686	 0.15283233001883395	-0.8400808711988592
 0.45474335541627553	 0.6379809987294285	-0.6214408467142691
-0.9202388609137515	 0.2307740879638886	-0.3160755593028297
-0.33576592909931113	 0.8778133704690654	 0.3416210290392201
 0.755896458742067	-0.4110872460166103	-0.5095368679729482
 0.42369779355896153	-0.9044660785122507	-0.04920663119884017
-0.6394273261476616	 0.1680873226404755	 0.7502528550716809
 0.24258022927875675	 0.9623042999361539	-0.12298482299639457
 0.12865530777022424	-0.5148135191248544	 0.8475935655187763
 0.9229597341781639	-0.37988931717214286	-0.06188243518362713
 0.9751353388873479	 0.21628626571709283	 0.04828376658062483
 0.8827180833172839	 0.45890008468795607	 0.10109153108963898
 0.7212581547777819	-0.27740336666960064	-0.6346920878086635
-0.49593969942306915	-0.11237158655760678	-0.8610554227636464
-0.3425021896454733	 0.6786622349862721	 0.6496997928978385
-0.1970256406528451	 0.4059542624451889	 0.8924023945104129
 0.6992065432416704	-0.1205342922838575	-0.7046855286378908
 0.3506656437538198	-0.5875114267761706	 0.7292900175500467
 0.7569914187842037	-0.17364481956711442	-0.6299297330056604
-0.8000044872565795	 0.3323965710635807	 0.49950509498353624
-0.5098117585449441	 0.6796233511657748	-0.5274505392920872
-0.936591878097219	-0.3466801230076802	 0.05107392870833172
-0.5451546656636639	-0.004279905820407861	-0.8383245629893634
-0.5351452371749386	 0.2796184471178358	-0.7971405767870487
 0.7477941114659745	-0.5154145541019054	 0.41851141475083775
 0.7938718044302184	 0.6069008835664222	-0.0379325145093905
 0.3046281111093141	 0.9124927913048273	 0.2730542432167944
 0.5250361387448402	-0.43790661889937543	 0.7297772578917667
 0.13201618577118218	 0.8346184395081383	-0.5347745198935983
-0.027924288358295465	 0.9664590023432913	 0.2552983174822989
-0.7646777268511831	 0.6151730592715143	-0.1919116494750479
-0.5608256876566586	-0.11602515697437188	-0.8197638141644874
-0.491872917173792	 0.8431014716116966	-0.21734981462411085
 0.24311228615197952	 0.477595329534304	-0.8442743141473497
 0.362542685976716	-0.9139106468719631	-0.18256541397224857
 0.9451386352898351	-0.170523079244627	-0.27863029183381816
 0.8375965054089319	 0.4514164225935665	-0.3076610270079261
 0.5693412713885487	-0.5641324743468044	-0.5980008930436669
-0.8270249646846369	-0.08872948709546948	 0.5551187133471092
 0.5337791554919765	 0.823642758709376	-0.19155265382625464
 0.44279939440447114	 0.28586030432242454	-0.8498309141986566
-0.942854434490623	 0.32373179257833695	-0.07888752648793207
-0.7696449658275719	 0.6376133870685189	 0.033102797574926957
 0.5194093776231291	-0.8330994444855733	 0.19015576256054634
-0.28819148690090385	 0.5541316991181253	 0.7809505278251021
-0.35165783715041815	-0.7154044751138439	 0.6037658507714523
-0.20630405830271717	 0.845004848959481	-0.4933613693458314
 0.18425487926353937	-0.8186013573307646	-0.5440054753803572
-0.7402784142114563	 0.16287462021293836	-0.6522727401502091
 0.7695910759929808	-0.6101575023595556	 0.18824823522762402
-0.0995193163839867	 0.1897272557005262	-0.9767801564890695
 0.1554643339260181	-0.9103201884624214	 0.3835987426395988
-0.15861694641128274	-0.9865860338142993	 0.03858318537563399
 0.6519882088353472	 0.7194611272714007	-0.2393471576706958
 0.8102321268203856	-0.48297356452724843	-0.33205486991754607
-0.5151494079255279	-0.15040531707619675	 0.8438005262555759
 0.5162046604213316	-0.7263810193775065	 0.45376575812570086
 0.47423272836254926	-0.04520292782319899	 0.8792383150579957
-0.9073404250413087	 0.21392863250557922	-0.36189486495410517
 0.4525030638288266	 0.7235654737904081	 0.5212427288356041
-0.4440008241537308	 0.8353729772865855	-0.3240605760813149
-0.28816523672152644	-0.9425043534597249	-0.16925229704406486
 0.8942033542166008	-0.38976240520374444	-0.2201945249037145
-0.5257848185054432	-0.31120866198006264	-0.7916435393141139
 0.670005643829829	 0.6761826763241319	 0.3063811767640281
-0.9173000186487295	 0.3973141439980545	 0.0264980521196152
-0.47891980752262725	-0.5030350793658622	 0.7194383412703762
-0.2216647139749671	 0.2915566385884511	 0.9305157070535668
-0.9306603533809717	 0.3336925473590721	-0.15006861924405812
-0.14178840155988384	-0.2643502793277211	-0.9539470525152058
 0.7045702533864722	-0.6737463514465033	 0.22281519686827278
-0.539346497860529	-0.5227487479407851	 0.6601811128561039
-0.4323719835079961	 0.8385430914857782	 0.3315116160843161
-0.024557120058959787	 0.7475873012802059	-0.6637094054019337
-0.9344033774592503	-0.3458710067508788	-0.08522660900141021
 0.46072453715671735	 0.1308450334487728	 0.877845361144842
 0.7010991103470839	 0.5336221079957475	-0.4729772545574493
-0.9453320827693446	-0.3176767935774151	 0.07367976729975112
-0.11723840865487788	-0.04533609212898928	 0.9920684423398134
 0.3284976374204809	 0.907321267591016	-0.26240697320420847
 0.9440055144768644	 0.11679607763134153	-0.3085648471346083
-0.6686884413938446	-0.7168118413251844	 0.1975767002514961
-0.1622125028420267	-0.307454611804604	-0.9376346653157646
-0.4171331700063425	-0.08445523019754259	-0.9049128314775627
-0.9831967682189093	-0.07398595968546931	 0.16688377013152667
-0.4535119830099311	-0.1551287563352209	-0.8776456860398094
-0.6687650030195248	 0.04450119045690733	 0.7421408321768941
 0.437703366527315	 0.3094082443436999	-0.8442051298486668
 0.6502064623242468	-0.09668139711491928	 0.7535809603511059
 0.7654164456049245	 0.6289620998183341	 0.1361776111908115
-0.06956817257705637	 0.5161128946207554	-0.8536906637479842
-0.047599738696580005	 0.016217493989330308	-0.9987348285529665
 0.6210264847097865	 0.12571797216433162	-0.7736414523304018
-0.7370049772047023	-0.6758627427206428	-0.005763382481365209
 0.9148830177251194	-0.3917401871082233	-0.09761500746603047
-0.6554390699945629	-0.07740958507381952	 0.7512705116423521
-0.4265239518390278	-0.21044731594094784	 0.8796529120743417
-0.5346868603932133	-0.4516158680898203	 0.7142500045588565
-0.9086688034615015	-0.3776695391478152	-0.17800765381218864
-0.8083397689868805	 0.44933507667521816	-0.3803745611151097
 0.5145466519195846	 0.7079780384242536	 0.4837446021479639
-0.9797159477208244	-0.18282274103992568	 0.08205185640882862
 0.4265799586763437	 0.27213466071061704	 0.8625382688875933
-0.4855465981155017	 0.6148082632032403	 0.6214944091103947
-0.8507406871021781	 0.2451043528558478	-0.464934554018122
 0.006111681876565097	-0.9921471951698955	-0.12492634014149684
 0.6826893726922377	 0.5214760512691072	 0.5118573515793812
 0.263518861893806	 0.5238892820533496	-0.8099986602308791
 0.9462829828866333	-0.2663048787713541	 0.18338546246022336
-0.6501568858178538	-0.3214205292740205	-0.6884655889620328
 0.7153910805479227	-0.6602558432379312	 0.22864344150367466
 0.06830473609557429	 0.8388589508717502	-0.5400464087180474
 0.9247100003681049	-0.25647097203630975	-0.28130775979693445
 0.9527096245745428	-0.14538300309277608	-0.2668485594016943
 0.7821440078674466	 0.6189841417478912	 0.07147994978785244
-0.7234266445825588	-0.4996088992372947	 0.47649222208858655
-0.7077978547772751	-0.7064147973594272	 5.751906873543433E-4
-0.04177664127312302	 0.2361584938276571	-0.9708160886784836
 0.82182984116466	-0.5498279795444426	 0.1492812951489424
-0.07884563852596896	-0.3990846012878983	-0.9135178412599896
 0.08081761580346061	-0.6965654262338795	 0.7129271491193598
 0.5794681888540429	 0.09342778340031287	 0.8096220521917121
 0.7073784859141081	 0.706358179801118	 0.02595764808135015
 0.20875304004251152	 0.6023481323102569	 0.7704536947639065
-0.7921128730142608	 0.5852782201687456	-0.1732241363124627
-0.20841368149394904	-0.9640793259363349	-0.16466569365924655
 0.9574209585945963	-0.021635361600291933	-0.2878836903546793
 0.36763641500545374	 0.9137538944271072	 0.17290831900528358
-0.3461290484677133	 0.40568026765116527	-0.8459421979339452
 0.28397713944178443	 0.9148657760930767	-0.287014975233129
-0.670623119134671	-0.6390841530692415	 0.3766113080854785
-0.842640179986437	-0.34766818781048586	-0.41119868464891485
-0.6852987117404139	-0.3740649705426844	-0.6248528414753587
 0.5358331482322968	-0.5536437348456291	-0.6374648634408395
 0.6851086677517706	-0.4282705706261756	-0.5892456463198723
 0.9413105778335094	-0.29501508687075617	 0.16401370240740576
-0.38290853275851977	-0.7213849745334474	-0.5770483290488717
 0.6578868981109038	-0.16481245490473356	-0.7348616767816158
 0.17696087031465116	-0.11046245843963229	 0.9779994354052326
 0.07712307419488929	 0.3531721007858346	-0.9323741194677435
 0.9119881186478267	 0.11553339948662224	-0.39361110889844353
-0.0342319702159821	-0.01835646020937953	 0.9992453215220543
-0.5155622483592285	-0.7956232861878799	-0.3180867091570727
 0.9182306608948462	 0.04206804679808533	 0.39380545048438353
-0.9235276977375958	-0.14255456497612856	 0.35605447268074397
-0.3968347063221454	 0.9150042511879901	 0.07272850999520197
 0.8549709699236822	-0.06365382450119116	-0.5147551177153362
-0.9109527060818815	 0.4093308089009343	 0.0511219734224333
-0.16110051421575453	-0.1537054639271496	 0.9748955096205743
-0.8261347518823913	-0.07210831970497578	 0.5588396567545513
 0.8116659016556448	-0.27951064140702037	 0.5129057081274933
 0.788555294531043	 0.12121463116936088	-0.6028992956187094
-0.3098008920058504	 0.6171404762264885	-0.7232987210795567
-0.7841986945974586	-0.29883028314545407	 0.5438132669095612
-0.0744624959118428	-0.4843964454180837	 0.8716739186008173
-0.48236182819507156	 0.015858857856413767	 0.8758285010935636
-0.4298858964404054	 0.7485979983142584	-0.5047763395420932
 0.15449068583162648	-0.9822836988481765	-0.10607244207813249
-0.04757386134464165	 0.47153056131661547	-0.8805655327465403
 0.8120458630651237	 0.004463728304582781	-0.5835765514552838
-0.9377130959608371	 0.02157323971356834	 0.34674016927925
 0.29551086261986126	-0.8889812893701945	 0.34983652928671116
 0.8474562513373256	-0.21978315332541193	-0.4832321052906421
 0.7411651654195892	-0.6543918866198108	-0.14981807732953167
 0.504746961019732	 0.7794192474038912	-0.3711282017277815
-0.8890905559396913	-0.03995265791901093	 0.45598439497866283
 0.6019485075767087	 0.3955220033284094	 0.6937004678600518
 0.32575522518155914	 0.30240913179393764	-0.8957858283510343
 0.4143215773991276	 0.8783339927654632	 0.23846808518998497
 0.45127126137070067	-0.8279620281894922	 0.3329160983449724
 0.4766803060100005	-0.1598155672581128	 0.8644274812407227
 0.8045916251930655	-0.41019904641206206	 0.42938218289982255
-0.06779070676543501	-0.11218351920141309	 0.9913724214924626
 0.7658772654582171	 0.6111874406062023	-0.19970459859373202
-0.07477350395824503	-0.6248241697246255	-0.7771767366781759
-0.20198044140498636	 0.7894375752011121	-0.5796483556005618
-0.4513921741177835	-0.8832591474032983	 0.12687940602642822
 0.13797920483802922	-0.9802670849052239	-0.14155628309502877
-0.21231952771633897	-0.9129635817310103	-0.3484507376706145
-0.6052834688475015	 0.7913972430176754	 0.08557059123295785
-0.9898887160717441	 0.07515017310523137	-0.12030287309988763
-0.9968365798504253	 0.07074974682489074	 0.03621196482269773
-0.1419733107614792	 0.7696942271947156	-0.6224262009704877
 0.739696218741823	-0.6141804461584603	-0.2750125152345686
 0.04088052992330949	 0.05270607165489123	-0.997772946257764
 0.664938097671666	 0.4267214589401659	 0.6129976531315289
 0.043492015826572035	-0.955096629725702	-0.29308509420635254
-0.5705550121414691	 0.8114304433470986	-0.12667917638577797
-0.5114793454816599	 0.5949971817344941	 0.619973574334957
 0.5437844503759632	-0.3164411362340112	-0.7772795371217742
 0.15098814711149325	 0.8688877375249661	 0.47141985428128064
 0.13491088998989906	 0.3327724751323156	-0.9333067724796846
 0.6415687015292557	 0.3200556899808501	-0.6971039782765172
-0.7299106260925939	 0.666329433241414	-0.15243216298830542
-0.5069452294839052	-0.8002218224324305	 0.32039283576015
-0.9431617420765795	 0.12091245369025937	-0.3095579216005826
 0.6552522732279709	 0.7075962101650807	-0.26448452088844787
 0.5808034174074134	-0.39940852208699823	 0.7093237785469693
 0.45624958691048	 0.729121392734147	-0.5101159761284035
 0.9257040751062712	-0.17737604592461875	-0.33408038503298987
 0.977196207826155	-0.16678964918367983	-0.13141074665097618
-0.9978133508336191	-4.257589616100552E-4	 0.06609338565614253
 0.9188029266267889	 0.35001761115972524	 0.1824523332273036
 0.6873328467682329	 0.6875850808829489	 0.2340946695263808
-0.1259945291334431	 0.9899099843425029	-0.06483518741754124
-0.32937603762835216	-0.7467924512814041	-0.5777650565284802
 0.5271313467162959	 0.8282216853848481	 0.19021404566263267
 0.4899560858136057	-0.7713099949556688	-0.4062313696105915
 0.3585772874879228	-0.5033423093538988	-0.7861735485960384
-0.9856202989591625	 0.05632094074193741	 0.15931283034832533
-0.9941117424391596	 0.022445285539674373	-0.10600968211262796
 0.24706200569851378	-0.7166390475542209	 0.652218399664412
-0.3413074978726277	 0.18309430476655972	 0.9219466727842649
-0.09048881084890227	-0.991270970559844	 0.09588346070358789
 0.07249225094458998	 0.6810558400675079	-0.7286342129374161
-0.10455787077836601	-0.9294121516644216	-0.3539218896830272
 0.8557665454019029	-0.5028313452976892	 0.12175490937538802
 0.1029128817494377	-0.14593634652902812	 0.9839265834053808
-0.5052691943065453	-0.861709659249574	 0.04647046848050662
 0.44293543310440014	-0.10593271416620827	 0.8902732514065543
-0.8841153793744128	 0.46674874754598517	 0.02203639303272209
 0.6770664645306802	-0.5825117008419619	 0.4497345005557498
-0.7575551130215099	 0.22078854513562934	 0.6142985178818678
 0.6587068150291862	 0.4704499834910978	-0.5871815263334936
 0.7478459301077062	 0.35924599233573795	 0.5582730351826521
-0.809403341674755	-0.4416349336650969	 0.3870721067867915
-0.9885804446312747	-0.08012803276122771	-0.1276252438134664
-0.2341646555147204	-0.9348978852147546	-0.266707439582498
-0.5083734266363898	 0.7795058505882148	-0.3659605005854034
-0.9425053659190701	 0.12378701354362269	 0.3104197327679261
 0.25567894935925584	 0.7638544613887627	 0.5925830209101763
-0.25837871769087967	 0.8510057628828187	-0.4571975828727102
-0.7233469937210726	-0.6841203222294925	-0.09353347736132878
-0.6040933621701674	-0.4218347198324946	 0.6761114397240915
-0.07993325442119405	-0.8416770433519358	-0.5340322364164738
 0.882226779380966	-0.11425521995612839	-0.45675119535242037
 0.8603422288619998	 0.10594913314832134	 0.498584025437925
 0.772006508492882	 0.5487089427022855	-0.3208184019709117
 0.8366385138094506	 0.03433732088482784	-0.5466781005355585
-0.30735206173678253	-0.5210102558804461	-0.7962933023789294
 0.024244483396776133	-0.8776747064331006	-0.4786432018867435
 0.7630940887145614	-0.44752774909407095	-0.4662685122970318
 0.4867013591928294	 0.6581923247721699	 0.5743732676325204
-0.4776271541258978	-0.5416451215942835	 0.6917317860953838
-0.7515715556422209	-0.6247331867005234	-0.2117749800721065
-0.4668103520281962	 0.47709021277852304	 0.7446294542322747
-0.8298722285275547	-0.5076074817115221	-0.2316176349702168
 0.24508573077171922	-0.933261909366	-0.26259320840155076
-0.16637809444584525	 0.7786779034791513	 0.6049620255205139
 0.36143908670687497	 0.6949250597777445	-0.6216437467661025
-0.2642361666311267	 0.10280294960374269	 0.9589633996127578
 0.7129177003447321	 0.1359700668529466	 0.6879393094272082
-0.12599487785480087	-0.13833911879797606	-0.9823378130584983
-0.29143030462087827	 0.4561901281891564	 0.8408085064337438
-0.27494913956227457	 0.10284960123505275	 0.955941907324789
-0.8562668172610199	 0.16528159249685345	-0.48937626918291355
 0.6459746196250898	 0.6491358349998987	 0.40167083354309496
 0.9658609570067708	-0.19559133745384127	 0.16987242402162428
 0.21676926795738985	-0.7072223237220057	-0.6729395732890613
-0.06288028098165882	 0.0017525859888899086	-0.9980195382386154
 0.6289167389569155	 0.07050247734520514	 0.7742694209046279
 0.5374937015337303	-0.5379177638156801	-0.6494189712220513
-0.3472376373835928	-0.34414900255096637	 0.8723459676226144
 0.1712287382541835	-0.21767705372079635	 0.9608836659446938
 0.919631249062965	 0.2691489595913398	-0.2860720246682471
-0.7501100512247001	-0.02923602427864006	 0.6606664558883375
 0.8314591381724524	-0.5301917667305015	-0.1660493662761533
-0.12709193322311332	 0.8021131303564245	 0.5834913595070876
-0.335357286218817	-0.5942076077824034	-0.7310627944530237
-0.3429715731236107	-0.8268858410383169	-0.4456796000710277
 0.6368890322637937	 0.5639053637208415	-0.5257215055035827
-0.18728813180211729	 0.5128660944274958	 0.837789666248492
 0.3923467126919735	 0.5487036415346979	 0.738233276685875
 0.37581845985659745	 0.1850711346441136	-0.9080248676950182
 0.34755882148099093	-0.40685970893065315	-0.8447887563525032
-0.30737841576610064	 0.2256888120200314	-0.9244366228412357
 0.9521032783194459	 0.08822429261979255	-0.2927726449057375
-0.6915799160482844	 0.5848173284595589	 0.42391734106081613
-0.512679265380342	 0.7319690854669919	-0.4487551991561638
-0.6454535784847009	 0.4174844882613063	 0.6396064259233871
-0.6099314290006477	-0.7608826855432643	 0.22145245710467498
 0.3786683136202972	-0.8625647708198132	 0.33554779749019836
-0.3956136647819367	 0.29233146813513816	-0.8706504126087347
 0.6896728113060171	 0.014106056195697578	 0.7239837239357378
 0.7477550035822056	 0.41392718382196464	-0.519159648962622
 0.5693459046851568	 0.5185818847306051	-0.6379013008667516
-0.4739299011145135	 0.7436079391398136	-0.4716329946874229
-0.21637395213856878	-0.94502923602067	 0.2451572065066112
-0.13353960101705412	 0.3215155846550683	 0.9374406134705897
-0.49945776219919846	 0.7207945040769745	 0.4806217084895328
 0.9208911988742743	 0.3887211073170467	-0.029245522086483344
-0.8618369073394009	-0.5068584610399147	-0.018211139994693815
-0.9388895932288959	-0.29377504913702884	 0.17939496155414947
 0.024141434109763417	 0.46102454300179674	 0.8870589393659862
 0.741825798065061	-0.11585960805158199	-0.6605081653903069
-0.5802754701811511	-0.7721505499994447	-0.25896699952233093
-0.3025996177200443	 0.8210957990884481	 0.48397847067301036
-0.5489018884479434	-0.8251101775650154	-0.13379055174753707
-0.04400973760572063	-0.318087659988284	-0.9470392724481143
-0.2884162950119737	-0.9382881833817753	-0.19086991826292032
-0.3998194346891354	 0.7118021584681843	-0.5774790964570873
-0.7190756063347454	-0.6434861996692102	 0.26240385517289133
 0.7297258450160302	-0.5745846845980099	 0.37061115922358057
 0.6654229996793352	 0.5999784340654352	 0.44411497402603284
-0.6323326292732228	-0.6634296933383547	 0.4000206094108023
 0.5390601482710478	-0.7174034969764739	-0.441300780728884
 0.9635550678079847	-0.05290932291039342	 0.262225541949509
-0.6917264664702953	-0.6415530412870888	-0.331548172668477
 0.5177688715651602	 0.7028713145056561	-0.48773692794705625
 0.3219807423539328	-0.18947234679417094	-0.9275929232985338
-0.8680311098607882	-0.1490968559414805	 0.47359489002966826
-0.38314081254219373	 0.9159392553787423	 0.11940853495769366
 0.678799355134198	-0.4187034874104865	 0.6032568483653489
 0.2670692473397544	 0.9236758199102458	 0.2747671684144819
 0.37686426903979403	-0.09467061844935033	 0.9214178187573319
-0.7163314673137798	 0.6638160897189036	 0.21498238989831653
-0.7899315027549119	-0.6059162231633334	-0.09420059162684824
-0.9515519011640995	-0.1681763604292063	-0.25742123296995834
 0.007977460817370765	-0.3128663459519536	-0.9497636599120751
 0.2453170171775288	 0.7560435843643549	-0.6068094096375058
 0.8987168442229986	-0.41280542815347143	 0.14798551414541739
 0.6584322055327968	 0.06754755020919986	 0.7496028009405731
 0.5975862013265725	-0.3613161970881893	-0.7157802300327987
 0.530073337293397	-0.7862820838464244	-0.31746297691662395
-0.0952397530872816	 0.8557963709663781	 0.508470216308341
-0.9929165763212191	-0.11868404674496405	 0.005547027563298945
-0.22950803684197205	-0.5637894303624764	-0.7933899036643322
 0.3076980876049908	 0.8801489662972646	 0.36146878704818763
-0.5202004789855752	 0.4939635301598943	-0.6967004324206734
 0.26483698202629713	-0.7917513315423776	 0.5504463660994363
-0.45885569113263575	 0.7931986532775508	-0.40035902781612265
 0.16970182071993092	 0.2016997427718728	 0.9646338713782037
-0.05431454064938923	 0.6144027943819805	 0.7871207892881877
 0.513577611778025	 0.7992101689181033	 0.31225172950406077
 0.8288218373595341	 0.5590697361097002	-0.022257405109228134
-0.8757360285693218	-0.279364288914075	 0.39375373311902107
-0.7675235396872915	 0.6391898165801843	-0.04841481597693953
-0.23016203664060755	 0.91351307129085	 0.3354389742862416
 0.46966143932742305	-0.8457723475521616	-0.25315463362340207
 0.8230738145165865	 0.4119823617790033	 0.3909220247569971
 0.6201003600648611	-0.726439922306805	-0.2962441269060243
-0.5801240321464125	-0.06960045210824746	-0.8115490646858732
 0.8410609381140706	-0.3875330019458484	-0.37740518118001365
 0.7940532261423691	-0.5933107583801117	 0.13214317251872076
-0.30563111796901965	 0.6533005812766312	-0.6926672868214747
-0.06453147036246147	-0.8274728406125571	 0.5577852520293491
-0.8283571501366747	 0.3463656270693851	 0.4402900001161487
 0.5969313284389453	-0.04412964939843874	-0.801077751015522
-0.76445404258939	-0.3663161228185555	-0.5304927095935628
-0.6027759580664673	-0.649511880048045	-0.46346031335326465
-0.1434061697740632	-0.02460894316355157	 0.9893579081339097
-0.7136713891254907	-0.14304616050912664	 0.6857192897296165
-0.2070910207015827	 0.9773434108385721	-0.043739758060635126
 0.8472042434107385	 0.36632749308445267	-0.3847715396924498
 0.020240987780815085	-0.09958563325354428	-0.9948231018945768
-0.6930491281952965	-0.16783673476238734	 0.7010804064956027
 0.08897071754868234	 0.9889104070768585	 0.11891349037831866
-0.09789931345550588	-0.4596623322157206	 0.8826812928611012
 0.7328923279360384	-0.678582193658839	-0.048939167357570756
 0.1024016665937556	-0.17210284689491104	-0.9797420623661557
 0.573211949540201	-0.2341153666208112	-0.7852503142414684
-0.27339688412464824	 0.8528618270287275	 0.4448380016906768
-0.41558155648641903	-0.5515875585071842	 0.7232172116372846
 0.8865649918796984	-0.43858231068587666	 0.14713283769025676
-0.6259382370944054	-0.7740047384718286	-0.09548815720446235
 0.816523686692798	-0.09613573023472663	 0.5692512542294812
-0.8217180494541778	-0.5629792321941924	-0.08850893355621792
-0.7611701312918843	 0.35425806363056306	 0.5432506379028188
 0.5772421408996344	 0.10652298888844734	 0.8095951850201917
 0.457344283748635	-0.6882904802168515	 0.5631095994256394
-0.5367417323227252	 0.38903052346297984	 0.7487079301017987
 0.8397659961517514	 0.4641016625738582	 0.28178487983466627
 0.6231885790776445	 0.5914003883884335	 0.5117436619257696
-0.44521782991784625	 0.07111752618173167	 0.8925936261216716
 0.7223635474469373	-0.30912590499973897	-0.6185726151212716
-0.9929470453260713	-0.025604687986352084	-0.11576080999779959
 0.4134902000461233	 0.9023067876732449	-0.12193570184571323
 0.7848167897764675	 0.2829224660944937	 0.5513778057411907
 0.31412874673108093	-0.8586233623398798	-0.40507906897458934
-0.041467856784562225	 0.9145689312685917	-0.40229850461059513
-0.529950823965508	-0.8427834429454877	 0.09417108088595483
-0.5773408393101817	-0.06502194790411274	-0.8139101311295798
-0.9206982625450267	-0.10875930812673058	-0.3748147839164886
 0.23780029392866095	-0.43098275107056766	 0.8704624566786827
-0.9170935496000344	 0.27538884374229244	 0.28827141034846404
-0.6067386708102546	-0.7947874221238638	-0.013458788099560914
-0.11652649936063021	-0.5758684008594284	-0.8091953780381853
-0.7557929480583787	-0.590109003336377	 0.2838104716999934
 0.4877164801754352	 0.05919685338083953	-0.8709927482563169
 0.32790222619447734	 0.9324912988281958	-0.15145992099037353
 0.525935152901308	 0.5795293088602226	-0.6225254975618835
 0.712860001928296	-0.06988110989436087	 0.6978160560855002
 0.4506976723547193	 0.5275183587912566	-0.7201360907996606
-0.7810224991987728	 0.5971193129246909	-0.18289992312094605
 0.5037643641317838	 0.698683915965307	 0.5079982785426378
 0.26857327343928855	 0.41575197148949466	 0.8689181175442848
-0.547588069122648	 0.8315684236081083	 0.09295839613749624
-0.6408567585854299	 0.35211291884882895	-0.6821430255856422
 0.3795631950147382	 0.8482060848923386	-0.3694295853634555
 0.011391157404039506	 0.7112213216318907	-0.7028758590172115
-0.376290473180594	 0.8232636518543084	 0.4250205163624843
-0.4062891242584194	-0.8949227121314779	 0.18450606174477513
 0.1567707600771138	 0.957567551911623	-0.24184150245734348
 0.1219558285707867	-0.8190313392442604	 0.560637531042443
 0.23156302787731045	-0.9719291239500725	-0.041621414415377034
 0.13354521317536758	 0.04384941782959096	 0.9900721714066867
-0.10009174725931796	 0.8554006224640697	-0.5082041098010317
-0.13376291954799682	-0.4240119250797695	 0.8957239355650513
-0.3986932405242306	-0.9126340478386633	-0.09023743505832016
-0.3366385003209634	 0.6409488295479635	 0.6898254257438967
-0.9867574239364323	 0.022757628889449988	 0.1605984951164423
-0.9585722894202883	-0.054282451193191666	 0.279629364423706
-0.5279419807011769	-0.6792976339040424	 0.5097371769703358
-0.33516853377873584	-0.21902971778924796	-0.9163449332482692
-0.7512026199702868	 0.6506174636969779	 0.1113172928268038
 0.6291150382833345	 0.0676509507659075	 0.7743627169913512
 0.4182739718253882	 0.2789629076983278	-0.8644226863183939
-0.07206473259932535	 0.9917818844771844	 0.10571361283331737
 0.4771273868543897	 0.8329556718042229	 0.28023972866579294
 0.7485605400995219	-0.2579251987844191	-0.6108450782628356
-0.8421599975074341	 0.1441553286461407	-0.519601558717063
 0.8532325694381142	-0.26507301903625224	 0.44914416063112794
-0.09439961526831134	 0.9427884456960209	-0.3197478057771088
-0.8902291080026662	 0.3991898530030975	 0.21940737572867186
-0.5949640817483217	 0.4844405406284329	 0.641354117492831
-0.845224873622927	-0.027494060129394232	 0.533703091303309
-0.5050965305797438	-0.8606774146241065	-0.06412396394695108
 0.45608580208823746	-0.13222612568769257	-0.8800579485574525
-0.1188140108967261	-0.8634250104870057	-0.4902861226673123
 0.07149506474502541	-0.7335089213022854	-0.6759091049002539
-0.42231355132870824	 0.7566773461882187	 0.49908982971975013
-0.6613553052899612	 0.33647933362244664	 0.6703661821794238
 0.9335642934034064	-0.09484506235728711	 0.3456329327894565
 0.11306930388504931	-0.02785360732231204	-0.9931966114914432
 0.5562191900504371	 0.47949798143157707	 0.6787502474568086
-0.7252723236025288	 0.6149025312226369	-0.3096367770665862
-0.8192634349195649	 0.5678693408288651	-0.07957283424879558
 0.23269610930131743	-0.9719786846080374	 0.0333160229267937
 0.12268458370783222	-0.451931474777183	-0.8835759361968594
-0.9054618576735254	-0.4197673112680527	 0.06272343014534698
-0.22858185687421212	-0.3926371230159826	-0.8908346784548014
-0.8693918186210914	-0.17370024326297598	-0.46258630676349943
 0.48135823981369846	 0.8620638651088386	-0.158556417205574
 0.09529532281299131	 0.9879538480146092	 0.12192618932409172
 0.45773371614076913	 0.8308889606805817	 0.31639118212602657
 0.4586868017490532	-0.6221282014262005	 0.634478462117845
-0.5638423579029543	 0.6266093077499268	 0.5379986718158272
 0.7770375911906284	 0.5120481670470064	 0.36608640578484564
 0.23724389610535634	 0.7497021311898031	 0.617788028574703
 0.7654336361546112	 0.20332858020543537	 0.610547981009496
 0.0017492195235031837	-0.5380312547723514	-0.8429230742595364
-0.282552903150157	-0.9261223680035071	-0.24992242077291604
-0.034267105839946126	-0.004628599223707402	-0.99940199195648
 0.6725779674035687	-0.5372169069815897	 0.5089566510189429
 0.6040774770538765	 0.6253950379861636	-0.4939346598270953
-0.5308994398639066	-0.5025306211287928	-0.6823553030350831
 0.45051899800910516	 0.6738655421385795	 0.5856089681273249
-0.4782836731728618	 0.031856763139280285	-0.8776274121850132
 0.20692201420862763	 0.2385660758117156	 0.9488253303467626
-0.014001414337498784	-0.9025687093138023	 0.43031812111990675
-0.5496311474353873	 0.2817029054768879	-0.7864789093260791
-0.4244238295662718	-0.11569091290137849	 0.8980423294969708
 0.9833069969997011	-0.10160066198308774	-0.15094586823105804
-0.5862160436390029	-0.48484531010308085	-0.6490576056493613
-0.9586169792171391	 0.05905914322398852	 0.2785058433107923
 0.7607918397994038	 0.6045877405770381	-0.2359437230328254
 0.4298470111018637	-0.15357809090469723	 0.8897445234677552
-0.8704737640207592	-0.22135891551397852	 0.4396312735395502
 0.9659603210446248	-0.17362289282933913	 0.1917700426368445
 0.15515992534614756	-0.7726706291569313	-0.6155530004839631
-0.09151595433312465	 0.4228725660545696	 0.9015562228618474
 0.6872676245487956	-0.09652648753122563	 0.7199623944706695
-0.6120920565685612	 0.46162591969823547	-0.6420629443819565
-0.045236166860634364	-0.5233228758475067	 0.8509329332106332
-0.9427781403046732	 0.01844616754437754	 0.33291007354327173
-0.26823445560174775	 0.2629368638023023	-0.9267763929243362
-0.9717320653980664	-0.23134895070871891	 0.04705800764144885
 0.3639205299948547	 0.6355824846752398	-0.6808793968261286
 0.9381067919105257	 0.3463043398925349	-0.005380626630541396
-0.8603375064116561	 0.476325124693725	-0.18147658429362523
 0.24257535106517195	-0.17104690814191448	-0.9549346335067652
 0.9028149276583622	 0.14999107369558157	-0.40302342885851283
 0.5878810467476518	 0.18233322575831898	-0.7881309977785742
-0.34244366246922053	-0.07452026203999938	 0.9365783835751049
 0.7842022210648635	-0.3151455361132715	-0.5345186316161614
 0.42554408787031495	 0.4102211449510185	-0.8066169112495083
-0.689856525754127	 0.7237613227641301	 0.016356085875363302
 0.8320338534337101	-0.46334466875025787	-0.30501046651052044
-0.18680498838111192	-0.7738503094574403	 0.6051938490009268
 0.9219411444848848	-0.3502337618940061	-0.16541111853643153
-0.7266649988007189	 0.4587196775950244	 0.5114041815482817
-0.3355141032897078	-0.131436004956257	 0.9328209169475361
 0.5038730253256708	 0.385689181932026	-0.7728879797808739
 0.07465577308571815	-0.2824653565576185	 0.956368045205271
-0.14886815362120567	 0.24845170415348694	-0.9571363662199035
 0.9247363069556629	-0.2972502363183237	-0.23770792920452344
 0.4208856409573485	-0.8942005491263544	 0.1525144425228253
 0.47439695079554633	 0.31945991486279673	-0.8203004912053524
-0.6833153645853229	 0.2346503347549057	-0.6913894220488466
-0.32569007325361937	-0.012250366769164352	 0.9453972205893526
-0.07931236455775018	-0.8340865312127689	 0.5459021957069867
 0.9374455506380152	-0.20984405010566748	 0.2777792544885931
 0.056555718982832744	 0.27232113287751114	-0.9605428940128826
 0.6550768645175764	-0.6948540047431732	-0.29673593254979247
-0.40936022659450927	 0.48118304660744116	 0.7751690657786037
-0.5613120659205693	 0.5220493890756532	 0.6421784798774557
 0.7452507778779147	-0.25592218819373047	-0.615715122164866
-0.4797099280243996	-0.3941103862570375	-0.7839358318122434
-0.6350779628901934	 0.060205782205811686	-0.7700982046727733
-0.8794758365057472	-0.4086152528262681	-0.2440406280934413
 0.26710430953702013	 0.7272960014863269	 0.6322150061875726
 0.820665061602273	 0.011814997659021923	 0.5712873729531003
 0.022349410799757857	 0.19462564760447632	 0.9806229454440896
-0.8983396495938335	 0.3026264769842818	-0.31843851744993157
-0.6598567275212339	 0.6331400249796642	 0.40462675135699855
 0.673351270341271	-0.45617876300112986	-0.5818066714266481
 0.5018466853293868	 0.5569438638375551	 0.6617880604525912
 0.18316873472738882	 0.9804945763129115	 0.07127131568402167
 0.02752347776649452	 0.31153217019181056	 0.9498369150055277
 0.8507065307564375	-0.5185161450713944	 0.08625199028803276
 0.8328561544596819	-0.305787478147159	 0.461350890523722
-0.938072024084339	 0.18656843453048977	-0.29191282408820873
 0.733577809857852	 0.09270126866858149	 0.6732533488007264
-0.20993358191337333	 0.8803263609943612	 0.425386164941276
-0.07861678542808974	 0.7963477871999215	 0.5997079313055167
-0.581237867641001	 0.809303919328103	 0.08479214220854225
-0.6632730343354837	-0.5870266596046243	-0.4641859356301492
-0.3504466171676255	 0.33617050830470807	-0.8741719269468231
-0.03704986145480912	 0.9828152106970103	 0.18083575251805395
-0.02667025651751677	-0.23778153084822942	-0.9709524401353355
 0.8809610465604828	-0.13498945121555003	 0.45352561394433244
-0.9731127622090611	-0.05106444812136043	-0.2245973601000517
 0.5821268475265983	-0.153731385413036	 0.7984328365790909
-0.3567561128718669	 0.30698120651463207	 0.8823194516587383
-0.715048039548374	-0.20255279618593047	-0.6690879358464681
-0.8780083235428412	-0.24354838780504137	 0.41205044179936845
 0.9434190689643642	 0.24800675116323587	-0.22012067529395996
-0.9103985219347211	-0.3366869114661649	 0.24045052486208007
-0.4692017826364771	-0.1954615271143515	 0.8611878300283149
-0.7105050278856342	-0.6826996725007056	-0.17059824886751773
 0.8757988958193405	-0.17243041607999213	 0.45082595942570225
-0.6386430022097505	-0.09440628224540183	 0.763690100499619
-0.8968590729817811	 0.34720238946156484	-0.2740333993556989
 0.1140216169694973	-0.9123489625222861	 0.3932155152688781
 0.6184537573825162	-0.3633470219935666	-0.6967739171265344
 0.35091923399127356	 0.027383485578771453	-0.936005254222718
-0.645267907541486	-0.36211801418496103	-0.672681106691553
-0.6119195851485174	 0.6971715631362395	-0.3735053317769894
 0.7922502322444929	-0.41252837257214736	 0.44962196491221684
-0.9703402721945247	-0.16420984172522612	 0.17741162317625014
-0.3517015190627504	 0.6380387346791345	 0.6849909594571324
-0.31030188138579534	-0.6654284847581979	-0.6789091795526443
 0.6998756798283464	 0.6703821835881206	 0.24649900752829268
 0.9091416695348286	-0.18996217769322105	-0.3706424095559946
 0.7546965512773492	-0.17753492260920542	 0.6315967596055405
 0.8188046250057276	-0.0936064851642081	-0.566389276032335
 0.8425886076601081	 0.09292354106288196	-0.5304805875408971
 0.6195569884504933	 0.6757467589620725	-0.39939386051166337
 0.2244147013403545	-0.26205745637507294	 0.9385967884989519
 0.6550699508855867	-0.5448826677631154	 0.5234369473184954
 0.20161918810758198	 0.326485385293713	 0.9234484263760783
 0.5631215000942172	-0.21392260844300362	-0.7982050449155154
-0.25924866109937345	 0.822727543087303	 0.5058750058697428
 0.1360959527066137	-0.0063341996460770334	 0.9906754108040245
-0.11321572910301471	-0.48062801664017785	 0.8695854807344714
-0.7715583074218998	 0.023253513806324216	-0.635733475871699
-0.6498190167570551	 0.10872195857401183	-0.7522730762061907
 0.8900582150936149	-0.43746074867506934	-0.1281579771727699
-0.1976300855825342	-0.49436985094772873	-0.8464873299385884
-0.18209238923310525	 0.7422176316123866	-0.6449460047996878
-0.028612063262280774	-0.5883885957208578	 0.8080719090907147
-0.7126176642371388	 0.5372930022259025	 0.45110120192289527
 0.7629137505122165	-0.27726383652114583	-0.5840268608865165
 0.19901347079600956	 0.8836094169255927	 0.42382547913279134
 0.498328780504802	 0.8263579598915394	-0.26229934930245213
 0.5529549231155599	-0.7045088753510799	 0.44486862954564677
 0.39961814627402187	 0.554035530084236	-0.7303081326212888
 0.356165710308403	 0.7249274744698309	 0.5895982899901453
 0.20428667162774536	-0.6481182454444554	-0.7336277637312116
 0.08586982131222226	-0.16582626909573944	-0.9824092946758975
-0.25499555034540633	 0.5044133131586348	 0.8249511978368007
-0.3304866272532388	 0.18767396971263034	-0.9249632805139247
-0.8089452007790497	 0.5040417030419821	 0.30257168362403175
 0.7007358818832432	 0.36414750628268483	-0.6134866074409573
-0.3688460695651803	-0.815095938765619	 0.4467339113769093
 0.6732311400467783	-0.4267541738192829	-0.6038548726301181
-0.605644214882393	 0.0562998275925348	 0.7937414027203953
 0.6595611589071607	 0.7002229072654889	 0.27325255314765107
 0.3028100493211853	-0.38060542607468373	-0.8737537317074016
-0.6771296442722053	 0.40381026128753805	 0.6151688530206052
-0.0881913584393796	-0.3813813613164978	-0.920201359234484
 0.46049154963282846	-0.8867614342276001	-0.040021137956907316
 0.06696417939737002	-0.7566627797664293	-0.6503670013106269
 0.623792748608662	 0.16247443522570593	 0.7645159675777469
-0.5541707955595194	 0.5472244336368126	-0.6272480757880401
 0.5166385349405849	-0.3253722834321164	-0.7919706442720063
-0.3066262645483548	-0.4348369830843592	 0.8466977808115568
-0.2723752046253264	 0.1556889547396041	 0.9495118205043058
-0.041988333363549304	 0.9991067049454279	-0.004772001094004219
 0.6716954984304369	-0.7124028696150702	-0.20324199554349076
 0.7178155431942279	 0.6886557642827152	 0.1024406377809357
 0.20581814459110837	-0.46286960517083775	-0.8622010322228026
 0.8634880106167235	 0.12245989747960467	-0.4892770473161989
-0.9977812337554749	 0.029749775472043594	-0.059561400460075076
 0.10160337458341842	 0.1338842602546695	-0.9857746999843937
 0.24424821240453487	-0.45412443419142395	-0.856804417009803
 0.21713464149376754	 0.8998189284641926	 0.3783892750077955
 0.6890653028740235	-0.6394424993779797	 0.3410312278433938
-0.6204827105647566	 0.5306815588468335	 0.5773892006178392
-0.5388402933700256	 0.22492937099136343	 0.8118238209773931
-0.02664057789242053	 0.9638331382621912	 0.2651715693606951
 0.29366806766597103	-0.40606268171362964	-0.8653740027022248
-0.4593643946121322	 0.8880676947700856	-0.017891966587700647
-0.8352643084208458	-0.5437482646603884	-0.08167839222868234
 0.4631105549405616	 0.8134477691762223	-0.35189677566705946
 0.8700387465546687	 0.059531389971370884	 0.4893757177278595
 0.9971438015336269	 0.07540230574912007	 0.004327973057113965
-0.44153992607347203	-0.44353252431765566	 0.7799496096258021
 0.34533178662815417	-0.4193522352864504	 0.839577072045482
 0.9098964261027034	-0.3992245744464339	 0.11273079846958978
-0.9533484311799375	 0.29276804601121853	 0.07357744220564433
 0.3260345139379633	 0.27788580378259486	-0.9035933685996911
 0.4223845836652559	 0.9038320853048438	 0.06840193751222268
 0.4506752286254648	 0.6834997907054009	-0.5742123948584341
 0.39589553871690975	-0.18004864150605063	 0.900471659251902
 0.2124206962059941	 0.025897150696164526	-0.9768350860862753
 0.41538056984494093	 0.5155308340829434	 0.7494577648573912
 0.748984528833672	 0.005521861431832509	 0.6625644758166032
 0.0877542258678594	-0.28906726287686885	-0.9532781930660157
 0.008450325261811865	 0.1657055282148759	 0.9861390723026842
 0.7982923318022243	-0.1799385388295177	 0.5747621031606605
-0.8122595691385994	 0.46812576756104984	-0.34798370376808574
-0.9455217792098055	 0.05738457548221121	 0.32046150398550255
 0.47135804066113207	-0.4566744888686828	-0.7544998401064282
 0.5677751828506951	-0.6949378211578424	-0.441240032706973
-0.4437851805482003	 0.7694202038828976	-0.45939880646623554
 0.5457592687949222	-0.5633641418751338	-0.6202964325012079
 0.34074427594131246	-0.6087658264504892	 0.7164478396640495
-0.20699052900146028	-0.7123084662424318	 0.6706501098360083
 0.06654723148966751	 0.6136246449087132	-0.7867885746131016
 0.6295513351251386	 0.524439274814565	-0.5732613395948905
-0.2614698036319494	-0.19529915030727102	-0.9452469432259105
 0.5654872165690404	 0.13615816223754687	-0.8134403252563109
 0.658013127310503	-0.34313576169776977	 0.6702809659621427
-0.42098210321706386	-0.8253365956673725	 0.3762892140669589
-0.4964412602431188	 0.6988854546443293	 0.5148836727017212
 0.7957472341570881	-0.0033042580647953544	-0.6056198652702747
-0.10508455772152865	-0.98733185530026	 0.11888247658009621
 0.14067729354945818	 0.9141306000426167	 0.38023038430052525
-0.7137220176558553	-0.3797869959836696	 0.5885258865971446
 0.4724157913336063	 0.8545176944084498	-0.21592320403678156
-0.820803269854904	-0.5700989402315091	 0.03562570058831005
-0.8873339285863533	 0.4519194556070324	 0.0916913563175501
 0.3358263749996946	 0.1409845360172696	 0.9313130550242275
-0.8491948318783131	 0.38978134954940175	 0.3562844889335075
 0.061284493790680954	-0.9972849000234038	-0.04082938900019606
 0.8665427377934208	-0.21866753668583513	-0.44865152621743287
 0.3800347029365348	-0.7160130231473334	 0.585575763883168
-0.218609055661071	 0.9586894362237875	 0.18200177377127713
 0.8663170456364553	 0.4201244629470965	 0.2701670077436129
-0.39859881079940274	 0.9137404238666265	 0.07872373099224705
-0.3065418049895318	 0.9518320096534377	 0.006924391154305987
-0.13544158887536645	 0.9787747843425393	-0.15380343799191176
 0.8099177862552679	 0.5134423979484927	-0.28356671789239973
 0.9079597452789759	 0.4159054836118629	 0.05130038649483781
 0.42875281173752855	-0.041300415480688274	 0.9024773139022864
-0.834242089997412	 0.5436919422611228	-0.09186515768819947
-0.9770835208011432	 0.2045699160964118	-0.05881277758403258
 0.07312389053761462	-0.9962738172827569	-0.04573158240742292
-0.008978021512024752	 0.7912299298807558	-0.6114528544300237
 0.05269389634914109	-0.1399614989137671	-0.9887538278607864
-0.3680529727901015	 0.5180109414038687	 0.7721409675740865
-0.591694550202454	-0.5560369481250731	 0.5837126618298343
 0.7691753970214117	 0.42682105284586236	 0.4755975162514028
 0.7211329720404291	-0.6553578608002278	-0.22466266027866544
-0.028479787545668753	-0.8479737617714032	 0.5292725205870878
-0.34292561940899524	-0.5143139050121897	 0.7860554857413498
 0.6288742556940912	-0.6736123640739049	 0.3882828266765965
 0.13691272193057416	-0.4223513862486486	-0.8960324844041125
 0.7618806821851482	 0.6384652445177615	 0.10908692706263357
 0.8773166541762665	-0.288608184884468	-0.3834329197169357
-0.5641695482991874	-0.7797032766381641	-0.2716164965012273
 0.8460630618271902	 0.5315952755834734	 0.03979646201525089
-0.8126773942919078	-0.5735064242478328	 0.1031786516357911
 0.6597771446876868	 0.6890869000100277	 0.2997555063419739
-0.05398223025230246	 0.14161248121414277	 0.9884492015178936
-0.5342986428707526	-0.27087454064049615	 0.8007196409850781
-0.21546977023893346	-0.6715808721463058	 0.7089089576810188
-0.5860874429018209	 0.8004614264590934	-0.12555084238617598
-0.5178394659214905	-0.7430329662977851	 0.42396261454149453
 0.48242181809052936	 0.09836330635555614	-0.8703986726742128
-0.13423699863811145	 0.7112438092970299	 0.6900091824992489
-0.14313029204383665	 0.39746888696311067	 0.9063841367741119
-0.5742602084201074	 0.20789527762984403	 0.7918363256156571
 0.0697995663550887	 0.8040728571095797	 0.5904192247854732
 0.46148909372291413	 0.875228446947714	 0.14492405607177883
 0.9708944349580096	 0.18582263501485322	 0.1511090483184372
-0.2455714642297012	-0.9686742083289372	-0.036945014202018456
-0.35038816073037093	 0.9349068614905592	-0.0563675186420336
 0.6557457871829389	-0.6737334503527234	 0.34070617908638257
-0.7876809833341535	-0.42080429440338385	-0.44998045991510716
 0.3876293281757531	-0.09137219233502804	 0.9172756545367946
-0.6398364898942739	-0.056735161204724036	-0.7664139793106912
 0.9283522621888717	-0.03253237609212341	 0.37027519737973935
 0.31872462299365867	-0.7664363768575951	-0.5576646796480413
 0.262048288376607	 0.4117626412650406	-0.8728013644680719
 0.6600282079835602	-0.2118084084962828	 0.7207634582553988
-0.4542886135301549	-0.0014223950391673533	 0.8908534292515251
 0.6546061059264622	-0.6559276549976816	 0.37583208683271807
-0.9871197267368432	-0.012694893090988774	-0.15947879099237094
-0.05668164597681881	-0.7036331942612627	-0.7082990321488876
 0.8151786705875723	-0.4963026711605188	-0.2986090983510252
 0.7376315583941883	 0.5445973931052307	 0.39914078153447075
-0.8583062171462497	 0.4380274912865694	 0.2672870264066127
-0.435324397555277	-0.7344673487735455	-0.520624992176417
 0.9012142600553661	-0.11873131770763465	 0.4167921924271947
-0.5672916457151257	 0.25946759132548247	-0.7815732580849839
-0.6807844738185743	 0.7099103157872592	 0.18044346412768997
-0.6341153691361637	 0.2637207765020668	 0.7268762278864633
-0.9941784311733217	-0.10769740904879249	-0.0032426954728654866
-0.37025590054093177	-0.2349024267354484	-0.8987387929918353
 0.10171000427898179	 0.33301679675421786	 0.9374192701823072
 0.20541356506405922	-0.10690985995458406	-0.9728183536160102
-0.6740316798837341	 0.41227777990764963	-0.6129505091828631
-0.37117638415756493	-0.18226894451908585	 0.9104977340485885
-0.4242344854283979	 0.7040848834216625	-0.5694642906367404
 0.7896001609048324	 0.43955573586285074	-0.4281615827805323
 0.997330146625357	-0.06611679419336211	 0.031002389550429
 0.10789139408263308	 0.9826335467419984	 0.1509660885766959
 0.9782867354955213	-0.20562664245163936	-0.025937368169912656
-0.8552944452664476	 0.24110310933549217	-0.4586291558166766
 0.12270375984158131	 0.862519562118669	-0.4909213707747493
 0.9098020176526909	-0.051811596526944434	 0.4117958804315822
 0.9064711037437634	-0.2135876882537763	-0.3642669865688779
-0.6725469456295996	 0.3138161033101191	 0.6702238873895416
-0.9501091706872878	-0.30521951418538484	 0.0642931717708175
 0.9698544750313903	-0.22755549840716768	 0.08718252351390032
-0.04642387884646715	 0.196160260904605	-0.979472294408926
-0.7363586072595738	-0.6155045074790281	-0.2809451953455331
 0.5660435560446226	 0.7784498118638968	 0.2713127034796228
 0.6357967708069169	 0.14345454398226218	 0.758408372871989
 0.16518242646507458	 0.039873822873216155	-0.9854566678634762
 0.8379073275514843	 0.18690567673525882	-0.5128133953395373
 0.6733276918696196	 0.4220498773745048	 0.6070450727661794
-0.4648357001355303	-0.8772367598413046	 0.11993097624317373
-0.8460447970002177	 0.19349887952901804	 0.4967558606497511
 0.7125202986745123	 0.49025030729436325	-0.5019655966045542
-0.7002848244540185	-0.6906591713786915	 0.1805299798645752
-0.554247324388513	 0.0012044495113944145	 0.8323511594931245
-0.8160100492159044	-0.2386088550840948	 0.526491608531527
-0.5759918475897609	 0.8173981051335045	-0.009681385969471545
-0.9249923160063567	 0.005638113537487379	 0.3799439787717851
 0.5327367192841611	-0.22822589210238875	-0.8149260887346887
 0.1684256009365846	-0.01624531543679835	-0.9855804922356719
-0.6082771470593168	-0.45247468415462977	-0.6521238935697313
 0.4542613914609392	 0.8368608959762205	-0.3054675580382453
-0.8652941446051182	 0.4989100388975067	-0.04852645051294302
-0.1765178933433518	-0.9059315902423942	 0.3848758074113152
 0.9058244872705091	-0.14208317655279798	-0.3991169868619797
 0.34329997904115916	 0.8135851903759166	 0.46928057960171654
 0.9474393560244685	-0.018896683048537866	 0.3193768652011342
-0.15179017554028457	 0.6287298978246395	-0.7626653644888222
 0.152887244979538	-0.47115540358669494	-0.8686990710215048
 0.1914264758555805	 0.4905344819476978	 0.8501363575108505
-0.5931815712476528	 0.7549285749571544	 0.27967565186359344
-0.4866494397176543	-0.7264904817247697	-0.4851637896482024
-0.9218515389317873	-0.3221958052254514	 0.2153592423468711
-0.20321096435564148	 0.9245333520900421	-0.3224025199014433
-0.7644049819791828	-0.02822966243198568	-0.6441180867545804
-0.34545779898505624	 0.4690332559797089	-0.8128140709322602
 0.1556890356115516	 0.8719858369913849	-0.4641138053072531
-0.2275138688447772	-0.7773570545199197	 0.5864754464352249
-0.1572474685795667	-0.9858874727503533	 0.05743800744489391
 0.290811705604307	-0.009180695609440997	 0.9567362576549718
 0.022079182077054147	-0.9545284911920774	 0.297300974134604
 0.9436946860444803	 0.3234028714517614	 0.06964856257070462
-0.3417431020327234	-0.019369421766367013	 0.9395937833518739
-0.835211958157623	-0.5499012980079994	-0.005435751983531967
-0.3804725957531672	-0.04014673230316084	-0.9239203665718303
-0.6269660610454387	-0.15428224391520953	 0.7636167543405887
-0.6766426991583511	-0.34085810870988703	 0.6526640846579657
 0.4885184744841639	 0.8456868392225085	 0.2148568594518414
 0.24099003733556915	-0.13919905535003807	-0.9604933237116529
 0.9399251815734925	-0.18589331383746388	-0.28632905705597467
 0.17381058341473313	 0.4734925014892177	 0.8634782754224413
-0.36147598781121804	-0.22557403271634663	-0.9046830748941801
-0.8028451265231704	-0.49352496750016744	-0.3344739291364174
-0.9396880550139949	 0.3189535000857036	-0.12351123044927736
-0.7561580674227819	 0.4916742968747577	 0.43183487916581753
-0.24293661792386007	-0.8600825048651094	-0.44859768668226074
 0.37115261923966714	-0.8363225798779127	-0.40349755342243054
 0.9206974307513653	 0.07980665290946494	-0.38203028565707076
 0.7366537529653591	-0.6177309904817196	-0.27522658236537656
 0.771008239648884	 0.6238718279684119	-0.12778981438628612
 0.7571912996490263	 0.6073882193626701	-0.2402933347291667
-0.33019861244145293	-0.7770481200898243	-0.5358778735930503
-0.8921072166536379	 0.017716530924284477	 0.451476287889528
 0.4227022792233762	 0.47113421419701185	-0.7741804281640858
 0.8715436197818058	 0.3006352410448584	 0.3873372828163162
-0.6111102385277523	-0.7795668088065992	-0.13718552027691966
 0.17152607486035581	-0.3970805133916223	 0.9016129277731355
 0.6529573091828713	-0.15239644406790276	 0.7419043578657041
 0.8520672883542295	-0.5188790220727092	 0.06889046791494069
-0.9746660123329048	-0.06436800107755256	 0.2142029991394936
 0.08459202330719422	 0.22817263018792971	 0.9699388848921964
 0.5942805401126983	-0.43035626238491786	 0.6794292656851362
-0.7612441554418709	-0.37177732571277855	-0.5313087199467439
 0.9668990390873993	-0.24468674369131363	-0.07235085122930607
 0.8259660299899523	 0.5433864137838935	-0.15003773731203984
 0.3187934000577277	 0.6527403835952291	 0.6872414129718805
 0.09260955447746824	-0.5324208231918368	 0.8413985604047653
 0.43245416373078027	 0.4805291488753477	 0.7629384859561388
 0.03711404334259894	-0.974678376683545	-0.22050988597406107
 0.6087432045205017	-0.43210508937684905	 0.6653697488500181
 0.08622981480736555	-0.18841898844715066	 0.9782958161163933
-0.8986560049423163	-0.383127272785395	 0.2136138516790076
-0.9600839566724507	-0.017990249245112076	-0.2791328484293283
 0.9530589841992764	-0.1911187371736401	 0.234845057299907
 0.8830617807207132	 0.374453222909083	-0.28281915649998624
-0.7481585739871912	-0.6356644448985548	 0.1902352797492226
 0.3621492631591957	 0.676466508883462	-0.6412807291290394
 0.6891771398411957	 0.2605002326777052	-0.6761468026214208
 0.7594217278474525	 0.050104190433907916	 0.6486664854716577
-0.7626211317412772	-0.6012230793601064	-0.23862065766903884
-0.9545183523677016	-0.009054212163395458	 0.2980146577525149
 0.4568547762566055	 0.142621956870925	 0.8780334223876873
 0.01754369197032067	-0.5292332548508158	-0.8482949845614214
 0.25534125043884104	 0.557674646734998	-0.7898099988056142
-0.9842243445839984	 0.08576883198594568	-0.15474542638787536
-0.5811310374405333	 0.16326387266622205	-0.7972650909235379
 0.750464065881955	 0.2571063589773336	-0.6088513825173949
-0.5402524413929387	-0.09860412315848242	-0.8357060048037923
 0.6653901295393596	-0.05598734022809663	-0.7443933054815699
-0.06314439576962953	-0.9964901526852287	-0.05495599043105481
-0.6030297701152604	 0.6841967011688228	 0.41015846994111516
-0.3272010968308624	-0.05905886126020081	-0.9431073603462805
 0.36778873853092714	 0.42170294152705595	 0.8287931424168866
-0.8845603578814086	-0.40944845863327023	 0.2233941203065859
-0.9060324596175128	-0.42027683261937593	-0.04972490405083807
 0.946026473081381	-0.024569372549364376	-0.3231567083656681
-0.2956936013955169	 0.6083298296829276	 0.736546069442835
-0.8444381197319261	 0.5284699599145745	-0.08742861894995935
 0.07705904318537374	 0.4904817974784351	-0.8680377354733364
-0.3558886907775074	-0.011482445290141204	-0.9344578070875273
 0.05800705180921151	-0.2578462594700237	 0.9644430975530494
 0.9006893264799264	 0.149117890551072	-0.4080717974606123
-0.8357081760230116	-0.40439173076898194	-0.37156314754555275
-0.8709754771434406	-0.09738682827872136	-0.4815781596922424
 0.7356891254469724	 0.6291209185671505	 0.25093501254367356
-0.09687833614508062	-0.5410640964295129	-0.8353826856840374
-0.47523623589601854	-0.698974088758175	-0.5344022299130711
 0.233301388916723	-0.9710595707540607	-0.05112506211700185
 0.454990962151262	 0.7923633850034606	 0.4063785064032379
-0.914768326368085	 0.21125374558372478	-0.3443410577473729
-0.020624241015416035	 0.9965116155946121	 0.08086557158367147
-0.08651409257397358	 0.924023993312443	 0.37241773798924815
 0.04257938058447409	 0.44425869313836597	 0.894886143551253
 0.21335547430223464	 0.5559797642874222	-0.8033467142449584
-0.9731921644867922	-0.041305193557054046	-0.2262540429842672
 0.9581468445862938	-0.16896670649200213	-0.23109495084612752
-0.3103314930703658	 0.15325560871535665	-0.9381935209784829
 0.6510979756274365	-0.2812740328944907	 0.7049513065121045
-0.48798780711710754	 0.3016474761341689	-0.8190706320256653
-0.35106526387488396	-0.17741053433986567	-0.9193903865092898
-0.7230239718654586	-0.6819518846625595	-0.11035380878374657
-0.5921320480103456	-0.33059824429580226	-0.7349043737709056
-0.3495230309982267	-0.22809419834615083	 0.908739064573896
-0.6847319278308732	-0.6118077807277841	-0.39602200248213437
-0.927833902066206	 0.1645139336237801	-0.33475276820398125
-0.7284231050441095	 0.6254540604013672	-0.27965514185392926
 0.9988201467605667	 0.019985527782122908	-0.044259384366140075
-0.5289619437782216	-0.708515719927992	-0.4671238986064452
-0.2464129355007228	 0.8630015342363474	 0.4410317643023314
-0.7227307621095516	-0.4576381578635776	-0.5179069047307421
-0.994286960636576	 0.08939617688476979	 0.05832463858839532
-0.20590188485000657	-0.9745294373223299	-0.08886388246885102
 0.32704907463000304	-0.6632797659992054	 0.6731261804444231
-0.2732638083381418	-0.9597406959368209	 0.06499759699590557
-0.3987783676251061	 0.8213245087036576	-0.4079238469579234
 0.9001826618499656	-0.3581552269924165	-0.2477821799135702
 0.4989218457648037	 0.8628701112324892	-0.08082179755655705
-0.5322229392617125	 0.5491103274454332	-0.6443730217943584
 0.13667406860640605	 0.5278674495505998	-0.8382578091944723
 0.5347451632581425	 0.6109245983202972	 0.5837968358420642
-0.982086395586601	 0.1872210193576982	-0.021321386314743007
 0.2224605613121403	-0.42473966720906886	-0.8775576982511275
-0.3330233301466645	 0.8071846131070914	-0.4873894356068673
-0.04315813100000624	-0.5636167169739825	-0.8249082203954909
 0.6769679296790729	 0.36099973494604737	-0.6413997299304961
-0.43070360527406004	 0.46258797091031567	 0.77492372113196
-0.12333825943468339	 0.4263449507286542	 0.8961125246015726
-0.9250937846626626	 0.23879932074575644	-0.29525645461171024
 0.0901621868418249	 0.8898945150104403	 0.44716723070707376
-0.4041793247822075	 0.2506902031522312	 0.8796553276494674
-0.877771710334718	-0.0383865773433861	-0.4775387892265128
-0.4482381922924708	 0.19249847979917498	-0.8729414976075915
-0.5614857830664681	-0.4052983189501788	-0.7214339803962622
 0.8602963258154414	-0.2554416565881554	 0.4411799993970158
-0.11058594741181144	-0.6322145037032395	-0.7668608540943387
 0.3610840173552238	-0.932516644866239	-0.005571306671267706
 0.6622665449930195	 0.6983828600301081	 0.27141187188326055
-0.7456657455996775	-0.48637311000127104	 0.45543802400213407
 0.18713352950374681	 0.12804460747086469	-0.9739536029160232
 0.8617970385300278	-0.03174804596972569	-0.5062587539568855
 0.48614213839932474	 0.2916301073387758	 0.8237825573330051
-0.5365254833613866	 0.3989973930131183	 0.7436003537334861
 0.03246901116375344	 0.900386736951448	-0.4338772720896684
 0.8758826783318054	 0.48038257558898423	-0.04541051495850934
 0.05740799172747854	 0.519781248320749	-0.8523683337501116
-0.1642768722526183	 0.8897366658982061	-0.4258893924474296
-0.6867985154267477	-0.6554015041491366	 0.31425573593279843
 0.6593751364641611	 0.4696169231934097	 0.5870982667860842
-0.6290302689134273	 0.06563240186334021	-0.7746052598687607
-0.577961163877693	-0.8120595960299479	 0.0807471705065903
-0.7022191020128936	-0.3944366100104353	-0.5927124880173196
 0.4643279240662238	 0.53319922752967	 0.7071761892867394
-0.6458129039081176	-0.22882089086808236	-0.7284000913290041
-0.9684541229482904	-0.2487105392615268	-0.015481582758175794
 0.13672111892844666	-0.36241834867083284	 0.9219329022145051
-0.609181509482569	-0.007752078529960982	-0.7929929342579314
-0.6277198017548615	 0.5166227152107858	 0.5822961622860592
-0.8604977376737146	 0.34722667953468866	-0.3727965617836806
 0.7551691619486729	 0.01197478608070992	 0.6554205835492659
-0.8098142759214113	 0.3492508644418504	-0.47140711937825097
-0.8484629779888783	 0.5060148643220274	 0.1551113537669131
-0.9526590456346141	-0.24816952484678004	-0.1756491665447628
 0.9957539641501532	 0.07331270396884686	 0.055671270113333504
 0.9140590250044589	 0.39258758521840587	-0.10183853268914889
 0.18888685819404433	-0.19346596152957113	 0.9627526559459711
 0.4097903825196963	 0.7909140128330873	-0.4544522710897416
 0.16972648246668678	-0.8848672583570827	 0.43382353121644446
-0.3140809699059115	-0.23145944545891245	-0.9207495150423999
 0.4246399289875361	-0.8663931423685245	 0.26276197130911827
-0.9405201044883393	-0.3324004058139903	-0.07022751076279077
 0.36849310492382864	-0.9250747200822362	 0.0919216725716443
 0.9090555003932296	-0.10857262892721087	 0.40228109755822383
-0.5499009824755967	-0.12154708227637095	 0.8263384392986173
 0.3536082913193994	 0.8648526215245846	-0.3563581335569994
 0.8528326044621483	 0.145777420542385	-0.5014234661703794
-0.6794835107092317	 0.29546514677686436	-0.6715672011901588
-0.5663640274469259	 0.677666662789718	 0.46904123758742644
-0.4042380239361407	-0.0957082569993633	-0.9096326453829304
 0.24233300710244574	 0.9592339717424311	 0.14541286436875844
-0.28366159673488817	-0.9089138563254311	 0.30563327750336233
-0.5103967417967142	 0.8275418229506053	-0.23381551965360936
 0.15014381329817988	-0.8391480241037618	-0.5227690015399094
-0.5252619632752747	 0.3334533676070992	-0.7828848712088443
 0.38156935744361986	-0.41582724785072817	-0.8255256055416769
 0.8476454324692237	 0.4108258543964448	 0.33573700745299706
 0.08611626688507117	-0.6551152750495661	-0.7506050659131676
 0.7055503332321262	-0.033142049719331906	 0.7078844056881299
 0.9551440077210541	 0.27155971364740883	-0.11813232596669043
-0.3358880589628041	-0.7486799034104161	 0.5715396872270289
-0.40170041469064344	-0.18025307305083488	 0.8978561168099795
 0.03482473228471518	 0.9925070866855363	 0.1171192593055781
-0.4116246220718205	 0.5025761472260433	 0.760251528603302
 0.5745597958668377	-0.7911553849186236	 0.2096525647058065
 0.8469207609148636	 0.3997201309879714	-0.3506409012285183
-0.40185812444895286	-0.8431883816214512	 0.3571321896902715
 0.9909856612771245	-0.03170214479718285	 0.13016294848534526
 0.07617530082660413	 0.9179321725628242	-0.3893556858684224
-0.3995859718944448	-0.9155368634307507	 0.04607930950605543
-0.10432351496656142	 0.0226756651494098	-0.9942848779072593
 0.11999229152231788	 0.8481336958369509	-0.5160146160344468
 0.5125433565682818	-0.8470658924762621	 0.1406367001927762
 0.35994367176985653	 0.1368050368498309	 0.9228894489836528
-0.5801287456003891	-0.6696970831070007	-0.46363396705385385
-0.036055865467279846	-0.12648192783838422	-0.9913134199110245
 0.8391257630327592	 0.10393003342488523	 0.5339161937673287
-0.0685354764919494	 0.975300883861249	-0.20997874749956913
 0.9340849890547084	-0.10581469039252352	-0.34101097419261994
-0.6464989574175732	 0.2907054717864443	 0.7053576587316619
-0.33123316821042637	 0.7113203243749632	 0.6199257894364296
 0.9910853408449292	 0.03354907306245013	 0.12893528166852097
 0.28605361465305995	-0.8689383421200487	 0.40388053572508276
 0.21939885442826979	 0.454381014483775	 0.8633666870758092
 0.04718718573469128	 0.953570907537535	 0.297448976801874
-0.05066787649044598	-0.9190848667678545	-0.39078865639916427
 0.8149562213147874	-0.5737183715115499	 0.08181434794984521
-0.26102782256994467	 0.9540825088514313	 0.14693890617583838
-0.6539690188353706	-0.7436796719751483	 0.13879865955562676
-0.053399983159490697	-0.9625678908428531	-0.26572823959245895
-0.9435806229300029	-0.22060188069493158	-0.24696238228703327
 0.6280136807593325	 0.7764645973608678	 0.05197639680028532
-0.6937987358246658	 0.5116378488792729	 0.506823466073036
-0.9950094787117991	-0.06435921937284697	-0.07624977478911998
 0.4488404850616934	 0.6002379896067689	-0.6620094975167714
-0.08310871926974404	-0.10560433977960015	 0.9909291923245866
-0.7277582300699345	-0.38504788924870964	 0.5675439027516636
 0.6322671763095462	 0.6236436869568424	-0.4596811606759943
 0.7157728574147365	 0.6983284701021651	 0.0025621149686976263
-0.7043961601039356	-0.6692596433918907	-0.23646898180901021
 0.2971209224089291	 0.2599665450107916	-0.9187690422200887
-0.5308444846356691	 0.8372495296284487	-0.13121493157728747
 0.28732176328154224	-0.11672901673965756	 0.9506947675230879
 0.697026281559698	-0.25224916256293617	 0.6712113845886094
 0.26648708425315465	-0.715977347706811	-0.6452604679483878
-0.7209687299660663	-0.4145797861001097	 0.5552726279660332
-0.4524637380413552	 0.4934064907349661	-0.7428503218403084
-0.08320368996992816	-0.2407966218497779	-0.9670026540196894
 0.02544833357878591	 0.646969962258214	-0.7620907099903973
 0.5186417828175668	 0.7036357341025998	-0.48570305209017506
-0.5250310336402455	-0.8415912851446604	-0.12675378685946348
 0.38130383180164396	-0.8511702579599917	 0.36071675843756545
 0.08763579629034922	-0.8871137954501136	-0.4531545885574262
 0.14993937961516324	 0.9705691657133799	-0.1884507283272041
 0.498747159065333	-0.6601834811831585	-0.5616128938131191
 0.29793444344297304	-0.07895174706067828	 0.951315767264683
-0.08833573766989293	-0.5976291502937662	 0.7968915836984771
-0.772468824535116	-0.4272948048074436	-0.46979896222310336
-0.7519608157209858	-0.6585164717503842	 0.03018257864489282
-0.9687650691325133	-0.19428432010113092	 0.15410335425135302
-0.6355780236086204	-0.4489107714647906	 0.6281080282631695
 0.48965829541517464	 0.02818398194111178	-0.8714587866864667
-0.28934787846569715	 0.8075064911275577	-0.5140146612833723
 0.22620923727187311	 0.29205366548353184	-0.9292653213428932
-0.1977871826167281	-0.557795938643022	 0.806066945871053
 0.5645007097861428	-0.4321937116628713	-0.7032407441623472
 0.5465314528978799	 0.6122595802517418	-0.5713506606133343
 0.2971184952898252	-0.13146813143213343	 0.9457466522142457
-0.518419606288669	-0.2451852532963302	-0.8192223772465665
-0.5674968555210098	 0.06649593996667766	 0.8206860599167711
-0.6334412290549164	-0.45022499889051343	 0.6293247648928446
-0.1034847226398273	 0.013259932736661926	-0.994542651857615
-0.4624439511865022	 0.7412223358400148	 0.48655425274360553
-0.34852561767917584	-0.8164857095615905	 0.4603053116172515
-0.8120973250546734	-0.5611865739900685	-0.15989860478544982
-0.3766741432140632	 0.9263408292825595	 0.0030426695600085374
-0.9307570619995945	-3.068592647717393E-5	 0.3656381963037463
-0.6515619256092632	-0.3925158743489569	-0.6491520203160606
 0.5186854575753039	-0.4461698014384255	 0.7293133101653182
 0.32106237751087235	 0.9193021540902135	 0.2276016239664369
 0.8615825209379714	 0.07785284276257742	-0.5016118962783436
 0.28184756684971835	-0.21835417917170277	 0.9342822921896494
 0.31319626893486074	-0.9482462841054757	 0.052317127266695795
-0.1843701365610529	-0.6171055692426879	-0.7649760578960083
-0.25196760908594235	-0.5766710907100414	-0.7771504211610547
 0.9720830446177529	 0.2236407628208852	-0.07098847492073879
-0.4668622800283448	 0.5524230567496636	 0.69055657107734
 0.014459800758836959	-0.33662340953150155	-0.9415283290041792
 0.6122491781042169	 0.5898562486972145	 0.5265173784250248
-0.4649201195198089	-0.8151165191140218	 0.3455927411464643
 0.10717863797613987	 0.9452404039706098	-0.30827474477008
 0.3125160420105674	 0.43644353496424293	-0.8437124891063097
 0.3130551704092262	-0.522479653824448	 0.7931024345061206
-5.68648919133269E-5	-0.3307682451087176	-0.9437120136959598
 0.6362719621071952	 0.7694180679217981	-0.05615894400491506
-0.04839009931391666	 0.988268550189257	-0.14485741608634806
 0.08697083759936627	 0.5758959132748058	-0.8128837373700142
-0.9969128211519147	-0.02697127162828468	-0.07373857558756991
-0.24525004077986215	-0.7485602338989726	 0.6160438245146129
-0.6754530310549994	 0.5812583077862846	-0.45376423665603993
-0.9905227815738437	-0.1239901080636988	 0.05908529669526752
 0.6375241091675344	-0.7702989015713382	 0.014234200649541062
 0.2073053682984672	-0.9782756962785185	-0.001070675215314676
-0.777956108770193	-0.15985840506194254	-0.607642644288723
 0.8836741762535257	-0.3930628401211299	 0.2542076984250552
 0.05979159650313942	 0.9869386153667399	-0.14958988764481385
 0.3004144571286338	-0.3744533878760687	 0.8772319044906214
-0.9642306594640281	 0.17803901966199745	-0.19637042248607672
-0.5801758453312627	-0.40394639297664137	 0.7072646605729114
 0.18977906156403676	-0.9350365075133807	 0.2994839518389141
 0.33826356220270665	-0.12780787298855145	-0.932331974185203
-0.7703798676609045	 0.3043343869031206	-0.560263724018492
 0.6014774319003692	 0.09349149147460308	-0.7934004284952152
-0.09358616235941247	 0.15510940318304836	-0.9834544744211784
 0.7720223943186894	 0.5823074119250108	 0.2547538040690147
 0.6547218729492342	-0.7558615590145946	-0.0035457983407594096
 0.4672350633100172	 0.8352113474759892	-0.29002310366766726
 0.6031838940614648	-0.7975936065762899	 0.0036917060384231704
-0.43414088321778715	-0.48770308817901964	 0.7574083385463399
 0.5010676681185109	-0.6807758963708175	 0.5342989527285149
-0.53316958528365	 0.8406425321897513	 0.095133203467894
 0.9584925300433388	-0.07469624839119243	 0.2751591181978177
-0.5580665009028477	 0.7480433949189366	 0.3591557599262525
-0.8589990977131465	 0.3282498827798734	-0.39290274188786145
-0.6742628947992022	-0.12501219519965456	 0.7278334285730241
 0.9631013639639738	 0.23059337037702024	 0.13878926568326322
-0.6089268968860706	-0.7758200389730775	-0.16526131240103736
 0.4152608214045616	-0.9082320383481147	-0.05170120621840146
 0.5966128460627822	-0.33286093000305256	 0.7302442832301872
-0.9483500729952942	-0.3005020276843402	 0.10163990558545488
 0.3074427985875238	 0.9010385799319205	 0.30595490365565214
 0.22297759274961412	-0.06216143993585632	 0.9728396314484151
-0.5543280392082819	-0.49707239873158576	-0.6675623232079002
 0.33270317074295397	 0.9384894014051525	-0.09244589567841
-0.9281958578699526	-0.36729902525008346	 0.05953045845112692
-0.4916490382496898	 0.17817595194378005	 0.85236996271401
 0.7697653816258999	-0.6094451279514329	 0.18983649087199828
 0.15550725911279578	-0.9456780549456997	-0.2855004531648664
 0.26287872316086275	-0.09797800345000898	 0.9598411783984184
-0.824230798381205	 0.3779518365501371	 0.4216586299938134
-0.3056014254673844	 0.05473650233193298	-0.9505849168089977
-0.8831116688605912	 0.46220355419331827	-0.0805087250757699
 0.3779782044944077	-0.16658321531205242	-0.910704402813274
 0.877209972985621	-0.35244581575978945	-0.3260132056343463
-0.620939001961237	-0.7001111440348559	-0.3525324692018996
-0.5731380336233022	 0.513134599827042	 0.6389097564404194
 0.6586843021162638	 0.06962321572818307	 0.749191295983394
 0.9945069693527194	 0.016612619148776393	 0.103343644187182
 0.1876611639897853	 0.5992649695714187	-0.7782446811733219
 0.8950307827358437	-0.27385583009179315	 0.3520268203986707
 0.7511579909629046	 0.3707962483663383	-0.5461426689153868
-0.5032274963381987	 0.5680262496838394	 0.6512359530917351
-0.4959684889103494	-0.7241742071262198	-0.4791523512841145
-0.8415328678348858	 0.4592516446435936	-0.2844474630678695
-0.086599546968152	 0.9949422933522191	 0.05089549453475817
-0.26800129447314697	-0.8329743858795358	-0.4840753852751942
 0.8904801291608154	-0.3362775807428579	-0.30653307857304424
 0.23543205077907012	 0.23526561063416332	-0.9429856000591397
 0.7730600387599795	-0.20488739633427827	 0.6003326838476974
-0.7100519248331496	-0.3965071898382672	 0.5819006035804564
 0.06912406665471676	-0.9958411160218295	-0.059349263260058516
 0.8034184372229807	-0.21618239084346852	 0.5547828301411151
-0.38084153051712055	-0.3532476184923279	-0.8545032759813598
-0.449550073137422	-0.8506472530619531	-0.27258756868260137
-0.35261102214512496	 0.6359597174799236	-0.68645517319387
 0.7038377650801969	-0.35970823918042016	 0.6125539838354128
 0.03710149019837159	-0.12413356728465204	-0.991571649906474
 0.4369382843135066	-0.4684863117758261	 0.7678577416291723
 0.8687525174742906	-0.18258032165051732	-0.46036234590600045
-0.7280939056378986	-0.528860110881257	 0.43610348277858924
-0.3706107100230601	-0.5577905795265523	 0.7426421554205203
-0.4095522848722494	 0.5763757823997604	-0.7071477097601209
 0.6648197296777337	-0.10384969335850253	-0.7397499362761513
-0.6328182180787675	-0.3705516910197422	-0.6798768617551438
-0.28278121760260716	-0.7285046009165204	-0.6239517845271769
 0.03959169869201119	-0.5329616199504527	-0.8452126413243417
-0.5156234129946493	-0.7364574243517622	-0.4379074766305293
-0.3105617612473182	 0.8849348808893517	-0.3470470415322866
-0.9890343711278184	-0.12611685024937985	 0.07684759469870439
 0.4799174970167778	 0.1361191469470376	 0.8666895487379329
-0.906386122598065	 0.3794456228536042	 0.18570195491401242
 0.005570547971346241	-0.5219159018608314	-0.85297875728537
 0.9549249522993922	-0.26934511149963747	-0.12478600236906101
-0.8945995614232382	-0.2982149598157938	-0.33280544232841835
-0.950540175605935	 0.10143644660736681	 0.2935711529743841
 0.9442287895678516	 0.1293865772763663	 0.3028053938950508
-0.11028599550466428	-0.897773787807737	-0.42642610745695864
-0.8700942489152536	-0.05722416982536934	-0.4895522366330256
 0.2617742693064979	 0.9480462768809378	 0.18078298819645955
-0.1322773938429384	-0.9130188612123276	-0.38587465600718684
-0.8397983217764372	-0.25684585400827886	 0.4782980096344094
 0.9651984949984844	-0.011712735569176489	-0.261255960847111
-0.516529873957894	-0.2748407656900949	 0.8109620477087227
-0.48470213487949537	-0.7328962343756729	-0.4774169562146051
-0.28358380051317683	 0.28893346572301337	-0.914383770892611
 0.839120715842373	-0.45087665861044485	-0.30428056619584454
 0.28156001897595906	 0.77892555833653	 0.5603560745493732
-0.07104346642454012	 0.774185394190905	 0.628959300193469
 0.5355676679925733	 0.5445968872857847	-0.6454312537827953
-0.0396453471617779	-0.26982469753198324	-0.9620929679870838
-0.29573244096666845	 0.12437025494097018	-0.9471400968419688
 0.5093708289433786	-0.8437127411851654	 0.16938172564757226
 0.3603204416194812	 0.616799066612178	 0.6998057521751933
 0.33250214296287045	-0.9430992668320928	 0.0024693776276067947
 0.19440804746385365	 0.8616480823161781	 0.46879429745053924
-0.6302855622726894	 0.2472948360130772	-0.7359248426788327
-0.03394400203558621	 0.9408751730193708	 0.3370485328874422
 0.36024914354004306	-0.847915817194125	 0.38892071368170233
 0.4540825799171665	 0.4124401739428313	-0.7897481329726441
 0.9985627192672729	-0.0033328299426314233	-0.053491942702833084
 0.3759145945073804	-0.27154074645001314	-0.8859762077244069
-0.7212736604681385	 0.46578321476034806	 0.5126502741269217
 0.7143901872072128	-0.0881214715992694	-0.6941766825997706
 0.7258839967562416	 0.4510748037891665	-0.519253256744481
 0.16820552693042928	 0.8720075967754586	 0.45968429587701354
 0.904646147437386	 0.4111992961675276	-0.11193965677106998
 0.405512087269032	 0.7205355044436227	-0.5624842521483489
-0.33163974161395143	 0.943070275741407	-0.025170156838168367
 0.10289205468503805	-0.8048228425216452	 0.5845283716279905
 0.9835988806629687	 0.14952818591521463	-0.10086904170983346
 0.8027215556820106	 0.5957277101733054	-0.027323970705646072
-0.30630706691716264	 0.9302485715623171	-0.2020237012404078
 0.8152762010815146	-0.12763885597219243	 0.5648300969284514
-0.6197781650974309	 0.0010029267600157887	-0.7847764141501552
 0.18634477767659904	-0.4292953853814289	 0.8837313482743889
 0.5643299537197645	-0.8032546247633199	-0.19056156782254563
 0.7490482561693054	 0.359636689387187	-0.556406471544272
-0.0802159712296435	-0.6077549623308803	-0.790062847956968
-0.8618979986914633	-0.5033457604382893	-0.06144009521843774
-0.9951698153065964	 0.03087473328857378	-0.09318685286559547
-0.10947394767205626	-0.9938088744468639	-0.018957211075290026
-0.5096157821337194	 0.045983773704477295	-0.8591724199228772
 0.23829977533302021	-0.17279451253483802	-0.9556962244950431
-0.26560715798455603	-0.9590490007184255	-0.09837607355631062
 0.12455478422020279	-0.5694438737523356	-0.8125390946740918
 0.6394195381193845	 0.4071657578684985	-0.652195292754068
-0.24924725829917688	 0.4201299886920483	-0.8725632337154499
-0.6066094211777233	-0.1977426613948149	-0.7700148375212799
-0.5004114651071064	-0.8222192195905376	 0.2711898237863779
 0.4611079747547257	 0.43751980127109297	-0.7719817738219592
 0.7977512694798112	 0.4197509277297586	 0.4328996081233576
-0.22668293942345924	 0.8321141905356716	 0.5061628383075001
-0.4885273383795032	-0.11149284619571297	-0.865396085560258
-0.19254308908300044	 0.6268736224869075	-0.7549547140567558
 0.4368875709178682	 0.8176738440146379	-0.37488496261094584
-0.9039002945077923	-0.027744834641128376	 0.4268424554088577
 0.024838366230970334	 0.3139024330729243	-0.9491302956253553
-0.061748381757448664	 0.6804454948574981	 0.7301924854984958
 0.05140298185135587	-0.9031179845943165	-0.4263046321107584
-0.9930949982621231	-0.11230266021441423	 0.03391809156658643
-0.8660725020455493	 0.3611273410408874	-0.3456956244347049
 0.04282263577769058	 0.9629452941871947	-0.2662753880248572
 0.4897641597516929	-0.8470093893429053	 0.20665469311795714
-0.24607962006383755	 0.4772424746946275	 0.843613916988444
-0.16966421249603453	-0.4492558853022213	 0.877144916487246
 0.15636777323722814	-0.9357281971050369	-0.316167456635543
-0.31103365176344794	 0.6577065589553486	-0.6860613309156907
-0.24796277887159773	 0.9570474876362919	-0.15024835008524007
-0.0863204707902052	 0.24551590024809977	 0.965541671316118
 0.9609482371039533	 0.25342350702830185	 0.11115310023692859
-0.7293307504740888	 0.010268904658326753	 0.6840842097359219
 0.025847571911022642	 0.41604661675254595	 0.9089758609088938
 0.6862099128166808	 0.6971538441143628	 0.2075872664415861
-0.5607146496631268	 0.20058066690264223	-0.8033470468720527
 0.7948665073228824	 0.27045211443976186	-0.5431785059548877
 0.32676034748913735	-0.7919785454275673	 0.5157496087164903
 0.012021326711092066	-0.8623355271122989	 0.5061945538862098
-0.9141487649120845	 0.06148271224903821	 0.40068929571952916
-0.12091983145341413	 0.35874776577207046	-0.9255692491190628
 0.5788149936044785	 0.6628810773928367	 0.4749335536821542
-0.14207765793442764	-0.8090108806224404	-0.5703642118421974
 0.7761955250224193	 0.6267118823893255	-0.06893999860167566
-0.48795318560732986	 0.5011520644729034	 0.7146665634617346
 0.25603452392680365	 0.8392119970840223	 0.47975988422107796
-0.4428847397103645	-0.8874744418509971	-0.1274449779039719
 0.9358614783778951	-0.1714304159033164	 0.3078553325696287
-0.5364513512566227	 0.6053122308880784	 0.5880621148078162
-0.9803312585719148	-0.16834055070149018	 0.1030149622934664
-0.2221339991618795	-0.16894769749109612	 0.9602672346429442
-0.9461532935227656	 0.2401497208712883	-0.21707615419816584
 0.04751093715149626	-0.18050635753246735	 0.9824256540529404
 0.8963865267790713	-0.3907799272652015	 0.20924206808277646
-0.7537311474871382	-0.5688111706101263	 0.32915529692967094
-0.30594519689273675	 0.9433734169948148	-0.1282346778597423
 0.352262796799783	-0.7478814548818136	-0.5626582012506853
-0.8143982961787263	-0.4992707600717318	 0.29577715144781336
 0.35435233053894166	-0.8374938243059366	 0.4159789899634809
 0.9032628836866152	 0.35272577666190086	-0.24433724528282408
 0.2602777176962974	 0.2541273851022687	 0.9314906235770115
-0.5460506702444312	-0.3290376540117559	 0.7704303263553736
-0.8871145732112914	 0.4479799363753153	-0.11109325182618712
 0.5836416353331566	 0.015360456134942845	 0.8118660590842341
-0.47530678557077677	 0.7465278250942522	 0.4655960330054596
-0.008143555071500804	-0.9452053277780211	-0.3263748931073609
 0.8931888918142765	-0.42500516305735514	-0.14691567279965612
 0.24040064815957995	 0.024688457760277158	-0.9703597314490502
-0.9736475349397867	 0.2149572950146636	-0.07618293132753373
-0.8454067281867209	 0.5134413919482325	-0.14719171502121053
 0.26580157851328	 0.030295107149232996	 0.9635516215245892
-0.849851033237238	-0.3047044911502005	-0.43000976079444553
-0.39118970041721923	-0.8270868249112304	-0.4036062466634356
-0.2843564980382232	 0.3219151789504824	-0.9030570300843224
 0.3022456371122183	-0.9500070839080405	 0.07832059353178189
 0.7230054373623078	-0.6525266438456682	 0.22687467160537444
-0.5738266438489026	 0.3205467738705374	-0.7536396675934032
 0.10840468505305978	 0.9649750082572103	 0.23889675112387776
 0.1366226076771551	 0.8992405435812013	-0.41557274676195943
 0.2987239629716778	 0.06269582198042044	-0.9522779152393985
-0.24024990480811645	-0.9652162354298184	 0.1031387517007083
 0.6421987254399859	-0.22249166999819298	 0.7335381747562104
 0.20676022308434064	-0.1261054629941267	-0.9702307057360897
 0.13825942083403078	 0.9819669100996516	-0.12893921056056223
 0.8559308011479768	 0.3945995968564189	-0.33417603416004327
 0.6778656680829206	 0.6795114182772545	-0.2806463405521793
-0.04490119126692912	-0.5895849851480618	-0.8064573319840116
-0.06368431707645292	-0.9972047901714588	 0.03907574973820194
-0.9369539494371139	 0.1774851517941074	-0.3010254433213524
-0.3575549822533809	 0.09925602633367173	-0.9286025392503694
 0.514052503290766	-0.374037132538997	-0.771910776801634
-0.2366798142068632	 0.1671860686990666	-0.9570953369335553
 0.19393062576048614	 0.9328154360758153	 0.3037207181125994
-0.8072847882339462	 0.2224981004289913	-0.5466130861876277
-0.508525559546885	 0.861032563912122	 0.0049678134470838575
 0.009961381862115901	 0.7670465086416033	-0.6415141654337211
-0.24413978251313787	-0.7966107460380896	-0.5529982693382285
 0.21626981605787235	 0.4295652338555516	 0.8767559960016922
-0.3996204821189066	-0.5895644675613881	-0.7019381802267988
 0.638932661561718	 0.0071263041022984796	-0.7692296599712602
-0.6823552564943166	 0.7113944118537644	-0.16825366182586365
-0.23108547695124904	-0.9464353533644365	-0.22552078450588087
 0.34794833994964747	 0.04282500617100315	 0.9365350882763219
-0.7373704698997604	 0.5860573653215443	-0.33588919999335554
-0.7445970990426691	 0.4316227494693182	-0.5091924609003826
-0.2892274157801171	-0.3190650228054316	-0.9025214751923218
-0.6841466769348312	-0.4667335095847221	 0.5604490659014034
-0.9215286308820072	-0.09448617694737071	 0.37663954230882823
 0.1570372874776078	-0.015862305704307137	 0.9874652791867764
-0.5580170818987542	-0.7026807131943584	 0.4414258166599081
-0.4547426573094836	-0.06637118918313277	-0.8881463735609836
-0.2559864762411508	-0.9663934256752541	-0.02355144991896929
 0.7335960227221219	-0.30893148028516626	 0.6053083643359805
 0.7629778474520933	 0.5786006203698411	-0.2882466416196472
-0.9179263828152876	-0.25273591023187764	-0.3058360923941228
-0.47133547711883195	-0.8741075411028488	 0.11738345111767079
-0.7630619473894475	 0.26457800969500256	-0.5896905470092384
 0.03958533945209045	 0.9414983735786407	 0.33468464776448426
-0.35279273715750914	-0.9332734665020588	-0.06736409527443499
 0.3134070446372889	-0.9434877480421177	-0.10773529443099794
 0.8034167032700396	-0.17890283629554818	 0.5679043722952919
 0.4007949241231117	 0.7528455902953722	 0.5220985979390882
-0.05681867822407206	-0.8814999239048237	 0.46875315674740725
 0.6098544028106209	-0.14757280668237885	-0.7786526016783006
-0.5358542456830746	 0.8197630425622923	-0.2021108147339883
 0.9022720320512876	 0.15598831079523534	-0.40196122583315086
-0.02359983497761406	 0.6921820872919424	 0.7213369571990604
 0.4408587375609243	 0.749514604558855	 0.4938334041649788
 0.5787101333782718	 0.736635427424152	 0.34994689395526835
 0.293926598740485	-0.3363820985810672	 0.8946810818984869
-0.8899503740727537	 0.05435118012195745	-0.4528071122532378
 0.7063599180397169	-0.672715908533729	 0.2202475257353962
-0.8660205343490911	 0.32188951731694254	 0.3826167439190038
 0.42263495926293726	 0.4707869158760521	-0.7744284157033046
-0.3482811871253284	 0.07839906386423497	 0.9341058834413707
 0.2834595606181517	-0.10250260597609585	 0.9534903739746268
-0.3525456615110939	-0.34092674279074225	-0.8714817913185566
 0.4499303885706437	-0.6988336483094634	-0.556052315372533
 0.6976590727520493	-0.31997844907753686	-0.6410035961932548
-0.4245132823247067	 0.8740210055999366	 0.2363805298665258
 0.674772306510978	-0.1173137087846465	 0.7286424555960529
-0.02193578811860561	-0.42261121552269615	-0.9060455737511468
 0.7203110986875654	 0.6913910214508532	-0.05594976822703157
 0.678626849228564	 0.7153620906657852	-0.16650128751570947
 0.32879489564943243	 0.338959477335582	-0.8814762556752553
 0.3889508567772839	 0.640093164773855	 0.6625692200985549
-0.2674755964202838	 0.1175669455261973	-0.9563654210809034
-0.024816181754779947	-0.09822854159360697	-0.9948544168568116
-0.7580078755565187	-0.6345503663156157	-0.15089696220604054
-0.2845275608066935	 0.7781364345922156	-0.5599533518977344
-0.788579216326138	 0.10904526724666917	-0.6051875323150309
-0.32897097122051033	-0.9408401807767337	 0.08122717728837503
 0.6123646434141485	 0.1566354493940308	-0.7749031420051107
 0.6299800785327917	 0.5914481008087216	-0.5033033326946823
 0.602892710151674	 0.6488257563936651	 0.46426879917366604
-0.08305553607394692	 0.41259271899094885	-0.9071212852552437
 0.07520215007834716	-0.9313338864226021	-0.35631703386810676
 0.49223439952702913	 0.378616075304674	 0.7838081164692992
-0.48030639316983653	-0.05228985881278282	-0.8755407125574011
 0.23680011312203753	 0.6527195010196903	 0.7196408544642228
 0.8434752908099923	-0.1482121746705175	 0.5163163614223696
-0.3512061747737692	-0.3546542250818327	 0.8665302091862588
 0.8517595443643626	 0.43515580527399794	 0.2917963394570804
 0.634621699815813	 0.3480733886414374	-0.6900001552482109
-0.6730706543680199	-0.34058748309605735	 0.6564876697904525
-0.5555330436042636	-0.4432891305851354	-0.703475503602548
 0.7094268045510106	 0.6171693286962024	-0.3403169532968071
-0.0948123982396589	 0.967818647647722	 0.23310442811190657
-0.5137869725083464	 0.6852177303601823	 0.5162360011474869
-0.20779339282173825	-0.4513818543220053	-0.8677997047063677
-0.5331368587148969	-0.09399214621693167	-0.8407916307439953
 0.6030550461233964	 0.7309323457342899	 0.3194722480975096
 0.14431414217386893	 0.513659451628952	-0.8457702974926848
 0.4308117889799008	 0.6610459172547236	 0.6143447710828167
-0.859689421115788	-0.4270326918210274	 0.2803162131195569
-0.5859564058001374	-0.4859071661708192	 0.6484977381345509
-0.7303155477397276	-0.042713783177180845	-0.6817732272950547
-0.7073084274025471	 0.494700235311634	 0.5049618457942635
 0.32219828092183594	-0.33276266822611766	 0.8862602746406094
-0.5322615176244873	 0.6354059954085163	-0.5594255069756744
 0.537805636874906	-0.6598683147570383	 0.5247274569958036
-0.4242307465747303	 0.06968601726809713	-0.9028688346919265
 0.8945122281682802	 0.28326859653963155	-0.34584212564678407
 0.5731882413226244	-0.44454644617818967	-0.6883557925955288
 0.07741947264286819	-0.8514852017698844	 0.5186320241005171
 0.5957113629931405	 0.538102782669992	-0.5962997294009669
-0.33641712925260503	-0.5357644754907731	 0.7744546093526288
-0.8506685145131727	-0.39044657871985505	-0.352014982041833
 0.9460272396201223	 0.32405880273266924	-0.004284188161244096
-0.8580705944229007	 0.2127739133541412	-0.46737791644738036
-0.5262824186338955	 0.84926634276437	 0.04211288264283297
 0.6211351655906036	 0.45097241965924495	-0.640948502434805
 0.9863260062709158	 0.16218670601138782	-0.029265709402659157
 0.9608473528640934	 0.13267288307875685	-0.24324939997795436
-0.22301029374225032	 0.9744234878483554	-0.02766360812405111
-0.1417310797005913	 0.9618939873557001	-0.2338209959260653
-0.49464620004425763	-0.8056237456038037	-0.32602993313662787
 0.5483733056650248	-0.7858396377935023	 0.2859069451877485
-0.926789792039706	-0.3682897234522979	 0.0736434720150303
 0.3525251893281012	-0.9287049398261394	-0.11503532340856526
-0.5824350224552444	 0.49993385439345456	-0.6409645745662262
 0.8352413435833438	-0.49026183261745193	 0.24902857958007196
 0.0888329884584263	-0.4024962486986195	 0.9111012402280463
-0.3781199145072853	-0.34482963013938106	 0.8591378564764451
 0.11805011397202404	 0.40927575269309197	 0.9047416917820772
 0.310726635172283	 0.32222754704079254	 0.8942138257277086
 0.11034351113761451	 0.40537525720628714	-0.9074663687403295
 0.5455724151485493	-0.23741442273531246	 0.8037320024151318
 0.121939018544803	 0.9056335186536669	-0.4061512103235796
-0.8557046100542733	 0.05554698269338813	 0.5144746379030987
-0.07136010715304428	 0.5813538257198165	 0.8105155547107281
 0.978638125201423	 0.09044120355544377	-0.18462884011358205
 0.22709495611879374	-0.20751457547588392	 0.9515070056864883
-0.23032068261412558	 0.3866788928809573	-0.8929903789854179
 0.8673527500719268	 0.49231619279439215	 0.0729655621173464
-0.6597790662334043	 0.4621853206144355	-0.59251693070216
-0.10347005787504847	 0.20252187447778386	-0.9737960964603107
-0.25127497048796327	-0.6399292505788371	-0.7261896745753695
-0.9643821587916988	 0.06975470768023474	 0.2551496277886913
 0.48540961091934004	-0.06657154103454509	-0.8717486676510728
 0.062275341195430975	-0.06363642223589229	 0.9960282062492045
 0.6883331091271603	 0.6230972194277136	 0.3714126896334975
-0.7840868891200866	-0.6115480923605433	 0.10590883362668824
-0.01855745412974687	 0.9244380927087603	-0.3808803403238501
-0.8217948258632372	 0.23964639844504126	-0.5169360384967685
-0.4965643983795421	-0.6436164676956755	-0.5823930294679918
 0.9829799877849048	 0.09189563445143127	-0.15907713846796923
-0.6055470812532842	-0.7853926710797214	-0.12833972339026212
-0.6779092595921874	 0.574463869613896	 0.45872682313921986
-0.4318151937784403	-0.4811363534054304	 0.7629177202384363
 0.8369755591668085	 0.057813685282514495	-0.5441778120719942
-0.10188060792748262	-0.3238154231849042	 0.940618899148804
 0.47839922452572115	 0.04185051681061567	-0.8771446381389292
-0.1439079869236833	-0.217768110019635	-0.9653328656779738
-0.913426891300569	-0.3924016401509192	-0.10803826662737159
-0.49019520136118394	 0.034002888571250015	 0.8709491765489417
 0.7541398004268314	-0.14993155761076196	 0.639369759563736
 0.1383024515804014	-0.9220836051480967	 0.36143361355017833
 0.8425668215562996	-0.5048386016753664	 0.18766762499423173
-0.6644363106459746	-0.7410690852660407	 0.09664884871595558
 0.30463517024329656	 0.34267752580370864	-0.8886897807220955
 0.06250288924413046	-0.7866076872765704	-0.6142814787648583
 0.9095544620936161	-0.3336472563864051	 0.24777043566861834
-0.06345044046723279	-0.3600061017703573	-0.9307897981244881
-0.702719667511906	-0.21542715959889336	 0.6780679964421779
 0.3994557093794391	 0.9138706323047112	 0.07263335084626288
 0.05228253658064321	-0.7701116355688357	-0.6357630101934104
 0.8921653874839991	 0.2540489533060232	 0.37349705581120696
 0.1619632157492582	-0.441786474538728	-0.882378959211291
-0.3634718351404054	 0.43762245934774385	 0.8224200922485407
 0.3354038492212973	 0.33817048862144305	-0.8792866304869373
 0.7875960538761168	-0.609750880426446	 0.08886123866986573
 0.02512514469848314	-0.5472570110086762	 0.8365874078694526
-0.3294803378982764	-0.30183358009825456	 0.8946167877161193
-0.548198591855286	-0.8153555166486018	-0.1862087145076008
 0.8070125350176663	-0.4780558613196516	-0.3466891428676213
-0.775807239043729	-0.008842459508333358	 0.6309080271776466
-0.765228134575691	 0.5413870870627704	-0.34831871040111584
 0.9560824061812117	-0.292129203971129	 0.023810938199470888
 0.41697397047161033	 0.9088462112231289	-0.011457412208008222
 0.9949541951075285	-0.008465182412353557	 0.09997244782766757
 0.6411072390140267	 0.4384354256507426	 0.6298856131221475
 0.7677197270637661	 0.3572049714512672	-0.5319878091156185
 0.9644932145327669	 0.22162409274914582	 0.1436509680906055
 0.15390239164625774	-0.4011271012303319	-0.9030011641764992
-0.1879424641272784	-0.2666435794795884	 0.9452929872267535
 0.9596018869196765	-0.1604138377110114	-0.23115280506846925
 0.3889118231307994	-0.48273739139339067	-0.7846733108624138
 0.019174843448919288	-0.432316653436048	-0.9015179624059442
-0.2178975762948535	 0.18964457257666487	-0.9573690940995758
 0.8516475071243589	-0.4490575113593887	 0.2702663040421014
-0.06564406233160765	 0.593223520139684	 0.8023569730697715
-0.926153930461501	-0.3560110190072816	-0.12447912048255372
-0.9518847518917288	-0.0834635783959205	 0.29487158255310053
 0.6950334165586397	-0.480549451131893	 0.534790402759493
-0.9556701460090338	 0.15908961765066706	-0.24776009683328049
-0.33679252115426783	-0.6810730904385147	-0.6501617054049575
-0.2930336325876896	 0.8374381817031463	 0.46133348241612704
-0.8858557023305714	-0.30930471246035834	-0.3458182607934768
-0.03490276427104326	-0.8394762441042328	-0.5422743149282385
 0.18180127582053937	-0.03551177427915976	-0.9826938536480068
 0.7642459238070386	-0.421778031158039	-0.48788467938312485
 0.02303983895881135	 0.11170662512144194	-0.9934741042043973
 0.20501068918393958	 0.8633424003621768	 0.46109707986193227
 0.7511626111132488	-0.6356060113820766	-0.17821259764812813
-0.23690048326818364	 0.5103770114230721	 0.8266761562051699
 0.8531335897296488	 0.3257871998994272	-0.4074626098879428
-0.9222086250653712	-0.09031377652089899	-0.37599823620007955
-0.20836592170381155	 0.9682817561810275	-0.13789156362702681
 0.17494789934028557	-0.665476303418203	-0.7256269855134008
-0.6200750509924254	 0.6651082171313666	-0.4160985347740074
 0.874044673450239	-0.3035430456651823	-0.3793514574132677
 0.8378567416621757	 0.5135768557629866	-0.18502673773227052
 0.980828344389511	-0.06193643016293149	 0.1847691463984258
-0.9719270039330307	-0.0922010023729421	 0.2164644871270749
 0.09874946837062863	 0.12025845506556174	-0.9878190352902512
-0.7667109132532511	 0.4512654298767818	 0.4566332087096696
-0.8876614260643154	-0.3621207963396824	-0.28447446552508016
 0.47068422918428904	 0.5843137201191146	 0.6610853446248468
-0.9321222707387126	 0.12479964856835782	-0.33996046845202565
 0.3841033698960561	-0.3963766223421083	-0.8338765942842832
-0.2605851523886903	-0.8899356587688008	-0.37431257206551827
-0.08526610472898936	-0.05125098864107169	-0.9950392090504061
-0.17955768808666633	-0.6525929043610649	 0.7361260339279962
 0.4979473188655344	 0.3512694226979554	 0.7928797262587
-0.1268965090657593	 0.9911946777204933	-0.03782045538450163
-0.15252631229285937	-0.15394135111931823	 0.9762365412510945
-0.40604309879110895	 0.05121096575712141	-0.9124179080390393
 0.30917846110709574	-0.5559882519926439	 0.7715476283636755
 0.02789418925476835	 0.9426275147645207	-0.33267894825895206
 0.838407873494786	-0.018850609247443136	 0.5447172589453644
 0.33392493441590754	-0.9179871847189305	 0.21399454868557766
 0.4845716378854474	 0.11770677580831336	 0.8667960790669431