 0.7197967906042938	-0.12072024842420498	 0.6836074910766827
-0.151999409774668	-0.403411569401962	 0.902305538662375
-0.2628411774787399	-0.09432802268395817	-0.9602170273214928
 0.47505643680905213	 0.06570256455867671	 0.8774990341058502
 0.67327637527014	 0.120674746736945	 0.729476886544787
 0.4995072749872841	-0.5013784949685051	-0.7064786529102591
-0.283966908249785	 0.083871382436625	-0.955158827749201
-0.4449577504308539	-0.15986556656197298	-0.8811671810498468
-0.4185786150968211	-0.6340770925724991	 0.6501831923838342
 0.30171013939774194	-0.34988005089814994	-0.8868793276247358
 0.3012939766588291	-0.9469974809293734	 0.11143478246279405
-0.342862215114075	-0.746160789366907	-0.570692191867406
 0.5289629597263893	-0.7451580855274105	 0.4061251221121673
 0.20329550134498506	-0.26771468860243003	-0.9418066599039292
-0.24548386570461805	-0.3294860476566821	-0.9116888811860632
-0.452493030871805	 0.127338437431187	 0.88262958219461
-0.845543756127114	-0.250882484785099	 0.471289438988936
-0.704005827476658	 0.706068917439958	 0.0764361086403017
-0.02421303029477818	 0.8494319052596875	 0.5271424546465987
 0.4088478008363968	 0.3011037406159799	 0.8614987017624036
 0.8648130391546662	 0.30985347402870805	-0.39508129788742313
 0.0333901869923245	-0.535881639876816	 0.843632599806072
 0.0635037907340363	 0.245027962832263	-0.967434011182509
 0.984864298789829	-0.108402329866799	 0.135245139833815
-0.3462814481111662	 0.33437118783218417	 0.8765187205312435
-0.0749421636231096	-0.730566436325921	 0.678716696586677
-0.23550056463135893	-0.9718718278445058	-0.0021527425509245196
-0.573306291459936	 0.210528656863931	-0.791831788204745
 0.658152176430562	 0.733971378323364	-0.167695344186461
-0.39137893226305087	-0.6574500870032409	-0.6438803572714928
 0.520159419842922	 0.524394920004497	 0.674124725716356
-0.47075689522332886	 0.020051028796546397	-0.8820350910501757
 0.015162257613326803	 0.9302110769526473	 0.36671168274090105
-0.369149238838605	 0.743435857661048	-0.557702398245391
 0.6435729332285658	 0.3587720185238989	-0.6760891349074227
 0.13730530146975298	-0.28852493308844795	-0.9475761801431097
 0.9391731573847932	-0.08622297975990492	-0.3324445490742801
-0.3425382381243052	 0.4006264778062223	 0.8498034953465875
 0.3533509065609791	 0.15041222279283703	-0.9233197171440952
-0.857545616372323	-0.348660086656643	 0.378221707221036
 0.6204289126949719	 0.09896538202499067	-0.7779934559189958
 0.796150263931337	-0.548931055815768	-0.254596648059335
 0.4581679611886971	 0.5440207895376101	 0.7029391864813541
 0.6968230890522779	-0.4156686934694679	-0.5845144308167479
 0.9111423260552107	-0.30364295202027397	 0.27860477267827594
-0.386716055803167	-0.14218417478024	-0.911171966549731
-0.47216885972871075	-0.5959756396575768	 0.6495148996268147
-0.228512714126135	 0.210814764581057	 0.950441515569128
-0.020371103969437605	 0.16354518975463603	-0.9863254985202332
-0.3657437411765362	-0.6251307191029813	 0.6895238210707303
-0.7109233874396441	 0.028590011494881308	-0.7026880875851421
 0.3177033481562619	 0.7447875191206118	 0.5868186550651447
-0.3891043437509271	 0.48864755471051413	 0.7809106075279012
-0.860804088820888	-0.051635331329421	-0.506310293424637
 0.637159816355344	 0.471990412115588	 0.609304865640331
-0.696416681188629	-0.533534455588349	-0.479942487035957
-0.17069309789665396	-0.9843564478703818	-0.04366062146199699
 0.03806917422131122	 0.5235759630437552	-0.8511280449479454
-0.6117417854043731	 0.24229898421895704	-0.7530359820332172
-0.906619076209813	-0.345923620922772	-0.24161684365984
 0.8950198835754005	 0.1329685175598811	-0.42574497218711127
-0.463369092122166	 0.434757432608599	-0.772188486871864
-0.8998395870811908	 0.20971135698921795	-0.3825047245084599
-0.294047390099887	 0.874958900541511	-0.384685657048239
-0.8329746281019244	-0.2007690467733111	 0.5156016473947662
 0.8949496038413338	-0.44013890188917987	-0.07309551031374309
 0.421330233137124	-0.294376075205028	-0.85780158602762
-0.38960593673889715	-0.5215026956348873	 0.7591061536460844
 0.4680532490155639	-0.8677401981749188	-0.16719181964835297
-0.122289784430092	 0.925579673255254	 0.358256161259983
-0.7064486237192653	 0.6820253228992443	 0.18913434635025309
-0.9317346733335755	 0.35929061971703385	-0.05273280849077688
 0.13877562843921107	-0.8012224309887713	-0.5820514934537542
-0.9270305129267687	 0.2752486038381419	-0.25466180355107393
 0.4016556817285871	 0.5528771161443441	-0.7300682213184311
 0.3642856762607479	-0.9312654904409198	 0.006366504934650288
-0.7454073060966698	-0.14814907121170798	-0.6499383053158307
 0.5861899023712889	 0.8097857032757908	-0.025070164101415195
 0.827456572756553	-0.203783803290556	-0.523247342772436
-0.8080933887445307	-0.5446545126338039	 0.22435805520420796
-0.10754091165158104	 0.8090599124253003	-0.5778036088737353
 0.539187239873252	 0.646315487861223	 0.539956859858798
 0.126935571513985	-0.148233301768007	 0.980772271697856
-0.080770941339358	 0.389556536459695	-0.917453955213383
 0.132951261282194	-0.988496009533147	-0.0721082606954187
 0.4693327849397122	 0.8224686486564543	-0.3213597033823002
 0.216943900952955	 0.327078431436735	 0.91975814404016
 0.580757901328441	-0.708880841621512	 0.400260180915566
 0.9543192288411125	 0.2846802966712239	-0.09073002893909066
-0.8857884429201062	-0.28444570093770905	 0.36670080120887305
 0.8365520242156673	 0.29898596865474514	-0.45911665329004725
-0.10272476096286903	 0.07892404073977802	-0.9915738092943093
 0.632601561137563	-0.620372241115572	-0.463630830833715
 0.63261220667341	-0.757584707991741	 0.160832851696622
 0.6766960133888317	-0.19505318385924292	-0.7099554640468897
-0.3006082147004251	 0.6826311879655473	-0.6660700882575114
 0.6199822383660302	-0.5344852985913582	-0.5744105584861352
-0.392996962464995	 0.107566197937613	-0.913226642490534
-0.2955190889247961	-0.2803009594951271	-0.9132906657724964
-0.48420485050682	 0.842733483477611	-0.235257175387616
-0.33711610611593096	 0.8808589759804658	-0.33232543602901893
 0.688347452152871	-0.177201177979915	 0.703404241981225
-0.5492084880003473	 0.4301372706019332	 0.7164858443455053
-0.39276465722843285	-0.13366601905677794	 0.9098732435794256
-0.3175457480168391	 0.9239289233257382	 0.21335426538639501
-0.9729775473930378	 0.030109773466625394	-0.22892814115092494
 0.172969218592397	-0.617901994971586	-0.766993333758299
-0.8666357565845947	-0.06931424132644948	 0.49410322945553176
-0.3393035004030958	-0.7022129008342357	-0.6259154707435937
 0.540116406165502	-0.280921973206762	-0.793320309055858
-0.14013560446860795	 0.5397931472127848	-0.8300514264684656
 0.5023225452487018	-0.8274058621738497	 0.2511405976245469
 0.6816158373122648	 0.7305911399932168	 0.04045289221442769
 0.816258152479455	-0.572953955778945	-0.0737996820324166
-0.7012324571098308	-0.17019203657966897	-0.6923205267652939
 0.9319477539479202	 0.34094616412746603	-0.12340622787442303
-0.776240598439213	 0.476826249041246	-0.412416369170755
-0.123791018534245	 0.685408191884385	-0.717559331503697
-0.8532960003026427	-0.30044290010655994	 0.4261689801511509
 0.537544805318277	 0.642161856353321	-0.54651050540698
 0.455140435515507	 0.831946391802842	 0.317352146873133
 0.14402455004973594	 0.09337911003224636	 0.9851585003402026
 0.05632196376515133	-0.5843061975635873	-0.8095764966242653
-0.171275876199542	-0.934829509256975	-0.311060063097857
 0.6130526796185778	 0.7368378715607238	 0.2850199344718609
-0.2867811243447731	 0.9172574819119914	 0.2763969945495441
-0.3962725727193691	-0.7030707048247311	-0.5904740740520521
 0.936418772883376	-0.249052282787995	-0.247169662842511
-0.851993873137882	 0.238808533682466	 0.465915147184486
-0.13734679872838304	 0.9887746908454902	 0.05882573945536551
 0.4191263544199152	 0.4085022745613602	 0.8108384492048133
-0.2937370034405471	-0.9413156610256475	 0.16626304194744204
-0.8295187067708883	 0.2842104023198481	-0.48075270392411024
 0.1914001140454459	-0.9808597207315175	 0.035779946756247384
-0.26756684160676913	 0.15217201660106305	-0.9514471412727794
 0.7175591104936144	 0.6932572101382224	-0.06710710498137715
-0.048720885012109465	-0.8971066002229744	-0.43911960010914275
 0.495444175021197	-0.109582378898788	 0.861699931340631
 0.6753259601571283	-0.41221146840757616	 0.6115689273100152
 0.3461129826437652	 0.31102771136207424	 0.8851370323347155
-0.466652138726324	-0.453944628488696	-0.759058664194282
-0.8479739330686877	 0.5250906257079259	-0.07224986940943179
 0.530261981127755	-0.810119721167502	-0.250056531100384
 0.4748058855142051	 0.18108230447538204	 0.8612598737239282
-0.9077389221156635	-0.41763176017495585	 0.03992195097263698
-0.9599948734341792	-0.10552641257597703	-0.25937235633147004
 0.5168796077366808	 0.4268590863892489	 0.7420423111069279
 0.5360875042417368	-0.6819092053955357	-0.49760428393724176
-0.24958913530678184	-0.5449147115860157	-0.8004831170199295
-0.7440369918572094	-0.13329605854119908	 0.6547068928348444
-0.5170699991127541	 0.23972574958865206	-0.8216873985900572
-0.5440151858193493	 0.7383887214715132	-0.39853428158892823
-0.6661010528086984	 0.7450900143276054	 0.033915453652172516
 5.17796410281583E-4	 0.789372215674106	-0.613914682190148
 0.27091991828860706	 0.5788431963434661	-0.7691182951415042
-0.030636874477266207	 0.9994680481929192	 0.011180454539105501
-0.7169206068100928	 0.6529405062023399	-0.24432261232084193
 0.9723533095470812	-0.11808639115943503	 0.20145631197800506
-0.009827021981703135	-0.7518194986001927	 0.6592957387724616
-0.8714809583346553	-0.45183104950584924	-0.19070826401221708
-0.7203062024634559	 0.5958838520379299	 0.35507944121437596
 0.3195184262009231	 0.8431648763633772	-0.4324129583918781
 0.506846595383734	 0.122230338886748	 0.853326592228057
 0.9875671249941246	-0.15448780390989894	 0.029063586735564088
-0.7616404284876755	 0.6125548229114194	-0.21137749790616314
-0.09725192045456867	 0.05471245025573339	 0.9937548046449448
 0.27017387730170794	 0.06669012933394959	-0.9604990904072648
-0.9774333107996565	-0.2069508022865981	-0.04237320346818132
-0.968623064481937	-0.248503306280918	 0.00393264809939764
 0.8622061079133937	-0.4329691239738238	-0.26294175241329987
 0.6693249238156281	-0.11749018891442403	 0.7336212932215481
 0.4601467504330532	-0.3414363303213322	 0.8195646407713083
-0.40408742720580726	-0.8460657150872956	-0.34768686620005523
-0.394807894898459	 0.427065574481639	 0.813475089488618
-0.2807934494871949	 0.9463664645683838	 0.15982976401603194
-0.171749471661441	-0.981190159491669	 0.0881362008525968
 0.6780290140038121	 0.5392616511377522	 0.4994732503159741
 0.06013287192804813	 0.9932653288115094	-0.09903546988149924
-0.124964773257176	-0.180973564717031	 0.975516465426593
 0.7134597124862304	 0.6680921835998974	 0.21125357481421814
 0.6481723132195721	-0.4280121087293711	-0.6298240128453552
 0.8269686098684366	 0.3670413843800023	 0.4259149450825563
-0.169062359058952	 0.0594924796688482	-0.983808194523848
 0.36514930888490815	 0.9291101926073504	-0.05848275142301753
-0.06988802955580813	 0.9952361536745135	 0.06797544956796403
 0.34591853605288786	-0.3888153955634118	-0.8539103902564337
 0.8305757512685222	-0.5548371941672411	 0.04795424249587811
 0.7897089731725687	-0.2445723316915629	 0.5626225308869878
 0.47668347416222334	 0.1853098916180571	-0.8593213075032745
 0.08615482864798413	-0.8785157270013382	 0.4698802644418541
 0.9367445256778962	 0.31477230862849004	 0.15306236419572203
-0.8796381177867788	-0.23516199406152893	 0.4134436095594399
-0.6303705017787948	-0.4495777012686299	-0.6328609017858229
 0.9949926305056997	-0.07637164234149509	-0.06447509197675609
 0.3545395703871	-0.222744570243201	 0.908122540991524
 0.8749777262047642	 0.4467147433786881	-0.18670810559173304
 0.808908809036169	 0.506181205654455	 0.299077123340935
 0.914514892871602	-0.34649306729918	-0.208818258372318
 4.02242197154491E-4	-0.79480009437749	 0.606871195706921
-0.551598227612221	-0.602866380178632	-0.576447328856132
-0.5804183044839532	 0.3771952429139771	-0.7216913055753401
 0.7970484673135557	-0.5140800111668907	-0.31691557688406785
 0.8260028470915532	-0.5467564546941152	-0.13702801117643804
-0.340074103991907	-0.191572302248742	-0.920678910807247
 0.70873380396023	-0.684390703824207	-0.171189250956563
 0.12047355255272295	 0.5018842106344638	 0.8565035681485207
-0.9703666007959054	 0.20996234017221307	 0.11960132009809805
 0.9426479299690218	 0.33337944998904395	 0.016523390999456995
 0.367656063286375	-0.104832695234311	 0.924034157993456
-0.233810339566058	 0.278509999483097	 0.931538998271103
-0.2106867567393639	 0.7191424288703897	 0.6621519897523866
-0.9023480429382025	-0.38861660126540315	-0.1864005006069531
 0.5483456198729749	 0.3899334141318479	-0.7397763268107489
-0.6640221990013918	-0.7464757588773918	 0.04299372793534269
 0.012665519017170104	-0.9597133013010453	-0.28069550038052804
-0.77554392838853	 0.327434911985647	 0.539738819756962
-0.3278686418342248	-0.14673603082089895	 0.9332581052210096
-0.09751509157473737	 0.9952315860716497	 0.0022129167357356197
-0.15367581486957504	 0.12645294400695506	-0.9799966310534675
 0.3681373306903772	-0.6955476413043783	-0.6169995011570752
-0.02668832816387229	 0.7459789545804789	-0.6654345440859178
 0.42642609827760986	 0.8592867965292287	-0.2824658988590839
 0.8502852096117992	 0.3835764708025761	 0.36039444135843607
-0.047960975963532285	-0.9822568402137988	-0.18130428742263496
-0.29967317322720793	 0.015520414167140796	-0.9539156702728058
-0.8159918963331514	-0.3136475685905521	 0.48557432781795923
 0.6238544717091445	-0.7522646141192785	-0.21190457397724385
 0.42630664267669005	-0.6939992043574752	-0.5801963036429311
 0.37133883914758115	 0.5137438988206863	-0.7734175282245983
-0.06539075963838734	 0.10914034339645107	 0.9918731945149136
 0.3598830679071641	-0.6502854962183803	-0.6690388261093242
 0.7385726328558951	 0.007608826420359561	-0.6741309752242631
 0.8906718824757054	-0.4074620919830352	-0.2016884760317061
 0.6170866972321493	 0.6338364471570213	-0.4663210979083862
 0.8957414180128972	-0.17012477342112103	-0.4107369882597091
 0.5776431917366168	-0.7975771285903867	 0.17377878751403492
 0.7567089102814002	-0.49269432669423613	-0.4297021358383611
 0.5316244003584369	 0.8451263305698088	-0.05600877003776269
 0.404858558905065	 0.76272509793722	 0.50432129863607
-0.370897148035404	 0.812726817607546	-0.449344439734948
-0.110590868276273	-0.906261185874539	-0.407995493640769
-0.8520776109272348	-0.13507047173217399	 0.5056873664850489
 0.19505613337502495	 0.9789512667504527	-0.06006265196000469
-0.9795202955359424	 0.14498643933924005	 0.13971013936328605
 0.22285097736050605	-0.4368251948261511	-0.8715051296777102
 0.2864654661861441	-0.11318178849315505	-0.9513818473337854
-0.37588544468907487	 0.17586031283668999	-0.9098259629400988
-0.465924083969479	 0.86783946739363	-0.172538131469953
 0.133329270095462	-0.968454540693401	-0.21052104015073
-0.4165412016218052	-0.35716788424141216	 0.8360170631141304
 0.47822952501197213	-0.5548230058146921	 0.6807848071348052
-0.12493454873345208	 0.6494926934156444	 0.7500337323963905
-0.6191060029161869	-0.6427104030273718	 0.4512550221255559
 0.015167034780335703	-0.8127625482287543	-0.5823976315651311
-0.7786221600982887	-0.5597732772599427	 0.2835514236775019
-0.3034188089724691	-0.7101718741893324	 0.6352896469108713
 0.247386297889752	-0.784817893305366	 0.568208495153082
-0.00830998798112426	 0.981101157771475	 0.19331699956089
 0.1861414990434	 0.861745195571403	-0.471960337574547
-0.729819007813441	 0.661058107077287	-0.174259561865623
-0.7846685930186312	 0.13582258571537603	 0.6048532254520521
-0.011863822806180698	-0.42000799313832693	 0.9074428551751008
 0.006210795864052968	 0.10443693171399797	 0.9945121182312968
 0.13104445740646303	 0.9719125407646082	 0.19548238613115407
-0.4842697531996698	-0.04741929835492538	-0.8736327696918527
 0.04421505032156892	-0.2584415418796031	 0.9650145070183944
-0.4006850562147179	 0.6757269267520999	 0.6187443787125428
 0.475097357758156	 0.668383796846094	-0.57231599729941
-0.0645204918723204	-0.0356237510337658	-0.997280328940082
-0.221417549160595	-0.50179229809768	 0.83616909683004
 0.50054067931469	-0.28252671832432	 0.818313926182415
 0.4379936963419649	 0.4903474459047169	-0.7534725637071488
 0.2648416485150671	 0.3035057782982821	-0.9152830948681264
 0.18896127821174402	-0.33207177685740313	-0.9241330912543663
 0.137628624674672	 0.956000663009024	-0.259077389975399
 0.8579607734376833	 0.47429240742853424	 0.19735760309108408
 0.8567006124453228	-0.3648755653005609	 0.3645955052964929
 0.930627598623913	-0.298286889558933	 0.212031139686477
-0.08487046720877868	-0.6795697176860009	 0.7286851189642429
-0.522779813265687	-0.647339186426417	 0.554664984074782
 0.6429794249997374	 0.2948225631219951	-0.7068642835093484
-0.0896055390237138	 0.398066245662918	 0.912969940052847
-0.165832899816296	-0.251221149721705	-0.953618048943613
-0.6014337919822882	 0.3861944348516432	 0.6993791906765784
 0.9359044873595792	-0.24361158670975705	 0.25443306656360104
-0.1730892460556551	 0.2524997942460531	 0.9519894783061345
-0.7673849234174148	-0.6003020192052478	 0.22529506219566994
 0.27378645405881313	-0.33612063270615716	 0.9011458804450665
-0.4129989784216028	 0.7785129158749217	 0.4725986496369198
 0.7510681021238317	 0.4563239512903698	-0.47714270134923975
-0.7812631202358895	 0.1623506242051251	-0.6027190156113283
-0.14947864726762794	 0.8350325405991487	-0.5295061757445058
-0.4735254275018672	 0.7477503360551644	 0.4654493575444732
-0.7103686293381318	 0.5364395995001859	 0.4556412695754679
 0.24718413382888482	-0.6871743828442376	-0.6831481329447555
 0.118618249062792	 0.864506233169497	-0.488424696140935
 0.43676255940380626	 0.8954721482751605	 0.08583762791751355
-0.93672462652871	 0.0457967682969972	-0.347058539828946
 0.5044458055031402	 0.006234268068011373	 0.8634208494192993
-0.743464789412587	 0.116756889048636	 0.658504317194187
-0.5373719048103629	 0.17113186153191198	-0.8257998073922668
-0.6904947935169985	-0.48956244540353633	-0.5324899550004933
 0.192103036070347	-0.980789730992397	-0.0338810730706226
-0.0651340872390737	-0.776316774768208	 0.626968751927096
 0.6328291021478187	 0.2976940310103719	 0.7147766024259478
-0.22520560575485707	 0.8861615226447862	 0.4049693703485021
-0.351758636126636	-0.765929773340322	 0.538161169373239
-0.28076669947479094	-0.6981405986940409	-0.6586119987679839
-0.6333162822797637	 0.5853568136216728	-0.5062290858356728
 0.6161947961514201	 0.6494393959437831	 0.4455697972170961
-0.9272073543889278	 0.22813793107988894	 0.2970515214060909
 0.15070355053423495	 0.3330726611807228	 0.9307798032995596
 0.72589148483663	 0.509807459350475	 0.461711930355158
 0.699393088957283	-0.060154351050223	 0.712201348755053
-0.31311515460525013	-0.3357388749379961	-0.8883908530663173
-0.38230592632364896	 0.8808856745705608	-0.27907455461611896
 0.686741531161022	 0.639959901081932	 0.344728000582806
-0.7443359725849721	 0.24718973750034007	 0.6203718188235962
 0.774104124932691	-0.337231650861707	-0.535758917255962
 0.3759593732371751	 0.2796250624076941	-0.8834389476067962
 0.07544535295176745	-0.8954401475588165	-0.4387424539041423
 0.6269808948804086	 0.5666209953732758	 0.5346359556344488
 0.9963789601741816	 0.02420562900423149	 0.08150494001424825
 0.9443837225889162	-0.3265160239802041	-0.039072632279639405
 0.19454451268979306	-0.7242995100142401	-0.6614700691455531
-0.9627344458802377	-0.06834119899768674	 0.26167129616224716
 0.4728773808755969	 0.8771190016241058	-0.08395975015546289
-0.8862607915092208	 0.4355399958273299	 0.15762842848984798
 0.878482528138174	 0.124536923988971	 0.461258064774295
-0.04161141009327259	 0.9119741320442037	-0.4081319309148339
-0.814048116271029	-0.491747929828958	-0.309046336177156
-0.6583503505118997	 0.5838527004539737	 0.47506930036938977
 0.62059021830546	 0.54687761613117	-0.561954316575885
-0.9623535743906224	-0.26397981297518214	 0.06473218827739922
 0.690497616076176	 0.554267512904465	-0.464758610820517
 0.09541009380476594	 0.9185683366306895	-0.38357414529617917
 0.885948850127895	-0.188449672154299	 0.423770404844413
 0.6800059070647834	 0.17936134186343808	-0.7109300073860634
 0.3483756501034459	 0.8865652702632548	 0.30436233009037694
 0.8350183777412983	 0.3090933517606401	 0.45519842786598425
 0.7913964914141683	-0.6083533933999962	 0.05998118134926643
-0.2883677157530162	-0.9522862259750446	-0.09997501852760117
 0.9063594700633367	 0.3308122090734149	-0.26282274131907796
 0.3790442976087549	-0.2573073183767469	-0.8888860243923588
-0.4105178963030999	-0.7293339934320158	 0.5473088550712348
 0.06758392948062827	 0.5750624955807367	-0.8153131537344487
-0.7318551497056041	 0.5156423397925781	-0.4455345298207801
-0.27589123485655603	 0.9500139822888782	-0.14614191727547501
 0.0737389213520247	-0.947031217364094	-0.312561105730899
-0.5409600970513402	 0.4911841973226582	 0.6827153562786623
 0.5578090425401209	 0.7659568897564479	 0.3196233957255049
-0.361674824238226	-0.504014255906206	-0.784321969190945
-0.679924937202022	 0.466499684358201	-0.565756241030115
-0.179544881224022	-0.315535872151121	-0.931772906352231
 0.5878454320550361	-0.7077412504345971	-0.39184189470410213
 0.3807265023894589	-0.6093143038240869	 0.6955454043652779
-0.17165417894628301	-0.9110861344072012	-0.37477579769939906
 0.861511967338358	 0.501625610095466	-0.078542201580701
-0.211538361874975	 0.353663623134706	-0.911138608075898
 0.22508899593158613	 0.9584585226761597	-0.17519190683346111
-0.6488906967763899	 0.27352568864115795	-0.7100172964727209
 0.8455893401082413	-0.014876814001904303	-0.5336266000683081
 0.965055406270708	 0.228494021484702	-0.128290860833605
-0.06933155147093768	 0.9521282502003457	-0.2977329863167009
-0.8796421715698856	 0.4192390264501568	 0.2246514827392439
 0.4888021159974927	 0.4868080759322317	 0.7239408736931024
-0.36577597204748796	 0.6073302033996248	 0.7052361039476679
 0.827464009505359	-0.36527430419603	 0.426471564899023
 0.540744600211631	-0.226035030088463	 0.810249000317107
-0.460162206415728	-0.808757371275952	-0.366281665106815
-0.7487313747487885	 0.6612970776975384	 0.045689205459116526
-0.25144189753483004	-0.6445586636806601	 0.7220256929211631
 0.09845436841184824	-0.08564423861848634	 0.9914493440070874
 0.016405502019363895	 0.04991542005891668	-0.9986187011787006
 0.32339899668847877	 0.3275518966459548	-0.8877628309095414
-0.47401977263857975	 0.5882128532742238	 0.6552182036472016
-0.2630370013612089	-0.1577391008162949	 0.9518035049255545
-0.8024221152178128	-0.042656510808974195	 0.5952303512884529
-0.6565258557560558	 0.7258397363637618	 0.2052571017995809
 0.250864921923988	 0.955607957328958	 0.154532271185173
 0.5968432450797628	 0.4058149834539118	-0.6921649658910507
-0.658090126553212	-0.28379361145076	 0.697408468139664
-0.22029864860811094	 0.9320504641111278	 0.28766375818248596
-0.48318221142582213	-0.8546503202099373	-0.19002047449341905
 0.9145074868690568	 0.3955245943208659	-0.08506674877857029
-0.6680847177398611	-0.5913635302961601	 0.45161043495264014
-0.706313135178295	-0.0440927673232636	-0.706525005179848
-0.047778350620054186	-0.9924039128791428	-0.11336535147122397
-0.959213848412422	-0.276813599541851	-0.0572976799051676
-0.18997370278046705	 0.9165873634152312	 0.35182040514926605
 0.3248290663015709	 0.6641215624384648	 0.6733710923331517
 0.9043776492898062	 0.14059521144420004	 0.4029070041386781
-0.41942186078142	-0.462110011878737	 0.781370360085462
 0.5403000832479382	-0.8323322241934503	 0.12368867616501905
-0.8383972880830534	 0.4479035150030282	-0.3106001104038981
 0.015510862568618593	-0.6227970826790388	 0.7822296382449697
-0.7086440977761291	-0.5828565381708771	 0.3976201687521861
 0.14984617855475602	 0.9859960604902153	 0.07319761929401991
 0.36651497133091093	-0.8930625088766108	-0.26097151382730494
-0.5587838098330442	-0.7290050528284652	 0.3953634869573002
-0.6841149309538761	 0.5520274607697041	-0.4767100206646871
-0.6748054495100152	 0.4798354125408632	 0.5607098912836532
 0.2881783068856551	-0.7026994167901104	 0.6505127155431754
 0.5898936665546028	 0.18490906832385098	 0.7860242353835998
-0.5317815557673222	 0.7135922377391103	 0.4560641349461452
 0.476187105326275	-0.847403359478423	-0.23484758262683
-0.5195550229825	 0.604217591838984	 0.604138791840048
 0.19590953777734907	-0.9068779197112042	-0.37308429576724905
-0.4323327364640189	 0.7193888174765309	-0.5436617829783988
-0.9981522737359052	 0.04743115665271591	-0.03797793852262701
-0.829503547272142	-0.0879412607709687	 0.551534404835225
 0.00577309358215862	-0.546680328310519	-0.837321497412311
-0.16943297609978702	-0.9792132774592872	-0.11150705743319603
 0.7487289111222961	-0.6589683097889111	 0.07187339106767231
-0.6670560912764201	-0.4425202242128391	 0.5993429921619531
-0.42247031498037685	 0.3966637458978488	-0.8149703710262527
-0.13918066468405504	-0.29360640988117614	 0.9457399318284024
-0.521504059752179	-0.847209832088419	 0.101336153838148
-0.126003902433923	-0.958897118522299	 0.254242664911015
 0.5046744047024422	 0.8421384778468554	-0.19001718177053709
 0.913144288851997	-0.102925018743453	-0.394428635184669
 0.6356165948254767	-0.7202683641363307	 0.2778579277379719
 0.648730926419331	-0.260958798559639	-0.71487669605424
-0.0144388971754169	-0.942436111449576	 0.334074384058641
-0.6085959640382271	 0.12459163877950703	 0.7836375923235293
 0.04729562292414338	 0.18111218970951692	-0.9823245384244665
 0.319184155593443	-0.6096659406839	 0.725554212714747
 0.7199813709637063	-0.6251724747872763	-0.3013074878485011
 0.8857361400522206	 0.4492086348117283	-0.11697475204494609
-0.15807286435045603	 0.8977288247071462	 0.4112127513173301
-0.9805120419154748	 0.18682224798638097	-0.060774857598037385
 0.322799120425621	-0.452700020596899	 0.831181941095939
 0.225744154123153	-0.700590781761368	 0.676913682377759
-0.5366990009596238	-0.03350333005990429	 0.8431083615074867
-0.8878631466010463	-0.33235656498432803	 0.3181794251982791
 0.8412603744726318	-0.5403153836045649	-0.018446370440259797
 0.6358184789561511	 0.7718005744555172	 0.007663882046346512
-0.6994435221763706	 0.6457337204734617	 0.3062788297107949
-0.07114502009038148	 0.21156052026876299	-0.9747720412383348
-0.888440332793626	 0.0431657615933111	-0.45695786686698
 0.7639199524576612	 0.6443666020730371	 0.03489969011227831
-0.9555262808952438	 0.07334626353351759	-0.28563937428893693
 0.642721724549359	 0.729250027854389	-0.23474066896614
-0.44418251664033	-0.807954543888862	 0.387183867071452
-0.7829303755187477	 0.6183040806664057	-0.06870291785174577
 0.912106002847039	-0.26474404082637	-0.313006760977016
-0.478272320064159	 0.196293950026332	-0.855993150114828
-0.787944802056301	 0.599573401564708	 0.140195310365868
 0.24243454136378512	 0.9642149656518935	-0.10730793617738305
-0.18038779996839005	-0.3445472399396241	 0.9212748998385613
 0.21322035416518392	 0.3470196905037388	-0.9132986450074055
-0.9154724608644932	 0.2934543234826091	 0.27530843326726007
 0.652603088986489	-0.751587287316004	 0.0960508083790199
-0.4628942191575	 0.66926543432361	-0.581216586386003
 0.3848868265007059	 0.8270483924806837	-0.4096987762751219
 0.9932535024232182	-0.04187717010216681	 0.10813779426382103
-0.046553351262968785	 0.9674828862473208	 0.24861546674481194
 0.2507443404135809	 0.7549894512452877	 0.6059028009993828
 0.7121213089830813	-0.4730631759674732	 0.5187431665437052
-0.8504607762867317	 0.04356733732205618	 0.5242312038751947
-0.27285551163297095	 0.9056385722288768	-0.3246053700460779
-0.3808100856455969	-0.3091640845834279	 0.8714363129192427
-0.28268926772356084	-0.8369247232604144	 0.46866169622596165
 0.6791574291263242	 0.29908215521153403	 0.6702947492682201
-0.921962075900758	-0.187082585109833	-0.339095911136344
-0.951442438124955	 0.259976040417419	 0.164832476604951
 0.0314967110707996	 0.115979983942993	-0.992752033750778
-0.6688663761190494	-0.22595601193255213	-0.7082101747143335
-0.4269522096237821	 0.5703112628551891	 0.7017527158179651
 0.808809282001415	-0.125430627208769	 0.574538687214682
-0.181066451307772	 0.579752864187328	-0.794419005737778
 0.3766976322247309	 0.9262276054701888	 0.014188613083796197
-0.4943597376702209	 0.6940523507685449	-0.5233543581200859
-0.5074086922672689	-0.27484689581142996	 0.8166979875538087
-0.8229133534252573	-0.36199924150676915	 0.43791570182276124
 0.28023346748660694	 0.4833330156650219	-0.8293722925614218
 0.3107838094498481	-0.9500269288869945	-0.029364232892863613
-0.562819299673545	 0.617926599641581	 0.549000139681561
 0.8754234392997498	-0.23659347251336693	-0.4214941644775929
 0.9712397014641572	-0.005892240008882632	-0.23803093035883505
-0.7324712346311911	 0.6377531301529251	 0.23823693126382606
 0.0108050138243362	-0.991308483883688	 0.131113467868408
-0.7855894007255217	 0.6187166005714079	 0.006249931605772048
 0.29941922614209	 0.818879856797965	 0.489677350044921
 0.4184993731462501	-0.4505355626215941	-0.7885911370852701
-0.163326255295343	 0.718617719300021	-0.675953480528976
-0.45164292519055727	 0.3878259958701293	 0.8034983914437286
-0.483179307582861	 0.769315412073389	-0.417961186559349
-0.9941476204928984	 0.010852929223717306	-0.10748359221561704
 0.7608440276730912	 0.14245920581954602	-0.6331048414215871
 0.8982328816916092	-0.43943199104319913	 0.008787234820892631
-0.7163831838761838	 0.33488018116115087	-0.6120869204001148
-0.5651990959091419	-0.3989445571124769	-0.7220756347736839
-0.635385147740667	-0.765340435233266	 0.102663198019182
 0.684983503004589	 0.374610071643178	-0.624871902740918
 0.2920336439457809	 0.6273674084766058	 0.7218909097537498
-0.5249783091175902	-0.5472102095037032	 0.6518886113217114
-0.43661664204222983	 0.8964189247239376	 0.07615129210031238
-0.7443351098189339	 0.6014908679345969	 0.29012752382723195
 0.2492595308696689	 0.9419159032863545	 0.22508691078533088
 0.05660966421259762	-0.4295959516133481	 0.9012450633846262
 0.242667262442576	 0.0234064192710503	 0.969827169796523
-0.04541572875823757	-0.8551915766172484	 0.5163184858827576
 0.18213034004552603	 0.2714018200678401	 0.9450765002362322
-0.7310281437880639	-0.32069920166180893	 0.6022872031209499
 0.9598623163798606	-0.005853680499891903	 0.28041053478515016
 0.07567770008295269	 0.09916538010869827	 0.9921890510875698
 0.9612375552157002	 0.15867235086096004	-0.22548935122351105
-0.219228016597469	 0.759540722857691	 0.612402618429703
 0.5403103930073607	-0.1649707878649659	-0.8251359393211787
 0.298061807198921	-0.395220439545539	 0.868884320985679
-0.649839344275694	 0.438339302884105	-0.620940804085553
-0.796123552520727	-0.315785557033317	-0.516204195150461
 0.914280948404461	-0.247580699567939	 0.320615259440485
-0.6020872640682748	 0.05627395238024038	 0.7964447053815388
-0.8555188147720113	 0.39163820676231115	-0.33868432584797015
-0.0164801219142003	 0.857636325534928	-0.513992547324025
-0.39758276591341485	-0.2108001078332749	-0.8930236608209876
 0.7483595727219793	-0.2417525641097501	 0.6176679105002443
-0.5524374198525182	-0.8324937299166852	 0.042036731510641606
 0.013080879910407003	-0.9127089337487162	-0.4084008972027991
 0.6312800047414702	 0.16473591123731204	-0.7578572656921762
-0.6007583686207857	 0.7960767584187847	-0.07315174117908915
 0.132933021513675	-0.991122551285664	-0.00221362242520596
 0.7602189881378042	-0.5708985910918941	-0.31006755516181206
 0.012774806567493304	 0.9988975052774852	-0.04517276023866171
 0.11237250487914102	 0.8438891366411142	 0.5246175227785501
-0.807001178471376	-0.36112257036622	-0.467268217534539
-0.08194654182848021	-0.12859363659236803	 0.9883058438106612
 0.46427793564278114	-0.3992773734527361	-0.7905843266369262
 0.419174454121629	-0.650187590881973	-0.633678841113486
 0.911040126554206	 0.365348010648846	 0.191119645570589
-0.07806770875613023	-0.6188362901399462	 0.7816310375461023
-0.914152196082471	 0.00631190317295082	-0.405321998263024
-0.3417941568067138	 0.19830600814728291	 0.9186138914176496
-0.6250703044958581	-0.7481492694739851	 0.22262027091663905
 0.07938926273325904	 0.47735618643469224	-0.8751162301290024
-0.42237196353901885	 0.8159685261556506	-0.39471165265237484
-0.7365624752846329	-0.4783901839476089	-0.4781407239559789
 0.7486416868354081	 0.056519261271001715	 0.6605612748546611
 0.010463870014449995	-0.8339537011516457	 0.5517352007619167
 0.480091244120852	 0.857246707358156	 0.186119531597553
-0.5116271318391018	 0.8064991871356356	-0.2963051452736749
 0.8131719030382076	 0.42851720160104384	 0.3938584314715508
-0.2735204610165351	 0.5027443834879383	-0.8200211230673483
 0.4461318986171842	 0.34959790675259916	 0.8238614159131543
 0.5962048211952069	-0.4382889155812629	-0.6726385639124419
 0.70078209427811	 0.0589401595187532	 0.7109363641952
 0.6308296390897593	-0.6698609096521694	 0.39158693564246017
 0.37349790360636204	-0.7377058071230221	-0.5623961754302951
 0.07609430995400548	-0.5308133396791549	-0.8440656694898128
-0.28272134433948204	 0.6930305106373061	 0.6631571101787801
-0.0569668002994636	 0.452227682377274	-0.890081404678988
 0.6371884416439272	 0.7667107140108061	 0.07839369143255963
-0.05361947133784762	-0.4679682116761712	 0.8821171720095105
-0.0562649408267231	 0.879239452919014	 0.473045706950648
-0.5618204433114263	 0.23746767717290418	 0.7924436205658155
 0.9430813157300407	-0.31505382525491193	-0.10648342177608097
-0.5626472191175362	 0.11341856385371805	-0.8188799278237703
-0.9498157183993202	-0.3127924560592481	 0.0033136858641909404
 0.0124610839798769	 0.292926039526962	-0.956053898456094
 0.37944919266394594	 0.9206071822015067	 0.09219938321746977
 0.7906179549873704	-0.09892057787519053	-0.6042664714547935
 0.4763657208210391	-0.6470947011152981	-0.5952681310259731
 0.5818049955902771	-0.7690993441707012	-0.26455461799483904
 0.3783868241052568	 0.13018787797185294	 0.9164466857230286
 0.118431428264979	 0.392856894244644	 0.911941586640049
 0.9951362912765263	 0.09729407914710943	-0.015415055864869904
-0.692137547960471	 0.232553692674666	-0.683274757858538
 0.7025167454831928	-0.7067133155756837	 0.08382429184745437
-0.9535146428001873	 0.29854850087674806	-0.04097094812031941
 0.49720696587166213	 0.37289208440359106	-0.7834135092515582
-0.28797830372236394	 0.8748416413080697	 0.3895132850347889
 0.12899267594116698	 0.9882000389056877	-0.08259281240116718
-0.550708709485227	-0.831332284318596	-0.0748769012896553
 0.7878466344345623	-0.21979308960653807	-0.5753161551454521
-0.3996551314703702	 0.28921372106404514	-0.8698455032002463
-0.367105585440471	 0.766869282254543	 0.526445622142317
 0.10992635338738103	 0.5272129162460671	-0.8425928659645002
 0.121940617613622	-0.970267981011859	 0.209070635908488
-0.21992636872158894	-0.20356180881671398	-0.9540413944542467
-0.157225359697473	 0.498531159040745	 0.852494498359662
 0.5512680095287461	 0.019400006335331902	-0.8341026444175822
-0.737250625794158	 0.0500018647494133	 0.673766523573043
 0.986258547980934	-0.00340506122397909	-0.165174096312347
 0.8881838786461326	 0.3203128522989842	-0.3294375120796072
-0.380638128561171	 0.355636067998834	-0.853602719198913
-0.2806540403919179	 0.10188651014227895	 0.9543859013327466
-0.23184091450864505	-0.9117819484036472	-0.33897414197110104
-0.08751675052523465	 0.5058078030356228	 0.8581953651504887
 0.16936632468977098	-0.9340003707158108	 0.31457647013692397
-0.8537196685302837	-0.4417345595880028	 0.2757413759850629
 0.765922793447017	 0.548505395307168	 0.335416317130288
-0.7272338042913131	-0.017653368104170303	 0.6861627740489591
-0.22892904204984194	-0.7812421369952818	-0.5807342051999239
 0.8537197839455812	-0.5139435903351591	-0.08381238842388661
 0.6162435764278811	-0.32536004755455505	-0.7172061725659311
-0.9341031425793113	 0.11330748152588102	-0.33854502455909313
-0.788791099093539	 0.323911579627768	-0.522388639399682
 0.418741842746813	 0.684944188135821	 0.596243849672233
 0.18777411488653592	-0.9764228234100576	 0.10648639210016296
 0.6629007504135663	-0.7174388004475913	 0.21411250013357908
-0.03981115055333849	 0.9904170737658887	 0.13224633183810297
 0.030146996439402593	-0.37033948539782197	 0.9284071435318447
 0.382840969560945	 0.342205208546121	-0.858095791429804
-0.498250416112073	 0.128632628996259	-0.857438143309275
 0.8571263648861518	 0.05283614630119879	-0.5123892429209359
 0.12435098024813705	-0.43738678087278615	 0.8906344017772214
-0.6152590703132521	 0.09322575807792012	-0.7827932258445203
 0.04636447454280411	 0.28120669722704605	 0.9585265405480572
 0.7506607040548515	-0.4485289824228233	-0.4851085026204153
 0.369616581288799	-0.330605070097312	-0.86838002652199
-0.5482363660887107	-0.7649476945426247	 0.33807086758809685
 0.31474063087851395	-0.8766455024469207	-0.36391070101575895
 0.32862027680330386	 0.9428246508285516	 0.055591289459228574
-0.723231498282839	-0.65286029844992	 0.225187989465338
 0.6628412583352048	 0.4121104489649409	 0.6251451384298827
-0.7391023501162971	-0.5635161324643371	-0.36902206506522406
-0.16805989802686996	 0.18082692787697696	 0.9690497886227378
 0.9542253452105218	 0.22462424651856294	-0.19747895693928594
 0.8201282152842768	 0.16814129313355597	 0.5469170101925909
 0.747533430358761	-0.113953098530301	-0.654376391560245
-0.5094617513782901	 0.7584222871650882	 0.4065025931206861
-0.8269843035752632	-0.009776467042266151	-0.5621400024302741
 0.5737662996536345	-0.7947978995202044	-0.1977081998806491
 0.440195657982618	-0.283388305139034	 0.852008715450538
-0.34659094473191593	 0.9259715126420488	 0.14983816204570197
-0.570743155871762	-0.361959170065701	 0.737046680496487
-0.713297919003573	-0.536629414296798	 0.450815872010567
 0.029851677560976515	-0.19740084370958108	-0.9798682484138065
 0.266705513141853	 0.878226543274412	 0.396971419560676
-0.415453215329119	-0.683880825233385	 0.599754652129353
 0.10763346654651103	 0.03553124385995711	 0.9935555181211292
 0.013026217794375797	-0.9998805342164788	-0.008320753868653509
-0.950780297450823	-0.212290759430818	-0.225719869394813
-0.35039348944319715	 0.6615642800681133	 0.6629910300251274
-0.1879327876904539	 0.9794999879627145	-0.07253303310862597
-0.257084458044954	-0.925254292963734	 0.278948157878688
-0.7751473983969364	 0.6154504987272013	-0.14271367970485704
-0.640994894328111	 0.634838034382591	 0.431400296182724
 0.719227870260483	-0.550887215518366	-0.423361011925982
-0.22154293649734993	 0.6169045502465819	-0.7552135480598807
 0.10928800015230403	 0.9829454413698342	-0.14789994020611402
 0.297969502385775	 0.896211157175763	-0.328663562631536
-0.5866103243729632	-0.2769193515056701	-0.7610545316209123
-0.503321100642605	 0.856162201093088	-0.116850995149187
-0.8420441947426388	-0.5377339774844588	 0.042470502221711094
-0.473870162049471	 0.870948263766818	 0.129985350562182
 0.7904450178242975	-0.42145303950363927	 0.44449298002318327
 0.898367120347772	-0.0514410071651249	-0.436222809880329
 0.7663433671831732	-0.12375506115999403	 0.6303987059089211
 0.21701669788137995	 0.7176909929935589	-0.6616822435403429
-0.49494395627398213	-0.11220362142230902	-0.8616500609224013
-0.3576203912705762	 0.24430158403666016	-0.9013458779983735
-0.9224650058430016	-0.36534930231416524	-0.12481266079057808
 0.7925780811381202	-0.5788224862251041	-0.19179289543568706
-0.57071400599919	 0.046444222488209	-0.819834408617876
-0.6550085558800982	 0.7494321567277512	-0.09651546086643206
 0.5750974914486295	 0.4081102939316334	 0.7090196494572837
-0.5611145301907768	 0.17111579395903898	 0.8098579314093007
 0.412197973430514	 0.904661935581774	-0.108072258277577
 0.051382366292305186	-0.9501735869131588	 0.30745732576535795
 0.5137631910784379	-0.8006054860973858	 0.30834759464550593
 0.31038094126892696	 0.7471914030547349	-0.5876807624026089
 0.5751202942952431	 0.29956426702855005	 0.7612475924490012
-0.4334148867975968	-0.1821219328563659	 0.8826002138425345
-0.4197880470109071	-0.5780509821139311	 0.6997392783486491
 0.8308035055012007	 0.3600210523838949	-0.4244412528104559
-0.5981527117986033	 0.7285411143705234	 0.33382806658478115
-0.509520334108926	 0.84088162377433	 0.18250239430806
-0.242929881809589	 0.964334807183348	 0.105087830782801
 0.8309266968309872	-0.4917690781244771	-0.26023834900749504
-0.5598278978700888	 0.3028078388479429	 0.7712976970655336
 0.7282733515599961	 0.32415438959635207	-0.6037730178742561
 0.37595420742797414	-0.8114741560328264	-0.4474015288396052
-0.11804016307208205	 0.2254001358662051	 0.9670890851692064
-0.10875337970802004	-0.9830760373606504	-0.14742525960419506
-0.04817688617992633	-0.8654953211973155	-0.49859486221135735
-0.008174548027028558	 0.9939183632863208	-0.10981559036309697
 0.7132609943831703	 0.2437987280801191	 0.6571308348251872
-0.10903510959552502	-0.9939640963128072	-0.012112807955066503
 0.5882895062294049	 0.21512017227790997	-0.7795118782542609
 0.308633118067309	-0.783417045094164	 0.539447246621928
 0.16248797168869403	-0.6952931072259961	 0.7001179572761391
 0.7272069798138211	-0.5793622839177691	 0.3681159497816511
-0.3716988991794562	-0.8983089980169385	 0.23426666948284516
-0.18731698392891108	-0.4579302496049342	 0.8690294782276023
-0.48532524163737	 0.531656390839039	 0.694118788039652
-0.9513385097250187	-0.13499221137995207	 0.27700567283167915
 0.751564424931486	 0.0753149584899705	-0.655346146860618
-0.5401765005322909	 0.8071850507954018	-0.23803706023456195
-0.786435313523241	-0.515983508872655	 0.339529845838425
-0.5095620869134933	 0.2815711127687281	 0.8130585391191373
 0.5382783591602563	-0.7194783256101495	-0.4388705356217913
-0.003378851063655241	-0.9630248181427282	 0.2693915050751511
-0.1673540598869161	-0.9743103993416404	 0.15070455989816606
-0.8157737148023391	 0.28359038514579105	 0.5040731491464842
 0.847179590067853	 0.461042194594843	 0.264058396904237
-0.6246468507221674	-0.5012604086042184	 0.5987940502783995
-0.42609060070235927	-0.9014455714859255	-0.07643743612599806
-0.8996056232338798	 0.35712825731396397	 0.25133469810965997
 0.0733564042751278	-0.981177090304487	-0.178634698234819
-0.6345131010219218	 0.3426809305519089	-0.6927935511157868
 0.18508019909670503	 0.9342269954404492	-0.30490201851190707
 0.801300093617159	 0.545378855655727	-0.245926948041043
-0.6519371998348078	 0.19745787994996689	-0.7321121998144918
-0.657249460704248	-0.735718311982226	 0.163528932663303
 0.5685741970703988	 0.5865229969779168	-0.5768137970279438
 0.0915387029202221	-0.473412349243975	-0.876071580095476
 0.405232339586293	-0.50744813948194	 0.760449299223648
-0.34461852885479594	-0.7863945973867278	-0.5126612982963729
 0.580822516574187	 0.699835319970302	 0.415783271864674
-0.9085593729463448	 0.3402646698681329	-0.24236299278329496
-0.8340453542049003	-0.5266814026553022	 0.1642408208280321
-0.20483187271256914	 0.5330432070590413	 0.8209195108713605
-0.509137872345767	-0.381476201757587	 0.771527403554683
 0.7945936849906652	-0.36398849312450404	 0.4859354408210091
 0.9974017360354476	 0.04422063159766138	-0.05687101805471127
-0.31298320217963393	-0.5528614715144139	-0.7722601300522378
-0.02379921878674089	-0.15002622495948098	-0.9883955326738117
-0.992195367269609	 0.074647109794581	-0.0998807397251414
-0.8767101252900684	-0.4792394438244082	 0.041338985192487424
 0.4813063431667651	-0.7208575647428971	 0.4987069032812521
 0.761126035220002	-0.286793468198889	-0.581753096346494
-0.462932959400105	 0.741101243030815	-0.486273608865669
 0.258344141913912	-0.448569923323177	 0.855595306338577
 0.111871019776919	 0.772325198459914	 0.625298858753098
 0.12541940718154307	-0.6629059851030074	-0.7381230434127103
-0.635763314707819	 0.465092510759501	 0.616030814251325
 0.5243206109406471	 0.7241325551099891	 0.4480177893484871
-0.7734949743471824	-0.42105790780999874	-0.47372540878690267
-0.8555183253510308	 0.17416977701770497	 0.4875995116508739
-0.17198138300830504	-0.9848676472273412	 0.021403769374395504
-0.67150008082125	-0.544276284454895	 0.502842885638277
-0.6902872398660829	-0.6654724095114118	 0.28398943405898197
 0.882834144624021	-0.11904263062351	-0.454348682379742
 0.9607721621431797	-0.06780985015126238	-0.26892132059987894
 0.9265662939509087	-0.035452536768547996	-0.37445696755535596
-0.4895826445478471	-0.5594106466227721	-0.6688561598749231
 0.8395234273856237	-0.5179416983870678	 0.1641243794888969
-0.3503879295495368	-0.08200454989457374	 0.9330077988005123
 0.7421220405581284	-0.40151303489162915	-0.5366955931717282
-0.383927198216125	-0.608843797171075	-0.694196756774492
 0.502037281632316	 0.694333074596926	-0.515616281135511
-0.9841611578393122	 0.07939046743906442	 0.15850542287313502
-0.5246846182112062	-0.5994966808078481	 0.6044086209783361
 0.3437640693597659	-0.8951543983328438	 0.28376903947150195
 0.2585053734215561	-0.7755843502655714	-0.5758853076223712
-0.6060515589772619	-0.6761910988588979	-0.4188879392931079
 0.9360691678222258	 0.03082429294040189	-0.35046308795268294
 0.314338913893373	-0.279937534561685	 0.907097582377916
-0.684228949900622	 0.419433733809061	 0.59657865119436
 0.7793446212474664	-0.5776411157483736	 0.24280177661956484
-0.8240371981999457	-0.13925235969581196	-0.5491552388004067
 0.8890961519978727	-0.4509980060859749	 0.07815901105471368
-0.813807714346002	 0.190873373364763	-0.548893759676034
 0.755603997903742	-0.30204971115441	 0.581230221464283
 0.8274035299539352	-0.4135395199808991	-0.3799848207938511
 0.08490156322995185	 0.8756109420583015	 0.47549679568729425
 0.01620191118545619	-0.19740011225955292	 0.9801891112197966
-0.877140770389111	-0.00356906474227304	 0.480220085687867
 0.913228490656851	 0.288462967048764	 0.287754827056009
 0.9162594626367587	 0.26813372784522493	-0.29761199760833096
-0.347567798350484	-0.822003956098867	-0.451116527859055
-0.5139715893336894	 0.8054006532857425	 0.29523379387309423
 0.8687852791874398	 0.24798685547687996	-0.42861947946621787
-0.9422527098827053	-0.32829237344325507	 0.06621139069445031
 0.8329677596309484	 0.5518384597555043	-0.040484882982062924
 0.7031005087034836	-0.23754650294052088	 0.6702397582967097
 0.02618536201980579	 0.6194945004685668	-0.7845641405934207
-0.31031606073765505	-0.6070146614429411	 0.7315990317390911
-0.3994908036147799	-0.9099758082338868	 0.11113562100560698
-0.416449121762266	-0.869191152806627	 0.266602454726367
-0.5228910521465471	-0.8522372197971252	-0.016633363386386303
 0.43181560479849984	-0.006708472074547098	-0.9019369600226675
 0.05017167831914199	 0.3962851604193529	 0.9167556241038548
-0.997970102356631	-0.0219458830518235	 0.059783384141174
-0.2986512258608512	-0.7562869148416775	 0.5820975414233154
 0.8661343650380923	-0.06722851116724221	-0.49526920859901713
 0.8154581084394043	-0.007256653675101142	 0.5787706059898591
 0.29998186028531904	-0.5584218005311271	 0.7734183707356153
 0.8270108852178106	-0.24605675452768488	 0.5054790493013098
 0.9322987641886807	 0.27838238930681797	-0.23091613113008394
-0.16725217896634206	-0.23252523856294005	 0.9581016240787082
 0.5408784955093401	-0.44607501629644913	-0.7130690940797221
-0.908176667804477	 0.210672481810428	 0.361707403108357
 0.800335882840093	 0.599545527145216	-0.00276324424075361
-0.9354037653622985	-0.2960060816968849	 0.19339130110863592
 0.27834729531411695	 0.08054130864411409	 0.9570976338875827
 0.13594118526704202	 0.023921563167141707	-0.9904280655170432
 0.519315117767042	 0.845638778931373	-0.123316114218946
-0.14532411300219508	 0.11969619247275708	 0.9821169602891756
-0.831459804241229	 0.367876901876519	 0.41634262212374
-0.779295600298882	-0.50773170019473	-0.367296730140869
 0.04116912876131518	 0.7545684372967647	-0.6549286802946966
-0.16980435032238203	-0.9691219018399242	-0.17879939033945902
-0.0177239093172284	 0.507083709075951	 0.861714555423251
 0.821213944157797	 0.0377379462719897	-0.569371149016147
-0.7348372422594209	-0.28020710467474497	-0.6176554103044559
 0.9335953492037312	-0.20189886766520407	-0.29603474657660006
-0.16087581316198798	 0.05928899416531549	 0.9851922593637927
 0.25165699141394204	-0.9287384683132093	-0.27223816071175105
 0.705331804489194	 0.478123723043093	 0.523359103331001
-0.370640868364151	-0.0196508299132697	 0.928568355901701
-0.424528589606852	-0.0266894223465997	-0.905021077843617
-0.137019554267874	-0.938564460735749	 0.316737106749503
-0.5793007423003852	 0.6164579811651042	-0.5332824837064002
 0.0995780768585985	 0.135077522521186	-0.985818578400043
 0.28987530207995593	 0.9448142667793717	-0.15263784109522996
 0.5555910916901908	 0.24620958631751688	 0.7941658381218997
 0.795414565486802	-0.474791847306021	-0.376680727862706
-0.11413787140408395	-0.2990082836782949	-0.9473999116545796
 0.5117486149960352	-0.22702494665263012	-0.8285970242808083
 0.8563212947998347	 0.3708843577477378	-0.35938646781756084
 0.0138313770309466	-0.883142531975962	-0.468900801049129
 0.1472248751132441	-0.6459430724341494	 0.7490543260152904
 0.2883367056457499	 0.7111367739243469	 0.6412070125550939
-0.373517297717017	 0.923655794354504	 0.0857018194761801
 0.7193288925737706	-0.6944672928304376	 0.016766737826902994
 0.152240131966915	 0.916201841837164	 0.370671184789005
 0.781671865654139	 0.0225187460105494	-0.623283242613573
 0.940540950315913	 0.21431758551466	-0.263534994484615
-0.7792609554503582	-0.6178684201793411	 0.10483786842396403
-0.4783131303498273	-0.05347202815703764	 0.8765599189671646
 0.41967981942946486	-0.8811034988021808	-0.21800337970363495
-0.35247851607681907	-0.37059961536102104	 0.8593106660565473
-0.054736086161904	 0.698900774835837	-0.713121075137696
-0.9407336022573608	 0.20714650049706396	-0.26853420064436795
 0.3758932722654641	-0.7764330546794692	-0.5058220630485291
-0.9296817708469635	-0.3404780493232621	 0.14059339559126105
-0.33842713614908004	 0.4816901787521091	-0.8083573746875162
 0.015433246452410907	-0.7722450726376283	-0.6351372786184444
-0.11736466790511497	 0.9623440328227658	-0.24519277562346295
 0.057837670928960284	-0.14219455228385897	 0.9881475158711408
 0.12796505949795006	-0.5693131677663922	-0.8121006468138553
-0.31905439293583604	-0.9018268400327052	 0.29139774354818004
 0.8705455004376272	 0.056313436028309016	 0.4888551202457501
 0.6095478581205542	-0.48746050649407524	-0.6251669083286353
 0.9993243250669738	 0.03432818086108539	 0.013132757829421096
 0.31631413485615606	 0.26066586400182606	-0.9121396140034612
 0.7724461964726356	 0.2816703587137562	 0.5692000374007563
 0.7278387613848561	 0.6424104100485851	-0.23991582375276405
 0.0732932299970577	-0.996497599959997	-0.0402571199983839
-0.9909221627317465	-0.034353440441386114	 0.12997349166994906
 0.395053487111366	-0.553415709962047	-0.733255613199349
 0.07330328715565411	-0.9968736613188772	 0.02948781885580091
-0.8842568794692773	 0.19266034552680208	 0.4254077601228602
-0.752683010568152	-0.428167676011748	 0.500140707022296
-0.22674826960968306	-0.7379468987297231	-0.6356253589058561
-0.9664633362851445	-0.2331020187516411	-0.10775930804574305
-0.9840309334710272	-0.10081341728212202	 0.14669620604514502
-0.935769968340259	 0.297888689921584	-0.188671393616714
-0.471620440184771	-0.229272800089824	 0.851474100333589
 0.12037780273027303	 0.8972569203505623	 0.4247813596344081
 0.413322118989852	 0.686757898321583	-0.597936798538659
 0.9506389650590684	-0.018442030292140105	-0.3097506249067581
 0.7665538698103751	-0.045705983199935414	-0.6405514247728012
 0.7165964891051251	 0.5693997913430511	-0.40283166387549313
-0.8195672528718073	 0.08969508921987634	 0.5659189950779152
-0.8896489266138408	-0.4453500933226439	 0.10093602801949997
 0.14857862911294803	-0.22387194866342805	-0.9632267342492922
 0.21489952531016998	 0.20814562545756196	 0.9541978791761928
 0.33504387766430305	-0.6574207954169121	 0.6749396252947831
-0.7358858671875779	-0.6634926064804949	-0.13509090131946597
-0.40150374441636383	 0.2973690632709289	 0.8662369095282246
-0.901773336899013	-0.403825883089468	 0.154043841178512
-0.648760601291578	-0.543532851082086	-0.532617801060356
 0.4237386268280188	 0.7900009940862877	 0.44310721668303077
 0.248239303327914	 0.264581252888681	 0.931865874953648
-0.8303966937174997	 0.5138395961124638	-0.2154302683701279
-0.8451247027981129	-0.3432867011365839	-0.40977857135673096
 0.20142719916017	 0.979338645916746	 0.0179694199250783
 0.217280619659595	 0.478326821264865	-0.850877537827267
-0.36264293312534196	-0.006327596380047118	-0.9319066823337517
-0.9507410967379712	-0.018517773936464803	 0.30943247893832604
-0.8161137998353554	 0.5052379398980722	-0.2805225299434071
-0.8721216320102623	-0.27717423063889407	-0.4032100009294091
 0.41060448384732506	 0.06949781065118792	 0.9091611585187542
-0.3490942439922722	 0.8051412092076643	 0.47945890548313325
-0.9168226245367742	 0.3573693395642171	-0.17811072476674805
-0.620870888194647	 0.683542537002996	 0.38378241270269
-0.285441909101056	-0.743673023711338	-0.604543919275333
 0.10774534052547598	-0.11078501568135897	-0.9879866506666628
-0.4462751739343222	 0.45039743397066423	 0.7732920668172744
-0.5762442878445332	-0.5553078882861722	 0.5996462873508842
-0.42932908364288597	 0.6412811755676707	-0.6359520357707068
-0.0029381916745454414	 0.5679007144083202	-0.8230918208828243
-0.7139830132295879	-0.08639313160080218	 0.6948125528743739
-0.011305015942925902	-0.08344764957870941	-0.9964480349693702
-0.896243759435973	-0.443181464665972	-0.0183660841933647
-0.19100724586485204	-0.6727176206557051	 0.7148197219484441
-0.286339517636676	-0.942654962219727	-0.171497238584535
 0.2115338643666779	 0.08709980179799467	 0.9734819200955146
-0.0618136848499359	-0.562989725956786	-0.824149037997604
 0.222674758761969	-0.215385138802498	 0.950802394713711
 0.8764408395855422	 0.3818849772483111	-0.29328368324652304
 0.1927768728021939	-0.6015894487446698	 0.7751949512681897
 0.28402506404750694	-0.9046610410404448	 0.31767619334225894
-0.769972075152364	-0.178428074241978	 0.612622580230162
-0.5189016839806582	-0.8444445739306183	-0.13286987589809005
 0.9763468918528497	 0.21610614819669693	 0.006699214944098238
 0.0126264822142918	 0.653086111083928	 0.757178382850543
 0.616292378512717	-0.570963457151088	 0.542387716292705
-0.9509573732638105	-0.25674096358098414	-0.17252290240632406
 0.535691249636252	 0.180265066512503	 0.824948114040146
-0.19329674706673594	-0.9426179856958418	 0.27222729586897093
 0.07062820839778929	-0.30815209300952695	-0.9487117284783437
 0.648511705330502	 0.59599180489881	 0.473525433892186
 0.6750687404039777	 0.7153486004280827	 0.18043995010797992
-0.7205119748785042	-0.22121385228711907	-0.6572114770855502
-0.6412389893516518	-0.7133170881547308	 0.2828273153033989
 0.4252986667528751	-0.7695329122186122	 0.4763823475639801
 0.846905484880329	-0.125541332205791	 0.516711209078737
-0.71264600511892	 0.701493865038815	 0.00648295464656692
 0.604617664825482	 0.707451645646204	-0.365991322920994
-0.0686591607981957	-0.302727943519358	 0.95060071105119
 0.9210853142893668	-0.35121182544856594	 0.16808360260758498
 0.18009886156472107	 0.15091304131115105	 0.9720029084448825
 0.4118169521513069	-0.8932229046661417	 0.18044290094262294
 0.45403060257440914	 0.6342993435965543	 0.6257160335478862
 0.10449044491608298	 0.9940612387150818	 0.03039737826649829
-0.062255527692968514	 0.8824268556480512	-0.4663122277002431
-0.6555131123531088	-0.7306235537685608	-0.1910282235999159
 0.5524150805766361	-0.7584050733338602	 0.34591808783723804
 0.20927065802487993	 0.8871448516270256	-0.4113147261179648
-0.490610565602811	 0.616312594476183	-0.616003294478955
 0.5875066554775279	 0.7646786671293638	-0.26476870246852996
 0.21485060155242094	 0.9730094070305598	 0.08421349560849159
 0.4409902612426502	 0.009350193814320343	 0.8974631821778395
 0.9617206114040094	-0.2738878432477411	 0.008883407105338763
 0.3423802490855579	 0.7770667452285658	 0.5281505831635469
 0.8358921943854282	 0.5481263363183121	 0.02901307980512321
-0.536977310188746	-0.422597448018473	 0.730114213853376
-0.38194793984634184	 0.9188080636862076	-0.09953649256597875
-0.337736328847879	-0.935033669125003	 0.107917606436539
 0.9713697508422388	-0.17403935194259298	 0.16171305180500897
-0.24094652472688388	 0.7753975552117327	-0.5836980414509758
 0.6118335049129613	-0.7776512062444606	-0.14463182116137907
-0.04038947324744422	-0.36206817325377416	 0.9312761826480205
 0.0804834701916288	 0.996157102371821	-0.0345461780822534
-0.4017929325003761	 0.45907401143120213	-0.7923468252105342
 0.208960157894903	 0.420580115890299	-0.882863533356226
 0.9272200165004925	 0.3025928053848391	 0.2206822039271851
-0.36650427681488806	 0.6624628942428541	-0.6533127343223741
 0.9071921533801688	-0.4021714393327529	 0.12353351865171797
 0.29640114579283994	-0.9375742183238748	 0.18193665355575497
-0.7785599209017263	-0.4649370124820012	-0.42151871131636515
 0.3205303976358381	-0.28820779787424305	-0.9023283933446242
 0.80415938656557	 0.222893736276297	-0.551040890794212
-0.26147454885907506	 0.6511575571587211	-0.7124779968911531
 0.7489161873372581	 0.4498442323939931	 0.4865847417727811
-0.720814522551477	 0.433898163574983	 0.540517166910676
-0.13647357861181297	-0.004489088954337729	 0.9906335399234398
-0.5082105311328063	 0.14971737738775012	 0.8481195452021165
 0.6804315921283667	-0.6266765527502367	 0.37985437560562085
-0.386503237574787	-0.418995246530242	 0.821619273586781
-0.7951859996165637	-0.5834066997186826	 0.1652750699203049
 0.25384299842189295	 0.9665720939909558	-0.03608488977566529
 0.36151024578370694	-0.5598169534708569	 0.7455972913041009
 0.95998525959833	 0.279195869883181	-0.0218624699908525
 0.4392400906442409	 0.7174321247187859	-0.5407025884831029
 0.969889115529265	 0.198166103172913	 0.141581422266914
-0.1711321490219741	-0.8506651451384205	-0.49707403715920534
 0.05585755402365481	-0.7669984003248113	 0.6392131002706961
-0.7459347067705991	 0.36368570330105304	-0.5579553050643741
 0.455099168491669	-0.553456998165683	-0.69754576768813
-0.5764615532037969	-0.08094003044983988	 0.8131056445189918
-0.7394543097664401	-0.6730087488888521	-0.016326288215631604
-0.591442779275548	-0.0127270464147837	 0.806246526276158
-0.7610544537523293	 0.4859492160107311	 0.4297085964724231
-0.789372416054944	 0.0285359411343823	-0.613251081397461
-0.6258779008027787	-0.5509249007066408	 0.5520494607080828
-0.9272204820461848	-0.035331180840056695	 0.37284565886501597
 0.8306969461497586	 0.10513952477836196	-0.5467067440473418
 0.897178212109325	 0.196052426090509	-0.395771022107911
 0.7097788941265372	 0.6344890947495642	-0.30600246746781107
 0.9905585067786052	 0.10425392071343202	-0.08902227060919861
 0.41452794275085214	-0.9089783241040434	 0.04387471923273132
-0.313676135611375	 0.198486039878469	-0.928552946213234
-0.447223161268552	 0.690353931958195	 0.56868523161308
 0.42113972134252414	-0.3995973012738512	 0.8142256025956174
 0.39076932867394404	 0.6505055977925422	 0.6512616977899762
-0.7622363447208551	-0.21983466559338005	-0.6088254877959991
 0.12253818004601502	-0.35189658013214303	-0.9279834003484723
-0.9976162085490364	-0.032703663296798614	-0.06076488169342013
 0.4857432635621342	-0.7284371203382384	-0.4831488834896982
-0.7329951525052549	-0.6047100020667969	-0.31151873106471895
-0.8523978982703038	 0.30982803937129294	-0.4212177691452599
 0.6357811757448238	-0.17359970156862098	 0.7520940367958088
 0.6510457296501841	-0.14128283775399603	-0.7457738381442711
-0.8672105453152803	 0.40363155851082716	 0.2915946416999031
-0.07899818536723671	-0.4070970667392151	-0.9099622327113422
-0.6219886824896631	-0.7431238790794431	-0.24677313305279905
 0.378167148230971	-0.282440198678773	 0.881599195875966
-0.754922388700768	-0.258503816130868	 0.602717150978886
-0.458964527467131	-0.88199119513259	 0.106972399409656
-0.443735726997061	 0.889549814026895	-0.108626575712882
-0.6066112050820621	-0.6371633453380211	-0.4754426539831591
-0.20300071769480893	 0.17345691803029592	-0.9636925890567095
 0.990289794642495	 0.0521206857180251	-0.128878069302765
 0.8890165142688442	-0.3724461059778141	-0.26633350427469105
-0.295314673976867	 0.955058472861335	-0.0255451903440054
-0.867214906211351	 0.322576252310424	 0.379318952716839
-0.404198688532029	-0.817576117257808	-0.410113048656873
 0.047852009020894135	 0.9404154807580417	-0.33664359311189324
 0.478938115555186	-0.398802862952514	 0.782032325399229
 0.3112398708981109	-0.9016195526017046	-0.30035300086669586
 0.618686680619711	 0.774633915734682	-0.131030865895473
 0.7208195700267197	 0.6783267717936646	 0.14244977407662193
-0.5743869349568032	 0.5651516851986741	 0.5921851244906681
-0.4573170047131689	-0.11843265722058298	 0.8813823590836428
 0.6224227284671244	 0.0020868901278035014	 0.7826784729230356
-0.16502950225402502	-0.4799019065546531	-0.8616608517688372
-0.6202799738580019	-0.21916750136317195	-0.7531390046843548
-0.990404288618355	-0.0577669893361465	-0.125548078557212
 0.4317158075866409	-0.8049551768546868	-0.4070241082966149
 0.6431693923508222	-0.6260772925540972	 0.4408631947568381
-0.6869203265054938	-0.7192808258697739	 0.10380538796074998
-0.5613428895758129	 0.7588001859090128	-0.33032777386578394
 0.6757813165510665	 4.2773438047596273E-4	 0.7371020480529186
-0.22864500715240615	 0.8279061896890786	 0.5121452936216323
 0.597200281010323	 0.343210869086637	-0.724953876948035
-0.18350964286597102	-0.007278737717035451	-0.9829909617857382
 0.16651495449338702	-0.3854891104023781	 0.9075631744904862
 0.6509280277981774	-0.7535158721792383	-0.09223086793876124
-0.14348169209285005	-0.12056489175858205	-0.9822815843277395
 0.026626399692167506	 0.8284707604219033	-0.5593989935326901
 0.5353266500833102	-0.7836866854825493	-0.31505643416371804
-0.5768469634098171	 0.6908105040834701	-0.4359225025767941
-0.35945028772858717	 0.9325158800501454	-0.034779650747801816
-0.706699091440924	-0.688058131666691	 0.164779858004294
-0.931133211035241	-0.279292303310007	-0.234492542779067
-0.418600104797825	 0.220937392532295	-0.880886270096362
 0.5724367810602699	 0.5919668504140949	 0.5673547212284159
-0.478265003138703	-0.337598742215554	 0.810734035320593
-0.5036016011458468	-0.17449382039702596	-0.8461308019252047
-0.030998902436052012	 0.5119909672020192	-0.8584313120752883
-0.6077318091068398	 0.1594759123897409	-0.7779649616577776
 0.6655696768067672	 0.23873780602853606	 0.7071218178560301
-0.44730607580966	 0.0609888627921299	 0.892299071589277
 0.361213650804404	 0.804901401792473	-0.470806151048461
 0.10753800925873103	-0.4139934971463081	-0.9039053937693032
-0.13583932809335694	 0.7318938297271257	 0.6677417906275647
-0.26362953208842316	 0.8344859566106405	-0.4838725638331473
 0.250337571405594	-0.946402255313856	-0.20409280114594
-0.8984026150625335	 0.3173723747231461	-0.3035580949528321
 0.9217197842065542	-0.3874332233614251	-0.018114547689611602
-0.557480623429168	 0.103737434777283	 0.823683130291531
-0.8595491565468527	-0.11648088953204995	-0.4976016980009378
 0.166883110430491	-0.0914306702358541	 0.981728302532461
 0.2332744985383571	-0.3907287975517852	 0.8904571944206044
-0.3364266102833128	 0.7953146470296895	-0.5042734854355526
-0.9713143019789412	 0.19032314038776205	-0.14256798029046602
 0.9208978333232443	 0.33811649754856504	-0.19397013859366505
-0.18223213984293898	-0.9603550991722978	 0.21097281981816896
-0.343349789158332	-0.93916707034471	-0.00872560972447875
 0.5363688591710003	 0.5618897096073643	-0.6297526507677055
 0.17207820082906797	-0.5480102326402989	 0.8185804039438987
 0.32657115219806615	 0.5760561215168142	 0.7493401279893084
-0.6697963415680778	-0.007528290505227966	-0.7425066906527428
-0.7064560970367261	 0.09793143958922053	-0.7009487970598272
-0.751601760531819	-0.527385100373167	 0.39618146028033
-0.6683289487916246	-0.39412373518455485	-0.6308747082989277
-0.8353526519361976	-0.5139267350389773	-0.19510319811663515
 0.7721890305732833	-0.005921839934463432	 0.6353652751560191
-0.4515899717402439	-0.7006659527000819	-0.5523891021286829
-0.993460184136892	-0.0820055086905744	 0.079447838731414
-0.31462119796665405	-0.3233714679101021	 0.8924373342323222
 0.14449638111705698	 0.8054647462267978	 0.5747585044432789
-0.6392412000231821	-0.7058078600255961	-0.30529650001107206
 0.059030629963217285	-0.5839495399591909	 0.8096408583486848
-0.2886402696001981	-0.09090540302352085	 0.9531122717005884
 0.06605284809792539	-0.8079981767326788	 0.5854707231406359
 0.425161809510866	-0.859818219234127	-0.282754426325214
 0.018703690018958597	 0.4526655404588339	 0.8914842009036318
-0.6181762968713761	-0.45018535772158713	 0.6443533267388932
 0.11517044559220503	 0.6918635735210491	 0.7127836727203961
 0.9563647931894028	-0.18217676870265798	 0.22842505837330795
-0.5430177347484046	 0.8373079064827544	-0.06361768221318696
-0.5876216995578697	 0.6760012494913726	 0.4446605996654348
-0.6865965785522107	-0.7145898076777627	-0.13396471581523295
 0.5077841984174771	 0.6167186980779801	-0.6015091481253811
-0.089503618091861	-0.16837885641031	-0.981650479072069
 0.044373298172430305	 0.16167301334129502	 0.9858462593966902
-0.07596867426555627	 0.9899726904292235	-0.11909169884865495
-0.0873605864982083	-0.5655524773302	 0.820072267127942
 0.9218240761675502	 0.14361639628700204	-0.3600204206921841
-0.4036706983936751	-0.7710316969318373	 0.49250389804018213
-0.4826942640945889	 0.8002498902095277	 0.35581787564682893
-0.34703877907976793	-0.4486723988102689	-0.8235636978161818
-0.17727743162152304	 0.8883729081257782	-0.42351657387382613
-0.9098687770657975	-0.13953211648294606	-0.39072957015124915
-0.7901005803306214	 0.5608542460376582	-0.2473531638421981
-0.3987083153086788	-0.7454365786215478	-0.5341872205104837
-0.656797501738223	-0.0928955152458491	-0.748323101980446
 0.5679180946599058	-0.5438600948861219	-0.6178067941908059
 0.273474635956107	-0.656614414300653	 0.702900515308735
 0.5373034585560651	-0.6689780506528621	 0.5135887081784292
 0.317553732585623	 0.372598173033812	 0.871969167099849
-0.288572938916789	 0.23834201910534	 0.927318036519142
-0.5426982544224122	 0.8067266217088572	 0.23381779759693505
 0.03994921944574268	-0.43227509400259584	-0.9008564275014765
 0.7248233627201512	-0.18168697068184306	-0.6645456624939382
-0.399562332001474	 0.363012281818389	 0.841767204216552
 0.9832661965391287	-0.052037842816838695	 0.17458421938550395
-0.38434346642930006	 0.7235283309282312	 0.5733993845107591
 0.7478223328930927	-0.06352851439625859	 0.6608523937196088
-0.658532003409362	 0.21120036109343	 0.722308803739548
 0.11031202090473002	-0.7336572460171272	 0.6705060054991893
 0.5795687049691071	-0.7622007065349572	 0.28835776247232203
-0.25028673227367204	 0.22010204199946606	-0.9428211085648392
 0.529564742699615	 0.795772854056691	-0.293780101497632
 0.148557006384879	 0.988790942497562	-0.0149428206422323
 0.9170975939298022	 0.012187601318010704	 0.39847643039743413
-0.5731287605413351	 0.7687599707261142	 0.28378078026803905
-0.9509132661890942	 0.23014365391814606	-0.20687643352202706
 0.5959478154286789	-0.27182183703727997	-0.7556183495624389
-0.9138978117813448	-0.26704170344251893	 0.30574420394144497
 0.7814452749069773	 0.4669729089080512	-0.41385937789484917
-0.6128877451847321	 0.7887639066725592	 0.047118057398595814
-0.15757681108723198	-0.5242226036169779	 0.8368752657741868
-0.8221998041417012	 0.15506537078111704	 0.5476698027588001
 0.8942458789207914	 0.2738783757948221	 0.35399850749003414
-0.607274205284704	 0.322443722806014	 0.726118506318927
-0.23181781146074995	 0.4617421029095689	-0.8561861553950738
-0.6721175268169539	 0.6412066969633429	 0.37028637824637994
-0.7500884375767883	 0.6383973894266524	 0.17267341714012607
 0.0133085547753517	-0.998056883152804	 0.0608715069724892
 0.555856649655722	-0.796176249506877	 0.239012059851964
-0.30340409618578223	 0.6414900919355645	 0.7045824411424044
-0.8496411581322422	 0.3885021582910481	 0.3566174076105931
-0.04361179930556499	 0.6098429902894089	-0.7913213873997108
-0.33065388750255603	 0.5243021801833971	 0.7847134703408523
 0.956239147869476	-0.183756367668929	-0.22768462711167
-0.9793139669897257	 0.12008020963088997	-0.16286465949937698
 0.30946897630689707	 0.017700269788770703	 0.9507447886541193
-0.248419937468495	 0.561272734280392	-0.78946846195498
 0.34923172075147096	 0.7016436015097859	-0.6210744413364179
 0.9442336843254004	 0.04624479119136092	 0.32601252839875317
 0.7710442973040698	-0.5288076981510419	 0.35475781875960094
-0.3110146816748631	-0.018874763101643606	 0.9502176651170724
-0.6236813676151742	-0.5982638977123652	 0.5030922980762822
 0.82923918454882	-0.306614814286859	 0.467279071293208
-0.26328010788423617	-0.5390115561413423	 0.8000938239597616
 0.589435709597914	 0.799397063016761	 0.116318011894032
 0.976654538849902	-0.198448067893977	-0.0822452192715956
-0.734884579830979	-0.670079281609571	 0.104586857129598
 0.3115100592213049	 0.8459707978852917	 0.4327757989181719
 0.8605157694357966	 0.44081540434291133	-0.25533192093100116
 0.7549705088651357	-0.5799996068105648	 0.30597383359285496
-0.1671216199454941	-0.7289273561456845	-0.6638789600591785
 0.9340693948914135	-0.3429547781243212	 0.09948057945592355
 0.31727022246328096	-0.8476130465808538	-0.4253136833021289
 0.8203592779491902	-0.5241655859107152	 0.22860685385517204
 0.8956879840063295	 0.4440766520704358	 0.02321556358545599
 0.13772900173527594	-0.028241063355814985	 0.9900672524740616
-0.5029942991191412	-0.7697236486520364	-0.39309316931160315
-0.9665528212202095	-0.14792559324763604	-0.20950814459965209
-0.8849348588644212	 0.3414164272780761	 0.31674140675207113
-0.6517210201125501	 0.34062547051193104	 0.6776680609132931
-0.08256939922455932	-0.4116915461336481	 0.9075749914766172
-0.9461946592950428	-0.30068165295377797	-0.11960857117498697
-0.4379353729946131	 0.5116859618148701	 0.7391820381757531
-0.601102639706345	 0.767928486849516	 0.221272356210795
 0.14823120792982603	 0.7297930898078251	 0.6674050906791261
-0.8134000934936874	 0.5718229354260412	-0.10676524914599504
 0.20782075717099818	-0.33164175548546027	 0.9202305574731777
-0.45406308568895687	-0.8643850427565358	 0.21602132319149595
 0.3371209221032059	 0.4545633228358969	-0.8244523451435339
 0.19271064305288993	-0.9509885450654035	-0.2418334038310849
-0.09694146825561926	 0.2847228248766509	 0.9536955828390445
-0.215265585206985	-0.434949690315589	-0.87434518053219
-0.403944524828078	-0.914676680932517	-0.0139782051670721
 0.480137803416536	-0.225032801601275	 0.847837206032989
-0.699942280427062	 0.165509945371738	-0.694756980572062
-0.5878373577618943	 0.7845960237070874	-0.1971200659561131
 0.06680530966602298	-0.9831005950852267	 0.17044139914791895
-0.81985731274037	-0.562988768748699	 0.104295891620731
-0.357630162647054	-0.722307865346272	 0.591922304381203
 0.565182620223608	 0.0037430295339347	 0.824957329518979
-0.665801938254506	 0.535898028595067	 0.519154198638963
-0.09600941752434038	 0.6956256420628819	 0.7119600816416889
 0.0451422335636656	-0.722440109020703	 0.689958308615121
-0.825755178859103	 0.0564601925545121	-0.561195715632326
 0.5370780037274031	 0.06317627443845301	 0.8411634658378032
 0.184844966941731	 0.219255046372415	-0.957997684149884
 0.39233827331603016	-0.13624914767882707	-0.9096740345025734
-0.5666191950353039	 0.7226085636685309	 0.3959539765306659
 0.06945468712927341	-0.022375844685976604	 0.9973341305752872
 0.4438586868944811	 0.7164483111286312	 0.5382297683603531
 0.1616244892924879	 0.6307080372390736	-0.7590025666774637
-0.19229672709655807	 0.6391771303492171	 0.7446304887570021
-0.774098110032868	 0.549387407120456	-0.314556184076874
 0.311431182934088	 0.524612721787757	-0.792333332906496
-0.8613399449951065	-0.23137992208693983	-0.4522795936264077
 0.5813928972339021	 0.4976692776322341	 0.6436672969376181
 0.16009522770592097	-0.15741975774425898	-0.9744683360363888
-0.7093209402123737	-0.2696284324782899	 0.6512789818315456
 0.6375463840922259	-0.7699903290971468	-0.02548531396306389
 0.6920101764412149	-0.006725230159782258	-0.7218564171503199
 0.678550649559449	-0.606254750671833	-0.414757993618307
 0.188920286045153	 0.496450949607322	 0.847257682263552
-0.056178727341504385	 0.5565864132908519	 0.8288881197932048
-0.5404217987519692	-0.31927899926266806	 0.7784633582022442
-0.6806299699401124	-0.2212738699805301	 0.6984129999385473
 0.143469315429728	-0.512694223667921	-0.846499373034424
 0.4914154848952501	 0.8694524732754402	 0.050628232443828414
-0.7081948118285639	 0.5726122095640069	-0.4130077068982259
-0.3983799846431721	-0.9067735105685673	-0.13804053160888102
-0.23000850771378395	-0.9710848903477057	 0.06395484436430789
 0.07467282033845449	-0.6943541031471588	-0.7157488032441309
-0.4592731059467252	 0.2651426834331001	-0.8478016109774403
-0.9837083714796208	-0.15063225563276197	 0.09812116715520067
-0.5344102311314918	-0.7979360867582946	 0.27875384537409487
 0.4513246125637732	-0.8460629235523224	 0.2836963578974131
 0.32375866372849404	 0.4793761455206281	 0.8157075693939132
-0.9791636679379886	-0.05150277094351548	 0.1964331335985969
 0.16269277130946394	 0.38597175310656895	-0.9080511373086257
 0.6932384484433436	 0.43869653534313374	 0.5718092369643887
-0.08966763170013595	 0.9294258576223045	-0.3579487267868582
-0.5163982436977141	-0.23217005716652406	-0.8242753899402853
 0.24878826995034795	-0.27621501994487396	 0.9283370398147248
 0.2215243653742801	 0.4398545208152602	 0.8703188818265983
 0.2017257821905059	 0.5835418063365818	-0.7866293085418746
 0.3980308778943843	 0.9005823952358456	-0.1747076690757821
-0.0535554107149861	 0.930232362418974	 0.363042104846757
 0.5098306369922142	-0.11213063713910605	-0.8529357782382513
-0.7281170261191617	 0.2652874512990819	-0.6320349392704688
 0.769588330686959	-0.167181725804526	-0.616266234534621
-0.9633832835036628	 0.16607690405177797	-0.21050204513561893
-0.25530450012767103	-0.4442574702221611	 0.8587519504294392
-0.8912550989059053	-0.029028336964365107	-0.4525723194444271
-0.7029829175152622	 0.22963302572145206	 0.6731149167710823
-0.9910401037877482	-0.12879659049226003	 0.03536878513517921
-0.5230021517878902	 0.40794414139456314	-0.7483651025582964
-0.10676067173624097	-0.9868134530213928	 0.12166087253682697
 0.523355491027098	 0.135886447670234	-0.841209785577504
 0.9457692972647584	-0.2910221791583401	 0.14431398958263206
-0.8240421519464204	-0.2532317636711871	-0.5067822073469952
 0.5946033120532913	 0.27929792566168915	-0.7539493152834176
-0.2852398467278051	-0.22135002746073212	-0.9325461893020804
-0.0977508456455587	-0.512493377170301	 0.853109201997117
 0.673476987472189	-0.353418673425815	 0.649248787922875
 0.2875111452079021	 0.13136578237952606	-0.9487256571849715
 0.030749483725215906	-0.9003484626741742	 0.4340819220042271
 0.34972405230807696	-0.6019877039729439	-0.7178467047375789
 0.8527758891617903	 0.5008468936345711	-0.14807319811808903
-0.745244196524129	-0.374353498253989	 0.55178849742642
 0.375775516636018	 0.0130981688827438	 0.926618151704818
-0.459892475580655	 0.887898551467724	 0.0116220998883172
-0.0958551317265161	 0.164906872970257	 0.981640217681032
-0.4553278191921441	 0.19318323117179206	 0.8691126602827463
-0.9686297529094462	-0.19070167072891706	-0.15934012225357802
 0.9845946036258375	 0.14353490052857695	 0.09985589036772614
-0.57307315380227	-0.506317853359356	 0.644382954275401
-0.09744786610150863	-0.6656817733687891	-0.7398457204017921
 0.5827599794211608	 0.7911200220634007	 0.18579536343906092
-0.2756770075916911	-0.27393246754364914	 0.9213919853736184
 0.20552312576494505	-0.03406589929803051	 0.9780591798458942
 0.995372232374708	-0.0102618969213862	-0.0955448192680556
 0.634706845624517	-0.658614155459706	-0.404196257213589
 0.5716492831249134	 0.7803974769626666	 0.25337102252048715
 0.25669833853098506	 0.4890436172013351	 0.8336319952293493
-0.26621789835083715	-0.9009856544185876	 0.3425680678778642
-0.02492626177003229	 0.16525023847541492	 0.9859366309038275
 0.32478000378801686	 0.9367850509260336	 0.13019876151855095
 0.22265309146148193	 0.6376584755464519	 0.7374396717199448
 0.19189838294014494	-0.9759240640961928	-0.10366885618606897
-0.611995444695303	-0.684097582892183	 0.396827510076193
 0.6942700271366279	 0.18032792704839798	 0.6967574672338529
-0.4978296682772872	 0.8647286317475933	 0.06640794243809713
 0.4711991299045959	 0.29220041994083795	 0.8322200998314988
 0.27621954088436096	 0.8776463710364187	-0.39171368707288995
 0.4819489058702333	-0.4508894054919223	-0.7512815691507586
 0.7091699710472501	-0.6292484743101451	 0.31800048701723305
 0.7168013921879541	-0.41721251545301813	 0.5586854939111771
 0.21575651572015592	-0.4994273100931348	 0.8390598833560297
-0.33082724099993205	 0.13009232039320703	-0.9346814028250933
 0.8402690749454863	 0.4969536851822072	-0.21676004353681108
 0.237311531487456	-0.0673510804221529	-0.969096006074242
-0.8261301685598487	-0.07509029168697927	-0.5584535725462237
 0.354945421933997	 0.69923264380992	 0.620554153381223
 0.9858106707816567	-0.13323709605099898	-0.10210385697375397
 0.33331751994681896	-0.22060220996480295	-0.9166428398537497
 0.223536136511029	 0.543684975836135	 0.808973573563305
 0.5421057042003629	 0.7472221057896529	 0.3844223329785949
-0.5566239701721472	 0.8288124449262922	 0.05691824808528891
-0.9851646240730234	 0.1715446072266701	 0.004807411622279452
-0.27003010643005504	 0.9620261229081172	 0.039868288949358205
 0.15167370209719402	 0.09034900124925653	-0.9842927136098252
 0.5149956283771376	-0.8543998573076015	 0.06914033978212376
-0.9338197197855	 0.0308992176546836	 0.356407027551448
-0.0014979020340018896	 0.9970694560687557	 0.07648696662995629
-0.4415537488951959	-0.6096591522817159	-0.6582902132613989
 0.17742305012622608	 0.9756596706941264	-0.12887695009168906
-0.8424384144339783	 0.21821542373880906	-0.4926251584404281
 0.6767910751938889	-0.6764482752064529	-0.29046784935361597
 0.5483601981749999	 0.5578440981434359	 0.6229855979266389
 0.09522499827064725	-0.17779154677118109	-0.9794500322124995
-0.2601207563230659	 0.8503475206704116	 0.4574344611194048
 0.7923172248210187	 0.35757435120177494	 0.49434198548631186
 0.6536225458388861	-0.23248460140622207	 0.7202280733768182
 0.7721825828690833	 0.47194398952989414	 0.42544439056149114
 0.3612598663861072	-0.7414291220596233	 0.5654857786899582
-0.6544257414144561	-0.33944744073367106	-0.6756496014603282
-0.775080100601564	-0.549710800426647	-0.31155878024181
-0.046333249165287894	-0.7009469873721589	-0.7117067871783169
 0.254891300190309	-0.733200100547429	-0.630434800470702
-0.16622408987945103	-0.8516255593823833	 0.4970950196394961
-0.12926130172616698	-0.7528756100539679	 0.6453447386179908
-0.95640204127089	 0.00623042687799027	-0.291986844282055
-0.514671145286801	-0.829135492407033	 0.218284098001022
 0.7080412522057857	 0.6929223521586858	-0.13614771042414595
 0.6888054039199779	 0.6227602035441159	-0.37110220211193495
-0.35313219217501096	 0.8971250501207758	 0.26545112411791894
 0.08386554735679422	 0.06952420780879282	-0.9940487686703833
 0.7954108075724565	 0.6017599057288644	-0.07215721068694984
 0.441595901831008	 0.359162031489209	-0.822189573409079
-0.611202114603127	 0.191683714579797	 0.767912318347321
-0.379195496684641	 0.519098755461447	-0.765994293302806
 0.9790485575432092	 0.06923573053343582	 0.19149500147539905
-0.480763437155803	-0.44944709734107	 0.752903595545821
-0.32389127040752796	-0.8747255740938368	 0.3604852493237489
 0.17539946711185803	 0.029514256514015905	 0.9840548437964732
 0.4106956739588259	-0.9042277387161378	 0.11705238112830497
-0.807124981365941	-0.533180637690482	-0.25351069414721
 0.21979108146987805	 0.11106823474278203	-0.9692036564816622
-0.09468837272801423	 0.7337977211410391	-0.6727369593818511
 0.6028352041337978	-0.6241570042800068	 0.49700880340811876
 0.22346294695755595	 0.9071404876492998	 0.35659563514495696
 0.6420904299047616	-0.02039429367935159	-0.7663575879509766
 0.792803429510394	-0.0657245924464558	 0.605923262554183
 0.23836341883142717	 0.8268189959465345	 0.5094636675023634
 0.7174550284611126	 0.3765546549377508	 0.5860587632486828
-0.004195125436608738	 0.22871965744795492	-0.9734832917002025
-0.9659368083627973	 0.24509205212193505	-0.08304196671895292
-0.886626506826439	 0.452945533487381	 0.0934547007195395
-0.273518597853378	-0.8712599931622	 0.407545826801509
 0.19215532526783408	-0.9659593462115345	-0.17320182573459708
-0.6066133956997161	 0.6396834954652821	-0.4720436566536811
-0.855413273047562	 0.500721207637467	 0.132462842020447
 0.7578491555304908	 0.6289846262904849	 0.17332915897776996
 0.8580960560333153	-0.4681736178357932	 0.2109137790250181
 0.5149947465377948	 0.6142507077978367	 0.5978933675901827
 0.32838568637130594	-0.8481052164548518	 0.41578886806709386
-0.2691367276326711	 0.031474846723147015	 0.9625875315330714
-0.9281235983413197	-0.15168082972892596	 0.33996986939242896
-0.15395225790332998	 0.9421602371687527	 0.29771259594546295
 0.4403245176143189	-0.5027901472758799	-0.7438523959698029
-0.5396745017000582	 0.5018660415809552	-0.6759304021292851
 0.050732787442913624	 0.9493264495756405	 0.31017007659408613
 0.35197279135542897	-0.9107700376311788	 0.21590065469740694
 0.701973729759837	 0.655406490439145	 0.278702735934376
 0.40505291963618717	-0.047427958786493224	 0.9130622766380985
 0.3865405595180659	 0.6521333491869279	-0.6521567991868988
 0.13507381603850094	 0.5804637259497428	-0.8030049358984906
-0.134397213353068	 0.76541251909623	-0.629349715701607
 0.185827595324314	 0.685119132761429	 0.704329382278072
 0.009158796100548778	 0.8152597589502347	 0.5790230063567369
-0.7801425502585838	 0.06993271002317969	 0.6216808002060599
-0.9778267397833548	-0.08090672329172918	-0.19315529785861693
-0.16501014556995808	 0.3820130697440612	 0.9093061455877774
-0.6743579623911305	-0.6949696127698636	-0.24951668458479584
 0.986627400293205	 0.159186180047307	-0.0350161830104061
-0.07751505783640748	-0.10219218714762197	-0.9917399723186537
-0.5050141154138239	-0.7339162224002759	-0.4542331138639079
-0.7289532291809854	-0.20637943693694707	 0.6527133503125263
-0.784558359760361	-0.368351599887489	 0.498783799847649
-0.8797132309623172	-0.4238340556457661	 0.21556744778538006
-0.22960289064615305	-0.9631760027105882	-0.13990890039373402
-0.24489713378835196	 0.8690357134432498	-0.4298864066499799
-0.557304624034004	-0.147563896363757	 0.817090235237372
 0.25058137387419316	-0.9658976763873006	-0.06519703840616864
 0.06865580403816621	 0.9590281005331303	-0.27486630015280006
-0.30265528571109507	-0.21096272004006705	 0.9294592561185412
-0.9447616871485924	 0.3081088958088551	-0.11177773847950906
 0.590572829856659	 0.805702029804443	 0.0454749579889625
 0.717660309415185	-0.358055564697431	 0.597293807836064
-0.902730447340414	-0.255339616419204	-0.346236075144503
 0.194843810132075	-0.820658700556286	 0.537173330364124
-0.0541293151966051	-0.190150904203555	 0.980261521670068
-0.7654957241865292	 0.3889620722896081	 0.5125668761950141
 0.34976690367508295	-0.7015636073714939	 0.6208636065235599
 0.29609469719786524	 0.6236323940981644	-0.7234711931533254
-0.884703474040053	 0.112508461785485	-0.452373307179066
-0.4915134516550379	-0.8037786363533698	 0.33519312430905895
-0.6942959205940795	 0.7066521809605886	-0.1363666740448831
-0.572320595714888	-0.647674555150693	 0.502958056234223
 0.946763346343666	 0.109257390732065	 0.302823362029029
 0.11370399105949705	-0.2651490324706651	 0.9574797089218194
-0.8876698670467116	 0.27298534216707715	-0.3708385229438782
-0.110902693156585	-0.836669623813841	 0.536362315266297
-0.200213116075418	-0.562900888966004	 0.80190853428097
 0.860209341053811	-0.393684655905674	-0.324117696629171
 0.10618038833259204	-0.9327822153520144	 0.3444460245909772
 0.030048009393828706	 0.35630025281220307	-0.9338882411602732
 0.8140723096204363	-0.32079010379099115	-0.4841280657212652
 0.6751354415548944	-0.5660038696871152	-0.4731086080972202
 0.42074113807880686	 0.8813879459753958	 0.21478403901925094
 0.588996083271301	 0.470262086643591	-0.657219281333622
 0.7332282669580541	-0.6780916471867992	-0.050675699789761615
 0.3181604359272731	 0.9105652483439812	-0.26390313662181303
-0.19637844742995106	 0.8553093588063743	-0.47945949372520613
 0.763380691280155	-0.645930942621744	 0.00481015014505524
 0.5402219171083981	 0.8414272266473303	 0.012668959401215903
-0.190191463913282	-0.724807214913263	 0.662179513624668
-0.0358923908768891	 0.0975565423834096	-0.994582554298704
-0.6800961025445919	-0.03914110714644709	 0.7320773627390799
 0.1617760639462131	 0.8681312675138485	 0.46922980244105333
-0.706588383423121	-0.680857184026787	-0.19278576547716
-0.10689565580283802	-0.7166023718632512	-0.6892418729375371
-0.5931444972873623	 0.7975733963524443	 0.10980110549784504
-0.8717666813862637	 0.3340382928677008	-0.3583870423478128
 0.8216226721677696	-0.42155716111223684	 0.3837000710123538
 0.909828829483331	 0.0157526528179158	-0.41468464520668
 0.8875790710872178	-0.30677544000682694	 0.34364548880578893
 0.3591103133572932	-0.9300143568991597	 0.07818618037651826
-0.05667000384041517	 0.6527872796808246	 0.7554186112028457
-0.9698148877813372	 0.12958299836738804	 0.20656071739754905
 0.804257147487466	 0.286788279104061	-0.520502568373928
 0.8002206191458927	-0.5725166136978997	 0.17852643427138193
 0.9986669857459974	-0.03138802955199781	 0.04097612941514652
-0.023889739860765	 0.283620448346993	 0.958638994412827
 0.744779812664325	-0.234786183992332	-0.624642680621499
-0.7176450818238652	-0.38709039019598024	-0.5789184453374602
 0.869618049921977	 0.259878776988259	 0.419794555134991
 0.18047985435685807	 0.9326433725143964	 0.31241536754183613
-0.9497398595469798	-0.06302121731568748	-0.30663092693942695
-0.285756259232204	-0.384599058966625	 0.87773966764161
-0.915146087712205	 0.248937706657478	-0.317076735742566
-0.23627190231999207	 0.6705352065840933	 0.7032482669053082
 0.5579037940387892	-0.8197334912411354	-0.12953902861587305
 0.8548056569517768	-0.5093947641426949	 0.09911742080608048
 0.511619569323602	-0.451409969403203	 0.731077599033462
-0.45217886173890526	 0.8381026846882595	 0.3051526944250042
-0.3728424953381748	-0.33007004587297883	-0.8672036891569437
-0.449652521550179	 0.790914202726681	 0.41505100143089
-0.8566001795050913	-0.5055672556099251	 0.10314011114447302
 0.794451695409869	-0.304694698239555	 0.525364296964584
-0.19316795582105203	 0.6694645201740922	-0.7172889216152643
-0.025519504909020194	 0.6975812975130469	 0.7160510374472009
-0.8034030837798932	-0.5938436880107412	 0.043510449121556605
-0.8442546878575162	-0.5301590523749931	-0.07852006887068601
-0.10964388226094697	 0.9024133186085078	-0.4166874385924389
-0.05446662181124781	 0.9970337599339972	-0.05437893581477151
 0.768106961016885	 0.273724057489617	-0.578866855838911
 0.8647187990934077	 0.11957237987463694	-0.4878153794885628
 0.8083540719347666	 0.10977859618859807	 0.5783704299195653
-0.935436431068519	-0.11940043396563	-0.332719431050564
 0.127614322170572	-0.982066766703816	 0.13877842236046
-0.6620595506864456	-0.6352199306586177	 0.39770943041235884
-0.6984227492747621	-0.5756719158871391	-0.4252146617348861
 0.31921769429298386	 0.02178087461059859	-0.9474310830617015
 0.4486465870173499	-0.45457338684584386	 0.7694668777336567
 0.09622393735885636	-0.9077488222527695	 0.40832956000988785
 0.6338537311096606	-0.37746152066080574	-0.6750942511818585
-0.806726993170511	 0.34676971706436	 0.478479175949351
 0.00389873441266403	-0.327161842671213	-0.944960278831844
-0.6990893305476741	 0.09730554729245013	 0.7083824802890891
 0.8887429727931666	-0.24898820237779618	 0.3848906382174533
-0.16915023361688797	-0.7736708165431688	-0.6105912430560879
-0.5026962209213299	-0.6529278271737039	-0.5665525235789169
 0.8299629877606206	-0.5217839611658074	-0.19723827422075915
-0.29379199533570405	-0.4873052422634511	 0.8223258869446012
 0.3709313180424769	-0.8699170719569278	-0.3250449895216909
 0.393987397018963	 0.56084299575648	 0.728168294490442
-0.25096183485626294	 0.9417655806974857	 0.22382079541254796
 0.05096057860248581	 0.8630981163308842	-0.5024586162208581
 0.14838727047430106	 0.2144564806854831	 0.9653961030857664
-0.196033867237061	-0.61940049127005	 0.760206389285504
-0.11389342906882706	-0.5225367957278292	-0.8449754930916263
 0.4998081258343392	 0.7914514434036324	 0.35184719706752315
-0.969555445784539	-0.0374963432237098	-0.241984011443719
 0.9381277539133792	-0.014040993908901303	 0.34600457775510507
-0.11047093674098796	-0.9320006462514335	-0.34521148231552085
 0.39531142667404817	-0.6552367779119623	 0.6437341382997164
-0.3547210279451821	 0.5765216204075241	-0.7360678049855163
-0.0501010478047856	-0.985568835503058	 0.161690925824578
-0.2317596803885401	 0.2873999628825941	-0.9293485416576954
 0.5565588992449	-0.112119499847884	 0.823207998883129
-0.683927196965804	 0.304642648648474	-0.662900027059089
 0.5703686569412652	-0.21790607265187006	-0.7919574096379522
-0.8136565477206702	-0.4056005088939531	-0.41647478859619713
-0.05418805895427529	 0.27690854465620096	-0.9593671414860698
-0.9913610997161926	 0.09418305997303716	 0.09128373997386716
-0.7453909277769668	 0.13035734611353494	-0.6537578505089088
-0.35400560240787415	-0.2624682817852561	-0.8976583061056884
-0.9846731942059934	 0.1588545690652691	 0.07199948957634113
-0.9266831177758448	 0.18021119345685196	-0.32982165632671395
-0.254916362330668	 0.905331672762483	 0.339694289780067
-0.8734376967139399	 0.4741481982161529	-0.11086061558291897
-0.07206005592158583	 0.5553330993956992	-0.8285001490984444
 0.3537731817676132	 0.4219504021082582	 0.8347469041707783
-0.7607522438117561	-0.6475489862206382	 0.04400379506363191
-0.03286125536379631	-0.6482687671767733	-0.7607021384214864
-0.515134338670801	-0.797469613423101	-0.314131865287504
 0.832311496557642	 0.44570463815661	 0.329552648637003
 0.46907094212829176	 0.8463419038400637	 0.2523446711449509
 0.3593748720726088	 0.5222834184790368	 0.7733496829408076
-0.937823556185362	 0.338434559449572	 0.077129932153577
-0.688104856936468	-0.281059794664137	-0.668967187299793
 0.197916139297372	-0.878412196881522	-0.434995648455708
-0.8557173838879774	 0.4536359426635792	-0.24892205694884112
 0.6103035066509761	 0.4354739047457151	 0.6617341672114581
 0.900536472472174	 0.0684983479061252	 0.429350716875499
-0.5262721060417092	 0.8311884495422103	-0.17934166205887803
-0.97200466025667	 0.0641941656773819	 0.226022232385004
-0.21933320243067794	 0.10599813117468498	-0.9698749107482768
 0.0460303571621254	-0.639473902252317	-0.76743360270301
 0.988890700789245	-0.144013200114939	-0.0368154870293829
-0.5507131936745959	-0.34211354607053795	-0.7613627912551078
-0.441369833476102	 0.332015072614855	-0.833641806565524
-0.557041486741104	-0.686007083671419	-0.468080188858592
-0.516534695667299	 0.0657799494482367	-0.85373585283885
-0.199309682892574	-0.587960108533044	-0.783950611377447
 0.6495317024609544	 0.06160278623340143	 0.7578348528712944
-0.11278651275104402	 0.5961675145414831	-0.7948984193888482
 0.223748648100463	-0.135836268846804	-0.965134731806391
-0.41036919877997	-0.889158397356528	-0.202470899398053
-0.45879983683487136	-0.8343139942443065	-0.3056515478913972
-0.950917320462709	 0.141210003038686	-0.275347025925169
-0.36836834912816296	-0.19749421417125596	 0.9084606731881518
 0.6781786393646752	 0.7342901426216502	-0.029861673733311906
 0.595380395818988	 0.0620195595644725	 0.801046664374713
-0.8239459873268077	-0.4570703129697578	 0.33496229484791284
-0.00877707928224159	-0.60163391934654	-0.798723725684291
 0.106422450806614	-0.61883698143075	-0.778276976646484
-0.108419607298099	-0.762642166165226	-0.637669283516258
-0.39832569334044016	 0.9170047446687074	 0.02095090164972441
 0.2721621376861851	 0.9367436920361742	-0.22008867812889304
-0.04871653995431351	-0.9482584991107202	-0.31373956970577405
-0.141628039776277	-0.589390999068967	 0.795336248743646
 0.6736132545936749	-0.07420992050607109	-0.7353489450146778
 0.6933305042536557	-0.5789420035518698	 0.42909086263251783
-0.8131277100613572	-0.15379904190305502	 0.5613993069465582
 0.5261738935306619	 0.7174973911783279	-0.4564411543880299
-0.4832883231659349	 0.8738456457244068	-0.053161867348253886
 0.561280123574832	-0.334780956167647	-0.756892551335589
 0.409566454460907	-0.603174691842495	-0.684423560743662
 0.7739287702878853	 0.5978571079473534	-0.2088088527757101
-0.07845922163994838	 0.9790775204645997	 0.18775345392440795
 0.549221091155717	 0.466813852482747	 0.693138528838168
 0.863477522244422	-0.187065884819086	-0.468415332067052
 0.510076901379579	 0.781798542114491	-0.358625980969957
 0.4395185413630169	 0.8132584025220428	 0.38135839118265297
-0.321177456864222	 0.888664118992579	 0.327293636994938
-0.8941691908482973	-0.42848069561455704	-0.12986820867081603
 0.337120895243931	 0.0862815987827476	-0.937499326773851
 0.83018112062073	-0.0832283120672941	-0.551246183692312
-0.2914809606652661	-0.7985763518226422	 0.5266067412019081
-0.229685627993199	-0.827161092772956	 0.512883065518856
 0.28381204868489496	 0.7117573567019179	-0.6425357470226709
-0.07009573865641881	-0.9529514117340172	 0.2949070943472791
-0.11624123941638598	 0.9630455351648278	 0.24296351878015093
-0.3760921387326029	-0.07382706575120938	-0.9236364368874278
 0.250091248483076	-0.958831544184224	-0.134522999184053
-0.31862527103970495	 0.7599165424796798	 0.5665728418487809
 0.872299219639093	-0.416344089373642	 0.256420885773103
 0.013405550567636497	 0.8795341372424568	 0.4756469201405029
-0.786945508919678	-0.100017041133649	-0.608862346901185
 0.6839080004404468	-0.3657269002355339	-0.6312794004065537
 0.7491395526634567	-0.47564950169110276	 0.4610287216391208
-0.8799736499114023	-0.4686837499528121	-0.07734285999221291
-0.8951690335771766	 0.4200650957563538	-0.14905608559099195
-0.702919247670711	 0.164044071790155	 0.692093977552578
-0.6101723235610877	-0.7911326916514827	 0.04241225955243978
 0.6790936125324329	-0.6431421118689599	-0.35383624652992296
-0.785300962556731	 0.200803938096733	 0.585645094449117
-0.482767262318471	 0.371796079486889	-0.792908220232145
 0.585138991662303	-0.810837688446303	-0.0124339628228274
 0.9181166882677902	 0.3766764651866171	 0.12319329242576703
-0.9352175512955945	 0.3238720569856061	 0.14309095866820107
 0.7822643483127517	 0.1769387296183649	 0.5972898587117188
 0.288041896233844	 0.431943094352331	 0.854667788825193
-0.5607211946380452	 0.8180765421770583	-0.12783783877753702
-0.6537540050755534	-0.6272292048696223	-0.4233074832864342
 0.5869569832141099	-0.6715861407938719	-0.4521654070689009
 0.6277163283144658	-0.5788918707790008	-0.5204386737295709
 0.22305957571687715	-0.9098188825299326	 0.3499628932801182
 0.114883427568988	 0.276993034138638	 0.953979379813145
-0.06812590953399712	-0.009861423932544735	 0.9976279931759074
 0.7915286038136317	 0.5762550027764308	 0.20350096098047993
-0.053320196575167	 0.225822692435958	 0.972708110492639
-0.4441419906592618	-0.2926496238452939	 0.8468140821906757
-0.10128456846829997	-0.8721512468106878	 0.4786372727616949
 0.748738762658876	 0.617448393946133	 0.241138437635721
-0.699181668387115	-0.156333942931498	 0.697642238456719
-0.4006777440210718	-0.8714458387455487	-0.2829125228392189
 0.51995736008938	-0.833720150143316	 0.185889900031954
 0.09888414719676852	-0.3786239492665241	 0.9202531339120712
-0.765897323912752	 0.549230395634791	 0.334286197343139
 0.0690024589119353	 0.00301814845240835	-0.997611924269165
 0.6472040997548059	 0.5696222997841979	-0.5066135498080689
-0.26459323159622605	-0.3873623876969411	-0.8831425719504132
-0.5988482025222719	-0.40273508169626887	 0.6922321029155929
 0.30387753477535495	 0.9491161149151098	-0.08268642129939528
-0.551093466004038	 0.669803747297359	-0.497653425421821
-0.782198808673486	 0.264714902935316	 0.563995606253919
-0.9552835085218397	 0.11364386101378797	 0.27298075243519093
 0.461796632550684	-0.882824345759017	 0.0858198386156263
 0.10916789432579203	 0.7590318883594213	-0.6418356201567531
-0.45041164876804013	-0.4026966688985491	 0.7968467478204753
-0.8596810147317596	-0.49228632843597075	-0.13639180233725196
 0.015065432329263207	 0.5572781536843562	 0.8301891905914504
-0.9415239470488145	 0.24470738403485712	 0.2316267543537191
 0.8571495734816557	-0.34955300918558985	-0.37829525829636684
 0.6221710651170012	-0.08727507352328841	-0.7780014314078613
 0.8337989366892142	 0.05148806979555511	 0.5496619978174441
 0.6253859363806097	 0.7493197256633487	 0.21774383873981792
-0.8991705817158185	-0.05217037893914158	 0.43447729116512285
 0.154867140003654	-0.210050570004956	 0.965347050022779
 0.08653514090027671	 0.4502596346843201	 0.8886945092456192
 0.5675267532660833	-0.09970935881691124	-0.8172951903024873
-0.4294766037870728	 0.7834238469081377	-0.4492181239611518
-0.868909538023711	-0.184767709579755	 0.459191798955592
-0.784441316661929	-0.161973393440397	-0.598678912716242
 0.9927915361345908	-0.09815656460652239	 0.06877684642498129
-0.39962431474039484	 0.8519672314253487	-0.33830791247870085
-0.3874487949231899	 0.8660828886515618	 0.3158858358608919
-0.76027667883743	 0.29588666176389	-0.578299623902825
 0.36072661304335785	-0.3983284344029858	 0.8433331304937177
 0.7250078614582871	 0.19410373842221407	-0.6608232286732981
 0.18895957891692	 0.595756646585239	 0.780620455525636
-0.8085156566946278	 0.5049172516908079	 0.3022598250258479
-0.912354930566744	 0.145305076904987	 0.382746541847458
 0.19390342159030394	-0.9311795076370938	-0.30871700253195095
 0.5316223548859672	-0.05312315048823752	 0.8453139077690033
 0.4262087495847941	 0.5048225876637181	 0.7506665416560632
 0.9382558262191626	-0.2975692924578709	-0.17643276552817191
 0.7556167796556649	-0.41972428869928297	 0.5028665864607469
-0.44635197746129	 0.847647895178846	-0.286815198368685
-0.5667706826777873	-0.6898690289155325	 0.45039062623471127
-0.04763668416040728	-0.9978496033600658	-0.045021277151600494
 0.4609926700739568	 0.5404005118092368	-0.7038842553818057
 0.07729540960468051	-0.8278253657661723	-0.5556352971582601
-0.5189702509953271	-0.10076845419326302	 0.8488319016279652
 0.6252362196175741	-0.20715980649990007	-0.7524390236087232
-0.5961786568030317	-0.09446861107798715	-0.7972745390977497
-0.08574303826412664	 0.9488764807899335	 0.30377879384997813
-0.22086392409205388	-0.6907434127977397	-0.6885438727569877
 0.014622766447872096	-0.8497722679142118	-0.5269471201034769
-0.844757966389786	-0.473051861178781	-0.250211740044876
 0.2369553861617441	-0.9475184546518874	 0.2146180865235691
 0.776142698338081	-0.617867898676987	 0.125864099730493
-0.78759455465542	 0.493963596647986	 0.368367727500274
 0.36339278167520805	-0.9233555296658842	-0.12393648398187403
 0.9658177245340822	-0.12102596680888303	-0.22923533395570406
 0.154277367928231	 0.445961394011248	 0.881655788160369
 0.31869477066500207	-0.8180430017069642	 0.4787894009990631
-0.27320460021209797	-0.6494861005042187	-0.7095964005508848
-0.9697229931318228	 0.09718338331168727	-0.22403728841322995
 0.07746319101687191	-0.7880676503450922	-0.6106953680166971
 0.757869891595915	-0.36179893598798	 0.542894793979793
-0.49174994360276636	-0.8695937063710085	 0.04459572632672703
 0.718749338272892	 0.58701145858945	 0.372581449104711
 0.6063583559273878	 0.032820642320834495	-0.7945139077666817
 0.5128326786091909	-0.6391391733408088	 0.5731524760931859
 0.012964968904569696	-0.9891634527191385	-0.14624490892354594
 0.5805661090668799	-0.3871985060469989	-0.7162543611859659
 0.561274692116405	 0.674899450520445	 0.479042223271432
-0.9277144223423218	 0.30896090744076393	 0.20949727504536195
 0.8750871984100166	-0.4828683691226558	-0.03256582994082969
 0.7670206928271697	 0.11666533890899894	 0.6309266640998596
-0.3471078711193162	 0.061668784975509025	-0.9357954299774395
-0.7118659916423901	-0.4348869548942421	 0.5514708935254972
 0.08246960687102192	 0.6503702153243143	 0.7551273713497241
-0.7531394960850413	-0.6283191367338811	-0.19492552898674106
 0.5664447613366588	 0.12175220243671295	 0.8150562763122957
-0.5713785102743439	-0.7905031542145727	 0.22052519396541295
-0.9552420261402688	 0.04771200130774029	 0.29195245576402395
-0.8778503502625408	 0.17973223005375294	-0.4439314001327679
-0.12029435112576697	 0.25947264242825796	-0.9582292089675247
-0.9722451221035727	-0.16756582380953697	 0.16328232371215298
 0.4676298441529121	-0.6016453424772271	-0.6475686919030161
 0.7356152914903891	 0.6035494930181281	 0.30756812644204606
-0.8799089365272148	-0.16231553673812293	-0.4465578685377309
-0.701484722653454	-0.382162920549749	 0.601556885124502
-0.7959357000238453	-0.5727682000171592	-0.19601773000587208
 0.406676314427155	 0.845156788418485	-0.346878045246594
-0.5065701540495582	 0.6553904923014352	 0.5602231534193223
 0.8646845758836008	 0.4853181864642809	 0.12956404638640698
 0.9780831185286443	-0.06028802629291751	-0.19929567766257905
 0.18267116890708401	-0.9670877442139463	 0.17712294894027902
-0.8367108557235787	-0.29845486420659495	-0.4591727757018479
-0.176790856801731	 0.438641842064665	 0.88110063406028
-0.23277259081489896	 0.7016747624564489	-0.6734014023574689
 0.860205239150057	-0.307656763272564	 0.406686934325954
 0.659919002274091	-0.675237602326879	 0.329486101135414
 0.7630266775160883	 0.5258255189621962	-0.37589601355547314
-0.454203896882191	-0.772266024698905	 0.444189156950935
-0.318530938731968	 0.583927279343572	 0.746704073585343
 0.604384514626366	 0.771602667606114	-0.198365021672121
-0.421528857517878	-0.50663170903567	-0.752088913413347
 0.6779328219975164	 0.6834969721780614	-0.2706270087812861
 0.37419470701104496	-0.8426732157886248	-0.38714360725365987
-0.667430306373188	 0.692405865114857	-0.274063686191985
 0.350104663879002	-0.44795507496314	-0.822656049114658
-0.14700434561731998	-0.42256331614696097	-0.8943321341741598
-0.357302514825173	-0.917993286704666	 0.172114027507266
 0.20565017874606795	 0.9485227942164728	-0.24085786853139193
-0.2718327925095242	 0.7310203098564034	-0.6258723827538024
 0.303334107221235	 0.195723124659425	-0.93256682220088
-0.5978592258935415	-0.5513412638788283	-0.5818824252015793
-0.8459937522924742	 0.46344381577774113	 0.26365583759793204
-0.27004280087267907	 0.5558029417961511	 0.7862315025408122
-0.0489735605974876	-0.924743661282064	-0.377426484604681
-0.840663260941968	 0.521855706792408	-0.144747721884018
 0.313233080083017	 0.256614030068011	 0.914349100242331
 0.0803782027172375	-0.487463876479034	 0.869435629391837
-0.8992365094936012	 0.27597046291353106	 0.3394318835835191
-0.653001693455216	-0.391406496077083	 0.64837469350159
 0.421253115251046	-0.558302806959412	 0.714733368909365
 0.493012991793002	 0.00595970810079103	-0.870001535517419
 0.013545197775885804	 0.7094080882623791	-0.7046677883408101
-0.14856017644315106	-0.6281835249599403	-0.7637508317141684
-0.4802195554695189	 0.5294313239804699	-0.6993508788390449
-0.6179850800771971	-0.3964331064644511	-0.6789221110708691
-0.5848050182825569	 0.5084694758961049	 0.6320299697589339
-0.41274703239477517	-0.2770209016072861	-0.8676977050344163
-0.912181803136827	 0.0797040802740878	 0.401959721382266
 0.530036307132403	-0.847974411410719	 9.54313412841663E-4
-0.5419419068377231	 0.7659590096641642	 0.34584066436349803
 0.160517990245281	-0.91082180139179	 0.38031253058114
-0.386821980504773	 0.0408052379434794	 0.921251153570372
-0.11248629509742794	-0.9751553508446116	 0.1908373001652899
 0.7474219873600741	 0.5310896910185481	 0.3991291932501811
 0.14731957251701105	 0.32414794553819115	-0.9344651159656925
 0.055804131192186725	-0.37123858797347015	-0.9268591099737594
 0.0713870726704618	-0.992434967614373	 0.0998835367405512
 0.20480874240729208	-0.8545604400443774	 0.47726285560967724
 0.13427445124281395	-0.7132662066018307	-0.6879111063671497
 0.5876418068023979	-0.6691101077454549	 0.4549382052662529
 0.12127694836620305	-0.04331732941644542	-0.9916730866405564
-0.928650869123823	-0.32364476317975	-0.181277771781021
 0.4258773003079751	 0.7866882705688962	-0.44693410032320213
 0.06377000170244701	 0.9790387261370792	 0.19343360516403404
-0.956608547199989	-0.232344154177588	 0.175830263161459
-0.6717347464189158	-0.49428819736490087	 0.5517713370584519
-0.13743956069844906	 0.19322072098192108	-0.9714814049369365
-0.9379870108963514	-0.34125265396424315	-0.06104910770919163
-0.9844030685555503	-0.013433242570906504	-0.17541421439680402
-0.3145719596101832	 0.5410007165275892	-0.7799760938282944
-0.4552584080439709	 0.3234930057158049	 0.8295131446566859
 0.3189498003411201	-0.5014782005363351	-0.8042329508601342
 0.6263506532562518	-0.3468035073398419	 0.6981491147758128
 0.9777019605505328	-0.20947522011795294	-0.014798935508333097
-0.7880023724691502	-0.10967021616839402	 0.6058256388339541
-0.8801093913162745	 0.47307164145780833	-0.040133294972029526
-0.011570159966065	-0.389640398857195	-0.920894397299042
-0.2900385369436442	-0.8844163611732996	-0.3656300687533372
 0.432307865929545	-0.771618892734715	-0.466598535606677
 0.502663149182716	-0.341932486246467	-0.793984844504619
-0.46161824997684475	 0.6409083138517987	 0.6133067132552518
 0.13473908894408704	-0.9294225927163712	-0.34353896730778005
 0.28066999781577	 0.200865968436821	 0.938550592696011
 0.8215331834235172	 0.5201950595037661	 0.23341021529036607
 0.7603604579010095	 0.3418372810734448	 0.5522673694225306
-0.28282412862046	-0.443439777837019	-0.850512595851427
-0.3911861977222931	-0.3928805277124271	-0.8322368951542463
 0.483935331037165	 0.770304441650908	 0.415256140889972
 0.06014594657482002	-0.9688930270417282	 0.24005992431169307
-0.5026529400711439	 0.4697888500664929	-0.7256986001027129
-0.24459521091218805	-0.7427602427700342	 0.6232819623244541
 0.6702648100705669	 0.7354296110496519	-0.09944029149406627
 0.14058261988789003	-0.32578214974019903	 0.9349344992544192
-0.2360582007103069	-0.2217073906671249	 0.9461090628468726
 0.5672920974533779	-0.5704025974394139	 0.5939869973335419
-0.5230093577559811	 0.6433239972397612	-0.5591023576011211
 0.37673113247475104	 0.8316857054633531	 0.40788790267942004
 0.2526810251044141	 7.834534158265583E-4	-0.9675493195454834
 0.07801849868355881	 0.7358969875828791	 0.6725836286511941
 0.20028885665578205	 0.28269597527983203	-0.9380657543371382
-0.8173391896088532	 0.4354961144633711	-0.3772264352041751
-0.41533769383798014	-0.07019770233880632	 0.9069547302173913
 0.04477537992911589	 0.6962408388977779	 0.7164103988658469
 0.665752296968074	-0.523455857616112	 0.531759197578297
 0.448612127489054	 0.806528913464055	-0.385043206427845
-0.753076601963976	 0.449587351172495	 0.480361161252751
 0.4246698255838261	-0.9049917405889222	-0.025406469735796206
 0.5373505968760832	 0.8293652951784404	 0.15299523911055404
-0.506253179506656	-0.824620806619	-0.252404919782542
-0.25863635165333004	 0.7859370746363692	 0.5616138818756901
 0.820724907621493	 0.419798463898372	-0.387530483598722
 0.901736126728567	 0.210134786907311	 0.377776824440014
 0.31750758315339606	 0.9481521392791282	-0.014016255580651903
 0.278917907389973	 0.787170820856213	 0.550060814573947
-0.318453704996673	 0.94360186480551	-0.090569081421067
 0.4850803068162539	-0.7956758111806818	-0.3627631450974769
 0.9333521335566708	-0.13013622467876798	 0.3345420120277389
 0.22984469735609395	 0.6290427927641148	-0.7426146914576958
-0.8177232799697763	-0.5022824276965352	 0.2811423131133871
 0.17645087573984208	 0.9748464764637045	 0.13615959671261804
 0.6147443641332491	-0.11479096890450403	 0.7803283925530152
-0.09231095136894976	 0.8469252725597025	 0.5236375377654213
 0.7043581637257921	 0.5036210026639671	-0.5002454026461121
 0.790842394194817	-0.431857796829946	-0.433667096816665
 0.9779411956628394	-0.12477422444662706	-0.1675183892570571
-0.22472950045946688	 0.47401220096913477	 0.8513572017406297
-0.8801641676497386	-0.36739576736730684	-0.3005518060268989
 7.99284085756987E-4	-0.0165220477055818	 0.999863182182725
-0.6295810492053681	 0.7286061222261271	 0.26974213822848303
 0.7662920527464	 0.336697885600588	-0.547202909102101
 0.7598726077105175	-0.5336245354147516	-0.3712660437672808
-0.35544856037343897	-0.4813993469623329	 0.8011934783013958
 0.9214629895245157	 0.20535136766550013	-0.32975259625126724
 0.473448273617491	-0.0593632559612763	-0.878818943838999
 0.936809835752579	-0.187538879149714	 0.295324398661023
-0.807163665851242	-0.207445061503798	-0.552678354006442
-0.5117808680441449	-0.7324640115128319	 0.4489730670569359
 0.9452697787232235	 0.1738293934430881	 0.2761311054694061
-0.7873741048244393	 0.09549469058512003	-0.6090343037317071
-0.294210038158163	 0.808313217465715	 0.509970779473879
 0.6374728438510657	 0.3691315248583419	 0.6762915722587338
 0.9507234220585427	 0.25139022583271814	 0.18146054421022012
 0.40830456022084927	 0.8689717491875806	 0.2795987933034332
 0.234677819778163	-0.0968008099084957	 0.967241399085682
 0.5964335878567669	 0.6094661275914279	-0.5223198393657029
-0.754298023273975	-0.479257345726494	 0.448716935998821
-0.06296981959313051	 0.7377955952328511	 0.6720806956574571
-0.04727258111136638	-0.7908871185935556	-0.6101334843440838
-0.9560259920755705	-0.1845402084703601	 0.22794563811057508
 0.1847259303905919	-0.7826419516548514	 0.5944307412568897
 0.862768743618293	 0.321481160169763	 0.390230648067544
 0.5473241180077643	 0.32699781075870615	-0.7703951853471284
 0.7865623905322853	 0.6011957927635111	-0.14100788830271302
-0.910601986154909	 0.413101313719072	-0.0123015208129636
 0.14160385888307697	 0.8922668629621058	-0.4287285766183359
 0.132005940975876	 0.26216644193811	-0.955951457067034
 0.2566223901129441	 0.6724811740908841	-0.6942002732540992
 0.9560753176072753	-0.28311494521390207	 0.07593362139840891
 0.30784449479195003	-0.9221757543988183	-0.23414449603879106
 0.25107026644898195	-0.9679630648630648	 0.003350576986062799
-0.6050119556629058	 0.6270945162345917	 0.49062511270159176
-0.451012018064464	-0.397844398292635	-0.798941796571309
-0.32905584757230805	 0.05482593559550791	 0.9427175430448652
-0.3228545174730311	-0.5427117957522161	 0.7753894939310572
-0.44196056532637323	 0.4955511647596652	-0.7477298320929372
-0.6324640916227661	-0.7626481598984273	-0.13548784820541102
-0.956482938120169	 0.252751996860737	-0.145797178189151
-0.5412151896321281	 0.34412723340767404	-0.7672434853021822
 0.08595143149401964	-0.2040430235467041	 0.9751814169507375
-0.9999712217568618	-0.0067693741472845785	-0.003425088574521319
-0.5494242343008477	 0.5891893546121257	-0.5924431746375968
 0.20344075556019406	 0.7954526326403762	-0.5708475875420621
-0.20239777672881	 0.748626187900566	-0.631342989796118
 0.3881541487929739	-0.8389677973910987	 0.3814044988139629
 0.253219757577319	 0.854670665575066	-0.453230413562415
-0.30883287755083194	 0.9463233324952768	 0.09536458524372057
 0.31782662519751204	-0.7778406882465152	-0.5421716518075691
 0.18551100398237608	-0.6744724644789424	-0.7146135753406543
-0.130861820005061	-0.0543850300021033	-0.989907800038283
-0.29698709678384017	 0.9316040899113877	-0.20955305773068914
-0.5086802051220451	 0.7819009078731822	-0.3603823236287921
-0.13314870559770903	-0.5751043841779812	-0.8071718339343362
-0.988976384704218	-0.145998303646977	-0.0247023446170543
-0.6630257565741373	-0.7446744586151693	-0.07652971191306893
-0.3348972121309418	 0.9417641778714285	 0.030398858285719987
-0.851661984522195	 0.151387047248745	-0.501750760881359
-0.011879396862364996	-0.13561231842879198	 0.9906907585218278
 0.9891367580578534	 0.07928439984432704	 0.12378391575695305
-0.05804289312274678	-0.9713433685843118	 0.23048445254555294
-0.7400917909038561	-0.5215384335900001	-0.4245724947817651
 0.6839221631594931	-0.7141026615337751	 0.14935817195459503
 0.962910667619944	-0.26366732482475	-0.0572938740483993
 0.116747381797578	 0.939516264465879	-0.321992604957771
-0.5352629308567179	-0.5070550913385599	-0.6755654884600909
-0.447308762601705	 0.873359066030269	 0.192766212502263
 0.6158816031920797	-0.2865238214850369	 0.7338896038037087
 0.7217723854594902	-0.06034993878421663	-0.6894943861097482
-0.407535107916925	-0.245606154771235	 0.879541217086288
-0.804044012609099	 0.566891258890046	-0.179297312811759
-0.8573669178650714	 0.08322091173408554	-0.5079333105838753
-0.2060945209944989	 0.009081657043823077	 0.9784899447216545
 0.2313673554644881	 0.9080623821991844	-0.3491301431559752
 0.7452960065447749	 0.4043664035509209	 0.5301147746551729
-0.0838806993088685	 0.64909493465181	-0.756068643770404
 0.714504607145651	-0.508667655087107	-0.480354434803951
 0.211702927032561	-0.498209493016599	-0.840814588214304
-0.12566964021063906	 0.8101793013579713	 0.5725527409596762
 0.48902728987092936	 0.8640419821033666	 0.11951469752452909
-0.8457749378115024	-0.1852120173309021	-0.5003611327892752
 0.7349974724979463	-0.6282182492294823	 0.2551872778111691
-0.5973815765739857	 0.31133471779116784	-0.7390574710182376
 0.230082819626	-0.587496599045024	-0.77582835873889
-0.18392567464459905	 0.9546444641072442	 0.23414801591284407
-0.9514091982980057	-0.28068637949787495	 0.12663211977346497
-0.7030377519488054	-0.33752277573652517	-0.6259523106386633
 0.042036730225367684	-0.13087850070166698	-0.9905068053103138
 0.141036996235058	-0.851933817257873	 0.504298856537888
-0.71417947792276	-0.698603278404263	 0.0436019806521436
-0.9139520062467202	 0.3880979726525901	 0.11862417081077803
-0.33814156466837203	 0.7120831698309991	-0.6153030484948551
 0.5182310225301299	 0.3132007954854699	 0.7958277885288028
 0.9253601599075992	-0.07038356151418641	 0.3724979580136801
-0.39340128364030286	 0.6096690211388988	-0.6881417838597647
 0.04105838746428351	-0.9273821427259972	 0.37185557703464805
-0.180370852941814	-0.0555773649064562	 0.982027246016676
-0.40398589834820114	 0.9000321963199904	-0.1635158693314241
-0.5963824390927197	 0.4715058192826958	-0.6496231590117246
-0.6410209098314966	-0.49813762764006075	-0.5839101789555757
-0.7361344909790997	-0.6142347675050788	 0.2842915081020249
-0.950765310560542	 0.179237371990863	 0.252822642808205
 0.657391832042625	 0.506397586167198	 0.558029984756802
-0.6931133805814512	 0.3573404499886031	 0.6260204824611533
 0.1579359773165369	 0.9680437235521375	-0.19480137669016392
-0.855187354690378	 0.480113397019108	 0.195309278787379
 0.436507590073911	-0.89508768065722	-0.0909899320999049
 0.999429780420043	-0.0204583724179992	-0.0268620365488369
-0.027873674485444408	-0.4500467878379581	-0.8925698555448842
-0.22902986348320692	-0.9708069747645436	-0.07126808108388247
 0.252433149374575	 0.924550827709345	-0.285452749292766
 0.7159108943439622	-0.6567701648112021	-0.23690618812832806
-0.024869095121803207	 0.7781090725228073	 0.6276366778364051
-0.28264767119034495	 0.16985025071530893	 0.9440663039758498
 0.9721965757963648	 0.16829655581011796	-0.16281918594648198
-0.9376300614822488	-0.24913462039384293	 0.24244960038327595
-0.11689234529347906	 0.34227195085933315	 0.9323015023407054
-0.790471570295274	-0.42006911078523	 0.445754011444687
 0.38004999102108017	-0.5009804281640222	-0.7775478216299433
 0.4815233323410641	-0.28756440139807704	-0.8279142440251422
-0.04561064947275022	-0.5074018941345371	-0.8605015900527772
 0.013834459961835204	 0.22361982938310607	 0.9745782573114562
 0.8242135390344574	 0.4898530075395952	-0.2841057427731941
-0.37402793571357007	-0.5575437936104441	-0.7411126915067101
 0.114800024566477	-0.953709754860601	 0.277954416844325
-0.9940933116564075	 0.10604200124341304	 0.023099387270855712
 0.868605974805503	 0.184759804640918	-0.459768936664094
 0.48217203437782014	 0.5786915332523921	-0.6577432923306401
-0.5978480607035601	 0.7111735308369241	-0.36987823043528106
-0.323469582829168	-0.430620553766344	 0.842575437369433
-0.8129700511963527	 0.02375698832718499	 0.5818206780129268
-0.9364453227406673	 0.35061660851438503	 0.011753780285429203
 0.5245214928663552	-0.4998253532022302	 0.6892400306261354
-0.10928941588114102	-0.9705855634209273	-0.21452153191519105
 0.0836445608529044	 0.337568883442113	 0.937577109560259
 0.730683918214433	-0.352258478781072	-0.58482046457836
-0.055295795225025035	-0.8177996033280176	 0.5728404523311613
-0.6086010439824072	-0.7898149181457363	-0.07613911174927093
 0.495637821117435	 0.434726968522231	-0.751901332035948
-0.956618972683623	 0.274617083641094	 0.0972913072899663
-0.7394127885568802	 0.3106562451922981	 0.5972950907562872
 0.3622272996200319	 0.8060344491544887	 0.4680810295089939
-0.7115361974964812	 0.4924624982672851	 0.5011954982365591
 0.3357613005573689	-0.15869947026344294	-0.9284820015412938
 0.27279046137669394	-0.039487480199281895	 0.9612627648512148
-0.136562804767766	-0.703635954565781	 0.69731416434507
-0.109908459360964	-0.992423794229793	 0.0549103196807373
 0.459467453213628	 0.875350468019588	-0.150503214501454
 0.08148822150656101	 0.7164418832456371	-0.6928713428098631
 0.8117800841321106	-0.4755041907053053	 0.3389820933739072
-0.334003411864351	-0.842310649483012	 0.42303012969584
 0.0768873203989827	-0.743974453860623	-0.663769803444426
 0.0394492387139112	 0.0413361026523973	 0.998366207452157
 0.519287222829886	-0.168196657394579	 0.837884636836668
 0.3612900319500952	 0.6122755263578863	-0.7032696443304464
 0.586164859508377	-0.740264137265956	-0.329271566576002
 0.5867985627997999	 0.5243920114385299	-0.6169930834584308
-0.9840060598058086	 0.014939765148877593	 0.17750740176889493
-0.4636262763081279	-0.8858872820534378	-0.015949903217015397
 0.670789946952691	 0.113155657799047	-0.732964285743358
 0.273246794420692	-0.473308940335709	-0.837445422900564
-0.519249262656638	 0.720595803686789	-0.45948002235084
 0.149256805453336	-0.493082124979721	 0.857083673891498
 0.016098638920310396	 0.34032946831534094	 0.9401684353460877
-0.15774812384296397	 0.7685642187232947	 0.6200198151045468
 0.5690349010907348	-0.8204613315726728	 0.055158723105729085
-0.9136796790567212	 0.40286553840261313	 0.05374757712101932
 0.6341043864039292	-0.6933632851333372	-0.3422849426609401
 0.668489274397974	 0.620746276226452	 0.409629284311881
 0.275694974740176	-0.8811617151503	 0.384117576604346
-0.6010186147369629	-0.30134687738901794	 0.7402477181508569
-0.8028027365635476	 0.2574158988981139	-0.5378148576978468
-0.9360856255321024	 0.09687997850264814	 0.33816855477335417
 0.8755822930800315	-0.4607536763585363	 0.1451264888530251
-0.350611330480376	-0.90038710123363	-0.257633000352986
-0.6566428359681739	 0.27646959409211097	 0.7017013250053169
 0.98877079602518	 0.0141367539431708	 0.148769839401951
 0.2521122007853989	 0.23923805074529195	-0.9376591029210648
 0.0765441502373785	-0.863595962678181	-0.498340251545451
 0.28840512155725917	-0.41633934224804725	-0.8622552046557945
-0.906941016663379	-0.301207425534134	-0.294503105410955
 0.90785432752605	-0.128723143902873	 0.399037432098774
 0.959887612500522	 0.186996072435231	 0.208921612720766
 0.867978469356385	 0.399695708913428	 0.294714636572294
 0.443916272852202	 0.869462325172552	-0.216733956274851
 0.5037254567501012	 0.6973062816581881	 0.5099260865870011
-0.25766460105522393	-0.5909656024202039	 0.7644400631306407
 0.9196250532822742	 0.3925219056692491	-0.014707649212424604
 0.938750390792396	 0.238726747658482	 0.248510047562523
-0.45279810003557	-0.778429800061151	-0.434765370034154
-0.03570126018586621	-0.21612063112515706	-0.9757137350797133
-0.5276164483580318	-0.0030012412475429987	-0.8494774134566677
 0.9641531533939675	 0.09925341120220654	-0.2460842481045761
-0.49411151690489524	 0.014118968983048206	 0.8692838797405593
-0.598370675571984	-0.777295368267522	-0.194330762066598
 0.32900483204701	-0.162406885946774	 0.930257934062801
-0.14724363156983297	-0.9139794097443598	 0.37810177403111894
-0.15488357635455804	-0.18615585561851308	-0.9702355771638974
-0.32757800976952295	-0.12120607361478897	-0.9370174679451417
-0.544584393421442	-0.556670793275439	-0.627332022421854
 0.9532545038236367	-0.23722915095155894	 0.18715817075071797
-0.5753958966579682	-0.6027162964992853	 0.5528585967888702
 0.17355378084330791	-0.39454362191711084	-0.9023383043845146
 0.195286987938746	-0.15379541837669	 0.968612389776298
-0.23133318999904012	-0.8551033630323054	-0.46398619994102125
 0.6870066983637241	 0.35113644916368203	 0.6361799984847811
 0.7575331188340167	-0.6042494910934059	-0.24703466635872695
-0.431111717641785	 0.735995695974046	 0.521970327144781
 0.154452383280903	 0.475015310090352	-0.866316868402443
-0.699944012959938	 0.64267267189952	-0.311528835768168
 0.368190179728158	-0.778296320563802	 0.508616583438443
-0.169974731825692	-0.954264470249719	-0.245942902641664
 0.135984777261338	 0.797596683936822	-0.587662888164779
-0.6757443458048117	-0.7021946256406016	 0.2242594186077419
 0.8663923744688963	 0.4992878252868401	-0.008713264743234972
 0.3068237386769031	-0.9373901765091734	-0.16479942466048908
-0.27830652824849605	-0.9551525596686472	 0.10113883572940903
 0.955178802192557	-0.126290260289892	 0.267739100614579
 0.5336054294899961	-0.3951020574092151	 0.7477697572447031
 0.375652610802173	 0.734407681118445	-0.565270266254771
 0.378344731807504	-0.811128422436212	 0.446011150342287
 0.08515363732850251	 0.5549105225909721	 0.8275404340378423
-0.018887299821514	 0.606121094272122	 0.795148092485807
 0.28548434668098305	 0.8997834510569792	 0.3299824677223401
 0.30838040484921	-0.946482074883209	-0.0952533874978372
-0.781077491729842	-0.269275897148869	-0.563390134034747
-0.7530950399828076	 0.4550186760315943	-0.4751903462989843
 0.665168948700392	 0.704044809208888	 0.248739173253502
-0.9926092416790925	-0.09891280317433464	-0.07030754370231113
-0.5821866803507872	-0.8128827725646314	-0.01674118543497311
 0.9945268096817682	 0.08878729086434872	 0.05507487453615671
-0.971252889237117	 0.237654417366446	-0.0137187118479769
 0.33942990266993694	-0.043959096345779894	 0.9396036073908718
 0.501288828887041	-0.600357898667089	 0.62312109861655
 0.98906514618145	-0.066808666364703	-0.131479042845758
 0.432299517042989	-0.107319779265912	 0.895320943875834
-0.1376836573516751	 0.9419328418820616	-0.3062772141088032
-0.456228184649341	-0.22483682243494	-0.860990271030356
 0.4596922617620828	-0.8624089845451957	 0.21197586620128592
-0.5558189908723131	-0.6459262293925682	-0.5233015914063162
 0.19504202724242292	 0.8881770874426186	 0.41605296411768683
 0.15080936268643802	-0.8834529157373622	 0.4435848079017851
 0.7629080326304247	 0.6380156938368658	 0.10443805899114397
 0.959084366852319	 0.0427033185240965	-0.279881410326795
-0.146516703758828	 0.37239590955367	-0.916435563510792
-0.9982559925994144	 0.04500791901892962	 0.03820026786481191
 0.429305086894116	 0.890755414304446	 0.149170822395502
-0.0669842004578618	 0.779230105326326	-0.623148104259448
-0.6837420448875873	 0.6994736947699602	-0.2079263484453121
 0.343390813729603	-0.507326650736097	 0.790381185567455
 0.21883217707342714	 0.7215215833221205	 0.6569011212333594
 0.485535798623532	 0.382279398916259	 0.786204457771153
 0.418161437950496	-0.224558483529249	 0.880178674637268
 0.026839094051877108	 0.9173555417731503	-0.3971630307676741
-0.6996158383544737	 0.29406791930833986	 0.6512002284683497
-0.2953030485907401	 0.26647139872833203	-0.9174906556215062
-0.8209097376066576	 0.21972605935939388	 0.5270935984632718
-0.10971076031337103	-0.9534896627234842	-0.28075080080191805
 0.0500792049942494	 0.605222712015812	 0.794479415773228
 0.738406264226084	 0.512294016807656	-0.438532814387653
 0.7245527032361959	 0.3862770817252969	-0.5708006625494659
 0.3630108414308302	 0.8799013292292045	-0.3065889427627161
-0.0966261211451327	-0.466021005522895	-0.879481560422887
-0.4973907504876381	-0.6077807505958631	-0.6190355406068971
 0.5379660945476152	-0.7534705323634383	-0.37798761616902615
-0.195016970195348	-0.170089620170379	 0.96593887096758
 0.2536690054636299	-0.31000130667693887	-0.9162702797350155
-0.9350012434518388	-0.20120885859085993	 0.29204052795473195
-0.31827430653792416	 0.37787288776218514	-0.8694328878597073
 0.336298552175256	 0.920885478573524	-0.19716292541256
 0.9130899368058483	-0.18965384141361205	 0.36096840269053004
 0.4865224724237342	-0.7639363438057414	-0.42390700211179916
 0.976782186076208	 0.133668418094589	 0.167419577613475
-0.7889611156722487	-0.03654847072601389	-0.6133551721839398
 0.9180523223688978	-0.3926812095679139	 0.05460220733041569
-0.8879095167584424	 0.40588557394695374	-0.21650309677124985
 0.921470753039303	-0.379594897132579	-0.0824582643771186
-0.123630110826467	 0.436054652915024	-0.891387645958925
-0.249009036984029	-0.0399208595164828	 0.967678058279587
-0.43580361466691286	-0.09358305385479018	-0.8951633490455608
 0.138651676763857	-0.839159530413939	-0.525915387725087
-0.683480731994696	-0.331312716119482	 0.650450592381563
 0.257453175787137	-0.821217558459661	 0.509234311446775
 0.7128126250767122	-0.2982172104912661	 0.6347949723320552
-0.09126463240041334	-0.9033418237594094	 0.4190994110230192
 0.7762902231562178	-0.6272664563897039	-0.06253224864318839
-0.10987024950296306	-0.8424141961890426	-0.5275100476136223
-0.9818362045847983	-0.16493906077020204	-0.09376979043786893
-0.43274888220606217	-0.5595634628525352	-0.7068360036032993
-0.09676935694088168	 0.9783877690707468	-0.18273769422320998
 0.198379811937012	-0.769067307509294	-0.607602605932727
 0.120350234899042	 0.430054873212602	-0.894745006683937
-0.407662571627383	-0.451200931801187	-0.793869603169116
 0.4727372304845509	-0.8810408636290368	 0.016926533301241997
 0.28862279728906404	-0.5948360544129061	-0.7502445929532062
 0.621058985236036	-0.520562337625067	 0.585918586071402
 0.7161425518073351	-0.30116520496543403	-0.6296343103810391
-0.7919557939064357	-0.2202342183054469	 0.5694759956182668
-0.16445923208952193	 0.9675884122936066	-0.1916398324348629
-0.6499104354984672	 0.7537738531809492	 0.09716688783190303
 0.949462386179105	-0.0699600676658167	 0.305984911659504
 0.8996767485591892	 0.35193697334819707	 0.25830624245742906
 0.007920617714808011	 0.7387999733985601	 0.6738782257361511
 0.826172276386411	 0.552609844205351	-0.109825906860965
 0.3729272470198151	-0.9258376926013242	-0.06123589951064371
 0.5325932794256304	-0.04629992521140863	-0.8451039673531717
-0.10947983432147	-0.0666309126301055	 0.99175323914723
-0.50668079602717	 0.346341577284373	 0.789507493809556
 0.780336971468171	-0.184113873268158	 0.597642278148124
 0.8004051901526128	 0.34896116570672997	-0.4874193640032779
 0.9239484024883038	-0.15421902041532998	-0.35005120094272996
 0.13767812800069906	-0.8732133373195793	-0.4674860432113732
 0.566677926073064	 0.0850135539115055	-0.819541837707427
 0.214102396635019	-0.884283127403876	 0.414974112860021
-0.542535404242313	-0.0748911355856053	-0.836687906542415
-0.6300614489637206	 0.6609915989128486	-0.40756922932965983
-0.328472581502469	 0.631104232886739	-0.702718443214311
 0.0720613761257773	-0.318675862867088	 0.945120549187656
-0.2314176327099571	 0.9518846111468015	-0.20090188235261008
-0.3194556392902119	 0.8411744717995278	 0.4363182353723799
 0.792362737821534	 0.0520543861999339	 0.607825330657839
 0.012824601023865801	-0.9767193637377032	-0.21413737204980102
 0.905526088938137	 0.394737625177904	-0.155578628099459
-0.021087530452963497	 0.9370495901279727	-0.34855900748710195
 0.568573044609735	 0.753411749606479	-0.330295971059473
-0.247981820855691	-0.694563702396675	 0.675341602330346
-0.766244627591098	-0.590193012739745	-0.254049952570283
-0.8215316588323353	 0.12387248133176003	-0.5565441059834381
 0.42185572345634487	 0.5977258748972829	-0.6817342055855798
-0.0190182039359481	 0.397882719581112	 0.917239145140344
-0.10853883929652997	 0.9863234936073668	 0.12403743919607897
-0.5345896973289622	 0.8365349958203153	 0.12009602939994905
 0.21085245576928502	-0.6527449369027962	 0.7276436553999672
 0.38604454904902885	-0.45483843709754485	 0.8025531772338796
 0.6713185481686231	-0.7061764191120191	-0.22504726609069906
-0.4546459262097011	 0.08541483928791231	-0.8865671926088532
-0.262812528633332	-0.598212696889196	-0.7570146260634
 0.9263716144036362	 0.15695048735758602	 0.34234803423623905
 0.393810404776844	-0.862755410465057	 0.317122163846631
-0.232426554961366	 0.406029828667094	 0.883808618865737
 0.236881836292463	-0.55435169132361	 0.797860387512354
-0.5555487222567049	 0.3670698547057589	 0.7460732798896069
 0.672005357050772	-0.739976466752468	 0.029045287872529
 0.08915163872393908	 0.9732082360701048	-0.21193799696645194
-0.04791804775611582	-0.9985747949176444	 0.02349977988039531
 0.5037460859337781	 0.23789782335712206	 0.8304483768111912
-0.12032839074048908	-0.7969592049044105	 0.5919266036426595
 0.78650144553522	-0.604141631207674	-0.128173186013067
-0.21482217070426	 0.817995002681665	-0.533606231749342
 0.06908146071007258	 0.9940576102176918	 0.08412621086471418
 0.996166591850425	-0.0874504092845738	 0.00213241578255484
 0.410344851002008	 0.185202051425585	 0.892926258659636
 0.6856415958130461	 0.24506359850348905	-0.6854483458142271
-0.3965675133306829	 0.7670429871001708	-0.5043602515178669
 0.33634532807863876	 0.7782030424175155	-0.5303506812023486
-0.6904146260389021	-0.7232171272760451	-0.016871009636288004
 0.8109142248390623	-0.15170784464695306	-0.5651573673112992
-0.759448054980175	-0.0642271904211778	 0.647389774245339
 0.4567102950355359	 0.4456099551561969	 0.7699658916304318
-0.23016336690484906	-0.26743083640369003	-0.9356845474172623
-0.12950217404127307	-0.36225901333153315	-0.9230371575286924
-0.8084004980567437	 0.43663584895040186	 0.39476292905105786
-0.7147394545165531	-0.4871707398945701	 0.5018089101918751
 0.607836889461485	-0.718039487550822	 0.339048094121674
 0.120828845914172	-0.776847845877511	 0.617986904675593
 0.9802648668385888	 0.10652590791656397	-0.16653234455947497
 0.7602078421749847	 0.39813247637622584	-0.5133951382221957
-0.3997730051028331	 0.23230183296517606	 0.8866890113179873
-0.66536038623647	 0.0629225786983944	-0.74386578461252
 0.381655539010708	 0.732507598101263	 0.563712398538798
-0.38669102119074483	 0.8194753313314327	 0.42300146036355185
 0.8700872318741494	-0.06389772234078323	 0.4887384679040932
-0.226033396956493	 0.899690487885796	-0.373451374971531
 0.5819702107569789	-0.4005244074031839	 0.7077364430816079
-0.03531489536945491	-0.8884548592947752	 0.4576033447873231
 0.8027233055598252	-0.27110705187774303	-0.5311650036789571
-0.3836994468520441	-0.8434021430805402	 0.37609514691443113
-0.18573885391369505	 0.24054144506843805	-0.9527018900743373
 0.25953164536919593	-0.8141274854735828	-0.5194610307312949
 0.7239601745426711	 0.6859941637800231	 0.07275763146153111
-0.6661276995694394	-0.10827425993001506	 0.7379366995230244
-0.8237221888596826	 0.5575484524595128	 0.10306055860617196
 0.6585325357073549	 0.6732329751650699	-0.33629192759450793
 0.841185809487697	 0.244607482758917	 0.482258865439376
 0.6983727076061621	-0.24856013270713406	-0.6711880673100871
 0.3771857349626698	 0.2476744032586769	 0.8924059117414725
 0.258071362195395	 0.58739880499696	 0.767047466525219
-0.33075559817406386	-0.3920507978356838	-0.8584269952610537
-0.289698487485464	-0.822903521262847	-0.488778662629458
 0.15464646444392105	 0.5503836802260242	 0.8204646705226574
 0.329597310319337	 0.391572138499063	-0.859090724767489
 0.783997950080929	-0.385703180039815	-0.486395180050209
 0.42202723875932224	-0.7335580752252532	 0.5327152710566913
-0.14334375730574303	 0.9813517815547342	-0.12806735759287502
-0.34232573038283404	-0.26111280791962405	 0.9025703273752073
 0.2366266120048369	 0.1753943414860419	-0.9556383580967176
 0.5417217628412792	 0.3638979519086101	 0.7577043039740872
 0.6514981222174011	 0.6899438811680271	 0.31548001138899406
 0.6307002037399883	-0.7244848042961213	-0.2780989416490981
 0.23767550929515505	-0.7445588291186491	 0.6238128743964451
-0.3654966610744711	-0.5733204859993563	 0.7332910820928312
 0.6389197617611201	 0.22998868623534505	-0.7340890560653072
 0.10484244290936903	-0.5404362149970611	 0.8348273831663923
-0.5341030451874902	-0.21197893205885107	 0.8184124079488523
 0.16174383613028104	 0.8318605715284882	-0.5308925701214491
-0.014492600092818907	 0.6607800042320153	-0.7504397048062473
 0.680578553221336	 0.724250924711436	 0.110785517780001
-0.299061778923792	-0.498761678205148	-0.81351019707249
-0.9707185594891617	-0.21430780988722095	 0.10852483994288897
 0.3019237044570982	 0.9162513135260075	 0.2632975638868862
 0.4011715148123911	 0.7629799281713853	-0.5068757687152932
 0.8837833632028105	 0.3370339688484751	 0.32455364852081814
 0.4573600891781712	-0.16657204605865408	 0.8735419293306813
 0.6870698284065181	-0.6757450684327821	 0.26702743938069806
 0.25603946977724196	 0.6759141694119448	 0.6910743993987548
-0.27507307772107215	-0.1589682986829781	-0.9481897921444297
 0.175732374886235	 0.53095961476332	-0.82897528304964
 0.3515246563956802	 0.9273567168724357	-0.12821831233281908
 0.023839685863112192	-0.4912066971794839	-0.8707167450003308
 0.8489675832328453	-0.4199092917067691	 0.32082741366364204
 0.05505691497229701	-0.06394853996782311	-0.9964332994986252
 0.5312392215583303	-0.6410194860133464	-0.5539665224806323
-0.4619954112468773	-0.7330600461111945	 0.4991825405423173
 0.2754032331004479	 0.9566068107693345	 0.09516548107135855
-0.5487489079102098	-0.7586733109362677	-0.3511259650614768
-0.170442611484886	-0.814256507093757	-0.554919504834428
 0.9613444192154712	 0.27144745542572507	 0.04618643292318011
 0.448470186895408	 0.634918109762119	-0.629089409672501
 0.0294773032077801	-0.0796541628592475	 0.996386623221523
 0.24407526874116012	 0.7554154361038783	-0.6080910968637163
 0.8040426478685092	-0.5945316658181962	-0.006893384367459932
-0.337238345538127	 0.710027711660073	 0.618167410151544
 0.17447618751039998	-0.7408453318899949	 0.6486187279200619
-0.6295761462863552	-0.043412959743922404	-0.7757249454242752
 0.9811175854453726	 0.1653593175469371	-0.10032237851174307
 0.036547209632404806	 0.9991274399506832	 0.020215345796672203
-0.7095119884687263	 0.7011437286047303	-0.07064141885190733
-0.46762689572009825	-0.6904781936804772	 0.5518740349490362
-0.561134509945902	 0.440713207811479	-0.700642512418629
-0.6175090691926601	 0.7250699990520331	-0.3048869396013861
 0.247264709513987	-0.966142058100992	 0.0736864098551651
 0.7975085302418552	-0.5278292235415941	 0.29219249642479506
 0.7578226450944	 0.591599651783551	-0.275163025480729
-0.4006776526084892	 0.6933480545138292	-0.5989373038991972
-0.4185993676977483	 0.5539428569533733	-0.7196678960419034
-0.432253031258883	-0.3394823709887	-0.835409502433027
-0.5184303088658583	-0.6916236118276976	 0.5028785085999014
-0.4886913172622089	-0.8690726306985468	-0.07676951871175569
-0.7907133593252642	-0.46927102366477813	 0.3931374946925911
-0.12970923870262602	 0.5510043444887611	 0.8243601917546092
 0.36693054552524385	-0.02329529635078079	-0.9299566140032965
-0.7278979995130604	 0.4296886997125523	-0.5343520596425363
 0.8927379081923508	 0.3902126835808484	-0.2252844620673582
-0.11529029099397403	 0.4498657038785121	 0.8856235076353922
 0.7066118023976243	 0.06066511620584453	-0.7049961023921424
 0.22893763484344912	 0.8272700475018864	-0.5130417408540112
 0.44997989984077913	-0.12593253995544001	-0.8841148596871642
-0.649977363437588	-0.66648826250882	-0.365133979460548
 0.13157141095072497	-0.9889694071462147	 0.06803290049160039
-0.5338828088898181	-0.28648993477041607	-0.7955455132468292
 0.8811826184824304	 0.41406035868474017	 0.22819117478621312
 0.401171996332017	-0.397659176364136	-0.825183742455207
 0.5631865176337661	 0.8104336253752462	-0.16130184505047404
 0.25431144543354106	-0.9062789893632792	-0.3376152872133851
-0.6009851967366586	-0.7135541361254105	-0.36007955804477276
 0.492811902009703	 0.311416921269968	-0.8124998033134
-0.18353832863000502	-0.5341662960127951	-0.8252151538403032
 0.0538129328067477	 0.669591134924195	-0.740777888637117
 0.02494056226553301	 0.9677024103027705	 0.2508585526707981
 0.3011410141223161	-0.044139939138474624	-0.9525574814079384
-0.6443746636419032	 0.4036249160174001	 0.6495138335911952
-0.08732948007744744	 0.14548394012902105	-0.9854988508739815
-0.22019087785246205	 0.14246784508069804	 0.9649968344137843
 0.4436812994585729	 0.12536443984701698	 0.8873728989171328
-0.519242286722155	 0.854625318145882	 0.00173587545561092
-0.8491307863054963	-0.4310898430475242	-0.30518593507806113
 0.6346382619911272	 0.48223780911160813	-0.6038882114101232
-0.993747335921968	 0.0294546055827281	 0.107697068474298
-0.18371905308555692	-0.7716815629603727	 0.6088964402264008
-0.02107054662611639	-0.5817441472866678	 0.8130988741614297
 0.31843257229847616	-0.8146499458802203	-0.48471245349870024
 0.012728269888254096	-0.9382974417623607	-0.34559499696590096
-0.5695428226176651	 0.8038075919207802	 0.17179734682241002
 0.9036526901238006	-0.35795817797151286	 0.23511222523580788
 0.9728507335440755	 0.22337868851763912	-0.06052612459834323
 0.28213834735652804	 0.31971309700447503	 0.9045338515250462
-0.2890664926717341	 0.3075147922040421	 0.9065733370170155
-0.04768852034727792	-0.8300681060447314	-0.5556192440461363
 0.6216626807931339	-0.7821588258344507	 0.041989075702707095
-0.21408357459308708	 0.9619347706379694	 0.1698520536441161
-0.722108837920049	-0.644064248144847	-0.252467959272795
-0.5938864435818813	 0.4485074327050632	 0.6679371040284994
 0.941540037713765	-0.335656422055019	 0.0289330903151543
-0.23123282262068712	-0.9333652105783344	-0.2745191531112751
 0.299901071434148	-0.744836903561863	 0.596051452850361
-0.4947022819861518	 0.47194734189479476	 0.7297502029298326
 0.532493465231493	-0.549033864151508	 0.644214657936794
 0.5340874078162566	 0.20032154293166385	-0.8213537120203385
 0.6651793263495619	 0.6060295240064769	-0.4361933972788059
 0.0956283488606756	 0.96281408852895	 0.252674196989618
-0.23354024350151717	-0.49036546635510736	-0.8396431766361175
 0.0735815519527153	 0.893114323701566	-0.443770841776839
-0.9628433691945635	 0.19516796186373409	 0.1866604217824921
-0.5860912168874651	-0.7523393816776922	-0.30080315866725604
-0.124741415010869	-0.460753368508486	 0.87871833529816
-0.496882507989574	-0.16571884266466	 0.851848013697207
 0.8305909547432848	-0.4548826471210999	-0.32124825796685597
-0.6022158846454148	-0.7223125515833326	 0.3400008913310608
 0.5911441841033687	-0.055627628504101155	 0.8046453383620464
-0.8206107662628546	 0.5702392543520334	 0.03775133228811603
 0.360361042508787	 0.902681306284351	 0.235173081637245
-0.6585375479901531	 0.13105459561985203	-0.7410485752324432
-0.204092690513765	 0.977705754556203	 0.0493723727051704
 0.448078534259587	-0.233809227004629	-0.862878248945515
 0.342146896386034	 0.863602930878095	-0.370304576088615
-0.6481973909436092	 0.7418443496352062	-0.17177631760000006
 0.5273681182442657	 0.8205328883862815	 0.22047368762727285
 0.46494404004198486	 0.7424985160366809	-0.4822063804148219
 0.521536886909577	-0.833452149080595	-0.182638415415829
 0.5240516789114502	-0.3944962667083722	-0.7548129128355233
 0.07335318992566997	-0.9912447989955555	-0.10978641988875194
-0.7956638103581042	 0.41525238974900713	-0.4410040291132971
 0.637125086531985	 0.658026686090152	-0.401338391516216
-0.5686583011362271	-0.21139789042239104	-0.7949457015883682
 0.14957315644511604	 0.7191182229088171	-0.6785991838718272
-0.9094545399859613	-0.21840256960249904	 0.3538258855566521
 0.8223680823346924	-0.36834686208753215	-0.4336257906852742
 0.953367694940449	-0.236638008744155	-0.187329899005835
-0.3718432173211532	-0.8740178237033686	 0.3127706277467262
 0.512868482606656	-0.550385081334323	-0.658818777656919
 0.412233204145557	-0.070595860709936	-0.908339149134568
-0.8578707802146063	-0.3958074793266871	 0.32771048772207007
 0.399995478563436	-0.341456228773677	 0.850535866945343
-0.4926714861761789	-0.34324255036899093	-0.7996620275623608
 0.575375594778512	-0.339779466916528	 0.743970993248523
-0.280884210156992	 0.798179228862784	-0.532929619271151
 0.8363613226452608	 0.17147210464276696	-0.5206698140976199
 0.273127354677416	 0.42828533733456	-0.861378614751457
 0.5420583017054462	 0.2640459808307521	-0.7977797425100074
 0.4915618080341751	-0.7876345628732412	 0.3714818760715671
 0.40236472658809674	 0.10471456911205893	-0.9094709922880234
-0.4183027643433569	-0.8917565179409148	 0.17260680766586498
 0.39031761282884186	 0.4663070314327179	 0.7938576154147547
-0.0828041217977891	-0.613187213313121	-0.785585717056125
 0.7220950881892891	 0.11811403806810702	 0.6816360888510441
-0.9848672480200512	 0.05320481319192261	-0.16494166129460403
-0.10928842281964903	-0.8045322913107872	-0.5837669336951251
 0.19225750951596	-0.443108798884401	 0.875609297795509
 0.6619934851889098	-0.7325590836101128	-0.15849862645383594
-0.432021465980183	-0.840043192183676	 0.328153756946638
 0.314759465853017	-0.737283913709945	-0.59777831111581
-0.835006114533194	 0.373948006508526	-0.403643007025364
 0.26270636091589117	-0.15862574451488912	 0.9517474670895777
-0.349942256750154	-0.9161174438504	-0.195625269363697
-0.17396972773648803	 0.7936757352950072	-0.5829351259233071
 0.4655270880508628	 0.7451524808734448	 0.47752728774284176
-0.784479801818459	-0.619923951437012	-0.0169036970391835
 0.07614195858877541	-0.8452243843345052	 0.5289594901961981
-0.6506986010566059	 0.6883530611177489	 0.3205641805205329
-0.12952540766114207	 0.8710033842721754	-0.4738947914428182
 0.13621238017826398	-0.9033400011822218	-0.40672230053228686
-0.7721762879599243	 0.2290646753277781	-0.5926830137851192
 0.07963464935590656	 0.3078155775103549	-0.9481075323316066
-0.5235419137872509	-0.45452851196981287	-0.7206300689774819
 0.7009990164794982	-0.12810697301161403	-0.7015618164927292
 0.8882866410399343	-0.32930013667838004	-0.32016911677048304
 0.788956166324644	 0.409667798091561	 0.457952467866626
-0.6304000417108938	-0.3440968600170949	 0.6958398798123597
-0.5802330485336622	-0.8081265118853593	 0.10129733548981004
-0.8605785270882413	 0.014518946782163807	-0.5091107923615152
 0.4475859331328679	-0.8253392473371508	 0.3442120847188919
-0.4557761027366301	 0.5866482035224291	-0.6694117040193691
 0.576457986774999	 0.811719681377665	-0.0938474738469672
 0.04009026111567372	 0.9858477536630894	-0.1627789223490491
 0.4852884233439701	-0.8729705700379752	-0.04916838431244672
 0.7259151793112534	-0.002198429937344251	 0.6877807203980943
-0.167173969025556	 0.306969638210699	-0.936921824538758
-0.19693823412096897	-0.07352944653861719	-0.9776547204576058
-0.06287946137884184	-0.34525102757077925	-0.9364015705337256
 0.548400160084986	 0.737183100114242	-0.394738320061173
-0.54960818559714	 0.0351330850793134	 0.834683478126547
-0.5096557865136422	-0.39932472943318914	-0.7620962798336384
 0.867445175115713	 0.49380116583439	 0.0608216802552163
 0.8547658296523657	-0.005597975597723298	 0.5189836597889288
-0.8454032911516363	-0.4858698749146721	 0.22186423767787106
 0.5771458137840748	-0.5893375140752508	-0.5653176135015798
-0.852562315487836	 0.522623409494092	-0.00150667142737053
-0.2903443956249362	-0.8557945371044335	-0.42815399354834827
-0.0260811889378608	-0.251044429027377	 0.967624134795069
-0.219768837941305	 0.0796968256270428	 0.972291146650478
-0.830253594733405	 0.448193817156946	 0.331362747898048
-0.36041077652554093	 0.41984131595261387	-0.8329689919699498
 0.9427930652326748	 0.09202096660654818	-0.32042686818363697
-0.616689700957801	 0.408447470634373	-0.672952061045184
-0.885998089399412	-0.378818175467602	 0.267402646800642
 0.65578280426144	-0.576782403748076	 0.487104683165327
 0.8941396994916287	-0.4263748197575809	-0.13681633992221198
 0.289291142259269	-0.219670741715556	 0.931694907276231
 0.9817501815874434	-0.1645710269134991	 0.09530455421257944
-0.10183294817686105	 0.32500215418141215	-0.9402146831671214
-0.8670691194724518	 0.24536897551044395	-0.4335726097370799
-0.9972764845467395	-0.07375296885716363	-3.3608756479216816E-4
 0.782449484256505	-0.47637417041498	 0.401049191930577
-0.338346597782119	 0.31198054795495	-0.887800494180418
 0.728692588187363	 0.259629335791219	-0.633718959726954
 0.6581762903383999	 0.046506922317308595	-0.7514260289695548
-0.296782139792689	 0.441538069691573	-0.846737559408529
-0.7527024089221173	-0.6372438775535361	 0.16540654196063703
-0.4769017339228293	-0.8346231493643765	 0.2756246264877082
-0.779844025498383	 0.589462219273513	 0.210659886887899
-0.460689208807977	 0.818241780121564	-0.343868931646019
 0.975350781134515	 0.207833435980032	 0.0741357985660464
 0.892634856378252	 0.448347993158139	-0.0467663362863384
 0.970915159201972	-0.185860193675792	-0.150929592984963
-0.8778893020804568	-0.4106393509731489	-0.24634467058379694
-0.62789034798056	 0.778088447497489	-0.0182230289413906
-0.014528890514786003	 0.40505306435179506	-0.9141777323910433
 0.29176494554449994	 0.5345838801588629	 0.7931540150725518
 0.752208411132587	-0.633148709370519	-0.182497172700935
-0.856402817015965	 0.512189310176747	 0.0650870612932222
 0.25657861457780917	-0.6070288271718604	 0.7521192841057116
 0.28031730609262095	-0.5044735109645959	 0.8166570177498198
-0.4478639753373448	-0.6567489078266967	-0.6067114072303827
-0.03995439590122618	-0.07310448947867017	 0.9965236474194835
-0.12141137939278797	 0.9905774276812528	-0.06336905177082039
-0.35440809794661277	 0.8561079950398385	 0.37613029782075774
 0.12740670105500507	-0.5936267049155912	 0.7945910065796983
-0.9005947076993552	-0.16843599143999105	 0.40069750342563903
-0.41106329795651614	 0.9008005955219253	 0.13994731930429202
-0.885462623294408	 0.463941291247046	 0.0267286554957235
 0.9224033864975553	 0.22408349671979205	 0.3145768253951211
 0.43554651423651713	 0.29671899607358904	-0.8498570887540452
 0.033286475305648516	-0.6743880561924762	 0.7376264367731542
-0.289931903560246	-0.956357971743689	-0.0363169544459575
-0.9802336319562858	-0.19405220632623393	 0.03854566125661489
-0.9699879282551387	-0.11801991343784608	 0.21259049619262713
 0.8504786357314787	-0.30310469491479797	-0.42989956278755387
 0.92093551398954	 0.385866405861533	 0.0546342008299249
-0.8442723047902908	 0.30309936171974594	 0.4419672525076639
 0.9418837257199575	 0.32500487507255216	 0.08501104871113464
 0.0771575690939225	 0.812484090458829	 0.577854923214128
 0.9176288868904704	 0.08147814883597802	-0.38899683444267125
 0.5834209290208291	-0.6320303689392472	-0.5100564991439591
-0.4239647663632981	 0.8770156424771002	-0.22604742806100106
 0.4878098725102117	 0.5806356029878816	 0.6518464733543246
 0.9247683998840548	 0.08591072998922868	 0.3707057499535219
 0.449430137615648	 0.0571097836970167	-0.891488095270408
 0.19033131803359507	-0.5532231242843842	-0.8109982516211853
 0.9660261371370172	-0.22911102880773307	 0.11958945959738702
-0.34463157692264085	 0.2676772976097979	 0.8997654919656175
 0.337880428893384	-0.339550438887915	 0.877805397125039
-0.22246415358404406	-0.10620338693705103	 0.9691390720496382
-0.435033387856128	-0.00591153310675447	 0.900394916259942
-0.886001406127449	 0.127522170881924	 0.445802203083099
 0.19927666351190507	-0.8459455549083232	-0.4946361587171041
-0.922791659172815	 0.367458819670612	-0.11588601989612
 0.43358546815169197	 0.9008100169358197	 0.023344275438887695
 0.620776298385918	 0.122950789680315	 0.774286697986776
 0.901389334890873	-0.0580095853840833	 0.429106228046805
-0.691363222946805	 0.0295305209801376	 0.721903623960462
 0.38553951352782784	 0.04082023143230208	-0.9217879323437356
-0.36717182088262507	-0.9287756722326362	 0.050602417121640514
 0.8889856262213862	-4.8398854794281717E-5	 0.4579350980535571
-0.09693161519160697	-0.2423729429795569	 0.9653287618670515
 0.780693365995536	 0.563480111545078	 0.270199985536096
-0.456460917977229	 0.258298260172803	 0.851425533532492
 0.6386923829099835	 0.4231211686781997	-0.6426822828032226
 0.848702368749027	-0.135530595009484	-0.511210081176189
-0.275563878090928	 0.333487579791646	-0.901582266471673
 0.464591100481494	 0.121125950125533	-0.877202150909117
-0.6301163201815644	 0.7398390767305614	-0.2357786325842841
 0.26548082195504197	 0.9636742570966458	 0.029186630214934794
 0.883192519679231	-0.284392323456613	-0.372950371419041
 0.895015964921779	 0.258273634305959	-0.363649766062799
-0.886319295436322	-0.118391565390399	 0.447684647694862
-0.420361976368319	 0.830781172586008	 0.36482660552698
-0.557445111131552	 0.278451805560369	-0.782125015618157
-0.626919020224041	-0.239277266268793	 0.741430328438392
 0.478621711250886	-0.758408536136436	 0.442422591912599
-0.5738963602420111	 0.5318286094912511	-0.6227369411136411
-0.020745839855139	-0.705023995077061	 0.708879945050137
-0.7716900665830569	 0.0032691399584345296	 0.6359903724593398
 0.181047137041549	 0.764364129728764	 0.61884522406903
-0.6380685547626023	-0.7697901936814041	-0.017075629859839705
-0.394628181802045	-0.80906362419646	 0.435528013025226
-0.5112416793456989	-0.4919697801242879	 0.7046968715300569
 0.05152464984426982	 0.5054022684724522	 0.8613441573966384
 0.7228778023925102	 0.6909705422869062	 0.002718915208998801
 0.8171168181685172	-0.5651774125666681	 0.11355438252487103
 0.8643500246428378	-0.4838284737940719	-0.13714606391006898
-0.6532474129390677	-0.6758234633862388	 0.3413655867615309
 0.33555090896314516	-0.8740457233472734	 0.35135403938527415
 0.742652520248083	 0.64704625279087	-0.172622075408866
-0.32435330094945497	-0.6051425017713878	-0.7270471021282309
-0.5052176148150399	-0.6949623203791288	-0.5116468850035729
 0.32270902620799385	 0.6642855527789446	-0.6742281429702117
 0.806793153131109	 0.230626120895044	 0.543963602111086
 0.6946175625033196	 0.6898553925547156	-0.20397543779858893
 0.976593781841901	 0.00412318192333645	 0.215052516001465
 0.454367980992166	-0.649806575720257	 0.609344854741399
 0.469325889967657	-0.0503385689239593	 0.881589041155092
-0.09878707702631868	 0.4972071150331079	-0.8619896740524509
-0.8160777702010232	-0.4491914001106491	-0.36365390008957804
-0.2116947159532301	-0.6405133477559062	-0.7381923858886672
-0.02046814160875809	 0.9069173826645676	 0.42081102195633385
 0.13381146154930695	-0.9512218110135146	-0.2779776232185029
 0.16860652619154998	 0.9526607784814918	 0.25300055428527496
 0.446038539699208	 0.421179229715973	-0.789719999467443
 0.013517631697614099	-0.4788866847142489	 0.8777726452998428
-0.3099880395762711	 0.7583578478915852	-0.5734115362119111
 0.48241032404144835	-0.6894099771937204	-0.5403648421242623
 0.3127910206949218	 0.13706493030451494	 0.9398803020881156
-0.6136624033886388	-0.12807031070720296	 0.7791126043022537
-0.8492270977216433	-0.38765125895998614	-0.35852452903812915
 0.8349744143608693	 0.5414715493128631	 0.09811365168747373
-0.245434548042898	-0.945516762460424	 0.21391571829423
 0.381795129018144	 0.892193074337191	-0.241296493059411
-0.6855499841085714	 0.7146141834348473	 0.13909632677567005
 0.6337003126894162	 0.7591412852012861	 0.14875625297874204
-0.481848912339192	 0.841509421549382	 0.244302106256091
 0.820123364318631	-0.185737191919073	 0.541201776453762
-0.2536912298326642	 0.9638355393642497	-0.08161992994616316
-0.0407055437321683	 0.820714414762144	-0.569886750250521
 0.5992424603603721	-0.7966874137740212	-0.07872508136108701
-0.680948485854489	-0.443390930789331	-0.582849587892322
-0.5495857196732231	 0.6666534738638341	 0.5035163180241011
-0.8939043007516277	-0.20873079017550894	-0.3966945403335559
-0.5309227953776238	 0.5494371952164318	 0.6451664543829837
 0.59862403988681	-0.793502986594513	 0.109554868149174
-0.576999910111759	-0.805568414117356	-0.134650042359704
-0.9569547287214882	 0.28874410866619904	 0.029402157882459406
-0.91878990745628	-0.0715318305805041	-0.388211673150464
 0.08394801694918881	 0.9255563104651392	 0.36918592417433505
-0.230100687223927	 0.973030258260777	-0.0163030748033099
-0.314303851464867	-0.0526321272453011	-0.947862304417675
 0.8901300566138243	 0.42643260795914806	 0.16069758299933906
-0.33313866405447884	-0.6550797883088006	-0.6781512378970447
-0.8135928151914106	 0.34999695653514523	-0.46429393866929936
-0.627906307712988	 0.762004509360204	 0.158375491945431
 0.25699222001076016	-0.8795498000368276	-0.4004337000167662
-0.2968143565463161	-0.9541999210451234	 0.03746663082633611
 0.440618897891511	 0.239359678854595	 0.865194735859792
 0.34570719918689385	 0.1928336895464539	 0.9183145978401166
-0.05117107597753058	 0.34117531985018884	 0.9386058395878556
 0.9158943815754544	-0.3070778438226831	-0.2585356447991801
-0.20565799291450004	 0.9266720531324122	-0.31461674445861804
 0.891769005282239	-0.410366922430737	 0.190648971129276
-0.34802641610584784	-0.8527986904578296	-0.3893738656432018
-0.568830849267069	-0.257334999668427	 0.781159498993487
 0.715602001935781	 0.447593271210788	-0.53625930145064
 0.728316539345319	 0.303558735559182	 0.614334691012781
-0.2894355589047651	 0.37135125576460504	 0.8822274661806542
 0.8556833703723977	-0.18577715356755997	 0.4830039532762329
-0.50188119370104	 0.409854974856033	 0.761665390440566
-0.6824737028523781	 0.6851189028634341	 0.25464040106426206
-0.0484204705209575	-0.281421363027822	-0.958361870311049
 0.4251948879291941	 0.5986937830037561	 0.6788041407295122
 0.8796544168929108	 5.265557701119929E-4	-0.47561310913368887
 0.626944652742942	-0.462247994649351	 0.627110192741025
 0.8337458921327086	-0.06585464537859044	 0.5482070348270753
-0.500308348402472	 0.306812011285239	-0.809665329781322
-0.912813318107195	-0.402872447991656	-0.0668254213255952
-0.18529945043499496	 0.9493126534598078	-0.25390864429866894
 0.07439906142319709	-0.9232998676620198	-0.3768051672079939
-0.31220862044086994	 0.8399769011861308	-0.4438069206266999
 0.258871503231114	-0.848798170594305	-0.461006735754072
-0.655577301061332	-0.158373860256396	-0.738333341195308
 0.17684864018269808	 0.7593906007845094	-0.6261393406468503
 0.41087306539758117	-0.6967874091535974	 0.5879376077236532
-0.862624090524913	-0.505488154447704	-0.0190106327911867
-0.24758689331325312	-0.33596328449592217	 0.9087515621610804
-0.238007866132256	-0.787059357209902	 0.569113190751634
-0.9288670349601404	-0.23394731873064512	-0.2871840584417931
 0.698847603342833	 0.566656502710516	 0.436477302087824
-0.7290126760840854	-0.4336784036193282	-0.5295881044197572
 0.6688900727184312	-0.5226559699379021	-0.5285989100509031
 0.8425876576357878	 0.4314961739103509	-0.32226866292049694
 0.679836643055396	 0.436630528384933	-0.589216361315149
 0.388203696328494	 0.402588576192447	-0.828987532159702
-0.761907689568212	-0.643158791194083	-0.0764424089533759
 0.16834302436345996	 0.15534036402642998	-0.9734115252308758
-0.8912657739471348	-0.09360483251503827	-0.4437155119220499
-0.29128904026711594	-0.9082118320119038	-0.3005028505918769
-0.3930483968115501	 0.10320177916281603	 0.9137080225879052
-0.6686401459991641	 0.37307793334732503	-0.6432209657710991
 0.3668369744324729	 0.21475784259490788	-0.9051572809369706
 0.5789867065490583	 0.15032643170037804	-0.8013590690643654
-0.7544701529140714	 0.5346460878922652	-0.3806945613786912
 0.6664394080933629	-0.2927653235553959	 0.6856726483269349
-0.37920928228442585	 0.5494925033102428	 0.7444852644849147
-0.157895580085439	 0.91720814049631	-0.36578438019793
 0.9687179335457988	-0.061821620226285685	 0.24034070087971895
 0.7396568977502006	-0.5289328683911557	 0.4160981787343627
-0.60492855868367	 0.560144608040802	-0.565950048124138
-0.8064845344816932	-0.2654478913493721	 0.5283181925885371
 0.760873738749143	 0.647966447450843	-0.0347942044000919
 0.08242068591900216	-0.6362623748141076	 0.7670573778594096
 0.119498867086364	 0.601641635330702	 0.789776780743568
-0.9094253706987928	 0.37252612799740387	 0.18485069404420795
-0.8419454733078797	-0.02214457108700279	 0.5391080021180757
 0.7837176521819643	 0.5371849152042212	-0.3117996288250251
 0.108209091363054	 0.985043212408083	 0.134091991689088
 0.0146191511003844	-0.681258004677953	-0.731897405025676
 0.4149503053578809	-0.8973738115869828	-0.15012157193838496
 0.4359970740144223	-0.8008083073734036	 0.41062465378080626
-0.2073415860221562	 0.5221643551660624	-0.8272568240273558
 0.081270579246452	 0.219678027963126	 0.972181390985848
-0.159767401213238	-0.679931505163247	-0.715658805434552
 0.484204308779436	 0.874784785861315	-0.0172558913128782
-0.6038243043915049	-0.5956061543317359	-0.5297636438528749
-0.110253660412215	-0.876343003276463	-0.468899851753119
 0.721104026464158	-0.589797821645285	-0.363520993341039
 0.8383624582188094	 0.23613984949829583	-0.49131085895615767
-0.358139145150331	 0.847597435855844	-0.391554516563899
-0.171368667207124	-0.882974685609743	-0.43702229287764
 0.20277681812962292	 0.04556857357968358	-0.9781641309775876
-0.7031941897774934	-0.10755977843637704	-0.7028149297830063
-0.4793186069602912	-0.5080624861783232	-0.7156299205315183
 0.291631893107994	-0.923328678179387	 0.249829924095881
 0.5422106046213552	 0.8360970071262004	 0.08336339071052074
-0.610661501819705	 0.25761992076768	 0.748815402231389
 0.8949279985566138	 0.4365457592959159	 0.09236707985102559
-0.68119512452055	 0.626657285759866	-0.378515321398633
 0.499433954863143	-0.85899483116493	-0.112665898841191
-0.36210302635820635	-0.6754014618594476	 0.6424284112804706
 0.08336838419789425	-0.24381732227706812	-0.9662312486531744
-0.2084467027683801	-0.2839354037709451	 0.9359116724298404
-0.2525068258335959	 0.9310558615099266	-0.2633918860850699
-0.699788577864908	 0.402174047278787	-0.590382911325531
 0.439646648672767	-0.347425791048782	-0.828254878660508
-0.7391983956108025	 0.6635945960597215	 0.11501279931707908
 0.295534460282302	 0.818294100781655	-0.493005220470931
-0.818650405923514	 0.573326604148423	-0.0332884042408651
 0.17701952717599495	 0.8354251738663578	 0.5203161210925079
-0.028599233017939693	 0.9844158350385608	-0.17351526617597296
 0.8805035387141382	-0.12345139981971502	 0.4576824993316141
-0.5796776009175542	 0.7691719012174992	-0.26897670042575506
-0.7512590036596364	-0.32944614160484315	-0.5719048427859412
 0.394805903234311	 0.46016960376978	-0.795218356514551
-0.220803276216892	-0.863031255213352	 0.454337942215652
-0.5796636318765859	-0.023324450075509897	-0.8145219726369087
 0.5440058771886879	-0.8365757649206158	-0.06479656728294339
-0.6284761360087371	 0.5007232368200581	-0.5952259962198991
-0.196595269701826	-0.377057969428119	-0.905084298627266
 0.268405565882107	 0.370279558114676	-0.88929831948897
 0.8508587849474223	 0.18076770680203108	 0.49331771127269625
-0.24939625166205612	-0.028341591188877413	-0.9679867064509714
 0.629185735516662	-0.407184997098555	 0.662061695282401
 0.6678400021108479	-0.31407535099270095	-0.6747936021328259
-0.6302103829232161	-0.060542954359470214	 0.7740603490253202
-0.772348658497213	 0.390551459353436	-0.500946211997313
-0.23135879117832	-0.885653066230165	-0.402606204648678
 0.307781793362159	 0.931451179911661	 0.19408520581422
 0.7444214842009232	-0.6573454860489633	-0.11719029751283605
 0.518512119222885	-0.338948472565893	 0.78502172910324
 0.013109254113013209	-0.9969042585941826	-0.07752449066832866
 0.7043184442444002	-0.5274620582006772	 0.4750992593720321
 0.4803902195082821	 0.6670222270872661	 0.5694792231261191
-0.555257728861347	-0.72315658549324	-0.410771721759784
 0.7537588950809169	 0.6488480557655718	-0.10413322532041899
 0.486003726602163	 0.24884779826021	-0.837779894142761
-0.18953993662574087	 0.4181797125554117	-0.8883694841849215
 0.26729488296464304	-0.8532842494640173	 0.4477269649658671
-0.8783633619538932	-0.32264260602481004	-0.35267485472397003
 0.9642450407500868	 0.12260699518150997	 0.23494472992902996
-0.9696910481370072	-0.0017463423146541505	 0.24432810205024005
-0.254497738615687	 0.398747897831054	-0.881039735207679
 0.5147856518827513	 0.8078949529547543	 0.2868823410492291
 0.2310084354576441	-0.9309152816952625	 0.2828989944373111
 0.7664112969795892	 0.20868634917757106	-0.6075061576058312
 0.12159011491831097	 0.6751067995464379	-0.7276308495111499
 0.163706330934956	 0.915492245228538	-0.367524402098997
-0.0289735067501377	 0.0470406255943301	 0.998472691389351
-0.6159606525862839	 0.5779595930436648	 0.5353084935570149
 0.59713520899793	 0.349559135267331	 0.721968110878974
 0.9443341936640243	 0.15138720898427302	-0.29208704804025304
 0.354252594295863	-0.923217185134456	 0.148913157602216
-0.502843453296862	-0.769856220357572	 0.393026540392936
 0.488495950451091	 0.764028500705526	-0.421464300389192
 0.0021282105362295193	-0.016692231499827893	-0.9998584100398765
-0.337576525508871	 0.128744884473375	 0.932452059972681
-0.17299126460829192	 0.3135344783522048	 0.9336863248723496
-0.21835092785859206	-0.39707985610576413	 0.8914316912575623
-0.9199479124543057	-0.38162106516640687	 0.08978419121550328
-0.745773459771331	 0.182529007286571	 0.64070672557706
 0.866411022062029	-0.498194245435594	 0.0336813696914147
-0.0833794304864985	 0.848255344949361	-0.522982543051475
 0.80481601993367	 0.479530431877002	-0.349745248662484
-0.6220244933020568	 0.02553836972500349	-0.7825811915731866
-0.43710773732618013	 0.15239679906777803	-0.8864039945778012
-0.40929784607430986	 0.04001158961623758	-0.9115230912573266
 0.09419478868051637	 0.8322310283420805	-0.5463687923464483
-0.08668682845897224	 0.6035834492701242	 0.7925732859104603
-0.87839050943336	 0.387108904157305	-0.280315553010412
 0.573086724737597	-0.456282607848316	 0.680718581871153
-0.691979214656543	 0.589835012493067	 0.416244428816312
-0.7070419173825339	 0.4926779121124229	-0.5073068124720719
-0.8648154664499128	 0.4677787218527569	-0.18242060292308296
-0.7643533434559878	-0.3759769266188509	-0.5238371092218419
-0.10100723055550602	-0.23406158128726007	-0.9669605553179582
-0.869355194393271	-0.466939496988569	 0.161830318956308
-0.7312670107342698	 0.3728925150766249	 0.5711389771426869
 0.19726025813092005	 0.9607202908969842	 0.19520479815039604
-0.5161496238321928	 0.5604680824439677	-0.6476612497127396
 0.859703306892864	-0.247978691988225	 0.446561073580404
 0.4411048712942113	-0.6063399455249514	 0.6616482169410844
 0.42925880206477884	-0.8343941640135216	-0.3457213616629548
-0.16716281799357902	 0.6885141917359071	 0.7056945515296941
 0.240889731641888	 0.53418660364098	-0.810318955523079
-0.0314583408048647	-0.526630513473893	 0.849512021734848
 0.308281902974097	-0.693178706687324	-0.651510206285334
 0.3941134956661322	 0.8518977338631963	 0.3448837537092352
 0.6436027287305293	 0.18153234810363306	 0.7435196931908382
 0.8013206798086157	 0.5945113850197208	 0.06664368832073678
 0.634907960894251	 0.672080800946607	 0.381050230536699
-0.5753631718014512	 0.8178613167754053	-0.007751584158995134
-0.176129125053709	 0.977654272544218	 0.11476347277706
 0.3481324634265942	-0.08886883487471725	-0.9332235091855227
-0.658731159029252	 0.607962599104067	-0.443232149346825
-0.6427939431381416	 0.008467245909611716	 0.7659923318229926
 0.610861218267048	-0.75906372269886	 0.225101836731392
 0.5791164869877247	-0.17062959616609188	 0.7971885820878224
-0.825485478921277	-0.564134906096781	-0.0180425001949909
 0.8078577668575432	-0.030442648635245807	-0.5885907522821051
 0.5474272262377973	 0.8052127797571244	-0.2279381742696831
 0.5889156684218722	-0.033488256047546204	-0.8075003852594212
-0.3998304975910911	-0.7841207952758092	-0.4746473971403331
 0.34467729550553405	 0.07434153903061341	 0.9357728877978623
 0.242523753928702	-0.959315635984655	 0.14455358638127
 0.9599014932530142	-0.2520730482282211	-0.12267151913776303
-0.230621768827501	-0.820346645829294	-0.523301997339492
 0.15916357888417992	-0.4558664268041368	-0.8757012938608736
-0.4470809704061281	-0.5080941004615531	 0.7361786406687442
 0.11689260523302597	 0.9431331938117637	 0.31118466795820493
 0.18187816082859892	-0.2712386512357069	 0.9451719043060055
 0.238664711377053	 0.857834969006454	 0.455146483555574
-0.36084286757417894	-0.9298986452889798	-0.07128067347159228
 0.9582496680671945	 0.2622352412612471	 0.11397478620189305
-0.941723149215005	-0.0851198981212985	 0.325441412817105
-0.19199490238662006	 0.8024403599748502	 0.5650021470233411
 0.4761816287659798	-0.8671657977527477	 0.14585792962201094
-0.0322081512590274	-0.654141824950978	 0.755685852614881
 0.6598998402172693	-0.4765193073779772	-0.5809144089943332
 0.36007397921851086	 0.6139789986674458	 0.7024076584755238
-0.611286293633409	 0.779518241881261	-0.136676178576508
 0.4729116012424312	-0.6867516018042302	 0.5520207014502663
 0.7317382126032159	-0.6675182114971119	 0.13776293237278298
 0.18714705411261504	-0.021674588476305802	-0.9820927615817933
 0.5596669913931858	-0.2830298456474379	 0.7788882880219007
 0.556033968923545	-0.495910229039942	-0.667007698708705
-0.626168207850724	 0.523706206566084	 0.577620277242043
-0.34054785370224816	 0.9273993828496024	-0.15478224713761204
-0.7495050144747608	-0.009491951183312617	-0.6619306127834867
 0.5841477550713389	 0.6882737059753199	-0.4301752037346109
-0.234849696689837	 0.0385645794564395	-0.971266386310182
 0.8060285518047213	 0.2948081843176242	 0.5132310475165442
 0.04928343805551992	 0.9046462643071445	 0.4233040032985232
-0.15702627952433199	-0.8850546973189688	 0.4382019286725869
-0.773137461788838	-0.313403204778787	 0.551395408407704
 0.6702614376631908	-0.4701107983609988	 0.5742346579979798
-0.04863708290181428	 0.45337994044135776	 0.8899893616061896
 0.7929429541201346	 0.09027093160747726	-0.6025716807301454
-0.746890421138749	 0.602949317064878	-0.280369077935102
-0.6571129294917039	 0.14476362649709598	 0.7397608332010019
 0.18578834941097908	 0.3876867987708832	 0.9028740971375404
 0.7929426861904366	 0.4087844428807778	-0.45181542213136877
-0.9732180892796602	 0.22379222753485006	 0.052569854420924614
 0.8155549194060997	 0.5504709630984368	-0.17847098424671093
-0.6367732229427469	-0.2833597802093669	-0.7170962958367629
-0.3612149405275092	 0.9067083013241345	-0.2177241903179591
 0.0174967616248444	-0.262975909391397	-0.964643734449362
-0.45603073140405187	-0.8792480027070758	-0.13769140042393196
-0.6028348906848089	-0.3401369947440979	-0.7217318888475749
 0.04344231663491741	 0.7772257413592951	 0.6277204091742482
-0.6530821225110821	-0.5864607932750321	-0.4791111345060141
-0.15315436472213506	 0.6342709895561733	-0.7577889233645423
-0.4711116139753172	-0.6446552191234103	 0.6020577178597744
-0.9821817435696062	-0.12284318144932703	-0.14222719630920203
-0.749433101549057	 0.661363361367019	-0.030798223063659
 0.7176225883354244	 0.12767631792468906	-0.6846287888717213
 0.9063738426423122	-0.21843215581687303	-0.3616266730745981
-0.7146382546734841	-0.6953861558945641	-0.07569847519876231
-0.7010656739616458	-0.6257711724621637	 0.3419318068095339
-0.22950717406659088	-0.9624714751173915	 0.14482788625578993
 0.2521857064075059	 0.38092777967857094	 0.8895484226015478
 0.33117301901270724	 0.8680266712015705	 0.36993800772660523
 0.30169519573639314	-0.10134645856775504	 0.9480025866026704
-0.7930177341542032	 0.41030057180152113	 0.4503069110021281
 0.830219078068162	 0.532040485945125	 0.166340625605792
-0.5610028374946706	-0.7878730824374994	-0.25403114433738483
-0.422191567414832	 0.905434215901886	-0.0440813007741875
-0.916197408771731	-0.1017645609743	 0.387590353710814
 0.031231577478972886	 0.9899437834850615	 0.13797062769827695
 0.19959392891533106	-0.8095202356007623	-0.5521224969995591
 0.61230546975193	 0.24215056385663	 0.752625481986748
 0.11588726028000702	 0.19924739048142207	-0.9730727723511422
-0.651900101869928	 0.0771120802211904	 0.754373902163866
 0.7069747071179108	-0.4634638046662119	-0.5342172453785669
 0.974163967514312	-0.219682603949632	 0.0523843289418081
 0.3939532623912711	-0.16501886100165403	 0.9041955554884082
-0.448812076990639	-0.859862873393112	-0.243317813789887
 0.0020118071517791804	-0.31117644254144106	 0.9503500272211483
-0.8199580870507306	 0.5461283213752144	 0.1715009972915531
-0.14674160102164405	 0.9727549067725094	 0.17948480124960808
-0.0924122863397495	 0.775130402849731	 0.625006262297806
-0.418416985870219	 0.871787712230824	 0.254781103574474
 0.5804350782448582	-0.5074749809794572	 0.6368392761307873
 0.4778247109622069	-0.17681679665560698	-0.8604762437245628
-0.9138757501260227	-0.31442229660282195	 0.25684573722490794
-0.9925604579169948	 0.11500515091731997	-0.039969396318809296
-0.12504481102905102	 0.8747852071990062	 0.4680968238521821
 0.8821592991124643	-0.36248429963530604	 0.3006660996975011
 0.686969673655257	-0.725673372171	-0.0383513285292569
-0.29052886528572713	-0.9272384768696824	-0.2362663442985041
 0.5980273702320842	 0.7205520243772613	 0.3509530518732222
 0.6246603027480103	 0.7206386031702394	-0.30079812132327316
 0.4879153344289962	 0.8344788904719423	-0.2560929670759371
-5.362835106190979E-4	 0.9577215489641098	-0.28769627569675393
-0.510150194971396	 0.215975507871107	 0.832527091793693
 0.8368020956184606	-0.4731091975227758	 0.2755538785571849
 0.06827628124815839	 0.7955169145428418	-0.6020724110064829
-0.9339372529676668	 0.16260648051669596	 0.31830856101145294
-0.20924303913170808	-0.13899628942320905	-0.9679345959833785
 0.9878388734496828	 0.15210922207100697	 0.03220473043847579
-0.8781792606101846	 0.2575278031114579	 0.40308884487012986
 0.23916078902454105	-0.3750149584704361	-0.8956371463469882
-0.3470056788555839	-0.8794716824441148	-0.32575545831327796
-0.5890839704600209	-0.5039761003935599	-0.6316551004932659
-0.21235044225961097	-0.8943566795168088	 0.39374283418979994
-0.7409454731079179	 0.5417405095838229	 0.3968841470211979
-0.6509248660987043	 0.6775904063485412	-0.3422982032070911
-0.7501780011093891	 0.061702427091247715	-0.6583508009735922
 0.005227186637205953	-0.9795208482330424	 0.20127489758209008
-0.6483562989235458	-0.17481143970976398	 0.7409959987697379
 0.40303479401971404	-0.8806090869334012	 0.24917983630263504
 0.5618835017693793	 0.6664926020987955	-0.48997402154293535
-0.883612410753377	 0.0620775407554706	 0.464085645647825
 0.13305472250862702	-0.9809198584943573	-0.14174862267254204
 0.8780129962878612	 0.19498749917561506	 0.4371190381519111
 0.0983771290344725	-0.686800393259362	 0.720157732931974
 0.26976699602573007	-0.24664622636635106	-0.9308014862872173
 0.07347218042318641	-0.9663869055662132	-0.24637002141904704
 0.9641921936270215	 0.05864495361237703	 0.2586390982904841
-0.8211769417217332	 0.5214309647434661	 0.23190122766220905
 0.5236627666900557	-0.5970457190288997	-0.6077118693688487
-0.8549948979713562	 0.10905478974124602	 0.5070411987969451
-0.046943267011989184	-0.9946950214433438	 0.09153220197322438
-0.9129678431278988	 0.07677490858116139	-0.4007434725940609
-0.4731465138522622	-0.2860122902388551	-0.8332642715620153
-0.6878169695520361	-0.6567194709286461	-0.30923672631085203
 0.9449879514527387	 0.28448737043734496	-0.16144568024819198
-0.3831593428891959	 0.9010885467946178	 0.20304765153107193
 0.43065740582960027	-0.7345545758301334	-0.5243698827460743
-0.34371771904209986	-0.8059895577538037	 0.48191177865696977
 0.3719862043484869	 0.9128917106716268	 0.16809220196498395
-0.2123166920754019	 0.5840363057089738	 0.7834687076584317
-0.30971569351982503	-0.9227989106922982	 0.22916884520510505
-0.5480903412243632	-0.8209706518339424	 0.16001302035744808
-0.9355892694099004	-0.022147210459469907	-0.3523949773108481
-0.22898673692995894	-0.9507554872531547	-0.20887574719958796
-0.15277362702097502	-0.11866864368600803	 0.9811105808687313
 0.33677551510840786	 0.5710210256171198	-0.7486769935871138
 0.3320850052193722	-0.5515660686689512	-0.7651760720262544
-0.578297788596346	-0.45285576106998	-0.678596586618519
 0.5096913608325588	 0.07097845511594018	-0.8574245014005658
-0.1936139349646281	 0.8652279621860853	 0.46248699185904324
 0.7924084298913928	 0.4901501684895449	 0.36310011369693695
 0.5477861912387679	 0.4503571327970379	-0.7050593887233579
-0.5038090045809961	 0.08244118074961482	 0.8598720478185782
-0.7846952185333208	 0.5593275132104749	 0.26721928631131797
-0.8050103785540922	-0.5881509843313422	-0.07769626793012982
 0.020542917863668003	-0.8691654942318282	 0.49409445672096813
 0.04417428592262098	 0.8482287793123117	 0.5277845871277148
-0.05859992903255463	 0.8145131865529354	 0.5771778904711812
 0.30626229227062923	-0.9510820259968317	 0.04057570897596053
-0.5635854785211353	-0.4602879151264622	 0.6859347225419034
-0.135575227646308	-0.645640888791169	 0.7515099469532
-0.783753438074245	 0.616140290624682	 0.0781133188114116
-0.553579024723359	-0.144503028622617	-0.820164092182306
-0.6732942103102649	 0.7385507113095479	-0.034896320534373096
 0.29868175806499814	-0.6458543741923533	-0.7026103719244442
 0.4240052457882381	 0.9047009423503752	-0.041662410568747504
-0.0489906156750527	 0.970468653372306	-0.236200153254655
-0.5422974098509081	-0.8176308148523772	-0.19337365351265906
-0.11725562081463697	 0.012201646084771296	-0.9930268068990867
 0.9197305471953365	-0.36430550285007485	-0.14620951114384195
 0.381942271244867	 0.362499561181497	 0.850125972770821
-0.2771123323579339	 0.7370626362716259	 0.6163987552449038
-0.9077776489580608	 0.013853097678890496	 0.41922289028257387
-0.080904040925797	-0.930283310645371	 0.357809304094465
 0.5344655317688852	-0.7080134758490043	 0.4615880342548042
-0.257819744085556	 0.616016039761736	 0.744347511795348
-0.3179661665935011	 0.9083460788359052	-0.27167060563349404
 0.8473447355336132	 0.11177485677259202	 0.5191466850100631
 0.005516771590109191	 0.8897980822757522	-0.4563210909103551
-0.747500548438493	-0.0785667808869361	-0.659598507446171
 0.7364173028452718	-0.18112579069980997	 0.6518305025184569
 0.6668946980048043	 0.5029796984952011	-0.5497843983551711
 0.01986221997479841	 0.9739911587641814	-0.22571378971361009
 0.21294567742777498	-0.20349536754192799	-0.9556378884566068
-0.0249859180508895	-0.91755876514578	 0.396814334926683
-0.22808643799896794	 0.34521114697141797	 0.9103877420130507
 0.11264754116644397	 0.15678433162347297	 0.9811876501600167
-0.5892049860437562	-0.7575385206273932	 0.28102112765206405
 0.427365781933292	 0.233265061055231	-0.873467743951341
 0.5330295632482518	 0.5140646031326808	-0.6720246040952796
-0.28888144351820405	 0.5975596165922181	-0.7479772832172111
-0.7435578996648751	 0.6601535997024651	-0.10639019995204903
-0.39759470619412207	 0.16741243418685506	 0.9021593686738733
 0.18967739979891093	 0.6758037349126499	-0.7122582367959229
 0.8408511860285324	-0.2542876557747911	-0.4778148920606932
-0.9457458638246138	-0.16678286362044795	-0.27883370933443197
-0.33629274181160984	 0.4644468725019768	 0.8192657044133866
-0.9848548147880227	 0.14010870210379298	-0.10213004153352698
-0.17530950378751808	-0.8138329575826563	 0.5540239119695473
-0.487441549050404	-0.858396545937984	 0.159862772968197
-0.21012524519209905	 0.9679936778512223	-0.13724292685972803
-0.6576322369453433	 0.5276566055726533	-0.5376786656784972
 0.8004510524744597	 0.1571704924493899	-0.5784250590143428
-0.7978165870115148	 0.49329623196911787	-0.34662302435696396
 0.9391862416215908	 0.3393314650380349	-0.05275756233803859
 0.757700612816957	-0.624040410556016	 0.190953783230097
 0.8622196868556755	-0.4652404429075253	-0.20032109694615513
-0.780850206513762	-0.609587605085109	-0.13665982114
 0.270285841161651	 0.789050643391231	-0.551674402371021
 0.010436743867462404	 0.4664003240771191	-0.8845121887674602
 0.7386454360419592	 0.5821516047618731	-0.3398564827799521
 0.15263146259485297	 0.6452114109690938	 0.7486026127268239
 0.6043304222297912	 0.5338617796376611	 0.5914189217548521
 0.4944787772508389	 0.4894751770762779	-0.7182651250580538
 0.176497802943638	-0.952855665891771	 0.246808844116289
-0.16408317028904607	 0.9864216017376652	-0.007009768412348302
 0.9777273403567344	 0.05193113448780637	-0.20335290799434286
-0.1601357489530031	 0.8405797445041363	 0.5174767966166423
 0.599113647147023	-0.228588462726907	 0.767339659153847
 0.23808595683604095	 0.9280747876666807	 0.28634291619474794
-0.151633135441879	 0.597813482029612	 0.787163536337714
 0.172849500111658	-0.0895936300578761	-0.980864940633624
-0.908342221019441	 0.143925576992556	-0.392682871794568
-0.430569354443295	-0.901321709301261	 0.0472144824872336
 0.6295752435082029	 0.7744266920145828	-0.062436459356193186
-0.284177453719059	 0.437526675725955	 0.853119911164865
-0.0360150644880524	 0.341449234627095	-0.939209952727553
 0.27487960412113605	-0.18166508272361603	-0.9441604741553362
 0.015518955088689907	-0.7283681641625812	-0.6850102039147932
 0.21230807494655707	 0.7959406810546952	 0.5669247865058251
 0.7391706890440122	 0.17919523734396806	 0.6492424503769292
 0.36239166172102893	-0.9115716294834528	-0.19418920628076594
 0.4043740229060649	-0.19520957657543694	-0.8935182543250048
 0.23580156760729	-0.638547020600423	-0.73256762363366
-0.339794038241899	-0.931246935181711	-0.131602269319087
-0.9100502713446096	-0.35994814866606084	 0.20553791352808393
 0.711863569796305	-0.672389171471167	 0.202837521393797
-0.7454923213518551	-0.5724210856811521	 0.34143125145925607
-0.825838160358028	-0.41004854514301	 0.387106604855263
-0.5932818047013332	-0.19383256153598408	 0.7813102061913233
-0.47361861075601414	-0.5447524123714831	 0.6920478457166042
 0.889260932362144	 0.0675673546598497	-0.452382191027322
-0.08946079849027083	 0.9046879247326002	 0.41657715296989606
-0.607142683264153	-0.155002795727358	-0.77932784851788
 0.5651038115807602	-0.6164855126337332	 0.5482730112358443
-0.6959706658507901	-0.6164789140403582	-0.36820996838601305
-0.821997255061377	-0.552640669787112	-0.137509282482362
 0.481643289899867	-0.823504432730988	-0.299766893713843
 0.6992868971546728	-0.7070678471230138	-0.10513274957222597
-0.20317596240861308	-0.9207014109147444	 0.33320930395013415
 0.947282639301504	-0.138222085734652	-0.289050611992328
-0.903377598892541	 0.421601439483155	-0.0784929299037748
 0.6471490255730901	-0.057855034286230816	 0.7601650700390932
 0.5953467494424776	 0.6224938994170556	 0.5079995995242756
 0.094261033231252	 0.626594348242358	-0.773624185483437
-0.04840800918494671	-0.9675022837100102	-0.24818540582126306
 0.4659731297274871	-0.5043755888808941	 0.7269623839739041
 0.052184540225426096	 0.41870108180869897	-0.9066235039164198
-0.927648987717751	-0.373453271158622	 9.92328429650345E-5
 0.0962871772075547	 0.369753184637141	-0.924127351589646
 0.24678560625969706	 0.14425232781370004	 0.9582735154763292
-0.41377484661096864	 0.6251998448792875	 0.6617518645799074
-0.050626890758384877	 0.031057550465238486	-0.9982346149534376
 0.130990058413561	-0.816352540113041	 0.562503453187443
-0.16575141369383892	 0.4803497607047948	-0.8612726491938196
 0.6876095185621193	 0.3099913683682621	-0.6565809177244972
 0.262833957450163	-0.536817265216361	-0.801714122724998
-0.110792088745967	-0.353269216001419	 0.928938089485542
-0.3076109038817451	-0.6606299083364954	 0.6847946086414304
-0.016873821829449107	 0.9514069903837264	 0.30747359689223414
 0.416622137681815	 0.168820053112759	-0.893266916470346
 0.7575073720289187	 0.2354073913075439	 0.6089055275160657
-0.10891328926739696	-0.9908585433350066	-0.07960679946452616
-0.737929048425928	 0.197925899577805	-0.645202338623723
 0.13764782289832597	-0.7593441159888208	-0.6359635133909078
-0.287520858358805	-0.785451525516571	-0.548085446871478
 0.7983887180854365	 0.5866877132898964	 0.1355469730704671
-0.275075764234425	 0.500654707706912	 0.820779012634798
-0.4528008022602143	-0.7413411037005004	-0.49536330247267035
-0.04686023679023948	-0.7479304666520387	-0.6621209370361477
-0.6043896288785588	-0.7800968372740887	 0.16174702772849298
-0.491715910501961	 0.702871755011781	 0.513991010977708
-0.7289632604153122	 0.5899973503361392	-0.34715370019778413
 0.597598712068771	-0.153497595394233	-0.786965226386741