 0.41149119300947745	 0.8867212303554548	-0.2107141611580614
-0.4234707255071339	 0.8813248220759574	 0.2096165609660734
 0.7990594034764644	 0.4726424589814819	 0.3716358105508335
 0.6144512357445346	-0.7672778429246139	-0.18366924252298178
-0.2087912604329961	-0.9647981891283627	 0.15990829816314323
 0.2788206318160401	 0.3915255767301829	 0.8769075082583122
 0.5388482950011985	 0.7318077797272386	 0.41725278729445403
-0.5224269355781125	-0.32905590276768204	-0.7866335295652025
-0.6104811321656904	 0.005804567066518421	-0.7920095291540796
 0.9084537407573038	-0.09159574634074037	 0.4078259679769596
-0.8238395665525334	 0.45357512396008565	-0.3399381936575041
-0.5305450301148427	 0.09023994820962047	-0.8428396779741483
-0.4106737545979944	 0.3986304049916035	-0.820024918829066
-0.36965859373596044	-0.3791796867853334	-0.8482778372718036
 0.12530369124616822	 0.9327343567033322	 0.3380911190571352
-0.13509436798134472	 0.800207402234985	-0.5843095285446389
 0.8867330732478784	-0.4362833260286166	-0.15284409127532705
-0.7260872296423203	-0.504625736718012	-0.46706552087704356
 0.46352893987072297	 0.868542568305348	-0.17542727537037583
-0.12258117671192412	 0.9553385108351021	-0.2688906559017803
-0.43712423586854254	-0.6308867961234246	-0.6410181377258082
 0.5625023151317582	 0.7190983858380368	 0.40803021573964604
 0.6332819667770941	 0.7157821756153053	 0.29429547673444745
-0.47730310139713905	-0.600226231240853	-0.6418023221577456
 0.43216585900454313	-0.04663355926170189	-0.9005875756757089
-0.5631549303064917	 0.7674777758551946	-0.306323991942933
 0.6344623825296478	-0.3068975238447305	 0.7094162353743927
-0.5481709222220486	-0.37488028284765057	-0.7476452457966241
 0.05790750984828439	-0.9508664155146576	 0.30413776508266355
-0.47177140477527324	-0.22681239450644441	-0.8520492235397075
-0.3827527766424302	 0.3178309391519958	-0.8674582445802623
-0.27731506454318344	-0.03709303874411635	-0.9600627382906481
 0.12193965266791973	 0.7071441877499932	 0.6964752822883447
 0.11111409976745064	-0.9435336739983735	-0.31208630675503857
 0.9597615698299736	 0.2514081472236752	-0.1251066448557523
 0.7398325599254464	-0.3116803499149768	-0.5962408429074937
-0.3989893096961103	-0.911459608202601	-0.10024426848145751
-0.9865287882860174	-0.10404134005131478	 0.12623925476352005
-0.49285974181180625	-0.7208068574172984	 0.4873671605693166
 0.16475953166933394	 0.07556795689052993	-0.9834346854852603
-0.3465117180778193	 0.3137749700071299	 0.8840106885280192
-0.16554908404647717	-0.6847433078418222	 0.7097324165748751
-0.46085217908143744	 0.8815608143977689	 0.10230249045958373
-0.06119304834428045	 0.9367130030462921	-0.3447088057452721
 0.05737283913749064	 0.6035934746768721	-0.7952252980488008
-0.13328893899831734	 0.7416031298588163	-0.6574639583462429
 0.4029413406302527	-0.29543965030284486	-0.8662295821778585
-0.7252242942452626	-0.5799571188242321	-0.3710787832274385
-0.9199295594805458	 0.26186693631828684	 0.2918138332176927
-0.38051145992738816	 0.2938651731871498	 0.8768433662015207
 0.2740936929227208	-0.46065843581317495	 0.8441957433049188
-0.9799624713063634	 0.1278218689551482	 0.15275838650606932
-0.13518266427375342	 0.8804775180899832	-0.45440619209904387
 0.8985761301174086	 0.25941509795369033	 0.35392759900423054
 0.7558275897643583	-0.6185087139531563	-0.2148758369733874
 0.544669105355884	-0.8149225282034522	-0.19808290864512856
 0.20878037932072996	 0.8408986821736602	 0.49929966906587664
 0.7338796952235189	-0.5325326161462166	-0.4216984772074728
 0.32511504694534743	 0.7141183743866668	 0.6199477023209852
-0.7044471429727293	-0.21359942046339606	 0.6768526503865229
-0.35377779335747583	-0.477568896740696	 0.8042196352943576
 0.24952661930176193	-0.33704552603591165	 0.9078197946944147
-0.7479385269079002	 0.0149466081234878	-0.6635996977639782
 0.8877010842342508	-0.20200671907510903	 0.4137391333894409
-0.529125137892193	-0.7951284653936517	 0.29630611193713885
-0.24903890707477752	-0.7246571068958861	 0.6425353688228257
 0.7227694763017666	-0.2523651050024689	-0.6433631462118132
-0.3080095048210638	-0.6729507995770113	 0.6725082648477596
-0.3475928756674748	 0.932481268172003	-0.09827449971151503
 0.11171327282209328	-0.43159331254336636	 0.8951242133040647
-0.30846779234613914	 0.8395099643988182	-0.4472925672981769
 0.4884011564115344	 0.4204677952476412	-0.7646379166477841
 0.7145175919399065	-0.2843857495239956	 0.6392099469470673
-0.35312894759408137	-0.6485405169698335	-0.674310866158627
-0.600950331448495	-0.7303350619210486	-0.32476052170903125
 0.13576627876521066	 0.7464643896550619	-0.6514279948905659
 0.6711567911152146	 0.5674479472936229	 0.4770234678212193
 0.7707718039916831	-0.12976411197742432	 0.6237564439860457
 0.5539996628694923	 0.2410394269874645	-0.7968590641876663
-0.020563241415647845	-0.8975780450796084	 0.44037575556966146
 0.24967560596556398	 0.6715304158167162	-0.6976453199289425
 0.6101333345367427	 0.783115974566987	 0.12027753100672323
-0.06954935815524373	-0.9900736023582657	 0.12213577974336731
-0.4203749038117482	-0.32333147155408576	 0.8477863526549203
 0.35390327818689865	-0.5437915986949131	 0.7609488595677092
 0.0036815992016763664	-0.9109740166022513	 0.4124473140934237
-0.7005675218350149	 0.31571304721011945	 0.6399456376687374
-0.6368603817693059	 0.7037485429455623	-0.3148759159330099
 0.41514823946664825	-0.8815444675120926	 0.2247916614702683
-0.8002670689009853	 0.46043336663100654	 0.38415326801351424
-0.14012986984930687	 0.7433402426612047	-0.654071023067371
 0.8524080599620069	-0.10158006714981417	-0.5129151872090034
 0.5734151633188295	-0.5043032654642675	 0.6456572364018827
-0.3633913790186087	-0.7829794226406539	 0.5048662489969618
-0.9421310079128122	-0.28470508561880226	-0.1770089776027728
 0.6282938979947796	 0.7397576809070022	-0.2408430013133438
-0.15998092357532037	-0.8181285890665424	 0.5523329755174644
-0.16668390021863225	 0.5902995453451272	 0.789786632055292
-0.9597429679902237	-0.17515583421052727	 0.21957656781936152
 0.9567121265359598	-0.2829323349869529	 0.06819971230050981
 0.22304802009989988	 0.2213933373830207	 0.9493337510548767
 0.04528788746024742	-0.9515766324027795	 0.30405742864526997
 0.5245789746873805	-0.3184559893185544	 0.7895585362612942
 0.6862835014476285	-0.7009827268354647	-0.1940055986797784
 0.8911227693629594	-0.25561125359157644	 0.37491745352841677
 0.6235957986602864	 0.6679646402282355	-0.40614224022872003
 0.10008890385152333	 0.4072092006045818	 0.9078341689255687
 0.9133742291316269	-0.31445586183335245	 0.2585827305077617
-0.988972356415485	-0.08130826795919217	-0.12378466709362246
-0.7611006956415058	 0.6445340764375753	-0.07281178067303085
 0.7068968524991417	 0.5611743331267325	-0.43055801904804136
 0.39194187971137273	-0.24848589827094214	-0.8857969977871898
-0.6674326911089832	 0.7274343441562109	 0.159288661809446
 0.6779472576033395	-0.6826028940705976	-0.272838422724065
 0.37593679634318644	-0.9188440285664675	-0.11998823410220782
-0.2940215284529047	-0.9548472964644403	 0.042637791227583044
 0.5239217648610411	-0.7860488293442096	-0.3280750252480211
-0.2746183184063185	-0.28161595588284527	-0.9193895978244899
 0.2107154344394855	-0.8112839260366345	 0.5453598784688543
-0.5485854005120263	 0.6854332473824878	 0.47878525638093405
-0.34570647765141416	-0.33374097111086903	 0.8769857441896227
-0.7230110879536865	-0.6246012253897419	-0.29517499206006503
-0.9098075906378121	 0.39349386747142756	-0.13195728202792711
-0.547163493931696	 0.3577239784690964	-0.7567335502914485
 0.23776850170730507	 0.8477485282169438	 0.4741187324941598
 0.5049985034120702	 0.8245194985230903	 0.2552334384574271
-0.9181584583249288	-0.30011555724989136	 0.2586806867606799
 0.15139219619981714	 0.9795013877162962	 0.1328812793121965
 0.2984890252462102	 0.93872179943062	-0.17235337270069917
 0.5361961550496089	 0.5466576772585019	-0.6431633285599818
-0.0585514546806145	-0.9713957214687311	-0.2301349157929482
 0.9496184020705306	-0.29204680319786747	 0.1137257894715098
-0.5901044178110233	-0.7233904480802363	 0.35844530364643945
-0.6091435546656204	-0.2338793868015309	-0.757789259780496
 0.8992013940107054	 0.27595248975162573	-0.33953950640401653
 0.6042017103025239	-0.26854125593137257	-0.7502172266285987
 0.28887268270225686	-0.4549227741388858	-0.8423763070968826
 0.7290197059970199	-0.2876659983470686	-0.6211107322072311
-0.7995943540667686	 0.3297888157819107	-0.5018846540089785
 0.37600626154108363	-0.9266171004412387	-2.0112625312806998E-4
-0.8066595608918488	 0.11450569369553305	 0.5798179015286391
 0.01255009807573411	 0.9994386672092517	-0.031061962675981603
 0.977478218753965	-0.08713634023069317	-0.1922071540624246
-0.33916765657224524	-0.94060216673936	 0.015259903686215992
 0.8148053759454595	-0.5750036476162729	 0.0739121408048724
-0.7245455574696866	 0.6222072921380035	-0.2964655473427462
 0.3758626906759879	-0.5093548377794982	 0.7741349281542771
 0.3483740875579083	 0.1340400359527791	-0.9277223527974157
 0.09183099790237523	-0.09738390914737093	-0.9910012321200365
 0.159673157150106	-0.7382423463373922	 0.6553645710289651
-0.7984336421280908	 0.6020579541248684	 0.005471653593722259
-0.14727619201588407	 0.6676091644144186	-0.7297997854584382
 0.3316330013824138	 0.9106060002858469	-0.24660953882099546
 0.4602739976875298	 0.8325070693773131	-0.3083501686225212
 0.473938533154313	 0.15229025147082406	 0.8672888481345136
 0.989774265134075	 0.05924261064622362	 0.12975830286390821
 0.6378632043126067	 0.09314636385454964	 0.7644961003724804
 0.5125490515466417	-0.8079824068707699	 0.29061641375867886
-0.0440644802946271	-0.7934532553379295	-0.6070339802432867
-0.28719008800739454	-0.6276799049346143	 0.723560495253561
-0.15104813366719766	-0.9871245922952335	-0.05262604489818168
 0.46401619266369737	-0.22875308312253537	-0.8557809298575314
 0.9260356340162114	 0.2535416413439029	 0.2795972829568145
 0.8482808377893585	-0.03702339961490263	-0.5282507814668518
-0.22067497261093297	-0.1710783317141398	-0.9602264112599022
-0.8850001621168888	 0.17869675744611446	 0.42993276443105044
-0.09527438333849596	 0.19226097069742001	 0.9767079968065968
 0.5630907781497689	 0.3765315464650304	 0.735630865366143
 0.8011823626411269	-0.5280868395218294	 0.28148021549769253
-0.17475114028410849	 0.46929749154175787	-0.8655760529277698
-0.751084313177122	-0.21469955521106557	-0.624320795337959
 0.004036073565531208	-0.9874454917892189	-0.15790855219183442
 0.3055008294125139	-0.3773530693544742	-0.8742276043897399
 0.5601916824383419	 0.4612194300482033	-0.6880856896295042
-0.4444848919384107	-0.07887263039413764	-0.8923072839628785
 0.4668851077019793	-0.5752880618893615	 0.6716114516993388
-0.23599189863880302	-0.6188847937731597	-0.7491925225288936
 0.9128851175843247	 0.22599617568935826	-0.3399507179972392
 0.09251059107275686	-0.27140499954518554	 0.9580089335498114
 0.8762525089050395	-0.19027833471992614	 0.4426914229729728
 0.6226867100486704	-0.46576855613746815	 0.6287455075325639
 0.4453581622006078	-0.5533160994348587	-0.7039157630480302
-0.5472520720016462	 0.5880176864459925	-0.5956092428065634
-0.08937298228218157	-0.557278883986473	 0.825501493336493
 0.5422207559703593	 0.8354478039991357	-0.08957465371383777
-0.4658711056293171	-0.0431498532772667	-0.8837998659775119
 0.9762570167890423	-0.04194666315087927	-0.2125152103277932
-0.16508014474789495	 0.08702424242449006	-0.9824333702803756
-0.14252292856909307	-0.44641138359449317	 0.883404828733316
-0.7767494970627896	 0.10637126244092132	 0.6207619296795093
 0.6180921596550548	-0.7767415759102422	 0.12097357738541037
 0.4037983010440079	 0.0316313632199795	 0.9143010384631631
 0.6593500252355831	 0.13928199889261417	-0.7388220821052345
-0.5589681453697734	 0.5843119840232541	 0.588331639289172
-0.39591327796715364	-0.9169630002054827	 0.04931057273509687
-0.031167178658654107	 0.11568616991550293	-0.9927967148740677
-0.20355354359090655	 0.8021331930009749	 0.5613807046716566
-0.37268808985664176	-0.7934123359183869	 0.4812488471586571
-0.42857440647293615	-0.9026579184050254	-0.03914920761748486
 0.5723457152524901	 0.8075313891246236	 0.1425252181565464
-0.5215639083455595	-0.7864748509438011	 0.3307996347401714
-0.885424520903938	-0.4635077720262943	-0.0344087641924693
 0.6490141233428736	-0.7233076831566576	-0.23581065113355115
 0.6068745249259415	 0.18391147062746735	 0.7732269278598327
-0.6980546227925983	-0.5358178819184569	 0.47499362207749907
 0.5668417185397445	 0.7037231856560021	 0.428327146108062
-0.21684977046459822	-0.715152567008866	-0.664479482715667
 0.7950140602137953	 0.584288987130415	-0.1629693946128834
 0.770067838825113	-0.6360265232552169	-0.04965667450706923
-0.4811498710874459	-0.061569875161938445	 0.874473528487328
 0.5018909442029451	 0.12957432982445996	-0.8551701428239986
-0.992811109820041	-0.05440014934286588	-0.10661483934880933
-0.7444009206168549	-0.3371951425588036	 0.5763390540467712
 0.10913374678326508	-0.3932555056647722	-0.9129293141187824
 0.23705741055968152	-0.9690612591800555	 0.06873179799120543
 0.5893859051902814	 0.7291281876372602	-0.34784528278508686
-0.6151301444431144	 0.14972258721292814	-0.7740788411238615
-0.6407765886473026	-0.517373484403373	-0.5672125184424603
 0.7515326135216095	-0.6517260109966981	-0.10223471721343524
-0.8742174852331959	-0.10893321749119429	-0.47315678441671216
 0.5396046966589046	-0.8281417081827086	 0.15168415379292854
 0.3367819575502133	-0.4900115662168319	-0.8040314533912052
-0.7354668008340919	 0.40126858493702217	 0.5459598040272802
-0.8789031941490938	-0.3292241841483503	 0.34516751279107005
-0.052914940435900545	 0.9542649047027736	-0.2942422483792424
 0.6334678944471542	-0.7534719872402136	-0.17606359972740648
 0.8801615015846581	-0.06292793946780144	 0.4704846496566881
-0.026506146770464603	-0.9882989978430314	-0.15020823894128532
 0.1537715532141606	-0.9652763642169537	 0.21117729543254304
 0.8608655806964872	 0.5077192893322274	-0.0336388943349486
-0.3859518818395757	-0.61141426248929	-0.6908065898130735
-0.4030416052356255	-0.9070087189202536	 0.12203543850755239
 0.9123675557599945	 0.3297759155906089	 0.24255574347540998
 0.9452508669437703	 0.10646412108070165	-0.308490177257825
 0.6652261826617051	 0.7056899433046315	 0.24387666928191765
 0.7008645280235332	 0.562485834615629	-0.4386326472289874
 0.364713248455484	 0.0962691293539776	-0.926129851119418
 0.8135585528568573	-0.5306299932913064	-0.23781146165213363
 0.8312432662817757	-0.5473744551641391	 0.09703524151032306
 0.5064823559504713	-0.7376394182028587	-0.44650163697819556
 0.34885948492417385	 0.8227105397023677	-0.4488256093864065
-0.5989120032209971	-0.7182302467145792	 0.3541888269018758
-0.5498176714303731	-0.7673274055935716	-0.33001391002186664
-0.4840752882743116	 0.7444303822147866	 0.4598853349669769
-0.9704289099682796	 0.19065241441090322	 0.14805197593098884
-0.7136765420379688	-0.6932931626039514	 0.10005190668517172
 0.7374042562183082	-0.08653376769195205	-0.6698857141036514
-0.4869651739335609	-0.8712564293391473	 0.061458552790122356
-0.44849424293046014	-0.713442169677396	-0.5383801487650182
-0.09842343219068779	-0.5320661575865735	 0.8409628005725727
-0.5584879330504495	 0.5217016862791769	-0.6449174979565215
 0.3720375707464583	 0.9239038449736265	 0.08938529630774283
-0.3854056772961451	-0.17029585822597496	 0.9068967882725014
-0.9990215316652139	 0.03210924070414559	-0.03041341695195432
 0.2836363541429873	 0.03774237729996865	-0.958188880943742
-0.02619154108311606	 0.2176191917938978	 0.9756822692550389
 0.2065056140913483	 0.9694117099944289	-0.1326513018195914
-0.225305964008326	 0.6258886322604645	 0.7466596564629724
-0.28990149160562506	-0.2903259126153178	-0.9119583266953137
-0.1917442513110977	-0.8172085088415356	-0.5435111729910809
 0.12549715016601787	 0.9903127813236384	 0.05942272668977422
 0.8039350503227379	 0.27779226250111305	-0.5258515890981879
-0.315462222410821	-0.9142305407878212	 0.2542953096744687
 0.44256737162354376	-0.882197784070876	 0.16081415159949142
 0.3801014454562606	-0.8482026764792739	 0.3688836005780922
-0.3395836800839904	-0.24617935222051782	 0.9077877784817883
-0.11162503915859454	-0.9761959703049815	-0.1859604210394188
 0.006887767125576393	 0.5757877612615442	 0.8175701882073751
 0.5699216459867952	 0.8174723735232412	-0.0832360256258109
 0.5996867554742753	 0.7726795085819314	-0.20818782943851888
 0.040222419323760514	 0.9789445335310191	-0.2001243544736102
 0.6120291706503566	 0.08460759839606309	-0.7862962854844777
 0.7838905928498726	 0.4853312332602806	-0.38725848275219277
 0.35331511422767364	 0.25985121967455654	 0.8986911447721799
-0.20546838526138497	-0.8709033756441219	-0.4464415448295025
-0.8317616492355502	 0.14359773770306597	 0.5362389845838504
-0.2631690080538531	 0.1452335041257993	 0.9537553682571294
-3.30498137314917E-6	 0.8896296828670098	 0.4566826330735829
 0.3027491630511117	-0.8592559786944248	-0.4123373707896696
 0.7464152986006022	-0.6240854391322935	 0.23104451233047318
 0.23459114474608814	 0.7001798639125587	-0.6743257024451244
 0.19338533680000736	 0.9173259340503866	 0.34801615225350324
-0.8952230249442304	 0.35699257146109714	 0.266705904567738
 0.7397566517889479	 0.6727823525319634	 0.011135630002928387
 0.23763742977122804	-0.8689212753968819	-0.43417078337260406
-0.26793014796397013	-0.07495649830830887	 0.9605180681139536
-0.6014092895516837	-0.4121000452120015	-0.6844562945705193
-0.5223852669141922	 0.007775135001561701	-0.8526741348174551
-0.42973420058068434	-0.9018718967540383	 0.04422215164997412
 0.30741737156000254	-0.22534301037006005	-0.9245080244868069
 0.6043300586903104	-0.44206357924206613	 0.6628461149249194
 0.2728033202781814	-0.905167390572135	-0.3259606471493639
 0.3601252856687662	 0.9326624688490035	 0.02122493398037628
 0.20106800752911774	 0.9239749481505548	-0.3253336003834375
-0.7104923392659527	 0.5970114270470674	-0.3725291825073822
 0.7284937373695087	 0.23605742163696625	 0.6430970131352756
-0.34579691987583766	-0.817580074022466	-0.46042079966678573
 0.05024704043950032	-0.30515039114626064	-0.950977641014948
 0.9878773696787252	 0.14873446466577164	-0.04445628748815533
-0.33114645578782753	 0.05934277357520781	-0.941711452645428
 0.6039080187825899	-0.6942848110039183	-0.39148908804632154
-0.4018390353177151	-0.12095673105099479	-0.907686542209581
 0.22778409455235976	-0.6598272170109292	 0.7160603675393393
 0.5161628746439028	-0.7693220935351677	-0.3764563762748738
 0.09885635151214356	 0.33288397856242796	 0.9377716558854594
-0.1310944550268216	 0.5298321502919516	-0.8379093843478707
-0.7927677317761352	-0.42472705648600423	-0.43717988396454865
 0.9613008677099529	 0.268320882348171	-0.062486365200663085
-0.018673336136050166	-0.9996137898760585	-0.02058100112173955
 0.11686553988694023	 0.9129220982419283	 0.391044355704681
 0.6792674361392449	-0.37727055286313343	-0.6294939873764978
-0.7130804197690879	-0.6480938957896653	 0.2673772936921084
-0.32742984789389734	-0.8226196124547388	-0.4648512320226703
-0.49752764348482903	 0.8509208169263703	-0.16852301709200268
-0.6988876116453214	-0.6711258654702625	-0.2472775343323561
-0.7992505504066497	-0.38036590030175316	-0.46531746105460536
-0.9425560498964669	-0.11667794492102775	-0.31300854616539575
-0.9129591940533457	 0.25851182988057586	 0.3157168728548756
-0.2101111647787674	-0.8214287350377372	-0.5301963142927466
 0.10958316731879994	-0.9288173061578217	-0.3539631919029256
-0.388301615385418	-0.609915960814409	-0.6908142849079708
 0.7690710688930609	-0.4858656200173435	 0.41528820146597867
 0.9540416454317835	 0.18695622431603875	 0.2342048440389446
-0.43090095815184865	-0.4147149692313058	 0.8014585819362694
 0.2261453566809222	-0.3228354229545825	 0.9190405689290295
 0.014477318553344502	 0.7857674373988893	-0.6183526029468038
 0.08189272566621315	-0.3801578423868208	 0.9212890948853978
 0.3943992113257897	-0.10251987027839668	 0.9132025724359825
-0.2007787727425531	-0.9716803910307839	 0.12459976766534164
-0.0798052778256056	 0.8887966087252044	 0.451300017670899
-0.8014416689619774	-0.5134588328610766	-0.3066778084706834
-0.008203905508039386	 0.6405521172817877	 0.7678708751998828
-0.33960228910341017	 0.7458217165135201	-0.5730796213551397
-0.8828977532828184	-0.24899861997248934	 0.39810958855564804
 0.943218374253639	-0.3291806764579365	 0.04448798396216147
-0.2929310106598232	-0.19814537529982484	-0.9353768402313081
-0.7651107535734978	-0.1079926556001466	 0.6347780093092565
 0.9187006912752135	 0.27406635822958114	-0.28438824015282327
 0.393793468604541	 0.5647298428590382	-0.72526333746358
 0.7700661256004482	 0.6368490161280377	-0.037702690347838574
-0.6888429708799995	-0.3217148960508795	 0.6496113354369579
-0.9047927646194553	-0.2896813873226249	 0.31214539389701446
 0.7999474057296798	 0.447058318678736	 0.4002786626420358
-0.40411580130159375	-0.8744883906439224	 0.26825449440293303
 0.3095921555446574	 0.943077372214299	-0.12148155103794611
 0.97223217485707	-0.21080611953379444	 0.1016138678517613
-0.08303512458089272	 0.10052448738230012	-0.9914635623775396
 0.4518193443505277	 0.8866837901197615	-0.09824019752379409
 0.19884497262236653	 0.1599952642910076	-0.966882718982639
 0.4241033362720166	-0.8253724066589141	 0.37268854354409275
 0.19213001237028468	-0.2992444977925845	-0.9346329701478855
-0.888915788789006	-0.3930242665871908	-0.2352884321746822
-0.28839372103333305	-0.7678216022636853	 0.5720830785522109
-0.9095285590434944	 0.2661317774111449	 0.3192674072564399
-0.8985898201954898	 0.3990971893200521	 0.1823671256500794
-0.6772346116674642	-0.648551827386597	-0.3474677077846584
-0.3649828104315797	 0.8123555881390915	-0.45482518235983393
-0.5739563399902766	-0.7227375649894026	-0.3849993921269941
-0.4040041401008615	-0.645734404544122	-0.6479257160889753
 0.7055196459575916	 0.2530634080975428	-0.6619674770333746
-0.40129099418109937	-0.15089159829548987	-0.9034363638646483
 0.43138947459788235	-0.801205281826177	 0.41469653673499507
-0.7356046803954895	-0.15738102489883646	 0.6588755323898752
-0.34353844759921753	 0.8181710064642721	 0.4610613182672776
 0.4859143420115351	 0.7845063226235023	 0.3852753327053864
 0.6395872673456046	 0.38489599583894873	 0.6654195667671083
-0.19619522858518174	-0.11801645836215449	 0.9734369768177404
-0.6324058078706161	 0.43162380890940166	-0.6432447292858712
-0.1980363606771627	-0.5378654540544832	-0.8194402682224675
-0.44075144933594207	 0.11749129191997285	-0.8899067120947242
 0.4209375855564422	 0.8964589797434099	 0.13846604891928393
-0.7488931894809141	 0.37729351544144124	-0.5448014261682346
 0.8764471591690263	 0.46876459312464663	-0.11000060644027299
-0.4217117537340911	 0.26734681081987444	 0.8664207289227097
-0.6489360995437938	 0.38943983852367764	 0.6536195765730546
-0.2753778980357556	-0.8807415518505436	 0.38530680258373984
-0.9479449603812359	-0.15499004968454436	 0.2781697981208593
-0.2488099979208262	 0.09446384030019049	 0.9639347321319938
 0.039715908467764044	 0.9292266980144601	 0.3673695555047036
-0.2592906800763611	-0.7690360125295169	-0.5842533308918647
-0.7190973949582724	-0.2852523515651644	 0.6336639744302734
 0.5464578044227685	 0.7899965497645283	-0.27800956700370705
-0.5507413655167572	-0.8142238207353923	 0.1836396418418349
 0.5841926531807172	 0.5063481648893919	-0.6342952623840252
 0.6975157959651752	 0.6209010739074489	-0.3577059837347494
-0.18144270937113127	 0.9184319351783948	 0.35151290681926883
 0.7052049461598424	-0.006319264767352111	-0.7089753527482419
 0.3644959822054093	-0.8493883800486314	-0.3816831916583119
 0.8791018313171345	-0.3887921311417109	-0.27571842328206353
-0.9410514785827975	-0.03260784066119079	-0.33668805055205797
 0.14499688157467222	-0.357972435010074	 0.922405355636327
-0.7686965998776097	-0.1080067177146	-0.6304284941729079
-0.06630507567069477	-0.41642348518468497	-0.9067497548535339
 0.6309299968905103	 0.25068684731199065	-0.7342230203477111
 0.0016410235812498934	-0.9882601632202037	 0.15277158385505518
-0.5675255189949034	 0.34949327593873053	 0.7454993194920971
 0.43298580750255833	-0.8518198957005154	 0.2948324198423924
-0.4444479197712054	 0.23201905177750823	-0.8652359251807071
-0.9440051119823831	 0.20697600991014753	-0.2569343882644026
 0.9726846500726106	 0.21807824209805285	-0.07953899569737022
-0.32960324965901133	 0.7897878205708105	-0.517297686339528
-0.6679418476199195	-0.7416670249659493	-0.061511887275925714
-0.836883103704295	-0.10166025235818012	 0.5378585909184099
 0.0891119708817998	 0.4861026078404195	 0.8693464851808539
 0.2408046583179806	-0.5344794516882411	-0.8101511169253535
 0.021514693359169508	 0.0011553054824211787	-0.9997678646760473
-0.277140461108713	-0.7695398798790852	-0.5753273312577225
 0.32960257786485697	-0.32478268192961574	 0.8864978004391477
-0.9814013088665912	 0.12334163476611677	-0.14709966719256617
-0.25866992046650417	 0.6458451344361779	-0.7183132565747117
-0.2800011673863448	 0.888821664436258	 0.36276079596759647
 0.4242438215014765	-0.7577386259068538	-0.4958319823555317
 0.32427186946500025	-0.9335600014791022	-0.15268751852071127
-0.45850233852526084	-0.5064422015509585	-0.730268376732202
-0.23827198715833783	 0.8390182523749906	 0.4891572674684832
 0.18687686373504622	 0.27424060708657794	 0.943328748223724
-0.5625290933135909	 0.773785177394938	 0.291234473267973
-0.9382016788494145	-0.3121468280059975	 0.1494722969982536
-0.6942253640037153	 0.6941753581479609	-0.19018863297804933
-0.5815546720991968	-0.35975152523448867	 0.7296389541760053
-0.7727832811161217	-0.11514938976727937	-0.6241366985393699
-0.22512386945721818	 0.4696708798677513	-0.8536559658345166
-0.3558343735747536	 0.7789284978518343	-0.5163838628548996
 0.9160956841323619	 0.08138703111500394	-0.39261284833834087
 0.6728259081495679	-0.5263170298044723	-0.5198996840357835
 0.4929111624460513	 0.7619437552581153	 0.420095584074915
 0.20183782120469945	 0.9572628757851612	 0.20714555407940294
 0.6773544149677186	 0.6273483677172086	 0.38422001775843717
 0.1787396977125571	-0.5325321840383488	 0.8273219406162089
 0.5995730021523089	-0.5221381451877672	-0.6065343950922695
-0.6601276645492244	 0.2511811051483213	 0.7079120841695348
-0.5389688751509149	-0.8268872222703652	-0.16053059915342405
 0.31767154134708203	 0.9464299937849578	-0.05792286838869365
-0.436374659810081	 0.05020171829181167	 0.8983634808673968
-0.4690476468566143	 0.2252812856994726	 0.8539570523696525
 0.9405350573803957	-0.08499867408071694	 0.3288906068025901
 0.9211861759737271	-0.19715968230398448	-0.33547591399188925
-0.41227192277545915	 0.9107862136447196	 0.022368163217861392
-0.6102270507019781	-0.6909409845242869	 0.3875867677000524
 0.04647768383696307	-0.9747016351763778	 0.21862421478337324
 0.48723969352068525	 0.8730487125031352	-0.019581283269659133
 0.20234368845052467	 0.18519831293388997	-0.9616437056574945
-0.0829099372096582	 0.6060853975831623	 0.7910666426720006
 0.6124199982361981	-0.12115063210053668	 0.7811941308676196
 0.8024038069274534	-0.15783032631901026	-0.5755325522699517
 0.8561327385166523	-0.42070529848822263	 0.3000729675660787
-0.556077682278176	-0.7781154314575698	 0.292085580951426
-0.08697302522247118	-0.9455485233160745	-0.31364579215803645
 0.3001528701928015	 0.6636917392208814	-0.6851434373946705
-0.6215297087074206	-0.5915867308432756	-0.5135425601488495
-0.004403348101301469	 0.8560925918883561	 0.5168037196454525
-0.951803679618263	 0.12427122958082602	-0.280404024513923
-0.3397721966695294	-0.8399001111187268	-0.4232288479216806
-0.03641098767303202	-0.9963244284192571	 0.07753627094279869
 0.524253655808381	-0.8273290433328175	-0.20170463165121544
-0.8959659701778612	 0.421853217867787	-0.1388698774314916
 0.36661207928263645	 0.7215902501826995	-0.58728450870539
-0.20532617365022396	-0.8718295123043937	 0.44469592295099947
-0.0909433480992405	 0.7560197766991544	 0.6482001270257982
-0.7603847176909319	-0.5417940955432385	 0.3581539321807954
 0.7426057513185554	-0.33925022590371895	 0.577447817844071
-0.4129692940435953	-0.7167838267188349	-0.5618516778754314
 0.0873974951030657	-0.7947545099991365	-0.6006054833963321
-0.6443316254656006	-0.7608818570327115	-0.07678252446559286
-0.39556993242571703	-0.7801480663750533	-0.4846580475881723
-0.5196138575604938	-7.058855438701797E-4	 0.8544009250677937
 0.4849993684117022	-0.6975120741085128	 0.5274964636024497
 0.007277384454638958	 0.9511968251171854	-0.30849901063453355
-0.34198858681333766	-0.32418912800560895	-0.8820120269998473
 0.6368430349352341	-0.6951533249754875	-0.33345584959632113
 0.40605418427300155	 0.6331023128487844	 0.659015524020419
 0.3571996201896669	 0.08464943401345015	-0.9301843390734765
-0.12122570294452417	 0.7586209002665971	-0.6401551832363022
 0.28802656035852314	 0.7464875060330307	-0.5998308960570671
 0.8162096351016488	-0.531703061379655	-0.2260391251238072
 0.4556098922774725	-0.02388049475406386	-0.8898591731443863
-0.3681158596284691	-0.7347568309692651	 0.5697570651023083
 0.8081800664797194	-0.24019695165981583	 0.5377270725546264
-0.5104267999082682	-0.766763089706489	-0.3892799072636084
 0.8838381270953113	-0.08774253401760838	-0.4594903838132207
 0.8766912736897993	 0.26137397514001365	-0.40385152687053827
 0.4157150800216984	-0.8458891429921553	 0.3341444747568778
-0.6478751338191105	-0.729592891321528	-0.21897950568937374
 0.9577019939003905	-0.27459296592353816	 0.08605576067022436
 0.7871211470375302	 0.4887149462878341	-0.3762950985080753
-0.2695470533212602	 0.26255102951284126	 0.9265049071362617
 0.6144095634682064	-0.5090668753665122	 0.6027866991924955
-0.19919702355601723	-0.583956513138464	-0.7869659055954015
-0.3433303451054023	 0.27069970050019804	 0.8993586305133834
-0.4737581700189355	 0.04720041468261913	-0.8793891727751133
 0.731722490550007	-0.6628686304175571	 0.1587053106598737
-0.7767767638518872	 0.6257186075661337	-0.07137284697480006
-0.4075912547579537	-0.9045149682774867	 0.125387564003828
-0.7714723594702354	-0.5794710615060744	-0.2627616552133343
-0.6203911958775281	 0.6675528786934969	-0.4116891038461863
-0.24894814710550206	 0.5883238488370583	 0.76935029014246
 0.3870710791910363	-0.4957441159351189	 0.7774405129459063
-0.4117327183133396	-0.1373404170078936	 0.9008960975198006
-0.22425751725818738	-0.4216375957713425	-0.8785956429355632
-0.5100055255459505	 0.6055860192026437	 0.6108681832104976
 0.40052678190197505	 0.1977219881131288	-0.894697888896492
-0.9714433703748282	-0.18058774991577414	 0.1539020556560322
-0.36511857595214964	-0.9204677850572427	-0.13938250308588973
-0.40720369051109784	 0.8046931766186538	 0.43203477399107837
-0.2006832309320346	 0.32037201882158967	-0.9257904786607274
-0.5492326236319859	 0.30354753167639864	 0.7785900212252217
 0.05374003125675477	 0.5684876041107937	 0.8209347434558318
 0.9026015198487272	 0.2715401670155762	-0.3340305885153647
-0.3690029762057169	 0.9294171579463624	 0.004533218087583668
-0.500806266905315	-0.8395834652557869	 0.21045828065782346
-0.6035895928615483	-0.22113892828265755	-0.7660138234961742
 0.5394240541135479	-0.42137127791315704	-0.7290184743842485
-0.17871547714633976	 0.5246223362224524	-0.8323654140849752
 0.012659844800253287	 0.37957640428386624	 0.9250737709180628
 0.5130171753970798	 0.5884596164168582	 0.6249229213224028
 0.326773057401199	 0.9324457614203591	 0.15415664424824316
-0.1913826609797551	-0.9768376134398761	 0.09571287293460196
-0.693297893988441	-0.23417403686723484	 0.6815427724277439
 0.6941317408075419	 0.639590121436955	-0.3303113727435867
-0.9383509881948067	-0.3362004269289383	 0.08041576889285751
-0.6981892242697088	 0.7027709045314291	-0.13654619312796368
 0.34954993587916733	 0.7957062064786729	-0.4946377212649573
 0.7237536398852832	-0.20307247972310302	-0.6595015062393064
 0.22978671542172158	 0.6763078263593609	 0.6998612644094351
-0.39221543458501246	 0.18679632742878333	-0.9007076023507343
 0.6790463499547179	-0.1992535058705854	-0.7065366904920476
 0.6329188876520849	 0.6919315811421052	 0.3473389823665547
 0.09831974302052532	-0.5547001826498211	 0.8262208757351952
 0.15535180282913805	-0.08606800015876466	 0.9841026962194583
-0.555206422975065	-0.7153670989106298	 0.42425905020803323
 0.7537453882498222	 0.22704571977690446	-0.6166993844841357
-0.13503732422585663	 0.7891262754211731	 0.5992033398653813
 0.8291401413094052	 0.559019567570566	-0.0048733092080301965
-0.24647783855820204	 0.9348598327391091	 0.25551079865767234
-0.5136509251597716	 0.2575119294866577	-0.8184438485654157
 0.8532178554232971	-0.3985462146088633	-0.3364226597716262
 0.9090928671834514	 0.2304557401017899	-0.3470451133358714
 0.44000145603428303	 0.09625624095744299	 0.8928233054554824
 0.5426307628308978	-0.8329729526047946	-0.10820312129697673
-0.031444099045776656	 0.058590697883940945	 0.9977867501408666
-0.08314280908900373	 0.22575942925548892	-0.9706286382541087
 0.4527739151358879	-0.8846157698172047	 0.11158280137742715
 0.3417344919411524	 0.9146230090116255	-0.21606084421810978
 0.6735356019561488	 0.5203984396468329	 0.5249145234328252
-0.9534490609995294	-0.1262029298622116	 0.2738753522559292
-0.9790243909284323	-0.08568363945755673	-0.1848500903340855
 0.01170539666954452	 0.9769634394533009	-0.2130854797032995
 0.3581877897849856	-0.36062278670979686	-0.8611926108337249
 0.3247266212770484	 0.9421318553097139	-0.08330779462132343
 0.31382899441083384	 0.263721650568282	 0.9121196485596754
-0.4088325728398981	-0.27447928288038437	 0.870354554566459
-0.46052604349674076	 0.8429321123033715	 0.27817479632241016
 0.10929393468293189	 0.5981267789173258	-0.7939138443077483
-0.05600076812400231	 0.9984204111727091	-0.0045383392601723305
-0.8190407064220832	-0.5286174255698962	-0.2230155568732155
-0.4197353599533235	-0.5995133794235316	 0.6814733564102347
-0.05487149343249314	-0.6449966255068548	-0.7622128785931512
 0.34909192273989664	 0.8898910701434617	-0.2936472590655097
 0.19908282242380865	 0.41779016477159575	-0.8864634273538268
-0.47595279226128884	-0.7523886031952332	 0.45539030437703465
-0.40006334411893746	 0.3009818603518013	-0.8656553820265553
-0.10242337671553614	-0.5414264327240943	-0.8344859914041991
-0.6309067126596912	-0.7121055379811806	 0.3079974394333096
-0.2058926294566457	 0.359209257283574	-0.9102620142668876
 0.21105714386414953	 0.976942534681442	 0.03222058277106643
 0.734365411468398	 0.21097236496423352	-0.6451341749281685
-0.6326316845091707	-0.6366288599548172	 0.44099982588173314
-0.5049703151086324	-0.6639076465743237	 0.5515719514979269
-0.9792438422860464	 0.15168704948099662	 0.13443413392665682
-0.42917846231511064	 0.35080189016115076	 0.8323123700535762
 0.4656766192401428	 0.7565086352144865	 0.45917313852073915
 0.2690156300543597	-0.31933850687778687	-0.9086547797769633
-0.7308719318379668	 0.34894279012947493	 0.5865706679233931
 0.2924592099647958	-0.8947290465595846	-0.33753154482113845
-0.15929982596919334	 0.6073947116777795	 0.7782642415478511
-0.42074377109638406	-0.9009549507695026	-0.10608890501610824
 0.07125632596814446	-0.898106257000738	 0.4339673802783406
-0.8852950664206253	-0.4619003552209844	-0.053858214025616524
-0.430457496098907	-0.44754808819758407	 0.7838412165757469
 0.5624839620210706	-0.2346487437212039	-0.792812562677421
 0.7890586245764197	 0.19629734036839047	-0.5821115366885155
 0.3623524226606754	 0.9166616966882584	-0.16861807618562885
 0.5581429395797209	 0.32696568315023955	-0.7626073046066402
-0.06746456170130702	-0.3891369843538819	-0.9187061229372628
-0.8076578114341653	-0.5748017935334654	-0.13149812842807207
-0.4477033999986652	-0.8051776461474515	 0.3889095316061111
-0.2977216687519184	 0.30575529229142295	-0.9043646992178318
 0.7082922620970411	 0.6124850143355058	 0.3509760371704762
-0.5339725279093258	-0.6442704414177353	-0.5475298510159248
 0.06154705907483005	-0.6407698074574573	-0.7652620553576222
 0.3772028244094361	 0.542176525884899	 0.7508412908444271
 0.8358461161950953	-0.5489324054916289	-0.005872328562767093
-0.242260825639391	 0.07848279341730437	-0.9670316145286757
-0.6229011981762074	 0.3124381332012718	-0.717200467256087
 0.8134979887476328	-0.5460963404853322	 0.1999995230296423
 0.8487809914207721	 0.16968942061176387	-0.5007757273822437
 0.9146115277850854	 0.059436968032301855	 0.39994124577712586
-0.5707606225137286	 0.6591767316736399	-0.4896104045134244
 0.39816601640078986	-0.3464395707046534	-0.8493782709920836
-0.7687682241172894	-0.1331185252426567	-0.6255196846021469
-0.4636627654286779	 0.1592186609752031	-0.8715883534973916
 0.0018122499771951667	-0.4735592191085024	-0.8807601158927245
 0.022244971146053637	-0.820643798006002	 0.5710069334543981
-0.15472829701558108	 0.8080317501179648	-0.5684574257619974
 0.8897931784641535	 0.3227422772250697	 0.32265387344681806
-0.10813010519296683	 0.1939455942561204	 0.9750348644123441
-0.1073448609944816	-0.9455637286908166	-0.3072235599728561
 0.17044857799337043	-0.13165379888060752	 0.9765319039848839
 0.5500737914114259	-0.6718972442311739	-0.495956567853288
-0.7001841095417901	 0.09066241279310064	 0.708182560962711
-0.1650599883066926	 0.1583345011485389	 0.9734913384341115
-0.674620525928903	 0.5783013087074587	-0.4587534657554653
 0.7482530065819717	-0.283888194460474	-0.5996039786284042
 0.9332543032951055	-0.020113259357470815	 0.35865284353980287
-0.5216757084741883	 0.8527112338336926	 0.027166282074938097
-0.5970980346390606	-0.368222468194794	-0.7126613157360973
 0.9914179108923536	 0.0773507569838607	-0.10539158579253227
-0.4717680211239258	-0.8801699802210953	-0.05230430347889081
-0.5726626102092728	-0.8192239339004407	 0.03049067058936128
-0.6449199108007468	 0.2665051089967316	 0.7162774152040514
 0.40798013525952814	-0.20178180759283568	 0.8904135619801536
 0.4182165441810623	-0.2945863107110847	 0.8592519000356542
-0.7903318078275279	 0.011527188308039362	 0.612570614268904
-0.9015698113574633	-0.3924475798834134	-0.18209001151221837
 0.5448809101374559	 0.7605601630725182	 0.35306236292598836
 0.662645883581174	-0.4662082394694212	-0.5861316493960618
-0.8333474724187628	 0.48563156736359203	-0.26399615715619884
 0.3058396278261418	-0.6348065235505286	-0.7095652187846155
-0.6631175877730594	 0.6930587532093042	 0.28274481319027545
-0.1962687893470873	 0.8538665757543785	-0.4820689091174839
-0.8113911507546434	 0.40348471120266227	-0.4229000925783297
-0.12508655935322197	-0.23217575118104097	 0.9645972077674143
-0.07696160252899914	-0.9896109955939154	-0.12143718185048602
 0.9031460655176218	 0.36317896889945356	-0.22897209631125226
-0.8636235074631791	-0.4965840389252194	-0.08694095491603826
-0.2721803043333861	-0.2270407083744975	-0.9350777500688334
-0.8982104502728866	 0.26706630678722965	-0.34913260346121744
-0.16813451266302698	 0.3686072132113404	 0.9142535250247252
 0.11769569948607975	-0.1828027957370006	-0.9760793308913056
 0.8949868910370089	 0.06854039851134136	 0.4407955066057454
-0.22611151099544702	-0.6337273809910858	 0.7397723914674939
 0.5797095062771359	 0.8148200642148691	 0.0022696442002996253
-0.36936348972995686	 0.6948119279956627	 0.6170956142847379
 0.8417083687117657	 0.3624401374129497	 0.4002051584283497
 0.890233097985965	 0.410385720714048	 0.1976577635316228
-0.818873850106301	-0.5443769282597061	 0.18193234344285814
-0.6370427237953918	 0.739445971823626	-0.2177067358010809
-0.15571366282998117	-0.6751678602434596	-0.721042034629285
 0.7206900970409478	 0.4733260573783884	-0.506525643411802
-0.6807295751036971	-0.49530836612322515	-0.5397007207957767
 0.4113058759926951	-0.7518307780112122	-0.5153425633585269
 0.07487645698760574	-0.7795734166650512	-0.6218189481015852
-0.8715312020151643	 0.4903286949177293	-0.0033368929079637955
-0.664510441556284	 0.6629619624896657	 0.3448293916627809
-0.068701314347164	-0.9156431159961974	-0.3960780397039787
-0.8525992845326047	-0.33275816496024113	 0.4029224040268591
 0.10006211979033401	-0.9482014127214086	-0.30149901010814273
-0.6233502609694633	-0.2567545222602578	 0.738587548939331
 0.19801447188445603	 0.12181571989173864	-0.9726002258438857
 0.7257827264510188	-0.6870501688463543	 0.03466265243055888
 0.2944225028958604	-0.9530108643462902	-0.07131396936417045
 0.19028062091219175	 0.12863189943847583	 0.9732662121701958
-0.6639633657637022	 0.7217882551959356	-0.1953826081946477
 0.637299818828134	 0.010060457430063712	 0.7705502761779568
-0.5767861353800349	 0.46006312964549445	-0.6750256815663809
-0.07565796200637179	-0.9287759582601991	 0.36283755613620183
-0.1537103000969251	 0.465856258561189	 0.8714075338230005
 0.709521843854914	 0.24105086591726058	 0.6621731141727683
 0.5292136021373829	 0.240532316896378	 0.8136812446168562
-0.43351138808884826	-0.32795608202423904	-0.8393525389611869
-0.3872797189600599	-0.6551077479855528	-0.6487281848444033
 0.9157081718748582	 0.39238424397042304	 0.08667842318226993
-0.9881180625174826	 0.060843949401109314	-0.1411407395048343
 0.38018729050988587	 0.8739514718188599	 0.30276467601158497
-0.3870841755966422	 0.920207452645506	-0.05817288971966872
-0.518300101525272	 0.25291189715704604	-0.816945883786262
-0.30077316584509445	 0.6041050132340058	 0.7379651995135414
-0.4244009727090672	-0.8874833131005107	-0.1796028488964989
-0.17492335630601205	-0.7761079525387679	-0.6058533365631666
-0.32122441750124636	-0.2492380214583822	-0.9136165947816928
 0.692241149371999	-0.7144459337937428	 0.10182926299311412
-0.433828196537544	-0.5723980875652267	-0.695811414997378
-0.6262326666544697	-0.6648525595482512	-0.4071900309155061
-0.24795995997689885	 0.7661604948292492	 0.5928861226333897
 0.0011272859489011764	 0.9060066757743209	-0.4232618960865173
-0.22725101026542513	 0.925430979936276	 0.3032069915215143
 0.05508513024881385	-0.6527969649129125	-0.7555274654345538
-0.910846656436297	 0.13921590009176985	 0.38855797716744456
 0.9153471011316822	 0.22556732591833348	-0.33355519172676407
 0.19731219973745578	-0.2054930561475892	-0.9585616827882752
-0.7298183289755809	 0.034518075049867036	 0.6827691477989779
 0.6565978565263648	-0.540773678779879	-0.5257785495280876
-0.45161075431948694	-0.8444268078040087	-0.2880817468096788
 0.7661890377732448	 0.5486336075510675	 0.3345975538787014
 0.6002903318005255	 0.06217142885210996	 0.7973620451095613
 0.3723363998930141	 0.12382728075804987	 0.9198002010517157
 0.5525304420700321	 0.015087755699069031	-0.8333561484826641
-0.9343361324063002	 0.34482386586322744	 0.0900693799866279
-0.8997141749840981	-0.16262591299408075	-0.4050521148636621
 0.03985814524300358	-0.8131916787174011	 0.5806295048674006
 0.27923708062059466	-0.9586622799849019	-0.054710928895761235
-0.00663907028139426	-0.9620502170117871	 0.27279168369540163
-0.029011093810546198	 0.9160407819111265	 0.4000345513972108
-0.27143559371	-0.31739707327596467	 0.9086153291372272
 0.8788532128928038	 0.4657203351581175	 0.10354515733826908
-0.5201631924099427	-0.4595470618111151	 0.7198935693855504
-0.9501133439040069	 0.23654433070622632	 0.2033012871240356
-0.43840431021743087	 0.7527727950727281	 0.4910547625073718
-0.5976402347844457	-0.6988165827345004	-0.39304138899366303
-0.4942196430254922	 0.5328361098190196	 0.6869007384773209
 0.06647036218802048	-0.5467614211417349	-0.8346458166801436
-0.07166715401687358	 0.8901837071567491	 0.44992975734862073
 0.7496561099779283	 0.3629385060656683	-0.5534359561752211
-0.5393391148623917	-0.6836412347043279	-0.4916787379899541
-0.4765479887392754	 0.398412075446128	 0.7836898829047496
 0.6310305077425648	 0.39861419691810057	-0.6655127499255733
 0.5713830861806926	 0.8085032117577715	-0.14086846845194012
 0.6098793832304935	-0.7502041513804464	 0.25542292215448703
 0.5337327014463805	 0.4257191261302539	 0.7306795666047066
-0.4295619534487925	 0.6371669529511264	 0.639917808953802
-0.9697602088198134	 0.22679597912605984	-0.0901594212603638
 0.42564935249452324	 0.46874450971136333	 0.7740162875136716
 0.33434698399335927	 0.3614418154702661	 0.8703860685489528
 0.43697443709797107	-0.7979868306986785	-0.41505464622672283
-0.5720923570556921	-0.15810357410368245	-0.8048065574124652
-0.14874504777563055	 0.0868487637405574	 0.9850544162628592
 0.5348206241366605	 0.65157614872977	-0.5379734402408298
-0.08917387821548017	-0.9555144538976204	 0.2811407971759756
 0.3816545238532091	-0.024500618674068882	 0.9239802725745654
 0.6998432506605126	-0.6939827973589668	-0.16913693113791006
 0.21783288178305135	 0.25491834218834875	-0.9421069336492727
-0.27967516094415273	-0.25075227150722507	 0.926771332468171
-0.12477512016159296	 0.9830799435521089	 0.13410814283347028
 0.42115092342490856	-0.8718017393454104	-0.2501871838697258
 0.9407336371617079	-0.32295350227481767	 0.10354351394912942
-0.31872905979052263	-0.43525373510429316	-0.8420011713310209
 0.2718363084319454	 0.6636608539523142	-0.6968925974275932
-0.09696198161642465	-0.3334917283546562	-0.9377535077194008
-0.6498681797392494	 0.13436354447952467	 0.7480760568801099
 0.426974091045523	-0.8840261554673932	 0.1902390128900746
 0.01339579412952997	 0.9938272711508055	 0.11012678065113302
 0.5221750190484323	-0.07508524830345932	-0.8495266063926292
 0.9900164297102819	 0.059664161485893555	-0.12770143592728944
 0.46033567354584237	-0.0964059489358941	 0.8824947369083089
-0.567182724881402	 0.5563944617428542	 0.6072305653851651
 0.5463102953256076	-0.817042218623899	-0.18435583583761095
-0.2730114854319338	 0.4641975835681546	 0.8426062735535116
 0.27821681196559184	-0.7139723278284852	-0.6425254241155571
-0.0934152148545322	-0.8920434808073816	-0.4421900337894695
 0.23683030422874388	 0.6795843160135971	 0.6943173369773017
 0.13325831661098306	 0.9910800151804516	-0.001620050592644473
-0.8263593704163343	 0.46993326908361877	 0.3103109948640279
-0.8700265115212349	-0.45065000097380675	 0.1999210991178737
-0.03729539158567337	 0.46889007673719696	-0.8824687811497112
-0.19611456325475157	-0.9036556474692955	 0.3807171507513767
-0.02803032618044	-0.7689542502557536	 0.6386890180892655
-0.8192541123572548	 0.5402031361344827	 0.19236234323847357
 0.006915246410956575	-0.7093653972360658	-0.7048070037756393
-0.04178135451789564	 0.956207734067454	-0.28969136632670844
 0.5339060612326272	 0.6610641328761483	 0.5271987575893635
 0.03593940500776451	-0.0362476117040665	-0.9986963852009474
-0.9483641337301925	-0.23894038998467573	 0.20859760278620798
-0.9746494997988995	-0.18737023108528816	 0.12227325563998326
 0.9045856639281176	 0.19066559142960451	-0.3812760271253963
 0.5362189099520268	 0.6906324128985308	 0.48527945646175197
 0.47125265147963363	 0.8769867328388994	 0.09388934389997616
-0.5787102501687699	-0.7438952443809645	-0.3342369095970472
 0.6125577945065682	 0.6783783182995257	 0.40567943705634946
-0.0431924864416397	-0.34837549902508647	 0.9363593972369855
-0.1681631698674979	-0.9805999198392702	-0.10072212026825178
 0.7292437980101578	-0.6800032442085258	 0.07615163116835011
 0.6589960545108828	-0.5375432740063555	-0.5260907038806311
 0.7414231962428769	-0.09206000012676202	-0.6646928617411632
 0.23392497117193808	-0.7659577374792446	 0.598822053917426
-0.3352200473845536	 0.9262352558182425	-0.17238262879655974
 0.9009081338416863	 0.34142667214235484	-0.2679409672440689
-0.07009149143291794	-0.38210231741575157	-0.9214580846974112
-0.2857043719805705	-0.9239319727235553	-0.2544066068527844
 0.6597157761957265	-0.7510630752347583	-0.026064375253937344
-0.6508049099269015	-0.1664879378259324	-0.7407663165759537
 0.022540829794670758	-0.3546860787122382	 0.934713697642173
 0.4447479815982316	 0.27321187737351577	-0.8529680550444654
 0.17112465689904863	-0.5950081961749206	 0.7852907730808061
 0.40994251719157926	-0.12318536837317168	 0.9037546667195682
 0.11230313565462369	 0.8520362593381822	-0.5112946493902879
-0.8844293728660423	-0.46446952582631307	 0.04530721786270964
-0.9059967162000413	 0.2870539642619664	-0.31107872289218297
-0.6644056541409467	-0.13984275844057323	-0.7341724113975356
 0.983509781543349	-0.06407001713926297	-0.1691258185858342
 0.3015110920126812	 0.6627112164167512	 0.6854961013957339
 0.7379835285395856	-0.4757442514758119	-0.4785893007495907
-0.35224931045213626	 0.9149521823097878	 0.1969338147006532
-0.8713002699658003	-0.4219098353091398	-0.25065500279654884
-0.9172914914274798	-0.19781541747709022	-0.345608709906325
 0.7051488618321725	-0.3771492115012352	 0.6004361372542364
-0.21551993463633687	-0.8672756987087311	 0.4487583093421572
-0.39643926364305493	 0.41907108311961566	-0.816832502741599
 0.10835865293432853	 0.47598678123252225	 0.8727513886704281
 0.638798593758016	 0.45036127757524447	 0.6237876852532238
 0.913376996637799	 0.09641177554432112	-0.39553410921095744
 0.5329459985224346	 0.25802206787673276	-0.8058493501564294
-0.11650759270094417	-0.7728463617204294	 0.6238064459578196
-0.3144786116088527	 0.2912801359078806	 0.9034705779747645
-0.08500392879795424	 0.3699907916701137	 0.9251384470273813
-0.6091246343409745	-0.11416621984648895	-0.7848141525768615
 0.6425260644241978	-0.5813691288184956	-0.499169502866887
 0.34457694142436696	 0.9370078891845972	-0.057297007290555424
-0.21297310391459412	-0.9460525490537205	 0.244186468580758
-0.894082695267023	-0.41555320883117136	-0.1671276896692251
-0.4132253780468918	-0.6309744038728117	 0.6565943105109526
 0.48419466824801183	-0.8642664491308892	-0.1363782539369156
-0.7955826658966774	-0.2696149555232216	 0.5425458482773111
-0.4686369447796996	 0.19207552910629497	 0.8622565773052042
 0.14143305445695872	-0.9610335635854866	 0.237510380339798
 0.9212018113808899	-0.2396878910947321	-0.30649133359872893
 0.9410217634065073	-0.02427667604301033	 0.33747397499008747
 0.16777322488019508	-0.16746007624488743	 0.971498465195574
-0.835680904295799	-0.3914010587358554	 0.38528254231901937
-0.3944400703236407	 0.9187578653850806	 0.017349804498359545
-0.11091983107294937	-0.8483070434361535	 0.5177566524259831
 0.9113481652343242	 0.1437434851772586	-0.38572312893204397
 0.8720990768261198	-0.3776816886354848	-0.3111265695315628
 0.9479861656079588	-0.3182791487069527	 0.004540188795312705
 0.6518984033235503	 0.015942052825623446	 0.7581387225936365
-0.42783422945860994	-0.7337856252335088	 0.5277466516276783
-0.4377123270537073	 0.7667347829286888	 0.46960163052583703
-0.6865130067121211	-0.6541130899421516	 0.317546779516678
-0.4748753184765229	 0.21170765838114491	-0.854209166003616
-0.8247949579380766	 0.11380591314631366	 0.553860534334105
 0.144716637710612	 0.6060115861516897	 0.7821809587426996
 0.39158492268434103	 0.9157634020695574	-0.08965846171047542
 0.43848676983932794	-0.29662893397763707	-0.8483752873600001
-0.42588388424280815	 0.9038086539338557	 0.041866862988885645
-0.4732171912561271	 0.7350985706885304	-0.4854848929383302
 0.5806164020033323	 0.24770375731684685	-0.7755820023284588
-0.12323727639872357	 0.8057660486122611	 0.5792699272442925
-0.05501454785263515	-0.9103336538197911	-0.41020243569203574
 0.4122243578489429	-0.7403870273983482	-0.5309407956225103
 0.32052172813432284	 0.522345899386933	 0.7902028747020877
-0.0522237871504083	-0.9253595297668602	-0.37547625321093747
 0.31194424730608755	 0.8695905898214705	 0.3827570935548883
 0.840027874002908	-0.507646062628329	-0.19143836082694943
 0.28775648695707295	-0.6058985353505808	 0.7416759191683016
 0.8133351260184275	 0.48462189555465585	-0.32191239667586724
-0.34228366827026946	-0.932634018323915	-0.11417389500422348
-0.10787305148039188	-0.9619570463218834	-0.25100208325029194
-0.3972494175820886	-0.531699622197996	-0.7479895801314345
 0.05210001537314288	 0.0779117043859497	-0.995597988506302
 0.3022772057137031	-0.4302255211323262	-0.8506083069617496
-0.3366223525359845	-0.9342812439547155	-0.11749020796461584
-0.4850546493159054	 0.7786405233843333	 0.3980463823737075
-0.1948903161978222	 0.9782802928789538	-0.07060760027774027
-0.8488583618430124	-0.2109241271412639	 0.48471692163456925
 0.4786943306310587	 0.8778829748630649	 0.013161317079152024
 0.36600503720241173	-0.80817180523961	 0.46140941251583834
-0.7410423111615229	-0.04514054430515231	 0.6699392691343173
-0.22829353830736293	-0.598941174629222	 0.7675620689565583
-0.42235775032942696	-0.18025549519140896	 0.8883253273378877
-0.3747339787074294	 0.9106415171217025	 0.17408754262262338
 0.4516498795223871	-0.6928472209062886	-0.5621166380830991
 0.6332022648164564	-0.763384037609616	 0.12767029002140906
 0.895926239540324	 0.335187645243791	-0.29148827725837667
 0.12783276871746044	 0.37959449151041313	 0.916278781407154
 0.19934787455780528	-0.2348091938930444	 0.9513806112027847
-0.7593383572782407	-0.5864476166108988	 0.28192987095619926
-0.9413332276163395	-0.270683927224834	-0.20154891745565262
-0.14512394934880457	-0.766462747711384	-0.625678747997821
-0.9033531997192908	 0.4286823016483145	-0.013582371310726593
 0.525390343265419	-0.4354784964474357	-0.730974326727913
-0.6828482968312737	-0.27270318976067653	-0.677754508512471
 0.8483025039331735	-0.41130690725231117	-0.3334808688174582
-0.2405822970451691	 0.36668735681913533	-0.8986993605747509
 0.9640056688468797	-0.21486557482659716	-0.156607328007077
 0.17596820566080346	 0.887733465075303	 0.4253992073122761
-0.8209564142440682	 0.3581803791116867	 0.44467671620057914
 0.6685200493782728	 0.7247171301638079	 0.16693119788225896
-0.6744851232124253	 0.18888756755020183	-0.713716544147666
-0.7065245844905353	 0.17170766520325292	 0.6865416878973367
 0.1033707816990079	-0.17485632563319542	 0.9791525656796258
-0.7777037847470057	 0.6067748525752885	-0.16432011889120468
-0.2847050253388135	-0.35171418943207683	 0.8917623996889321
 0.40304157523087925	 0.5407451651021477	-0.7383441982260459
 0.5279258320118265	-0.4250952546459715	 0.7352471287751468
-0.4552648308923739	 0.7859613626624647	-0.41832842379439117
 0.6829846277266254	 0.7213930244846606	-0.11456047535689029
 0.0651189034734229	-0.79460612757435	 0.6036229207309103
 0.4006076710979926	-0.7318612402007777	-0.5512645634803874
-0.6776488199547539	 0.48279759498467983	-0.5547058311311848
-0.22377336265111145	 0.12766139434136162	-0.9662443016973676
 0.13914184866968146	-0.49077985585643047	-0.8601015515823263
-0.3110712533671491	 0.525868871058489	-0.7916417155381981
 0.0820387550128088	 0.45781032190882237	-0.8852566587321944
 0.9043167812003117	 0.30526688598448043	-0.29836770529138357
 0.5851977331919839	 0.1779277815146383	 0.7911291409322772
 0.6190251730913129	 0.557590005327444	 0.5530833762085163
 0.3273589684620575	 0.8154200476357565	 0.4774162247778748
-0.4928625278440252	 0.6142180895862184	 0.6162975475143915
-0.9029436385701584	 0.32035190914267064	-0.28647415219235617
 0.3120342719971637	 0.27942771612969775	-0.9080499791078358
-0.8204646994514334	 0.5017771631411577	 0.2739659750846464
 0.41684016543735664	-0.08604725743222913	-0.9048978649364516
 0.43103397246654973	 0.29659833309921063	-0.8521966576926217
-0.17390446927265682	-0.9220926733091719	-0.3456911011243138
 0.8425787896278844	-0.538435579178439	-0.01217005932559867
-0.7364369199326591	-0.6764887371503375	-0.004863277582010328
-0.5685949218598174	-0.7860621046646445	-0.24249986071216112
-0.7672451808280367	-0.3730049996145424	-0.5217299136130766
 0.18396211609487598	 0.77620588103066	 0.6030442521866137
 0.9146792461687989	-0.3782407654477809	 0.14246332855003208
-0.04750691319314063	 0.7493132067584779	-0.660509508921852
 0.42203783123320254	-0.7897508193988423	 0.4451715537484755
 0.29366345245621556	-0.8842391840236486	 0.36315677348589825
 0.28440048896073233	 0.8187434429625036	 0.49877403349092075
-0.5776820098954614	-0.7631987212716775	 0.28950165335005673
 0.4816728442814803	-0.12155162606821283	 0.8678804487266447
 0.9851204407826473	 0.051233704787065106	 0.1640512866331585
 0.0058584726170389494	 0.567592933677989	 0.8232884913184499
 0.8323919536346777	 0.4694282458487651	-0.29455179090203454
-0.9390799508780883	 0.30457384681819233	-0.1592595921543687
-0.4623038386346325	 0.8391603983710971	-0.28650477585782963
 0.710497483560283	 0.6982130528398204	 0.08770324223541315
-0.29523391054136405	 0.8210379546117318	-0.4886037404210466
 0.9206668932612115	-0.18993468487148013	-0.3410238805941901
-0.18760012288136604	 0.9780929786554473	 0.09022371639325844
 0.9130243560076392	 0.06912315228679165	 0.40200561582491945
-0.40715188782123996	-0.7739709330918961	 0.4849704475248571
 0.7488204754771185	-0.5829323665842399	 0.31536923041844056
 0.13678244541713114	 0.5323944605712032	 0.8353721930845
-0.58298398822835	-0.3968622648589824	 0.7089640415425638
 0.7499760066475124	 0.33388280313368457	 0.5710151164589636
-0.13793207704694732	 0.8013934469656391	 0.5820165678759037
 0.015832417927799547	-0.9777725245040167	 0.20906990426075578
 0.09738006139330938	-0.026577454780297466	-0.9948923371603766
-0.5337429094701547	 0.7631427267280483	 0.3643235996094869
-0.6753911716486825	-0.27320950015933665	 0.6849841854245289
 0.2915936454896001	-0.9219283673541884	-0.2549926104374911
-0.895411561307482	-0.2802082717554538	 0.3460078905411248
-0.4045508623715976	 0.32252942098315357	-0.8557531024510916
-0.24718412760178055	-0.9656877225435615	 0.07966950226012437
 0.3374319626161509	 0.5871564824281122	 0.7357900079150699
 0.7871355451699588	-0.4748033796614514	 0.39367421072767206
 0.7544218661208996	 0.022472651142247464	-0.656005051710197
-0.8998701786486488	-0.27967929783771156	 0.3346836595052909
-0.44603875185805014	 0.43554297722539054	 0.7818898559455518
 0.2878488737267684	 0.5776123061519546	 0.7638763314019172
 0.22688808993926018	 0.9602587850432087	-0.162557252655964
-0.8379090302826813	 0.40315498400933325	-0.367932759942861
 0.10478331626073054	 0.24833285255073614	-0.962990784471699
-0.3622397492027763	 0.04046337176575877	 0.9312062497872615
 0.05305599932091164	-0.3731475384096685	 0.9262537317144068
-0.8770734470900942	-0.46797723421217774	-0.10834886556222179
 0.22796678120704963	-0.6583804572804809	-0.7173327820037516
 0.7561159949553359	-0.6525010762462253	-0.050308524826516265
 0.6619642852847314	-0.627370655872328	 0.4101333260755575
-0.269422598629485	-0.9626328671510709	 0.02737565393272212
 0.797891213777729	-0.3838088658383013	 0.4648229399246764
-0.8001694769530278	 0.5436955919252335	-0.2532269959419571
-0.6234399026030799	 0.4724013852787524	 0.6230245733749014
-0.046453713367979425	-0.7527897488936586	-0.6566198645144297
 0.5380149000597316	 0.17129526124426966	 0.825347139565513
 0.3072453879764069	 0.918622961523347	 0.24845950601517064
 0.4096552829734408	 0.40368590744755317	 0.8180588226161953
 0.09616173456497842	-0.9013294684521287	-0.42232465012743203
-0.6708655066902338	-0.6940732177372019	 0.2611548206585175
 0.30912308643607955	 0.2874870422976614	-0.9065286084526922
 0.7565942460968166	-0.6172041773109874	-0.21592626121677982
-0.764225461407434	-0.23346050473366478	 0.6012118069915935
 0.754468021156609	 0.6548729141846042	 0.04381177147062787
 0.5108742648889042	 0.29945202942440474	-0.8058138541548086
-0.9882685704208803	-0.13217897661028147	 0.07651111592787241
 0.27441481524123423	 0.6375896390831354	-0.7198444007630793
 0.787830460350184	-0.4008725215761878	-0.46757286832061373
 0.9942941923063507	 0.0425891700185599	-0.09780195163181427
 0.891961870035189	-0.3736810855190885	-0.25449257106761336
 0.3196341154444758	-0.8105151602516183	-0.49081484008363163
 0.401934504699957	-0.915581113814408	 0.012644285585521775
-9.997811320582946E-4	 0.9993402564976629	 0.03630498837450791
 0.9557582768713231	-0.2887712589584956	-0.056011393407811916
-0.6358756909148797	 0.7680028060081947	-0.07637928820736462
-0.23318531820758648	 0.9267516857496451	 0.2945435796832412
 0.44357048418484835	-0.7635669759444604	-0.4692661279136294
-0.6917260300063155	-0.17184084813119616	-0.701417010290778
 0.44710874001869416	-0.8433094421818407	 0.2981995293856923
 0.5887682377007671	-0.1302898817241398	-0.7977321035253895
 0.17429804566759888	-0.21282591809100684	 0.9614183896021418
-0.7942383608621594	-0.4330937288257997	 0.4261634054992931
-0.9444154295002898	-0.2973094808323695	 0.14030883482151135
 0.7438272537203475	 0.3174263856271982	 0.5881849252832811
 0.5187333439040598	-0.47901190807851285	 0.708140741548666
-0.8025248160988847	 0.3559122661847069	 0.4788323071020977
-0.6812622105999301	 0.5207311448726374	-0.5145103256185719
-0.08044787847299037	 0.04800358575985479	-0.9956022270984488
 0.3319323429931857	 0.943246410481269	 0.010350303824308682
 0.3627659245820876	-0.9264818409148166	 0.10016128202651764
 0.8989750251985926	-0.17151119408624746	 0.40302334221766767
-0.4499625379804859	-0.5967278506717326	 0.6644167266459011
-0.08612177022958979	 0.7332609062767909	 0.6744712625595408
 0.018300252366238348	-0.9457079941684017	-0.32450191144169005
 0.6661414983020969	 0.712820598136964	 0.21941353447656398
-0.5590081714197165	 0.0474221652067877	 0.827804930242074
 0.10269815609975301	-0.7159928542022989	 0.6905123615583983
 0.1858076228887961	-0.9477947246709276	 0.2591537905614649
-0.9869653464881071	 0.15763289393979438	-0.032423380141132885
-0.18119666774214363	 0.6248954085281704	-0.7593902132629538
 0.8555360887515951	-0.18330108365460646	-0.4842093695651395
-0.32116634321766035	 0.12514294526987638	-0.9387179678867219
-0.7894202014495146	-0.6099001949978579	 0.06955212207389883
-0.2135041911637891	 0.9481062135564277	-0.23560680841433612
-0.4925793939531078	 0.49407562375760916	-0.7164180474145794
 0.5344405105313412	-0.8362469822187629	-0.12273681368282041
-0.1820635465072662	 0.9536848990335623	-0.23945349942847027
 0.5243549313318576	 0.20411644641604487	 0.8266730806615448
 0.7193809802897325	 0.012057236149263694	 0.6945110713687899
 0.6668064349711188	-0.3506272484894983	-0.6575938799120555
 0.24486145369683893	-0.6289508783114365	-0.7378778091017126
-0.7226069541429542	 0.6688943783117868	-0.1744118702586801
-0.50208223539249	-0.16725170987102322	 0.8484929548608517
-0.9029632186492866	-0.16972473645367964	 0.3947796088987494
-0.13182033846760713	 0.9682628824166103	 0.2123449761604046
-0.2820141012707553	 0.3858496990168558	-0.8784008518057402
-0.4002863663867313	 0.4889638119749382	 0.7750388477127097
-0.5476992296257839	-0.11317024080368866	 0.8289861581858637
-0.8230041471599328	 0.43881500773539117	 0.3607014870273484
-0.6978502099735157	 0.6708379241913908	-0.25096127969570525
 0.3779758089664178	 0.10589933817952284	 0.9197388857764583
-0.6617040070079728	-0.3236570051722108	-0.6763090640473095
-0.18389585064152167	 0.19003847747774816	-0.9644001727471696
-0.5766081139697713	-0.6304426359534344	-0.5196779441888106
 0.7027391949253382	 0.2770989843483783	-0.6552661877350188
 0.3743535918473534	 0.9107607073876848	-0.17428230589956373
-0.7427608391750633	 0.5426174496080512	 0.3922660311176711
 0.584626579607121	-0.7191054598525117	 0.37563160147568264
-0.5471343748485831	-0.8311683042524726	-0.09901124110483295
-0.6455873751771457	 0.6903846977679278	-0.32647497622294197
-0.9888810585756164	 0.13963426262019815	-0.05115197643182401
-0.04510736958360623	-0.8345304338924102	-0.549112265494583
 0.9427446685310726	-0.3070592015140158	 0.13018116884485664
 0.34666090786614273	-0.6693373006154365	-0.6571254012456547
-0.6654933364446667	 0.6180149291006307	 0.41854051961128946
 0.2118286431900182	 0.7739102866222083	 0.5968178065244094
 0.47450232601178643	 0.24322291289676673	-0.8459847263700546
-0.9798469477567334	 0.029865032251669196	 0.19750452860737178
-0.7271251092118918	 0.20730296648802699	-0.6544574513586492
-0.5004826314183677	 0.7769435950689143	 0.38193688710300977
-0.471156416095725	-0.8262377929114397	 0.3087761991097513
 0.4165335731064282	 0.25583797463479346	-0.8723799133462202
-0.7556665314005003	 0.4783886722947927	-0.44733921306002467
 0.19380601594814495	-0.44901695386084967	 0.8722516857695553
 0.7470379366481922	 0.6283448782368773	-0.21706458762749725
-0.27726276449889925	-0.7940149420766967	-0.5409857957297661
-0.21045250506234833	-0.973300488668774	-0.09162915404011907
 0.43691256398798567	-0.002861076076940093	-0.8994994306130084
-0.060309179213579395	 0.16541088763220319	-0.9843790129595973
 0.05082058325726771	-0.99858548043887	 0.01563030946789601
-0.8959408411030038	 0.14115108947208835	 0.4211488800703198
 0.3989748158937742	 0.6126532929576906	-0.6822573113647279
 0.3838938523803765	-0.25925093010189765	-0.886236122794515
 0.5628859560778682	-0.40876501808445775	 0.7183805122918614
 0.5436020424861361	-0.8221764871127181	 0.16888648093879977
-0.5987517326239393	 0.45360124421640324	 0.6601077744771391
-0.10022265171348092	 0.9939133808186204	 0.04573413947171612
-0.8908224243795684	 0.2210215734835589	-0.3969696112769341
-0.23911620920691096	 0.2831172115031216	-0.9287992695115632
-0.060967564810628073	 0.7688795332944479	-0.6364803369484195
-0.9172603441848827	-0.37622516954477786	-0.13072139376105807
-0.14860934820363297	-0.7538972004448561	 0.6399642746184351
 0.045088468810546116	-0.15072313430225487	-0.9875472478653489
 0.2666705208869029	 0.47111841942005456	-0.8407938321449899
 0.3238012217043324	-0.9129274929743872	-0.24842737649921331
 0.7565649412210773	 0.608817798435765	 0.23864278330378252
-0.42908853542404046	 0.8434269632391115	 0.3232862299091972
 0.9667812177684074	 0.2550264437286883	-0.017192730130300538
-0.04013116450575451	-0.2743193753125366	-0.9608009002720344
 0.5603146492568767	-0.11983566117305681	 0.8195650725472381
 0.43243423984425927	 0.8924620880459129	 0.12849922027408156
 0.6106062514411837	-0.7001300904520963	-0.3701052041575279
 0.05249889900682989	-0.5005163448036307	-0.8641338172919075
-0.7724844531450017	-0.538519106183366	 0.3365485729055111
 0.7983572130886236	 0.42061614023754224	-0.4309383051911704
 0.8580004692241056	 0.0668155790548708	-0.5092846681442282
-0.6469938019807845	-0.5235696727293924	-0.5543228463598506
-0.2356828091660127	-0.4373447844919989	-0.8678612521257438
 0.7350577033111727	 0.32704988129469126	-0.593909545257552
-0.9502331423348367	-0.31152494601031383	-0.003030383100081524
 0.5066579989896044	 0.05737851102598403	-0.8602356529069759
-0.1377425144123188	 0.9904275352461838	 0.008960867677942908
-0.8388564553798944	-0.5441569875212379	 0.014595211519208062
 0.8020678626438347	-0.5909268796810708	-0.08655961289391301
 0.08352339574684615	-0.03474367199249129	-0.9958999546236529
 0.8090073575388734	 0.5791998662034565	-0.10017290271259705
 0.8269397907272271	-0.4905624407266663	 0.2748073402591453
-0.9764382932242991	-0.1872404199331124	 0.10728133420352925
 0.9201037744624191	 0.37075374105773024	 0.12629611122955153
-0.6804795813735198	-0.7325099059113824	 0.019410746389999733
 0.15912834559000152	 0.9157444693870603	 0.3689041019246062
-0.2976645521309482	-0.22498957863642632	 0.9277798790174776
-0.5045921185527086	 0.5329781131384072	 0.6792062461505433
-0.15466385228423804	 0.9806890792695901	-0.11969971845398386
 0.9940577931109895	 0.10847598510655182	-0.009058951952215066
-0.1791992579673268	-0.5291253385825299	 0.8294058126236412
-0.47566432951739107	 0.6790464923835592	 0.559141580287458
 0.08023080569263102	-0.32076692017324565	-0.9437539937613413
-0.6232407927171274	-0.7817149695950719	-0.022195058105406895
 0.8592143563059561	 0.3523354462849874	 0.3709587890977921
 0.5042840479327425	-0.8526790716817049	 0.136513734534637
-0.37955460076874425	-0.03277617104570378	-0.9245885720940217
 0.9558478866655423	 0.26304685800012173	-0.13100064142316326
 0.965114190260294	 0.13618214073258134	 0.2236269757960978
 0.1823539563438718	-0.9754733457259169	-0.12328335809841984
 0.30710838540443836	 0.8939351347598962	 0.3264420537493373
 0.7526594194206069	 0.520608607007846	 0.40307626656351925
-0.9413410801137276	 0.10480573163024995	 0.32076896593618387
-0.3785931934412082	 0.9212683725914503	 0.08906053863911145
-0.73135600890405	 0.23606864389624244	-0.63983590365728
 0.5980125398950341	 0.6573701637266769	 0.45852532096957543
-0.5437184019357935	-0.8105230014071892	-0.21776768260297108
 0.6834883633713366	-0.46635065520312013	 0.5615698741275146
 0.6674607649042541	 0.5778010843988549	 0.4697254881108064
-0.876327096768181	 0.17972508379842048	 0.44693367933453154
-0.9257654825410981	 0.28009404607159594	-0.2539795202190338
-0.8619714232550085	-0.37652810151759253	 0.33945817748184015
 0.8855102128309799	 0.45961566390469866	-0.06800812058479488
 0.6821641124333315	 0.30131569880981457	 0.6662289196355846
 0.42942858911564985	 0.8649010598910247	-0.25987928630332235
-0.2830262593059053	 0.8693655926548619	 0.4050920918151417
-0.45846214391784673	 0.8642728903519702	-0.20698993597975468
-0.4499521975961836	-0.8090246893504405	-0.378182590688398
-0.6347209859115827	 0.2610654402666215	 0.7273060607074737
-0.3123472137626285	 0.796796187291179	 0.5172572415858123
-0.14880216514508626	 0.8006564083863706	 0.5803509553347628
 0.983393286045283	-0.04196311151955113	-0.1765693694632735
-0.8558863276148817	 0.24448977634652438	 0.45572288011897966
-0.5941574340757786	-0.8036934591451818	-0.032461781524417255
-0.3575172198885851	-0.43739746762669335	 0.8251453767651449
 0.19408579554972033	-0.2983723627073023	-0.9345076977415938
 0.40467907602093883	 0.5204301471598168	-0.75192240780419
-0.35445481817987223	 0.7826883499447427	 0.5116255747417731
-0.7408261451084832	 0.6334666512868445	-0.22337552334832012
 0.11357194758373057	 0.946779184561246	-0.30118198552300646
-0.282208365876701	-0.4206075290402839	 0.8622341588825095
 0.9712862433435306	 0.046317291432735795	 0.23336182636829617
-0.7954054025578183	-0.5748693875478721	 0.19197768839677565
 0.30600975079556525	-0.3061478705698481	 0.9014607666246954
-0.15386214982316168	 0.8827354290508043	-0.4439646395269421
 0.9049847593018051	-0.1430856442832871	-0.4006608089537713
 0.17019748529619597	 0.7934602670959119	 0.5843403293791516
-0.5764437633558573	-0.6101933320618584	-0.5434856807638844
 0.0924276388813522	-0.11410219496902001	 0.989160159263438
 0.09075671788771712	-0.837956290882858	-0.5381379681160703
 0.5800855238824258	-0.06786271304591154	 0.8117237443614052
-0.015493200665033464	-0.2951908561514049	-0.9553126813655064
 0.2209195667393437	 0.3631270434156362	-0.9051703129090787
 0.08458541315278689	-0.676125910791483	-0.7319146539304702
 0.5737343621291898	 0.5462264663991497	-0.6102995404859077
 0.8287760152275552	 0.01161143932187067	 0.5594599995177578
 0.37006880465133385	-0.8150390594006519	-0.44582553928104396
 0.3105759316610701	-0.9215133547350551	 0.23314314855427898
-0.7859863845080116	-0.18681434304388683	-0.5893435369978235
 0.5247857709275174	 0.7209159805285199	 0.452636767895201
 0.0068297176901445395	-0.10984810454327293	-0.9939249211507493
 0.0954691160565887	 0.6712269752833382	 0.7350782240900315
-0.8459620749325808	-0.2822429946960792	 0.4524235401929828
 0.5615291336702468	 0.550117529036093	 0.6181065735670228
-0.5339126086493231	 0.7579769764622147	-0.37471086116961416
-0.35863983718893255	 0.8802821462579068	-0.3106136026652233
-0.9291004733768471	 0.08841252890171	 0.3591037943326736
 0.981739251450832	 0.0661059981737184	-0.17837611714076607
-0.5790649313053339	-0.16542039324276858	-0.7983231794403547
 0.2229277534352126	-0.9614501081508026	 0.1609872860978132
-0.5305332571164876	-0.44233477137222377	-0.7231005553368448
 0.15007934819657734	-0.5588470041174843	-0.8155772282462299
 0.38011170383661197	-0.6613190027252358	-0.6466624074746634
 0.6198228698614576	-0.7842216695270346	-0.02856541686965186
-0.03346312153009002	 0.5600842891684885	 0.827759511285791
 0.11597884856820254	 0.6751824224784504	 0.7284762199694135
 0.018206974441915245	-0.1121044449588063	-0.9935296168218386
 0.6273845378037581	 0.5419489931005369	 0.5591779060389268
 0.7136300944868245	 0.6724443715168614	-0.19634320833178642
-0.8449446720133017	 0.21160724065236838	 0.49121367747633493
-0.44229773081838786	 0.4517787092776276	 0.7747701047125823
 0.8650233777474533	 0.47899977394723026	-0.14931099259227087
 0.9602331263163166	 0.08996771042412106	 0.26430693181570963
-0.1449081579881237	 0.9652416393069247	 0.2175090883079822
-0.5882368839732105	-0.7184762965979057	 0.37117270853397355
-0.5237809890197533	 0.6049553759472477	-0.5997353321707946
-0.3557533033438441	-0.8343132069042384	 0.4211425648697935
 0.911013920887055	-0.38904057929530755	 0.13675183220551834
 0.8960157269806093	 0.3126987405383655	-0.3152385044202728
-0.5746722104503066	-0.6002175429472266	 0.5563189298186362
-0.4297629295101236	 0.3997230213476438	-0.8096451881062394
 0.5491287307140169	 0.8188444487847464	-0.16718673930314387
 0.12976663221266066	-0.7438333086012381	 0.6556467266596544
 0.29603080027449424	-0.28401355272477924	 0.9119770102132463
-0.11388720902801037	 0.9727027900913878	-0.20218552314208793
-0.4615063104000419	-0.5255335500558992	 0.7147212136396848
 0.5055715805900844	-0.7540077558445076	-0.4193681926731845
 0.013213940042963612	-0.6027991576463128	 0.7977835341303032
 0.9345184509486842	-0.15847568349161636	 0.31868593093881104
 0.7977685393660573	 0.5952958780772203	 0.09585496931311766
-0.44736840983615317	-0.8941781017616751	-0.017522220480268746
 0.4625996518373024	-0.883445243254269	 0.07433750259062988
 0.05634662668321629	-0.883276458220536	-0.4654543543837655
 0.6994802390723976	-0.3714630466929835	-0.6105264941743214
-0.5034287161475602	-0.5386580293474947	 0.6755790517604083
 0.7452495660499265	 0.6665602981551987	-0.01733358663545359
 0.072987076193988	 0.11380785949093447	 0.9908181759670867
-0.5478804437894783	-0.6108089024967027	-0.571611322441935
-0.9578787995307931	 0.23788935589304888	 0.1608628601083455
-0.17226328497526233	 0.7031612797285137	-0.6898475015103631
 0.7131277635558523	 0.29196553229849537	 0.6373420751805774
 0.9090691059529222	-0.006346026486384299	 0.41659703377459234
 0.12726675058383843	-0.13437043528752424	 0.9827246614980578
-0.12119257037126603	 0.7672261105788154	 0.6298225592441962
-0.8900462030180177	-0.45119496007512777	-0.06512192024206209
-0.7691339374850388	 0.3705717749440407	 0.5206818086159566
-0.9334373049554467	-0.3098414128853179	 0.1808123241893156
-0.0789453619471553	 0.4852299806308056	 0.8708154200082017
 0.2914068910798785	 0.5083098034152087	 0.8103722401360696
 0.6249776875287647	-0.6755470949512522	-0.39120200995664844
-0.6537599653178575	 0.5934598118892721	 0.46947136166111725
-0.14165449662890847	 0.15416620410292897	 0.977837811243411
 0.6017009547351208	-0.45534602139619035	-0.6562133508772161
-0.5186007967369688	-0.010887013688263522	-0.8549471834895608
-0.2286752069220964	-0.652639428726928	-0.7223360892341772
 0.3025885770783824	 0.9495373167890313	-0.08257746088834761
-0.008582872435761833	-0.9024588805317777	-0.4306904958901252
 0.6444896705023747	-0.7215759453281566	-0.2529055549795569
 0.04213933442960129	-0.6949457955915803	-0.7178263144266974
-0.6128271654312779	 0.047288418827435105	 0.7888007801430386
-0.47301681452705746	 0.4988265837145058	-0.7262417865658726
 0.21089833162058924	 0.885171413329421	 0.4147209456297658
 0.6625019275903844	-0.4895964416913429	 0.5669096226226897
-0.13834786628819026	 0.6978062200503654	-0.7027989379278587
-0.01338007154174249	-0.9844798556552963	 0.17498682091650508
 0.0020013949928736597	 0.9980318258615916	-0.06267749983415238
 0.24422531685279758	-0.14458423640879273	-0.9588792380640208
 0.03398853422909289	 0.7569291015127365	-0.6526125303915635
-0.654191107211435	-0.4079297694613362	-0.6368887645677994
-0.7873755744831226	-0.34331317229256647	-0.5120310248781681
-0.2611347654798208	-0.9325453704110032	 0.24933464737738253
-0.13189652499078502	 0.11344860253199004	-0.9847500806188816
-0.7775178398047505	 0.14192679497526892	-0.6126359389175617
-0.6612320913321234	 0.7449968222879929	-0.08804462603327456
-0.03523278737919722	 0.9779529161583924	 0.20583183541616812
 0.7510055222029433	 0.08140935842501056	 0.6552581338537604
 0.48465821288624217	 0.07604250566828608	 0.8713919634777467
-0.5922355895946176	 0.754663856040039	-0.2823817819978742
-0.61174553511816	 0.4993468923969385	-0.6135308315940742
 0.39241695127775433	-0.6985112543017951	-0.5984070219872137
-0.3834305882117521	-0.9227113962247219	 0.039807829639584735
 0.6740779937045308	-0.6846604392025499	 0.27723445203337516
 0.8562269948363987	-0.07808682637908118	 0.5106640587112754
-0.49332583684766507	 0.28804794686328655	 0.8207667141194239
 0.4382329034487052	-0.8980232052748085	 0.0388103739079797
-0.4974585957623132	-0.4286511367003377	-0.754183763089405
-0.6572751175903189	-0.0021902634708915298	-0.7536475453038778
-0.1837716208862321	-0.1357882025841438	 0.9735448399513063
 0.10655408237934591	 0.8172710744573476	-0.5663163589228446
-0.9207050315570604	-0.256200674759155	-0.2943865810774431
 0.827423306411027	 0.18774203233960512	-0.5292670415781038
-0.631865304497356	 0.43131462018147937	 0.6439828688638929
-0.4990306680064685	 0.8343902884087137	-0.2340111941729317
 0.19538289962802488	-0.21943383340354305	-0.955863125813927
-0.17011454820185676	 0.601707460020802	-0.7803903978428957
-0.9839794176717074	-0.17815947892044914	-0.006611026337979498
-0.6682758317379064	-0.4973025310704611	 0.5532608835856032
 0.7606744433458636	 0.64495737336227	 0.07351447331037564
 0.7067123211890257	 0.7062619173708591	-0.04185449977310918
-0.584402837175329	-0.7077027908247217	 0.3970265529663304
 0.7073127238725343	-0.35026362374145775	 0.614022885999796
-0.1357308199253369	-0.7876341470911691	-0.6010071504219918
-0.9004068968376818	-0.3094009656005535	 0.30584058365851496
 0.5712346100410678	-0.3915593082143851	 0.7213683722217805
 0.36924014312620956	 0.23523312281707626	-0.8990701277619353
-0.1863076763624901	-0.8178760662929194	 0.5443970884507281
-0.9408505969402199	 0.30308675383554656	-0.1514548575868817
-0.9783569077942188	 0.05199604774934978	-0.20028522658893744
-0.98871622832987	-0.08277321346693316	 0.12485517598207152
-0.13621078778796922	 0.9780575286848103	-0.15763911910798778
-0.0792957356116597	 0.5525817762469023	-0.8296779898693372
 0.7540120849276989	 0.1641819019866323	-0.6360110681765188
 0.540928020578816	-0.5370668545148125	-0.6472681595245122
-0.6455978923467409	 0.6487733505226154	-0.4028603989586286
-0.6746340923052725	-0.01640242342530389	 0.7379700549515666
-0.024498582738350625	 0.9813773457953778	 0.19052119200611717
-0.5888902158896452	 0.603094103645643	-0.5380388608430673
 0.23846719748848447	-0.8486334200678558	-0.4721808065412254
-0.09979712913552402	-0.9683022544617167	-0.2289787698033694
 0.07211314290782163	 0.6926755703331487	 0.7176351781257684
-0.5710765195001671	-0.8039790711278362	-0.16579886026145374
 0.9141855133003817	 0.4052959114828635	-2.672208685756683E-4
-0.6781102200453744	-0.08504240432901439	 0.7300235057420785
 0.9398736455124823	 0.3242776742438376	-0.10715185699783514
-0.2784698838573767	-0.8857513453207688	 0.37134765119347013
-0.08099171947172001	 0.30747789449699375	-0.9481021494399797
-0.8494629478748216	 0.28497067314837266	-0.44407703794857634
 0.08850422170111502	-0.8570953930612542	 0.5074982659421157
 0.014055987819198748	 0.9829229446538206	-0.18348001002694758
 0.5122404504467091	-0.8147278411852593	-0.27171357294724774
 0.9067340560565649	 0.3029443921542296	 0.2933565183347979
 0.9065019382724767	-0.3582618966812156	-0.22338900889394897
-0.7454369531565995	 0.39472628030311646	-0.5371358417632093
-0.36309836125415845	 0.5905014792268807	 0.7207409958406767
-0.6378507482994189	 0.0357156421597079	-0.7693314083013842
 0.14703189204841227	 0.8946798482783067	 0.4218170122284899
 0.020316057718566125	-0.9299934814537555	-0.367014144485331
-0.9831472821175489	-0.07055447782972087	-0.16865197100257157
 0.4483358370490959	 0.8735551005241087	 0.189463620692208
-0.4187492561442746	-0.9079757644523125	 0.01513511301098669
 0.014187941734376186	-0.5837270445156139	 0.8118259910907069
-0.055347445548583764	-0.9634570702135848	 0.2620823041082745
-0.12408981923068646	-0.4102477651666657	-0.9034923839961528
 0.3061315723445842	-0.4452836665646128	 0.8414308745848391
-0.5813508709102976	-0.7925264963321994	-0.18420889637378268
-0.8738659618812136	 0.42306224859788083	 0.23953416139817385
 0.38994286822623553	-0.7913917394983306	 0.47079047799770035
-0.02651585479317018	-0.2695028056389613	-0.9626344826554447
 0.9791508044817204	 0.1645933896339624	-0.11904922583369548
-0.18453202608069125	-0.024045429398129998	 0.9825323143162339
-0.05386742118753995	 0.27974459753900754	 0.9585620799313641
-0.18635936395222727	 0.9461674251160114	 0.26464578424123486
-0.9272426733113974	 0.37067475648793347	 0.053115437425897305
 0.20447237973270327	-0.8290339927784923	 0.5204744803966819
-0.0031109769314472354	-0.8925965799360916	-0.4508455027045568
 0.8301835158200882	-0.45323587350964667	-0.32461141850610375
-0.04465361372228456	 0.9703866986621943	-0.2373935758208905
-0.20881535317464325	-0.7481452528106782	-0.629821267484193
 0.07152021322196343	 0.7934619922559382	 0.6044029499811547
-0.2355873357674306	 0.8728215016477117	 0.4274122523833841
-0.0637395935514551	 0.24850722586877044	 0.966530611468102
 0.7948851106347872	 0.1812129075924944	 0.5790678224638253
-0.6919815694553764	-0.6397548070915344	 0.3344776440023278
-0.188034970487744	 0.8496215966904364	-0.4927331857211028
 0.663602433518369	-0.0999912766837999	 0.7413727502516143
-0.4900037041823522	 0.15680611249325177	-0.8575011445895147
 0.03257848931703063	 0.988590838528889	-0.14706051819087418
 0.8019922564878279	-0.5853982344934904	 0.11881636076511715
 0.4633295382794584	 0.8369470211489278	-0.29128237630807696
 0.3868703947147375	-0.8709140284782269	 0.3030512377356174
-0.12828995533452187	-0.8868793805062974	 0.44383178321638095
-0.5420248526124205	-0.7416451027884414	 0.3951855268863045
 0.3441810424076222	-0.9220849475529425	 0.17691455435743508
 0.6467502647932897	-0.18635556500220055	 0.73958481486745
-0.37740422138829904	 0.41792745805429676	-0.8263792673358679
-0.7085082024435498	 0.13897647105603414	 0.6918826978346988
 0.9239485876163933	-0.02791554903384015	 0.38149669666172903
 0.5326573088115724	 0.018955536497766403	-0.8461187144873319
 0.5115551955896125	-0.6846453958681337	-0.5192032008586231
-0.6194271412514054	 0.7539146729509545	 0.21891249984952177
-0.30450314893184444	 0.9063813782479663	-0.29283208406168226
-0.1281434984307897	-0.6632797176786688	-0.7373189675615457
 0.5979331315582882	 0.7918885954399826	-0.12405008100356274
 0.0744164944856505	 0.9600673979957401	 0.2696901493457933
-0.18825972512229464	 0.9430744553385265	 0.27416937754756554
-0.2054392232576018	 0.6809457907421963	 0.70292784524288
-0.11084832027724355	-0.9161806043456919	 0.3851308220754037
-0.20600103664494676	-0.9588381737749353	-0.19543011388512843
-0.6246439198395486	-0.1186806587722368	 0.771838632513864
-0.7981734261095464	-0.5854613081573774	-0.1419656243715388
-0.40704487670903894	-0.28038045922555765	 0.869310799673735
 0.19475878945815114	-0.915051341634207	-0.353199739668977
 0.1031352346647786	-0.3727724415408769	 0.9221734273976314
 0.2931845592595097	-0.35670596592177534	-0.8870195421114577
-0.4921955290085967	-0.8579405083556005	-0.14724688569365818
-0.7820315919700377	-0.6213316950043781	 0.04871872272335431
 0.7380625096966918	-0.3994492059968704	-0.5437867813846624
 0.3165187870168037	 0.8329174808844054	-0.453943088396098
-0.11161744200363515	-0.03577358782184104	 0.9931071427871809
 0.4265603516415272	-0.18180762806586095	 0.8859978853160555
-0.048991785695896295	-0.159075301775184	 0.9860501271737971
-0.7578892904979045	-0.32604100032704975	 0.5650673317882742
 0.0623156409065115	-0.560156399946674	 0.8260396894200621
 0.4205076367477235	-0.8755829128061989	 0.2377559467997734
 0.601162706647376	-0.720953058327313	-0.3447174028460047
 0.862506176246683	 0.10131527243723719	 0.4958006771952759
 0.827180098366618	-0.5558053431174607	-0.08278590114430195
-0.6383207867704603	-0.6638636568798859	-0.38965576891765075
 0.004641186267842344	-0.998774412930941	-0.04927607395563505
-0.11295181955672165	 0.7678558463775975	 0.6305864616708554
-0.35007215470376324	 0.9351399611039443	 0.05443105407373783
-0.7623637685619872	-0.31977518011227035	 0.5626236029248417
-0.8678436486232773	-0.22724587565436039	-0.44182203831669686
 0.925906850927789	 0.2784631327913217	-0.25525435761418014
 0.029364433245469695	 0.7897367929347758	 0.6127426278179668
 0.3705365606741282	 0.9287697346248079	-0.009457126876156963
 0.7956061667841763	-0.4909717040440101	-0.35490507632761537
-0.27963981216479283	-0.7584032532735254	 0.5887495909778386
-0.1705077937960943	-0.9463064658180962	-0.2746473466204489
-0.5724577202514806	-0.8018687013572176	-0.17116875973192958
-0.8192605012445305	-0.35167635210262155	 0.45291939070032505
 0.928865632681144	 0.06917950421701162	 0.36389948147826034
-0.38429964463770494	 0.835328513478349	 0.3931158324226913
-0.716255980172524	-0.3991941833639132	-0.5723821929755639
 0.7514751769669232	 0.3108486878033349	 0.5819434265403092
-0.3237824449338992	 0.8936746688853228	-0.31066141463872743
-0.10809253175363577	-0.9802770276684772	 0.16544773677673819
 0.6551639409573865	-0.4042873673313156	-0.6382099459311958
 0.1748002005231371	-0.49440067516850533	 0.8514768712595764
 0.3341817506950614	 0.1417415882615689	-0.9317896112639761
 0.8070228462546966	-0.3514605431452682	-0.47454147577951633
 0.9025507272620292	 0.42500347748545975	-0.0690957946914903
 0.5693128025336862	 0.8135871828637867	 0.11814748728181867
 0.5339359656299807	-0.7646923158667477	 0.36077423225769634
 0.6480855232044503	 0.4530902219152417	 0.6121228679093853
-0.08553316262165134	 0.9905233182170197	 0.1074599188548131
 0.3531326304020225	 0.028345412792155297	 0.9351437766028232
 0.10622918359119625	 0.677610886600827	-0.7277079406695994
-0.2727575080279326	-0.8692601880786188	 0.41229851714008947
 0.34444399283456884	-0.47691303960809367	-0.808648433159892
-0.6197778974830905	 0.5448764603395159	-0.5647875713569834
 0.5419138977361373	-0.5488114640390278	-0.6365023993511463
-0.32757002217918846	 0.020969632447644874	-0.9445941748097628
 0.9963496138951038	-0.046344875423818134	-0.07169099952594138
-0.34313311485810977	-0.8830157557159868	 0.32022311072921683
 0.3933357954013237	 0.70388941554148	 0.5914614465412615
 0.472902793016725	 0.8113661322975287	 0.34358106425926604
 0.7726340007500384	 0.529564819203774	 0.3501396909044501
 0.7366990007780156	-0.5844634215225185	 0.3401133504507934
 0.7234416805179981	-0.6813489595800011	-0.11133611349667594
 0.9859979502566767	 0.07261731311940342	 0.15011584834703706
-0.18875844588962734	-0.9774578316127036	 0.09458560421292517
-0.2673831092586003	-0.9527659009114613	 0.14402573014421716
 0.36441081846997697	-0.9068066492485352	-0.21191143494555864
 0.2531965810477757	-0.5149157267744116	 0.8189952903809012
 0.8266723830113141	-0.1667962987406832	-0.5373934926037012
-0.41444484383737806	 0.20601510491499783	 0.8864498000244987
-0.9133452197071186	 0.08668852008170645	-0.39785124119977144
 0.4656349033924299	-0.8624631395320118	 0.19834684189900265
-0.9315924718169549	-0.362337977035383	-0.02909736847005484
 0.4368213089340452	 0.7662734413954176	 0.47118166037439413
 0.18692895120512867	 0.9687125096356364	 0.16325942814054462
-0.8971556534865686	-0.031168953543901992	 0.44061346978056193
 0.8875889736402534	 0.30801319901405105	-0.34251085107682666
-0.5608293515249604	-0.14055712002213291	 0.8159130679669104
 0.3295961562190452	 0.8702374170155283	-0.3661327789638238
-0.9095409848887683	 0.36307727976551857	 0.20226241797635192
 0.43095079516101037	-0.08738129418698382	 0.8981346901085052
 0.9482442538343892	 0.3168946653096502	 0.02026341946334309
-0.505125072566147	 0.7679901565670146	 0.39375091172112464
-0.5145285213666736	-0.7707156611763352	 0.37584274679412033
-0.004622346870297414	-0.13019983064785914	 0.9914769982247089
 0.19095859154332465	-0.9649655760925986	-0.1799340247759409
 0.22359312889296595	 0.8439533350405914	-0.4875949968833939
 0.9017323093901978	 0.43210543623938974	-0.012795865511454618
 0.2324508552068563	-0.9341988079797472	 0.27062739529253266
 0.5282920316089593	 0.3129665801908174	-0.7892778021851008
 0.939117231834076	 0.28910411352345994	-0.18568154570693518
 0.7818963054886184	-0.13182730241347576	-0.609310864667318
 0.03895196785942675	 0.01808344421773443	 0.9990774410650569
-0.7332282478226326	 0.5655273450228987	-0.3775647740802939
 0.14712466219270562	-0.2574045034459912	-0.9550378292928532
-0.2591876361340483	-0.881310656432647	 0.39511175144951194
 0.5835247267617981	-0.07397097991012186	 0.8087194738527725
-0.6508425325173011	 0.5963490334873895	-0.46986362715698915
 0.5157331338932964	-0.059165696077856184	-0.8547038990271554
 0.7759751459014579	-0.3146733286510883	-0.5466655917275709
-0.3327467281686838	 0.09910490892985319	 0.9377941308832347
 0.47043922201368177	 0.051709417459662184	 0.8809160428424176
 0.8310902796152562	-0.5375419510786534	 0.1426099504227869
 0.1124521262124979	 0.8287156839199227	 0.5482561760121114
-0.9655469432116629	-0.25886822364681394	 0.026577118740693573
-0.4700484055276363	 0.8543251709215256	 0.2217724031317534
-0.01579507492637706	-0.9422666201857876	-0.33449085501957
-0.06934789645949645	-0.41313640552414665	 0.9080248783415743
 0.62196585811816	-0.28683579896820266	 0.728617660893293
 0.720589123986267	-0.6875603275060479	-0.08951039287412654
 0.528696582871385	-0.7436958810084211	-0.4091410023833213
 0.09696050882308144	 0.5688365423203533	-0.8167151571079074
 0.30282145144346884	 0.3265937137818369	 0.8953411163706593
 0.06121312037571892	 0.7040157346545155	-0.7075413763538714
 0.7669219982818277	-0.6189508204583718	-0.1695008271523084
 0.9625504995912079	-0.15942285872597903	 0.21927354571938795
-0.21987814892862906	 0.8860303768028932	-0.408171252057568
 0.9696250025087846	 0.09293564326380255	 0.22625278058177045
-0.1965019821134248	-0.9520588531049914	-0.23445876236537577
 0.22641308303823526	-0.23834244305817825	-0.9444204549172897
 0.4827768766005902	-0.52412145375147	 0.7015861950874063
 0.16719297736967417	 0.9729813029659284	-0.15922905638415297
 0.19176384197934201	 0.9221112285897103	 0.33606176667109455
 0.6911976305297979	-0.11394532918081995	-0.7136261608908883
-0.42302527586179284	-0.6590201594260263	-0.6218858781578409
 0.9866246778021664	-0.13370907011606428	-0.09323963599493856
 0.7359782277296495	-0.6098344353813304	 0.29400341789009565
-0.8102045881558545	 0.009334682652723386	-0.5860728530063264
 0.2268946972492564	-0.37481328229895405	-0.8989070028498236
 0.5156384529232289	-0.48615008252342345	 0.7055317732954396
 0.6403481970800776	-0.4435134890853019	 0.6270964610773018
-0.27581654875616046	-0.687492237132177	-0.6717735148956343
 0.8658060643860737	 0.29385448711006135	-0.4050054311704734
-0.9234431728681873	-0.3127722321314253	-0.2223201234496348
 0.09686274008419708	-0.9360086529963375	-0.338386481850802
 0.03086960614220431	 0.8902127686285884	-0.45449784816569627
 0.11529240310614587	-0.9226772024834241	 0.3679326593323462
 0.44395475603025464	 0.7835872752395604	 0.43462070438574196
 0.9394733061620778	-0.30889741025053574	-0.1482305533599837
 0.35804234019146325	 0.8701941516471354	 0.33847868628518185
-0.2267228223360424	 0.4349702202623489	-0.8714342598939424
 0.7968387082446621	-0.1539821925289418	-0.5842410097099981
 0.8974218495571714	 0.37247743607726064	-0.23642035350344903
-0.5928958609826412	 0.7038939001690252	 0.39116221102567006
-0.4996207164393096	 0.2160715173876386	 0.8388636594098438
 0.7924099632848186	 0.43668537412097136	-0.425901789284548
-0.6091458208988421	 0.2877560517066583	-0.7390113825832934
 0.42706014113445945	-0.16509241295646088	-0.8890242578458862
 0.7418989416567308	 0.5782391859214323	-0.339448676876994
 0.6368855866975947	 0.7704890743712638	-0.026894901586988817
 0.48652460375247913	 0.7756444603435012	 0.40208143588324474
-0.40765473438617794	-0.4924866036361136	-0.7689437968873281
 0.2329713373669006	 0.799918481088965	 0.5530413904743485
-0.9088157008664621	-0.31139858050847874	 0.27764175823515047
 0.29209744020164347	 0.1350264988503511	-0.9468088138773654
-0.5492931566696753	-0.013230186462300045	 0.8355249788019723
 0.6613756117869088	 0.717269928691348	-0.21933114126498454
-0.39938504913977924	 0.40641477049442953	 0.8217777174197267
 0.6729886186626363	 0.12673811525918208	 0.7287137773441004
-0.8785196167128105	 0.18472661720664083	 0.44054439043774907
-0.43093742212700403	 0.8981742432428761	 0.08704003093760448
 0.6564809963031177	 0.7163782319756231	 0.23629416041101492
-0.5091506413922879	-0.5470649605509256	 0.6644437924363775
 0.6106883382276097	 0.2921024753978442	-0.7360271037259785
-0.5587145326775917	-0.23856464981499992	 0.79430786149547
 0.1455309342595983	 0.12592811598260487	-0.9813067088217629
 0.19587484104043193	 0.7496009717405093	 0.6322431730062965
 0.7282340061623366	 0.049085049650359175	-0.6835684970575926
-0.5369892350899793	 0.7345561960019765	-0.41481291724412905
 0.7939111500332543	-0.6038181681627733	-0.07147521003416846
-0.6149766406061454	-0.6128980248798981	-0.4961448806619895
-0.7752358922281484	 0.44672499157550327	 0.4465938796077409
-0.12396419396559137	-0.6203342339326496	-0.7744793843774371
 0.38345237426027157	 0.7098376972067468	 0.590842381941566
-0.24430473941580014	 0.28023369381559626	-0.9283233656164454
 0.9760810444252627	 0.2157873709628225	-0.0264878320487254
-0.08317643158012186	 0.1498067512758186	 0.9852104437640632
 0.6706994456517456	 0.7168213197355668	 0.19060285720576542
 0.23857135364113888	-0.4400553341198176	-0.8656991464328299
-0.06882131550901999	-0.267100988255937	-0.9612079320336
-0.00564546611238936	-0.17430986857435327	-0.9846746662882953
 0.749262029667144	-0.16720245997787772	 0.6408195910522854
 0.7580680729822452	-0.5473217736592731	 0.35464302164775896
 0.5140043616129021	-0.799257001712524	 0.31142858163055553
 0.6944813992070435	 0.5699131898411737	 0.4391976117882306
-0.004741393375438243	 0.45059441686051743	-0.8927161870846689
 0.6834648448068096	 0.7228870833423746	-0.10153851806067737
-0.2528784686084288	-0.9509612700818533	 0.17811553250226209
-4.8315586602092975E-4	-0.9096743837874087	 0.41532190171168115
-0.05933673248572046	 0.6837133540202495	-0.7273343122060851
 0.4443505260438895	 0.6279671749655855	-0.638913012209221
 0.17457271651530218	-0.2655547696400132	-0.9481587583152451
-0.6979319735621212	 0.7127218622773374	-0.07013207049279568
-0.6290507622201026	 0.016343997885288303	-0.7771923907781353
 0.06360644535920096	 0.12455147747903328	 0.990172282770305
 0.5095430759851169	-0.8577207853287376	-0.06841716254478158
 0.5218899907454151	-0.6286016404237134	 0.5766201654610834
 0.8587022077710533	-0.3851899391837441	 0.3380225275343971
-0.4784506129077427	-0.5135652676997076	 0.7122750359381782
-0.08615335704194785	 0.9842938440125707	-0.15408837629542238
 0.2707456483912562	-0.29027708432334437	-0.9178431283143849
 0.5920640833989578	-0.8026492860631735	 0.07220972740032816
-0.13952209162087692	 0.1937157454199137	 0.9710858849381669
-0.5016329830938863	-0.5261540098778775	-0.6866777323910827
-0.0825923739217392	-0.5454246156092286	 0.8340806246745556
 0.39335326848902635	 0.919383731057557	 0.0026002376210048084
 0.2601161048469129	-0.3858905906964091	 0.885114717994931
-0.8226268486017789	 0.15194795615515494	-0.5479022600608405
-0.40390294163100965	 0.8988458793656052	 0.17011319434214678
-0.0014009945631313645	-0.25456328707781317	-0.9670551018873603
-0.8947384613574054	-0.3577229514342003	-0.2673525309118794
 0.43323855436639663	 0.22584797419916133	 0.8725233793776817
 0.9287004800092317	-0.1970689363243677	-0.31413254012694214
 0.5190730823571319	-0.8443254964120606	 0.13295710316035625
 0.4021741848065557	 0.8742930982167524	 0.27178576762909157
-0.1598372969706717	 0.07537046594897455	 0.9842618205334106
-0.7301709388218878	-0.056892333254454794	-0.6808918141061964
 0.8628569415659716	 0.047862903581829305	-0.5031769478544641
-0.23951862776255126	 0.3557122385688114	 0.9033823278585371
-0.2378926568983935	 0.46691729810132243	 0.8517014268671763
 0.8258209401674066	 0.31416740967126516	 0.4683146522173611
 0.795145754525937	 0.3483132330664588	-0.4964082198454909
-0.6276623420556591	 0.7562617332993224	 0.1846839871572774
 0.17751481339229405	-0.6129672101841833	-0.7699088843917301
 0.3084434876140039	 0.2980055969888083	 0.9033577802354136
-0.7519874496099078	-0.1667324339445594	-0.6377422450332966
 0.2142743516302422	-0.9300439573619285	-0.2985041701685298
-0.12383487476316997	 0.988679107152807	-0.0847263056666483
 0.3691615276980126	 0.5800801493394591	 0.7261038402391082
 0.47616071337234495	 0.861636455422297	-0.1756519106871295
 0.9274663324406291	-0.3200510355938012	-0.19332236498776778
 0.19812219130257494	 0.1970326984559669	-0.9601696272287652
-0.46441277852992136	-0.8746812163139223	 0.13875712942301632
-0.06245511396880872	 0.5281881765992886	 0.8468273784189206
 0.03252669841606345	-0.6405662852868318	-0.7672136912516483
-0.8247768157863624	-0.12463748672670133	-0.5515511771755728
-0.7297735369504819	 0.6247260689835146	 0.27775515026582065
 0.4854662393005664	-0.771159851687521	-0.4118677137682021
-0.9234855092543349	 0.37371345137736744	 0.08667623928665735
-0.13685699705743182	-0.9670500907323315	-0.21467250492555268
 0.07949970455955789	 0.48475896218188114	 0.8710272932344247
 0.6227535976485435	-0.47706789083843265	 0.6201485178138906
 0.9591438242627736	-0.1592105205337385	 0.2338699094153791
-0.08419762059225036	 0.9005939584338136	 0.4264285200583069
 0.21398012144070871	 0.028208798461128275	 0.9764306280108173
-0.6003718838083082	 0.30580559454787665	 0.7389428526453741
-0.7741519493917113	 0.47404480606529564	-0.4194881179432015
-0.2977315088908408	-0.34689854694082667	 0.8893915598564708
 0.029082304413396553	 0.8971218006345282	-0.44082501561988097
 0.22482944358864873	-0.6304721684566214	-0.7429377942312696
-0.4229568733488862	 0.5239941124943219	-0.739281849742182
-0.9606779433151094	 0.23613342173780424	-0.14607839116805654
 0.29814305410316944	 0.46436779703574227	-0.8339503992242023
-0.13247538618079827	-0.5265053376769084	-0.8397871167468414
 0.03195827119629722	 0.6457654506164472	-0.7628667325898286
 0.18458727654129195	 0.7973923367550433	-0.5745372038635967
 0.43906688974157254	 0.775154290874411	 0.4542643411843492
 0.045225342697548014	-0.1417574931448883	-0.9888677775694616
 0.09572466323085471	 0.9417139489521876	 0.32250833663366896
 0.9663866331657047	-0.12433302650907001	-0.2250292731129626
-0.38168605202736705	 0.9090281760620947	-0.16728279293753867
-0.34804952746698725	-0.9373303111013902	-0.016535244799462445
 0.3601886311679933	-0.3369847835202439	-0.8698881569794714
 0.4447499310659814	-0.4264856378720797	 0.7875960255776118
 0.1394109438474474	 0.18127141567125804	 0.9735015473003121
 0.3795280486695887	 0.1751160360165186	 0.9084562918505852
 0.12686989591488962	-0.24656542847108076	 0.960785886133543
 0.9083422708476613	 0.3915765772187047	-0.14690848568070503
-0.7811843021122267	 0.29809447411804035	-0.5485351134008858
 0.4579853166575594	-0.525131022719122	 0.7172773931360474
 0.26008626780094457	 0.9561775253643751	 0.13446067562464248
-0.8098678989689638	 0.1416858644659135	-0.5692443254263875
-0.9618228268939205	 0.04685691638087901	 0.2696317471164378
 0.8267574970838415	-0.5387913990877551	 0.1617895833628391
-0.8571263985560864	-0.4628508781873312	-0.22606061456938753
-0.2292494671250965	-0.8217350327982966	 0.5217242736300867
 0.7652267235320109	-0.3678629597780236	 0.5283037993577329
-0.5950410833921043	 0.020497543965117705	-0.8034338552531557
-0.8458293705702283	 0.2845355947041129	-0.4512340537095447
-0.005361818755144858	-0.7318693948837622	 0.6814238326710571
-0.42238336518634273	 0.9064068389026634	-0.004351460024149878
-0.15008664350874434	-0.3981004456980792	 0.9049806818796022
 0.2621468834150875	-0.8840356037039001	 0.38698845318644515
-0.699283670851967	 0.6511345361333409	-0.2950019720853012
 0.5462967321433668	-0.0014593035240328897	 0.8375904434045933
-0.6815015879432176	 0.34040918179313545	-0.6478249567451078
 0.5484045948229969	 0.7651367790857024	-0.3373693964594031
-0.7842938421921453	 0.048117867031770935	 0.6185206867775686
 0.6261856428092674	-0.7333240084028679	 0.26481585949390385
-0.511882198715119	-0.4147911566500877	-0.7522798089829728
 0.4231679175163408	 0.2641750733224861	 0.8666835894488498
-0.4870979214161819	-0.8665428910822548	 0.10880731991388526
 0.8096741792539799	 0.4675598099385367	 0.35470487391581407
 0.64833953013686	-0.7348250508947629	-0.19921846862031822
 0.07439540799872477	 0.9601418097948105	 0.26943093429049547
 0.009971395335972065	-0.22038261526295863	-0.9753625347351171
 0.9809549662813684	-0.009608970119515992	-0.19399747890413876
-0.6203836608352185	-0.702171641976298	-0.3493981948622549
 0.5437068632371129	 0.7277300721033091	-0.41808107948742657
-0.05186413577042621	 0.9952653186184772	 0.0822013197950473
-0.3559617236102442	-0.3029222925819304	 0.8840414786543285
-0.42209407643304564	-0.8699158114635964	 0.25511384048257146
-0.7321769490089403	-0.6696605549067193	 0.12438511382791884
 0.08447622031874141	-0.9092529368425232	 0.40758172805451665
-0.6990915536384642	 0.20279697749103412	-0.6856707559403852
-0.1847661161976506	 0.9065527884588849	-0.3795043136021734
-0.3994224876709035	 0.7621778265251088	 0.5094571984929137
 0.13728595383771625	-0.2773339401295778	-0.9509145348195454
 0.07102062290790791	-0.7832099011887205	-0.6176878838068041
-0.21956821116326103	-0.6185052149212834	 0.7544806821660464
 0.640791989468966	-0.6843441706952844	 0.34793488222336677
 0.7597916360013685	-0.6435909628109503	 0.09223525600570581
 0.01807501390466683	 0.07354562005330671	 0.9971280437553247
-0.8383417346819121	-0.4714188283323871	-0.2737652720566326
-0.16599709195721296	-0.047791968507981855	 0.9849674579436016
-0.15493144705828796	 0.845964455698085	 0.510235618521353
-0.5979846137761546	-0.8011821417361741	-0.02283807019036943
-0.6946325037772422	-0.07336802620480302	 0.7156135950546014
-0.6306291631653053	 0.05050574785881208	 0.7744391699795723
-0.27113249573840675	 0.8831811913168	 0.3827246439137426
-0.6127128480388594	-0.39452690618374564	-0.6847857227959644
 0.48916282719587906	-0.8697380283287892	-0.06538723551645886
 0.43707696365266613	 0.009382927849321855	 0.8993751656061781
 0.8093522003770637	-0.44407734472450183	-0.38437524328088735
-0.8474671902256797	 0.4243826002324891	-0.31890244607231044
-0.24647644717001818	 0.5414055764749721	 0.803821723239829
 0.33359576180208805	 0.9100049550164693	 0.24618052228630605
-0.17905588102171138	-0.962223818924884	-0.2050958648172876
-0.9602696095088449	-0.2672028388481022	-0.08052900077143477
-0.5612199029723154	-0.38379356842430007	-0.7333039733588569
 0.15834786193629952	 0.9268057531276509	 0.34052466957577443
 0.876739800724512	-0.3701893554832585	 0.30706214828993916
 0.4465821111221246	-0.3992486391877972	 0.8007277578131025
 0.3874557418579575	 0.678180592932827	 0.6244590710931974
 0.44128656434563523	-0.8851915791442516	-0.14731611025319546
 0.48438474884651234	-0.7977356045428025	 0.3591508322830823
-0.7118325676719741	-0.6679035078777111	-0.21725399827430691
-0.9350979826133775	 0.2733446664834093	-0.2255536659366575
 0.5705078709937935	-0.46033773364588276	 0.6801543502146417
 0.08514277498626255	-0.23253083127297874	-0.9688550564326617
 0.2619586476915173	-0.11092407440791495	-0.9586832201600166
-0.34905435817346825	 0.5408175769465361	-0.7652956314430297
-0.0976388277509261	 0.9885147861125255	 0.11534806869788894
 0.28744115742615073	-0.9577760589360902	-0.0065270166512823025
 0.5558382826287221	 0.6836467346874114	-0.47293862785312113
 0.9820902929468207	 0.09562161155600937	-0.16234273591097148
 0.9714471089729695	 0.21216831609170272	 0.10618436850530766
 0.9079739531829767	 0.4184208939078438	 0.02252234185510993
-0.8411649813338627	-0.44542928258956743	 0.3066500096027156
 0.5211111561423516	 0.6734267132785458	-0.5243468554180879
 0.4661806688304627	-0.06061603272496669	-0.8826104919982927
-0.22295688420473886	 0.23154622555500975	 0.9469300783146257
 0.30568047371283086	 0.1067123285383352	 0.9461352582631226
-0.47628523208701906	-0.8516337902265289	-0.21879731497486676
 0.799105579913429	-0.03240741420160036	 0.6003166095120043
 0.5341674405293029	-0.06937150444498252	-0.8425275899633278
 0.08272872016103323	-0.5863972704261945	-0.8057879374235046
-0.03224022798145245	-0.482545845001811	-0.8752771419220269
-0.7316353929006204	-0.3596587407517609	 0.5790986462218786
 0.057815279966678616	 0.7247005492377689	-0.6866341874221313
 0.683591428218597	-0.09828767389330505	 0.7232166289755111
-0.4587733572958564	-0.359460486481598	 0.812597788142388
-0.08139904718247429	-0.7648435575367089	-0.639052836322926
-0.7610044766025557	-0.183652147927212	-0.6222090285045627
 0.23170383735062897	-0.954901616872388	 0.18567776886717624
-0.9703130658210837	 0.20289418412547186	-0.1316301802207549
 0.4525397532966343	-0.15364217920786707	 0.8784087046782261
 0.5580660149658838	-0.5565780682276659	 0.6154536350595856
 0.7170831301816816	-0.2361356396955724	-0.6557680566133153
-0.8262042390324588	-0.48893545711155884	 0.27987260348934995
 0.9021737895480603	-0.27946221411164424	-0.328608162309322
-0.5847792974517191	 0.4345308179603869	 0.6849935339217086
-0.8290395204240092	 0.1700231324761205	 0.5327153160911899
 0.16146380662327242	 0.3938532661537293	-0.904880679366491
-0.9959744245948782	-0.08805379866125342	 0.016777189699849426
-0.668540281281621	-0.5850835337060235	 0.45905462734838376
-0.5937195725170472	 0.7777918233890272	 0.20624487552263404
 0.9309353528962727	-0.2664212326081871	 0.24975807403050343
-0.970067275557555	-0.11584471268111227	 0.2134232495211641
 0.511363367503126	 0.8070822273040438	-0.2951707721740189
 0.9327168446908906	-0.32222388400232	-0.1618982897016783
 0.6560270638470218	 0.5731114186086363	-0.491092448893945
 0.8620980575495009	-0.1903776002101142	-0.4696203876617959
-0.18908917159671415	 0.6430510915872499	-0.7421122413714214
-0.9568712912644088	-0.27962887861480373	-0.07877196327761671
-0.8337409712257231	 0.37401888348521617	 0.40618452419566675
-0.18635086846894916	-0.9669744282273629	-0.17387871915571784
-0.9619503666144169	-0.2073783947743329	-0.17789236507284345
-0.26790298444977156	 0.6944106885282445	-0.6678486254987988
-0.5220862322548188	-0.732275064521146	-0.43726330279423076
 0.6564552195026222	 0.6700179659057014	 0.34661573846458604
 0.9159869354252945	 0.4001936376255616	 0.028512918724641123
-0.2976463368317561	-0.49693143031099407	 0.8151477238756828
 0.6657686000917928	 0.6959463205078654	 0.2690927165557957
 0.3191802242115699	-0.6276730733903404	 0.7100355606678981
 0.35451018574898846	-0.29935582431796837	 0.8858378060610912
-0.41341837652644664	-0.8971574619895604	-0.15554335198486569
-0.04189770920877848	-0.9569064827706842	-0.28735790435360387
-0.5975313754523313	 0.6866595210350975	-0.4140711986143151
 0.308571696078104	-0.9162088843885631	 0.2556262673258498
 0.4902805418370147	 0.6101575145384688	 0.6223606653285869
-0.4889087917706424	 0.8306482972144936	-0.2664424884736529
-0.3775433724747755	 0.07003654568113352	-0.9233395281094747
-0.37950215651977476	-0.7683902356371243	-0.5153198608382614
-0.15458676943200114	 0.8343857848165349	-0.5290588746185745
 0.16691483696601842	 0.8450130104881797	-0.5080280005140574
 0.6665069314353522	 0.2796420330327597	-0.6910635598191643
-0.28948402582688654	-0.48079526042703	 0.8276683613271458
-0.752686384017768	 0.5409208535913447	 0.37532364362542925
-0.34213073174682584	-0.1396065625520573	 0.9292236383598838
-0.6109326792898574	 0.7533948743537748	 0.24322299371806122
 0.03396595961034162	 0.6086516566763683	 0.792710208344046
 0.7372256318765534	-0.6726300185389653	-0.06377480587573392
-0.5478413438642948	-0.7314712400376782	 0.4059799095407368
-0.450028245509489	-0.8682430058665364	 0.20887474956895336
-0.04619055568507135	 0.28553051102212795	-0.9572558486846381
 0.05942138818393582	 0.8578908103711755	-0.5103846158604135
-0.4409025721494475	 0.8034682831910772	 0.40005454600339707
 0.0640799011783599	-0.5582158858658475	-0.8272174992297847
-0.16958840071079137	 0.006160980643278227	 0.9854957212803459
-0.042099356429383214	 0.7576477094902315	 0.6513045313004029
 0.330220700040716	 0.8753023067807943	-0.3532706625363047
 0.2806563177726868	-0.5981333859542644	-0.7506453782587115
 0.7108516636042249	 0.16019279009444112	 0.6848563224157782
-0.2527693492462546	 0.15063145304882014	-0.9557289476802646
 0.17186241484054623	 0.7779281602986726	 0.6043931566286127
-0.6526501193949065	 0.5310957780065743	-0.5403564529432459
 0.6305060872129887	-0.06432420329116714	-0.7735143637052408
 0.8321658198066868	 0.15139718132065808	-0.5334594097338847
 0.9140504072310476	-0.1623551541146747	-0.3716889250073996
 0.9581401313762552	-0.1440332774400408	 0.2474306036774203
 0.9274116385853741	 0.3329479221203485	 0.17045038507475985
 0.8322545511032914	-0.49100156895130853	 0.2574292552434789
-0.5688338137232224	-0.7787046093385658	-0.26466436057763043
 0.9611134024871728	-0.13674757092844825	-0.23991900592637228
 0.4845574290510883	-0.8456697010438065	 0.2237115434837429
-0.4654539590995218	 0.09428186342985115	-0.8800361027746393
-0.8329369788921128	 0.4347374697623525	 0.3423730736765196
 0.20969126689901751	 0.8913135874071408	 0.40198216563636
 0.13456078330045906	 0.9627027136732202	-0.23472724742514361
-0.47566636797376877	 0.2521580737668398	-0.8427086164344353
 0.5004076236428593	-0.08690603146525984	 0.8614171764569509
-0.2268309495948067	 0.7083920667658041	 0.6683774383155006
 0.86960661768574	 0.3412865157686543	 0.35680224863593435
 0.0405087682458255	-0.9237326268728159	 0.3808898446347093
 0.41998548089550847	 0.7787305891714056	-0.4660374076463434
-0.9720027423892884	-0.033338568243321216	-0.23259236585749776
 0.43944419692618863	-0.217496658165947	 0.8715411645324289
-0.8729313078433626	 0.19218185305588584	 0.4483938750059846
 0.0452211970978029	 0.7892620337229963	-0.6123891617725459
 0.24936835732986815	-0.11271677557039127	-0.9618265700570021
 0.15493306222445838	-0.9142689343862711	 0.3743101145386596
 0.23259188192688646	 0.39478139696403625	 0.8888468175522897
 0.7671021547033485	-0.5658246489889969	-0.30231895548568977
 0.574370541137768	 0.46654770773398024	 0.6726304467397206
 0.43927370269682287	-0.8114704563172893	 0.3854274414766461
 0.10025218411443873	-0.8987684049952311	-0.4268077480114585
-0.23478085288170958	 0.9582227754319921	-0.16336175734714353
-0.39856208484343436	 0.5291053127748482	 0.7491300504710015
 0.11506289379153362	-0.9338506178718228	-0.3386496035325206
-0.29540963207854737	-0.6630542434521991	 0.6878169956574562
-0.07256679663930184	-0.4418454707691543	 0.8941513518338462
-0.996283389461712	-0.01109779204470675	 0.08541807124031164
-0.3337007982989119	 0.35037353575614044	-0.8751469377518324
-0.20880148782946217	 0.9774652768960315	-0.031041442343542558
-0.30005156666696486	-0.07963106739771354	 0.950593472755731
 0.23130121505860468	-0.31955463083292385	 0.9189040133907604
 0.36883467565856526	-0.11424511923434567	-0.9224473073097299
-0.703070084755529	-0.45774156720414777	-0.5442105415878526
-0.8102320740503375	-0.4403540213498041	 0.3867975207536172
-0.7949571797524185	 0.6016320863034537	-0.07798663404862882
-0.3712643861855543	 0.640341298414397	-0.6724029871254498
-0.7674138829516783	 0.3750811065164379	 0.5199904766314787
 0.8440074891786058	 0.524318363649057	 0.11287874800333664
 0.03177719924058745	-0.8275883726722916	 0.5604352728246611
 0.2205174913527852	 0.7406485078530441	-0.6346745810433356
-0.8912304683736154	 0.14536060281233873	 0.42962605529993114
 0.825199825419231	 0.5561085023451635	 0.09893726167369876
-0.37238067347055864	 0.8775427492884535	 0.3020783957797637
 0.9222187033946766	 0.3181783651311029	 0.21971616024211804
 0.9782779698655846	-0.029873493259571983	 0.20513358592912234
-0.995709645604608	-0.01950676566275444	 0.09045323511806869
-0.7284829857659643	 0.026604764199203823	 0.6845470955101707
 0.8584398091667585	 0.49657454065071793	 0.12843215958344634
 0.48260588176546615	 0.8754738868332074	 0.02523957920674147
-0.4516213873456173	 0.04271758215937119	 0.8911864735657051
 0.11337912445239601	 0.6528536971112474	 0.7489507489191687
 0.06148507550207926	-0.7537504273190668	 0.6542781356631351
-0.048698584116890896	 0.3359628590134505	 0.9406154396290327
 0.37584171922417814	-0.20552137903432025	-0.9036060894274924
 0.4908756661969726	-0.20044177858222692	 0.8478585812117914
 0.8172158341753545	-0.43253657546574453	 0.3808810723276306
 0.4840968363731543	 0.8615192548722093	 0.1530843770537571
 0.7047205389377651	-0.26240278455638827	 0.6591765625811643
 0.008074770079411315	-0.9421079586773854	 0.33521245842733016
-0.9000929545722063	-0.3969622546248831	-0.17959298853965788
 0.5089380721577371	-0.771495606177086	-0.38180697787994466
 0.37937813731945047	-0.41444111838136216	-0.827230795074041
-0.43245176808688457	-0.2892862858212743	-0.85398999590994
 0.28217172726487466	-0.8993928735988443	-0.3338735917259261
 0.9206904530173633	-0.31607995925324106	 0.2289597106068051
 0.6486318903640101	 0.13838692251500576	-0.7484154798503546
-0.9452333374198418	 0.23508287261747413	-0.2264287544285486
-0.20728517371551494	-0.042446888216815554	-0.9773592576112624
-0.835543720269425	-0.43267618621517145	 0.33861188608881276
-0.5902528938506967	 0.8002052213897967	-0.10617497332886239
 0.6332203837394399	 0.41673365799288764	 0.6522001256613981
 0.4995047714631693	-0.4394420863001615	 0.7465826384759349
-0.012983434045336233	-0.9927041484401671	-0.11987453486905908
-0.5138931729191525	-0.33075913401608037	-0.7915252378111632
-0.3419677999260393	-0.8232858892119244	 0.45305448727308195
-0.7911045373504513	 0.39219784919909806	-0.46939797407650774
-0.41463155917309663	 0.8958803293202411	-0.1596217581495183
-0.333063347441488	-0.8587034483887727	 0.38948324009679935
-0.7148314183010125	-0.02158598197913021	-0.6989635818780255
-0.2029609931271928	-0.4617995291656591	 0.8634512320514687
-0.2128068247104173	 0.7266030063282083	-0.6532697196039927
-0.5158810068210261	-0.520965128537542	-0.6800456761491736
-0.7693979434857463	 0.2687462735121467	-0.5794844648765305
-0.7861320261917768	-0.3619065159288024	-0.5010190726148926
 0.061612245650944863	-0.47807271498400344	-0.8761566129258349
-0.5353076077863542	-0.4883793199688363	 0.689152671672125
 0.9549594269547427	-0.2016436847302443	 0.21769776590190149
-0.553807075395045	-0.6098915651237038	 0.5668597728127707
 0.7885366263369067	-0.20853566659491746	 0.5785523871552367
-0.13209914534171194	-0.9912231826342075	 0.005139845182656533
 0.6112982211946394	-0.38300431812747154	-0.6925475991294607
-0.11549817455125622	 0.26309906970223557	 0.9578303874889049
 0.91543882629226	 0.2979043472654375	 0.27060073022259723
 0.5891483325093778	 0.5250975813343528	-0.6141471911343666
 0.6035750967383936	 0.6148567450145677	-0.5075906674746198
-0.3908974942691024	-0.2574829259320701	-0.8836864216607592
 0.6052992416214694	-0.7955381691643599	 0.027052716963222423
-0.8680509408469121	 0.08828500943765369	-0.4885625049094373
 0.9285636349384423	-0.31130247513442016	 0.20213941932510537
-0.42002710816668426	-0.8986058311815197	-0.12682581981482488
-0.8125936054522679	 0.2148003117824522	-0.5418048158112341
-0.7736965470859566	-0.12723094874932658	 0.6206496102533332
 0.7523145503018016	-0.5232957656024093	 0.4002303825383404
-0.1703414614272541	-0.8185887894512713	-0.5485400443937793
-0.7374114450831255	 0.6622720397803432	 0.13274074726925478
-0.7324950975161535	 0.6775786087772263	-0.06586471773506064
 0.11212166545567064	 0.8770824516088647	 0.467070771099231
-0.8621881652572162	-0.4235422215827961	 0.27792724628417553
 0.5051256737099071	-0.23704279048838484	-0.8298546675391976
-0.6336912545549316	 0.47240008114927196	-0.6125957535200179
 0.3269332293379515	 0.14507500854516336	-0.9338457610602937
 0.3154477682574274	 0.9106545114312883	-0.2668352793602262
-0.12477250021498355	-0.8523600002181833	 0.5078525900477031
-0.0797296648701751	-0.9952249071472454	 0.056307767967185285
-0.7037683621888684	 0.5063834382323018	-0.4982829576315351
 0.39119042729076836	 0.754570477330928	-0.5268713736165989
-0.37295540755007867	-0.7066608620463495	 0.6012775482512756
-0.7981787349676749	-0.5813769192681167	 0.15783404191655248
 0.5650856502610195	 0.591146233960363	 0.5755209274592545
-0.6633556030527687	 0.5941582449345102	 0.4549014441336059
 0.06965335741987143	-0.9801425653464726	-0.18565818429623637
 0.7418495169520679	 0.6705055498241977	 0.009033374393530913
 0.3682724630043863	-0.7500189613987758	-0.5494059979059063
 0.6601613561105776	-0.2710504070572145	-0.7005131410133301
-0.6704985938461413	-0.02053209512973465	-0.7416266370080908
 0.41714218568070927	 0.8922017294259141	-0.1731140402593867
 0.7967167380112107	 0.2908875784833358	 0.5297422543623238
 0.2815085780732903	-0.9514537976279724	 0.1244531697083826
 0.6812277457352961	-0.3108085976500487	-0.6628173006698126
 0.041951286840300805	-0.657913452199923	 0.7519241843077149
-0.3711788165570576	 0.35831194115397413	 0.856643939432115
-0.1517896188450326	-0.8644598895782175	 0.47923794812315923
-0.4779353842325043	 0.44704273290681945	 0.7561286685834168
-0.9938489879659527	 0.10862140423130054	-0.021577295054568735
-0.08327472718884736	 0.2924093019892747	-0.9526605481081749
-0.8566239233230173	 0.003919383911168619	 0.5159264409006756
-0.6183722844068043	-0.24410128215594523	-0.7470142447954617
-0.7775402150108582	-0.059290669182265436	-0.6260318127609712
 0.3673364565643589	-0.5633467521916314	-0.7400705131768739
-0.22599771310989006	-0.06895410011637253	-0.971684293248708
-0.7752795693715481	-0.6018645264110946	-0.1915742184194309
 0.8439477567131207	 0.09025139164009417	-0.5287786590303332
-0.7395257499785939	-0.639436010152077	 0.21029325723710524
-0.5968409019047962	 0.633750874135891	 0.4920780094105641
 0.6715296263681169	 0.44305710030848977	 0.5939262300792332
 0.03132763240020421	-0.618302170016473	-0.7853158638414979
-0.4279396805362967	 0.8660933972214105	-0.25835993712642114
-0.9604034338281451	 0.09704602046201755	-0.2611653005351082
 0.020422583427530783	 0.810716925149999	-0.5850820330188546
-0.8141027112382332	-0.4669214719754238	 0.34528410702327617
-0.0997699856618571	 0.9940241585883756	-0.044293589871502004
-0.07582460147231705	-0.7940946396923556	-0.6030458797002367
 0.287260252727297	-0.9533255926669348	-0.09301538350878857
 0.63097936069071	-0.7510454746997046	-0.1944112684888355
-0.09310335852470984	 0.9057722522138776	 0.41341068170866
 0.44716517977978315	 0.8533217338996356	-0.2681143794111642
 0.07906202838596399	 0.6485279827397186	-0.7570737422940044
 0.5996542353911992	 0.798790472719049	 0.048462136464196615
 0.7868930785866424	-0.1896594617420372	-0.5872210584134026
 0.1479627728323147	-0.12424170013951719	-0.9811579983887484
-0.7018104544166225	 0.5951384464927582	-0.39150008375186873
-0.7344876315250178	-0.5701637223068222	-0.36802343526193915
-0.9758890067085166	-0.16038324023671224	-0.14804682649971856
-0.3864891309101352	 0.07354796253949092	-0.9193567582253463
-0.6297069079697958	-0.7493917181839704	 0.20464912111317735
 0.1796026537454763	-0.0261577907123894	 0.9833914056735646
 0.37293281097531283	 0.6257517088361749	 0.6850955534716734
 0.48128060555382374	-0.013280257060294882	-0.8764659796536072
 0.19941609355642412	 0.16475978694952012	-0.9659645098216829
 0.44754110768520333	 0.5370889881873552	 0.715012150735765
 0.8534097142660507	 0.0158467135044618	-0.5209997516961455
-0.16188440799239381	-0.8529747841220986	-0.49621311560740855
-0.3889416072224011	-0.8921712546304242	 0.229684301993911
-0.9182905631427782	-0.12771586914759264	 0.3747413753654567
 0.34695735772663383	 0.9346129066019317	 0.07822599780406403
 0.586613993066444	-0.6785540578594937	-0.44209548029928647
-0.013347534549128029	-0.577271920031266	-0.8164428783845661
 0.9059887821833387	-0.42306563064012714	 0.014135017828869278
-0.5824364521251805	 0.8049220615773461	-0.113438326953051
 0.514540750777268	 0.8476712973645941	 0.12923307399342931
 0.7540164550264723	-0.6141936723915917	 0.23286330398635569
-0.7858130288765273	-0.29564402174354565	-0.5432241674071581
-0.5471599072941912	-0.8055571090246549	-0.2273626617315434
 0.8009475918661916	 0.5938655901678317	-0.0762011541799823
 0.8634191645595614	 0.47779498078003746	 0.16192375555387994
 0.1681578976641428	 0.7412915427603013	 0.6497767078660392
 0.05949407980439403	 0.9924241328659212	 0.1074932322220934
 0.7240250088485526	-0.156356905553202	-0.6718186545844647
 0.6652000061828769	-0.18803172575750696	-0.7226015650986055
 0.1718964075349291	 0.08744161000899235	 0.9812265741996702
-0.14076196100886057	-0.30491654748852887	 0.9419193008961095
 0.5537422851464803	 0.8134919019098207	-0.17776503359180884
-0.25326874783822645	 0.9147811751890981	 0.31469086877141716
-0.9603790001512045	 0.27349265688684854	-0.05360916617095657
-0.14210169897187544	-0.5372315707528466	 0.8313779805453929
-0.6945865245358156	 0.6105307821431915	-0.3805282170731623
 0.35628775245859706	-0.9319955805798356	-0.06665789696395197
-0.9079871632697791	 0.41652242011056084	 0.04547949958542685
-0.7275841236030736	 0.05661685879354596	-0.6836781950458117
-0.1478975588577989	-0.7293915985892592	 0.6679178152971434
 0.3227888184321417	-0.9446161416284271	 0.059226038785364477
-0.25527668078192206	 0.6625173848007628	-0.7042048928300078
 0.7823121713400062	 0.26066920504251734	 0.5657201005053532
-0.7170621136191039	-0.2660010918055526	 0.6442556514073876
-0.3415724046413794	 0.43837227222466313	 0.8313591542360568
 0.0013087856447535169	 0.6511743377485899	-0.7589270511306219
-0.008867581479713563	-0.9814320633483664	 0.19160498696659412
 0.9812945340613716	 0.1776944429105664	 0.07406566262431569
 0.774135136934676	 0.2322830850917718	-0.5888627668170057
-0.47122710631755504	-0.2663761286765099	 0.8408262438476211
 0.27945799255586223	-0.9249713094084058	-0.25754865009925165
-0.5303891953932939	 0.31005154848192656	-0.7890217605960015
-0.721517434263287	 0.365302891235812	-0.5881890764957132
-0.4306194822382151	-0.2111305799105017	-0.8774911622025299
-0.22884279352845896	 0.9664311468008031	-0.11679817782557911
-0.9546753919409701	-0.22706331808167485	-0.19245037179516022
-0.2739935272606166	-0.9394072635220905	 0.20601344679710443
-0.24843675962607784	-0.9684270703399375	-0.020692653268741035
 0.037984933169366124	 0.9723898524671477	-0.23025012414988488
 0.014817360510042175	 0.8077596047609011	-0.5893257730186492
-0.7881917364346416	 0.601359041320388	-0.13084758323472578
 0.01236013158115333	-0.08415225623063945	 0.9963762466651789
-0.6785022035274548	-0.38489289918999686	 0.6256933881395161
-0.9195066728256199	 0.2359971496714276	 0.3143450714996501
 0.6570406036435583	-0.7536750730788147	 0.01647814866276054
 0.11192840512202906	 0.7167128223038597	 0.6883275110527509
 0.9224849801268429	 0.3849292016317245	 0.02917141017403191
-0.625723169838191	 0.7546483720414898	-0.19742428751998964
 0.7008944476411032	 0.08352003413498024	-0.7083582265802837
-0.050139997251973024	-0.24106652231118395	-0.9692125218425336
-0.8323601422133665	-0.5480750044983542	-0.08240378085181121
-0.1541802056399857	-0.5581408672190835	 0.8152957969527017
-0.46175475731714705	-0.4497095407351698	 0.7645546893890229
-0.0665013229143117	-0.7404312399828149	 0.6688341744469684
-0.9607055367640918	 0.2096541169468289	-0.1819066323091707
-0.5926182994622261	 0.4470570049898102	 0.6700325256523298
 0.07735017530076391	-0.03576495275257669	 0.996362292810977
-0.3095372378010573	-0.6593849616154667	 0.6851263903907521
-0.5783832724640661	 0.43748019028379365	-0.6885374886257203
-0.36216700341080094	-0.9316982958768867	-0.02780911901779959
-0.1541618761856866	-0.18456032792609156	-0.9706552432695774
 0.6014839447302556	-0.4035581721737238	-0.6894620119365056
-0.9055340800329982	 0.3515900784836554	 0.23747093845489542
 0.10324557658949869	-0.9322597277939982	 0.34674508049597796
-0.6505065964149827	 0.7571619130441626	 0.059556741481538555
-0.8829046741530329	-0.09369367615565236	 0.46010958630218357
 0.555050112533652	 0.7542703864930873	-0.35070722352975414
-0.98839738251538	-0.08750150210822373	 0.12415353948055663
 0.22874491852513917	 0.2126310783842876	-0.9499809402056771
 0.79756396235751	-0.30082992277977244	-0.5228700445702588
-0.20810936317744239	-0.07669758907051816	-0.975093827684623
-0.21355090422093972	-0.8971437167365955	-0.3866900086974918
-0.976804134122477	-0.20992034403514137	 0.04227449256236815
-0.852628565016725	-0.5215464911753668	-0.0318400323521113
 0.5763137759454969	-0.7758527246263414	-0.25673913091955036
 0.9720383139639676	 0.21503694006080795	 0.09434315341015354
-0.016956322569022027	-0.8173587001773744	-0.575879534598416
 0.8606907406056754	 0.4966987772680065	 0.11181133080382
 0.3428724967500928	-0.6615045971016592	-0.666970853175556
-0.5488413054239925	 0.002695525745160622	-0.835922218631282
 0.06523546694595511	 0.9939225909754477	-0.08866914345473331
 0.6763063629562278	-0.29284641529657274	-0.6759073016863084
-0.8163830645888779	 0.29200554019173874	-0.49824838820592565
-0.3436693043269954	 0.8332920531650796	-0.43303090351073714
 0.8141428772252974	 0.2932408622039163	 0.5011797803156248
-0.6329706312941437	-0.3994984745274425	 0.6631358448834896
 0.5011472375552566	 0.6707102977402756	-0.546808140754951
 0.03218769535481638	 0.5165089373281982	-0.8556766152746262
 0.6594004755409947	 0.7355175807784344	 0.15557924418812852
 0.10194733100003595	 0.5066318696478629	 0.8561138302580329
-0.19572869517313302	-0.8431956764552041	 0.5007108238225668
 0.908112785312387	-0.4172922176688538	 0.03461754215983781
-0.05600819173576949	-0.8471735386165169	-0.5283560143752111
-0.03663591156524362	-0.9428615257674468	 0.331164540993244
 0.2808835801330304	-0.8284857700583899	 0.48447470854773034
 0.5538395774199193	-0.7965968444597973	-0.24227090184340905
 0.1412294803993415	 0.40686568265457096	-0.9025045984061033
 0.795418958487132	-0.5903420272196143	 0.1371312195580654
-0.024802757085750415	-8.952104726555648E-4	-0.9996919634763275
-0.20433346918953418	-0.7001729896318917	-0.6841093611104212
-0.8402148811665494	 0.5207711737935972	 0.15111696798149543
-0.29334096028624085	 0.4048198768716455	-0.8660669421632325
-0.31569162863359185	-0.040312722949089684	 0.9480051054604612
-0.7769384591744035	-0.6270970723225325	-0.055820180402897934
 0.74128777363473	-0.53891817698259	 0.4000745370270731
 0.32792460016176034	 0.6723626080895941	-0.6636218651097237
 0.1372583945438331	-0.9030964342932046	 0.40691149344070987
-0.02293590931936183	 0.7652216581498685	 0.6433581879187205
-0.24794638543838482	 0.8526446639632992	 0.45991267319237106
 0.07607187706559823	 0.9756394339932009	-0.2057687156910475
-0.5542144001609198	-0.5156553734506798	-0.6534109996669109
 0.3956587137142784	-0.28782896016820125	-0.872128816144986
-0.597367270336101	-0.22743914503255847	 0.7690408179271464
 0.33262874972862283	 0.9367780571753227	-0.10865075447874806
 0.8883874840243724	-0.4221756107814061	 0.18037580738611303
 0.7253438006506843	-0.11811244561622974	-0.6781783106589103
-0.5178464031084014	 0.6118216771413648	 0.5979208460721357
-0.11540336501441635	 0.8249463698324511	-0.5533042113011704
-0.28235983283613114	-0.9006358526421733	-0.33034525232891965
-0.26237612504557745	-0.0366292819828151	-0.9642702239038032
-0.3711752884977286	 0.37296265241788046	 0.8503691934154525
 0.8558471533932577	-0.13257020756114749	-0.49995078767399903
 0.9794731009690575	 0.07613934844715782	 0.18664202124950502
 0.668193728931946	-0.742737344753726	-0.04310890075385765
-0.3429907577603027	 0.21336603349504515	 0.9147853714624019
-0.6542592310390186	 0.7380033726933566	 0.16521464975438094
-0.47444166544381156	 0.25178826520284814	 0.8435092030304367
 0.4108998971729034	 0.6982792361675528	 0.5861462128518415
-0.40417998800708566	-0.8557055456759625	 0.32312003403378653
-0.6293921940201308	-0.644900448208646	 0.4335537775257108
 0.3656438669896202	 0.782263324331733	-0.504349733754607
 0.056543744541625474	-0.6633993745981845	-0.7461260448047295
-0.741370508527136	-0.47367661946545225	 0.47539481408403783
 0.7237903068387634	-0.030275762153868003	-0.6893554743035344
 0.21354818544211732	-0.43829866320955346	-0.8730930387553766
-0.529479238430009	-0.02265066872837291	 0.8480204497992576
 0.6104456053081995	-0.7695242956158374	 0.1875860373718028
-0.3138440425679275	 0.9343342205391417	 0.16888304022054834
 0.778668045360402	 0.05995773806225614	 0.6245647642807499
-0.6997827675779135	 0.36675195209888595	-0.6130229064502013
 0.4451518182684124	-0.5834141180383744	-0.6793142318293
-0.15351366852206452	-0.6986095655044886	 0.6988406317341083
-0.12646575124441975	-0.8830427178531719	 0.4519313799778326
-0.33692028073947683	 0.14767268028389108	-0.9298803707597036
-0.6413201385164272	 0.15599458760298182	-0.7512484067017022
-0.6174699213463992	 0.43129349645470677	-0.6578121435093347
 0.6759090366598858	 0.7013772963432243	 0.2263114277622187
 0.34415441699356664	 0.013171046421120445	 0.9388206755286075
 0.5474345637562424	-0.6068452529782214	-0.5762414748547791
 0.2817057050642518	 0.8670178989951225	-0.4110010444711014
-0.20390335284706249	-0.935111083256116	-0.28981146400599767
 0.5044577761393421	-0.3687192433966248	 0.7807486609924925
 0.953688796643252	 0.2201801650079099	-0.2049350484769148
-0.9506951504674014	-0.30932790322049253	 0.02224812726902292
-0.44278108096652763	-0.44819755371668063	-0.7765718686512515
-0.8267106168467767	 0.38500931741830396	 0.4102650137337007
 0.44329470838965473	-0.6079566005610167	-0.6586945979344474
-0.0041771105356964286	 0.8704092829373403	 0.49231111293985386
 0.5901133717788803	 0.8071679776451046	-0.015686437201381187
 0.23351632950763426	-0.1679811079435011	 0.9577329853499648
 0.6691664677168124	 0.5234346286263223	-0.5274774194581493
 0.19988302711582065	-0.6899462431882192	-0.6957161468454494
 0.40746904377773707	-0.677110298744967	-0.612772895693305
 0.5589207296837402	 0.4453950842203558	-0.6994503820015667
 0.5938244216306106	-0.673855714018871	-0.4396487608980473
-0.321687203616114	 0.505001251658459	 0.8009313821127466
 0.10095685098506046	-0.6815334203628017	 0.7247895633684034
 0.5681711058345862	 0.3773625920419904	-0.7312859007406431
 0.6699815308061472	-0.6525043531177823	 0.3540661202953428
-0.5241993498004287	-0.3509433409255943	-0.7759212673517784
 0.5925980677956136	-0.4920651609008564	-0.6377298859803573
-0.9213548252047007	-0.3040028292239684	-0.24225516691257187
 0.8616537136647412	 0.21502346595120803	-0.45969314419304763
 0.39599260445134726	 0.5112854803571268	-0.7627430857083013
-0.7260932425446133	 0.6755921876537856	-0.12792106594389163
-0.9078677454940718	-0.1733132406350576	 0.38175735397250143
 0.7059446410074983	 0.678164418008931	 0.20429191364173516
 0.9779575783993968	 0.20866590826786235	-0.00758377069376559
-0.3988717671217364	-0.30769282048144325	-0.8638439914807288
-0.6875057516547279	 0.6979556321324641	-0.2004838572460137
 0.07563370046402203	 0.8319540311091841	-0.5496653831880787
-0.8512294466730238	-0.5100503316922226	 0.12351958653343798
 0.36718701836993795	 0.10617749906615236	 0.9240671145715835
 0.9215187899607064	 0.17577970801759818	 0.34627245630948433
 0.005142166111930758	-0.34258440306097876	 0.9394729825317119
 0.32382274540526373	-0.8321562210877351	-0.45017202630014475
 0.37654441279532774	 0.925286469530079	-0.045379009433702766
 0.24653166659164627	 0.3698186302119428	-0.8957992621763582
-0.4749195762040307	-0.7849004461160174	-0.3979732224975203
 0.6077388621954847	-0.6388748065159869	 0.4716910609461431
-0.8661260133497273	 0.4971983900470901	-0.051180952838823845
-0.44525589516576763	-0.894309482243362	 0.04424633080539686
-0.5869580219039152	-0.3758171047781902	-0.7171065362125641
-0.8669056944085388	 0.2311177436690493	 0.44165496211791466
-0.0344544846859671	 0.730585892218886	 0.6819509825315591
-0.3070744794664169	-0.8758852274217364	 0.3721966314259202
 0.7320711152071364	-0.36150459313558597	 0.5773961477367633
 0.43148204544048563	 0.12297769981656381	 0.8937000222727545
-0.745854435618582	-0.48428326810852723	-0.4573520275435661
 0.6587139928265888	-0.24382985348467348	 0.7117885066535532
 0.3655824432041516	-0.6982225071301865	 0.615495578991206
-0.09523308222471734	 0.13263642229654526	-0.98657905893565
-0.4365358654787919	-0.8091705197606711	-0.3932931579635315
 0.4347749467117577	 0.5098122282511882	-0.7423356637245355
 0.31640350313878546	 0.03904500509655699	-0.9478208220853319
-0.7250887190190642	-0.16724645249653325	-0.6680381528615094
 0.6620463521058049	 0.15387362772932672	 0.7334967855095298
 0.8090104159711904	-0.25209658205942403	 0.5309891337532977
-0.10006936327705353	-0.18217399396407358	-0.9781609062196785
 0.8691783308125531	-0.48900870727367407	-0.07348138169927299
-0.28777200337297204	-0.6612625287743112	 0.6927619664168274
-0.9823670706475826	 0.13489014806603336	-0.12945882149166632
 0.03957591478180143	-0.9484480348858694	 0.31445201874104134
 0.14969176062019088	 0.7779605474491734	 0.6102210774916004
 0.8324074940335138	 0.5273257690611587	-0.17036812249039768
-0.42664091308334523	 0.5628852675984836	-0.7079108042712676
-0.30717646649171776	-0.7894839627922644	 0.5313734006586002
-0.052071571458785555	-0.09401692295879682	 0.9942079106721955
 0.5954757093023468	-0.34746104357835916	-0.7243476394841806
 0.509231449788589	-0.14179884836342818	 0.848867726532831
 0.5088871064119614	 0.7155527878925255	 0.47855837749108043
-0.5831417496101989	 0.11132836474706101	 0.8047059680804545
-0.6097466326927564	-0.09930757442468732	-0.7863504623141835
-0.5509337288369899	 0.8249879773459878	 0.12596373948222483
-0.5077872630928452	 0.6588648354875062	 0.5550218229932038
-0.6553680190299715	 0.3635278825592587	-0.662072683498355
-0.6656357133840963	-0.7177850770208758	 0.20423927211430382
 0.02194601273100843	-0.048688044052512355	-0.9985729051459142
 0.08886611605306455	 0.7907537270296656	-0.6056495328210336
-0.12114950961720292	-0.8165604326827497	-0.5644039830621961
-0.16378135655473955	-0.36065867435131643	-0.9182053081202701
-0.2505932396163053	 0.6758985608502431	-0.6930830857113561
 0.025160922295863884	 0.8555679179842469	 0.5170787809466972
-0.318424653630271	 0.93812963983048	-0.13608276463967006
 0.45845552695703573	-0.6799067262072268	-0.5723157987166854
 0.8421936479300369	-0.24693746457626464	-0.4793033986682582
 0.1993447530058881	-0.6327494673932361	-0.7482578305387773
 0.8133082456721301	 0.3305733718581949	 0.47880156990137945
-0.26534445402994633	-0.41260274937006625	-0.8714076496840109
-0.4211448528524112	-0.24164880548667067	-0.8742098533663334
-0.7271704236444184	 0.07434650203420268	 0.6824190593851225
 0.33741190799955123	 0.05335424078110348	-0.9398438856165285
-0.08377052019152433	-0.9960989816061578	 0.027736596583153084
 0.8953155774392273	-0.37908618710673275	-0.23388817742575663
-0.7110136947641145	-0.6929625794197559	-0.11942524599849613
 6.374434798340724E-4	 0.5973991417353797	-0.801943800474598
 0.4965644591914769	 0.2752298545823827	-0.823208518550699
 0.3847370322177877	-0.3968011513527587	 0.8333824226160365
 0.4943422468801577	-0.8506336615656426	 0.17901987811666387
 0.3363749712867229	-0.31806058747833615	-0.8863911898167716
 0.7251447610739467	-0.6180226309718428	-0.30366610461763766
 0.7665536453551077	-0.5159447204134725	-0.38235658000125916
-0.8153241647719981	-0.5202176130047725	-0.25420492020899244
 0.5511379399957821	-0.8094247209717434	-0.20267854394834428
 0.8624108271525167	-0.44164607327126193	-0.24737888182742518
 0.059204595275626284	-0.7540153045297684	 0.6541832590590575
 0.6204617794303403	 0.00709974896201771	-0.784204548463481
 0.7576002621056676	 0.025714099757029412	-0.6522121034840656
 0.35048620557499693	-0.6659718307870705	 0.6585141914186501
 0.5209673329231147	-0.6068083402555086	-0.6003138147863429
-0.1811288632526975	 0.9143902293552411	-0.36205364706967846
 0.02231807610936344	-0.44849991792183963	 0.8935041841552169
 0.8026923076298695	-0.4480315563823604	-0.3936404244452476
 0.7444537002788661	-0.6549787891256107	-0.12958191979073685
-0.6043798148062354	-0.6236690947329014	 0.49574378435823463
-0.8421989861826105	 0.5388186628339576	-0.019373080674196075
-0.22901698757944833	 0.1648696498570966	-0.959358753520305
 0.4170180863388052	-0.8278136305206709	 0.3752605878459754
-0.9976192460976049	 0.035752220622424495	 0.05897133656457032
 0.5186405814836661	-0.8334965305481672	-0.19051372864560934
 0.5697114331366409	 0.009959402558047142	-0.821784456688055
 0.2765170269249792	 0.960719347530958	-0.023593836064968787
-0.5527213460749884	 0.12187428935133779	 0.8244063143791169
 0.04872877208640406	 0.6015687821204789	-0.7973333726547729
-0.6982078240181202	 0.2114926015524218	 0.6839420399189322
-0.37776848578558275	 0.44758969522578235	 0.8105272579469238
 0.1649829607971858	 0.6981610028491334	-0.6966719721269736
 0.7079388520734654	-0.1619007089771761	 0.687466902590657
-0.08490684094629602	 0.10836958287152482	-0.9904780976219374
 0.9160835244356169	-0.3891358980828899	-0.09676894688298154
-0.054356315789902875	 0.9947800260083212	-0.08636023847021379
 0.24960359004201702	-0.7787402073413393	 0.5755534182924333
-0.42889488044997764	 0.8083020622761793	 0.40335710932605995
 0.786645278175484	 0.0977792203380438	 0.6096133449936112
-0.641768203965323	-0.044920072348354996	-0.7655819743693957
 0.5623953650892456	 0.5918960082421635	-0.577382515108595
-0.9940984604710277	 0.043808708142614866	 0.09924236988306845
-0.8236143569208056	-0.47247969754402563	 0.3137233279222853
 0.25782891752705667	-0.7416148564280003	-0.6192993250538086
 0.5797618432783093	-0.7757581441678126	-0.24914956719980164
-0.3989895407044234	-0.8635741079788952	-0.30829710740927907
 0.6642802574559639	 0.5727944682362498	-0.4802480991239737
 0.7868552707610422	-0.5669940523969224	-0.24367299280405086
 0.8815550354385444	 0.22120371642416484	 0.41704872057480813
 0.5435455176866695	-0.27164067758902544	-0.7942100556412677
-0.7370670175840952	-0.6750500372956961	-0.032243739497247015
-0.09428101144494083	-0.3202135023202196	 0.9426422459304153
-0.5935573346419724	-0.6377826824488344	-0.49083901684879017
 0.7361936342186711	 0.6640002987806916	-0.13085310907677217
-0.8136815374342367	 0.5737801539307574	-0.0932667711130446
-0.1405799996116912	-0.13459218648992075	 0.980878283501597
-0.24246559443512658	-0.95784473913021	 0.15409052935142054
 0.7746229629081681	-0.6253746404048259	 0.09415850717755392
-0.10948167145344366	 0.5280180307417114	-0.8421464972481958
-0.26620977965546544	 0.5286373313117716	 0.8060241467594855
 0.6453635147496123	 0.7544602121810423	 0.11956471915144351
 0.6370794391550156	 0.7003162324770678	-0.32200460048740975
 0.2648361150802119	 0.3479460807855595	-0.8993305048841553
-0.6925623382448118	 0.7157218336932788	 0.08999813564518755
-0.7244637669300419	-0.35162515242410675	 0.5928844765957848
-0.5890688015103714	-0.7610606614280695	-0.2716332393390104
 0.6156974778837795	 0.06974035848550741	-0.7848903733171058
-0.5824153102280977	 0.31810339434962237	-0.7480659308611493
 0.4068520383174601	 0.9132887676557426	 0.019366099007874782
 0.7125410965907666	-0.6229683814867765	 0.3227934034904898
 0.9219207250793922	 0.22950795181776903	 0.31207094821770975
 0.9882113742059353	-0.10987960551258671	-0.10660559170332062
-0.7110637499282786	-0.33772006981675656	-0.616711843554913
 0.3917974396081147	-0.8240379318176648	 0.40921418993259673
 0.398838577881137	 0.06690808879402682	-0.9145770041104702
 0.8995582986830255	-0.13217581345377713	 0.4163224971201207
-0.39492559350468726	-0.899719709718593	-0.1858446112720551
-0.045103274251494636	 0.2907435853645375	 0.9557373395557842
-0.4687373617508533	-0.05269180320848991	-0.8817646282163327
-0.9844105352154153	-0.15583967322715098	 0.08154688470661853
 0.20276559374562486	-0.9742194294612843	-0.09890711426947041
-0.3265606877251965	 0.39788001118796973	 0.8573503449171218
-0.9686196467704871	 0.24739029249046457	-0.02395877859364326
-0.1067409866459611	-0.6703250496199727	-0.7343505223133076
-0.20022503436304137	-0.7759432414785488	 0.5981822645465857
 0.47279352035335875	-0.7888799603858697	-0.39259991749039735
 0.8253356791183827	-0.22016684225159092	 0.5199495921213528
-0.687109235895961	 0.7054084839964997	 0.17401082912344457
 0.9801081523567573	 0.16930665575307524	 0.10355320372413934
-0.6517825574957127	-0.009684036719642283	-0.7583440625317512
-0.02473618201039947	-0.37280202335092905	-0.9275811407553529
 0.39981330291961636	-0.5005640471876251	 0.7678443575827409
 0.21431617454586865	-0.8888630116941239	-0.4049581753342888
 0.8001774919018522	-0.20738248931538855	 0.5627685888347129
 0.0409223998744974	 0.9011860434501697	-0.4314963178048459
-0.1872739304464192	-0.5142119809255994	-0.8369674507695748
 0.6039009550748824	-0.06035940801104285	-0.7947706451072545
-0.31318334833925243	 0.4294182037670978	-0.8470632777995124
-0.738170628869985	 0.0017437266303627367	-0.6746118010316224
-0.8793710814425167	 0.3998052208801718	 0.2585774284031297
 0.9620168997988702	-0.24584585301074358	 0.11867308481197614
 0.5023607840519303	-0.28192406272802323	-0.8174059367912956
 0.21429922861280581	 0.7981772438279316	 0.5630176978134906
 0.4051645174361837	-0.33033887865230654	 0.8524775299451834
-0.2271697602490028	 0.5160934081008881	-0.8258580351024143
-0.8770794642527671	 0.05599742841028529	-0.47707012209686117
-0.47266836111943783	-0.8254240420106599	 0.3086418171075478
 0.9810533178711851	-0.19371705033184897	 0.002844627333650429
 0.42721228948263035	 0.2950063473403124	 0.8546700619209358
 0.11794245494510942	 0.545233820410322	-0.8299455755664256
-0.9723867541953061	 0.1461827199065006	-0.18191924765195977
-0.9840240948510431	 0.14159096983764077	-0.10792857829611968
-0.2714095049216024	 0.9612543074800303	 0.04823937177553472
 0.33432953637822316	 0.7916547206697683	-0.5113771253648263
 0.2659230850155463	 0.44818610585370616	-0.8534718081902324
-0.02602218325904447	-0.30541271403311926	 0.9518644441754072
 0.8109169566315039	-0.22993005043136186	-0.538094658360526
-0.004425531989788728	-0.696780744514332	-0.7172705268869346
 0.03169153976255418	 0.04896871732927534	-0.9982974061023118
 0.7040931376493238	-0.5110356398016782	-0.4930470853454261
-0.8934916338718537	 0.4432416293148321	 0.0721772695752505
-0.37523381753471413	-0.4713932891764596	-0.7981152480047751
-0.029709152774166553	-0.8583763642617194	 0.5121595293639212
 0.08634691350511818	 0.7135262247346693	 0.6952873773800512
-0.8608442559211179	-0.05815958543750974	-0.5055340044639469
-0.20393534298649263	 0.847596398675241	 0.4898884779556911
 0.9362790888633221	-0.3485432912324228	 0.04357799782158356
 0.3201425466572679	-0.9441973687227964	-0.07746017503689795
-0.774192465483056	-0.530277758361714	-0.3455886649995088
 0.4174501323032742	-0.8080967857563988	-0.4155899083112531
-0.6845195439766675	 0.21737169445531168	 0.695832264531907
-0.4508848977051852	 0.6528132879608227	 0.6087180136016714
 0.930275527171902	 0.08821471668231341	-0.35609774964986673
 0.11131615269238225	-0.810481263346081	 0.5750902850115855
 0.7355129156960295	 0.28712067662349416	 0.6136631550774352
 0.14194453050908615	 0.8630822070370234	 0.48470697762117654
 0.3616608179649882	 0.9210275945648545	 0.14460160026422142
-0.6194759453451489	 0.7845170128188136	 0.027975162851709312
 0.15337497185843552	 0.650613186496121	 0.7437597727524579
-0.051497825442961276	-0.5931398625585577	-0.803450731170656
-0.4818518974674813	 0.8226436044510492	 0.3017884175424459
 0.5125564298705202	-0.26755646660139254	-0.8159040650579972
-0.4084386658772842	-0.3821581622483301	-0.8289348558501826
-0.0024476113603446917	 0.8798326683709043	 0.47527727156467625
 0.01087634075281824	-0.9021286610889913	 0.43133001756614675
 0.2747656159841699	-0.05401041322357083	-0.9599930893169277
 0.8678944690330338	 0.36871232814371174	-0.33288197562606525
 0.5209103689640027	-0.575859588836016	 0.6301096106642092
 0.8852917190572667	 0.14271272967616191	 0.44259648547747
-0.4259010544435448	-0.847009256770449	 0.31809371381567453
 0.45581872086509395	-0.6723515230444379	 0.5832432795744278
-0.7659917421681127	-0.5205721340618437	-0.37717542890352407
-0.6940890862404411	-0.6233350705911899	 0.360130157211231
 0.5364242548321649	 0.12616718074111902	 0.834464415857018
-0.6912758219083189	 0.041412211649048056	 0.7214033315499122
-0.0629142183262669	 0.8525302272281616	-0.5188776472297625
-0.466625435242917	-0.8673470607339913	-0.17311781947698068
 0.5981675762472933	-0.33549388560056126	-0.7277632880621803
-0.3795778326242556	-0.6224247166040904	-0.6844765453546164
-0.4989579023404843	-0.5227516015630815	-0.691210369392139
 0.9158650225609953	 0.40049678951940143	-0.02817058810177575
-0.26300565968401274	-0.42112668512729334	 0.8680324521859046
-0.8253870795749941	 0.5091663458074671	-0.24389711184787144
-0.6991418380519813	 0.2967816472002461	 0.650477781457911
 0.8646023020983826	-0.16319315881258994	-0.4752166370435127
 0.1827640946907237	 0.0721351107660127	-0.9805069155730903
 0.21462932217340516	 0.5471119987075074	-0.8090752220490138
-0.4924906558540978	 0.6894886394456715	-0.5310916775583638
-0.8908275335514156	 0.11783194532168369	-0.4387960096997341
 0.356767565416055	-0.6422837408512666	-0.6783719484952218
-0.1792288809840897	 0.7517057704597719	 0.6346774321485456
 0.8500929172788071	 0.14000151396221422	-0.5076825859537584
 0.8581089683818542	 0.45383694167132654	-0.24016875058393183
 0.22997096207265805	-0.15857371965513808	-0.9601915080014558
-0.5807091567307289	-0.37940303337814024	 0.7202986974530439
 0.23699364431783623	-0.952760289622296	 0.18995221260040518
 0.8947917561799641	-0.046516209927547	-0.4440540004170126
 0.5428266666558245	 0.6941308280518959	-0.47278071398410026
 0.40605138200043395	-0.5565111015463746	 0.7248569990219991
-0.3929252567174607	-0.3076822641149436	-0.8665687318283644
-0.2956542183181024	-0.9524960868676281	 0.07307385094934982
-0.5213877546006062	 0.7508598174046885	-0.4054187267006
 0.030726861604721406	-0.06789243044100735	-0.9972193729890817
-0.04117095499613688	 0.043193397694202974	-0.9982180537639742
 0.35018413198708037	 0.5124706741698966	-0.7840566827853117
-0.7538573533352205	-0.562253122107123	 0.3399566406223138
 0.8315987074453564	-0.1266153105074714	-0.540751470566941
-0.3184786679502436	-0.9478536515955331	-0.012033005345804426
-0.5693419536884268	 0.15418871252014937	 0.80751196938598
-0.6737512749048984	 0.5888477659637165	 0.4464499166575844
-0.11259346375425004	-0.5846346870070753	-0.8034457011322915
-0.15585756696682845	-0.47747254785930876	 0.8647128915772684
 0.43073118285017375	 0.31119856226029957	-0.8471281502627643
 0.8137013223888044	-0.20380645082234092	-0.5443832184646327
 0.11935396549167944	 0.22826066997959432	 0.9662565381211543
-0.8749274384126209	 0.1264532249933203	 0.4674522001248025
 0.39954820143082465	-0.0840837696240842	 0.9128478265402165
 0.2081746628499094	-0.06967851870132602	-0.9756065876053295
 0.7888257256877826	 0.253445294540828	 0.5599280821393549
-0.27507407499114644	 0.9499933849278824	-0.1478067043845761
-0.19242906167421023	-0.7168936792743221	 0.6701003722127816
 0.39889481789220443	 0.622471280739532	 0.6733590638828826
 0.24858998912068725	 0.941226087401065	-0.2286842139384777
-0.5425761431818443	-0.8322526262427445	-0.11387139659268852
 0.0731832223497203	 0.36160691089777486	-0.9294539568787041
 0.2524263030476181	 0.05833098545073567	-0.9658563338644408
 0.488226823124235	-0.8704597668858938	 0.06272450410304198
 0.10540664470734355	-0.8757028332772355	-0.47120482493472227
-0.08289594349929864	 0.3759914812898573	 0.9229077248288802
-0.3390884954911157	 0.935011106475252	 0.103794137568056
-0.5172724369604556	 0.6397724521447633	 0.5684368350464879
 0.7138097913721684	 0.4184279114759989	 0.5615992028475958
-0.21869456924196423	-0.45957417805236117	-0.8607928091309593
-0.35154759682160425	-0.7825025623083318	 0.5139105244591222
-0.6112332078725684	-0.5511721557986063	 0.567981707686195
 0.202818696453051	-0.07311873492713188	-0.9764825789391949
 0.0518194579279641	 0.4348458873244071	 0.89901267958639
-0.09718117767123424	-0.9416136491187447	 0.32236556034991315
 0.07871990846296537	-0.33775591035512653	-0.9379360964542105
-0.9937387949345312	-0.014467002474161614	 0.11078769463021709
-0.20382685103155826	-0.3340472843663233	 0.9202537838042524
 0.09858849631442029	 0.936895947206602	 0.3354195768024064
 0.6028158431518663	 0.5436864263784683	 0.5839675753129747
-0.8389880165443393	 0.5054276890980456	-0.20159850988537786
 0.07818237484235697	 0.6201422723807317	-0.7805838060519008
-0.590939557284628	-0.6064756121153562	-0.5319565504301569
-0.4450564743580046	-0.16985970679514947	 0.8792453665726585
 0.33262514975399876	 0.059020718709281474	 0.9412104252047837
-0.6171403852818201	 0.2179317326377986	-0.7560710976910132
-0.9092429556856816	 0.38819910101188393	 0.15026212267078787
-0.18396845473341522	-0.7887747608222642	 0.5865065936140696
 0.9688345529809631	 0.22070888578625825	 0.11245975584699552
-0.583136611345785	 0.28814248816850774	 0.7595561855585249
-0.2619321081966306	-0.921321056314035	 0.28733096228575716
 0.14035603174719666	-0.8830065263618442	-0.4478835325780237
 0.34281327702949177	-0.9373262091812489	-0.06243904767219366
-0.5697127820281028	-0.730990182514109	 0.37560710731000424
 0.37006648602604164	-0.5022132161056786	 0.7815578554970377
-0.24290803161573127	 0.33158237698347953	 0.9116187884475377
 0.7240975134080423	-0.6655464877377094	 0.18091617875770294
 0.30444295974514624	 0.2839437335628241	-0.9092251868662786
-0.9865778787623942	 0.10673018790816678	 0.12358299286625951
-0.4607419903157834	 0.6797235481811533	 0.5706949416350857
-0.4761359406547609	 0.585185976867558	-0.6563931280066604
-0.36203215105997305	 0.5636913945011388	 0.7424181661060365
 0.8785115989753943	 0.4738195156612916	 0.06092977141098599
-0.31642409812039085	 0.9231175429504601	 0.21847149018991607
 0.18003250795615347	 0.1619302725120796	-0.9702406314534457
-0.9173754803127167	 0.3031648817069563	-0.2579016917754118
-0.45195289649833087	-0.26542759653364234	 0.851637698992443
 0.6125731913837974	-0.6072309249059803	 0.5059888230343603
 0.6798516264699833	 0.7155481914073888	-0.1606005970092672
-0.19322021293196306	 0.04367639805544614	 0.9801828000773269
-0.13913184747463983	 0.4358342810958993	-0.8892079669233257
-0.3883247013262174	 0.7882478823267954	-0.4773564730337554
-0.4438420931138661	 0.8949436031777758	 0.045608590325531884
-0.5684482294664994	-0.40226268447793134	-0.7176707762567807
-0.6207145549758349	-0.7456764230938687	-0.24223978468262608
 0.2862982033352381	 0.9362985198232477	 0.2034168639612015
-0.13881624190499073	-0.5643290402203128	 0.8137952969558104
 0.8610846729990049	-0.41004370617263936	 0.30066151225988813
-0.6713504654733417	-0.7376393206239121	 0.07194987962617261
-0.28518958920136717	-0.5283406402803555	 0.7997018607201682
 0.11570893489261916	-0.9684101675105229	 0.22089180575172196
 0.6269922679065516	-0.04794287011905895	-0.7775488262418935
 0.10053062988469477	 0.9256037489402785	 0.3648990167192676
 0.29126559425904075	 0.07798189800948553	-0.9534585345906585
-0.09507708513376706	 0.5461240196906351	 0.8322913570375516
 0.9752564408553486	 0.12958593101547403	 0.17911549640667812
 0.3724329710527943	-0.885908924730312	 0.2765123128469522
-0.5370758644591102	-0.06649009574938101	-0.8409093785793673
 0.75839216941294	 0.6449356226042305	 0.0943364196332892
 0.960710601691805	-0.09258740759854925	-0.2616538013313585
-0.8761696992185873	 0.43705162329229325	 0.20325485664254517
-0.09486445745835685	 0.6989144985553498	-0.7088859276500385
-0.2648836234495735	-0.6633827252328386	-0.6998285689301893
-0.8994010974983203	-0.24475144574998725	 0.3621800596693694
-0.4071776815330048	-0.9034830956523796	-0.13388290231317823
 0.07385947277768011	 0.9083364382394322	-0.4116669688565082
 0.7484654416469013	 0.25249050123828937	-0.6132275511135701
-0.76662822397648	-0.605442160841559	 0.2138245918461481
-0.4849907413652765	 0.6985252111081198	 0.5261620570093555
-0.4849421487681604	 0.6952192398009264	-0.5305669806525295
 0.3472614550690439	-0.8811302243548192	 0.3209657451376333
 0.25050384806664405	 0.9480568835198315	 0.1960509314297394
 0.9890527549252394	-0.029753926544960185	-0.14453149078990246
 0.6423143548582556	 0.22570412402346965	-0.7324547207451264
-0.6451996099609001	 0.3712483529299155	-0.667751543429985
-0.09087331583933787	-0.9137285565431504	-0.39603303577597493
-0.12459569330146686	 0.2026988210188851	 0.9712821944050456
-0.5254706517470139	 0.8400353585071575	-0.1349858904119976
-0.9681349744507938	 0.01806102951354347	-0.24977684131654732
 0.3042367506387591	-0.9120442129121415	 0.27498245990288517
 0.8973195787910235	 0.25704280120994016	-0.3588127253379503
-0.7088403485073408	-0.5396203709616776	 0.45426337687642526
 0.22589063265028625	 0.6728374287874387	 0.7044595208410216
-0.4386057694593919	 0.813815543810536	-0.38122072300610355
 0.40923614977327	 0.8969948363833196	 0.1671108530898322
 0.2649157961947626	 0.20408756805198097	-0.9424265942200076
 0.2618314518172088	-0.8566092484449737	 0.4445951937637542
-0.7318688216118434	-0.3411522091245617	-0.5899010070867172
-0.23468864389909946	-0.17617124003342433	 0.955973291786903
 0.19524238458990784	-0.28450625217054765	 0.9385822306732188
 0.834504636016922	 0.11675841358755444	 0.5384881478015853
 0.5711447148940662	 0.7741783347776502	-0.2728399175514469
 0.5257520713634306	-0.4605085040215465	-0.7152039409713145
 0.7254452002638893	 0.4288800508794395	 0.5383225458512162
 0.3179319474047184	-0.632576863959585	 0.706233522287423
-0.7762769044162187	 0.6251038837644808	-0.0814819131619744
-0.29813179990880123	-0.6127082347103735	-0.7319194279435657
 0.24170264884388468	-0.2721902629874271	-0.9313926617043347
-0.7724585475281679	-0.3211855056326785	 0.5478573384761345
-0.19088227483762324	 0.02914812347315244	 0.9811800772798069
-0.8674108186034725	-0.1778322104768906	-0.46473021925258595
 0.09154019311905841	 0.9138595820380997	 0.3955768665643571
 0.19047485254340604	-0.3357303023230976	 0.9224990485906255
 0.3611488756627552	 0.9029849337339233	 0.23278681031594073
-0.7865853635508092	-0.4914123510251389	-0.373894861033937
 0.8849304225174532	 0.31149727211291534	 0.3462190011673163
-0.7854462334332746	 0.5717991781790722	 0.23689642086620832
-0.5057895809255337	 0.7931174312839412	-0.33932527170951454
-0.23600287579285323	-0.7550732455977517	 0.6116919456719865
-0.33000333177392566	-0.16569323051825333	-0.9293242460941893
 0.7944898973812746	-0.09982822222023296	-0.5990159672391375
 0.8325146473698456	 0.5274781835303242	-0.1693697960505689
 0.6025164801698275	-0.7964807153017676	-0.0509152361886549
 0.4088064801093147	 0.6935790275099796	 0.5931487118918353
 0.38068084205067165	-0.877532188745692	-0.2915807850507075
 0.02068232871111931	-0.9648866267347082	-0.2618511768688492
 0.3707860080789096	-0.10473655544291924	-0.9227935793918698
 0.7202074250713021	-0.6688542285662432	 0.18421532455585932
-0.20971293349819206	 0.8922685664421974	 0.3998465841579355
 0.5072738571593365	-0.6909853009305527	-0.5149879102858654
-0.5097654614591459	 0.3995367002875709	 0.7619118055435705
 0.02474323878475821	-0.7258870024353334	 0.6873687742615944
 0.5425509502424115	 0.10618080849303542	-0.833285126651629
-0.5126627068565959	 0.19562879324115914	-0.836006174769945
 0.7392441044392679	-0.6019305014825679	-0.30198977704009944
 0.8234133528819187	-0.006414080276716601	-0.5674057717982439
-0.13037943743837935	 0.7516542601668184	-0.6465424003623619
 0.9649932301164176	 0.20347186860715297	-0.165490980162051
-0.8513269421876166	-0.36581788225903034	 0.37605812652434545
-0.9913662281377722	 0.015468841791023293	-0.13020643855635838
-0.7627860047683879	 0.6361887238345868	 0.11585084632923848
-0.20007130479810037	-0.12309785926170863	 0.9720176901896231
-0.02279077022379032	 0.6917945159318234	 0.7217346662862056
-0.1719892578612532	 0.8139641455807124	 0.5548712146880537
 0.41764008099850963	-0.8599514977363855	 0.29336016137932863
-0.62167766693727	 0.2939982944607078	-0.7260040504608962
-0.8527092720770533	 0.08384610510727848	 0.5156129633476656
 0.5610802958622536	-0.5469761246546292	 0.621293827953352
 0.6572824537112537	-0.10199222018354441	-0.746711030496634
 0.8847875110434547	 0.41833990909777596	 0.2052870691436588
-0.6636699613113762	-0.7411565506614164	 0.1011392597591445
-0.3621221463743801	-0.6869400046980351	-0.6300642673971246
-0.45076996902174465	-0.7622384567508239	 0.46454167743944974
 0.012133281974018854	 0.986110815591119	 0.16564493002430591
 0.2580864408449329	 0.7480785009342662	-0.6113672754506378
 0.09908701341440486	-0.9889775566699912	 0.11002343466583753
 0.43433863837723713	 0.8988275386951899	 0.058813288428333665
-0.21349875291604767	-0.9167142402630152	-0.3377177581980184
 0.2857151401560732	 0.8971496026340172	-0.33688195140022015
 0.36159962039153504	-0.29632074043731066	 0.8839907993409104
 0.30666112389269506	 0.4015238368847736	-0.86298178631197
-0.8899757919300457	-0.2662108900691822	 0.3702362107993513
 0.38100764171885115	 0.4700050987133605	-0.7961961970113169
-0.43377459806292806	 0.4315680199829045	-0.7909416174430199
-0.12955909990408954	-0.3668129561719151	-0.9212289046792133
 0.8209880467341575	 0.1949374545473339	-0.5366358317651172
 0.9485628850713623	 0.2247025035579827	 0.2230184699971467
-0.13368243281291226	 0.873372078301239	 0.4683483959628727
-0.699411266635856	-0.6007054536492883	-0.3872684315288695
-0.3842008598828619	 0.20048681898147333	-0.9012184722252199
-0.46266466418172025	 0.18232403953651022	-0.8675824762664961
 0.8479163221456011	 0.5233767490352367	 0.08434861711008779
-0.9882669308958796	 0.12009174483301044	-0.09437396950749677
 0.8250895071145042	 0.05368775127885508	-0.5624454912364081
-0.7624055251941847	-0.060418973877196996	 0.644272739411661
-0.10488598275424808	-0.9886529475328705	 0.10753734214793909
 0.8106652465540836	 0.1239420677780533	-0.5722414017390802
-0.9707964725708984	 0.22454540778998092	 0.08446045633509125
-0.6982236902784716	-0.01782075564333721	 0.715657808594452
-0.3754751327941744	-0.6636159160099623	-0.647018037361754
 0.6924154253558152	 0.7063285547779488	-0.14717625975210735
-0.2792156892769181	 0.6874879941401716	-0.6703721778047913
 0.06880581222924202	 0.9852532055009319	-0.15665848605681343
-0.36729605818845223	 0.5915793890786252	 0.7177237853496188
 0.027986169156491016	 0.9677982327843113	-0.2501666543636629
 0.3481231336350908	-0.15146743343924018	-0.9251312882155776
-0.6673746160732479	 0.20058235997492807	 0.71720139339517
-0.5841026811266476	 0.7895506073145809	-0.18823893430913285
 0.30851999483905496	 0.8939853056280129	 0.3249702849580218
-0.833403836828692	-0.525059437457749	-0.17248371487119263
 0.5793095212628088	 0.34182451708362516	 0.7399705927229823
 0.8607135755369428	 0.20823029463245826	-0.4645560087693317
-0.23241218692702045	-0.05283097989984877	 0.9711814778560295
 0.05566808859384822	 0.7625080865203901	 0.6445793061395322
 0.5621379503028276	-0.7117937435423067	 0.42113013604272553
-0.37680307921053036	 0.8879032467555009	-0.26390768063567727
 0.9927934598881387	-0.027340860774090398	-0.11667743284573273
 0.09487905123367792	 0.8018290766380416	-0.5899729633591548
 0.033867100173744384	-0.5301285348371864	-0.8472406718738188
 0.9059128031132454	 0.009835353461466035	-0.42335004308230584
-0.13601304405055525	-0.8533208389728001	-0.5033328894706348
 0.5454391621377385	 0.5009327674371156	-0.6719839900728848
-0.18241278293827923	 0.9088362141687218	 0.37515638397364026
 0.6576624177505815	 0.0787271756089601	 0.7491876774874875
-0.01879293819902766	 0.11308087922199236	-0.9934080431666681
 0.6789828273076222	 0.7340035042833588	 0.014871984437095476
-0.7500070149317484	 0.1668388486178216	 0.6400424018336972
 0.8055633625147232	 0.5687612607711281	 0.16606714672086587
-0.5927706076775994	-0.34601547567392194	 0.727252567728488
 0.7352089100713504	 0.6739372259138438	 0.0726393425028744
 0.43998663063992316	 0.7932880141338385	-0.42083950799529113
 0.6328396944747314	-0.23291166407007452	-0.7384213416723797
-0.7093813591699513	 0.540021353676	-0.4529404208459795
 0.8302395837946559	-0.1815561420624296	 0.5270100575699515
 0.7502212173245917	 0.5960909719015074	 0.28608334151698545
 0.8856677462897176	-0.03314357048156892	-0.46313512814061686
 0.48841840417119065	-0.4265868972051012	-0.7612299794410307
 0.044962604517698464	-0.1507120007290466	-0.9875546855902375
-0.9859305914408405	-0.11734627759204923	 0.11904083331531301
 0.3484553066453131	 0.8045324913231356	 0.48094320836883564
-0.8428890871584632	 0.5249906031899698	-0.11799514104997866
-0.40205636362101077	 0.07302742754687494	-0.9126980197730985
-0.7862387982348518	-0.4412507131757314	 0.432581044744363
-0.6698528222891407	 0.5483223222835539	 0.500639418500824
-0.29878732871611363	-0.4454219541615596	-0.8439937292122417
 0.3179354109864978	 0.840759803135815	-0.4382237189745348
 0.7479084890618838	-0.6165854685899548	 0.24587649727632765
-0.9338357740442874	 0.35761795653647294	-0.007755274191410866
-0.5033791994219828	-0.4102816069727406	 0.7604461746692854
 0.09107581624860829	 0.6209735359749051	-0.7785223589040156
-0.547403448718667	-0.5338112904000814	-0.644511420048016
 0.7258548982076889	-0.6617400653303376	 0.18770922375979882
 0.7070787847842831	 0.6502391013637275	-0.2779005274656272
 0.5308118491647945	 0.17395551778018206	 0.8294445482490558
 0.06743482602552801	 0.4298000448045435	 0.9004023910035552
 0.7273075212492834	-0.680142296221472	-0.09181626448950397
 0.532566594697086	-0.04494592055184959	 0.8451938750597383
-0.5687906453403329	 0.23086799207826694	 0.789415715581516
-0.1905327153977145	-0.9751722537584847	-0.11285548220078168
 0.4853234325838046	-0.1696247612531329	 0.857722919219774
 0.16644925407284492	-0.3078827977289397	-0.9367512095968675
-0.19905699156664344	 0.7361963222962654	-0.6468317317091752
 0.72620066691759	-0.0801330058589462	 0.682796670129884
-0.5702101073617732	 0.5716687950654168	 0.5899620515007127
 0.14963113533157194	 0.2733120033025859	 0.9502163291535839
 0.07681530400053815	 0.6515158019436507	 0.7547360922130508
-0.14991013111916004	-0.09913754714962217	 0.983716778007264
-0.575599881226957	-0.24368037118224872	 0.7805796906351039
-0.5246744379580771	-0.008172255114401165	-0.8512637361004642
 0.008823205341706079	 0.533617783701339	-0.845679733684785
 0.8118734841763088	 0.5188012364632643	 0.26778110974377767
-0.23882696000150938	-0.24988656804073936	 0.9383594121067143
-0.14496404759628814	 0.9890770900264594	-0.026682108036893748
 0.5892916404243965	-0.22927740279453096	 0.7747046115092631
 2.5316664210384506E-4	-0.6475287682246923	-0.7620409636155161
 0.9586619793531674	-0.2138927164984688	 0.18766223693533202
 0.3173801726204681	 0.06212464508662135	 0.9462612506598076
 0.2996406652122747	 0.3513210729567685	-0.8870112600455817
 0.14358875495915138	 0.6627266153725883	-0.7349664636744144
-0.44369361494072423	-0.8590973910085645	 0.25512281125589253
 0.2863428270490186	 0.8315980538545258	-0.47587021573422805
 0.6760578187480639	-0.4126694778541928	 0.610450430221126
-0.621415126847217	-0.41790527190279475	-0.66272047187431
 0.7065569326116664	 0.03832037923132426	-0.7066178949856567
 0.2286735021871253	 0.5922979846777112	 0.7725875528017498
-0.28498077594968096	 0.6919185770548456	 0.6633510684890132
 0.49885975061269827	-0.6896415426065383	 0.5249128422223166
-0.006549902215510162	 0.7380923133698002	 0.6746679447886819
 0.6876405832100462	-0.6825958860515429	 0.24741318612405583
-0.3044349867116366	 0.882902174643105	 0.35749557882072014
-0.6886223996851097	-0.5546133632795286	 0.4671222622865352
-0.3118324527865827	-0.7259735602924223	-0.6129624059805368
-0.5182726269389318	-0.16318269708621586	 0.8395027644608963
-0.03775455679103477	-0.5860985102922401	 0.8093597035155193
-0.12131730114199346	-0.4405422695089448	 0.8894968359806183
-0.5054574057868367	-0.22161332361911473	-0.8339066768708179
 0.5198469647688763	-0.14608992846816057	 0.84167503587831
-0.6452401010789287	 0.580565356329314	 0.49659750199721153
 0.7621144768358741	 0.5507731705846719	-0.3403387118170511
-0.02443463546411869	 0.9996888474314302	-0.0050156665513654275
 0.09498229094036548	 0.02781570947746653	 0.9950902726456454
-0.01679272022799723	 0.8419723677449908	-0.5392592479515192
 0.7496421700903264	-0.2542293777958024	-0.6110679506305543
 0.883878439403551	-0.45566118250036813	 0.10550730363301608
-0.570652575299069	 0.27690752636137467	 0.7730962812929352
 0.385805510999188	-0.5158259272668925	 0.7649037327938111
 0.4072656014082034	 0.045139796450261206	-0.9121935807086363
-0.46189872329107484	-0.00948495296894902	-0.8868819566826533
 0.17284898596396214	-0.7308276552177778	 0.6603136878939546
 0.9506805770191169	 0.2970371497390615	 0.08930493913268922
-0.2535132488612383	-0.9602419690138735	-0.11690335151816256
 0.0056143390513929275	-0.8136462567891838	-0.5813331643816353
-0.3708784372135585	-0.873544990768163	-0.3152274320453068
-0.32296600613424575	-0.4213950316766598	 0.8474191325193934
-0.4591944799999511	 0.8345096512655487	 0.304522694527398
-0.5296064682481229	-0.692165703399004	-0.49033012127332354
-0.9943607686691941	-0.09858466446288575	-0.03908613135563166
 0.6526130623336949	-0.2761618036586774	 0.7055712926922573
-0.5044259709057418	 0.14363223770947842	-0.8514248176829049
-0.7036487677417906	 0.07964060417093546	-0.7060706663095049
-0.8369085633369213	-0.21980696170788097	 0.5012673500220022
 0.04473768188666015	-0.992788968046143	-0.11121422905942535
-0.8899185824878509	 0.15912819224421734	 0.4274612672230098
-0.5291207857260725	 0.842831803345131	 0.09831452274520869
-0.05570919361926052	 0.32117028408133885	-0.9453814755797809
 0.5865949263102764	-0.7947722862590855	 0.15570293966893378
-0.4730891074321364	-0.6551355543020528	-0.5890535645579327
 0.4628693531909916	-0.7543514422092643	 0.46551677038894756
-0.31533034315869896	-0.5525580522916977	-0.7715221147387952
-0.9250962425126521	-0.3371989309308965	-0.17462480656548407
-0.42543268086767355	 0.5333901622786965	-0.7310964155527298
-0.3976019420248346	 0.6778512519631317	-0.6184095535404472
 0.1350795236948901	-0.7446321636329251	 0.6536638762863605
 0.5206815526917112	 0.4279373876809567	 0.7387559224204889
 0.09448522697855166	 0.9418818488662499	 0.3223835055630271
 0.35567847919867546	-0.05635838142207722	-0.9329075797089448
 0.8933908039022057	-0.020485566052852733	 0.44881311599201834
 0.6722295790170054	 0.5782557276055028	-0.4623069397987123
-0.8817402523745632	 0.23151402007106675	 0.4110175006650876
-0.04439288147857219	 0.9983879234817207	-0.03536702305661632
 0.6168843443102888	-0.2606823275623833	 0.7426294027585518
 0.8817073287946217	-0.44920706748482664	 0.14424006680369872
-0.708409311626996	 0.34553948312516375	-0.6154337598814028
 0.3264912611628867	 0.04008023905162739	-0.9443500573525858
-0.8368111913753974	-0.2475786748819068	-0.4883152974591387
 0.5563522430923376	 0.11394730992473313	 0.8230967088787571
-0.6091502654076514	 0.1746982872940752	-0.773573824899928
 0.5069238000241384	 0.045663387367901175	-0.8607805272095648
 0.6407505705158156	 0.5897315274472996	 0.4915846131830528
-0.42276590895240956	-0.8585829276473617	-0.2900074871104683
-0.5716206548165486	 0.7998291104345945	-0.18309347636796258
-0.5994317447700513	 0.09895940352355817	-0.7942849739332813
 0.3049504947125377	 0.8550931193995336	 0.419310091614969
-0.1071470733582792	 0.5749035921261594	-0.8111752982131508
 0.4997963282936056	-0.1942073551056768	 0.8440895292841204
-0.41478972491823074	 0.7337358246874371	 0.5381275161822754
-0.8298694934006476	-0.42239889593417573	 0.3645487575572599
-0.913425303599473	 0.407006243648882	 3.638338047347034E-4
 0.46202063544794497	-0.1717197613437437	 0.8700857750729665
 0.9440554278428851	 0.048905586497276804	-0.32614044945352094
 0.7445559170676751	-0.528500419730661	 0.4078281411379412
-0.8771100295516318	-0.11890099271731412	 0.4653391773650408
-0.09436852683914379	-0.3292879267437334	-0.9395020183283394
 0.8678548325717784	-0.47662709330929465	-0.14019487688693677
-0.7554535676213171	-0.31090813957439106	-0.5767374063771269
 0.11270463030230718	 0.7004800753085272	 0.7047164893800772
-0.07818015824400831	-0.9064127243568348	-0.4150949722424524
 0.34990309937992814	 0.3560825593896952	-0.8664715990399248
 0.5927291028116036	-0.7737041931761929	 0.2237275846687834
-0.9492384797256593	 0.2033607033169731	 0.2399806928787085
 0.5217776867615616	 0.28569156629271714	-0.8038211085477713
 0.10747620937464304	-0.9354774686124913	-0.33664635767645446
-0.311129328911583	-0.46954405146902034	 0.8262729115861696
-0.8774998089244068	-0.45752154947648	-0.14376410227268233
 0.06698881037386187	-0.05103709626993431	 0.9964475470836527
 0.19347247291524755	 0.8320780716204739	-0.5198215895405001
 0.38277745123524304	 0.18846669984683517	-0.9044123649501339
-0.12028208890749949	-0.441697180537472	-0.8890645757161266
 0.5632020556459022	-0.8199392249880555	-0.10248469076997324
 0.8837699886412856	 0.4053113105254016	 0.2338233280431259
 0.06814495986066373	-0.8494012385064249	 0.523329533343323
 0.20421036278539315	-0.7501500400068605	-0.6289459795632402
 0.7175932259178617	 0.6619751540169863	-0.2164459691955105
-0.43666851397655115	 0.10672136232664164	-0.8932699254562735
 0.7599844499273875	-0.2525463136967299	-0.5988689299894923
-0.5816938193592783	-0.28587960787543043	 0.7615150361747334
 0.09987650334627725	 0.45693059795551577	 0.8838773176925268
-0.09983948830084312	 0.8703651826776406	-0.48217893500063114
-0.35110425766854036	 0.9250261071652589	 0.1450948011119284
-0.994244161158591	 0.05437395694646662	-0.09231479192433545
 0.4105610207159574	-0.8361981835216116	 0.3636100193116636
 0.44473509464461586	 0.8598698826091009	-0.2506680685154288
 0.1600911263417149	 0.9866586277337287	 0.029590261662180817
-0.9773993940196269	 0.15359864941236598	-0.14525109111040524
-0.6616669661807133	 0.657757057375929	-0.3599339930284018
 0.004813776016251717	-0.49202281821490523	-0.8705689943458403
 0.275189519583868	 0.30467785044731754	-0.9118344892347525
 0.8097829695107935	-0.5848620653589701	 0.04677506594673231
 0.4447473172291	 0.7842302767233723	 0.4326461566776034
 0.9420770677624647	-0.3211951907151535	-0.09656318065149239
 0.7113366899403184	-0.42392334796372483	-0.5606149378994265
-0.08902593616229805	 0.6573721017416237	 0.7482889164902997
 0.8247396308067567	 0.5629218485747284	 0.05406971216813661
-0.4825453868633962	-0.6619570586511583	-0.5735527893043171
-0.5423073327211935	-0.2706102022741669	 0.7954073643749844
-0.494893060676305	 0.35936738854050004	 0.7911611331126045
-0.23208028402438494	 0.20545526121496238	 0.9507506915097419
 0.07894772750194984	 0.9786418963359703	-0.1898085747752558
-0.3838596107782817	-0.7112417707490175	-0.5888861882867928
 0.7272193892174794	 0.6857654222946284	 0.02962677051631002
 0.8347654132254776	-0.5506057457236739	 1.3288556921708938E-4
-0.14222874568567462	 0.7404242750667421	 0.6569192315593821
 0.1235811180647817	 0.964929116267654	 0.231602046270716
 0.4101788189472848	-0.8261760378762569	 0.3862466710874026
 0.797740327877924	-0.4255654268519503	-0.427205380052194
 0.044878627701032965	-0.1552054490749967	-0.9868622889507435
 0.7372710459167147	 0.45886589760949203	 0.4958563228031976
-0.5705877396218193	 0.8111406527422166	-0.12837629400396988
-0.2876269772151371	 0.4066244390459203	 0.867137409842681
-0.12425567255587645	-0.5528119013059336	-0.8239900057720395
 0.810243152438312	-0.3807263642569136	-0.4455933903084046
 0.8857878049837672	 0.05610574355673936	 0.4606865638175104
 0.723896248370967	-0.4482256117002432	 0.5244692770891182
-0.8559379847375351	 0.048775541443976944	-0.5147728750043983
-0.9363393920685125	 0.3131362811234579	 0.15878983690696158
 0.2371466764371861	-0.5630776468317447	-0.791647028348633
 0.12133927844150863	-0.9920855359814656	 0.03229657572657163
 0.9536397373762303	-0.13917972034946904	-0.2668337623698285
-0.14830414489351953	 0.12798347057944826	 0.9806253677454206
 0.6593890866085513	 0.5724168123846255	 0.4873859100968809
-0.9467536622759368	 0.31277163833931143	-0.0763636380592505
 0.7363582020792677	 0.060821030343374036	-0.6738526548872228
-0.6619243707511367	 0.42401353829835664	 0.6181170170327135
-0.20888566332516864	 0.940288535999424	-0.2687456952683416
 0.15513959318040424	 0.6765825457455418	-0.719838707920254
-0.3754672604400186	 0.4132626856875637	 0.8296012831209756
 0.9564283080889355	 0.249155371428589	-0.15220542820286642
 0.4669672964506978	 0.7697740748296571	-0.4351889449028683
 0.32826240089993897	 0.8288705437296209	-0.4530092911770909
 0.9379579656370158	-0.3454521339823157	 0.02996127208806154
 0.5229464325645408	 0.5841806631189268	-0.62069314601174
-0.3559116883025666	 0.8869365044806892	-0.2943985515405827
 0.6224814924785615	-0.7646228842458385	 0.1669390200319798
-0.8646599049894574	 0.4806462172720429	 0.14609059697906135
-0.39871512218515215	-0.286787662034029	 0.8710792663391402
-0.6139407739113266	 0.5950773990712108	 0.5186131653205541
 0.08397330959316542	-0.995581000332793	 0.04203516447363875
-0.192270238921537	-0.926641826932646	 0.32305894168709104
-0.5419112875265444	 0.6478659025681571	-0.5353521539518356
 0.6358013506943321	 0.47640872480891183	 0.607281952128671
-0.7350526115406492	-0.10471418996977841	-0.6698750605047517
 0.28181085972523523	-0.032473435791947614	-0.9589202862119406
 0.07829459887969739	-0.7995437744667482	 0.5954827524771251
-0.06840619632188957	-0.733317841671499	-0.6764359063437018
-0.8114079161054246	-0.011432773014117261	 0.5843684500233219
 0.8693560077904684	-0.24778349931267774	-0.4275786117043079
 0.8161851101031222	-0.46853079863187447	 0.33811352646608506
 0.7846262914324184	-0.45592598764100084	-0.4201107908475903
-0.029419146639114605	-0.6681484520708492	 0.7434461377977253
 0.431714782934531	-0.19402414665060752	-0.8808955538043624
-0.15958747397333647	-0.24369665765471363	-0.9566314740790891
-0.15687349753977342	 0.5099062777125736	 0.8458051156850179
 0.9974130798045965	-0.06912643385451064	-0.01971507994575794
-0.39704038666948444	-0.8869927398924065	-0.23580248245408275
 0.4098117259679275	 0.7455608394957315	 0.5255410391868636
-0.6559120955549582	 0.25030690034740555	 0.7121276420299787
 0.8667615678966122	-0.49178744339035085	-0.08288241635587745
 0.9831336541678846	 0.12815711034639177	-0.13047594839726195
-0.7888962437136229	 0.4262099513114322	-0.4427050870022198
 0.21722831525241065	-0.9715267330365378	-0.09459210351795311
 0.8508231691235959	-0.47959277654648624	 0.21468745554156854
 0.2793140475039778	-0.15621784434792418	-0.9474068017352595
 0.3253621098949275	-0.17033284494826953	 0.9301216153689527
-0.3436692787550649	-0.9292594802466876	 0.13552949941481174
 0.2904359540772493	 0.02418599687898201	-0.956588727789643
-0.46874952653160673	 0.7995146811693433	 0.3755664468121156
-0.967794208768126	-0.1928283790375459	-0.16183814665470364
 0.6314083325990393	-0.4083082538996798	 0.6592479710411672
 0.13572861805556094	-0.8202372033634636	-0.5556875673066763
 0.5772830406885496	 0.8075400494110636	-0.12092708352788173
-0.014919693420429715	 0.9875182758279272	-0.15679622971895224
 0.8252026565503965	-0.5619008913362885	-0.05751490187466923
-0.524753446436154	 0.8467414157273867	 0.08753739398313964
 0.817738032702079	-0.5679149732325723	 0.09368614118843888
-0.13518145732191347	 0.5542054924361186	-0.8213295597687709
 0.6889056341874926	-0.20312234041138147	-0.6958091275705798
 0.4198358192195666	-0.7112969959949013	-0.5637326213630578
 0.286357127697069	 0.6927643712430972	 0.6618739467249339
 0.1558182279637951	-0.7434302556471937	 0.650409205671761
 0.8975929087965011	-0.4343265201945094	-0.07541514392987914
 0.4287251253436255	-0.37079002585236587	 0.8238382873037005
 0.8520775160071954	-0.43115468960244346	-0.29676512657121323
 0.4518201395616905	 0.005002823145011056	 0.8920950247854957
 0.31510355333149254	 0.3029394520299526	-0.8994094946583893
 0.8712064847760573	-0.19184068580009045	 0.4518809712257159
 0.749906641802592	-0.6591833597706911	 0.055833025905663414
 0.5392580374536113	-0.3478580538387237	-0.7669390741259798
-0.6392152109962923	-0.7577407501091525	 0.13127402505821295
-0.025372383023087027	-0.5756610914719902	 0.8172946530750136
 0.1624169705293653	 0.16065433813939148	-0.9735558080156768
-0.2405696247411301	 0.25562141201246336	 0.9363674222081129
 0.517457159065088	 0.46844232512999145	 0.7161004654090761
 0.07968208539751784	-0.8136519314574255	 0.5758656958895048
-0.03990965839865304	 0.6213382155992137	 0.7825254251476357
-0.9557029203020996	 0.2870832875459492	 0.06492391037089762
 0.35038208118600683	-0.5594294434970531	-0.7511798019997209
 0.8741197464570621	 0.33641248923864353	 0.3503445531731597
-0.018293677995985816	-0.19172099088488323	-0.9812789628844072
-0.9215493967809439	-0.28233075187389095	-0.2665259008783234
-0.4563414151162513	 0.0036497021356332116	 0.8897972760826021
-0.8710416348845025	-0.020216472270824206	 0.49079299561694656
-0.9878748636833997	 0.1521832197240145	 0.030716792425913964
-0.13440797187017653	 0.9909169302851669	 0.004258447130998988
 0.45264189864825394	 0.868879932869734	-0.20040702044686576
 0.5997112353742702	 0.3786055495001521	-0.7049852991754897
-0.4076228553676882	-0.38233306054739696	 0.8292557136338303
-0.8073849058028353	 0.5605467342434719	 0.1841656119114672
-0.162237507310605	 0.8944884565677282	 0.41661660107192655
-0.5257059660815364	 0.4878425711365143	 0.6968808097610333
 0.21020918173654524	 0.7922302284880215	-0.5728729047384502
-0.15966112181767622	 0.6035371161036386	 0.7811858137890269
-0.5277651346779182	-0.13654165460201348	-0.8383438072634302
 0.12584584258526157	-0.3443621153596499	 0.9303642068615026
 0.3615172342713979	 0.02809223893982964	 0.9319421202178313
-0.47343304554077886	 0.07081648978729364	 0.8779784599659544
-0.14371024932994222	 0.8803132482923386	 0.45210170218493695
-0.7664936631743409	-0.6173534798119573	 0.17709360597618296
 0.7206617591643857	-0.549678726206672	-0.4224925168969309
-0.5728876038548523	-8.190280779091165E-4	-0.81963352941571
-0.8044967787791615	-0.05583062107037056	-0.5913272145647026
-0.8840372103863635	-0.36276082480833666	-0.2947588754162829
-0.5662519124997505	 0.4752954650220122	-0.6733891835483283
 0.6504136799626907	 0.5705521758406874	-0.5014302140486231
-0.15454644186309943	-0.9783756542269614	 0.13746445549094055
 0.2622932199897687	-0.8298796994627453	-0.4924448711957736
-0.6270684064494344	 0.7583474066874959	 0.178029279623652
-0.6877431563982306	 0.7214200282052324	-0.08100922004167566
-0.005608254523673893	 0.24255240691284238	 0.9701220940592914
-0.5278810706355255	 0.8476221915579947	-0.05364881772335428
 0.9662278898354821	-0.17470434813698996	-0.18942559395736547
-0.3073515241152343	 0.7577454837262046	-0.5756360156527582
-0.5389390855461935	-0.6423116728531524	 0.5449590599184655
 0.33922153585364684	 0.7353099006232492	-0.5867265970266904
-0.26242421012108696	 0.6673413263085982	 0.6969857158816131
 0.12804698945788975	 0.9670407182798688	 0.22008229751510355
-0.4442261117007958	 0.11754293137945447	-0.8881704909339856
 0.8213353116962455	 0.25225739285798726	 0.5116390461148586
-0.4620056474274668	 0.56992154618406	-0.6795146892748511
-0.10567786984050609	-0.8448187104291164	 0.5245126636553763
-0.8846853682014948	 0.46276042672496714	-0.05643214285770104
 0.6941356438015052	 0.6818335961319217	-0.23082169566589994
 0.11650347946828961	 0.7704161379866489	 0.6268061212221199
 0.366755600454003	 0.14538851585488488	-0.9188865593712521
 0.1228945522422042	-0.9637522776889731	 0.2368089446758812
-0.7571256249481897	 0.5248366473383487	 0.3889823667693111
 0.156191960768689	-0.7388722274299281	-0.6554936330155836
-0.46560103625876886	 0.24697786840783936	-0.8498338705602881
 0.010394537893161781	 0.7884585414311707	-0.6150000666879789
-0.9889105981105256	 0.14105389216411238	 0.046471802741421264
 0.6828994806315464	 0.6631576055854647	 0.30638258682131014
-0.07392975781095364	 0.9684637040049897	 0.23793369861150238
 0.021943449253512767	 0.1109610904502184	-0.9935824683643311
 0.6397726916774354	-0.730065630180006	 0.2401979987711802
-0.914198594307025	-0.019570881038064012	 0.40479366445443943
-0.08880324611733824	-0.9428868346972168	 0.3210582508419413
-0.4451169801220999	-0.8060847670706772	-0.3899977208953842
 0.07792501009768478	 0.9758038572732535	 0.2042902957360324
-0.28726683457380814	-0.6681933738253751	-0.686291032237641
 0.5083084114280556	-0.8430007294314306	-0.17598957085453248
 0.3655362742889505	 0.5921189495299183	-0.7181771242434132
 0.3000435144708957	 0.34239084559334665	 0.8903608247659072
 0.32921382058290466	-0.720529004280198	 0.6102919091125112
 0.38259630402325473	-0.2385180728726615	-0.8925968838511913
 0.959245088974017	 0.06506292032302649	 0.27498304616515856
 0.22823580805348873	 0.0235923004547068	-0.9733199983979708
-0.21660238899668205	 0.791739502737787	-0.5711671952112198
-0.9536674036283795	-0.12199812850878429	-0.2750180719462989
 0.16053786740811887	 0.980398918671245	-0.11421713267416034
-0.05789590560398136	-0.9696447810335495	-0.23756486004604072
 0.15446120605525554	 0.676398363761415	-0.7201576142240227
 0.7185011988833223	-0.6639756412790254	 0.20710474400972867
 0.8648955070864224	-0.05483390001062808	 0.4989478983133857
 0.22557144202015803	-0.36097329941527667	 0.9048844134220655
-0.47219476259875803	 0.28868975340521885	-0.8328807432358707
-0.6013405494269685	 0.7073857821313423	-0.37147664644402734
-0.0350611394326874	-0.9821622010041471	 0.18473799668820434
 0.5137998144284089	 0.8184426100020877	 0.25721867122412223
 0.4879335162416836	 0.5982719243530522	 0.6356033261861698
-0.021238612509585777	-0.6954309749803722	 0.718278971136227
 0.7490847690842524	 0.6052896830617318	-0.2692515706639802
-0.00817852592979301	-0.997855374715618	 0.06494430586871625
 0.34643150352631347	-0.3171752265624727	 0.8828278932042994
 0.051790056499864824	 0.636513408501182	 0.7695248344569188
 0.13506350077812992	 0.8605025231762784	 0.4912161014918124
 0.3770910182543746	 0.09392417742412036	-0.9214014395729373
 0.7096416272281623	-0.4185282525086256	 0.5667829061969336
-0.42544632802541704	 0.147320323029895	-0.8929121705924141
-0.23729142824113755	 0.9693702446202451	-0.06335698010611956
-0.06353520637640372	-0.6475268203584611	-0.7593894221459561
-0.7717395444397006	-0.30687306133923814	-0.5569982044605595
 0.3103096866532799	-0.8754294956350688	 0.37058210499330957
-0.22372146779971333	 0.9315782323477391	 0.2865496499062661
 0.8204879113066176	-0.2695590657749	 0.5041205187832243
-0.015186673620168362	 0.8438809636887247	-0.5363154706589619
 0.4945882779272088	 0.599665644708848	-0.6291133044952395
-0.11075316448016113	 0.9879437430789074	 0.10817068488674786
-0.9618123059855652	 0.17740811801982023	-0.20843091832881955
 0.5635429237190921	-0.6350480233581078	-0.5283307497724299
-0.8078828817088176	 0.5458501749301621	-0.2221999909328709
-0.4711050864906425	-0.48602982886432866	-0.736094425285748
 0.0662244931009032	 0.7965986956634499	 0.6008700646402838
 0.9040406887865134	-0.4096469251518918	 0.12206485871046868
-0.02526600665804501	-0.7971016402464283	-0.6033163382704048
 0.01987872046458249	 0.9957128576021348	 0.09033682349120942
-0.691190727479875	 0.6715488875227001	 0.26697840720340116
-0.37244417282435277	-0.9133848303725205	 0.16435781020245277
-0.5852384640175199	 0.39509685602671685	-0.7080920947110043
-0.9727517630878292	 0.13051015053034534	 0.1916275241661971
-0.8022594096260124	 0.4548285215601112	 0.38666633631849257
 0.8281301908999348	 0.48432003637909027	-0.28219583498307377
 0.28648279162963014	 0.8079565504434786	 0.5149114707360563
-0.16480333036781708	 0.6631564160774143	 0.7301119298539338
-0.9086172530741878	 0.05247561915770064	 0.4143199208461177
 0.29616979982914177	 0.6778352059419356	 0.6729211567894264
-0.7094156417155036	 0.11890326796451728	 0.6946880308143637
 0.7079175038511033	 0.3775903203887809	 0.5968905743014552
-0.200787925054426	-0.28726903062665377	 0.9365685843520275
-0.39984087576257665	-0.3382484893442053	 0.8518892143499521
 0.48594891153994124	-0.4462281641850556	-0.751487911320722
 0.7468775250502525	-0.11604662337265256	-0.654757316704911
-0.5079722620580885	-0.7795422608020002	-0.36643968753847456
 0.3235309466916307	-0.11402665834837361	-0.9393219084630788
-0.3050063184009699	 0.827887255826755	 0.4707163024318697
-0.6405093228018381	-0.7190456113474288	 0.2696687156604065
 0.16093933231145433	-0.8090293685543807	-0.5653052380189338
 0.05216158601241888	 0.7443863792843382	 0.665708710533836
 0.1671538165449277	-0.9517557554015083	 0.25733360385804493
 0.3531564119838248	-0.799047462514687	-0.486624805495518
-0.46461365692716144	-0.12513844547302388	 0.8766267844763613
 0.9310133280838794	 0.32184380058090145	-0.17213585029801215
-0.17773013802366072	 0.6660587783032812	 0.7244154207933671
-0.2940559694925684	 0.8619593772175879	-0.41298561576942827
-0.49811881071364655	 0.25538608579860733	-0.828646847332257
-0.0870812154916708	-0.21219914359109493	-0.9733387824224919
 0.08692469720099179	-0.8484060075216849	-0.5221602660272329
 0.8325743957672798	-0.5233361992780483	 0.18149131670125662
 0.11725190573183904	-0.04244839610269032	 0.992194600000706
-0.1213913247090092	-0.0012499650182190949	-0.9926039410927427
-0.45720002685862854	-0.40377932445733933	 0.792420590710037
-0.500555646472728	-0.7951359441844104	-0.34234905440242636
-0.4867113723753952	-0.7262336735505851	 0.485486036258183
-0.618448095790778	 0.05241560306242458	 0.7840756069208907
-0.5116213564156888	-0.7268829577450454	 0.45813180788849994
-0.2833435866578534	 0.3191871052359685	-0.9043428574113617
 0.8128229243337395	-0.2707073601252542	 0.5157871836829255
-0.981933979048472	-0.08501227609189195	-0.169051985210795
-0.2937112169109779	 0.7809280234009586	 0.5512577830087704
 0.2516527300462539	 0.6543141610740428	-0.7131226276582721
-0.084352158334275	-0.9338506804372864	-0.3475739058548075
 0.34798950342179885	-0.2463359440533589	-0.9045561940397016
-0.3109779780042297	 0.3380025063527112	 0.888283177199527
 0.872408984967287	-0.19333108297720972	-0.4489160893788582
-0.6925109488128119	 0.7151499127219655	-0.09481132900737177
 0.1660830317031526	 0.9855025038802441	-0.034658929961252305
-0.10726538511073663	-0.9010066597076034	 0.42033455284997956
-0.10643951647276366	 0.9653623837832502	-0.2382143935814225
-0.5948279755454455	 0.36351120369191686	 0.716965329914188
-0.5676513535858037	-0.022321437382643028	 0.8229663991958467
 0.6500925338390057	-0.6863764579099072	 0.32598628111291883
-0.6920746273064461	-0.48179686202563765	-0.5374983664913711
 0.6049972246732036	 0.16553197036998388	-0.778830870550951
 0.02998520293490004	 0.7318970065626998	-0.6807552125320173
 0.34067320598654965	 0.028260972835463714	-0.9397569282198663
 0.570693273557903	 0.6823868715152244	 0.45679026379666743
-0.18636224931951795	 0.6594702284348832	-0.7282637776497007
 0.019478455534574897	-0.02100581418710222	-0.9995895885513837
 0.13615201661108384	 0.9836938345238543	 0.11751199212204355
 0.8713219819249625	-0.42508477655975113	-0.2451549235718138
-0.7210813813350135	 0.6448008970346705	 0.25352207926583636
-0.6262685570132106	-0.5211617366153662	-0.5798087087864812
 0.8343490482491916	-0.4992809819899079	-0.23362398573104892
-0.8711956376178615	 0.4167648972624946	 0.25947096447462115
 0.10092123440076717	-0.5647119313736462	-0.8190942186410985
 0.5642991426305751	-0.5338716870023476	-0.6297201755094601
-0.6983618889142214	 0.49810984569334243	 0.5139817640106654
 0.20100683133293365	-0.320293039113759	-0.9257476021317936
 0.4511820389853082	-0.8876341144081479	 0.09241453692965651
-0.5973252324782532	-0.4858329549879162	-0.6380978815922445
-0.5201081597925089	-0.6467501443272028	 0.557854598376667
-0.6826805335365874	-0.7073601141682015	-0.18327290583757705
 0.6166732923690442	 0.2366135170457661	-0.750818282961967
 0.32505054323956944	 0.9456566112544619	-0.008701605046668837
 0.22335205349502077	 0.9745887465566985	-0.017048028759972356
 0.7512223430481898	 0.6348543323747877	-0.18062383001738858
-0.5149891362899925	-0.06201815901876103	-0.8549502543746104
 0.7245277666523787	-0.12359867565356633	-0.6780729184434378
 0.21455820369002732	 0.1701885077651534	 0.9617695405106044
 0.7561670012378878	 0.5188506962926652	-0.398754838460321
-0.2074620455901827	-0.5077830194498493	 0.8361315116642423
-0.19959175357883013	 0.34746435889656324	 0.9162050268362032
 0.9542168750418393	 0.09177275593148343	-0.2846891579497317
 0.5775701778941256	-0.6506589578790745	 0.4930067039494139
 0.5980307486252208	-0.5340254476227743	 0.5976420709672752
 0.7478958557434203	-0.13666195147738067	 0.6495962592104507
 0.6556263498809286	 0.5721601099344718	 0.49273410470717716
 0.5503959058407748	 0.2445728562048732	 0.7982784381664729
 0.165588673493322	 0.7945479895062806	-0.5841865143789693
 0.21097452711888906	-0.26860624757712104	 0.9398619221297879
-0.9249832158007177	-0.19276297006366008	 0.327488149188943
-0.024942609352925617	 0.7794307436623358	-0.6259916789164577
-0.9097809378853859	 0.26107509351142444	 0.32270488159987387
 0.5764649272119066	-0.6643661333107369	-0.47571612186713974
 0.9845542836994771	 0.03134934799172686	-0.17225005320609688
 0.553213247531922	 0.8329422602187022	 0.01273946219210309
-0.3058270388844307	 0.2514625211355964	-0.9182790549453421
 0.09858889706414463	 0.9032320617656782	 0.41767460058542905
-0.8465855133520577	 0.4745532832747354	-0.24102313149488763
 0.7448366894390493	-0.43076547284134836	 0.5095678693493602
-0.9060482856940419	-0.3541392220907957	 0.23165041629104377
 0.021177958904322735	 0.5776428819170057	-0.8160148252496782
 0.10577468759761642	 0.9402580174922249	-0.32361485751618013
 0.4338688869952382	-0.420926266686663	 0.7966045862978328
-0.06633377389828612	 0.038917736982090424	 0.9970382340655768
 0.14283096928726233	-0.5142308855201736	-0.8456748255621656
 0.7697943998047813	-0.06636907318192424	-0.6348320472015956
-0.11268912019149122	-0.20504138265112515	-0.9722444104189967
-0.2975457052537152	 0.9519353476048066	 0.07270245708079814
 0.04478472692800945	-0.9601727494177201	-0.27579452407471705
-0.6860620823355192	 0.6398587963236908	 0.34626512955919897
-0.04766583614849956	-0.06673710850866496	 0.9966313894375227
 0.17558902708804658	-0.5871430415927273	 0.7902098090225873
-0.4291216204601264	 0.827174705867069	 0.3628176412847137
-0.3942667198836767	-0.4618646426613378	-0.7945028668617133
 0.6299188830575003	-0.09842619722612737	 0.770398912555823
-0.4578590021246306	 0.5795907728194591	 0.6741214061546923
-0.28781123673305054	-0.8360170819346507	 0.4671617821736529
 0.06076343855601132	 0.06359552694525648	-0.9961241958146609
 0.19143178036517133	-0.3354897109745206	 0.9223884904401471
 0.11274692577047259	 0.988147239976766	-0.10417851436648151
 0.31767383223075196	-0.8974111171468504	-0.3061643727429273
-0.8757676479401663	 0.09597706657403594	-0.4730955817941995
-0.4132172788350065	-0.5110183431329169	-0.7537318710615073
 0.6793257437931943	 0.6353251311020249	-0.36725809944781074
 0.989117486710141	-0.1091069679020146	-0.09870292315551232
-0.5420846336220273	-0.7548155319729606	-0.369320677302597
 0.08835792070218665	 0.7412372642980399	-0.6654022812292903
 0.8539331855861536	 0.4954307885426549	-0.1592056792915597
-0.0823435614399318	-0.938465571487054	 0.335413042416161
-0.4840338070241549	-0.6745541330269426	-0.5573939318596615
-0.11063550895997612	 0.41170762752551554	 0.9045753775084078
-0.6808289868413887	-0.5795915943352198	 0.44782303921581157
 0.9784932111850523	 0.07764785054871667	 0.19110689932581892
 0.7170890682793808	-0.17543101082597018	 0.6745422363312676
-0.6119621995678035	-0.749061681156054	 0.2537890149785884
 0.7331272031333228	-0.4858522191327738	 0.47589087529566143
-0.3393720567254981	-0.46604913462117636	-0.8170831115821438
 0.2629359485045855	-0.9451445262796272	-0.19382082299808046
 0.8479697355085068	 0.45540077337356843	-0.2712147917654726
-1.5697194159077653E-5	-0.994966244219727	 0.10021064123579282
 0.545207634856579	-0.3887330719185308	-0.742721504798991
-0.23955375350240626	-0.760508406767689	-0.6035237877818733
 0.6322305017515183	-0.6569501965781849	-0.4107323116957169
-0.5048999814998187	-0.1639445967002086	-0.8474657384781339
 0.11284747206980834	 0.37370501485468377	-0.9206573792241686
-0.10889884252173629	 0.6863820111104896	-0.7190415682847171
 0.5453515110219992	 0.8245420711146295	 0.1507385232381544
-0.8420838508859427	 0.5338488420156707	 0.07681277208660542
-0.6905539721888432	-0.441553578780245	-0.5728574417432042
 0.6448127661342636	-0.7593376803804291	-0.08730855504902468
 0.17992613517597114	-0.7883013141962325	 0.5883941059503663
-0.4205565886176812	 0.8939173893139116	-0.1550608166251526
-0.882486784533749	 0.4531674135840292	 0.12592208062467058
-0.7363535487353586	-0.30342390770567923	 0.6047457180480562
-0.5909032109751089	 0.3738111066167932	-0.7149116391759434
 0.40278443658442	-0.9012704199174135	-0.1596130565688798
-0.5088925709888793	 0.7888630064496921	-0.3445627783836809
 0.9607028900876867	-0.2691111436596883	-0.06803785222463121
 0.229797454523001	-0.3850610521003213	-0.8938238730589729
-0.13943127747400946	-0.6069106510026759	-0.782443851379429
-0.3059757054154243	-0.16879674805921752	-0.9369559891159065
-0.28968723082460146	 0.9558232383665579	 0.04983217129164785
 0.7697286644208822	-0.37591473128362246	-0.515951449239952
-0.0330760028744468	-0.9662802464492596	-0.25535947868800135
 0.7496172495529043	 0.5818988912038348	 0.31538493874705953
 0.40522548624145344	 0.42064610946246517	-0.8116952358456155
-0.7320663383688113	-0.6092289037891863	-0.30482621116811415
 0.15546048731311524	 0.7543263461366879	 0.6378274064419327
 0.4402365889225404	 0.8535936588633083	-0.2785132157047423
-0.35568798660079165	-0.15496767409082335	-0.9216675518725586
-0.06778702995917658	-0.9748168666446481	 0.21245468946206847
 0.8958049300261809	 0.2044269302273134	 0.3946430761316182
-0.13592893258319194	 0.8876908583087794	-0.4399184758132084
-0.25058411437183553	-0.7832508372760407	 0.5689690040159163
 0.6452975250701185	-0.5908135771409125	-0.4842834100032116
-0.24365467599991122	-0.43717288602067256	-0.8657437649742181
-0.7963465819051438	-0.3973201148582332	-0.4560360159209298
 0.37032284153896544	-0.4597178387585194	-0.8071681991764184
-0.3033255071851958	 0.9213456162833572	 0.2431375989975315
 0.7716308712287152	-0.32386142947607294	-0.5474482377947056
-0.353562442460016	 0.9002094756022865	 0.25419775631890285
-0.16183705926587474	-0.30732921399552576	 0.937740646699857
-0.19835752902620257	-0.2985090637953251	-0.9335666176072588
-0.34883569995137104	-0.8879419206356188	 0.2997879250693152
 0.05323052021594126	-0.5655159634315625	-0.8230177439287758
 0.036548172900769046	 0.18346992786802266	 0.9823456706402884
 0.044430349956631525	 0.5598670736994683	-0.8273903575640251
-0.0014384134610540482	-0.4585865023685525	 0.8886486093007138
-0.0066836966728128794	-0.8794233205262746	 0.47599364650521014
-0.444619591120247	-0.6125160733924446	 0.6535575560178046
-0.08149138059486456	-0.6730492665811606	 0.7350944426693109
-0.393694106843405	-0.9084402079379902	 0.14050387481615845
-0.0735804368140692	-0.9883793940861161	 0.1330116260490517
 0.7917577616209627	 0.49083693706586085	 0.36359145771699186
 0.3477893127803923	-0.5719152517227819	-0.742937102830791
-0.2880373525844061	 0.9017490179168532	-0.32230915624933343
 0.6749095303785169	 0.44363929838754995	 0.5896450616518825
-0.11276908024704288	-0.6098691237844196	 0.7844378792451703
-0.002015778499795412	 0.9854822413477503	 0.1697665709886791
 0.400605391841498	-0.2885531427933936	 0.8696277386396867
 0.8788785953968221	 0.0036640046820677857	-0.4770314346277389
-0.0971744612193371	 0.15935623371319144	-0.9824269514134261
 0.2480699815154148	-0.7842600289307804	 0.5686804826019909
-0.06564049033182141	-0.3331863391635641	 0.940573330168244
 0.8990341595281378	 0.4232816176541109	-0.11211713587875027
 0.0267447101852532	-0.18012864883660282	-0.9832794060415415
 0.12547802047776835	-0.8388396742924702	-0.529719989437706
 0.8681794178026941	 0.34863395426508403	-0.35315558106487055
-0.09828320274651867	-0.5024341022011529	 0.859011283396911
 0.9978890263006388	-0.06128776936566719	 0.021477907601622714
-0.07325055910429538	-0.878410450292475	 0.4722599246261314
 0.8041568557771007	 0.26654828297525107	 0.5313038341190779
 0.20341624194052937	-0.9594661165395104	-0.19505538630702457
 0.014746180325473274	-0.67202560431093	-0.7403810757416331
-0.3184268931666149	 0.5085449674226641	-0.7999914560902128
 0.6283312886319563	 0.24885666720589283	-0.7370686202201806
 0.9959961620549447	-0.05250511202023036	-0.07235232120369894
 0.586437460455122	 0.7423216902476233	-0.3241135806516888
 0.8343105793620398	-0.3545643622032326	 0.42214922743029204
 0.5192460079922989	 0.8518112528688586	 0.06929049480301552
 0.08837116832505915	 0.7088133281341075	 0.6998386974641473
-0.6550102275628753	 0.7536219496500002	-0.05491410377819994
 0.9514672547220988	 0.2172620447154191	 0.21796161845074424
 0.1359500252546834	 0.9635770103291373	-0.23029749412100142
-0.01530668146129175	-0.6798884782364485	 0.7331557560736797
-0.7645288023675179	-0.3707517631066946	 0.5272938843792581
 0.2553365143698871	-0.29576132950796646	-0.9205044814649825
-0.8075352251335639	 0.08905143848531644	-0.5830580601211
-0.16251885454136872	-0.5910691464949318	-0.7900790378059113
-0.27574322551310987	-0.9609562985982747	 0.022992732937380467
-0.8302900517079084	-0.4482545511833845	 0.3311892017839071
-0.5505278572007178	-0.8329855545839618	 0.05526431308209201
 0.12056652632182588	-0.8508931348229214	 0.511316522167933
-0.7982912129690061	-0.13928228977752424	 0.5859450341549135
 0.6012988230718803	-0.2760995025227223	 0.7498058349193322
 0.8773331383912878	 0.26896804888883546	-0.3974201214803126
-0.477266939650672	-0.3020507347785475	-0.8252161062026246
-0.5960929484987586	 0.7233976693349111	-0.34838055162548165
-0.4889049379792905	 0.4146291130437303	 0.7674989643224515
 0.7495876782816202	 0.5524455330641881	 0.36458503201008585
-0.414844625782025	 0.40766123159408557	 0.8134594376580586
 0.11395894808708262	 0.9585835565710977	-0.2610190093123308
 0.9838997295097858	 0.1100489878091641	 0.14082095920973225
-0.4030761609714601	 0.4233958546905077	-0.81133566338933
 0.49329423504008985	-0.02362591530679528	-0.8695416113114591
-0.6902653984387204	 0.4279139199688038	 0.5834581020220448
-0.4036974210208933	-0.7446619582590904	-0.5315138381856264
 0.5901512266058755	-0.25675191132477604	 0.7653757154278249
 0.45234083884730614	 0.8248302059037006	-0.33917974134634643
-0.8806143793487448	-0.3093703370371533	 0.35889874539449607
 0.07895497475957113	 0.8941747568283025	 0.44070127775145096
-0.28283438552450046	-0.28876512816466543	-0.9146690172521548
 0.2762842849700791	-0.7291779531716478	-0.6260722853528802
 0.5677258866427557	-0.3311596421534055	-0.7536714198140495
 0.9776027839980381	 0.05598349639799205	 0.20287593462592168
-0.3374121261130245	-0.7572014834181118	 0.5592843379367058
-0.9693908276446381	 0.08377411306547959	-0.23078847730884577
-0.3466950312270205	 0.28797642846145616	-0.8926769471500198
-0.9331988143503019	 0.2208666296634621	-0.28347469868807296
-0.35889620833394414	-0.4651038981303833	 0.809241543414227
-0.6517113159649581	-0.6431420070939847	-0.40204566824472
-0.2851556550287265	 0.8295183109759211	-0.48019331957118383
 0.8220171121751058	-0.27223131036507686	 0.5001779492822658
-0.688409668622219	-0.6287598557976886	-0.3615980805877108
 0.8737113917227795	-0.46075381501081847	-0.1559946342885561
 0.06353152847004673	 0.351336947649264	 0.9340910523641461
 0.5693741448908175	 0.524401116455048	 0.6331007441083523
 0.06265534261861352	 0.5799292288965446	-0.8122538996599544
 0.9857984776080162	 0.13763458338604784	 0.09621893265811443
 0.14885227013546032	 0.9669583661593993	 0.20696502069157718
 0.6592328808969669	 0.45932014870405347	-0.595346125996274
 0.5330704784275152	-0.3103846601980723	 0.7870814619483724
-0.9929941630571272	-0.10480742455941676	-0.054571016956784124
-0.6860223971873448	 0.6749667309274385	 0.2716490064374535
-0.2751217535753694	-0.8259281661762867	 0.4920880866534869
-0.2705915497204206	 0.8175279214443355	 0.5083584472385656
 0.004517024768040639	-0.88727028708063	-0.4612277465104426
-0.5841388596528264	 0.7862628808845551	 0.20142610254536408
 0.21121887440368084	 0.9761796555840282	 0.04959704748762883
 0.771458659476078	-0.6323135145522154	-0.07093064241918334
 0.9540864551974632	 0.2897744743422973	-0.07582736991604189
-0.8921876128626248	 0.15355251734777586	 0.42476215447077204
-0.7393614410757439	-0.32178770677663515	 0.5914366671232294
-0.18649231002626918	 0.4235745502296479	-0.886456552064915
-0.18572412289166343	 0.9297904696654193	 0.3177990445163126
-0.7873040114406171	-0.5077820820411939	 0.34972810971871104
 0.48472235547606085	-0.8731254526374913	 0.05192477306946297
 0.15213289076913317	-0.7172073346461789	-0.6800508971216426
 0.9734893677512745	-0.2168745818834457	-0.07269020985046515
-0.9161050908063086	-0.3695401761525957	 0.15553623631769375
-0.9914841501979904	 0.08921560596025449	-0.09486704148076641
-0.7616765273571225	-0.327358541142551	-0.5591826653377368
 0.05086386451566419	 0.8845337224821812	 0.46369490085437426
-0.01713980067723249	 0.13278383557085602	-0.9909968114196113
 0.33372061435691525	-0.599983853560727	 0.7270831637575328
-0.5157684320352491	-0.5146824593016269	 0.6848977227317445
-0.9624493434004936	 0.27026387158884657	-0.02546961133912684
-0.8454777543813567	 0.26476624011254	 0.4637523099057588
-0.9014209695017986	 0.4248619657643989	 0.0832619107950816
-0.08628570684411109	-0.8569293675733711	 0.508160246167205
 0.07920383981088812	 0.489241229995575	-0.86854462788715
-0.02870144517062181	-0.9535174196326939	 0.29996792745579826
-0.8597702193083337	-0.49533175761463605	 0.12426431462368903
-0.3715042638075187	-0.6119135053765327	-0.6982452605715541
 0.634512002735887	 0.6641696566497348	-0.39531403411701316
-0.057982468885075564	-0.8247524403319587	 0.5625135069209184
 0.4641355670128047	 0.43359751109114525	 0.7723803297658909
-0.36616464113153746	 0.9175064957036823	-0.15525877085228101
-0.7509308572725615	 0.06291048318368332	 0.6573774552732177
 0.9598897750433774	-0.27488471119990593	 0.05522694374776238
 0.45255942445343844	 0.13182733134716693	 0.8819362346838102
 0.6177776841747746	-0.785802891979469	 0.02940319527458879
 0.3890801240944409	-0.7052555392707263	 0.5926476873848505
 0.9957238342632408	 0.07818531740168706	 0.04920469513072234
 0.4750260271211781	-0.8418493422972413	 0.2562029633536118
-0.26392016546614094	 0.9553247807087885	-0.1330440138601885
 0.9799587095404935	 0.07111514392885186	 0.18607408175162177
-0.7833192632944337	 0.41490408205120316	 0.46288825265836464
-0.7354101417424365	 0.6707423767274017	-0.09631504287724724
 0.8711903091840466	-0.40225060395352247	 0.2814638463512351
 0.7890345402665117	 0.5549594687894661	-0.2635232101112315
 0.0808562813839962	-0.9589611306305387	 0.27176425758467726
 0.8747100501043258	-0.24764086799807197	 0.41660092263897974
-0.15530632701097102	-0.941140799234181	-0.30022315168422375
-0.962098299212079	 0.2385165609438823	-0.13219951894287796
 0.36216106212605464	 0.8392948007227026	 0.40549180331982915
-0.4372038454809872	-0.2809011495601501	 0.8543695580206632
-0.32521675183335913	-0.0252879013822328	 0.9453013204109268
-0.0846590121372565	-0.6940751550472396	 0.7149073582011127
-0.9853392845132015	 0.13063516705847406	-0.10973125134899586
 0.0595317408149735	-0.16142916889966996	-0.9850871003438735
-0.8088867628261066	-0.18951471465804762	-0.5565845648711258
-0.7793954123516129	-0.02344588248219863	 0.6260935088306621
 0.3664734675703001	 0.7882982867561146	 0.49424994553805957
-0.6292010451003092	-0.6139778526049675	 0.4765891746098221
 0.3695713641764826	-0.8959531983795984	 0.24634299887372801
 0.999830637777622	-0.010460385971391872	 0.015141865358103024
-0.8441690300757618	 0.3915328030200946	-0.36617033306942703
 0.379376169674866	 0.8774344610922946	 0.2935685411799125
 0.20063509719006342	 0.9729280297347219	-0.1147022525151351
 0.8588038230316665	 0.12928431615315253	 0.49572326871250016
-0.9000567183864916	-0.386440474324058	-0.20139926388032503
-0.9567973051383125	-0.10130405814848197	-0.27253697856017967
-0.6961055697443409	 0.5655236258011144	-0.4422895707923349
 0.9818126208310721	-0.17685397384928628	-0.06904092634472248
-0.37929211604774987	-0.5457419635846088	-0.7471968949927696
 0.12606696119676805	 0.4214961584139914	 0.8980245596512715
 0.1750224696058415	-0.7329773708496037	 0.6573517391438732
-0.26668614186221684	-0.8043400786074754	 0.530957191950882
-0.6741762002872574	 0.11896658497461017	-0.7289261983395263
 0.6657204895091735	 0.12461396186625506	 0.7357224954802333
-0.9826810739788852	 0.10130319129077506	 0.15516304417614868
-0.9262812775634677	 0.07707838003313058	-0.3688657183405073
-0.7118127049977548	-0.6180410731874662	-0.3336883349130808
 0.6079384614895273	-0.78501378372068	 0.1190133875254702
-0.813829081541019	-0.5582424984998138	-0.16139249953695822
-0.6895274601324073	 0.10996253057890637	-0.7158632017306341
-0.08396593830496271	-0.49035535428216664	 0.8674683554639777
-0.12867210745656946	 0.8050267269572566	 0.5791161003176926
-0.7600131452682469	 0.6446314879621504	-0.08264540971627166
 0.05966563155101324	 0.7098438236696313	-0.7018274420466162
 0.642062477774618	 0.32379072076679116	-0.6949211061546772
 0.4461369630494688	-0.7099648105446242	-0.5448961166950381
-0.9180926814056606	 0.3963535770523282	 0.00310971175326058
-0.42476143479478906	 0.298819786834056	 0.8545668250684211
 0.7515065969255615	-0.16921169090295507	-0.637656050264658
 0.3148575313953338	-0.3503104078515605	 0.8821266083020678
-0.2130070329934879	 0.10490985121738773	 0.9714020419027627
-0.9399569437573095	 0.051704817255276085	 0.3373537546182295
-0.5754500276994445	-0.7389590394788205	-0.35042374861479875
 0.5237731164942924	 0.692868628817509	 0.4955752068439272
-0.9402007731696908	 0.18367217837760025	-0.28685717181402803
-0.5657745931032142	 0.661480519472363	-0.4922830813236072
 0.061615201419484206	-0.9882075818021954	-0.1401761114551756
 0.9055621150304761	 0.35383722558777797	 0.23400101198472334
 0.686908153154794	-0.12315485178016598	-0.7162332522387351
 0.7134603351408022	-0.24600675290201043	 0.6560907160655327
-0.2640142951734233	-0.044693432190765416	 0.9634827186115431
 0.7717425799409842	-0.6238074752184968	 0.12360268673276509
-0.8325678592831125	 0.11320759208796026	-0.5422313166743333
 0.4935699259378247	 0.8591229805530829	-0.1352643060652634
 0.757218230456491	 0.6531619001433749	-2.8924978215250086E-4
-0.7386603209983319	 0.5215101347269682	 0.42709262409891946
 0.5833279735784316	 0.1184631853805249	-0.8035514600511782
 0.2743208144023452	 0.9615420640716166	 0.013599625234875123
 0.5980899881162821	-0.1942023467348992	-0.7775434487137831
 0.809055007541823	-0.5863867578235468	 0.03975632051246514
 0.23638764014153435	-0.12699954027700253	-0.9633234142061256
-0.9141049082086307	-0.22440087607779516	-0.3377224653534452
 0.9227268446040015	-0.35870613132077517	-0.14108536990073017
-0.6727463545266973	 0.5591847057986166	-0.4844840629700362
 0.8550644887468897	-0.5103831767136507	-0.09150810353024652
-0.656512003745521	 0.6120574906070336	 0.44088277028010725
 0.1985175450713412	-0.6166699929286495	-0.7617800890809812
-0.8673898727395399	-0.3037278252248269	-0.39418804757765247
-0.30960105800961885	 0.7288681528933458	-0.6106540760341872
-0.9783245882166224	 0.1898719669515497	 0.08264161334779252
 0.8303664812858061	-0.09987414979213927	 0.5481939993837277
-0.5277775558456699	-0.4895473227418592	 0.6941140182576986
-0.4061378599787479	 0.1414057602882374	 0.9028047682911231
-0.3407498942289053	 0.591179520097373	 0.731024134075223
 0.19106428696363245	-0.0842431505370352	 0.9779557913498305
-0.09979034720858297	 0.0878212874867763	-0.9911252736501857
-0.8761036589144006	 0.46413107513356944	-0.1304788256084355
-0.7346428203079962	 0.17969802114854436	 0.6542236221394107
-0.530734514008093	-0.6812447535236567	 0.5042087478783819
 0.9537694885740003	-0.30053060775853524	-0.0022619605600293635
-0.0797053794337169	 0.7272679602359622	-0.6817098844109202
 0.9708211524478463	 0.23980460554854885	-2.0277460535989E-4
-0.3349607747083289	-0.9389129407378282	 0.07901752414394925
 0.8745411742687287	-0.41299851046767094	-0.25418490289582163
 0.16408377701274618	-0.985825282695531	-0.03500037313383153
 0.6035998858260899	 0.7473545394079253	-0.27771994933223443
-0.3261206000700726	 0.8162260488800861	 0.4768861408549625
 0.43843708435380824	 0.8807238918731075	-0.1791601220897625
-0.3954980019720721	-0.8787136047533705	 0.26728960185057016
-0.6430031111741765	-0.34567564771009573	-0.6834144757030942
 0.6846816053372373	 0.5802470051733948	-0.44104933091450227
-0.3894642626462007	 0.7219095804158066	-0.5719826446889149
 0.8858964239765993	-0.03266861093360513	 0.4627313344103057
 0.03995789487905304	-0.8592484952105413	-0.5099954804851266
-0.9123919148921227	-0.3500787787019831	 0.21209866181099213
-0.2805194296419997	-0.6081277094498089	-0.7426234164047456
-0.3655365286413156	-0.23106735879864782	-0.9016600922335831
-0.08618343820493388	 0.9099717868163674	 0.40561528839209693
-0.23269772979382003	 0.9316193101964065	-0.2791723973067073
 0.3802794806566742	 0.9201272728652913	-0.09355917015970094
-0.305434346880384	 0.14719135900655575	-0.9407680710884891
 0.7354213176970854	 0.2497192374192511	 0.6299172865856519
 0.556520145097157	-0.8131838554632195	-0.17034478364485728
-0.6930645304780775	-0.671956807629575	 0.26102797795154475
 0.7786206161097535	-0.169239157777617	 0.6042417096192472
-0.7063608065672895	 0.5716181186540533	 0.4175010627196163
-0.6654701681143677	 0.021811905171734418	-0.74610568697914
 0.36127796663962436	 0.8884736015577954	-0.28300687298307436
-0.5718080102463204	-0.5764882001006625	-0.5836925171379554
 0.8389778980259929	 0.10245578153791898	-0.5344332506995995
 0.3139966888871373	 0.3122617963062803	 0.8966039537808705
 0.6196355647831627	 0.4738338496912467	 0.6257261779265944
-0.8775955804897568	 0.4461462314512295	 0.17544097943956172
 0.7321146606552966	 0.6415719601059353	-0.2288963600833529
-0.7796361898674843	 0.33431310461990627	 0.5295301308974887
 0.9506624297723467	-0.26942824281238503	-0.15378350559916565
 0.6002793026921205	 0.44866306941583806	 0.6620922963619351
 0.6739051168715017	 0.14945411781482426	 0.7235436131447781
 0.7996528780113769	-0.567625549525663	 0.1958481815432842
 0.38065162590456664	-0.48633862822507024	 0.7864979837179285
-0.5320834490826011	 0.8406129502352313	-0.10127719935495638
 0.9684667424570543	-0.2403240280239857	 0.06570030676449057
 0.1716030208450827	 0.9808121904693674	 0.09251945883717339
-0.4345463364696027	-0.8819212561783151	-0.18271392766209593
 0.8712680311504636	-0.3564464539323538	 0.33739878982332616
 0.3485059816438826	-0.38227882293541665	 0.8558075030598564
 0.04570356322527953	 0.5847495628755119	-0.8099253873199745
 0.7253947289791348	-0.4011186837646115	-0.5593802720012861
 0.7850966707460822	 0.14886383725871086	 0.6012177438665878
-0.3444531606189705	 0.06526594278015671	-0.9365321013465684
-0.7441883404072236	-0.14354573564710635	-0.652363653018371
 0.42292889151418833	-0.06704870444391596	-0.903678938536786
-0.3775160750831235	-0.9012627243088516	-0.2126196482576821
 0.3256118950494279	 0.15730422187751228	 0.9323262709919906
 0.3713275725983568	 0.9106904202076082	 0.18099390147268002
 0.07652317277900837	-0.12592120493272782	 0.9890844524994435
-0.5396868262577493	-0.06006186786505039	 0.8397206092459557
-0.9314213877788072	 0.2569700879951508	-0.2577218893768345
-0.8488549810387536	 0.2906652481578011	 0.44154154354835207
-0.5586329287281793	-0.13097550548974604	 0.819008344220181
 0.04418708456676308	 0.03213728491042396	 0.9985062325674667
-0.0230355112689897	 0.9943076198180031	 0.10402750786418813
 0.3666344465927391	 0.9158154258000532	 0.16389413790097285
 0.5279407068996373	-0.8250022382692859	-0.20161824532759853
-0.5790715450656896	 0.798471865941918	-0.1646779432543013
-0.7729308531922606	 0.476633849835609	 0.41880552691478434
-0.9350877286120821	-0.10008255727501589	 0.3399917962663075
 0.546085956084251	-0.017880513079100938	 0.8375383070759077
 0.47391102408749813	 0.8724743198179	-0.11915075537583286
-0.13235155821905834	-0.7602021053164293	 0.6360627517072948
 0.5681594772971263	-0.5382345259690278	-0.6224936974880566
-0.909459761036822	-0.3050013214123964	 0.28259005111917657
 0.7594944075301698	-0.07081559989926227	-0.6466478143018068
-0.33196750238244255	-0.050317292892087515	 0.9419478474936789
-0.9764230564783414	 0.19111645276857148	 0.10036192633988317
-0.3780902315984646	-0.15822992777117525	-0.9121464064103679
 0.0926639889597905	-0.004794008888203381	 0.9956858955658856
 0.8681820178934748	 0.08668702509823394	-0.48861574215945236
 0.5949496333485268	-0.6654312171149837	-0.45081729011576854
-0.42759108212451674	-0.8828618165804405	-0.1942186379106532
 0.006328201639824338	 0.8819164981753144	-0.47136317644699033
 0.5091680341033743	-0.8595701183856082	-0.04344104770670776
 0.5702851266878269	 0.7480164954815193	 0.33947930241208457
 0.8580436502735339	-0.43233753476025194	 0.2772099389680993
 0.6209101091925888	-0.2896400450373342	 0.7284087318348254
 0.31632570784245867	-0.8623361967807182	-0.39536607122985923
 0.5036824955150544	-0.22007195495359733	 0.8353875019143087
 0.14536139938744397	 0.7902745926554947	-0.5952613978508232
-0.5629479157408181	 0.7420527003382517	-0.36393328246229073
 0.9602758399228746	 0.14651535461387077	 0.23749434124372204
 0.7363783058290844	 0.6686484375314493	-0.10322915136258204
 0.3308690065418922	-0.30785169530321826	 0.892049905671715
-0.7217140635809018	-0.6858816147047583	-0.09324816909481681
-0.3244142361511862	-0.7521140420485917	-0.5736548362349712
 0.3050753064651983	 0.8352380866809838	 0.45750015950014133
-0.3178178339511277	-0.6728657427870189	-0.668014608078511
 0.5887869241269349	-0.05405804373360313	 0.8064785712496265
-0.17429445159298207	 0.38565404927861185	-0.9060311244206303
-0.7181378534660678	 0.06643606504026069	 0.6927223633470445
 0.07045321335442205	 0.8778036371778878	-0.47381126969006093
-0.06644346828046908	 0.4985200344520764	 0.864328086303322
-0.43059743862429606	 0.7894410871370205	 0.4374569873600316
-0.47592325057053864	-0.8788700771095128	 0.03293094483751324
 0.08731398467762908	-0.9037188293263801	 0.4191283163909014
 0.9205410641971076	-0.2348743243833384	-0.3121509264319535
 0.5257964234792227	 0.10401089276195652	 0.8442273717686004
-0.7347745193435804	 0.6425462631713319	-0.21734927054850672
-0.8629959666467181	 0.1835528936098423	-0.4706870476218252
 0.23326137073492687	-0.9711008213424985	-0.050520567205720734
-0.3450301613077508	-0.0912988967512848	 0.9341406206990175
 0.4156356061625785	-0.6821916736084102	 0.6015493025091312
 0.7223424367923188	 0.640589627975389	 0.2605116744779157
 0.930261911790545	-0.36322090750988545	 0.05180104071826741
 0.06495944479289996	 0.930483942124793	 0.3605272583038668
-0.41368673889337193	-0.8206462489782913	-0.39421189238990184
-0.17061268270219818	-0.1368290160031979	 0.9757915417140874
 0.1859647997613012	 0.8576449381390128	 0.4794395199962851
-0.4145413650684293	-0.7622896497951926	-0.4970613105667405
-0.8076340644572945	-0.47646972706500246	 0.3474245488142609
-0.6197758675339833	-0.055482200245081666	-0.7828151758100139
-0.12079150171283219	-0.7462826380965472	-0.6545774493439389
 0.6546904246645928	 0.3208272192679512	 0.6844343235324255
-0.33093704312887257	 0.7518077044855795	-0.5703208298503939
 0.2676964706496873	-0.13640278633372088	 0.9537991819466498
 0.50995345673758	-0.004253501557467037	-0.8601914785010916
 0.2607801102773374	-0.14930446951791934	-0.9537829467261996
 0.6334279518040827	 0.7736387326810624	 0.01587895364702052
 0.4876974812607976	 0.4316785763930937	-0.7588180107608846
-0.4808653927557995	-0.3317690262570001	-0.8116019882099184
 0.5717698331333594	 0.7683638266078641	-0.287569622664096
 0.13277441194349296	-0.04987981911263054	 0.9898903773541547
 0.24998516014981428	-0.5064327988064072	-0.8252473810912586
-0.5341319405590831	-0.16400121100667303	 0.829341107664954
 0.9246830290049355	 0.04616553628014257	 0.37792861644790077
-0.19905426652651548	 0.10684781802353763	-0.9741462635360256
 0.4134742080827426	 0.7473420424609264	 0.5201143632132068
 0.010944753407796489	 0.5787208602610715	 0.8154522538269962
-0.2190280876990927	-0.21456768920335745	 0.9518337058272364
 0.49829424040971476	 0.544170235639971	-0.6749678545071933
-0.9926838963285975	-0.0719798493071681	-0.09694113298075036
-0.2079852075807498	-0.2327106895992042	 0.9500462559127609
 0.03787089704910557	-0.920166978414391	 0.3896902962512996
-0.33657344359882513	 0.6040180699069051	-0.7224129624321298
 0.012746814255706139	-0.3351593864269794	 0.9420752116557474
 0.058106849871530176	-0.8838713812053843	 0.46410664236153054
-0.5587854069147831	 0.5112649251552136	-0.6529678746501346
 0.5987397243670304	-0.7773658430183117	-0.1929069427815444
 0.5456822645020959	-0.2684683883870366	-0.793823400161983
 0.8152509377758408	 0.5612763600698075	 0.14259998626367376
 0.9770830264768895	 0.003605935204349245	-0.21282799769312333
-0.9387627709535173	 0.010787373683181488	-0.3443952561239678
 0.7806825160578147	 0.08483240864789758	-0.6191431753355889
 0.4918568871062918	 0.8201619413365824	-0.2922519334223763
 0.3303495542997559	-0.4603688775848286	-0.8239718857614244
-0.6667303369320456	-0.6486275415153798	 0.36708714251822405
-0.7125733915806381	 0.4654303579981497	 0.5249892793809992
-0.5641716998762165	 0.6808490789848362	 0.4670704708117188
-0.6929828551024182	 0.39487041912377707	-0.6032015539064146
 0.9409038163057715	-0.2513170474621322	 0.22702367743508955
-0.7857524145129868	 0.5858183895997311	-0.1985194133927184
 0.9207534911042575	 0.2854164050102917	-0.2659896320729871
 0.16904769835496172	-0.07561567426539571	-0.98270297928025
 0.47795389931957744	-0.8743604850728244	-0.0839869767787047
-0.6520941410257334	-0.6205688784528438	-0.4355083217754747
-0.19329902726514228	 0.9807125274503725	 0.028955561818970743
-0.1866915674875836	-0.9814874285933242	 0.04276313999572001
-0.07506706257743848	 0.49641677368154236	-0.8648325403935744
-0.444858847190306	 0.3735881065852909	-0.8139610142350364
-0.0028119140768161767	-0.8227006401953314	 0.5684678968608663
-0.5020612775201273	-0.35865407548267914	 0.7869572591662919
 0.1682678991689602	-0.9849744850449276	-0.03887387194175984
 0.02042179702313714	 0.8685320196276911	-0.4952121576534545
 0.09051565755455732	-0.30053125133848757	-0.9494671572552622
-0.013422344961703962	-0.10525037995522188	 0.9943551670178068
-0.48045549607277815	-0.33259786391458457	-0.8115055004206171
-0.13343019849572268	 0.9507260268875561	 0.27985068148567005
-0.765901314848165	-0.5950072741117709	 0.2436421959922619
-0.9001471419174901	-0.40755011698338756	-0.1537466261242859
 0.7258340699671477	-0.5466619521524487	 0.4175231885102908
 0.7507987518240674	-0.46653404302297985	-0.46759728502211684
 0.7472314005769122	-0.5398811227015181	 0.3875223959236609
 0.4840835499865323	-0.874868047484728	-0.016401710968556138
 0.24452676703262344	 0.4570625209700885	-0.8551611030262314
-0.6928204492093134	 0.7036040843515913	 0.15792757087083875
 0.04448445892957489	-0.40480434183392894	 0.9133206324977787
-0.3408597988652041	-0.45863968136601785	-0.8206486703785307
-0.397130861988519	-0.6811858358194833	 0.6150389707450803
 0.7074009875106083	-0.6361300190116544	-0.30809485841417117
-0.7786786223830515	 0.3669352481802432	-0.5089382346479152
-0.29913432426148234	 0.9315328822906022	-0.2067973531261691
 0.1607956017921868	-0.7047795236101779	 0.690963528374761
-0.37600425910358976	 0.8413598030116065	-0.3882453850494956
 0.3468596862853425	 0.21817806502198028	 0.9121878589267116
 0.2619769984103921	 0.7210510150455228	 0.6414464015065504
-0.24080597578133817	-0.8315986234299858	 0.500456003598069
 0.33431689227043737	 0.02397832369617098	-0.9421556429461952
 0.27600350890619274	 0.5095169130925149	 0.8149936063210212
 0.9034876669887707	 0.10782847262581616	 0.41482894798985726
-0.5833584647481934	-0.803681557499741	 0.11742595855014892
 0.18165909538478806	-0.9165105877788638	 0.3563822604356479
-0.8656173043322481	-0.4398584388518567	-0.2392305085297015
 0.3331590410637559	 0.9012070676791941	 0.2771838280321328
-0.23102784344893165	-0.12430544835481773	-0.9649737255804656
-0.8692172432908183	 0.43924164527849757	 0.22699815201659446
 0.17306913884780306	-0.9274330633800957	-0.3315342910286829
 0.8947662424467324	 0.38724734891129753	-0.22233502229502022
 0.10759875713813571	 0.9442192514342416	-0.3112434942023512
-0.031290322687648905	 0.33367446771742526	-0.9421689154815052
 0.36972302512412086	-0.28512896291989676	-0.8843112343498147
-0.7006270808889978	 0.07671744471005917	 0.7093913780150705
 0.11006992615946601	-0.6066578636510797	 0.7873060699788601
-0.4934473327964345	 0.03513337221893941	-0.869065806433903
 0.852342594706509	 0.09734809911186411	 0.5138437981023829
-0.4440612554290609	-0.894746274871685	 0.04731495566952826
-0.9466517122709089	-0.13834668929997204	-0.29105107664170093
-0.3417446393498249	 0.4605832824339348	-0.8191908455409156
-0.7366162402069323	 0.1218973314778155	 0.6652349624320648
-0.7609398073582531	-0.5093791326913764	-0.4018749914540165
-0.7905837141435117	 0.5452569612054642	-0.2786973935795476
-0.5560420523444531	-0.007896518302952363	-0.8311166470618065
 0.265797953623643	-0.6521824226841797	 0.7099362896706138
 0.6932051561696781	 0.5238707991617689	 0.4950010073175424
-0.007871099536930156	 0.9593045182179875	 0.2822638608087027
 0.931991585175133	-0.11647070184219241	-0.3432583003732468
-0.6676640042643478	-0.7438678854554099	-0.02975477100893187
-0.07185893504557915	-0.5531551080836887	-0.8299733247852235
 0.5626563770781094	 0.1044465859968733	-0.8200662851300093
-0.37818314353578164	-0.6481932720001568	 0.6609258597445897
-0.5324337580160728	-0.47515142108722	 0.7005322407738828
 0.47823002647190277	-0.8759776264668843	-0.06292248970063974
-0.9522625931857773	-0.1999847373113075	-0.23065571413174646
 0.14924493414407908	 0.7638615651086832	-0.6278865016721114
-0.26176482633114656	 0.6078043420505093	-0.7497019791092807
-0.6474191667182472	 0.7400827750453102	-0.18200524346041047
-0.03482723611002365	 0.3497372217855227	-0.9362002666751814
 0.2013714932437796	-0.7570997037230144	 0.62148979101132
-0.7366053839453071	-0.5776550446695805	-0.3517487138719515
-0.3917160659950231	-0.8840027643000168	-0.2551423844666183
-0.33750795665202254	 0.07096372387277863	 0.9386439842084349
 0.8437373561034589	 0.24588654999614207	 0.477123755902533
 0.617960346590852	-0.7777206680594074	 0.11521967069273753
 0.6311146900748819	-0.0836407203874404	 0.7711669584887282
-0.6046483526553896	-0.052926739069496985	-0.7947321120494584
-0.12218163408811081	 0.9815855973170586	-0.14683788145867593
 0.3838935814095114	 0.7849483887584531	-0.4862938876215568
-0.3776544705687413	 0.8227772753489102	 0.42475246441765035
 0.4701215066673316	 0.8626004689086412	-0.18683201012522055
-0.6229104341993149	-0.6135315632802265	-0.4853468984391911
-0.37589933051862423	 0.5329060853143743	-0.7580968259731462
-0.4819159591079434	 0.26489916968873195	 0.835215803403702
-0.8300191162392744	 0.5542635403482672	-0.062130463687138926
 0.24935369731027962	-0.8986863846876357	 0.36081229969994166
-0.09675545602741659	 0.8088659243771819	 0.5799778427753717
-0.5673349928044423	-0.2952900834205738	 0.7687228190791879
 0.0343584691589566	-0.9765511338820936	 0.21252618311786975
-0.6364555496868528	-0.44435255148341823	-0.6304562976630355
 0.9704579762502604	 0.24124394218194598	-0.003560434350329489
-0.7557460274814868	 0.6226207879136108	 0.20295639039898727
-0.4767335367491479	 0.17716705319369228	 0.861009274166842
-0.4797013939801263	 0.8732042880062018	 0.08602815830357957
 0.8159072178742895	-0.026030872804828752	-0.5775965767572169
 0.10009803721960403	 0.8119763673054704	 0.5750432695738597
-0.002478599330797058	-0.1389335061827257	 0.9902986102207414
 0.18986347263090173	-0.1971697720425183	-0.9618086830306931
-0.025817820390371157	 0.04954234891064969	-0.9984382784202066
-0.8568002002366564	-0.39177739840076753	 0.3352668891745081
-0.2539085493900452	 0.543645823865652	 0.7999872916116102
 0.6096714280277182	-0.7917363417355313	-0.038135482452447356
 0.7641883795818408	 0.5578979791521359	 0.3236757101946999
-0.785576422992869	-0.6157879212226474	-0.06062111607368781
-0.23971464183346541	 0.08944824914881387	 0.9667139707353283
-0.8406671294834144	 0.49553842148322885	 0.21845010926988784
 0.2385724834443613	-0.7220539535727822	 0.6494006916173591
 0.25139659618454485	-0.3232169653089678	 0.9123215139210992
-0.931630710933994	 0.36134350014128963	-0.038666436999841736
-0.458466197880963	 0.8407852425294897	 0.2879043614556769
-0.06675920669882031	-0.4960150797533131	-0.865743754801765
-0.8732886887755814	-0.4731494565443936	 0.11617425630651024
-0.17957906950055352	-0.8111121563990586	 0.5566403035524685
-0.9129106474158315	-0.2968336392770944	-0.2801498535218663
 0.5269405178106477	-0.6397126170966826	 0.5595546963584164
-0.00795265424689464	 0.5183430292003444	 0.8551358134061748
 0.4594989383224133	 0.524808306132491	-0.716545160820252
-0.7681107990054254	 0.2830324041000806	-0.5743678774797347
 0.8151245970893239	 0.03704173706506461	 0.5781001651402375
-0.29992469162244795	 0.08288438122423325	 0.9503553854765361
 0.004472164674813559	-0.42086576498473965	-0.9071119046771083
-0.03685496023735709	 0.7189086631824002	 0.6941268226392041
-0.14351834586857756	 0.1189731061165087	 0.9824702969658357
 0.6082485225749653	-0.675122504847013	 0.41742464976863425
 0.9467326307902781	 0.32154994908440176	-0.017405632442907937
-0.7830172494542703	-0.5935760861203713	-0.18588011470593235
 0.9484674690300399	-0.3168529870119739	 0.003693888647497978
 0.09413894943006684	 0.988220578314953	-0.12065631684691525
 0.031988970795681526	 0.5340837246948849	 0.8448261837582163
 0.945337289091613	-0.08821149158952189	-0.31393652639422487
 0.5216566075180515	 0.04693080258905441	-0.851863770564933
-0.7281302243697468	-0.21077431442027078	-0.6522273872967363
-0.023842941787342066	 0.9554761291632905	 0.2941035204244593
-0.43091657268225414	-0.848916413568513	 0.3060258651842245
 0.3951015571108184	 0.712056568081497	 0.5804052062314804
-0.09962133777791696	-0.8633823959835153	-0.4946174555806766
-0.6806811397884003	 0.01989099412746366	 0.7323097256550575
-0.8210381988791107	 0.26688702503811756	 0.5046460064715157
-0.7456147019696472	 0.5005376258071608	-0.43990999233712014
-0.6461693076028708	-0.7533609311411349	 0.12211688393579623
-0.912473286220881	-0.009475901151672572	 0.40902653854075255
 0.9815631324328317	-0.07432714812806891	-0.17609455442970212
 0.30222979338965333	-0.15742561149481238	 0.9401459082680368
 0.5285385577535399	 0.41921595279867385	 0.7381767931105041
 0.6716236568016255	 0.09387512897114667	 0.7349211684154042
 0.9615645329025283	-0.2609378560943064	-0.08546978601148858
 0.3180441570331671	 0.5596602603582348	-0.7652635540471107
-0.5063090421075064	 0.4194677937689484	-0.7534573139009206
 0.10994646633993874	 0.7878318171069384	 0.6059973617874423
 0.6492468395825258	 0.37241165808924503	-0.6631652118524622
 0.9251094977039476	-0.27256780673852243	 0.26434675709700195
-0.01725514041203169	 0.8612761677468487	 0.5078440932024941
 0.9859033789707458	 0.1672795290284044	-0.0034765646982821696
-0.19938159103849112	-0.9687083181332492	 0.1478214312419257
 0.0855666865689355	-0.45576212397213417	 0.8859792483472864
-0.9085114000450392	 0.194926431019609	-0.36960887770474393
-0.2577915157503243	-0.8693897269155939	-0.42155075274607134
-0.09623194629569795	-0.5297873949532274	-0.8426533858359646
-0.5210060903982388	-0.8335387586375054	-0.18375470502000457
-0.27599612731423007	-0.13365349186543896	-0.951820824430587
-0.6131623660224427	 0.6953423231533437	-0.37487460106743864
-0.33455235336620964	-0.5519366750711491	-0.7638328544704891
 0.25156520347018185	 0.2097646231225009	-0.9448353037907089
 0.19804026366232344	 0.13877600756678446	-0.970320191324689
 0.7999819415229816	-0.5984911079542725	-0.04286358520688793
-0.5066078782207658	-0.6566780486447257	 0.5586791549295615
 0.865213132655001	 0.49473393192026077	-0.0815142422404731
-0.6947388541751488	-0.6745021423566799	-0.24976946261633004
-0.5331425545890207	 0.23772516160498572	-0.8119395076150542
-0.1724551927260212	 0.9714100785287249	 0.16316147166119666
 0.982478387652832	-0.003783841877493231	 0.18633813441090807
-0.5714949510145816	 0.6932012835940484	-0.4391645493302081
-0.9902651441821978	-0.13635498403393445	 0.027968956843552606
-0.5884156757582527	-0.38254840353009895	 0.71233679638113
 0.25068594598296345	 0.7401486920466951	-0.623968324635308
 0.44899565031426153	 0.6743772643418017	 0.5861895694549171
-0.9952240043936781	-0.0042971414156394005	-0.09752289810227377
 0.8755940058284084	-0.45473784220874863	-0.16293750894343617
-0.7535398150096042	 0.5544695498335352	-0.3531872952169828
 0.6010721383843481	 0.356531448321589	-0.7152605195421995
 0.11890786688090009	-0.7547384252974533	 0.6451595373032586
 0.927357301062281	 0.37025468542253964	-0.05403613688207276
 0.9057183013211944	 0.2471216267459276	 0.34439114426230044
 0.9828024100706866	 0.15286616117510712	 0.1035922754206895
 0.8730228680295665	-0.09233670254708135	-0.47885802202757555
 0.214837832603706	 0.41557546782179056	 0.8838222311227761
-0.6092427824599087	-0.38536211560234856	 0.6930506993568295
 0.40467169136656866	-0.3078503416262984	 0.8610859361103815
-0.1386683205903935	 0.9302616190433461	 0.3396828182282585
-0.49282861853865767	 0.8085406992403013	 0.3215305435278004
 0.5943030519980455	 0.7207391992364385	-0.3568457496872086
-0.13924200918889623	 0.029013113357314123	 0.9898332698643519
 0.5417064490758252	 0.8361109593239715	-0.0864441248900607
-0.3944542767374192	-0.5453806718897716	-0.7395713260346299
 0.891223262713846	-0.2447568360753684	 0.381857548297873
 0.6736929867207282	-0.686717157677631	 0.27305183572805447
-0.4184023401254931	-0.82634524224029	-0.37695228133591074
-0.10053369182469987	 0.8395933882925275	 0.5338313583366656
 0.025454603031981902	-0.8740566308907257	-0.4851567470214526
-0.197567309077808	 0.9581864090449607	 0.20699266630795687
 0.4129053884306783	-0.8439691038326654	 0.3423817927121684
 0.47194083696290445	-0.5505959698848674	 0.6885607630073729
 0.4310452658457685	-0.6969523844333539	-0.5731119896011714
-0.4514691184806732	 0.6394866379766176	 0.6222800614736472
-0.857373601591003	 0.03326624451512621	-0.5136184033606388
-0.27630800442364106	 0.9523320393823238	 0.12929645570288884
-0.534723617523463	 0.16341720506263618	 0.829075068948607
-0.49444015294201543	 0.5193791423257081	 0.6969750653184719
-0.6260713361042739	 0.5376053727359662	-0.5648142573572592
-0.3932670874125022	-0.1409531685057177	 0.9085555581505658
 0.027637592700694796	-0.012884228849331911	-0.9995349719327826
-0.4633918503956152	 0.8861343357824376	-0.005825112389116871
-0.3372139931165374	-0.2587453332378738	-0.9051726771031159
 0.127209189414722	 0.9908493690289899	 0.04511485368813761
-0.9608549307845184	 0.07038066293445719	-0.26796336367493323
 0.48247355293074146	 0.8059427332274607	-0.34303874632501397
 0.45972125388772983	-0.25223283792495427	 0.8514898497317611
 0.6233317128098234	 0.20835496786870208	 0.753688120624177
 0.12191437994896075	-0.8458581791848334	-0.5192887680932243
 0.8827132639657091	 0.25684122919205005	 0.3935096906127231
 0.8827150838419241	-0.34153813309814773	-0.3227472453759703
-0.2801352561024539	 0.8377780614734621	 0.46867062848249885
-0.6712042045787203	 7.064644851483385E-4	 0.7412721609933686
-0.8249101604314523	 0.41372141647604305	 0.38517245068412187
-0.6589179526126377	-0.6632497940051713	-0.35486172303711117
 0.22620847604827912	 0.1906651878052213	-0.955236364217315
 0.22803661087704757	-0.962946230544164	 0.14399257335187743
 0.3972736186245947	 0.5283485110892499	 0.7503476012986867
 0.703707815432247	-0.5947154781089014	-0.38872716730024837
 0.17361373138002525	-0.06435819775451447	-0.9827086519707127
 0.6909636190418912	 0.11164228574822921	-0.7142165478294684
 0.6639278132498488	-0.27104433675540207	 0.6969467887192666
-0.09269927213206136	 0.9421989204116709	 0.32197521538352625
 0.20369935502729108	-0.9303052525864388	 0.305022474207308
-0.45985695920940683	 0.3797955001356843	 0.8026748751165464
 0.08623419986422884	-0.0012084849129962	 0.9962741602279923
 0.5969950385253693	-0.7454759330178148	-0.2964161892800583
 0.52371034737953	-0.8178851595648774	 0.23830933219483263
-0.36683808284332614	 0.6223641163018151	 0.6914424977651388
-0.3811092694368495	-0.1568443978793133	 0.9111287283382006
 0.9023320198825988	 0.14147165951507545	-0.40716421189569174
 0.11596953127491236	-0.948322324806208	 0.2953571331287361
-0.44031039985377557	-0.8095883832752327	 0.3881924798941925
-0.7156678025828517	-0.665824785650595	 0.210943004528644
-0.8734871717060049	-0.35384143340920515	-0.3343895944373316
-0.11347414834808313	-0.8133751330408807	-0.5705650800806221
 0.7027524737970784	 0.36323809947377994	 0.6117164732641773
 0.39297814994031477	 0.824685399132457	 0.4067704096013225
-0.22382404875113393	 0.5238957340956302	 0.8218491680333142
 0.17699338773019122	-0.9120800620544732	 0.3698422651651627
 0.5746868860600536	 0.6314599246193011	-0.5205702129303842
 0.07433098499551978	-0.984140486071505	-0.16106647181998412
-0.6131336620887167	 0.09317412358753867	 0.7844652287433609
-0.9169515032954884	 0.33249719373587294	-0.22055737748239856
 0.06092552386964869	 0.9934864974164807	-0.09629465194050058
 0.9655027035136279	 0.07333209620462032	-0.24985382361315156
 0.553972045779999	 0.06561459695193382	-0.8299455989166746
-0.8035125489683715	 0.48266858029229986	-0.348423054990576
 0.9743603839478057	 0.025131515066624446	-0.2235849931089755
-0.17260150463487953	-0.12583001347935346	 0.9769214545220928
 0.9772663392989736	-0.022860129224721085	-0.21077930772495823
-0.05258865352700556	-0.9838960475311233	-0.17083032860956004
 0.2935859763343199	-0.11077939933532338	 0.9494920743127502
 0.3510788104652186	-0.7121625387469984	-0.6079212015119697
-0.362991288479013	-0.8243761896747706	 0.43432847291612453
 0.9917529803386613	 0.12487720710927425	 0.028839367780347347
-0.6560096323079199	-0.5818971523115753	-0.4806735549735468
-0.6367742222514847	-0.24478822353986632	 0.7311616206367872
 0.07903277469663024	-0.4013840041651192	 0.9124936721556633
-0.5292652246459766	 0.809911607848966	 0.25282703465402334
-0.9002824064816937	-0.10357307241835392	 0.4228051646436606
-0.9965399600351929	 0.052517127464354905	-0.06442095447871776
 0.49481500811298884	 0.6456531129055214	 0.5816271705668097
 0.20831584182484303	 0.11263683837628252	 0.9715541429510772
-0.532159260694304	 0.8337517983517257	-0.1471885185826498
 0.07564994765934073	-0.7601883042079749	 0.6452835249443012
 0.13145687176392754	-0.5056616605922027	-0.8526578304766679
 0.014346431516391691	-0.2809232356905297	 0.9596230069938447
-0.7983603529715865	 0.3370659619450448	-0.499006296654807
-0.2240633020277704	 0.03891932391769394	 0.9737971672325823
 0.16559753793948187	 0.12263912171881304	 0.9785382472097961
-0.4850986173177111	-0.2693980627857499	-0.8319278906514254
-0.3960831164551274	-0.3097766884546012	-0.8643821887043339
-0.6226282665658223	-0.7569490210246066	 0.19839914627621025
-0.9490698979055914	-0.0946101880513221	-0.300524942735813
-0.5503587726201291	 0.6801160135403648	-0.484300969982538
-0.837674199405756	-0.15965272393810068	 0.5223149848406325
-0.5901271505054406	-0.6324823574998621	-0.5017130790479214
 0.6904364119768882	 0.6506523558811357	 0.3161472327932169
 0.838796760093298	-0.544155661562689	-0.017737284072225412
-0.9588038589642759	 0.20605889826278864	 0.19553744010275564
 0.744028727559529	 0.5539869687554546	 0.37352334734965487
 0.6208099043099448	-0.4600620235706206	 0.6347739732997746
 0.3566452917779881	 0.9273048644345238	-0.1136214075280848
 0.397447246361907	 0.10614421081819744	-0.9114653547278249
 0.460135818074017	-0.13462522702675087	 0.8775825187259321
-0.7930515215355592	-0.5639770745535816	 0.23021542860572608
-0.14568374069991805	-0.9520354140294822	-0.2690814340109542
 0.011742501392952586	 0.8824086332214686	-0.47033723824215334
 0.8143283644800949	-0.4990707031921231	 0.29630684774148164
-0.8982152596466552	 0.3405824184264736	-0.2778722073124018
 0.797472037834477	 0.339571431794989	 0.49872797352948606
 0.7872072635544488	-0.0687949889860671	 0.6128392723198501
-0.4605657932194606	-0.6596568488302429	-0.5939124446477637
 0.5296349347336717	 0.7566674574054789	-0.38332909466043263
-0.6624935142953309	 0.716483256233823	-0.21852708539949894
 0.02302015370311545	-0.834818180124927	-0.5500442515438098
-0.5955633541683968	-0.8013597323637383	-0.055918427352766864
 0.8772006937224712	 0.09017611895596565	 0.47157948481974366
-0.5341405067004387	 0.5698959740710537	 0.6244297381126267
-0.45827869825432394	 0.8318492772969952	 0.3130613591403273
 0.5812421174793281	 0.574062668530858	-0.5767232035104684
 0.739642596343271	-0.20058984591395604	 0.6424115062721094
 0.05116489005678413	 0.8464710896268751	-0.5299706109317461
-0.9488036135259404	-0.263535176068423	 0.17412901520052082
 0.2964468603736722	-0.9521171176840062	-0.07478136925526879
 0.5425228052914746	-0.7552500670872572	 0.36778572824861255
 0.4487116058680368	 0.8898168408530973	 0.08296917797315628
-0.9335802241436015	 0.07797401117619061	-0.34978281642910636
-0.35953664441670147	 0.9331254447522966	 0.00321024569261974
-0.8275869983565299	-0.11899838346625258	-0.5485792056609942
-0.13370349729694106	-0.5263269468709344	 0.8397043049836577
 0.05005321698114128	-0.504704671288121	 0.861839817048266
-0.7402840574923703	 0.03831769729419086	-0.6712013619598098
 0.20819570348438482	 0.9313322371456348	 0.29878891061073376
 0.6311303423789465	 0.24828186706642308	-0.7348677468869107
-0.6794586007802121	-0.7023109645163698	 0.21235658441847916
 0.8552249928967378	-0.47184749729149467	 0.21435986290471387
-0.6975020095895504	 0.4392186215953331	 0.5661960341281405
 0.9735492009993238	 0.11175372499356719	 0.19928135433010397
 0.7136212223470499	 0.36782429598972877	 0.5961963085222541
-0.47932870650674547	 0.595601933383012	 0.6445947006212418
-0.3663655004432651	 0.9128744606838057	 0.18010146894516654
 0.25128115314069344	 0.8423200967427829	 0.4768171942154691
-0.3753806048811062	 0.9258387858844914	 0.043725782223143383
 0.9449472434959638	 0.3233411788610014	-0.05025125930917285
-0.8045061738380539	 0.593741718143699	-0.015510912037123736
-0.3703575178135527	-0.7842254203688377	-0.497821051228555
 0.7603451265685742	 0.5704537749063716	 0.31057652712091643
 0.6565084386179968	 0.03786262704044988	 0.7533678327994604
 0.4400187310821926	-0.869111052997207	-0.22589708686679244
 0.05342199405815311	 0.9163308765796826	-0.3968423051762011
 0.7313250404517024	-0.3576090328306559	-0.5807576644748125
-0.35201637375824857	-0.6509204068063554	-0.6725972766887638
-0.8724784081132612	-0.48781261658762126	-0.02864050408229679
 0.6742029895801079	-0.49762335580833394	 0.54573008401159
 0.7494493677575835	-0.04150256377575853	 0.6607595495850191
-0.08610274225746954	-0.13221203472387658	 0.9874747063342515
-0.3172149255783956	-0.9012223674635885	-0.29525063145337693
-0.2548629870177795	 0.33514386368548843	-0.9070410401312268
-0.34100559924850615	 0.09027012803340885	-0.9357170968118511
-0.9307563335254018	 0.1372928808423566	-0.3388853972545254
 0.7088294051973658	-0.4459310701992852	 0.5465403507138964
-0.1345874621946027	 0.015883291530518852	 0.9907744123008895
-0.5377992158996299	-0.0344324411540001	 0.8423695212755027
-0.431884420013656	 0.5181885287011925	-0.7382116881166008
-0.8588439755468402	-0.3897360865128409	-0.33240458561300557
 0.46196141054497364	 0.4940451012677426	-0.7365535235681411
 0.92129814267442	 0.3445745753273771	-0.18021679816993186
-0.031612680880227076	-0.04516327920800063	-0.9984793020482423
-0.29827936424105655	-0.682630931674245	 0.667116505559189
 0.01689445792245562	-0.6018417412379546	-0.7984366573468262
 0.12652732934249414	 0.7524620248633394	-0.6463681118898263
-0.5269433337480754	 0.44340190824642667	-0.7250692868835997
-0.494248519479406	 0.24140948447065655	 0.8351286498498462
-0.17680749969742016	-0.3354244697186245	 0.925326716984183
 0.6087285870873642	-0.2509314565525582	 0.7526505904967011
 0.657352437522041	-0.0402078209703929	-0.7525098697137758
-0.9766411325499359	 0.18718620263136937	 0.10551504042564974
 0.4223635373404537	-0.0285425830887141	 0.9059770213840321
 0.1155936795624249	 0.9479934744824466	-0.29655770700475514
 0.10678779996409181	 0.9698225670985626	-0.2191815551664491
 0.7882432038314772	-0.2903033791255071	-0.5425832652061806
-0.9113421838924031	 0.24852724938890314	 0.3281609820947813
 0.5913358360710785	 0.37961146735121076	 0.7114893272801632
 0.7626831919217555	-0.6234345175932969	-0.17217360724935693
 0.20903625162837397	-0.03743593859877302	-0.9771910744610739
 0.3426808002368985	-0.6523193072581089	 0.6760542807551031
 0.9833085597500992	-0.17003524356434965	 0.06474791323431006
-0.04353013523993628	-0.3636436539725967	 0.9305205103873053
 0.7514438972611702	-0.047752613577305626	 0.6580666813974709
-0.7833640825540561	 0.23858659597803997	-0.5739487349788774
-0.3270147020619603	 0.8864055172964627	 0.32763797634236136
 3.435894497992414E-4	-0.30208303051775953	 0.953281555795294
-0.5287214960572785	 0.8149398535128761	 0.2373322876545989
 0.1594507403858931	 0.6163439194661446	-0.7711651148278824
-0.78616908499497	-0.6048722159426884	-0.12675871638176806
 0.35601264326331605	-0.6362486291644169	 0.6844287250861605
 0.5303822844010311	-0.6234106524287965	-0.5745030816556567
 0.8835373287338805	-0.0663388556531494	 0.4636388087341581
 0.837423754937844	 0.09359692428484223	-0.5384803343022095
 0.1627413171850159	 0.8115805044027827	-0.5611170542357544
-0.524674539395051	 0.25760688934016945	-0.8113909774424859
-0.35234534277283447	 0.8192127338263974	-0.45248564194123775
-0.8468723498103643	 0.3806494612290529	 0.37136667970175186
-0.9453809025075959	 0.13922233308205142	 0.29474071850545847
-0.3709167347030127	-0.9067686016838111	-0.20047812578344026
 0.7125052989202307	-0.691744170770672	-0.11758486813951907
-0.41185836917543833	 0.10044124977736582	-0.9056954449942372
 0.5432501588943293	-0.8339982439431387	 0.09657222147722822
-0.7838730702430325	 0.17210328536480066	 0.5965932189644831
 0.5675225376535911	-0.027118837730573185	 0.8229111360866197
 0.8804129466151488	-0.46404704509051203	 0.09763904636566001
 0.6981429897412429	 0.7017868328576307	-0.1417448662308971
-0.6559494084092068	-0.10996783788213946	-0.7467512626297588
-0.2479983312378583	 0.799318204082098	 0.5473456278497226
-0.4218394170090208	-0.6164247206568235	 0.6648850051103925
-0.8321449035605686	-0.46521580213709673	-0.30184286792983817