-0.805023728180888	-0.39902004749341	 0.438998631847641
-0.8318226151413214	-0.3882457389126462	 0.39665650524808815
-0.643242017196751	 0.485856892412312	 0.591762441701149
-0.7139611095425681	 0.45260113616021214	 0.5342394085119802
-0.25197376566122487	-0.13143752902587094	 0.9587666021415615
 0.8274180718727038	 0.31030823431928695	-0.4680685142712589
 0.6690637615894501	-0.6450527479688322	-0.36913498244630505
 0.5917048371377609	-0.6891801258953519	 0.41822976912056686
 0.8834101109157407	-0.06338110551919719	 0.4642945308691489
 0.6352887610746938	-0.3398574854211529	 0.6934732003872908
-0.22803886903936588	 0.5655396850720278	-0.7925674348696636
-0.452672254872321	-0.2086452498453	-0.86692271246392
-0.341675112126746	-0.663814871936697	-0.665287857659256
-0.05275320761172829	-0.5423812595354499	 0.8384746080779147
 0.5932927100663922	 0.6905333871388664	-0.41372382265057017
-0.8972798483572345	-0.07710604074294017	-0.43467635340902383
 0.15528853623665198	 0.44969735334460287	 0.8795781721418158
 0.760312548198795	-0.0625576899157799	 0.646537983790478
 0.3530127230384731	-0.07533000527732481	-0.9325810461712593
-0.6689581162040439	-0.7026558939778489	 0.24242469639648295
-0.6674879647462328	 0.5484334444394929	-0.5036671261251479
-0.805724314576349	 0.490371423453698	-0.332180968690963
 0.9844333959409898	 0.17459883066497198	-0.020152848099337695
 0.4925212148556372	 0.6959769499422593	-0.5225312795098462
 0.23990005174472512	 0.37327844818537514	-0.8961646976383284
 0.6631015146359049	-0.5139072565432049	 0.5442386544153269
 0.12485253983456297	 0.7881747051652188	-0.6026545257729169
-0.7641264396912077	-0.2756542357297819	 0.5832028176278549
 0.15838494118981408	-0.6178864220299503	-0.7701497126373064
 0.642008852202077	 0.0683666288147585	-0.7636430041313
-0.1472638490682901	-0.4171296975893903	 0.8968367600330486
-0.897904447218521	-0.234726890897068	-0.372385405668641
-0.28206534086929996	-0.6641211596270299	 0.6923743415349349
 0.314397167736411	 4.37417860386001E-4	-0.949291435537548
-0.3126800805218022	-0.5649238001708372	-0.7636047847187833
-0.6447526803065221	 0.13572258697941503	 0.7522455454312582
-0.04877863159984171	 0.3627126795289871	 0.9306235314068462
 0.5673960090319647	-0.36353232895834886	 0.7388545288057167
-0.4565697414949522	 0.19220516835953208	 0.8686778714846584
 0.6359848409539541	 0.7263864668567271	-0.26054938657416704
 0.4059987993725848	 0.9104021211175726	-0.07957985154952565
 0.0678156082636542	 0.996501380053142	 0.0488471373574116
-0.36199718634471917	 0.5784083283450813	-0.7310279357039343
-0.6371611139292398	 0.7248215115596978	-0.2620295618375249
 0.17078660686780991	-0.9797456143880605	-0.10454886896538895
-0.173031235163828	-0.8966519889492	 0.407523499164311
-0.2672558363643699	 0.9318124149371696	 0.2455604636299199
-0.7427957091893689	-0.6595247097932909	 0.11524622155167698
 0.10324324720697096	 0.9776655397173075	-0.1830598928095019
 0.8600552987402802	 0.4572547384562701	 0.22632495944560704
 0.815260254207303	-0.203369871503279	-0.542209750257761
 0.9382034150311745	-0.34543030412571185	 0.02126633526162839
-0.622063862375791	-0.723177121886211	-0.300085656948961
-0.8004626988657023	-0.20025762340490008	 0.5649392462848172
 0.868497807325899	 0.170400828951775	-0.465483744251777
-0.32916173277566707	-0.6015722264613521	 0.7278484801292451
-0.49793957970962066	-0.5859064445243215	-0.6393510876063906
-0.7171798361401649	-0.3800478030967479	-0.5841376122073478
-0.0893928123811942	 0.00305082644364023	 0.995991775845861
-0.38820566056905503	 0.9211123202018022	-0.029128313967616806
-0.561552383421883	-0.692124467201015	-0.453456329291933
-0.259830407383104	 0.494977512997727	-0.829147406089964
-0.5089420692505292	-0.31359844522023417	 0.8016445504726153
 0.35243819455731107	-0.9354614833907492	 0.026441106436044207
-0.10397134194592902	 0.5794489268998101	 0.8083494919702873
-0.008680782823393707	 0.36122514170208786	-0.9324382236973555
 0.280105450233438	 0.747612770124271	 0.602176122655687
-0.7356284549842512	-0.13800199952186204	-0.6631788780905582
 0.408411459650271	-0.667885460626982	-0.622196987383754
-0.278476275434374	 0.100113398363184	 0.955211113570384
-0.9052135977049325	 0.39871745738358316	-0.14701269233526507
 0.5478414149555452	-0.6879533481005613	-0.47601467928703023
 0.3833109256612101	 0.6770468688401601	-0.6282358407974521
 0.28274267496626493	 0.8921123801379718	-0.3524089683272609
 0.7396618928206888	-0.5312597033193969	 0.4131142843547079
-0.21644961771768098	-0.41151206648403393	-0.8853289683094698
-0.19888250395351495	 0.6533450321111289	 0.7304697246545458
 0.06985891533579233	 0.02630656291073681	 0.9972099561756944
 0.172181093432564	-0.82662627333852	-0.53576363752203
 0.6347365667742695	 0.28353608042404116	 0.7188301481555884
 0.22807110533347694	-0.9600211563383558	-0.16230511481383597
-0.08974148264465119	-0.5814811637537369	-0.8085951536413878
 0.25481553384999694	 0.8019420299454628	 0.5403314023038929
-0.9327992295430074	 0.17539291366449106	 0.3148379316414281
-0.5073415136888261	 0.014832344213866004	-0.8616174267347733
-0.997244827294279	 0.0333047304658507	 0.0662838544700055
 0.750466103236816	-0.468073660099238	-0.466591552231555
-0.8334396539242238	 0.29926177900022793	 0.4645650986635659
-0.9925508686466396	 0.10931092418927196	-0.053794934721482376
-0.024396348932843117	 0.5648373174289604	 0.8248415744847025
 0.9937812128345116	 0.09538419354789365	-0.05745221177975087
-0.7844264283386082	-0.6005649243725081	 0.15490949014627303
-0.5300746635027258	-0.8464057340441407	-0.05116819803033388
-0.009263674589903563	 0.9103286246433915	 0.4137825268035902
-0.8323062970374447	-0.12630180709657196	 0.5397351956616849
-0.13929815534957296	 0.7051646978143079	 0.6952256992320279
 0.87201693274571	-0.260632666111701	-0.414315196873432
-0.5177518209474279	 0.5162825221709739	-0.6821916220582019
 0.7902514215067676	-0.49983834490537177	 0.3544916356824118
-0.7266879567761065	-0.41679868837241973	 0.5460800919714967
 0.16161983963734897	-0.7903741569386388	 0.5909210771999369
-0.3921762008556187	-0.8923361341045345	-0.22345928321246286
 0.7439437081309339	 0.6177618553892499	-0.25479020616661796
-0.006166668111295192	-0.5991994390151001	-0.8005760454125482
-0.7540212820806143	 0.6511378323577931	-0.08643743079188282
 0.8303196696925741	-0.4602914646109361	-0.3141671748097401
-0.8920576325338793	 0.3874229312387611	-0.23267284454447407
-0.3534410108935808	 0.8566106421864836	-0.3758958093825788
-0.9083603021987933	 0.4053325869282781	 0.10289341749279703
 0.12815036557739995	-0.9024792930217226	 0.4112281720278788
 0.26031778345509304	 0.22716673361074805	-0.9384188439911312
-0.0222994943947685	-0.347506914574665	 0.937412223556176
 0.6099870974346778	 0.3568181979034099	-0.7075284549812678
 0.4536214876024422	-0.5529437106363703	-0.6989140139194733
 0.4171626611246212	 0.8309835908344123	-0.3680238931474022
-0.4598265552990071	 0.7378172235960392	-0.4941510736676401
 0.040988847379194886	-0.6497616252238487	 0.7590321105045479
 0.16298554014083103	-0.4561856318903691	 0.8748316312078492
-0.852303276136034	 0.341186200529353	-0.396448107646042
-0.17505134193655797	 0.5209513575449779	-0.8354440201223868
-0.8686089822705146	-0.4612507102905328	-0.18101441427538292
-0.6297827452416113	 0.3481071544722581	 0.6944026949840902
 0.9446844739737155	 0.30863003197772115	-0.11098985536721505
 0.7954263541580352	-0.13790975933898802	-0.5901506700749551
 0.279489364677725	-0.844410878307585	 0.457007618785349
-0.24839969092179195	 0.24743675503293494	 0.9365215671882468
-0.0907994066677494	-0.605041265133336	 0.79099970621653
-0.414781654604636	-0.768571642637837	-0.487087065252628
 0.22653704558987306	 0.04734832669837231	 0.9728510178512823
 0.8264238142775103	-0.5621017145771402	-0.03263957206291961
-0.39445796480905315	 0.3094929011984121	-0.8652265935039734
-0.056623545237924074	 0.6077788483185088	-0.7920849990129316
 0.2594143076690849	-0.43144638103797084	-0.8640360161855567
 0.5370117677869469	-0.7372346037412919	-0.41000426864211886
-0.7427254093418928	-0.47392528818510377	-0.47302620174424176
 0.240817778994008	 0.25764651855176	 0.93574840037189
-0.41355916067785115	-0.4532376262058072	-0.7896483235027834
 0.5666069509616202	 0.6645027768512002	-0.4872295379787852
-0.393024954481294	 0.508305326562933	-0.766261756936053
-0.98174933199291	-0.190105386854245	 0.00530952168022375
 0.12478368283602898	 0.9059695421575977	-0.40453457352942096
 0.896903922698264	-0.435359853218232	-0.0776218503661561
 0.5233145592108582	-0.5518453714013593	-0.6493139134354363
-0.013787112647514307	-0.9717902523463334	-0.2354434559920801
-0.026527903479957905	 0.2850512707892561	 0.9581451055859902
-0.3689898413138722	-0.19160524163904508	 0.9094690365172454
-0.69977902703052	 0.55695600374676	 0.447335805875919
-0.121217967942772	 0.644587920473053	 0.754859335921634
-0.35739947090596696	 0.17571069884925297	-0.9172738786785778
-0.6594443126426172	-0.0064306490869407915	 0.7517259110045542
-0.0456800438965085	 0.966599578421116	 0.25218760593204
-0.15118242867910212	-0.7814166518365285	-0.6054187720010654
-0.20449197096176003	-0.9700418144120052	-0.13115606011328404
 0.148746789425343	-0.861631016102076	 0.48524878642461
-0.3699996304060692	 0.3894627025632483	-0.8434566241434726
 0.25534225809548106	-0.9189589604886153	-0.30052414240520603
 0.17826651436548197	-0.9441575747605998	 0.27710561863333594
-0.19775103890185194	 0.8621535343787547	-0.4664609413139109
 0.85329622917714	 0.51516176287529	-0.0805847587531111
-0.7073426192954841	 0.20762212554748904	-0.6756918468587191
 0.3406438074062312	-0.8536845885927743	 0.39393453729645517
 0.130472352043682	 0.300928377959366	-0.944679351256782
 0.8240519420739973	-0.42653834241839417	 0.37283164995885515
 0.7353222651686963	 0.3321699737003871	 0.5907319823059032
 0.5063628210323318	-0.7889686554126587	-0.3480303927137978
-0.3412653070799059	-0.8947007349780017	-0.28818151400372893
-0.5409614709516818	-0.44326702525966777	-0.7147552247190907
 0.7769736570960594	-0.20498057464341407	 0.5952267636771982
-0.6204385734214279	 0.06110643800753489	 0.7818708204331548
 0.947318352037037	-0.296705784950904	-0.120638373126053
 0.17129664715430298	 0.37455684061602595	 0.9112434536507987
-0.022703906613891604	 0.13998568991305202	-0.9898931958772292
 0.697758092709113	-0.314529362158932	 0.6435875421408
 0.6136864350644641	 0.7242722323761152	 0.31435440640587203
 0.315121059356434	 0.820446922648379	-0.477038326622593
-0.906198900719265	-0.407379407686542	 0.113338301240835
 0.97411857137696	 0.116240718437967	 0.19385846454446
-0.3909253540021877	-0.8177349608289655	-0.42247710167098373
 0.16364638557150396	 0.5725090323783099	-0.8034010631898828
 0.8771646249442084	 0.45957209071138466	 0.13919667447770892
 0.6914310800878078	 0.21622508180666294	-0.6893255946838979
-0.9936141795929833	 0.10920483607402803	 0.028375445191352707
-0.755571723741026	 0.587768602332387	 0.289204841583344
-0.8830652291682768	 0.09583384339523088	-0.4593600717237809
 0.5171832398294468	 0.31111580088814783	 0.7973258147565797
-0.4650245428461301	-0.8852328600846312	-0.010721845789404301
-0.08754448212699499	 0.9961585329761138	 0.0020349024529605496
 0.35077555175620995	 0.6280890543712779	-0.6945938756346189
-0.9621385610148405	-0.041927656511354376	 0.2693166556820389
 0.6295367147641473	 0.2150510389030351	-0.7466167527123203
-0.225493798910233	 0.170595830475843	 0.959192164937396
 0.6982799366466991	-0.5342864746781801	-0.4763854458866731
-0.03438783592535039	 0.4895058937657509	-0.8713216723512418
 0.7963570072614177	-0.40167437169785286	-0.4521871472153688
 0.378054758062197	 0.89342314576012	-0.242630753464241
-0.6869510145836182	-0.2151140386151181	 0.6941356163987202
-0.116895894072917	 0.881392281471106	-0.457693124388003
-0.4291856096218721	 0.14031807965467502	-0.8922502726340442
-0.7697930271958592	 0.08121491330020991	-0.6331057045535721
-0.782233972615442	-0.0849907028002517	-0.617160102828904
 0.7248495723301921	 0.6026389123374372	-0.33379550450760803
 0.6867900814455761	-0.17685908167845601	 0.7050108149921052
 0.9515316171751123	-0.07852980519886682	 0.2973561016887731
 0.7139731936544296	 0.4793462824069167	 0.5103620482417977
-0.290379278018394	-0.930313909093439	 0.224044427390642
 0.8332292351161208	 0.4955350215745329	-0.24530406466451293
-0.458319195242809	-0.868757259698672	-0.187628193491379
 0.12173355988603797	-0.9548182795128558	-0.27111435503414893
-0.12398269336317995	 0.8487548873417476	 0.5140461389407658
-0.23280059397338296	 0.07099673061141559	-0.9699295581062217
 0.8368696416851746	-0.3326730014253748	-0.4347158577143928
 0.7376763770915741	-0.3452898348519591	-0.5801797071847281
 0.30674365443275176	-0.8836579116810525	-0.35363402775853175
 0.737553790653195	 0.169381671833327	 0.653700432262401
 0.05462124314128309	 0.9978452432642427	-0.036350932486321395
 0.3083378863462338	-0.9415068428568223	-0.13598754611108993
 0.9279792602927613	-0.2650527407862108	 0.26191895133460086
-0.5231363381014703	 0.4764818900785843	 0.7066069488654384
-0.395110139431787	 0.911923078073742	-0.110834459419019
 0.899864423898897	 0.104933693750993	-0.4233591129489
 0.8931347311791012	-0.31130476307584504	 0.32465319411323607
-0.7542279219411865	 0.5358288449112126	-0.3795098032006487
 0.927809952768799	 0.0273550541752302	 0.372048911507922
-0.4614014153610072	 0.8850506540597235	-0.06159605223806973
 0.909956697158334	-0.0413826825532952	-0.412633351634825
 0.9879444400499622	-0.13554022889402903	-0.07479725747459562
-0.6889531927113102	 0.3519123598278691	 0.6336412149262962
 0.5316874714867094	-0.8140906015207056	 0.23359136366682218
-0.0694849151809713	-0.801265555715784	-0.594260343440288
-0.6092651131042228	 0.7571012002703267	 0.2357833634999069
-0.9879302425610228	 0.10856678681609297	 0.11048569424929197
-0.591567515317565	-0.014912639840511	 0.806117539812892
 0.6911686760840992	-0.4143746721751491	-0.5920975361035471
 0.100769901778977	 0.102036939059124	 0.989663523609363
 0.5527344068081214	 0.8120442327758945	 0.1872667603871101
 0.0509069951750961	 0.500792537285817	-0.864069043792842
-0.30635265224084707	-0.9409805150610272	 0.14388788253526602
-0.12882371594789	-0.82042792079998	 0.557048002403024
-0.330728263232661	-0.874962665245027	 0.353637031893475
 0.21559910168512592	 0.5100214049752568	-0.8327035449784227
 0.4661056196036562	-0.6122601116310643	-0.6386572688691553
 0.447106907643784	 0.877672837773949	 0.172585639527269
 0.727191075515408	 0.357564743763988	-0.585952723099516
 0.26729883312814195	 0.4424251536459739	-0.8560439925784598
 0.93016790676769	-0.3078591294476	-0.200026052391132
-0.30946040800894803	-0.7165345899765091	 0.6251499318100671
-0.32641517713902113	 0.028411900221019012	 0.9447993946119635
 0.1982969733525061	-0.4950883013163042	-0.8459112744602544
-0.03964633413191471	-0.7074076098266961	-0.7056930223186151
-0.870714765670221	 0.235483071243374	 0.431744739402393
 0.8104077006198068	-0.5748993369248729	-0.11282779435697197
-0.38385829301220314	-0.9165962898007184	 0.11182152033180105
 0.3850175074664569	 0.14897495785191298	-0.9108062257567948
 0.44548875433454826	 0.49442543953380635	-0.7463801005541715
-0.753691079802186	-0.654993546150575	-0.0541591241409009
 0.515363089133707	 0.627351817240903	 0.583806974746876
 0.017553420298996897	 0.9807657720074138	 0.19439747399209795
-0.589167385811519	 0.482198544241645	-0.64835665757919
 0.41798120426784985	-0.4296211508567978	-0.8004482366869696
 0.7531876477737595	 0.6364695201373376	 0.1661773666212659
-0.789259143677278	 0.576859464893918	-0.210483162946855
-0.0412815410377043	 0.770004653862861	-0.63670139578855
-0.22652432662608504	-0.9588120430278392	 0.17136567798535304
 0.316446032499732	-0.618420382209781	-0.71931782918449
 0.7649074349620628	 0.6391414210793479	 0.08009281990559018
-0.30462550622644397	 0.17879557721347597	 0.9355401875521878
-0.148290457539169	-0.624972007418714	-0.766433252244347
 0.9691279355139533	 0.043503664647396204	 0.24269008172710704
 0.03164557354767052	-0.8061334682729475	 0.5908869511209974
-0.912316278429611	-0.31951779988558	-0.256100339063858
-0.168881973410199	 0.0115860086723839	 0.985568183059965
 0.9333835694784988	 0.32847711641157096	 0.14456104669486797
 0.074695625396233	-0.468132470404188	 0.880495629574581
-0.23360049446279593	-0.33353267158241295	-0.9133382538653658
-0.9636756814064582	-0.26396369583487805	 0.04064908789862661
 0.980407422593917	-0.187850300911539	 0.0592752070447418
 0.450160516200399	 0.362956187108049	 0.815854347230054
 0.15940561889374102	 0.37309253602099607	-0.9139977069066012
-0.30335163465210385	 0.4672598367205158	 0.8304492945037727
-0.778065576952468	-0.412161792327226	 0.474063935463595
-0.984422757152193	 0.109867838526608	-0.137262133373941
-0.012657991002017404	 0.9299068206791572	-0.36757731175655406
-0.28289452771990886	 0.8465984962704327	 0.4508233271457588
 0.28221602560430314	-0.018844556405238615	 0.9591657821179826
-0.014069518003385196	-0.7640087105560678	-0.6450525086050029
 0.13165611409723196	 0.9912078915584138	-0.013175102775333297
-0.8930648089514788	-0.2582949997264479	 0.36840051591816897
-0.6621880030355446	 0.6422143130722635	-0.3860930259936307
-0.38160009011109886	 0.18587996774448692	 0.9054446470207386
-0.328864158678379	 0.64476131806982	-0.690022614019012
 0.6290158916441541	-0.7761588196535132	 0.04377778812566291
 0.287224667795079	 0.783531850005433	-0.550980789353921
-0.6123901349393139	-0.5381500077545359	 0.5791138849853299
-0.8809444804091442	 0.17350576510233906	-0.4402642069404631
 0.06686121697712191	-0.7752620620917853	-0.6280910067383001
-0.1562719858487639	-0.23254909341212884	-0.9599479077492074
 0.6507152334483998	-0.7312163617345407	 0.20467612779680996
-0.7348744985407489	 0.6581047741609779	 0.16388281673504196
 0.251360560611285	-0.964614781302755	-0.0796002026468451
 0.1794128292055019	-0.21613522844231786	-0.9597377765528793
 0.218478729326855	-0.559106879048063	-0.799791561991534
 0.16281009177218111	 0.6912121044835364	 0.7040729370119084
 0.719320542181389	 0.693955682637661	 0.0316775651016705
 0.851469828683946	 0.38314967153793	 0.35804393590914
-0.361939226173277	 0.834408505081135	 0.415647017558595
 0.115301638805007	-0.489482871734291	-0.864356437106609
 0.279986232220364	-0.496991962000082	-0.821344446303957
 0.941912204815586	-0.0278034934914607	-0.334706385013958
-0.8802939504975242	-0.4742598793932471	-0.012654150124181803
-0.9486017335509525	-0.1874327034636891	 0.2549975152357781
-0.72053172067182	-0.541352563899448	-0.433326021680213
 0.5874277281427939	-0.6101035738482189	-0.5316975581913339
 0.431827384878919	 0.897515462315097	 0.0893929783257726
-0.10329022020757797	-0.10426151889537397	-0.9891717070797668
-0.25229376520086705	-0.8889874109781232	 0.3821638904490891
 0.0811699703546809	 0.5669044915277	-0.819774806515997
 0.8193704623305018	 0.052584691524309286	 0.5708475240180979
 0.7556016186269162	-0.6044121822555941	 0.25249179762799207
 0.7315150177841536	 0.08361859097876775	 0.6766784391414987
-0.6939420092242878	 0.29053000809367496	-0.6588146949111319
-0.551400514155109	 0.152073059931046	-0.820262919698733
-0.014166172333244994	-0.3346426297488898	-0.9422386268436316
 0.366741419926079	 0.771775289659988	-0.519484006665119
 0.450009092795884	 0.112820633755144	 0.885868681577644
-0.847258379554803	 0.142470583456679	-0.511718058234887
 0.7873148908856956	 0.5774245580272528	 0.2161391736281909
 0.8401666773346766	 0.4065726725331538	-0.35891310403168386
 0.14978384319094307	 0.8766819661522094	 0.45715810234802523
-0.20552147336595195	-0.8100419045751848	-0.5491748690696759
-0.259878883219672	-0.922927214177978	-0.284021695273747
 0.7620706666498018	-0.5888360521430829	-0.26929612460723495
-0.0952845394282352	 0.34697736264318	-0.933020667702025
 0.4623159738181921	-0.7280002310600932	-0.5062406581152761
-0.5842535921177018	-0.7921414258419617	-0.17652110798039491
-0.8649267149716242	 0.16140538897713802	 0.4752368652972261
-0.2592274830868	-0.832988819788107	-0.488805419487652
 0.6357501727728618	-0.4664237840549508	 0.6150370488735918
 0.3082166197665091	-0.9374194834057884	 0.16200996090034708
 0.23843368815547394	-0.6202240891724159	-0.7473094777686319
 0.598897754236615	-0.536706759122485	 0.594362965436591
-0.7236310662597238	 0.4861520849381459	 0.4899124720336369
-0.483645613441961	 0.845758062916684	 0.225344668474246
-0.0939051289159912	-0.993957726308566	 0.0568319019106083
-0.7749491015264612	 0.5964595618552541	 0.20902124560620405
 0.2966736576641061	-0.6129857149559631	 0.7322794917981301
-0.9694296694105028	-0.18485157658801896	-0.16135678076724094
-0.45338435015768314	-0.12165764216724403	-0.8829734136056432
-0.7528389973552567	 0.4367077506153239	-0.49246297791167587
 0.284758218614199	 0.52745501166117	 0.80043985883087
-0.5708371131148741	-0.5437795730591312	-0.6151818968519032
 0.9755358629098746	-0.16909463298544194	 0.14048766946677194
 0.464752292740803	-0.150359426016328	-0.87258085550865
-0.06033390505615041	 0.6935207677588671	 0.7179058187449291
-0.631672819415833	-0.151351018847951	-0.760317248459444
-0.16019575454293597	-0.9802431148628298	 0.11602049814768398
-0.043204800239837776	-0.07001716106918097	 0.9966097242110615
 0.7225213659621148	-0.2810203994980019	-0.6316568774217718
 0.42120269521946185	 0.4334248644178728	-0.7967001797691586
 0.35147003712532787	 0.07499513092388949	-0.9331905182441738
 0.374524371328827	 0.915922563942407	 0.144282196205611
-0.8767775709981023	 0.46765353479399513	-0.11207703774346103
-0.5723040239272961	 0.8124675768664812	 0.11119595647924303
-0.6171996527760769	-0.5672633300913229	-0.5452310546427019
-0.18421407746459698	-0.48233835783739687	 0.8563964515471738
 0.605460311922548	 0.487968526460786	-0.628732477187508
 0.9975691149632444	-0.05339979437778792	-0.044769664191944024
-0.2481901887065009	 0.01991818384441169	 0.9685065287245985
-0.0484481378525051	-0.994794176751096	-0.0896511229195367
-0.20526860078769987	-0.6634141813003536	-0.7195459857300586
 0.7640990997160386	 0.5700612951008218	 0.3019647092643659
 0.5053093455625509	-0.07726495317134809	-0.8594722754682528
 0.6668189591875774	 0.7450565418211663	-0.015595677525539507
-0.203555870727929	 0.851113362727392	 0.483912235099574
-0.14314453003989494	 0.8372132904514447	-0.5278101456121538
 0.7081097424120549	 0.6209033642098609	 0.33624337170271495
-0.5291881255331657	 0.1979649074170319	 0.8250877669836467
 0.4684463143539469	-0.002796814793432019	-0.8834875372042408
-0.456882199630546	-0.886409278142724	 0.0744126822742528
 0.211038633987596	 0.301517496396273	-0.929811752093709
-0.420072604316011	 0.709329964003007	-0.566030042727996
 0.27872288340971113	-0.8573462664191813	-0.43274811810205116
-0.18020650197584898	 0.32245017483880795	-0.9292747179343958
-0.9678284403493792	 0.18277544143499003	-0.17291977347641002
-0.55560014722085	 0.737193288502753	-0.384518571456135
-0.31331946217846185	 0.7616791612434917	 0.5671646762163618
-0.5624860457025528	-0.43832637597908075	 0.7010559439238436
 0.6452529986875941	-0.6036186581441731	-0.46828739383512713
 0.6114501845440928	-0.7904607153336348	-0.03606285256650369
 0.4646372182990828	 0.7453760700324636	 0.47804473597588176
-0.03178330020928919	-0.9266287319813977	 0.37463183913590886
-0.9419103815787855	 0.33554452301147314	-0.014652854708538207
-0.868039500960183	 0.259988095946704	-0.422981813721115
 0.29092373267267096	-0.29352749229442193	-0.9106069366280648
 0.8753322014673316	-0.27194378648406586	 0.39980009263013383
 0.032894626023388315	 0.9602332134344674	 0.2772546111358621
-0.46465358377443966	-0.3896947556872507	 0.7951320924698134
 0.9240237678898156	 0.038876775581991485	-0.3803533524172698
-0.065125074501165	 0.419515144085343	-0.905409171896481
-0.5569947572451229	-0.7013886320463749	 0.4447592913448369
-0.524471264551761	 0.85129260660984	-0.0151917935380055
-0.204881110179063	-0.666799655024289	 0.716520725974681
 0.3184327388193531	 0.3709602223763331	-0.8723468944534092
 0.9195749257639558	 0.28213047758383697	-0.27346727322392994
 0.060361417460298585	 0.6817180371752539	-0.7291207150205669
 0.4545750517525299	-0.5773155196666608	 0.6782833575108549
 0.35898000502948885	-0.2196220313915209	 0.9071380927491085
-0.172176941808714	-0.148505965602869	-0.973807516344867
 0.367745232471819	 0.296857231841396	-0.881271370179306
-0.5196911498743182	-0.5096209691065482	 0.6857168341153743
 0.09847586270226837	 0.22581782617124996	-0.9691794538930008
-0.15364035726446992	 0.9863263921096486	 0.05962288862182167
 0.8139005207973753	 0.5793992875629472	-0.04315562324090232
 0.410613503253302	-0.911346909975611	-0.0290406718922977
 0.750778747917651	-0.570153245719934	 0.333551417431
 0.2500062346672449	-0.44229457385979987	 0.8613201452199318
-0.9743533019587365	-0.10898494704440605	-0.19687032351229408
 0.7889830169304833	-0.5837152702276412	-0.1917870754204891
 0.7984455694586817	 0.5643761634365949	-0.20967646209432195
 0.2298058537632379	 0.8508481275939607	 0.4724899293593468
-0.29903390928136103	 0.9505476848128962	 0.08389171590061553
-0.848308899012069	-0.193627184015543	 0.492829103713592
-0.23110543999209193	-0.5976590003000019	-0.7677199977638097
-0.5866387097275269	 0.28513765149558995	-0.7579917835628579
 0.19271186857991396	-0.9154549881311318	 0.3532765211760719
-0.9487730606795413	 0.030280960615073207	 0.31450396301637307
 0.5051640784620772	 0.8283672925345203	 0.2421092366899471
-0.446707039670856	 0.356468750474424	-0.820599080333206
 0.30932282334412087	-0.14860889725380594	-0.9392735419543286
 0.95654653959192	-0.213145313905356	 0.198966813199867
-0.4610051113094151	-0.8085825718466382	 0.36560704568220503
 0.9566567910856048	-0.22998962218581095	-0.17864086250525596
 0.467401626337971	-0.76385975297636	 0.445032580244991
 0.798701431526414	-0.535731865164923	 0.273984291382863
 0.6416972392497453	-0.7017419239351723	-0.30948816670596313
 0.397425479326088	 0.563629296342294	-0.724137421134359
-0.4955669047418	 0.339199846433617	 0.799597965920401
 0.00428074816139988	-0.709383677561165	 0.70480952973479
 0.487487966763907	-0.873118775418088	-0.00436878390518803
 0.475348681970211	-0.800393396276177	 0.365258869497607
 0.24458434753538405	-0.7763983280122911	 0.5808477711073781
-0.043762749930679495	-0.6595309722434279	 0.7504023709784928
 0.6295898587540758	 0.3638681634160419	 0.6864521610471188
 0.852733597956143	-0.00575152016739319	 0.522314398549892
-0.3560381459320491	-0.4172229392874381	-0.8361589906074203
-0.727983049486342	-0.302984076499979	-0.615013275505514
-0.446290627384526	-0.558279653100512	-0.699391524714661
 0.4136710262160339	-0.8769032758675148	-0.24477934316889294
 0.631636789418534	 0.415800144889413	-0.654328056683335
-0.6847615641528974	-0.18826789974874109	-0.7040289753860103
 0.5129855769070231	-0.17285894206606403	 0.8408124547324273
 0.9487168766820928	 0.21675126568952494	-0.23011991813088195
 0.294341860038885	 0.508622999194857	-0.809114030355968
-0.143010130226901	 0.159756845623724	 0.976742470116275
-0.8131876382471067	-0.2682719081684199	 0.5164843156280428
-0.5312491817033648	 0.6181560407845648	-0.5793594878666067
 0.4914283900909922	 0.6887324672042843	 0.5330532112568832
 0.8762760506536005	-0.4230386423694027	 0.23060483540719884
-0.515869332019578	-0.161068188310743	-0.841389250582612
 0.09404303015416743	-0.9310288988210652	-0.35262033129055004
-0.21947393395787906	 0.9689624354430112	 0.11376726688024502
-0.07913172928227649	 0.13147868614255298	-0.9881556175577938
 0.846437880632245	 0.0120098219610373	-0.532352024892606
-0.546746971132604	-0.610168789661456	-0.573377535032894
 0.542131505470754	 0.525316046299721	-0.655847910933658
 0.418543607009906	-0.529159440772417	 0.738113497554787
-0.06925676741193439	-0.9823144268425248	-0.17395938314644493
 0.339767912566026	-0.431650377443187	-0.83560500072922
 0.9468228544573393	 0.2604985776127591	 0.18885701824127502
-0.68632942345785	 0.0682436882790891	 0.724081985348401
-0.07440428039158707	-0.38853405413835485	-0.9184254416305245
-0.22684095394734494	 0.8853243612914877	 0.40588663062002694
 0.4656722362801691	-0.11561862942490203	 0.8773720424584622
-0.7519090867423348	-0.5573989153713579	-0.3520499601152399
-0.33190842153591393	-0.9431267050845248	-0.018676666457000196
-0.17728912741135197	-0.9455651721781317	-0.2729012100842749
-0.5999528499379859	-0.6399853902478139	 0.4800784083049789
 0.5368407442070366	 0.6330956330665246	-0.5576665085437097
-0.175777644937483	 0.786714449492889	-0.591762278706013
-0.268887481620255	 0.322937074811768	 0.907420061459926
-0.7025673851852188	-0.7053226957759198	-0.09444026735134739
-0.0691657989133858	-0.916245498315066	-0.394601417987885
 0.9866435624718488	 0.08267471529978859	-0.14035445159651397
-0.971364207932318	 0.182972639887666	 0.151567109230726
 0.08769486976085579	-0.6966171823690789	 0.7120632774169668
-0.35741363261488507	-0.6570139918665951	 0.6637681144138771
 0.5779135156169531	-0.4872776885149631	-0.6546574850582312
 0.387810899553848	-0.915190563712957	-0.109676516529271
 0.168893506678384	-0.575708246720464	 0.800021873488424
-0.370246435250928	-0.0427289958789086	 0.927950327385664
 0.977014622481135	-0.0290427005755073	 0.211184632493292
 0.9625439888660532	-0.2682804562979191	 0.03917481673738501
 0.04055666827010458	-0.9546127897860855	-0.2950755466582339
 0.0264645280702859	-0.409659641449946	 0.911854487800065
 0.701994475417397	-0.214796048356502	-0.679018714096957
-0.8339515661557062	 0.014206151993900504	 0.5516547566657711
-0.6211942914606797	-0.31953784138186486	-0.7155509906230878
 0.016512485311811497	-0.9709826425424358	 0.23857922313172095
-0.15094394297949904	-0.8994852798948042	-0.4100514081555721
-0.389471684797093	-0.169041972043409	-0.90539307398996
 0.7755796363313997	-0.4593770243955598	 0.43295378178915983
-0.9293789826231847	 0.25055895058804595	 0.27106257384322097
-0.9881142783629085	-0.037571500789523087	-0.14905889850582996
 0.5281928200305169	 0.4840222495029809	-0.6976638208007379
 0.37067520754847416	 0.5034038099857572	-0.7805027191501124
 0.08111067419882924	 0.9877065840902144	 0.13362919694382605
 0.387378503530761	 0.331434084881707	 0.860284454341059
 0.3087781931368929	-0.16054655690004596	 0.9374864428409918
 0.5838946841363625	 0.7812710117011905	-0.22064134724184414
 0.784478150471985	 0.275816311571013	 0.55544522115454
-0.52987778549975	 0.828406483331922	-0.181582572973067
-0.2888424724538701	-0.20062653638341207	 0.9361191265034224
 0.578673876798533	 0.256396782241717	 0.774207487930109
 0.5795113056246783	-0.6472392002299334	 0.4952252662565763
 0.6508666629541668	-0.6653076811787749	 0.36570244245756495
 0.8928109401824198	-0.19188852406338794	 0.4075137045834879
-0.9303246278301688	-0.16948307128492696	-0.3252254224387859
-0.5195742550741042	-0.6721633408756301	-0.5274836837733481
 0.33656203484796193	 0.7326001700735059	-0.5916274059805459
-0.336418203321738	 0.842848126194797	-0.420035508789071
 0.44091416103160175	-0.8824274390609994	-0.16406254110565588
-0.9192173448128242	-0.010629517008502802	-0.39360702021613814
-0.8227509009048298	 0.05707846679318539	-0.5655289591955749
 0.41552295512599	 0.221633284665099	-0.882167422257206
 0.74712918108414	-0.407600407025658	-0.525033232248265
 0.260754841325584	 0.864050772265607	-0.430607914084818
-0.09597138852346163	-0.7472135165396782	-0.6576180147207701
 0.143057311177581	 0.688395719948388	-0.711087855665797
 0.031934342941551286	-0.9479069243663856	 0.3169426769609148
-0.3084742399078829	 0.7962634367218779	-0.5203923353135769
 0.48177815665178825	 0.5396688382029862	 0.6903965185644003
-0.8749471660365257	 0.36637799173374486	-0.3165985215028658
 0.513045290892048	-0.665583389744677	 0.54201778641432
-0.09186364323485562	 0.8062666426333293	-0.5843758824835251
-0.7997745635198286	-0.6001498373180053	-0.01344694440532601
-0.327738912388768	 0.898256571557453	 0.292783771681557
 0.12047773855645597	 0.5898567978527959	 0.7984698319530728
 0.5640279683712991	-0.4236096336320951	-0.7088210840466211
-0.630813092114213	 0.516977440606666	-0.578626968539392
-0.44309817425596276	 0.6945703226052157	 0.5667769181319218
 0.9785534969391078	-0.10770488097651197	 0.17559246066411596
-0.6048527122987789	 0.6662835729656469	 0.4361414871586309
 0.09330380356736	 0.853906940712071	 0.511993492969994
 0.770151411873371	-0.07112152601337	-0.633883689115742
-0.7972543893047027	-0.42254695630660283	-0.43109106746766584
-0.5623143379397089	 0.06401138572585839	-0.8244423132305148
-0.9132706659231986	 0.40680163035962785	 0.02119255295961649
-0.917938161900513	 0.0267240300378659	 0.395822380803869
 0.33472505933474206	-0.42585412221624214	 0.8405994297195232
-0.15389136906439999	 0.9331197561998807	-0.3249691787184749
 0.8662165407526032	 0.23673136715210405	 0.44003086747737313
 0.5571415800924521	-0.22954217425222706	 0.7980624348831652
 0.806586455499014	-0.25770496980733	 0.531983494426416
 0.05419373643191192	-0.20336105296660809	 0.9776028442408814
 0.43926840612148577	 0.4408018366964688	 0.7827751964315867
-0.3467252139378198	 0.9134911553904664	 0.21287445840956087
-0.15899310726429608	 0.7603012895998054	 0.6298119885134903
 0.79451919173756	-0.464269493710999	-0.391398890098103
 0.838047648577946	-0.516887408488134	-0.174652642864047
 0.8777316837106338	-0.4744235529319739	 0.06715194586829759
 0.01639044252305751	-0.2767993056509581	 0.9607879567235664
-0.8367862382961239	 0.5397755751838579	 0.09182112955719138
 0.574381419339605	 0.0689459589712241	-0.815679128002525
 0.468921349010113	 0.360657893074092	-0.806249745802064
 0.6470627101273517	-0.11928601201722597	 0.7530476057326478
 0.8255618916501062	 0.29590672275752006	 0.4805067892153061
-0.7749385571692028	-0.34567055900018795	 0.5291333454366789
-0.7745485754238425	 0.5590085954624696	-0.2959457627809078
 0.40678452071220483	-0.2766044941564419	 0.8706413196726887
-0.8269856924258858	-0.029658614003075092	-0.5614401402984069
-0.04881915376374198	-0.9536216421802598	 0.29702264861659394
 0.1739371896658979	 0.8307140519287557	 0.5288289118223758
 0.5040061857483992	 0.5968845845485552	-0.6242648135652442
 0.21888166446630994	 0.10860704745358997	 0.9696882623832628
-0.7020364822497418	-0.4530098974746429	-0.5494786714517879
 0.803364378646116	 0.581253216322872	 0.129423234532508
-0.3925175792469712	 0.5371092676300052	 0.7466214466569102
-0.7183419367983775	 0.6511981446366135	 0.24479754545049723
 0.8889715117485413	 0.024602320752082307	-0.4573011886198471
-0.4945086080570573	-0.8239699878934865	-0.2766490477270432
 0.6299916556798122	-0.41979196581944206	-0.6533645377637642
-0.08664262223187728	-0.033668347378513395	-0.9956703763784398
 0.03865048886938059	 0.6130460279990749	 0.7891012021690977
 0.576763063409795	-0.747375630896323	-0.329809088759652
 0.7876452688225782	 0.5067449770661221	 0.35046320594274105
 0.7261404682538188	 0.4097359199909489	-0.5521200016602329
 0.19163762779610705	 0.07743266296840011	-0.9784064606891673
-0.434763552524805	-0.325199878218291	 0.839777168421969
 0.6422491830100401	-0.7563891412930822	 0.12406229828940803
-0.030971514454363913	-0.12276307628652106	-0.9919526160019304
-0.313879918589358	-0.72557777199643	-0.612385739131011
-0.042782730171944505	-0.8496955665772292	-0.5255350436821851
-0.9480517046443512	 0.18477295424035703	-0.25895351069686406
-0.27944293552695804	 0.6068391473561371	-0.7440819141869751
 0.4577976465397189	-0.4589703109942429	 0.7614246965055328
-0.20626738885463006	 0.4487956877849561	-0.8695034185790882
-0.512042613633697	-0.247303353421481	-0.822589456053056
 0.4477835464832639	-0.2933498394502899	-0.8446512695742308
 0.19105079523254895	-0.2540594371305939	 0.9481315288744998
-0.7795416692723164	 0.43536129638326715	 0.4503058155072082
 0.30401596494638194	-0.7744569463871018	-0.5547889069281089
 0.370380937561382	-0.29434354701965	-0.881010690865351
 0.533926659749653	 0.143320883002047	-0.833295533711835
 0.6604922903756361	-0.28549680084085405	-0.6944361101382791
-0.258785222071638	 0.59634625939266	 0.75986929648836
-0.8524718652453168	 0.08766564777070399	 0.5153702098163159
 0.20570821366485095	 0.8935147308397288	 0.3991435288254379
-0.08507246903395602	 0.22401070928927005	 0.9708665599021242
 0.705148270957957	 0.0685927549974747	-0.705734333816104
 0.26296824565018995	 0.9037136714692948	 0.3378598848326759
-0.6819956801883269	 0.6657157448522368	-0.30282740837033395
-0.6963264815818059	-0.6950629455991009	-0.17893276028442798
 0.05401770687063762	-0.5467285629074542	-0.8355656562147513
 0.271818513520395	-0.886493492594776	 0.374491633143758
-0.40219905411941786	-0.9137521566386517	-0.057383944650560785
 0.616508156701064	 0.711100414251183	-0.338014635145954
 0.987421230738301	 0.1128481998173	 0.110745640479677
 0.2563665118501421	 0.7401823929105673	-0.6216158273620273
 0.07050941614690562	-0.3502415481095191	-0.9340017560007422
-0.023785483569480587	 0.6701935806987648	-0.7418051059149797
 0.146824406930561	-0.901204590280637	-0.407765717031972
 0.8673243249962437	-0.3890934728047538	 0.31041067103201686
 0.7876508794581518	 0.29762458209531095	-0.5394679788656519
 0.198602259886599	 0.778820022696132	 0.594976062220601
 0.46565215244902	-0.880981853990696	-0.0838990217982975
-0.5768995116930369	 0.12924228570523796	 0.8065255017629768
-0.479013176027192	-0.248221816279095	 0.841981179786965
 0.5060799804882629	-0.8592296472067958	 0.07488302017069738
 0.566451861870728	 0.768139970787616	-0.298484963543536
-0.335762788817023	-0.49291616513928	-0.802681134567271
 0.09238470975099825	-0.8240300138013065	-0.5589629699352566
-0.31262411404048185	-0.8497971481904867	-0.42439482825279584
 0.2724679856291911	-0.9621623058846585	 0.002212225550895571
-0.4998567120430838	 0.6685450266807217	 0.5506276552498528
-0.2552440091566839	-0.5278919171456088	-0.8100497636577376
-0.17015013516405098	-0.2825224287605889	-0.9440497914574598
 0.890378572636203	 0.453962613618797	-0.0338222238581186
 0.673372245976464	 0.557659348453604	-0.485371887763305
-0.9007281339194095	-0.04708510305890188	 0.4318238319453788
 0.0564068157118648	-0.754344558359809	 0.654050883658292
-0.15796630274590603	-0.28061436670568807	 0.9467323932321923
-0.23551735827673484	 0.37272978931044076	-0.8975544986857025
 0.15125869242838602	 0.003371740519769521	-0.9884884619107712
-0.482127667748227	 0.59225516353891	 0.645590220846904
 0.9845329689752552	 8.906374044637543E-4	-0.17519714542703904
 0.6373785891966282	-0.21805377092210004	-0.7390541840896161
-0.9152983824022565	-0.11633824723294092	 0.3856089773366017
-0.786517264189939	 0.520287481977	 0.332703365220743
 0.018236341234210713	 0.22285788192180114	-0.9746803580270397
 0.795164127127152	-0.120128977026769	 0.594376177019753
-0.6570358680037487	-0.42767180091743484	-0.6208064906688707
-0.9175812474262782	 0.32629786406802913	 0.22709988612123305
 0.7763897556102839	-0.6281454256588888	-0.051500209778382294
 0.9710372740340284	-0.2173333530067661	-0.09926140290868214
 0.536302174751022	-0.747785314350404	 0.391404012497562
 0.7666133867421627	 0.6356827756614829	-0.09061635611204048
 0.06714700803921879	 0.9351825214084948	-0.34774262172392895
-0.5729727720375859	-0.6048443205517879	 0.5530511281968519
 0.29816231589475806	 0.9470588430037022	 0.11907468777520903
 0.9541456084813398	 0.13563881952229997	-0.26684877450415795
-0.9343707768148045	 0.05541740588065997	-0.3519661383712318
 0.7277212707254184	 0.14195769574659406	-0.6710214338991713
-0.8032276374418852	 0.08069752751971661	 0.5901807108858541
-0.662019922549873	 0.161268620215921	-0.731930361633341
-0.5155643419459839	-0.8485663024240377	 0.11886395460441897
 0.338789170520045	 0.224930020620446	-0.91357998213732
-0.20444799712762696	 0.9591506851019358	 0.19552743986200294
 0.359855208703852	-0.495870974322689	-0.790326644870951
 0.5332043056006702	-0.4381233359953292	 0.7236995999344142
 0.14333595124342702	-0.14285926071536903	-0.9793089587607172
-0.5915746111915552	-0.4731635317895862	-0.6528060596976454
 0.048589546982494	-0.917867953752716	 0.393900336884647
 0.272560976258563	 0.0766744052369269	-0.959078489907131
-0.118347747434349	 0.0834452205964603	 0.989459805063765
 0.9708870691860075	 0.1882067753765019	 0.14817728769883695
 0.907352102167214	-0.420357325847441	 0.00344692604013528
 0.0812123553379336	-0.587699382527662	 0.804993160913228
-0.3897251915172271	-0.4003319825960341	 0.8293663718813232
-0.75457029222584	-0.066123069158544	 0.652879325614822
 0.597993188900584	-0.285363052555398	 0.748980690181513
-0.35092309421947293	-0.8953862982695358	 0.27411012169310495
 0.943875905110555	 0.325124586337348	 0.0582432752401448
 0.5372735049881953	-0.7831634942798343	 0.3130369340271202
-0.825711487944553	 0.536704173531076	 0.173635160007174
-0.5742786557492807	-0.19979125089157587	-0.7939064690616764
-0.8645184623932513	-0.22028868308701804	-0.4517529460722931
-0.4647791325197208	 0.7330428657646497	 0.49661707071521977
 0.680385222383302	 0.387073240159936	 0.622294348290673
 0.8292461502653642	-0.26820103343633206	-0.4903254306414841
 0.0209428673542858	 0.432066763261428	-0.901598418583226
-0.529980872932425	 0.710323420938846	-0.463207202007395
 0.17402901069357798	-0.11410804352877797	 0.9781069766845798
-0.340012512677992	 0.260458224629517	-0.903633224513817
-0.120505177784882	-0.211686544371856	 0.969880048799302
 0.7806088902044714	 0.23092399271270284	-0.5807958936867297
 0.8709807885042222	-0.14091600167652904	 0.4706752027970711
-0.5368192691295519	 0.7025158174512399	 0.4672222153558519
 0.18031875278907608	 0.2278350611564821	-0.9568575297819495
-0.725359894392996	 0.213906780926179	 0.654291152836397
-0.877457005840429	-0.120523104302034	 0.464266501301731
-0.9227606149596774	-0.1867189804659461	 0.33711848037892517
 0.291441817451604	-0.952999028653119	 0.0827920191003806
 0.15451009719914902	 0.8325674716442643	-0.5319379992286571
-0.0297526476449288	-0.532897349076796	-0.845656665145519
-0.3759221197935781	 0.6788718097650441	-0.6307262684843851
 0.814765056668563	 0.515601903761733	 0.265165192416256
-0.0792870746085079	-0.987222518987361	 0.138221770370209
 0.7850425473646683	 0.19499688082396804	 0.5879493305516351
-0.02141270616923531	 0.7910971987907953	 0.6113155634202903
-0.3167272536190108	 0.34228414370208676	-0.8846046641212605
-0.410070491633656	 0.615345028068588	-0.673195876638145
 0.7160102552833421	 0.28461986196717304	-0.6374330149144071
-0.7734766819190322	 0.36134015777912704	-0.5207370861612222
-0.982566855591509	 0.185585104263349	-0.0109792244068899
-0.455599043146194	 0.649106528879163	-0.609171754147151
 0.7062327051547478	-0.09112508762297188	 0.7020908663239488
-0.8195570474527123	 0.15316843188303306	 0.5521464275399102
 0.5751023788605389	 0.33848657210665495	 0.7447711691066159
-0.5857235912118421	 0.4829405875103971	 0.6509195523511452
 0.09196470974102544	 0.39960140468172417	 0.9120642573517734
-0.8369156748903812	-0.5289373396951561	-0.14070338943674704
 0.5104903309405923	-0.48993217164159625	-0.7066583964028973
 0.6777249775817101	 0.055085020857417316	 0.7332492722389901
 0.22595533752117386	-0.7808410645415564	-0.5824357624419206
-0.9784693701572146	 0.18483578832488892	-0.09183367039632516
 0.36409438776734016	 0.4867188864976372	 0.7940654899457763
-0.5939073892639388	-0.4894430115468138	 0.6385292095320917
-0.10376939292870002	-0.7722581355445263	 0.6267769022359561
-0.173452888316163	-0.984200283913727	 0.0355513245733566
 0.576862526192892	 0.171516959263851	 0.798631052839318
-0.20505064228752096	-0.9147075637746918	-0.34823024979292594
 0.4956059427174161	-0.5092181026544501	 0.7036132982485361
 0.510227595202026	 0.758280227610407	 0.405806477904761
-0.4781389197893049	 0.045284363718673885	 0.8771160127288248
 0.14725283905261796	-0.9819235119109218	 0.11892358112445997
-0.8248941047372762	-0.11761912672919003	-0.5529154157709391
-0.2308652733799101	-0.41455631873997717	 0.8802523979745684
 0.224251376675683	 0.690189554735206	-0.688004141407215
-0.386501727853489	-0.0825613734514217	-0.918585888189059
 0.6036332909363218	-0.06114250318267067	 0.7949141113214326
-0.10906739110103407	 0.6536564647304325	-0.7488908667586535
-0.3384594680560032	-0.8030859736370733	-0.4904060638192002
-0.8574406796077373	 0.38539576366369815	 0.3409773985235632
 0.837510774605268	-0.396735237677208	-0.375735084341739
-0.14706615411321788	 0.8872745849185895	 0.4371674247606887
 0.199014059392438	-0.865240184158882	-0.460166087278112
-0.3893190636247959	 0.7524500149391208	 0.5312717211714069
-4.70002913966482E-4	 0.206920003338166	 0.978357752213266
-0.124205110721417	-0.832607168330862	-0.539757717605542
 0.6424126730637639	 0.5258010370371909	-0.5575295749444009
-0.4707739834152141	 0.4767829622471361	-0.7423273290471111
 0.6458589981248511	 0.6695207136408311	 0.36688985887734205
-0.818069642829475	-0.334135120749371	 0.468098045886392
-0.502141102048032	-0.62872249801346	 0.593769596835088
 0.04224525831720018	-0.05918208395736237	 0.9973529059907416
-0.7906515965326427	-0.5841463748177637	-0.1834204614748539
-0.9816049384369175	-0.04169251682159598	 0.18631553579166793
 0.5683245408693388	-0.2203094702092539	-0.7927615994621416
-0.5056729501460522	 0.12250251322627506	 0.8539836074210293
 0.2062019000284921	-0.8805578992205454	 0.42673008160304315
 0.6081449174372692	 0.6580743058255714	 0.4439571684379132
 0.6830863166217683	 0.6667438355003293	-0.2980700284604531
 0.038325136817648986	-0.8609945127575077	-0.5071682490942928
 0.527285001434507	 0.830849166776456	-0.177933103522309
 0.2828144074610831	-0.9340048908935145	-0.21829080310317908
 0.5875698687743013	 0.2848684505823481	-0.7573715172696703
 0.8620697704297487	-0.19520323833734093	-0.4676872958011749
 0.5992677946557778	 0.7933138433459258	 0.10738368704843597
-0.07184552947540788	 0.9487844210976137	-0.30764645646726396
-0.6373921757117411	-0.7392150135000422	-0.21746810836898706
-0.286996177759303	 0.396320908430784	 0.872102592297574
-0.968667832684246	 0.111744797462404	-0.22180110496319
-0.0746451515114225	 0.993512807130125	 0.0857927935450049
 0.9897016581848228	-0.06722410687566309	-0.12637858695594598
 0.12785455954752603	-0.6372874651414241	 0.7599459838544622
-0.4077985857973171	-0.8546482071837392	 0.32136701040917204
 0.7398110255261078	-0.002431882032723959	-0.6728103242815078
-0.8667152804309695	-0.47505295847364865	 0.1520832315309609
-0.00580678554894301	-0.598344806494045	 0.801217681896245
-0.9870503977094383	-0.11327230484564303	-0.11358211715140402
 0.38818954193634686	-0.15004355267187394	-0.9092831307314856
-0.16636145109684292	 0.9857998735165826	-0.02285775500005369
-0.4666127717910089	-0.7807491930414928	-0.4155757677807619
-0.4681251019553761	 0.27479049429197405	-0.8398506255079182
-0.100426888736035	 0.991572949063775	-0.0818384182628707
-0.6639490098614219	 0.5363176467716879	 0.5210902935819439
 0.3767043708295509	-0.5966350284109159	 0.7086045864027539
 0.6988291964291331	-0.6992352054171022	-0.15069134588129202
 0.14678537227518793	 0.1525929386801599	-0.9773277083716535
-0.9280899167184002	 0.22742012104581705	-0.29483757397784105
 0.109201102952746	 0.0771059923736143	-0.991024613747804
 0.20180221557383407	-0.033625008715466115	 0.9788489283737184
 0.180984022662186	 0.870598487860895	-0.457496509795798
-0.912670848307839	-0.407475883955791	 0.0315487978138082
-0.6562156827225271	 0.7006901566059931	 0.28002550273944105
 0.30968092601923003	 0.8199755880000562	 0.4813914822094741
 0.25484914067131087	-0.6756298512264948	 0.6917920349575868
-0.32712736404211396	 0.25551102484298094	 0.9097811846144918
 0.8144842275346472	 0.4808699571139351	-0.32462213024150305
 0.6764088651263751	-0.14664452137103004	-0.7217800437323761
 0.44189273461550277	-0.7072206801748186	-0.5518783567300858
-0.6830055243614427	-0.6813505730916817	-0.26318216170437486
 0.41976752872963286	-0.22290828532012089	-0.8798335741263006
-0.4972076944149621	 0.6800124625290481	-0.5388576430002061
 0.653872849486049	-0.700714203282384	 0.285394292205238
-0.00422857477048852	-0.20351262620391	-0.979063190060273
 0.9305963559413802	-0.36111552429716404	-0.05988322319488541
-0.107907127058981	 0.945686898776761	 0.30664693282645
-0.570678008844997	-0.805126746755194	 0.16154730539414
 0.39488439310015	 0.366675968394083	-0.842386520718481
-0.7342300697452897	-0.05230440458855648	-0.6768828952946466
-0.20592465245853606	-0.20760656280946005	 0.9562920853945582
-0.259615135492544	 0.763682683628278	-0.591091143690632
 0.19343291039257404	 0.6338023717130811	-0.7489180614646251
 0.5056038889952358	 0.055210447329570575	 0.8609973948500437
-0.3120751282311409	 0.9500522081293388	 0.003148994773675709
-0.139958105231689	 0.979871587171263	 0.142349574760255
-0.21968284382389994	-0.5455485618233259	 0.8087745142015448
 0.517270925603088	-0.844502238298814	-0.1387326891328
 0.47073177953169676	 0.7810528739529207	-0.41032669889833584
 0.6438403938999516	-0.5438106640614427	-0.5382745664025078
 0.2903472817561579	 0.30013919926004395	-0.9086335438692268
 0.9207453672680772	 0.38335983751895614	-0.07254794023136171
 0.7270297151320361	 0.4078327457648231	 0.5523588007780411
 0.614331032949076	-0.355213232549916	-0.70457145938305
 0.348636510780152	-0.801104204109148	 0.486502453755055
-0.955732979502994	 0.104680106496695	 0.274984630832653
 0.12226784160996505	-0.5232098182884062	 0.8433872544416673
-0.142498287736467	 0.589217488614228	-0.795309366915364
-0.21045939117983994	-0.9448481720135238	 0.2509358015646909
-0.20711632282694495	-0.8194369055401868	 0.5344398812377009
-0.246410486961911	-0.25376676881881	-0.935352499840811
-0.11444910463122797	 0.9795385128205478	-0.16554668329634298
 0.8480898749161653	 0.5219277889767331	 0.09129593177432412
 0.494328948577585	 0.426358159429699	-0.757533900552245
 0.866296741501292	 0.158449329162626	 0.47373385540001
-0.28658952412930394	-0.8898368798576818	-0.3550447463411969
 0.3125117638663469	 0.9285584124071288	 0.20028897172110496
-0.21045831797311704	 0.7311975878981752	-0.6488893463818132
-0.2969795859522881	 0.12383237292467106	-0.9468202939013575
 0.4058326293963998	 0.5846631641558928	 0.7024733883902108
-0.5896546252022987	-0.8076188212431117	-0.007698217418579546
 0.9399913666387384	-0.32522077201168914	 0.10318759662264704
 0.06585757441866698	-0.33958144876730084	 0.9382682023519665
 0.589121384832395	 0.785679050611767	 0.188797307615743
-0.33240886215687515	-0.12259984464246006	 0.9351329458709154
 0.10702211404446497	-0.06876587062467118	-0.9918757594289138
-0.8335345128748323	-0.5411238084901782	 0.11137881186114902
 0.5454435803674592	-0.35835571272496214	-0.7576757114975453
 0.610217133852303	 0.791889703643156	 0.0233612246475965
 0.806094438146217	-0.384684100080789	 0.449699788675477
-0.3085153273048191	-0.8475414824453703	 0.4318468806791412
-0.9352094119069823	-0.043314230290129804	 0.3514359590806981
-0.0619217043502653	 0.854110544177279	-0.516392177376411
-0.466517159051655	 0.873031382624367	-0.142049094553112
 0.754570402478731	-0.414957254688187	 0.508364027528236
 0.19096790680547895	-0.07133802091401129	-0.9790005849550888
 0.4777904852100889	 0.8769996183391677	-0.05087161955022129
-0.8734974648452087	-0.38070332315779587	-0.30342570531450397
 0.33955968052277385	 0.8510247872078347	-0.4005696380420408
 0.6734735517211118	 0.6102131842030017	 0.4172208587271068
 0.20651659835609987	 0.7888520806008325	-0.5788465163885527
 0.3251952214845221	-0.2966056053129831	 0.8979271589725702
-0.14744110126558496	 0.18676158597412998	-0.9712781433050057
 0.7117331665518355	 0.6926682840278644	 0.11681844003405908
-0.16542655420477403	 0.5222088398284211	 0.8366193774763943
-0.0951501792337055	-0.962005528028844	-0.255913671838257
 0.5565176909724162	-0.002864692521911901	 0.8308308210288573
 0.754822716056312	-0.287308197632735	 0.589658093218775
-0.5178926793389819	 0.8128693464882177	-0.2665156622544129
 0.256337946853021	-0.0989766654279494	 0.961506358119353
 0.41089075301358685	-0.8113809961203107	 0.4157278776107518
-0.943404909122444	-0.260649096306759	 0.205059079384803
-0.966814126904405	-0.188917537599119	 0.171990139268386
-0.261864638601666	 0.292827925387143	-0.91960791490911
-0.4441287349528631	-0.8819054872146912	 0.15808977958675202
-0.12240688597937806	-0.6882875588418214	-0.7150362162914533
 0.651386265412677	 0.736779828305068	-0.181249600922265
 0.06280084951690991	 0.0040440650208119705	-0.9980178850291522
-0.28599621041990303	-0.7823009650592242	-0.5533636848338181
 0.50717709956297	 0.85400707564896	 0.115945264760598
 0.511939838506616	 0.819870341959508	-0.256379063351553
-0.34665635164508	 0.329974189839878	 0.878035539089187
 0.62975852608763	 0.113698062151944	 0.768424979736362
 0.019410172302227302	 0.8654566563760913	-0.5006076519046772
-0.730685488973788	 0.574559264235308	 0.368755160078497
-0.335838025134399	-0.762238109830071	 0.553358730658971
 0.3454271216494941	 0.9381619229151592	-0.023071844769693404
 0.8706217207762463	-0.05368237463583402	-0.4890153596422772
-0.912281324791668	 0.404818966555833	-0.0621642079739328
 0.871092717275246	-0.390549774094432	-0.297772315477475
 0.14672125852828902	-0.7809961392055123	-0.6070567542182191
 0.757662786249744	-0.639345396119584	-0.131089918731256
 0.5368122472464307	-0.7986829751550397	-0.27191564207255786
 0.2841240922842839	 0.9581333284376817	 0.035412217108809596
-0.962110073329159	 0.044259786854117	-0.269045122732579
-0.41013657680523014	-0.11271572385771203	 0.9050321286903132
 0.11799275108821602	 0.9881322746729903	-0.09834794578544442
 0.22775531741416605	 0.15268162988182202	-0.9616734556418842
 0.177163707727799	-0.428232651392816	-0.886131941047843
 0.472262479162338	-0.361171364507255	-0.804066785929757
-0.7889425611737044	 0.6010688992036104	 0.12761588294109608
-0.277573268688103	-0.343096327164097	 0.897350539530851
 0.878842972161625	 0.391514814079115	 0.272674129023487
-0.33676633996881106	 0.8024322810937963	 0.4926366475635141
-0.44815715876033313	-0.5239349710973161	 0.7243254152058451
 0.9577840193344225	-0.1762929456868331	 0.2270915445556221
 0.3932551719281109	-0.6137469839085589	-0.6845911257786939
 0.7791151132515632	-0.27506008102287904	-0.5633130498494521
-0.0130870300221182	-0.892684247823236	 0.450492578555367
 0.31689309055088993	 0.21576138246893695	 0.9235939556949248
-0.747541306799904	 0.0746097486432649	 0.660011651439034
 0.830557096450125	 0.233034645927198	-0.505835707847838
 0.28865207668846893	-0.37088874295042296	 0.8826786045759177
-0.4369646925391999	-0.7820075908604108	 0.4444389556630009
 0.490653238444934	-0.843755061487746	-0.217570208937963
-0.3343204142279869	 0.5995194646183029	 0.7271906711270509
 0.03215174330297421	 0.3436630883523132	 0.9385424588726554
-0.570503474328443	-0.0245100708987325	-0.820929377110915
-0.74998049176391	-0.646622572814987	-0.139314429617648
 0.010370456969789301	-0.9883300182224303	-0.15197443437199804
-0.6019698742952098	 0.2003887639929599	-0.7729661142031927
-0.929064935654939	-0.0907155909607995	-0.358621007322657
-0.02274249218643949	 0.9979904484375945	-0.059142572454017175
-0.6137539220698202	 0.11300354770314303	-0.7813682367171172
 0.8349908498633694	 0.5205341936788932	 0.17842206661596807
 0.114833065305225	-0.399276886244822	 0.909610540409051
-0.9272873337966312	 0.32773828562725305	-0.18090278249503003
 0.8585801243690276	 0.32888838836158685	-0.3932843729915838
 0.3881773607309	 0.168951073139749	 0.905965712100033
 0.4478305921901629	-0.8846540833857118	 0.12974942561566297
 0.9810051019836725	 0.18310354768396192	 0.06404748790976447
 0.6785433236609191	-0.35096034700995504	-0.6452951206555381
-0.579955700087131	-0.301092257057773	 0.756964225493056
-0.037838853798664716	 0.2885812761230291	-0.9567074099297065
-0.46344018173492013	 0.8325025479904042	 0.30358311142583205
 0.529256936905581	-0.55734162303888	 0.639732295546902
 0.09278079529847154	 0.7377153319096703	-0.6687060737642423
 0.8417902048556223	-0.4963136320834402	 0.21227818921705807
-0.8564419006453582	 0.4675578056659281	 0.21885376208744706
-0.6163140041259111	 0.27644693268686105	 0.7373833071926111
 0.2732032316474889	-0.07361184452450938	-0.9591356997646726
-0.5747478592598211	-0.11268974841081403	-0.8105343415792822
 0.3892277797932559	-0.14006142464328597	 0.9104309599108028
-0.8515462342782427	 0.44120446979516376	-0.2832095102910789
-0.17836583371802398	-0.7248093842388799	-0.6654599806760209
-0.6597277333820831	-0.14887401531930902	 0.7366110543354921
-0.6085252796441238	-0.39836157145224393	-0.6862980711208068
 0.7200410894557824	-0.6902468295760933	-0.07141529076802623
-0.12298162741052597	-0.9342837814080808	-0.33464807651811795
-0.366942430412928	-0.858845818123306	-0.357403292450927
 0.6530427537944595	 0.28584564914837485	-0.7013040899492126
-0.8251109086907017	-0.20020194409241393	-0.5283097291752468
 0.190289746672521	 0.293987469457722	 0.936675600255047
 0.6687245121001121	-0.39232649123728414	 0.6315753725327711
 0.02642700446392521	 0.12769214341561605	 0.9914617138069375
-0.9111935039398464	 0.31431220302877716	-0.2663348219910831
 0.538594466512216	 0.703758536307292	 0.463292481286972
-0.123908172386634	 0.269788261432432	-0.954914163058162
 0.339516003172053	 0.871913593590243	 0.352839296142909
 0.609554559432463	-0.148679873685888	-0.778676784189592
 0.14756254642400193	-0.9710218365119676	-0.18799438265488191
-0.5646222001784211	 0.7269133487659382	 0.39089481251555214
-0.485089375766888	-0.727940168644528	 0.484552792161873
 0.008596199335697052	-0.4087628920399291	-0.9126001333816112
-0.3637291762783112	 0.4019372214369263	 0.8403258631908606
-0.175878871652324	 0.900665904031682	-0.39732549857906
-0.5307364488853011	 0.5504430340501141	 0.6444620144665821
-0.3613925805439021	-0.8004197735423241	 0.4782505502874761
-0.257581265983857	 0.957484801768935	-0.129902832131008
-0.22507826179814205	 0.8155124684322522	-0.5331783846870221
-0.4313860748895209	-0.3752591884578939	-0.8204185491987218
-0.87963396951694	 0.0210381257623291	 0.475185728885327
-0.6258262571859652	-0.6673404426015422	 0.40373039207493905
 0.9995839046050248	 0.027027690070969994	-0.010075793963779799
 0.5361130597175287	 0.5614441874042356	 0.6303675210782256
 0.996549594422423	 0.0366358539973512	 0.0744763053486754
-0.2719343905128639	 0.9395689054040526	-0.20799509430327492
-0.06672649907684983	 0.2149757237905551	-0.9743372170361114
-0.341433922688552	 0.90487874282841	-0.254199404434362
-0.402664528624576	-0.903776713708469	-0.145082490831486
 0.4884390523099692	-0.031182792309870113	 0.8720406674245753
 0.607107067487533	 0.792272730684788	-0.0610321949462561
-0.9491366454634595	-0.02261706186878169	-0.31405110531694486
 0.5899426446378409	-0.7991633366696458	-0.11535006441588497
 0.3844769252332411	 0.6503273218032511	 0.6551731591567251
-0.422407785783337	 0.335178724246104	 0.842156093205038
-0.5143751470001571	 0.8550379441761132	 0.06578998531427811
 0.9249603434999932	-0.10786558264365903	-0.3644356994495991
-0.173126630146015	-0.607652129165044	 0.775103902619174
-0.5568514652365228	-0.36578860594514095	-0.7457312796340569
-0.7894856831955613	 0.2890417741628291	 0.5414491747320722
 0.10136909950426197	 0.6550220176224529	 0.7487793146819068
 0.9926427997826054	-0.12095396661369906	 0.0055145262863402125
 0.462251000501085	 0.607620281460561	 0.64584952279423
 0.3614960268321011	 1.4691938472233702E-4	 0.9323736380868453
-0.12563039604042106	-0.6652362320316182	 0.7359876080363732
-0.492714791308105	-0.45197675638945	 0.743605504356902
 0.32641614903061894	 0.6254278279527129	 0.7087259905452689
-0.167802110750315	 0.237200772904523	 0.956858529230542
 0.4382443532743271	-0.19754034246355207	 0.8768806645847252
 0.706328250954483	-0.669732470513908	 0.229257104236528
 0.234052158656705	 0.00199547619190944	-0.972221993735435
 0.6577322201238562	-0.7475080159720752	-0.09284445416089783
 0.4370776050006352	 0.8513621047787734	-0.2900788405822901
-0.5542021302964937	-0.7955682178907434	 0.24480851589962083
 0.0670241244103725	-0.974847410322088	-0.21255656502527
 0.812198971513192	 0.581816475101224	 0.0426898111227983
-0.5384552043320772	 0.7982261288262512	 0.27000192626490305
 0.607408139992942	-0.753895200029562	-0.250394446509305
 0.415228634010399	-0.0579831054749495	 0.907867358691422
 0.5958914092852088	-0.7599836985052346	 0.2594960622945799
 0.3876528501232482	 0.7854471040210943	 0.4824915694353622
-0.7116241736607588	-0.6438091464497647	 0.28124867716892094
 0.140666908621123	 0.750371343133544	 0.645875892275705
-0.8778068409360632	-0.4691899741630091	-0.09651900409123493
-0.28414052740710305	 0.9445341116712882	 0.16467990944296704
-0.6709509772166639	-0.3516324210191629	-0.6528241927657139
-0.25252348084170007	-0.6064746362124551	 0.7539366069203441
 0.5774568678370229	-0.07735614339435688	-0.8127481730936138
 0.5417137437283219	-0.004092888041769139	-0.8405530727582428
-0.192307895283557	 0.963377516782097	-0.186872773753613
-0.16844963080544292	 0.9184623834570046	 0.3578429432809708
 0.6118066399761569	-0.004679150551429269	-0.7909935150373878
-0.6035725369285352	-0.7445217852888524	 0.2852849521021961
-0.3936871735048649	-0.6901052033529979	-0.6072604200200009
 0.37966590001482	-0.76172460388345	-0.52500422113021
-0.6391853185398807	 0.41777588309057584	 0.6456821509620356
 0.41438761074906916	 0.7304899434029103	 0.5428327096305923
 0.265729841181805	 0.595960062457999	 0.757772561828779
-0.8049853157681978	-0.5058789857382319	-0.30997595581920995
-0.57394460351012	 0.760464803518449	-0.303777673161241
-0.3187316389586388	 0.5353440808013697	 0.7821872266137286
-0.164664362086909	 0.0194938362188197	-0.986157004846584
-0.8522727480279882	-0.4506743758206216	-0.2655631185754418
 0.3935464391157982	-0.7759306660976704	 0.4930038556324902
 0.7603321517108284	 0.43982994665025016	-0.4779588236495062
-0.591555824407108	-0.631094162332227	-0.501778701102599
 0.3988471095618242	-0.8787228112077264	 0.2622350172218971
 0.46161437940361577	-0.8623403398492067	 0.20804158958383692
-0.12976946535944506	-0.9526149958165064	 0.27510826160957313
 0.15383682136513	-0.327945451175058	 0.932086913032181
-0.36336125841524886	 0.9221300952061036	 0.13283329175349495
 0.3957528318070591	-0.36345213239133706	-0.8433755056775623
 0.3015870023606149	 0.4551367361100429	 0.8377922364466238
 0.9864126214105235	 0.04045343797486128	 0.15922832561461392
-0.24225659578672196	-0.27596206025939796	 0.9301379914266578
 0.6523883699689489	 0.7422253877327959	 0.15326737596161397
 0.547444762010953	 0.836626765808966	-0.0189706952640311
 0.809137434241015	 0.573648019675454	-0.127375672843354
-0.6020143715637591	 0.5847654921613271	-0.5437168524223001
-0.3401745096685808	 0.7392072725245956	-0.5812520203994898
-0.438577788667332	 0.405771579270152	 0.801872152368618
 0.04764598778340028	 0.29722402640567297	-0.9536182349217868
 0.6690311429966163	 0.4611100872525562	 0.5829020647884012
 0.06719407369945116	-0.8809345207196585	 0.4684435149130557
-0.4199006270712981	-0.4635251465236731	 0.7802742478932252
 0.5769122336877108	-0.8107229007784097	 0.09950202397387276
 0.27626063416260094	-0.23832879451038294	 0.9310636109951378
 0.961364591414749	-0.247105513317604	 0.121313592239273
 0.6347827566917253	 0.19987119147234408	 0.7463928982957163
-0.7274812206454533	 0.03375754827781911	-0.6852966522189293
-0.35602028537355696	 0.10791993876590697	 0.9282256424056028
 0.16212863622245807	 0.16261535788504308	 0.9732782493699145
-0.41475321760260486	 0.7870425719033528	 0.4566659156320319
 0.935519345522599	-0.241463603232493	-0.257873772351803
-0.6488028339323435	-0.7592640487564655	-0.05072461874967377
 0.24355043014468805	-0.9448576312995082	 0.21892291920084606
 0.7002025598116204	 0.6796352062481433	-0.21866037972458108
-0.08002683938860344	 0.7510803761433603	 0.6553426382815474
 0.7776332073723862	 0.36155328767081607	-0.5143596163834792
-0.0133292702124439	-0.477252791426498	 0.878664955276594
-0.9436695876575613	 0.12354655328084603	-0.30695921309293106
-0.8090214895903418	 0.5301222579817709	 0.2538791463931869
 0.1802265274898241	 0.9706694084202324	-0.15912038947311508
 0.338153549549031	-0.547336805310612	 0.765555091733942
-0.621354221973936	 0.703288370795448	-0.345404687778046
-0.17178804273782197	-0.062465513429014186	-0.9831515285063428
-0.24082938331592293	-0.9662540435957567	 0.09140203152294739
 0.31757653991931006	 0.9289182158990482	-0.19041031869047506
-0.244310114287884	-0.0996521885822139	-0.964563118394756
-0.746632879785564	-0.20762503543638	 0.632005686274386
-0.525561425533403	-0.850066890984398	 0.0342267270333742
 0.25846123824613093	-0.6776435957702819	-0.6884743607686489
-0.6385722037622812	 0.7659637932065612	 0.07433039808046212
-0.5137824111451609	-0.07334178778466609	-0.8547798641535808
-0.8367944678616833	 0.4594832732019252	 0.2977417340644861
-0.6826570406990021	-0.5220157083752871	-0.5113501393307021
-0.9386796122620168	-0.33314480829142795	-0.08885450034802779
 0.9336262412649854	-0.17466273857995307	-0.31278582028788715
-0.9319336327024	 0.331486329416609	 0.147025568007784
 0.040822571765696196	 0.9917611282954197	-0.12142232923408497
 0.3337515704541899	-0.8874798932683228	 0.3177881814413629
 0.935325166239881	 0.296412627770113	-0.193148615052647
 0.4955254425757379	-0.22197688784571795	-0.8397504373457918
 0.6619795967844009	 0.7428838208530429	-0.09953211620349567
-0.4448108426339719	-0.29358682618888393	-0.8461383396133247
-0.18209197985912	 0.589833255459152	 0.786726916804964
 0.8238864964995963	-0.06403973718615173	-0.5631251663233933
-0.24102164114306995	-0.013831802097285796	-0.9704211713227627
 0.248686875986724	 0.933496290865709	 0.25833991687683
 0.05928575976419813	 0.7734759443547673	 0.6310468779684143
 0.9145384168394355	 0.3732756713895102	-0.15583567394383604
-0.0932071841518451	-0.897905253979951	 0.430207596048331
-0.7809786919725611	 0.21875221030470507	 0.5849955155141221
-0.8936990525034024	-0.39134162443608017	-0.2194395965596251
-0.697526912716557	 0.577233505926386	-0.424567645578466
-0.777321196195949	-0.491352072522531	-0.392867533365017
 0.953539155585326	-0.0950312917023782	-0.285888321487607
 0.024523979999042107	 0.07384656579611192	-0.9969680331510772
-0.23175877952947493	-0.9497481508547247	-0.21039562271834295
-0.841948095568436	 0.534154576700333	-0.0761727809573217
 0.273093320019126	 0.633320707766938	-0.724102837775489
 0.36484175517755607	-0.7062496621873581	 0.6067140251710051
-0.061256263894962824	-0.4157791125949192	 0.9074003524704034
 0.5372214418439006	-0.08897211211721974	 0.8387354086293014
 0.8973945374837018	 0.26617499490207497	-0.35190043504277396
 0.37083400880489603	-0.9226193489537692	 0.10609276530383002
 0.35887607893416684	 0.9313640927190305	 0.06139125965880557
 0.852418414711177	-0.350379600230519	 0.388094037577989
 0.9679663710694633	 0.24228818746895905	-0.06585999310371062
-0.9970610058563912	-0.04021770030963321	-0.06520649647424562
 0.7105994403928461	-0.07471613092525771	-0.6996184210646071
 0.128041212608028	 0.915923136402259	 0.380381724162603
-0.013997437947107108	-0.9969007368054554	 0.07741442170330413
-0.0359436001019245	 0.895416041779743	-0.443777162250617
-0.944436758819394	-0.2539772506389	-0.208649861607007
 0.6975709405311952	 0.6876849819032752	 0.2012067309786531
-0.811783317142162	-0.351175505437267	-0.4665657621285
-0.5672900323616822	 0.36634341704634316	-0.7375462832730504
-0.0649951837858982	-0.64643576617705	-0.760194992282722
-0.8764795174830595	-0.47629076962177636	 0.07021935777091125
-0.9418021175978676	-0.33611861319744785	-0.005748839047746817
-0.627911510069618	-0.0822906319306058	 0.77392208097363
 0.2405966004064931	-0.31364773419888514	 0.9185523255126754
-0.124868519673959	 0.966359854368736	 0.224847692135965
-0.27232190353236696	-0.9130641037757528	 0.3035699643454369
 0.05007183039461242	 0.9321779452248062	 0.35852069708371304
-0.5582571113793853	-0.09218334088104105	 0.8245309146771603
 0.5168868689420341	 0.28766020768982103	-0.8062751203076712
 0.13000536961442297	-0.9908018623926038	 0.03755360636164419
-0.6791440066454028	 0.28083209183145796	 0.6781568804009858
 0.4701755989329479	 0.5518473434480429	-0.6887665901431208
-0.242932384356116	 0.530435927151227	 0.812170908010297
-0.382410119500739	 0.766335797285504	-0.516228579509331
 0.9475831784424892	 0.3183570244489671	-0.027109498645855205
 0.2280740558931801	-0.9634975454596014	 0.14019523858447505
-0.7948601794128245	-0.6026200052891236	 0.07103818979358206
 0.6911372774821609	-0.5901579656479189	-0.4171844187608839
-0.3689664590460511	 0.7079158231073661	 0.6022615208472472
-0.12680522323942706	-0.9857245616052225	-0.11075885520982605
 0.0283573662887798	 0.6211375870587	-0.783188328386002
 0.8834395188837746	 0.3457280133290802	-0.3162384500245542
 0.360776887615	 0.7118111841413	 0.602631625036551
 9.05129931775964E-6	 0.736416984844657	 0.676527918382071
 0.8774083808835662	 0.4357997228366661	-0.20058199004587607
-0.8422506378883058	 0.5390194045478018	 0.008482010237876628
-0.729015430646724	-0.494238876334594	 0.4735656607045
-0.458104754636849	-0.690697773859695	 0.559532500364701
-0.9638826644114648	-0.26296342994177696	-0.04219530495578809
 0.34658334487403075	 0.5581623625994957	 0.7538798060919775
 0.08447570227956838	 0.18005838027818596	 0.9800218545603818
 0.0739853912244172	 0.474659546835772	 0.877054431881528
-0.009563932298299016	 0.9996220223540976	 0.02577486418388809
 0.3888455726571807	 0.2508314549703468	 0.8865002548349145
-0.009032334076113924	 0.8206918541196113	-0.5712996565051062
 0.358056680390863	-0.841542997774703	-0.404475952961164
-0.6789725033750228	-0.4910309336275799	 0.5457883856234779
 0.8807485294908055	-0.44660690585170726	-0.1575572894072131
-0.57229333679935	 0.642409944470505	 0.509695791527131
 0.9940241068137246	 0.10590335753712996	 0.02646797943818459
 0.136169267742874	-0.7396218866881	 0.659103478411626
-0.8782377418850332	 0.47488421671305814	 0.05642206523606611
 0.14483769551171394	 0.9868487256322376	 0.07177488890193377
 0.7211541469976182	-0.0038561071419067608	 0.6927639040148151
-0.8995522048388448	 0.021511476500301094	-0.4362832648043589
 0.7791904778906564	 0.3527763139880948	 0.5180840389874056
 0.7909211672500012	-0.33871486735183903	-0.5096233372116331
-0.5690641530870226	 0.6488210055045566	-0.5051705578192437
-0.02862576940817061	 0.9421785917178934	 0.33388630794669816
-0.7690222294237292	-0.5933004662146462	 0.23790621564314104
 0.9120692256863175	-0.4010691448400808	 0.08528346037308346
 0.43951033613015	-0.685184011886367	 0.580821430639457
 0.322564049726213	-0.915602590620466	 0.240050681884715
-0.23239767325537805	-0.8771667660984083	-0.4202020774793321
-0.0903713193116606	-0.182151270910248	-0.979108747357336
 0.17984848208921406	-0.6770908406806032	-0.7135842746001623
-0.0154742261905631	-0.891764575203469	-0.45223499503685
 0.6052711795651698	 0.5124132924200939	 0.6091628821087078
 0.879749583727152	-0.451448272483295	 0.149114476841626
 0.6195379147402342	 0.02607594799288471	 0.7845335028764513
 0.8168938281796808	 0.07753227565974559	-0.5715533393419789
 0.09750736616147752	-0.9612181609636162	 0.25797666673165504
-0.7245300759055397	-0.3509002807630079	 0.5932328059613318
 0.4843739882184379	-0.25394337006495593	 0.8371944841776118
-0.7228636051750839	-0.14040643945004996	 0.6765753764912229
-0.6290327163335054	-0.23699837135313517	-0.7403712675124915
 0.172188852138389	 0.95572973799872	 0.238603577307974
-0.6602714766275313	-0.6663227452384233	-0.3464903697507781
 0.09035508775428873	-0.9875515081361402	-0.12875549267875802
-0.676801785646505	 0.369756244498576	-0.636568662910775
 0.235292564644391	 0.82963895598739	-0.506296960025654
-0.8943718834025586	 0.09501566021988946	 0.4371166417467298
 0.696187073960988	 0.546738049334678	 0.46518927702533
 0.22067128095657196	 0.4916352869769169	 0.8423769526524988
-0.19479421154713708	-0.3483066169312152	 0.9169175076034164
 0.9606614556665745	 0.2577895230876691	 0.10331567830107204
-0.805544211485423	 0.391077083705966	-0.445148557160826
 0.0730189524237339	 0.82952425447117	-0.553676569696597
-0.994270372023975	 0.0351341099253255	-0.10095554286448
-0.4758452153559441	-0.5791275761034701	 0.6619536098695851
-0.20555939360143793	 0.24100955778985794	-0.9485039424041137
-0.39513265585025203	-0.9182104116208912	 0.027564910152579405
-0.6655514006675889	-0.6031753628244219	 0.4395688964781719
-0.464647425558985	 0.53678539999624	 0.704247260748868
 0.9259890069502765	 0.2592374414062509	 0.2744818900772539
-0.8099100413746082	 0.12124102814604702	-0.5738870428705201
-0.8805419355070948	 0.3944537231376009	 0.26277777705944694
 0.09964365581878294	-0.6720385613340037	-0.7337815164851118
 0.7827242880167862	-0.33807569873624804	 0.5225394825968781
-0.9289368865503226	-0.3276169325859508	-0.17246276783458392
-0.16036197559740306	 0.6946818570785782	-0.7012140573522152
 0.09523870371336256	 0.9714120572018665	 0.21745851199214092
 0.09329461835409505	-0.42113984145364786	-0.9021847638519286
-0.22644007499602	 0.460807996605428	 0.858126379212461
-0.44871423919694686	-0.034164672240598194	-0.8930220079665437
-0.6945216206112012	 0.47856178521689813	-0.5372321064806221
 0.9788997153313436	-0.2033655315495829	-0.01994512225507779
-0.6233846386168812	 0.02446625672841151	-0.7815324654921253
 0.8987777586781718	 0.25150901669897496	 0.35908460705599293
-0.4031975944721521	 0.03692017055519411	 0.9143678695241022
 0.6709260082752118	 0.3570667468042379	-0.6498935526272968
 0.9073811123407928	-0.25171931317994195	-0.33659605514533897
 0.244919464309895	 0.660859533088184	 0.70942168949689
-0.635958946960162	-0.762522515348117	 0.118809222573429
-0.6958150956609801	 0.4232600618115861	 0.5802519045428061
-0.00669280409528759	 0.494686189708252	 0.869045902173915
-0.10954060411482797	-0.3501465802589979	 0.9302678261571168
-0.07144183636420298	-0.28151947418915196	 0.9568922873914147
 0.16429059378430097	 0.9560218871485537	-0.24296244995249794
-0.954904016324625	-0.101539280547068	-0.279012713174659
 0.805529090996821	 0.440159006936833	 0.396715177640352
-0.37001044442769204	 0.08978627172569252	-0.9246786990214613
 0.4536305347413669	 0.8657921022919338	-0.21124245207622294
 0.8261935245001828	 0.13664194260465898	 0.5465649454503929
-0.32024046453349475	-0.9452282597107063	 0.06316313734798916
-0.12566964878930198	 0.7529137590336518	-0.6460092962419269
 0.23426287154050093	-0.8367246723152317	 0.49498760565954286
 0.2615376686907569	-0.2204385304970519	-0.9396834052637646
-0.187235226126996	-0.981194833863001	-0.0469006193747015
-0.510694023799132	-0.757470189919456	 0.406731515178299
 0.586750231054888	 0.580288289774407	 0.56479170240694
-0.6643701300894468	 0.2089308079621739	 0.7176073074664198
-0.07511278614351402	 0.7140979404193222	-0.6960044546169523
-0.8030544035212343	-0.5278102606433591	 0.27662240282512207
 0.8181471253591088	 0.36988989981723797	 0.4402462302846219
-0.26577733110300816	-0.4791105156053753	 0.8365497738378236
-0.8749602470159804	-0.3993340526474967	 0.2738190653293898
-0.7464858014812259	 0.6603616137390949	 0.08174036510091348
-0.314760628571449	-0.0462441545076322	-0.94804389396018
-0.6283500856641787	-0.42465544473589983	 0.6518005240117367
-0.7824014685774743	-0.1706492913547651	-0.5989380279527492
-0.6473641895635569	-0.28952229413527497	 0.7050506700013599
-0.4854989666089779	-0.10246239587056798	 0.8682120771183027
 0.60361667755063	 0.141855582133538	-0.784553312656504
 0.6616055424864907	 0.6491961924886938	-0.37526312076906676
 0.337213341941565	-0.0809110867843651	 0.93794485874809
 0.410307866474188	-0.642961947856198	 0.646720487009932
 0.03632716967616101	 0.8253514864299483	 0.5634494303761381
 0.4931171101788971	 0.8033141966711013	-0.33394882403667303
-0.8112106228535361	 0.4487061673098401	 0.3749667995805651
-0.6807047989347433	-0.014853093145433307	-0.7324072380385274
-0.8689221465568977	 0.30999063358719187	 0.38584985462115284
 0.8290543259735648	 0.15661156045992497	-0.5367883602639179
 0.6350420247883749	 0.7362709729038779	 0.23372351446069395
-0.3796606470841799	 0.8800247574684488	-0.28533177057281894
 0.100461264317964	 0.871002200673572	-0.480897807016658
-0.027410829556401586	 0.06544034336571067	 0.9974799285615765
 0.6246611712211019	-0.20379838569999795	 0.7538332966609768
-0.44043300624953824	 0.05331191956775622	-0.8962012085675825
-0.12927632783056495	 0.37728710939773286	 0.9170289352822776
-0.7392930270982307	-0.6349276777942358	-0.22430484625784194
 0.7334900207033782	 0.5597351593325001	 0.38560204996288405
-0.12986659093732394	-0.06802967693133118	 0.9891949411591916
 0.9300665968815488	 0.18804530589849397	 0.3156185804015929
-0.5164942749799227	 0.7826600440062027	 0.34738583654083083
 0.5098513087911901	 0.3912369353456211	 0.7661496611924312
-0.09990447957919303	-0.48192752027100266	 0.8704969616061005
 0.11744404289129906	-0.7877942541221653	 0.6046379991047932
 0.8568404612159383	-0.5067272603647172	-0.09514151368633193
 0.7284507622583697	-0.36638986431494786	 0.5788937331604778
 0.7027168568950618	 0.4854798910928918	-0.5200945052391528
-0.408164383447376	 0.599034414079593	 0.688882868732662
-0.6393912273118457	-0.5700817196577558	 0.5159318669637568
 0.9051093608083776	-0.3460425702193322	 0.24704571352899216
-0.36801766577860684	-0.5976268755892288	-0.7123237432855387
-0.2874019020149771	-0.6330329918325264	-0.7187971744308224
 0.008288162408687322	-0.8520618960623412	 0.5233754213206191
 0.900938007647559	 0.174957783192641	 0.397115197992174
 0.538744816039051	-0.149845142479063	-0.829035859578148
-0.13183201143081302	 0.9598532021009463	-0.24759271228908605
 0.926826260334178	-0.0245450288899614	 0.374687369298397
 0.0460429401888866	-0.276234422136626	-0.959986766411708
-0.1518271614689649	-0.8620430938615985	 0.4835599418539547
 0.07674652980934894	-0.6110836113229876	-0.7878367788664594
-0.5902646349108299	 0.8054530538392798	-0.053226298336094685
 0.7435587129195294	-0.14888693308483106	 0.6518842854357253
-0.561918355916696	 0.552255943121916	-0.615841809696614
-0.284651885773539	-0.812844693446994	 0.508189736477067
-0.889868067948141	-0.326763849047299	 0.318371180545659
 0.96163942329262	 0.230501066178712	-0.148724167706243
 0.5768898113901533	 0.5634385935342773	-0.5913840518904352
-0.3355652244478059	-0.9354426567909728	-0.11109912689638997
 0.704154959894739	-0.649051007431087	-0.287921138870229
-0.699333429262539	-0.535717242721894	 0.473222770549293
-0.9146223985100838	 0.12827040065955198	-0.3834221856626189
 0.56982307069278	 0.0845667307497165	 0.817404511950207
 0.486957641615814	-0.760917463515956	-0.428808662445628
-0.43080700989208787	-0.6452967993043429	 0.6308703202999879
 0.560737832246246	-0.827757447201802	 0.0197659325541923
-0.7985811948962118	-0.5937974531519908	-0.09834968118071367
 0.9363820750137818	-0.2985838377154689	 0.18448929900670993
-0.24819469122218304	 0.9121495596591302	 0.32616341925908904
-0.35762798852270783	-0.3352166608045518	 0.8716260735798627
-0.208791215685681	 0.388303579357882	 0.897567021737292
 0.23631858083388493	-0.36255593468459496	-0.9015024806275568
 0.27996976489057407	-0.7297768562379461	-0.6237328521463151
-0.6496672036639017	 0.7545512311751379	-0.09265508089473798
-0.2605254233233301	-0.6969077790446603	-0.6681661853979434
-0.08874747839318514	 0.9177256815008534	 0.38717368013934716
-0.24570455493226706	 0.9680910574371512	-0.04928464462441592
-0.737060836670763	 0.284791709626781	 0.612890695943453
-0.544210776577683	 0.443460780835458	-0.712163721708373
-0.5177107656034329	-0.7583697942795958	-0.3960439600633129
 0.11224467160152195	-0.9354459036648246	 0.33517472311283586
 0.8091929446740722	-0.03400516806758161	 0.5865581188888271
 0.12286179524689003	-0.04643633920923691	 0.9913367972942172
-0.959594072907201	 0.259241583251324	 0.109421281086981
-0.9992802097302302	 0.03383736152537821	-0.017149210084078305
-0.771821776899392	-0.330138471708885	-0.543414882204736
 0.11063439058386602	 0.9475351611283103	 0.29989523178217403
-0.31173337070375706	-0.4087684912465831	 0.8577474139591832
-0.6891994487874878	 0.7147334034679359	 0.11899698213889197
 0.9916399637048462	-0.03240118510266861	 0.12490134341709103
 0.30144856668267295	 0.9137951392371317	-0.2722263858474289
-0.968345661660136	-0.115189686874872	 0.221445288009617
 0.7386010829328001	-0.14331835052797703	-0.6587323361521241
-0.5454266342706922	-0.5609514705269452	 0.6227706113343842
-0.23303864244934694	 0.9719368273791757	 0.032121561441932595
-0.4405535424911954	 0.8921644774595557	 0.09977535446079178
 0.191805842845521	-0.981192255422522	-0.0217319246543837
-0.384340805196217	-0.706383691371843	 0.594393998981326
-0.582721802646349	-0.808993027807423	 0.0772371780916935
 0.09072233720723412	-0.8375694533851232	 0.5387456434049401
-0.527497661264882	-0.838480703514305	-0.136734513544445
-0.288161281967318	 0.903745959910738	-0.3165538114128
-0.38455832273743706	-0.25489245916734105	-0.8872117732948512
 0.009383577058438392	 0.7284745042475101	-0.6850086460351671
 0.4079934664801461	-0.7934223215980202	-0.4516883338094111
-0.5956930136908489	 0.5752863990416589	 0.5605313483807979
 0.18755743131442107	 0.4428643449872201	-0.8767516078672323
-0.10943158422319398	-0.9936454001204748	-0.02633528419865489
 0.902072364365904	 0.360622096624728	-0.237101566577054
-0.5106498822599199	 0.40900938019787697	 0.7562724539860479
 0.9270974503671142	-0.14094600549950903	 0.34731043902613806
-0.6330291243032659	 0.32948457351753097	-0.7005098454681499
 0.14603953659976507	 0.9343538760394174	-0.3250465937059532
 0.6409700026154418	-0.6256911363135748	 0.4445987603286678
-0.8967489465404952	 0.31909317100419304	 0.30662823597477307
 0.2954364464245242	-0.4959435386579643	 0.8165520881042836
 0.012922048452362904	 0.8712167154930922	 0.4907284944948921
 0.828000862236092	 0.218073778181065	 0.516583390563541
 0.7689614914901742	 0.4257102639768331	 0.4769370983158911
 0.4433694265986411	 0.29240108978792306	-0.8473046407570463
 0.7546059393779878	-0.6335392669110679	 0.17087385270207797
-0.824721951399298	-0.51861230776136	-0.225554820650258
 0.416404706431094	-0.406798178163483	 0.813094313536201
 0.06644336201266518	-0.9929629722766258	 0.09802966557131067
-0.8281533450118218	 0.37376256327465496	 0.4176883807817619
 0.4307159816161029	-0.9010585924288108	 0.05076569895792939
-0.702322388040359	-0.711792378515985	-0.00974028458744461
-0.25948545733029416	-0.7707868005875945	 0.5818547975861573
 0.4713298853722571	-0.8341768767482102	 0.28635131823265003
 0.4183000783572649	 0.9082983159603067	 0.004383340048077499
 0.914004031878056	-0.22895442763044	 0.334927603787856
-0.865403985429681	-0.143592083856317	-0.480059637395423
 0.428336936845595	 0.0728629400110505	-0.90067666812607
 0.3635617262131891	-0.7416502025351932	 0.5637178800715771
 0.221621663477729	 0.970487986194586	 0.0950626473928707
 0.6978538416455321	-0.4419876666888441	 0.5636017372183341
-0.13756150431082395	-0.5459284745972408	 0.8264616949113087
-0.7208709607405339	 0.6026587879548759	-0.34226808682928594
 0.9518158308430422	 0.05380245929850981	-0.3019137617433191
-0.901178871038686	-0.158162692524487	-0.403560658497386
 0.140606348900567	-0.191946866643861	 0.971280729261348
-0.784846402692238	-0.475636780179662	 0.397222579319677
-0.27534675062218994	 0.6575184747285789	 0.7013227661443799
-0.19593947454982394	-0.4862950054798219	-0.8515426530471147
-0.9478653971918916	 0.2556672672075979	 0.19022470208902093
-0.067176964016285	 0.882438184458618	 0.465607244482872
-0.6936712517075946	-0.07351986836746484	 0.7165298483033695
 0.4901487436773881	 0.21788131332110705	-0.8439679747342003
-0.22198736406045294	 0.15590299633511998	-0.9625049952759848
-0.3855178879746861	 0.8587242068534993	 0.33759249786594203
-0.6684043268079471	-0.35466112972963404	 0.6537974754947551
-0.0032104195605492892	 0.5568501002602498	-0.8306068017096868
 0.14250850697384404	 0.23837356892942105	 0.9606609011903923
-0.18943767603591605	 0.31354787127292605	 0.9304843358801522
 0.37827652375516874	-0.47859734349165167	 0.7923707808712025
-0.45244095929870615	 0.47317901903920423	 0.7559092500359833
 0.22248138506757295	 0.7219586830830359	 0.6551928671921139
-0.8315318636939052	 0.4179677059403271	-0.3658657628867741
-0.7494295016481191	-0.5799260097142171	 0.3194389539746171
-0.5022426517446024	-0.3306681882616052	-0.7990061752204035
 0.48783972849339	 0.87230170812367	 0.0331983329103056
 0.9666937557570542	-0.013513206388098302	-0.25557890334187106
-0.729449985217117	-0.65448044430709	 0.198892099104871
-0.10128635530634596	 0.8031007485982806	 0.5871714075375588
-0.548964392197657	 0.271553336503557	 0.790504194506799
 0.003607158119974861	 0.9938775633030013	 0.11042815570852503
-0.530199793186043	-0.669001543674729	 0.520888773027704
-0.6955770719847866	 0.6845989829070046	-0.21793753584861386
-0.829935295296104	 0.225840588473433	 0.510101396018225
 0.89750318019408	-0.382767142314983	-0.219037339980047
 0.7638512798881414	 0.07015823271905573	-0.6415676461566523
-0.30640169223158503	 0.8760753498170533	 0.3723036186240321
 0.22410862625769315	 0.9273114500052126	-0.29978125079150625
-0.64663888620261	 0.7627477319565	-0.0086051290439555
 0.03416417628684551	-0.5345228651344941	 0.8444632115770663
-0.9882374244018832	 0.03293739543049961	 0.14933827705510502
 0.9579965877665223	-0.28382530957416585	-0.041057660342850875
 0.540729399057247	-0.839079464685793	-0.0596436831340236
-0.6701981784355032	 0.6232341481402061	 0.40300570493937804
-0.245464378241227	 0.671153075200608	-0.699500385034501
 0.701155657721674	 0.582888870177101	-0.410635250153405
-0.5862573166984968	 0.7792313534913506	-0.2215871303878369
 0.6729367317284799	-0.7030433835604779	-0.22996990220989094
 0.3929083378849201	 0.9052181391051822	-0.16187389738762806
-0.12070409236175297	 0.4725739361469659	-0.8729859087990418
-0.21383096148409006	 0.9399588383757252	-0.26599568054791206
 0.6780301772762627	-0.0041942690407017385	-0.7350220995384656
 0.6649178509726584	-0.03262960104777442	 0.7462034311053285
-0.8936747943850002	-0.4046492323380741	 0.19391843813607607
 0.33541905012978296	 0.7687740082404748	 0.5445003076802699
-0.6356121949934646	 0.6149597992602056	-0.46671359833353665
 0.7901025744165368	 0.4622803708471319	-0.4025354402158889
-0.44029839314061286	 0.8131754498124958	 0.3806350126039899
-0.6847120482017043	-0.10213202749707805	-0.7216221033246993
 0.8700801738437988	-0.4926990103548189	-0.014428315193644797
 0.6684597399424691	 0.14201896991910504	-0.7300631399126811
 0.056521939164773514	 0.5456202466647881	 0.8361242831197462
-0.15139504576738003	 0.3996059862997161	-0.9040987754833673
-0.6557495879526719	 0.44528051185016687	-0.6096865946257589
-0.5919942152874241	-0.15915412205169802	 0.7900713983559842
-0.8232691497892898	 0.5107984453723379	-0.24761432755481394
 0.3218535708394568	 0.5709763013218477	-0.7552458819925557
-0.77539429893996	-0.571670524747438	-0.26824707324852
-0.790037262693525	 0.282684896577582	-0.54399482791902
-0.2382906701790691	 0.9106128520997965	-0.33764151121608915
 0.00811693047965646	 0.957559546789004	-0.288121206773861
 0.08662518423620726	 0.9599244281401635	-0.2665354942888909
-0.7910164052497264	 0.3606190161655832	 0.4942134880854302
-0.48490685700517633	 0.18990339208559415	-0.8536990346156815
 0.640122911081729	-0.482539589274754	-0.597827904576898
 0.812482256310698	 0.387945638769264	-0.435167513194844
 0.33222328363604203	-0.6618385575339631	 0.6720099802617882
 0.998402991948033	-0.0409619580006559	 0.0389048026080191
-0.8886494722386368	-0.30876936577570396	-0.33906281755518697
 0.6362603946722649	 0.6264575952513499	-0.4502483664860869
-0.6387440974852231	 0.6006387664620101	 0.4808732162959201
-0.702680110971022	 0.699062595666627	-0.132484523570077
-0.6493771118734448	 0.24705953762442395	-0.7192155111256358
-0.14978506428584204	-0.9695158974696533	-0.19391585564491406
-0.7980257700274986	 0.5895968943964908	-0.12462091513879794
 0.701580970702668	-0.697047538087676	 0.148016455821007
-0.5571470587717403	 0.8080886766588186	 0.19125858296504913
-0.6968088977262878	 0.6396137360370849	 0.3245791563273249
 0.5187926529228061	 0.22794831812094304	 0.8239500880145292
-0.6586154623552228	-0.5876664609497699	-0.4699721304730619
 0.30415472747937305	 0.6886617070129842	 0.6582058606894282
 0.25656748955092407	 0.9572202431748822	-0.13380033393738602
 0.012570710433187896	-0.9268662202108088	-0.3751812722822579
 0.01789981751815939	-0.6619803046721856	-0.7493074621001296
-0.05250839123502529	 0.9724336416331788	-0.22719084812101095
-0.036698721109903285	 0.9889322775650705	-0.14375727549887696
-0.7359223905403471	 0.32823547648049306	-0.5921821570099901
-0.8421063285796437	-0.5363899938397729	-0.05605984190738929
 0.2987346587459231	-0.5592824818968762	-0.7732791922114723
-0.29433470977108095	 0.7070653362420007	-0.6429818729240818
-0.4463680244400912	-0.033331291726869716	 0.8942285008594104
 0.5278573042070052	-0.7091348186851761	 0.46743392615818513
 0.30327816030006305	 0.060382028735288015	 0.9509870493812312
-0.29880310370025587	-0.5416661480605328	 0.7856936357540126
-0.04202254020092649	 0.6312170507330988	 0.7744670044481369
 0.19466529198470708	 0.9780491381961245	-0.07433241130440343
 0.30425269575244596	 0.6866749689788639	-0.6602331286032579
-0.858827898957397	-0.0526285614117803	 0.509553603162758
-0.40664360885545303	 0.8761191443944673	 0.25895215813450906
-0.10859749569891597	 0.30124638811615095	 0.9473421755495198
 0.4206574451027231	 0.8398747182171602	 0.34301278632041604
 0.9171652850999478	-0.37317390261170796	-0.13981801821324397
-0.7805356215577987	-0.13318169521191295	 0.6107591829353548
-0.5904213780864951	-0.8017397267341912	-0.09282244811805292
 0.174992941570858	-0.928496734600118	-0.327522952229758
-0.28961192092099797	 0.4205071217709319	-0.8598248052948788
-0.30724835826298014	 0.03811028026034941	-0.9508659489555724
-0.991761310319062	-0.116127071512386	 0.0540740845153624
 0.8683257634171525	 0.24914693944207617	-0.4288778044532803
 0.13437805107290804	 0.5074817673290231	-0.8511197302486052
 0.13845094309475203	 0.5213617609340451	 0.8420292456868262
 0.9539392257383937	 0.19041200214256895	 0.23182584635387896
 0.5849135557803852	-0.6633622826626373	-0.46671898847696525
 0.9558289297647654	 0.02275735304132531	 0.2930412256104861
-0.482591780513895	-0.828232325209842	 0.284844499434213
 0.772473210416398	 0.0247689650457719	 0.634564131951645
-0.781766044319164	-0.510482362743503	 0.358119546069993
-0.25352935920315506	-0.9672621094046012	 0.011263912828101501
-0.9753795829946692	 0.10713148328293001	 0.19276284488133202
-0.8408022434843903	-0.5406186317555342	 0.027983608602007406
-0.75802775676591	 0.506986197509879	 0.410315629128256
-0.3422071707266612	 0.46572286498522725	-0.8160860649056604
-0.059796964344171116	 0.14670770433515803	 0.9873708384107412
-0.5987525117809382	 0.20351796808677208	 0.7746456391808123
-0.6297371532822802	-0.06381478682457761	-0.7741826598151521
 0.056457592547696	-0.139729656777315	-0.988578860415603
-0.47172990946592325	-0.6508281624418633	-0.5948895657916852
 0.5210125789945886	-0.8395148640392495	 0.15414501479635292
-0.7794151289122256	-0.25245275520057187	-0.5733931140276968
-0.4318654162429273	 0.11540914907698008	 0.8945238904370586
 0.7481573364168723	-0.6574682850388823	 0.08942065831586164
 0.011766881651469092	-0.8155165263488234	-0.5786141510092446
 0.20986634835135096	-0.5106433269917259	 0.8337862486443938
 0.316892959829072	-0.364105664454144	-0.875788740007073
 0.8752208602648952	-0.3258279704588351	-0.35752563463876713
-0.135216363929435	-0.439881873716856	-0.887817814701333
 0.5887935518874321	-0.7880994839097202	 0.17950308275072802
-0.3517668960311581	 0.6568327867700662	 0.6669563262166972
-0.17300759407052993	-0.5575533427785948	-0.8119129524464687
-0.9026110622635685	 0.1692888254777481	 0.3957708476477232
-0.906737938853445	-0.399431757997636	-0.135205698647373
-0.4143883856026691	 0.22609777966987205	-0.8815679553533963
-0.6129113341972138	 0.40793925045015583	-0.6767017543606316
 0.4519705887926901	-0.33193300011360005	 0.8279752836298763
 0.23535348089788	 0.955517121117398	 0.177751990933354
-0.48816241256551424	 0.5848111709427563	-0.6478374435757623
 0.6196540941566021	 0.44024935629929113	 0.6497763521959081
-0.835632920495827	 0.524927387733297	-0.161767919536328
 0.7607761610087533	 0.5343552018910402	-0.3683532965140522
 0.603628210152734	-0.416109162082578	 0.680063342004803
 0.9291012322146592	 0.20159122038405003	-0.3100514153511821
-0.742190896636441	 0.421243382294937	 0.521254914435075
-0.6722786987101517	 0.07323002728091747	-0.7366673023590916
 0.733636878394113	-0.64634553351199	-0.209796048507217
-0.32398172013433596	-0.2685779616754779	 0.9071393076705708
-0.08229301905821682	-0.14161488371713002	 0.9864953541320243
-0.6218905217154819	-0.7564267046792458	 0.20265936802561896
-0.024229189971891517	-0.7656492860394376	 0.6428017712643654
 0.15817102439540698	 0.9750410416248217	 0.15581044313167997
-0.6901804100962824	-0.6269034424896265	 0.36144581241727425
 0.88721338166955	 0.458397387528492	 0.0521943530809149
 0.722727998191704	-0.23322539026988	 0.650592159469567
 0.551675199757983	 0.831610198249	 0.0638666747235879
 0.2509149603103069	-0.8231183190252377	-0.5094290093600328
 0.5682717718143492	-0.4886174660686432	 0.6620575240956323
-0.4686355052758449	-0.4863849272021289	-0.7374350586902099
 0.5532905678050362	 0.4913001046704511	 0.6726765602641321
 0.7342441659955606	 0.6304525105300477	 0.2518236221402669
 0.7463543540372694	-0.5283611375739932	-0.40470938525209216
-0.28306564999257505	 0.20929325771286306	-0.9359862018588833
-0.7607155685681168	 0.16668116931766594	-0.6273190667698397
 0.6856983744179769	 0.14211876149590597	 0.7138767379256828
 0.36466670791420497	 0.8345183274629708	 0.4130343245632519
 0.9062323152465355	-0.31755579503250514	-0.2791080576482481
 0.3806023035956751	 0.08366744322725451	 0.9209460600064913
-0.8974825691423954	 0.4011172387381042	 0.18338483817558207
-0.720801814132831	-0.620597131927397	-0.308713369626761
-0.5835332764155606	 0.8115461386352767	 0.029694783748891986
 0.7823448771094852	 0.14328731588991003	-0.6061396195313501
 0.360456713666164	 0.875341470190852	-0.322254973797313
-0.9721492683787852	 0.03210436044469841	 0.23215320379230106
 0.183539910395209	 0.628082206701208	 0.756191670753824
-0.6749023487348933	 0.7102173798404944	 0.20024508244805309
 0.6842876666814098	-0.5585365742152999	 0.4688147656500899
-0.182176673669287	-0.77402262712325	 0.606383238778923
 0.56438544099452	 0.643963060857447	 0.516508131828076
 0.25036695350092414	 0.34178304768973916	 0.9058149573210744
-0.4527190162199679	 0.8914469646307338	 0.019178154329224796
 0.861477535977756	 0.311779006915296	 0.400812058017977
-0.5339584960356711	-0.7798555459706672	 0.32667055565220005
 0.8261039894089468	-0.17491377888669998	 0.5356840193978138
 0.344816384605759	 0.438838640185623	-0.82977244397934
 0.8136495557088628	-0.5235499722866139	-0.25272480490338894
 0.961410321178892	-0.0972215741250704	 0.257367752166706
 0.09035392168509705	-0.12677709262654793	 0.9878075407797225
-0.8460333019536717	-0.3675556328292338	-0.3861741948407078
-0.425091929837953	 0.887120879893894	 0.179759271368485
 0.564067906775336	 0.415595403395311	-0.713517944569567
-0.39219490495507786	-0.5273784457740798	-0.7536943222953146
-0.07620793343186831	-0.7181486879502861	 0.6917042813784852
-0.4029546781618638	-0.2591312473612429	 0.8777690607377746
-0.5190492815969739	 0.32166785970004896	-0.7919075901326208
 0.08102422248088874	 0.7164391060595583	 0.6929286274068553
 0.6870327801541691	 0.30891955998247106	 0.6576888811998192
-0.29372936803222205	 0.7126595436871661	 0.6370552826458561
-0.00569654048968204	 0.00968995992913009	 0.999936825055974
 0.22804492567805096	-0.14597301002359797	-0.9626460368261758
-0.19938014271008	 0.0920600606709521	 0.975588286072649
-0.581714429146734	-0.726343106013003	 0.366106562724397
 0.13692064384595704	-0.5551846021613461	-0.8203796650403742
-0.5988609142962622	 0.6776383086175243	-0.42681603533867624
 0.789973654009782	-0.612451054982777	 0.0290745803222798
-0.443163438569324	-0.711950448657631	-0.544731792143263
-0.19472519135017	 0.632132308366032	-0.749993896357478
-0.7035417386371137	 0.7090616189220806	-0.04754621506561168
 0.4161122230156397	 0.8696890495353005	 0.2655024952337888
-0.8702196551693718	 0.4728147425145689	 0.13843399516658397
 0.4864802409091521	-0.6224396652318162	 0.6131116035038631
 0.9710343612176612	 0.15014907564872404	-0.18586964361197503
 0.2138499993813748	-0.6262134962944175	 0.7497498481649113
-0.7276039936436802	 0.5087352104563663	-0.4601966037202842
-0.9037610084609328	 0.24388650560822794	 0.35176044684967894
-0.365187256466315	-0.749526134014589	-0.552131182006369
-0.487370823920919	 0.766723316323471	-0.417857674569444
 0.17508158454430897	 0.7417245901556309	-0.6474496668559769
-0.3786834755120791	 0.4710357006971651	 0.7966957976811623
-0.6331285505417976	 0.6859966892176657	 0.35854815697649883
 0.5207105354864517	 0.7255784092463626	-0.4498849967146388
-0.8210163439173236	-0.2772355084433252	-0.49907177427580734
 0.031387984264293005	-0.4792881511726641	-0.8770961535597532
 0.12276775196327305	-0.7290178159549752	-0.6733952057284952
 0.7691958223912457	 0.6389863606530529	-0.005849591030298799
 0.5580967609624641	-0.6030990273903771	 0.5699118954399771
-0.01928088872057949	 0.005798032425242488	-0.9997972945303165
 0.6981568739175097	-0.6000307032933447	 0.39056386738537985
-0.9566243290901082	 0.25944384485550204	-0.13250956327561703
 0.27061667229319697	 0.9614264612447788	-0.049252170462815985
 0.782233130584263	 0.551352291068388	-0.290037895024052
-0.5772398937937762	 0.4144702406652991	 0.7035684221280821
 0.670099484114934	 0.446780742611623	-0.592750916844762
-0.9431046128455636	 0.2553682209267079	-0.21293370087928293
-0.5203107924410582	-0.023990985957923906	 0.8536399193232033
 0.08235902065201062	-0.9804181801400013	 0.17887756641963204
 0.27499693871873904	-0.7888635850596503	 0.5496097960027261
-0.033175269691892086	-0.21100072037927292	 0.9769227694553435
-0.264221985729561	-0.962035584296005	-0.068368682928459
 0.46704734270966325	 0.8743764845542263	-0.13165311590097406
 0.3849802721707602	-0.8636892677880434	-0.3253168282568261
 0.019941378500738214	 0.6768165070205314	 0.7358816190448144
-0.6489482743037767	-0.6883309961740227	 0.32413974915802585
 0.07648580929210191	 0.36937001245371903	-0.9261294266337032
-0.15688069912571803	 0.10086657821129202	-0.9824532455245752
 0.4602036616541229	-0.7254267631126788	 0.5118286834088129
-0.820793732361502	-0.537175191222105	 0.194269047590114
 0.31734246346631717	 0.13955681431393305	 0.9379859574959934
-0.251870572424671	-0.173364858782792	-0.952106002756884
 0.8013050361820282	-0.5664963666954611	 0.19233331877280205
-0.23674715750148	 0.763923916631228	 0.60030911455164
 0.362506170644145	-0.912207765539479	-0.190961432583622
-0.62168745571144	-0.224864010240987	 0.750293865301708
-0.9789584580429448	-0.18853791269856995	-0.07806274976867349
-0.536329628468968	-0.377170627043613	 0.755044930929191
-0.344342931074747	-0.472714694838997	 0.81115273722162
 0.3925624204315281	-0.0012058348307159602	-0.9197245740042512
 0.10535842559648195	 0.4395690225064108	-0.8920082267605995
 0.67689987111784	-0.73595756802998	-0.0131538032541623
 0.8916206910351328	 0.32320369875445987	 0.3170992154349629
 0.435855822114145	 0.797478220514469	 0.417202816546436
-0.487502833863115	-0.41046662402431	-0.770621916076566
-0.8006905560875397	 0.5977840931633498	-0.03935494064406958
-0.4418001344701348	 0.5481122068149548	-0.7102011334281376
-0.880484712619345	 0.47329530487969	-0.0271703003750584
-0.6803173033020928	-0.2716978014743299	-0.6806971951622719
 0.758014633558075	 0.628685782271561	-0.17368938505681
 0.4242770555014741	 0.5148056264785941	 0.7449591580220901
 0.4978050679754149	 0.4674980383702689	 0.7305037292293198
-0.8027678187465177	 0.20184207766733392	-0.5610914407366168
 0.378164358350539	 0.411035254176143	 0.829482813503498
 0.7054138175044331	-0.6372299217137891	 0.31036973587394207
-0.684966902375735	-0.710950686177506	 0.159277947229125
 0.738786837948168	 0.252522128968764	 0.624841245802188
-0.8384241562160878	 0.23145717506474195	-0.4934293367690969
 0.5028382056343642	 0.07065524923108343	-0.8614880003287954
-0.311835024281838	 0.538230128392127	-0.782986108767033
 0.0014975763414505005	-0.9873042746996172	 0.15883332907473902
 0.8891116370377328	-0.11954193386167697	-0.4418033758729029
 0.5774240486251858	 0.7170810786133367	 0.39035393524855483
-0.6962811796780173	-0.7138321386105443	 0.07507460764390013
-0.7083713045471961	 0.14169164049684302	 0.6914720340747101
-0.56915015060451	-0.779253027565711	-0.262360105764076
 0.7123963069106	 0.688265616081814	-0.137047231346202
 0.6373514056260581	-0.6586329067654781	-0.3999823494507541
 0.4275506284673378	 0.6169505702839198	-0.6607362968110126
 0.688815239143735	 0.227021060351375	 0.688472951160971
-0.851290692423346	-0.469800152389872	 0.233649253813988
 0.20607415527107312	-0.7363988781071602	 0.6443990493877452
 0.455616580777962	 0.281876987011613	 0.844368933294833
-0.2304943147497369	-0.8578272201550516	 0.45935262188117076
 0.796448444785586	 0.00203142425010337	-0.604703024727128
-0.37745641687524706	 0.9245403516840972	 0.05245752060043881
-0.9938298981356958	-0.04174082651526399	 0.10276106740110998
-0.828410003913941	-0.437851101299717	-0.349318305426339
-0.05261134586682099	-0.4629801938381689	-0.8848058467255138
 0.011882115485521897	 0.4208870946669119	 0.9070352081779598
 0.6344861929151111	-0.7535722452345163	-0.17191899898585603
-0.924569441990201	-0.245730318477543	-0.291183717812061
-0.4975919710723028	 0.10288388536876196	-0.8612880682186467
 0.9726457268968044	 0.06861292167710623	-0.2219291709719981
-0.7491495880806339	 0.6396798876788459	-0.17200155806793097
 0.9303885276591064	 0.12042036926897105	-0.34623131323646217
-0.11227992553350898	-0.9287201069756248	 0.35337258130954896
-0.464095925546106	 0.856298382040141	-0.226645213509882
-0.6459167598558391	-0.7512896563502782	-0.13548207113273503
-0.9289761664051033	-0.33481037808756303	 0.15781410892610703
 0.7983380409446728	-0.5919890010673589	 0.11047802947144197
-0.782394494057153	 0.465256619641201	-0.413998953560386
-0.7975680347797247	 0.6015624733663638	 0.04480871048078528
 0.4942486930714231	-0.3857929563417361	 0.7790263308992152
 0.444760798712601	 0.75284512923638	-0.485192789840892
 0.341659873817206	-0.222548555083559	-0.913094010085178
-0.5049728478398807	 0.7922644183998496	-0.3425193633680128
 0.7365485086809971	-0.6763302394455402	 0.008584961929881632
 0.17365829075785696	-0.6854552102987459	 0.7071025051047138
 0.307214662305547	 0.151306451227399	-0.939534730109249
-0.4214376550644001	 0.4343531812807451	-0.7960701079710982
 0.11890033097796403	-0.8662802937022552	-0.4852021888207691
 0.5225007984230513	-0.29125132045335117	-0.8013523469619676
 0.02261134806684949	-0.06466861701080318	-0.9976505885892666
-0.29604163313305987	-0.3777077792106208	-0.8773233069830596
-0.5507648858886189	 0.053375274531589585	 0.8329520517657508
 0.285177879504042	 0.864929269732124	 0.41300234309533
-0.7172725961360114	 0.4051126583698372	-0.5669248246997393
-0.759672318753819	-0.403709537667266	-0.509820142124336
-0.5206517366070114	-0.1702435690309171	 0.8366235093348255
 0.6630908706836497	-0.2599978460087689	 0.7019341972626777
 0.20181289219218793	-0.7320055206466737	-0.6507222712400557
 0.8526953673949611	-0.22574635354336306	 0.4711148419282151
-0.14802373378530195	 0.4511771744199948	 0.8800727989880426
-0.9777697588149414	-0.1900204855849641	 0.08864825889449714
 0.5656791956542879	 0.7793122157091738	 0.2695913909055259
 0.6239706324171025	-0.5821954347285163	 0.5212572547814324
 0.10414597075359996	-0.2670069721173289	 0.9580505694463766
 0.05606265986350937	 0.26380426757602987	 0.9629456301254515
 0.4611595409446611	 0.6601476350475441	-0.5929055386289152
-0.320754826547449	-0.129662902922089	-0.938245102759579
-0.8526337621070992	-0.33898285327348804	 0.3976258202150101
-0.27709579938540496	-0.4544465464646249	-0.8465791483194818
-0.4321610777553667	 0.6516155694131526	 0.6234051271618586
 0.455258132788795	 0.198642477560256	 0.867917737253009
 0.12814391851795404	-0.28499327925717605	-0.9499252428086672
-0.9638628878337288	 0.26126896650787795	-0.052027498466969586
-0.537337561029584	 0.238334679300882	-0.808990065544271
-0.033883890056519185	-0.2534664497350269	-0.9667505577207386
-0.04406554687494898	 0.8400484208176217	 0.5407188532504038
-0.3687644991943789	-0.9091460782968028	 0.19356175358645294
 0.8870088044236398	 0.4463670563224419	-0.11820250380166897
-0.7669287240719693	 0.14721333210444407	 0.6246187373462693
-0.4672806951523808	-0.8787522629092536	-0.09717619240212096
-0.9836394568335948	-0.11586633997979197	 0.13794350372452596
 0.748250815973012	 0.216840005052393	-0.626977773612909
-0.37486776173043507	-0.5344833266148891	 0.7574970196547942
-0.568193969456825	-0.284479751989761	-0.772157292124306
 0.3775855589557852	-0.5566266151021472	-0.7399972682571022
 0.4362249046634333	 0.026455848662842618	 0.8994486759248176
-0.9456510318524854	-0.11484815514562105	 0.3042269337451521
 0.24130000918531894	 0.9457583745503968	-0.21752103929265498
 0.20262674276734896	-0.38631643111810393	 0.8998344393074018
 0.46160370520273175	-0.8357651770213886	-0.29735263278053686
-0.6390244940732501	-0.4995589343299131	-0.5848833790642272
 0.245867080493061	 0.179358174393333	 0.952564971016733
-0.5211498836000908	-0.5166916384429799	-0.6792882669284969
-0.212744824224328	-0.0608851862924332	 0.975209020598095
 0.3616928739183949	-0.7201200542199908	-0.5921193903824208
 0.5664418885645892	 0.41693884649870616	 0.7108484966290003
-0.42755004546627	-0.871412723233763	 0.240501194192686
 0.437246032289957	-0.492710193180747	-0.752364654128888
 0.9750520966638134	-0.08135571393931054	-0.2065300380112461
 0.5973687694545309	-0.7266646907050919	 0.3392771441798769
-0.7271615018564436	-0.5590823231087436	 0.39832537730505174
-0.388624643999616	 0.790675173619251	-0.473078910857733
 0.06582838289709561	-0.8996925286319413	-0.4315321285014791
-0.06087896465928139	 0.9836792729247258	 0.16931875170900898
-0.4966727316785691	 0.40127160969521003	-0.7696085322159331
 0.632928064506732	 0.596437000216072	 0.493624320645788
 0.22734140899446895	-0.8959546412172288	-0.3815509987376739
-0.5922853306056451	-0.7106680350244131	-0.3796696342136161
 0.5415785462022882	 0.35454884424353317	-0.7622255541104553
 0.7342194943108563	 0.5127715841654712	-0.44495734250188923
 0.4932219041728229	-0.4265008226970469	-0.7581749148335609
 0.202855506050545	 0.561457480965292	 0.802256281205131
-0.5006894523269821	 0.8532246041852172	 0.14600632568997202
-0.15458376632060195	-0.36325237376336883	-0.9187772157304596
-0.041072026628622194	-0.9477016023923068	-0.31650396751331894
-0.4034418935904551	-0.5926852673778031	 0.6971074611058541
-0.0934629597028015	 0.918484448572392	-0.384253813116099
 0.20248023768491494	-0.9480687458935068	-0.24529045315089995
 0.3293512687929431	-0.8126535543954382	-0.4807514350191161
-0.5651410628309091	 0.3434164754632201	 0.7501204593148821
-0.3232822652540369	 0.9430238039519557	-0.07870630312879787
 0.5391507316288389	 0.8363946602684238	-0.09879504470648227
-0.425049653468961	 0.819143373869279	-0.385145329884669
 0.32600596860870296	 0.9033301961772138	 0.27877350144147095
 0.025701550983465483	 0.9782815896595644	-0.20568072736695586
-0.372691367826347	-0.33784634794002	-0.864269049273036
-0.278147581164138	 0.835653168697001	-0.473621900611871
-0.698872683872257	 0.714321593787254	 0.0363542622869133
-0.3796544082211621	 0.003624014001714551	-0.9251212876378723
 0.388208578086758	 0.893479350369104	 0.225806887326011
 0.20824190297812897	 0.9780191461848878	 0.010670498574617496
-0.180306579032535	 0.809292840412426	 0.559047972909993
 0.24392149121791196	 0.5738704621277029	-0.7817768216181438
-0.9058003801099025	 0.20442520302340708	-0.37112802071737316
-0.709544428527399	-0.281504168119347	 0.645989247029052
 0.23681582427474004	 0.4187436895766291	 0.8766823756713872
-0.8619898983853872	 0.022976764878169003	-0.5064044661703561
-0.178562313778566	 0.978330317151423	-0.104810737238325
-0.516981308799756	-0.826807596524881	-0.221629250507331
 0.37204791319738284	-0.3527106221189668	 0.8585892890840907
-0.7341215222855247	-0.22206027604069595	-0.6416812482236908
-0.9130541015459025	-0.33110208945393677	 0.23812520658141584
 0.854067906427956	 0.520140485440841	 0.00467831327876402
-0.16850395179782804	-0.13823922725042104	 0.9759591867889362
-0.4896545531707151	-0.7295432717003622	-0.4774987259416711
-0.448795905455728	-0.820314469580829	-0.354494578579837
 0.781073818288882	 0.111082774719528	 0.614478891048535
-0.09488414540595295	-0.30809257610907287	-0.9466128899909706
 0.8621676090187154	 0.09021115419598565	-0.4985267912736282
 0.22566807961902005	-0.17764526175639203	 0.9578705960705582
-0.04940516893329022	-0.8160489541738983	 0.5758673750737752
 0.5453818874999418	 0.7496049820822327	-0.3750346219010938
-0.7430305924252211	 0.35448453631298904	 0.5676673781671712
-0.737979095915186	 0.623687369737554	-0.25768375738889
 0.9543122948190282	 0.11722783090559102	 0.27485574328802104
-0.29231048804671	-0.0519792946551725	 0.954909802811263
-0.4210837777276072	-0.6262076782537693	-0.6561649151171304
-0.608712421330078	 0.505233077712748	 0.611726021437194
 0.84623594724229	 0.506946057116953	-0.163982977069327
-0.7814716453172278	 0.007624481098428438	 0.6238941695938219
 0.9955247941352044	 0.014672647854587507	-0.09335468743986124
 0.9205066699773824	 0.3905259982785212	 0.012526579569664105
 0.33502966899049497	-0.9019310711200608	-0.27253525248000393
-0.4492202503461238	 0.8404072875794296	-0.3031777657783499
 0.899703273836999	 0.394923883064191	 0.185927796825777
-0.7504016942082902	 0.24868429165301506	-0.6124160517282071
 0.04942418558266488	-0.9986542549981016	 0.01571397001643079
-0.809846586472937	-0.0592729241347198	 0.583639637826846
-0.5887662878237001	 0.7447675635005881	 0.31412662204865305
 0.7537413230301437	 0.4946856822280819	 0.4326200339273549
 0.331996595770403	 0.937166978616988	-0.10722086824294
 0.5826535034580681	-0.14663088089994603	 0.7993836873958242
 0.15434567956048503	-0.35837984302925313	-0.9207286784451432
-0.3988092844713499	 0.8967413370686418	-0.19184923510870394
 0.9111329141842868	-0.37669093492657596	 0.16715487499379594
 0.3354751657734609	-0.6742592678159809	-0.6578988166226829
 0.004966686284158672	-0.13711616704643803	 0.9905425224400253
-0.491562901971466	 0.761202626503848	 0.423008835379398
-0.419372317984535	-0.861513226689589	-0.286219879021656
-0.5549681636898249	-0.7655727322405949	-0.3254362133205439
 0.586724499547924	-0.549788273081319	-0.594547909265939
-0.8607000784746177	-0.06383860337067707	-0.5050940582044777
 0.8314867376417937	-0.3071800224694309	 0.4628933342806818
-0.217053372482563	 0.71163764722945	 0.668176393282252
-0.06455737693657702	-0.9737789007406934	 0.2181444419537561
-0.4111642573591111	-0.7480490490139631	 0.5209285687497242
-0.8890302188984168	-0.18989801427274494	 0.41661014637272287
-0.0889746514391411	 0.541820516965203	-0.835771523083219
 0.845878413010377	-0.129679952131086	-0.517371066468087
 0.5152393560770273	 0.14236494112116607	 0.8451394142322896
 0.6978467037552132	-0.4756982550428082	-0.5354634891448822
-0.6706271005853821	-0.4340984773246071	 0.6015129291585521
 0.9015115226710048	-0.18561527959298496	-0.3909270296014649
 0.6762169842439951	 0.6794158767913131	 0.28482390451619005
 0.06461987910594717	 0.15051554095475694	-0.9864934582425926
-0.5474035332875361	 0.6024708306194391	 0.5808427239770201
 0.430377239367619	-0.0765698620001462	-0.899395623776092
-0.19260115142975692	-0.9241960926006415	 0.3297974816302248
-0.9720772697468423	-0.03240938644115641	-0.23241216257337505
 0.030928284111532107	-0.9972198367545542	-0.06779408842322941
 0.915917374688758	 0.328136373143702	 0.231131744603268
-0.06841143408224941	 0.4380111487880121	 0.8963627107506292
 0.439622379625676	 0.671219647808616	 0.596821872695644
 0.664007902128211	 0.744473424409824	 0.0696622297863226
-0.9129456649231648	-0.4048320705466449	-0.05139267997406809
 0.5936465767499869	-0.28873044985083096	-0.7511447724919338
 0.33156204188954197	-0.9418699132527408	-0.054292530676992586
-0.113361254008466	-0.512637034697001	-0.851089006359907
 0.209935121286662	-0.290463510192695	-0.933572811352651
 0.21086575359326107	-0.9756751066636022	 0.059947645479322714
-0.1784329491774	-0.857958524035599	-0.481735252688146
 0.11181152697202205	 0.6297360010434724	-0.7687202036020393
-0.6051277614614569	-0.36404624910774896	 0.7080188703835689
-0.98024984128513	 0.184912495690168	 0.0701257270772385
 0.32145292088762106	 0.29651573570154105	 0.8993033070850962
 0.9676625403244336	 0.2515856774181149	 0.01827169863291909
-0.8669435658353084	 0.4574807958160797	-0.19778820772798086
-0.187536821040722	 0.942372199335265	 0.277064213990107
 0.5976075063217929	 0.7891758394951298	-0.14165720152892097
 0.607727513757887	 0.59782216675049	-0.522757999425553
-0.95316112105805	-0.178622423241039	-0.244085860341931
 0.5055036299465157	-0.6554102859399625	-0.5611625764384087
-0.8580379985306492	-0.29502544392225705	-0.4203936018970711
-0.717574781965761	 0.121292188383552	-0.685838637963712
 0.9766319367062142	-0.14947437688965604	-0.15442626350112304
 0.529164519581391	-0.612972323533024	-0.586728081651732
 0.892394747128571	 0.019953637859037	 0.450814227408058
-0.33024179701915685	 0.9286088900781335	-0.16919185786974292
 0.5275141957131033	-0.30933900871856124	 0.7912257269617665
 0.4685455790862361	 0.8181585219850043	 0.33328917357462606
 0.07007291791142083	 0.8965761473054314	 0.43731110008588714
 0.25483434197456006	-0.5628015145107601	 0.7863293924398272
-0.8240998840927507	 0.3130817160104628	-0.4720584922848638
 0.9009912497149247	 0.09440962631103597	 0.4234401851465549
 0.9289759703687676	 0.11095930718135695	 0.35311708911809986
 0.912711552361824	-0.108003365945909	 0.394072195326724
 0.11113178175233802	-0.9927803335195873	-0.04513243247696651
-0.50101483022647	-0.841412540173535	 0.202506980452183
 0.407933818931632	-0.848026981908274	 0.338290167352524
 0.7293406754668177	-0.5906812240096387	-0.34519251253768685
-0.286981957910392	-0.946560529190651	-0.147188723794429
-0.321275003230496	-0.214702015501479	-0.922326090294993
-0.233165194212657	-0.721741452373365	 0.651707962306553
 0.415412377487812	 0.718309597925226	-0.558089489381787
-0.6451501345838445	-0.7632911363321416	 0.034175210946469026
 0.9135713248135535	 0.39446231900100526	 0.09892882980586577
 0.8421779590703916	-0.5232129478733097	 0.13032458108028294
-0.8304365455632167	-0.4588715334353778	 0.3159304663936298
-0.4776761519529351	 0.26689878772081904	 0.8370128618895852
 0.386417215026302	-0.90363008986394	 0.184754963732519
 0.31496509862470395	 0.3780843497170489	 0.8705453527228588
-0.9819802214184158	 0.03795339814814679	-0.18513342300094698
-0.7529813985238348	 0.6580395064015468	-0.0017382439123031597
-0.8924218597028606	 0.2887661770631929	-0.3466948504215148
-0.14570238101729094	-0.9697390014399646	 0.19590070253093192
 0.04468679861242741	 0.9036690835340512	-0.42589350487475214
-0.8567174004994428	-0.2628372462162679	 0.44379260661138387
 0.958594868312308	-0.162556889618152	-0.233818596529406
-0.6468828890500421	 0.7416603080824621	-0.17743312900723604
 0.8370321986445286	-0.5449988557364024	 0.04851129433769814
-0.5300942020826127	 0.8422860506336435	-0.09774633408152723
-0.75106702213647	-0.659507509184305	 0.0307924274549678
 0.646140177743817	-0.0766036225068042	-0.759364705345214
 0.9902373921091225	-0.10714419093026496	 0.08916293859459176
 0.7219510486426101	-0.4883118806402421	 0.4902429913720601
 0.8360235883795604	 0.45091794621029724	 0.31263007766120515
 0.2895645482541459	-0.7230972581032657	 0.6271225779047598
-0.992866255343531	-0.11543684342074	-0.0298485205859551
-0.8499061943803393	-0.38879083415928717	 0.3556699987736592
 0.719066347759184	 0.692882498910102	-0.0534549363890825
-0.9287714718904407	 0.10081487641343297	 0.35667900652576795
-0.9648700587695985	 0.26116045221086986	 0.028652886258899085
 0.163156641608917	-0.966366574571516	 0.198785195248072
-0.0969708289430011	-0.87772829365695	-0.469243754191962
 0.8358852238227946	-0.4639047866975688	 0.29340797786324785
-0.31125373896652925	-0.2979413968789032	-0.9024145577312036
-0.9989635838915936	-0.04143269751152828	 0.018843822207330593
 0.393716104558926	 0.804509871299295	-0.444692585943297
 0.862092436485421	 0.0780635911335574	 0.500702213590037
 0.7615513035222454	-0.21004895678905985	-0.6131223759213136
 0.151431995776184	 0.0384567204530932	 0.987719307955066
 0.5619921275240648	 0.21484354638213993	-0.7987534658321807
 0.8420917486045604	-0.09115300604043054	 0.5315755980308983
-0.44625784893048587	-0.18125546927917696	 0.8763563128798247
 0.7836162236541313	-0.5269128013060672	-0.32910258863435216
 0.09473219757407712	-0.20908147311340106	-0.9732988997956982
-0.08321803683602336	 0.05101334619686688	-0.9952247971463316
 0.2575940332858129	-0.9196476550523995	 0.2964683871379379
-0.9575133606504063	-0.25968672531734804	-0.12542315922475203
 0.6531740110089399	 0.5308871711835079	 0.5399282571002059
-0.5916200754849619	 0.7944197963599858	-0.13741496801486597
 0.11199688834395498	 0.3196887350662119	 0.9408803375950828
 0.5649082137767671	-0.8019968758909172	-0.19411265046037404
-0.6259706095904514	 0.7641186586597943	 0.15583154820804307
-0.2606344946614019	 0.8761386416799988	-0.4055252652396919
-0.9569294566888588	-0.26298474596769594	 0.12298389451254298
-0.9400060706858092	 0.33462451992902703	 0.06644559982492211
-0.0866022468527942	 0.510420690550725	 0.855552902804829
-0.030483452099783093	-0.9995198881501428	-0.0055454792765326395
-0.7230466725996506	 0.0010077011406315593	 0.6907984465681616
-0.692963942927633	-0.605707416742911	-0.391049228492805
 0.204165133527292	 0.902192394289255	-0.379954578783313
 0.042283753970988706	 0.7818169327357882	-0.6220726387149051
-0.2586798992353939	 0.8093117498796738	 0.5273511176040749
 0.691643362780547	-0.719112281787102	 0.0671340815425697
-0.9385326649500462	-0.33660167195355906	 0.07652288062947711
-0.937670834496009	 0.333836293481832	-0.0965750241515382
 0.981114904491592	 0.163355076293595	-0.103579260634397
-0.7795517610167693	-0.0021607122692427904	-0.6263340827530811
 0.18737041406752408	 0.9286768126702204	 0.3200807797116922
-0.3855662549514049	-0.8311205044111318	 0.4007210628231739
-0.31718322847505603	-0.9239265194746212	-0.21390321686607006
 0.543214182439926	 0.774019492305876	 0.325287837963052
-0.552033136596934	-0.236492716822925	 0.799581522415734
-0.955642858985439	 0.179840552015984	 0.23324686904806
 0.861771293281813	 0.422485813971611	-0.280813060715019
-0.922361121415627	-0.258206786797714	 0.287365998253981
-0.6283697882398372	-0.6511442847686792	-0.42563191802366906
 0.858766801899319	-0.454645137113838	-0.236257019481656
-0.23284688975587606	-0.7561268325718652	-0.6115999828285261
-0.15541431955816495	-0.7222410595826638	 0.6739541832566838
-0.403564287322619	 0.261768610351284	 0.876705800501254
 0.9024727763405203	 0.18574891505473506	-0.38863894364850005
 0.43314459455122883	-0.8182798313081827	-0.37789400350535285
-0.07245628135910562	-0.8602165928051813	 0.5047548917586191
 0.0422408573188297	-0.720889453844788	-0.691761595716569
 0.4607525086226471	 0.14608925013834803	-0.8754227874529842
 0.11724609810942395	 0.8048837275517337	 0.5817349375794287
 0.330560241501984	 0.763632819411233	-0.55461233655248
 0.35895783258140795	 0.7999299540381748	-0.4808963953503309
 0.323446024070781	 0.792918057563998	-0.516394832954146
 0.2937308134433759	 0.7530800667156218	-0.5887211753873709
 0.2992919424035579	 0.7208261165016407	-0.6251672120172878
 0.3416295018990609	 0.6997889247832798	-0.6273633270943247
 0.3733122132103118	 0.7419171362012187	-0.5569532785422858
 0.402200846705239	 0.777436499304465	-0.483556582479039
 0.383920094928788	 0.829885603329838	-0.404839778302159
 0.34990216013433495	 0.8263592258285578	-0.4412469923085629
 0.279601166350955	 0.812195228884483	-0.512017673476676
 0.25035641330345704	 0.7718268799355432	-0.5844697885492401
 0.261741959360719	 0.706657193274204	-0.657363489938281
 0.26709810392445915	 0.6710849309731575	-0.6915949814022014
 0.3461046088723042	 0.6650695415989525	-0.6617356757457684
 0.378779610109622	 0.710354688743634	-0.593230328915454
 0.4094082720628498	 0.7486977615178688	-0.5213794478732777
 0.4368835612723559	 0.7805426366135708	-0.44708606142253987
 0.427689098478296	 0.806602530134252	-0.408012736840219
 0.3728171185834722	 0.8535169778462876	-0.36402769759903925
 0.305546069934901	 0.846188850660473	-0.436584502891759
 0.27078201403551994	 0.8390483686000998	-0.4718844519841469
 0.243382409255072	 0.801648234552765	-0.546008343254599
 0.2129301899381149	 0.7578640983423137	-0.6166869081281928
 0.21865619289749594	 0.7250108830647299	-0.6531069504646799
 0.23029166517723307	 0.6533128977605992	-0.7212128718828762
 0.30930383419139396	 0.6503791576336518	-0.6937853338535229
 0.38722188192296	 0.641837508508318	-0.661894120559985
 0.42032555012528383	 0.6862679665447227	-0.5936014740602058
 0.45137080038767713	 0.7235381566454061	-0.5222613679332941
 0.4792819442508351	 0.7542890221695252	-0.4487057933096931
 0.46084197827687323	 0.8061842075621993	-0.37106831518625616
 0.449613164322463	 0.8296393304385	-0.330978222633302
 0.40532447678995925	 0.8536316777940756	-0.3271467976022652
 0.327960697472088	 0.873873171911042	-0.358869698257956
 0.2947318979891081	 0.8700979740961043	-0.39504762216926814
 0.22603744295289593	 0.8557629139297378	-0.4653782435028529
 0.19911605107852995	 0.8179942588418788	-0.5396648874112688
 0.1690643898780189	 0.7738662734908085	-0.6103672851886986
 0.18085652455018497	 0.7076766761213489	-0.6829968078999109
 0.18691855399394292	 0.6716753492493407	-0.7168777297305237
 0.2368602788041321	 0.6144978708932344	-0.7525221425263914
 0.31524586762501006	 0.6117055227824181	-0.7255593678968271
 0.39142836787259205	 0.6042359753017461	-0.6940336583882272
 0.424285403615409	 0.652536563463233	-0.627835909790531
 0.4568004125773577	 0.6926368559018966	-0.5582002946214657
 0.486522808492399	 0.725924112181113	-0.486137573296625
 0.5128587308195401	 0.7531225975016652	-0.4120464480547251
 0.5036647980753591	 0.7790421041911452	-0.37338341028645206
 0.4812289597762382	 0.8259008771716063	-0.29377955912529213
 0.39224076843750283	 0.8744767138122267	-0.28537283783802286
 0.3469587109883329	 0.8952737173979838	-0.27947204476603693
 0.31519605173996323	 0.8948313519173615	-0.31611437897268424
 0.249562189211513	 0.887147896041714	-0.388184652278677
 0.21563735326827085	 0.8799688827203205	-0.4232674063986097
 0.1906098207921311	 0.8452600821278713	-0.4992026540181612
 0.10964583591342093	 0.8453534166653044	-0.5228340000412597
 0.1622929040371701	 0.8041535013816223	-0.5718375289493153
 0.13110449675693805	 0.7567805630443003	-0.6403864382765003
 0.13700389257187096	 0.7235268155800176	-0.6765640254675047
 0.14948478915881996	 0.6514532160513108	-0.7438165130639057
 0.156351362514656	 0.612791831419889	-0.774622761597456
 0.200415865492317	 0.594163879472846	-0.778975458656268
 0.27968799534689504	 0.5935514277164751	-0.7546332406636812
 0.3566905490368759	 0.5884720609239228	-0.7255842375215458
 0.43121080276867013	 0.5788422007848781	-0.6920975004767161
 0.46453475329654687	 0.6260697849398849	-0.6262939304871499
 0.49738032779894886	 0.6644595954362319	-0.5577689983777598
 0.527262737698802	 0.696412022932598	-0.486830873866162
 0.553798492756202	 0.722884089915259	-0.413214014728865
 0.5355932109465348	 0.7746917674264446	-0.33614368634509884
 0.5244382062199179	 0.7981249483832308	-0.2965824246733109
 0.468040014063228	 0.846750285890613	-0.252888312461961
 0.42331179936514	 0.871280014040351	-0.248351077412789
 0.332556512586235	 0.913190329076775	-0.2355622822464
 0.2869798182481151	 0.9306193380162502	-0.22713483138540205
 0.269711581092043	 0.912146166586877	-0.308617941483796
 0.23730035724313106	 0.9082677465104442	-0.3445841567761381
 0.17029125044558988	 0.8939466222404014	-0.41456040163847574
 0.14564053056088197	 0.8590538933060877	-0.49072929834441087
 0.0645945620831551	 0.856327352954321	-0.512377797266364
 0.11776741688849403	 0.8177181897654843	-0.5634428077862661
 0.0868104777753305	 0.770154564184282	-0.631922375149462
 0.0987921739091442	 0.703454411505621	-0.703840889198394
 0.10509947317835205	 0.6674333168373672	-0.7372156186036102
 0.11894789337185897	 0.5904526191544429	-0.7982587946249358
 0.12648434441901904	 0.5496728761862131	-0.8257490174393592
 0.207826837580508	 0.552867625971317	-0.806935805212611
 0.28679719255656294	 0.5519324224477389	-0.7830185000321798
 0.363346174438351	 0.546805630155758	-0.754309724417616
 0.4376268423583199	 0.5371958873222819	-0.7210432202659649
 0.46708974865166714	 0.5902689451467051	-0.6583386203922101
 0.5012070369674959	 0.6314010451371909	-0.5917129593763569
 0.5325989730547909	 0.6655995265292067	-0.5227959488988779
 0.560858247206058	 0.694527872440948	-0.450631846348656
 0.5857456400697908	 0.7180255355864167	-0.37595395380959984
 0.5767962869806827	 0.7438957891661407	-0.33752792208376287
 0.554730716303988	 0.79073732768954	-0.258859635685577
 0.5416611968908992	 0.8116552122067774	-0.21867547708943008
 0.498140968249754	 0.839880236009827	-0.21553831425358
 0.408474956566735	 0.889290176218526	-0.205696845719683
 0.363050773308133	 0.91032552776885	-0.198750017591777
 0.27198652569352605	 0.9451401177498452	-0.18092398310056507
 0.255837567113849	 0.930077796635461	-0.263633138013781
 0.191723819972723	 0.922350505317068	-0.335427372461486
 0.15861810681841096	 0.9152289716409738	-0.37040008863166995
 0.13570699733539804	 0.8835463829692202	-0.4482514919286031
 0.05512736279838937	 0.8810746631159474	-0.4697535650593987
 0.028118552640926893	 0.8395435311127898	-0.5425642877706269
 0.0803782228092772	 0.800767215636262	-0.593558091226268
 0.04827153216046508	 0.7502122577181467	-0.6594326558127996
 0.05420669177332909	 0.7168245811407059	-0.6951432618097099
 0.06688315388282678	 0.6449724427235289	-0.7612734015148108
 0.07382086798243141	 0.6066728462884962	-0.7915166056543192
 0.0889029168357169	 0.525749325855619	-0.845981038641212
 0.17132473328435094	 0.5307010202448339	-0.8300628065852239
 0.2514083760566219	 0.5315550566549709	-0.8088529224729938
 0.3290140133566002	 0.5283964012180922	-0.7826538329266344
 0.4043172573807891	 0.5211468126013481	-0.7516206191287812
 0.47820491481018523	 0.5091459452958043	-0.7156049649354214
 0.5057873708491551	 0.5608533797094081	-0.6554560412095031
 0.540077776876313	 0.598878121489552	-0.591321393596989
 0.5711343240691358	 0.6327265836050626	-0.5229365681127658
 0.5994457755385151	 0.6613964740430451	-0.45079869821513013
 0.6311352831277417	 0.6562939793125987	-0.4134567294280018
 0.6245464749169788	 0.6844971965861357	-0.37603894550231975
 0.6070381171205329	 0.7361076004925379	-0.29941664092010095
 0.596158307446278	 0.759505761885546	-0.260281136706919
 0.570277460358162	 0.801371197744256	-0.180520972835241
 0.483120031281702	 0.858087081073655	-0.17401608163863
 0.4381691304769119	 0.8829176985933058	-0.16871322001493394
 0.34763538308232994	 0.9249709768670937	-0.15355237667563498
 0.3022178816368722	 0.9422788496047134	-0.14413508110983705
 0.226214604825672	 0.959047733454404	-0.170453505448071
 0.21012756404704805	 0.9441489448388122	-0.25382903062378703
 0.17840556240932895	 0.9403360978491517	-0.2897231064020299
 0.11294878964355197	 0.9262376576671117	-0.35961976091060294
 0.0902661820085155	 0.894582640734171	-0.437691575521717
 0.009664460804881933	 0.8892302624564954	-0.4573577795653022
-0.025878532118216793	 0.8727044140591698	-0.48756261880608487
-0.0168752055912923	 0.847746503346482	-0.530133090365113
 0.03572348837161178	 0.8116158974636994	-0.5830981627159847
 0.00355762996759378	 0.760984837774732	-0.648759909323918
 0.015355323573625594	 0.6942762773524287	-0.7195447621542407
 0.021654154127842898	 0.6584699318250519	-0.7522954515955278
 0.03547891350045869	 0.5823613650218837	-0.8121554575490306
 0.04300392929984007	 0.5422211573310737	-0.8391346010070885
 0.09698234242585747	 0.4832828908908009	-0.8700759004993898
 0.14257269141474796	 0.4639554729502849	-0.8743102119855589
 0.179324268074992	 0.487458760902194	-0.854533067411125
 0.259236375307042	 0.487686760316799	-0.833641485009816
 0.33668108418600495	 0.4842168265590169	-0.8075765675330427
 0.4122771816289681	 0.4774353040288871	-0.7759401110748942
 0.4897740728140439	 0.4698535744912159	-0.7344106318245749
 0.5084063559464109	 0.5218986791156909	-0.6849414179114799
 0.542082710935176	 0.563049900247375	-0.623795755305045
 0.574562462171767	 0.599067952267903	-0.557669763954133
 0.6042365651786806	 0.6305442556068247	-0.4871469131815428
 0.667152506662065	 0.620324512468476	-0.412437913006638
 0.6545360734316379	 0.6764949015645189	-0.3375458142740119
 0.645984773078727	 0.702228168710976	-0.299297965277505
 0.6245675577646232	 0.7489496411684072	-0.22133639732689311
 0.6117643557118281	 0.7698903458983952	-0.18169542749596504
 0.5553438873477093	 0.8197651841729685	-0.13992215551296408
 0.5116726426873528	 0.8482550260634026	-0.13658154151830595
 0.422064278090075	 0.897911942636863	-0.124963548406721
 0.37712996072163596	 0.9187898089370817	-0.11661166202167997
 0.2865522448059679	 0.9531422481462706	-0.09699312241253975
 0.21065238180255294	 0.9698365705006617	-0.12264827989183698
 0.19547158063469694	 0.9586416010217638	-0.20687470109852193
 0.132587313545657	 0.951214861536642	-0.278587313922534
 0.10023855874130103	 0.9442562499469632	-0.31357991928305107
 0.0791410012115387	 0.916006949371262	-0.393278489916229
-0.00104743584131919	 0.910751434380003	-0.412953662839943
-0.07128234573591956	 0.8780321442973954	-0.47326354261331266
-0.053812624283108776	 0.8279743158196247	-0.5581780484852388
-0.0023927854442537706	 0.7917362074211962	-0.6108584553201492
-0.03559435842891782	 0.7383742527607834	-0.6734511894027574
-0.02983276317117539	 0.7050760025851789	-0.7085039426990349
-0.017347812806464687	 0.6338085185004194	-0.7732954256085673
-0.0104881682612922	 0.596001158038179	-0.802915075175247
 0.004468242849145661	 0.5164310762326991	-0.8563171014916012
 0.0125270556429311	 0.474815386284523	-0.879996262392289
 0.0591576124927958	 0.45814382574928	-0.886907329889637
 0.15097921862348102	 0.41915277417730806	-0.8952743866789162
 0.223646869283714	 0.465732847598068	-0.856197986757612
 0.30224047132590204	 0.4638333719704251	-0.8327720579721932
 0.378757574270887	 0.458773258999022	-0.803784670642486
 0.45504723932902624	 0.45230874085129624	-0.7670389904878023
 0.5270315456028168	 0.4444673630735979	-0.7243524784950409
 0.568575471762874	 0.489306930545868	-0.661287124197505
 0.576995908233721	 0.526254476406423	-0.624605433809013
 0.6099622693867838	 0.5629596582109648	-0.5576938704625668
 0.6399064986164021	 0.5949014923903931	-0.4864276794963251
 0.6711147034696358	 0.5898427280202959	-0.44909977843285387
 0.6967430032841446	 0.6123498343332078	-0.3735998765613868
 0.6906934647889532	 0.6403043405998492	-0.3360846457469061
 0.6739733777602128	 0.6916522537255588	-0.25957088817285495
 0.6633948367820449	 0.7150069406323168	-0.22061814381083594
 0.6379812707624567	 0.7569386915464327	-0.14150517798404194
 0.623211796347709	 0.775448525540165	-0.101423079871624
 0.582131514532201	 0.806767724976137	-0.101236049534115
 0.4949842263298002	 0.8637549816643423	-0.09443488409862454
 0.4504096106812439	 0.8884757845862478	-0.08798842429445948
 0.36130021893888487	 0.9298029099610507	-0.07020470370763149
 0.3161732728406871	 0.9467970828379352	-0.06008115736888591
 0.240775078642147	 0.966763034179732	-0.0860034723047075
 0.16446006760326298	 0.9801424583386308	-0.11078649523220697
 0.14946199423093	 0.96928093887655	-0.195334517715398
 0.11829696536227002	 0.9656910554463592	-0.23118523615701506
 0.0542866563424011	 0.95201614576478	-0.301194649929801
 0.033349602558717606	 0.9240113359313192	-0.3809079351754101
-0.04702097566526299	 0.9157448487497157	-0.39899924791388697
-0.08179265420282998	 0.8995528752930718	-0.42908575631267887
-0.10700990976432406	 0.8586310747404305	-0.5012998670479824
-0.09854199816035987	 0.8334659246453908	-0.5437131845500599
-0.04713667159770248	 0.7998872830059438	-0.5982963050830749
-0.08064211888723267	 0.7465104120098998	-0.6604688133607728
-0.06934059790239902	 0.6801167744734881	-0.7298171377559701
-0.06319368128064067	 0.6446503970629056	-0.7618611580943334
-0.0496243252773522	 0.569580380807618	-0.820436235267444
-0.04220718326966228	 0.5301314161996977	-0.8468643546864777
-0.026181752371813794	 0.4477739162186459	-0.8937634115340358
 0.06771299038592228	 0.41432931585404686	-0.9076046325118188
 0.11394153380733793	 0.39464606991387874	-0.9117410851635245
 0.19586156519400005	 0.3969819996447371	-0.8966847490828772
 0.23183602538776205	 0.4201131725650061	-0.8773579540699282
 0.310378942356117	 0.417856506847904	-0.853850602755989
 0.3873338752252231	 0.4134941641885031	-0.8240115565239742
 0.4616441314533951	 0.4072636955116821	-0.7880488425299592
 0.5326200142862361	 0.3992988630827031	-0.7462414745393011
 0.5644793199679149	 0.4534485486370339	-0.6897445259424159
 0.610523273859831	 0.525714411619183	-0.592356049594642
 0.64203265408022	 0.561442709371383	-0.522088263791123
 0.7037911864449778	 0.5519238733252919	-0.4472784411705729
 0.7298315867101672	 0.5740551186752102	-0.37122308085962313
 0.7182043321904669	 0.6297841885217489	-0.29589594980473793
 0.7099720896869449	 0.6554591622983988	-0.25751294807180897
 0.688931558285341	 0.70228363524088	-0.179362771141022
 0.67618547088146	 0.723375494636418	-0.139646348782687
 0.646308847655694	 0.760789556506088	-0.0590264699371316
 0.5653797472468652	 0.8226162150957234	-0.06040119257645233
 0.521831110252476	 0.851146427588322	-0.0569390127795142
 0.43414388966799894	 0.8998463929709408	-0.04237395569365519
 0.3900852468199449	 0.9201855467544497	-0.03304632744553039
 0.300199497975624	 0.953795366354552	-0.012436258913733
 0.224649350094488	 0.973707259662922	-0.0377735619428063
 0.148240858265547	 0.987000809248003	-0.0620809993837178
 0.134001073026505	 0.980008867238559	-0.1470589424739
 0.07211183859444968	 0.9731282706995847	-0.21868070673876094
 0.04047414097888632	 0.9664161212447855	-0.2537749485473411
 0.021163243584621093	 0.9420037533999558	-0.3349343901443589
-0.059046396670683315	 0.9335554117865662	-0.35353615962758805
-0.12817682834238103	 0.9014702851519282	-0.41342717093121606
-0.152194016109924	 0.861327680069115	-0.484718071673719
-0.18755052967768895	 0.8393150559705188	-0.5102695715392239
-0.13648479325883098	 0.8109157399106498	-0.5690233422050959
-0.08616773723512171	 0.7772624895853852	-0.6232480592374982
-0.12038664483330302	 0.7213635554978423	-0.6820129592209312
-0.114906053971638	 0.688248392969376	-0.716317491295402
-0.10280547470911697	 0.6176688854482799	-0.7796897987782788
-0.09610567302515756	 0.5803643494993138	-0.8086661371929826
-0.0814257210961263	 0.502114239034881	-0.860959431624045
-0.0734722475917795	 0.461321276188114	-0.884185788717497
-0.017604653929086004	 0.40499832992515605	-0.9141479250744222
 0.029681194236518306	 0.38823302402118604	-0.9210831372726672
 0.12251240279550803	 0.34848863046349005	-0.9292719653572642
 0.16738420333025603	 0.3257143128333961	-0.9305335646235252
 0.203878845763926	 0.349843129808324	-0.914353980018617
 0.275407632712983	 0.395971518045051	-0.875989265197085
 0.35312500831680205	 0.39264053968950413	-0.8491973475544973
 0.4285241747856461	 0.38738229792421214	-0.8162732305296052
 0.5012008427661918	 0.38039234358562185	-0.7772383033226666
 0.5734363531246841	 0.3738596533023701	-0.7289716788378642
 0.6004933659042497	 0.4049178240470898	-0.6895282976600416
 0.6004384265610079	 0.4498480125220319	-0.6611432987930219
 0.6402865133462761	 0.4880546203824731	-0.5931575409199391
 0.6736651812586284	 0.5235813111360373	-0.5215724630277633
 0.704395976014513	 0.519460229002963	-0.483722419842983
 0.7330233390485908	 0.5440761208677919	-0.4082376257910469
 0.7569183927931	 0.563509190891874	-0.330956097438763
 0.7512728818252474	 0.5913329448198726	-0.29311159206801285
 0.7349959392156152	 0.6427504598962372	-0.21599262866989502
 0.7244713536656169	 0.6662622522658249	-0.17673672205735597
 0.6987816297891354	 0.7087348655994873	-0.09694908020665564
 0.6836127276354224	 0.7276576515828743	-0.05646220601211343
 0.629120650813021	 0.777096883137578	-0.0181008546334865
 0.589689223598027	 0.807374343990459	-0.02032949183655
 0.5040342216656238	 0.8635775887465408	-0.013537045639251996
 0.4614396275623611	 0.8871584350138482	-0.0048354212732062305
 0.374324313273242	 0.927190803007133	 0.0140898300736386
 0.32957223005748504	 0.9438140960775562	 0.024435572844560008
 0.25444785731043396	 0.9670857813883268	-0.0011744558989459399
 0.17831033790863	 0.98363820922051	-0.0257156908594477
 0.10153969513212797	 0.9936055041059157	-0.04937400655105749
 0.0875275940705073	 0.987049350896977	-0.134433995589229
 0.05679324256536799	 0.9837632776423878	-0.17024788151756098
-0.00591516104350093	 0.970611523415498	-0.240579054538993
-0.025112283566133695	 0.9465962958563517	-0.32144179237480697
-0.10610790527993999	 0.9347002847600687	-0.3392292589187289
-0.14086450719369703	 0.9186043980453992	-0.36921965075646607
-0.163055719031866	 0.882654169387763	-0.440833811944365
-0.23186162685219905	 0.8397214448694782	-0.4910275766387951
-0.18090756406866793	 0.8139444848083986	-0.5520569073136677
-0.13102353967482105	 0.7827940962579013	-0.6083306953580893
-0.16554406810483	 0.726980946673057	-0.666403679979072
-0.154839077102647	 0.660900239246279	-0.734326721538997
-0.14889225207895704	 0.6257191656810871	-0.7657066167731742
-0.1356601756899649	 0.5514732430131507	-0.8230878318699204
-0.128390485446695	 0.512565155234139	-0.848995197210541
-0.11261538474176203	 0.4315839911394411	-0.8950156611543822
-0.05639267520900498	 0.3767634977504179	-0.9245913329388518
 0.038662711564292886	 0.3433216210314488	-0.9384217917689436
 0.08523727484337498	 0.32319737638607193	-0.9424850464991128
 0.17411415972193203	 0.27699660386355807	-0.9449640949964082
 0.24739941383370795	 0.3253623135850539	-0.9126515736760218
 0.2831970231305482	 0.3485193669266312	-0.8934952137348335
 0.360657300497015	 0.345198838385371	-0.8664664295722
 0.4359083793608291	 0.34012270449316906	-0.8332469206011313
 0.5094873896902918	 0.33441545211320595	-0.7928359887987507
 0.5808206550796587	 0.3301510070714688	-0.7440750494154007
 0.6372470721940622	 0.3756478524828781	-0.6729077647828843
 0.636816447577962	 0.45170367606506	-0.624842861144701
 0.6715976959859564	 0.48723889085226335	-0.5581709397553863
 0.7332186688689919	 0.4802141312481299	-0.4814403096663049
 0.7626904310426285	 0.5039689156353767	-0.4053623545290217
 0.786823054326431	 0.522861065101443	-0.327911249854913
 0.7758504629301735	 0.5785272535619976	-0.25171864463532984
 0.767759916223875	 0.604321152747913	-0.212933452940918
 0.7466463100736981	 0.6515834371670332	-0.13400862682277603
 0.733667933390892	 0.672986173082861	-0.0939200423404046
 0.702776225029397	 0.711298538798912	-0.0126477759295143
 0.6481761513674826	 0.7610580780010366	 0.02565694268236549
 0.570973684644414	 0.820704059238327	 0.0208302326754624
 0.529046699499	 0.848251168379818	 0.0240737427810661
 0.4459592089764579	 0.8940529752394067	 0.04230438977998129
 0.402960910226018	 0.913764850901152	 0.0515393256398887
 0.313818818054492	 0.946753922120722	 0.0719358073834698
 0.23809938689031995	 0.9701029248332138	 0.046999970132945885
 0.16166449162134405	 0.9865770780291612	 0.023027402290633908
 0.08476505594028484	 0.9964009297624564	-2.691838646637161E-4
 0.07127517053157491	 0.9937868030143783	-0.08548473676719301
 0.010126000786820195	 0.9875312565170935	-0.15709704487938592
-0.0209144409355078	 0.981092825451319	-0.192404402258116
-0.0383551356249069	 0.960769252718832	-0.274684048683742
-0.119025782382813	 0.948412635425537	-0.293847470796239
-0.189407140280683	 0.915806407953974	-0.354151886005331
-0.210907059691085	 0.881126395768405	-0.423242822564827
-0.24509845326685295	 0.8598676371566087	-0.4478329987583619
-0.2695820405788669	 0.8154358241921588	-0.5122401194961099
-0.22039425282761207	 0.7892479008158243	-0.5731615168330593
-0.170579969563011	 0.757701054629738	-0.629913951105121
-0.2055704040480091	 0.6996533687969643	-0.6842703942964342
-0.20036140214707407	 0.6666029537320401	-0.7179803692339911
-0.188627860407255	 0.596318225783432	-0.780271814098575
-0.18206685109962903	 0.5592340518189781	-0.8087700149095502
-0.16759360054313308	 0.4815403405678472	-0.8602507108179513
-0.1597052304176439	 0.4410697272359867	-0.8831487615873215
-0.104137683629314	 0.389685650176888	-0.915041221418214
-0.0472860866337222	 0.333117615407577	-0.94169882675728
 5.269130818527399E-4	 0.31645501382806795	-0.9486073721965698
 0.09322156814510561	 0.2755099992254181	-0.9567674636814202
 0.13661096495495695	 0.2517848434168789	-0.9580928122471296
 0.217592125146706	 0.252525039767407	-0.94280685793253
 0.25426995348421894	 0.27663542734230895	-0.9267252187645868
 0.32581279541795716	 0.32300547839706717	-0.8885457125367374
 0.4021817258889241	 0.31883729031303604	-0.8582497548306363
 0.476775231443148	 0.313708587312151	-0.821140853282156
 0.5491445131591272	 0.30893185638270204	-0.7765316553619452
 0.6175387711896889	 0.31016066060382996	-0.7228044207746139
 0.6466611679153461	 0.3307202824506101	-0.6873524777624281
 0.6654038446296882	 0.4068596571190281	-0.6258617602642111
 0.6996576256801544	 0.44957842847538926	-0.5553003182758033
 0.7304203958251602	 0.4461228763675431	-0.5171657611870362
 0.7625080486074587	 0.47246857937686476	-0.44198972534489184
 0.7894938686363178	 0.4931409885436429	-0.36539211376801695
 0.81100701578277	 0.509928679441505	-0.286775804826992
 0.8056283260073402	 0.5377998867566192	-0.24846384473234406
 0.789525221194516	 0.589581601973176	-0.170421417998133
 0.778908058199846	 0.613362614976131	-0.130723140342435
 0.7526347712479342	 0.6565261910497691	-0.050142412928098616
 0.7369204147644992	 0.6759148220557082	-0.009351771421442544
 0.6846052776010406	 0.7283586362926797	 0.028448388683193385
 0.6268867403962708	 0.7762034796945468	 0.06723966705313339
 0.588729726086993	 0.805647373278554	 0.065799844611524
 0.514003217625247	 0.854778745677743	 0.0717912822596002
 0.473679120823338	 0.876987324653189	 0.0807547081826919
 0.3885264047439989	 0.9161641020839458	 0.09844069722131978
 0.343837597876823	 0.932763031080112	 0.108299742088975
 0.2680031417734931	 0.9598204103183965	 0.08318110323722634
 0.19162150852414792	 0.9796853014516066	 0.05914311110015117
 0.11482217442440097	 0.9927405760561467	 0.03580526374937759
 0.0377004315492682	 0.999206841441714	 0.0128205100160875
 0.02435629729991771	 0.9970818245364994	-0.07235057678279803
-0.00606595104647275	 0.994112638944409	-0.10818163119904
-0.06764549212876389	 0.9815241265959478	-0.17898177645983798
-0.08508475069007385	 0.9615392857752575	-0.2611566332889441
-0.16634658789650203	 0.9454861308722712	-0.27997283622411306
-0.201936723730472	 0.928928407090935	-0.310344283189656
-0.2252531881871791	 0.8967926414474504	-0.3808201143022992
-0.293665967007129	 0.852046837921712	-0.433331842598002
-0.3200520304930378	 0.8222609500729626	-0.4705885971444618
-0.26502308176891787	 0.7908421961273717	-0.5516623849367848
-0.21527061785368706	 0.7611227819604672	-0.6118420317938701
-0.25035529843164794	 0.7035740476416089	-0.6650607371003069
-0.24013996586950312	 0.6372928017145623	-0.7322504227892243
-0.234334557805731	 0.602065892773089	-0.763284989880802
-0.22125743404066694	 0.5277786633894029	-0.8200578213471508
-0.21399811905664196	 0.4888445660125429	-0.8457161434667237
-0.19806700363124707	 0.40768551477464515	-0.8913820634921215
-0.14266673724239504	 0.35721069403629707	-0.9230637692763792
-0.0860743149076197	 0.303565431719938	-0.948914770133689
 0.009805053778659641	 0.27054983863207605	-0.9626560370851862
 0.0557490925546876	 0.249474174824242	-0.966775400377509
 0.14243875572819503	 0.20258784744717803	-0.9688495058229232
 0.223176163178669	 0.202804815282552	-0.953447747434047
 0.296797258116947	 0.25098572594768	-0.921367219378234
 0.33261126989387296	 0.27422749507768596	-0.9023131518951738
 0.4092375068949109	 0.2704908034842489	-0.8714122951742668
 0.483881046828962	 0.266096236346242	-0.833697742303572
 0.5559820175458626	 0.26233832403868784	-0.7887094521471164
 0.6238261770395362	 0.2630101057071131	-0.7359800168049202
 0.6816540929917421	 0.30997270833611906	-0.6627704109224981
 0.6952196644901933	 0.3728965483789692	-0.6145061287840782
 0.698897563544559	 0.408393155008208	-0.587160307423723
 0.75641893051767	 0.405706989270392	-0.513061634125627
 0.7885888264431933	 0.4302535429727082	-0.43932852350875123
 0.8159461058742545	 0.45076072674048634	-0.3620037562471262
 0.8375567504667922	 0.46693604534114014	-0.2836713226758821
 0.827004276406258	 0.522914198908377	-0.206457422694782
 0.8189568253858543	 0.5489753763930082	-0.16713992421943508
 0.7975741666133798	 0.5968844567442989	-0.08720317682307228
 0.784271085226444	 0.618660264340578	-0.0466727136963561
 0.752247130520397	 0.657941862451131	 0.035167602394335
 0.69946652814031	 0.710951448192935	 0.0727641005146753
 0.6395860936477533	 0.7608049579784674	 0.11002474597921205
 0.553452607488041	 0.825885658284659	 0.107717643422069
 0.53190899543034	 0.833474082757187	 0.14964549426011
 0.46308270914926186	 0.8772575770869198	 0.12638650216920896
 0.419366525627512	 0.897684392324849	 0.135256973792394
 0.32872789831909804	 0.9317040591065432	 0.15448467597499702
 0.251804659167297	 0.958920443344281	 0.130636889728933
 0.1748802138798379	 0.9787009739461395	 0.10752355272320596
 0.0979003901035107	 0.991579280497041	 0.0847705379630851
 0.020654035305951588	 0.9978724807455746	 0.061837876712039976
 0.007522831888064428	 0.9997023721375188	-0.023207200240478898
-0.0531226586288046	 0.994068576825808	-0.094898091170056
-0.0836601613057442	 0.987926537901187	-0.130392227992589
-0.09915367848230262	 0.9718520052754512	-0.21371061715673506
-0.178464218619248	 0.955696451759224	-0.234082922844556
-0.250657189577583	 0.922159789396812	-0.294605322648277
-0.27398890243348106	 0.8912130310038642	-0.3614822467455381
-0.307282019081324	 0.868354568008338	-0.389278955208675
-0.347477301364688	 0.795485608297835	-0.496449566448937
-0.302646619326987	 0.767395413368746	-0.565251539892248
-0.25495425578996994	 0.7344668504027408	-0.6289330434267709
-0.2898730714486741	 0.6750035401546872	-0.6784864208129382
-0.28492215191334797	 0.6415899144809728	-0.7121669389864748
-0.273430643878375	 0.570788151272694	-0.774232890902316
-0.2668909521203531	 0.5334840062548151	-0.8025983022325702
-0.25225226043907817	 0.4553191993752313	-0.8538461358954985
-0.24415316058282893	 0.41455635358100995	-0.8766597195508827
-0.189389230339945	 0.365559860296406	-0.911316469713631
-0.13351430265410696	 0.3139329579159559	-0.9400106536209718
-0.0765409634011081	 0.259552095570505	-0.962691119002658
-0.028180607862463992	 0.24300658765085495	-0.9696152080587378
 0.05956429507266067	 0.19893149481919092	-0.9782015922709896
 0.10390751378491699	 0.17680420841631395	-0.9787458814550988
 0.185353055317939	 0.177934562173204	-0.966428236584867
 0.26548802869670696	 0.17723343625062296	-0.9476837107883268
 0.302493072697276	 0.201331420849151	-0.931645640761026
 0.3743743212491011	 0.24799287217802907	-0.8935006451806102
 0.45009371364490475	 0.24410589267147384	-0.8589691275595425
 0.5235067730967923	 0.2401574494095321	-0.8174748057370893
 0.5936755073700483	 0.2381319420350351	-0.7686628455516363
 0.6586205400678176	 0.23927844736309883	-0.7134176959035156
 0.686720180033946	 0.264539652775824	-0.677077666478072
 0.7072807291018782	 0.3291185030457911	-0.6256476493954192
 0.748842620538399	 0.371370821512348	-0.548924805956542
 0.7848017410389794	 0.3968202315432572	-0.47604614387698024
 0.8153146204041902	 0.4197318339168321	-0.39885743988546113
 0.839895584834882	 0.43724075913827	-0.321552367621607
 0.8585546855697618	 0.4518270720410889	-0.24235541846012895
 0.8533509848800127	 0.48001823557787776	-0.2034074485288419
 0.837268229887237	 0.532522195177822	-0.124104886545561
 0.8264849547464498	 0.5566850686578649	-0.08381141873961429
 0.7994992742034978	 0.6006629976851628	-0.0022076593837348896
 0.7832159238484013	 0.6205297351457802	 0.03893153516371112
 0.7331975948710348	 0.6757339717972197	 0.07618980400607768
 0.6767045026183972	 0.7274746552914853	 0.11336508300408203
 0.614817573332062	 0.774463656749862	 0.149014750597739
 0.574709008059449	 0.805476428186394	 0.144628073662802
 0.4898086554072087	 0.8567142793470475	 0.1616419643875059
 0.40371730563237496	 0.8968683222691047	 0.18066419026231295
 0.358753540607402	 0.913944934082494	 0.18973812101578
 0.28224357272484296	 0.9449261600789908	 0.16568982362803697
 0.20504010933617506	 0.9682649994472532	 0.14290361929923404
 0.12800061028586804	 0.9844298970046642	 0.12047249333284103
 0.0508681765584519	 0.993902467363801	 0.0978279815889446
-0.026799075511522392	 0.9968764060537898	 0.07429159175174228
-0.0398073726018514	 0.99915473570831	-0.010256081034922
-0.07009092116480478	 0.9964721667128478	-0.04615716344048499
-0.130834727878152	 0.984449558461764	-0.117223465336458
-0.14576202710611902	 0.9688419777370332	-0.20024648218760105
-0.22483582584061196	 0.9491092641376108	-0.22054581416733596
-0.26150227023385386	 0.9320346519647036	-0.2508544801265749
-0.320541228661182	 0.881929119211302	-0.3456216853954
-0.382662590803592	 0.830229097094893	-0.405325780004778
-0.36151108788650604	 0.8176211499774462	-0.44811314245921613
-0.34238943436991615	 0.7683671418070444	-0.5407230442871123
-0.2984441300763991	 0.7378100682691152	-0.6054481021389572
-0.33331424819555616	 0.6775801151619213	-0.6555812684076543
-0.3237846034958488	 0.6105750503306416	-0.7227459017198027
-0.3181016913013211	 0.5750500215078032	-0.7537431835546601
-0.30499665146707294	 0.5001657286451479	-0.8104389467953408
-0.29759069905377	 0.460908342042687	-0.836064157868372
-0.28104053645774896	 0.3790059476842699	-0.8816862868886468
-0.22630341546539096	 0.3298683191780649	-0.9165007671307958
-0.17044307386061	 0.278356871432463	-0.945233627575362
-0.113726430892723	 0.224694888262318	-0.967769862160001
-0.018889412700091004	 0.19558613293046706	-0.9805045918776473
 0.019470514955504108	 0.17076368039351109	-0.9851196193893564
 0.107324311072966	 0.126826063122921	-0.98610174016957
 0.189237351253031	 0.127736664058938	-0.973587474008284
 0.269574264685474	 0.126990367726091	-0.954569621517508
 0.34407643367690915	 0.1752133325546671	-0.9224487497326165
 0.38017986210444915	 0.1986653037318951	-0.9033246202464295
 0.4559313035565841	 0.19530676233774505	-0.8683213201472952
 0.529212603693307	 0.191997298872393	-0.82648112943845
 0.5990765973781439	 0.19035258461596194	-0.7777358960494548
 0.6637837755263872	 0.19098199900202303	-0.7231299851376142
 0.718070790263522	 0.239930937786667	-0.653305047633287
 0.7396842810570101	 0.30969756115348307	-0.5974567641032771
 0.761691473388715	 0.328882712070257	-0.558267195049325
 0.8070671802033488	 0.35590016799140894	-0.4711450276319409
 0.8382757355998843	 0.37506390560873915	-0.39575353165068716
 0.8629226858744946	 0.3921167434193733	-0.3187615060406982
 0.8815222325552258	 0.4068093220574129	-0.23963457387872594
 0.8712940270659882	 0.4635876285137611	-0.16103797405618403
 0.8632416947192872	 0.4900677390735351	-0.12102639223543903
 0.84148146402308	 0.538820542759798	-0.0397664230929892
 0.8277955104143848	 0.5610282966588849	 0.0013576766251849099
 0.7946004633874635	 0.6012822798654676	 0.08408164784430605
 0.7443984669076452	 0.6566838359755732	 0.12098455287330706
 0.6884608282428148	 0.7081193059796139	 0.15680796049361598
 0.625931637350734	 0.755614188622162	 0.193020162978641
 0.5494282754548342	 0.8029358362725073	 0.2311333229114661
 0.5146335688206587	 0.8342622439319884	 0.19788582110013786
 0.43099083603411326	 0.8754000033166855	 0.21891033198038615
 0.342681076494713	 0.909672067074803	 0.23466233229106
 0.2656006027021161	 0.9404796034155775	 0.2120246103723601
 0.18842398074724195	 0.9634089332494358	 0.19062956437695394
 0.11141976610331505	 0.9792790174374344	 0.1691101467335881
 0.034064777086498514	 0.9886360430985974	 0.14641845938403905
-0.04399196017851628	 0.9915368309387046	 0.12214507903179195
-0.05717819353129259	 0.9976358012952238	 0.03812429879400849
-0.11790245512705697	 0.9924472596680007	-0.033873999652957995
-0.14824644479715296	 0.9865045469679038	-0.06951093738869889
-0.16137482719257296	 0.9750773278893757	-0.15225757710105098
-0.239342004173146	 0.955144033936749	-0.174399769132348
-0.298972638076553	 0.915208992369116	-0.270199670555413
-0.36463174248897207	 0.8703812347895052	-0.33087792083448603
-0.3981913797677507	 0.8442582277782085	-0.35870833543068575
-0.41015259976162	 0.801763871340307	-0.434683263448443
-0.4220281295549932	 0.7647350843427033	-0.48690092281661623
-0.3810010560898118	 0.7387422509889068	-0.5559658999095998
-0.3371021546054859	 0.7090352244761899	-0.6193796798510088
-0.37199782344965315	 0.6468150793584934	-0.6657686328321474
-0.36733564404671293	 0.6133176625036258	-0.6992181129475089
-0.35601898350406497	 0.5421345893754829	-0.7611442507090288
-0.34942032444630117	 0.5045530750628482	-0.7895135409278713
-0.334373286645386	 0.425701043987937	-0.840816939842165
-0.32589668110802883	 0.3845398071574888	-0.8636668859890677
-0.271828567458335	 0.336439728706741	-0.901619398006323
-0.21640923866334408	 0.2859768176512261	-0.9334796736872364
-0.1598701489794779	 0.23320461704620588	-0.9591960915545955
-0.10194494742634197	 0.17832432271515297	-0.9786764856797278
-0.05588068511437758	 0.16955914104976996	-0.9839344727763187
 0.024267173999889192	 0.12400909579256997	-0.9919842984779388
 0.0666343521263199	 0.100728909959272	-0.992679983587421
 0.14980626830187196	 0.10248864379037897	-0.9833891192561958
 0.23109385895640405	 0.10233198147883703	-0.9675349057885472
 0.31088228034654	 0.101080552848335	-0.945058162020947
 0.34835427571623384	 0.12520553570395995	-0.9289633321177445
 0.4208802569519659	 0.17234633611776598	-0.8905933694648918
 0.495444405954822	 0.169151560123752	-0.852010909739878
 0.567102787256308	 0.166640795697043	-0.80661346002629
 0.634492776814138	 0.166400803244491	-0.754804404365974
 0.6965084789649292	 0.16702555415146605	-0.6978383788459592
 0.722921759292896	 0.191746416797837	-0.663790209016414
 0.747111884145015	 0.259907673315396	-0.611777601683049
 0.7686734813031088	 0.27782270425816097	-0.5761559026340369
 0.799474647735044	 0.324179652913592	-0.50571517701741
 0.834001880490503	 0.342964949923194	-0.432222056890305
 0.8619154153233288	 0.36085193977212593	-0.35621299020488795
 0.8835626471958398	 0.3767392378372279	-0.27818086769960393
 0.899118530291337	 0.39037546419068	-0.197971880439261
 0.8940757588276654	 0.41899790071623616	-0.1583328666832051
 0.8779676749489818	 0.4723856483317779	-0.07761804554898949
 0.8669841507441363	 0.4969873707459641	-0.036633805118806005
 0.839199264316457	 0.541856085817752	 0.0462231222764399
 0.8223215228443447	 0.5621980969968428	 0.08786701770338336
 0.7748908890138312	 0.6195499689333601	 0.12530740647713903
 0.7219610669785221	 0.6728469672015741	 0.16139757276637703
 0.663242940209983	 0.722252222647278	 0.196113561853034
 0.5928223854433168	 0.7714727841304366	 0.23106571070439788
 0.5283547278136522	 0.8028914844687793	 0.2760553309836301
 0.47398107026667424	 0.8554800631769454	 0.2085564828424851
 0.37288472617786494	 0.8878827340549937	 0.26948326766292596
 0.2957819634466358	 0.9231152862942406	 0.24570551135364388
 0.218618292910398	 0.949555002316039	 0.224836250594807
 0.141806531463617	 0.968617730410154	 0.204133779589123
 0.0646039073213792	 0.981148399647783	 0.182137730927463
-0.013268125869489196	 0.9872880244946838	 0.15838659515658599
-0.0918857137206773	 0.98687517002973	 0.132794632394662
-0.105250100970196	 0.993215948791592	 0.0494418376659022
-0.13582094166411804	 0.9906455216445372	 0.013195539060425204
-0.1968600043514409	 0.9786749048785676	-0.05866488939457337
-0.208852624445379	 0.967908496105762	-0.139763101098106
-0.28795042666997395	 0.9430481725939408	-0.16656739161014897
-0.312153137930009	 0.924220993182147	-0.219945389226178
-0.33403645912667485	 0.8936087450872856	-0.2998050277724509
-0.40876957664009	 0.855994805691033	-0.316512757789402
-0.449206093656489	 0.792340482953114	-0.412807999553671
-0.4505633250616387	 0.7693234729463134	-0.4529173038019447
-0.4214005434615631	 0.7377123879530832	-0.5274485895619201
-0.3789979683680172	 0.7094938364945224	-0.5941203884308293
-0.414320938436948	 0.648138120863808	-0.63894846134556
-0.4050700859696037	 0.5810804352003767	-0.7058780016971196
-0.3993784343634	 0.545381740424435	-0.736923078331147
-0.3860182970540629	 0.4699163740982229	-0.7938315159363858
-0.3783511675044218	 0.4302812054487398	-0.8195782319495927
-0.36091343659782793	 0.34751815625458093	-0.8654320437541948
-0.3067550973333729	 0.29896942485790595	-0.9036141838528908
-0.250873712188135	 0.248164722219789	-0.935669092777206
-0.19280900573021106	 0.19484904537537207	-0.9616956570691342
-0.12828538112921303	 0.13918734436185504	-0.9819214551877492
-0.05935350202960241	 0.09141142475855892	-0.9940428125691733
-0.015073621786486104	 0.09495018681580503	-0.9953678957801892
 0.06719904171137892	 0.051575023970659814	-0.9964056933275213
 0.150931723867709	 0.0524615927098011	-0.987151151557183
 0.233298602953041	 0.052107547000472	-0.971008015108914
 0.3133123454645291	 0.050735772822352414	-0.9482938656005502
 0.3887508536290891	 0.09901025647418163	-0.9160075015607522
 0.4251796846593041	 0.12271640171863503	-0.8967513147479882
 0.4996908827270188	 0.12002893237033495	-0.8578473507061327
 0.5712349662726587	 0.11792718094293592	-0.8122707635402905
 0.6386757167261987	 0.11742178480754195	-0.7604639723990136
 0.700974930803534	 0.117450202745695	-0.703448360762875
 0.752543683932999	 0.166667220560982	-0.637102849909673
 0.7753931286486616	 0.19178924131943692	-0.6016497178247117
 0.800718657638053	 0.251560243191079	-0.543660809104316
 0.8171955990893368	 0.2781647000863369	-0.5047927816984888
 0.8528309986438977	 0.2963326168555829	-0.42996077488484286
 0.8810118725415592	 0.31395928999720907	-0.35390343974771404
 0.902853487247321	 0.329882221176847	-0.275741365625075
 0.9184380516573822	 0.34386628932935104	-0.19551859331187604
 0.908528240927092	 0.401503097858433	-0.115636057732895
 0.9004623481357266	 0.4284280163235213	-0.07494661045695446
 0.8782959566565608	 0.47805596662751987	 0.0076619379118063585
 0.864210291777186	 0.50069874758823	 0.0494098750248314
 0.829890734651516	 0.541803302957078	 0.133156109301706
 0.7823744042891746	 0.5989548985496215	 0.1707141500185971
 0.7294936098378348	 0.6520551252266299	 0.20655068838289795
 0.6708354124843621	 0.7017278176798661	 0.23991231575554506
 0.6075721582181292	 0.7472532694809371	 0.26919996992610307
 0.4835308256548621	 0.8276112498417152	 0.28505711669236006
 0.459294256309957	 0.851560711441971	 0.252770925640446
 0.35552609954050385	 0.8810059915969816	 0.3121372059138979
 0.278621061300893	 0.915253747433189	 0.29099979726637
 0.202510682872878	 0.940620530148862	 0.272437959148197
 0.12592600526526002	 0.9594256565612852	 0.25227970732875205
 0.04849012349344462	 0.9719688451800375	 0.2300549324030571
-0.029755508660545014	 0.9781732501645495	 0.2056494647862571
-0.10868000758403595	 0.9777999779408986	 0.17915317214694393
-0.12279979388621903	 0.9877585618672132	 0.09619373201782362
-0.184416680799056	 0.98257497586615	 0.0231712029185815
-0.21512023276931308	 0.9764995311096034	-0.013113016281601405
-0.22728203521618412	 0.9692563682177624	-0.09426011424405784
-0.305592770210993	 0.944106770366751	-0.123593951884524
-0.35531359309119287	 0.9118714072714168	-0.20553050178859697
-0.3833127727898108	 0.8915864368104486	-0.24113262722376388
-0.4256917445957892	 0.8636820066947424	-0.2698887361390551
-0.44904308684568117	 0.8242594411663403	-0.3449009710108892
-0.4739231963774142	 0.7971916502746323	-0.37400839117301016
-0.4914685214068581	 0.7403291956799822	-0.4586625932970631
-0.45987625787750935	 0.7093532536248064	-0.5341645710944143
-0.417717714179477	 0.679453209519382	-0.603204150627699
-0.4518265150654531	 0.6169071234483521	-0.6444209814418581
-0.44719301572362313	 0.5832441694416381	-0.6781184597843841
-0.43570142627069913	 0.5115449263778601	-0.7405984441266051
-0.4289157427468301	 0.4736016024605051	-0.7692417095885902
-0.4132422259229277	 0.3938724912926747	-0.8210330829614394
-0.40428011517619517	 0.35222973476038716	-0.8440922949676474
-0.350989727393307	 0.304499276375466	-0.88548653403154
-0.29573005087393406	 0.25462192266973305	-0.9207124488710192
-0.23809213284531605	 0.20243998768999105	-0.9499106208803252
-0.17544347478761	 0.147639239979561	-0.973356174261358
-0.10907550117610497	 0.09360371783313838	-0.9896165313145268
-0.030152655261528907	 0.05026887720022102	-0.9982804502571953
 0.020699864028052503	 0.02929062316761811	-0.9993565805175212
 0.108539609310265	 0.0275920532099897	-0.993709128372298
 0.192929694037932	 0.0275792554808679	-0.980824917008918
 0.27421195971722107	 0.02634382779881351	-0.9613083812621982
 0.35332245877927393	 0.024725476409335593	-0.9351747916504698
 0.39128773433473213	 0.04889944820843181	-0.9189683089879123
 0.4644782697762231	 0.09657008929527691	-0.8803034447048292
 0.5375935124385411	 0.09428400387934353	-0.8379163096613362
 0.607272031864531	 0.092990851189352	-0.789033193794915
 0.6723793813304598	 0.09281561675956128	-0.7343645067997298
 0.7328009019349532	 0.09312630303454933	-0.6740403028057272
 0.758577357029081	 0.117881069389891	-0.640831059548669
 0.8022743769349244	 0.17405769155898088	-0.5710164131816506
 0.813628580348952	 0.207096311034864	-0.543249161246568
 0.8438546992389602	 0.26383206372347906	-0.4672278766552081
 0.876145481919105	 0.281597185165176	-0.391244322412209
 0.901340697483774	 0.298336204816776	-0.31397524736034
 0.9201518834206065	 0.3134242501299532	-0.2347035382519561
 0.9326464590846992	 0.32652614387063306	-0.15346419688561602
 0.9277646988030538	 0.35555968902114193	-0.11326946277822497
 0.911632616549459	 0.409809375265214	-0.0313408421699583
 0.900452740697908	 0.434832509514283	 0.010273774337463
 0.8719013767508008	 0.4805166856155969	 0.09429583270250977
 0.8544920838130747	 0.5012298210276099	 0.13642560321808897
 0.809629003943296	 0.560301797001534	 0.174822116022654
 0.759360266291279	 0.615306112216944	 0.211590109046967
 0.7036337509826784	 0.6665769710257464	 0.24611925194138617
 0.6431329897433261	 0.7136957429784101	 0.27752179006035904
 0.5787797236919487	 0.7560307217989006	 0.3056657964825389
 0.507744916092934	 0.801347745513761	 0.316286090338782
 0.441729130803485	 0.845486924229585	 0.300045389826929
 0.3967401528491779	 0.8635354812278088	 0.31129362951700096
 0.3081660299644439	 0.8948726682030758	 0.32285694305537493
 0.23277753701561807	 0.9232894308774963	 0.30553435991857203
 0.1566295638843789	 0.9451848639336926	 0.28651832874710886
 0.07952362170337336	 0.9608941716538726	 0.2652515494258179
 0.0015034518668663793	 0.9703583667962196	 0.24166584289273788
-0.0772595242049689	 0.973374740479482	 0.215806812951128
-0.1565730465862329	 0.9696316995345243	 0.18788094192997687
-0.1711104002167899	 0.9795856933643723	 0.10551350763523994
-0.2021429633529891	 0.9769400752466675	 0.06874817629514222
-0.2637286919573571	 0.9645869127219044	-0.004389173508376842
-0.27602884949251905	 0.9573229228375792	-0.08567902694096631
-0.349377962906728	 0.929340492029987	-0.119420638537091
-0.373964647304783	 0.91418359192985	-0.156265168263587
-0.4237481455423906	 0.8768123883806263	-0.2272389595374148
-0.476017469723812	 0.838269633036123	-0.265916134988502
-0.488783859049232	 0.815954816540516	-0.308720061701979
-0.516133374667558	 0.766753691544225	-0.381700296119327
-0.5257342868072041	 0.7381329009855501	-0.42280406828456213
-0.4971327779514651	 0.7095648631162013	-0.4993763171368321
-0.45833408226024214	 0.6799010239055712	-0.5724198343268841
-0.4923139600137988	 0.6178942954249388	-0.6130526930508098
-0.48312802951719624	 0.5502667376671813	-0.6810240998026053
-0.477315472151207	 0.514246002550294	-0.712545429363008
-0.46351078020355263	 0.4379444940388446	-0.7703001861457354
-0.4555041374228257	 0.3978117262091007	-0.7964055570381354
-0.4370362648615111	 0.31400045808535204	-0.8428540891032612
-0.38359532769038185	 0.2657360191543469	-0.8844427582936666
-0.32754059582093786	 0.21548229576177297	-0.9199372469372578
-0.267863920145128	 0.16323754878205	-0.949527473510963
-0.20442851576486407	 0.10950054068327603	-0.9727376899926542
-0.13437182453918597	 0.054721749070269686	-0.9894188915462958
-0.0649221266914056	 0.00833307409200178	-0.997855539315207
 0.017967160548851502	-0.020851737934693602	-0.9996211213089262
 0.10796507895175503	-0.019780453952603104	-0.9939578841019222
 0.1927008600582971	-0.02207390842315541	-0.9810092359910374
 0.2744274034251849	-0.02381129061313729	-0.9613129681267426
 0.3538446773528631	-0.025437360844264702	-0.9349582263301002
 0.430292606480982	 0.0229284120675852	-0.902398227351906
 0.467055693002564	 0.0468881536631396	-0.882983850746975
 0.5401998813208417	 0.045080031634517376	-0.8403284351780437
 0.6100054379895893	 0.04404185214990193	-0.7911723458781506
 0.6757054337089397	 0.04405359215223418	-0.7358542300447136
 0.7370257019113121	 0.04512918489335751	-0.6743563385873961
 0.788729276113389	 0.0960101030410899	-0.607196993664897
 0.8108393742126907	 0.12523052535498094	-0.5717139361128848
 0.842890677764087	 0.18752904301331	-0.504349247411861
 0.8570541900725624	 0.21748153505230686	-0.46707590088802065
 0.8906759915534248	 0.23380341448223996	-0.3899131203829509
 0.9165790204180265	 0.2501869588849899	-0.3119124635749769
 0.9357103761670832	 0.26540194035457404	-0.23239600252431805
 0.9483612265381218	 0.27887947717786693	-0.15111989018030997
 0.9387832100582858	 0.33725213501987494	-0.07033549557084569
 0.9307126986826137	 0.36458821555124993	-0.029142848043415093
 0.9081815440431168	 0.4150047872365229	 0.054564728811100485
 0.8937376156238982	 0.4380129427862641	 0.09683871318138242
 0.858466242327967	 0.479688424485145	 0.181479272089845
 0.8134102109965132	 0.5384306024803741	 0.22012795133564805
 0.7629206430685063	 0.5932517173873961	 0.25691339435078503
 0.7073123048542829	 0.6440906082308729	 0.29130154786836693
 0.6467615795279011	 0.6910605510157081	 0.32269920061326507
 0.5781743005707679	 0.7378553856972989	 0.34825839251480195
 0.506315136219015	 0.784253176717978	 0.358597180194268
 0.4463158703748039	 0.8140228655638818	 0.37171079913118993
 0.37830429668792914	 0.8521746639269603	 0.36150269883975117
 0.29449147306522705	 0.8816737199806812	 0.36868173780009805
 0.21823232621085695	 0.9098620452289208	 0.35288200641070294
 0.141851258040959	 0.931878424233462	 0.333887440674784
 0.0644110556686247	 0.947793036966411	 0.312313264184602
-0.013937223431568608	 0.9574760409635135	 0.2881759614954981
-0.09298043531076358	 0.9606906319315188	 0.26158774506547494
-0.17247865434231707	 0.9571112503217365	 0.2327856703146181
-0.18810635131101	 0.970500355647223	 0.150814655405477
-0.250658543404793	 0.965022050836575	 0.0768292653704228
-0.28159034829114504	 0.9587000066000262	 0.040014660992959604
-0.2940139895315029	 0.9549196025671846	-0.04104054815301018
-0.3689881994723222	 0.9265333107507717	-0.07337392397431086
-0.4202978669433562	 0.8953072157912474	-0.14756250335024104
-0.44503067121761	 0.876385426527956	-0.184109439858515
-0.506083906307837	 0.832752214874797	-0.224505742459565
-0.5334829048050039	 0.7893211933558538	-0.30392111476517397
-0.5463493785090229	 0.7637510375571468	-0.34378293912465496
-0.5630220564403222	 0.7085115222825302	-0.42546161607670624
-0.5336293290710568	 0.6797823811575057	-0.5031258822829587
-0.4954054711521379	 0.6495890391574749	-0.5767213359665109
-0.527776467694829	 0.585620980229978	-0.615223591600687
-0.5232181229148439	 0.5516901450426889	-0.6495235020507298
-0.5114852582129887	 0.4793768420509888	-0.7131484234968297
-0.504461388585308	 0.4410128671959	-0.742311496875964
-0.4880775512614608	 0.36025071516194385	-0.7949841043567627
-0.47860180016622966	 0.3180530523770938	-0.8184024515794525
-0.42634429724541084	 0.2705005972079349	-0.8631685624004547
-0.37136343600428606	 0.22106977773569206	-0.9017856462435972
-0.31301803757543883	 0.16980498865495391	-0.9344442059215265
-0.2511407168898901	 0.11705082915970405	-0.9608472530600575
-0.18469790621725507	 0.06359370990527063	-0.9807357052230975
-0.112581062175884	 0.0110049123388856	-0.993581600244169
-0.03676562656575859	-0.03643638592929339	-0.9986594406921906
 0.06540510922262079	-0.042697939964717185	-0.9969448618706788
 0.150036083441735	-0.0454906073219387	-0.987633423042652
 0.23331169966332505	-0.047819253178397206	-0.9712254989577193
 0.314083708915	-0.0496326328074173	-0.948097054923599
 0.3925275739015209	-0.05114640733066909	-0.9183170197399978
 0.4309988457471367	-0.026930326131941983	-0.9019505266360585
 0.5048608426210901	 0.021200647333933603	-0.8629403583913232
 0.5765183362346158	 0.01993258369272979	-0.8168410494659306
 0.644551632640993	 0.0196380745515273	-0.764308536448298
 0.7083918949727751	 0.020415387660256003	-0.7055240145335681
 0.7675827806056649	 0.022837935431883193	-0.6405428195077087
 0.79343450484962	 0.0489769554373679	-0.606681913650081
 0.837433683749127	 0.107774927712581	-0.535807232387652
 0.8546675099264136	 0.13876685832608307	-0.5002871240662633
 0.8809198690139203	 0.20177212121949606	-0.4280983479004361
 0.91093178215651	 0.217929677958015	-0.350299791210729
 0.9336907435632934	 0.2336987139708831	-0.27130519064805914
 0.9497365540995713	 0.24818568999614005	-0.19079921668657907
 0.9592464270548722	 0.26083902083682103	-0.10867059119812703
 0.9545396085608184	 0.2901870751653421	-0.06815861717746192
 0.9384224376612288	 0.34518599871472794	 0.014489816605916096
 0.9270819646730748	 0.3705685314906089	 0.05655081119493648
 0.897890299391875	 0.416871619287071	 0.141460465469843
 0.8800441851733455	 0.4378051738461412	 0.18398060195611007
 0.8376591649929392	 0.4983600194180171	 0.22352721165219605
 0.7897517108570786	 0.5549608171158278	 0.26136320832215487
 0.7365897315292459	 0.6076397534629149	 0.29700083740151595
 0.6782467091022978	 0.6566050389014908	 0.3299260894216689
 0.613137707499735	 0.704024981352406	 0.358344774307808
 0.5422531002813779	 0.7532543541463118	 0.37224918159057996
 0.4764276440391671	 0.7874278390869882	 0.3911190333211681
 0.40449626796709376	 0.8265939702537565	 0.3913121229157428
 0.330726893968467	 0.857258478597137	 0.39462339322358
 0.2502280582859139	 0.8886128288677806	 0.38438673132414686
 0.1732968732937121	 0.9138920532308475	 0.3671096685571342
 0.09608422975485609	 0.9330289015260528	 0.34673460991009186
 0.017969980459311693	 0.9460030746961815	 0.32365917639959285
-0.060901319775724286	 0.9526290619659648	 0.29797466259301497
-0.14030082185088397	 0.9526204203559218	 0.2698703653772929
-0.21997801706120207	 0.9456059162854122	 0.23966460542985404
-0.23621389402307288	 0.9587319151180416	 0.15822803545689593
-0.267762969124518	 0.955856681463902	 0.1209999870514
-0.3298566650190609	 0.9428706143187778	 0.046793003714593086
-0.341601756085471	 0.939217103648377	-0.0343434484825916
-0.41538574905540704	 0.9071789519519772	-0.06694048563455911
-0.441489481964054	 0.89116721474339	-0.104441527572227
-0.48800184180990125	 0.8533920686337363	-0.1832380407644011
-0.5462784591497772	 0.8071901479587483	-0.2236602559850081
-0.560314897302441	 0.785233348711352	-0.263544690579248
-0.5848375377541504	 0.7341681394550563	-0.34490896979168817
-0.5928682452483363	 0.7067463788994772	-0.3860269416616352
-0.566758658087998	 0.679624284097599	-0.465720362392625
-0.5333855137108328	 0.6494280162173357	-0.5419807612041658
-0.5658151440623134	 0.5856099942348865	-0.5804430699060503
-0.5569118700903	 0.517498214989859	-0.649649725956099
-0.5509725689811961	 0.4812433259767841	-0.6817874224661701
-0.5366602240462982	 0.40419952795880715	-0.7406878867137323
-0.5282947522112529	 0.36356133659631296	-0.7672860022953327
-0.5088233462947849	 0.2786508169687709	-0.8145259507640098
-0.45646788710264113	 0.23060419272725705	-0.8593362405605042
-0.4009253125272801	 0.18100149463715004	-0.8980519766216323
-0.34197348138792105	 0.12997094353006503	-0.9306780817583112
-0.2795038455310379	 0.07777383447442827	-0.9569894623267835
-0.213703135253598	 0.0255788064673457	-0.976563717656195
-0.142920824633293	-0.0228686210379973	-0.989469890425151
-0.020184763664440098	-0.07796107004425369	-0.9967520488433248
 0.06321174991231492	-0.09190130094003231	-0.9937597423716422
 0.147760322259328	-0.0945546156127413	-0.98449292116914
 0.231132899268336	-0.0971685231135266	-0.968057777713577
 0.31242095172097306	-0.09931558991480063	-0.9447378274027333
 0.3910962148002879	-0.10079829091868098	-0.9148133445226738
 0.46858597939934	-0.0523274032498809	-0.88186678289835
 0.5057112043257003	-0.028160975278265513	-0.8622430848031354
 0.5776012472206741	-0.028874695748479905	-0.8158082195924202
 0.6460183548164716	-0.028673606343865687	-0.7627831340161216
 0.7102579613137889	-0.027323226402930292	-0.7034110247140819
 0.769688415376255	-0.0242494630979218	-0.637959016532451
 0.8209930330119294	 0.030155336222022114	-0.5701412942799442
 0.8429712394867727	 0.05972497441218767	-0.5346329739453017
 0.8783163933863313	 0.12173446915275003	-0.4623213515823441
 0.8914207213555883	 0.15381013707944002	-0.4262763648966321
 0.9218340517319847	 0.16938305866228798	-0.34861348296587796
 0.9451815567488838	 0.18483020830903296	-0.26920181811829597
 0.9616419025124818	 0.19937076325930495	-0.18840421993569195
 0.9714024867047055	 0.2123535073034059	-0.10622239293038396
 0.9622011835593862	 0.2711857692984361	-0.025043180447611803
 0.954159135143204	 0.298854550085617	 0.0163187841427201
 0.931368261615162	 0.349901497502318	 0.100608664147711
 0.9166418209605782	 0.37316544492819403	 0.14323171009807303
 0.8805812675432477	 0.4151576242951149	 0.22851866059812995
 0.8379614022621592	 0.4752122239741681	 0.26831703357103703
 0.78984897398535	 0.53138475272872	 0.30621698656627
 0.7363181607583668	 0.5839918622374659	 0.34174416012249986
 0.676795878289143	 0.634034985097228	 0.374094876740628
 0.6112756386626899	 0.6820868287836449	 0.4013722107687469
 0.5429811174946959	 0.7275277193876308	 0.4193744431493699
 0.4708588548807181	 0.7672388457563062	 0.4354727228460471
 0.3952723337281908	 0.8070610059678607	 0.43864828146843876
 0.320096320959703	 0.839983480390108	 0.438139359085422
 0.240161254849588	 0.870775891173666	 0.429036034640191
 0.16081553368226004	 0.8964601400594642	 0.4129135277646591
 0.08248174815358529	 0.9159973275928988	 0.39261387782934587
 0.003872491824108021	 0.9293429721514522	 0.36919729673953106
-0.075290710084151	 0.936319061296375	 0.34298385447146
-0.15485613343942906	 0.9366381382260794	 0.31421103729273014
-0.20164972718267796	 0.9254667634028477	 0.32070026093504994
-0.23458507217868305	 0.9299229901690342	 0.2832191311793831
-0.2521827186619749	 0.9463276393807295	 0.2021580454801419
-0.3157994266011938	 0.9402457004888546	 0.12731356907486494
-0.347013200392533	 0.933531559184881	 0.090003704141425
-0.3598270028720069	 0.9329726913732828	 0.009299739557756408
-0.43457827024804613	 0.9003225946536952	-0.023684437596329308
-0.48695466034387513	 0.8677042601688422	-0.09982222024290763
-0.509767943442587	 0.848777890121108	-0.140402055112722
-0.57012973762176	 0.801481382524872	-0.180498409259924
-0.59988869244156	 0.755757776538626	-0.262609481706483
-0.611852091039939	 0.730247437701699	-0.303933707278672
-0.6283444786438941	 0.6751138526381301	-0.3865287856471161
-0.6019434742342	 0.647882681246666	-0.466810545261664
-0.5683561818196067	 0.6177003743488075	-0.5435232268420377
-0.599022168336529	 0.551891384001158	-0.580162341165548
-0.5946631633496442	 0.5177500375763632	-0.6150696064224512
-0.582712152064353	 0.445125073579989	-0.679933979667835
-0.5754122573197707	 0.4064855154097968	-0.7096973015928677
-0.558297908481648	 0.324831032622915	-0.763405688759357
-0.548349599702713	 0.282104237311477	-0.787229265078976
-0.4974813883668669	 0.23466365310012893	-0.8351318687143228
-0.44346367117665975	 0.1856960568545539	-0.8768448818435275
-0.3860933479680031	 0.13548830893141703	-0.9124553933194562
-0.3251941452487068	 0.08404886979200896	-0.9419047485720885
-0.26099667768659907	 0.03186680353730001	-0.9648135784020002
-0.19307128615923794	-0.019016435879804797	-0.9810004350800497
-0.12161872011280506	-0.06303481845553853	-0.9905733181246105
-0.06629486939528709	-0.07913716317060979	-0.9946568753581158
 0.017206395283720404	-0.11255582424223702	-0.9934964148855753
 0.10329585418052104	-0.11753841531202106	-0.9876814706346655
 0.187968426520112	-0.120290436643453	-0.974781042841766
 0.27073553647200505	-0.12290606789922302	-0.9547755588434212
 0.35074099933326514	-0.12486960418652203	-0.9281100868630853
 0.4283402823781224	-0.1258534597459981	-0.8948103202143978
 0.4673874321056111	-0.10155468482571003	-0.8782002244930672
 0.5420689431211542	-0.05304308877893382	-0.8386582686865404
 0.6124573353587	-0.0530551105935798	-0.788721222996582
 0.6790076002301837	-0.052037830937560876	-0.7322846051781786
 0.74102792126489	-0.0496873982027597	-0.669633319336543
 0.7977873260460323	-0.04480698645042372	-0.6012717491829742
 0.82330678914396	-0.017036723951198	-0.567340886052181
 0.8670166272660107	 0.04202452258354458	-0.4965038847238728
 0.8848839679887542	 0.07306299907744601	-0.4600458252851411
 0.9120078523726115	 0.13720618630719394	-0.38654383923396385
 0.93905246488447	 0.15267573553452	-0.308010694576332
 0.9591637469341878	 0.16767619647126594	-0.22779288773817993
 0.972448017870168	 0.181571425654423	-0.146207626087704
 0.979007225276871	 0.193731709142277	-0.0633472787773438
 0.974506893481395	 0.223200872089846	-0.0227526977647365
 0.9585140933204905	 0.27869320253435387	 0.059840051530254575
 0.9470853299379882	 0.30434806761723904	 0.10198838930929703
 0.9174141945158962	 0.35107656193847103	 0.18734044773676703
 0.8992123579270382	 0.37210819121673006	 0.23011438325474107
 0.859327738683309	 0.433835069309088	 0.270819072753397
 0.8138299913360032	 0.4916537143451871	 0.30976986679246604
 0.762839989383581	 0.545920671117936	 0.346476220603089
 0.7060020703840839	 0.5974456921878699	 0.3802889973422109
 0.6432508197342167	 0.6465991522679947	 0.41004624031634385
 0.57582656756029	 0.693197599450342	 0.433475319029836
 0.5052273945863353	 0.7362516223829363	 0.45019865426053624
 0.429683131545274	 0.776661654258096	 0.460618151260374
 0.35373273306326397	 0.8144589890923067	 0.4599235900085269
 0.27496443537883886	 0.8461423799020394	 0.4565497039868817
 0.1950714754931231	 0.8746941577474113	 0.44368598113021623
 0.11557994270644	 0.897475639593865	 0.425650975776585
 0.0366845805873534	 0.914131011359532	 0.403755787101472
-0.0424313187901366	 0.924526892651331	 0.378747419727454
-0.121930521569504	 0.928417314761089	 0.350961874797816
-0.21475609263729395	 0.9064393108233488	 0.36365862628192197
-0.2607651100456031	 0.8923248871771384	 0.36845332554777116
-0.281348936492015	 0.915237799979925	 0.288413844020565
-0.29965228621889695	 0.9311244431413948	 0.20788405121224698
-0.3317296774720799	 0.9278738343474477	 0.17031021289880194
-0.3942774422591329	 0.9140432211541608	 0.09523806165458197
-0.40660754368023	 0.913491072047954	 0.0142956885461984
-0.4801699009840321	 0.8769706689094092	-0.018955528522517702
-0.5062667588395818	 0.8604572133575696	-0.05750958941768637
-0.551518970412772	 0.822541331895792	-0.13875367597989
-0.6093298608668561	 0.7724943130868732	-0.17880060655494903
-0.6245061304985602	 0.7492853995415684	-0.22037123905706812
-0.647799521813829	 0.698660609583959	-0.303692496044182
-0.6561492564505161	 0.6710701619800611	-0.34515647315310405
-0.6332353945389112	 0.6454703329167792	-0.42706086735669424
-0.6032407442162209	 0.6166226960323349	-0.5058429155926519
-0.6342943169959608	 0.5505974980658589	-0.5426906250804819
-0.6259547927209218	 0.4820887278489819	-0.6130016769558289
-0.6199272735268672	 0.4457889540601131	-0.6457262453823102
-0.6050307850418262	 0.3684748288620141	-0.7058073743216212
-0.596295786770273	 0.32748224928298	-0.732930222520931
-0.57596744221509	 0.241641812017307	-0.780942213094669
-0.5251769311434332	 0.19372195035153408	-0.8286501052596104
-0.471141640845468	 0.14460526314029	-0.870123480968976
-0.413745548316811	 0.0947035613798912	-0.905453398419812
-0.352810862923704	 0.0441115115585498	-0.934654304837383
-0.28783378331882603	-0.007798871474481112	-0.9576486259500903
-0.21982411782764794	-0.059105901530467984	-0.9737473232957138
-0.151086768135642	-0.105386792845589	-0.982886774958361
-0.07320634463490323	-0.13751065830470804	-0.9877912987862374
 0.006649952307166258	-0.15782606280742797	-0.9874445361806498
 0.09622562161537372	-0.16445651255435303	-0.9816795226667382
 0.18431034677063599	-0.16829138915674496	-0.9683530887073067
 0.266917664652698	-0.171867634472666	-0.94827025499966
 0.34696222822834083	-0.17397169420700992	-0.9216024423782565
 0.424814925193167	-0.174664677141654	-0.888270527425134
 0.503535302384695	-0.125992827360589	-0.854738560441752
 0.541122529964964	-0.101652222598223	-0.834777355469803
 0.6117463470068266	-0.10106387527965296	-0.7845715391455786
 0.6784900524898233	-0.09952261239942634	-0.7278368624173623
 0.7406327366109471	-0.09665709880321442	-0.6649214650702181
 0.797449910729231	-0.091477631472576	-0.596410498581396
 0.8480433548181047	-0.03547369768674099	-0.5287382009286677
 0.8697751553695798	-0.005932771280796409	-0.4934125873209489
 0.9055114898587965	 0.056012333963480467	-0.4206085593252547
 0.9193000240818407	 0.08807132309867349	-0.3835764692610539
 0.9466132856193628	 0.10339900096004097	-0.30533904776392495
 0.967115074304803	 0.118285932659921	-0.225159657103994
 0.9807760118289698	 0.13225972800393898	-0.14347745108268697
 0.9876191755077213	 0.14470717971935604	-0.06056563635527061
 0.978855733127992	 0.203514015853923	 0.0205790931158465
 0.970924351600785	 0.231303529202409	 0.0616812844151728
 0.9480674225031098	 0.2828007406169569	 0.14557439161751898
 0.933138813474944	 0.306277084513879	 0.188271883955763
 0.8964804106188565	 0.34829251257710986	 0.2738890269057349
 0.856405663982961	 0.409229694510137	 0.314802153469514
 0.810704967018425	 0.466521163618713	 0.353716638494002
 0.7592521805373952	 0.5209245772377201	 0.39009449006479613
 0.7019641584607751	 0.5727804483773871	 0.42328344899494413
 0.6390909246715399	 0.6220235107390288	 0.4523820753415959
 0.571076914717518	 0.669035290490451	 0.475671039222569
 0.49897709573652277	 0.7131026925755157	 0.4924493961534468
 0.42250209162889985	 0.7543249361656127	 0.5024797242157628
 0.3445805430928948	 0.7924397947715367	 0.5032925799018407
 0.26473877560234904	 0.8250953692846792	 0.4991302558226141
 0.18448653725001407	 0.8537467746235153	 0.4869098093009052
 0.10429578887373801	 0.8767560553917492	 0.4694903702495981
 0.024381849736367492	 0.8937691844071688	 0.4478640088325669
-0.055268574502553666	 0.9045884782922704	 0.4226879104177577
-0.13498167084305404	 0.9089318808941512	 0.3944905378214261
-0.181041778641658	 0.89813580945515	 0.400719280994323
-0.272300452910412	 0.870475288070037	 0.410030774703766
-0.294406560710582	 0.896647220787686	 0.330678905381467
-0.31420614716255596	 0.9156830803209478	 0.25059727352707395
-0.378793095744413	 0.908730106505432	 0.175286577201423
-0.41017885670738	 0.90155369248542	 0.13767441692679
-0.42407700818243316	 0.9038164219172614	 0.05722382898509793
-0.4978281070496728	 0.8669570379196176	 0.02350893942700079
-0.5491193614282731	 0.8339208057548952	-0.05517260763922532
-0.5715828338068804	 0.8149135501859316	-0.09596337749713557
-0.63033247494745	 0.764361722341793	-0.135764975031523
-0.6609199619033417	 0.7176981497697726	-0.2193038298223049
-0.6725117330463687	 0.6924772792970637	-0.2611573980807479
-0.6893140377154983	 0.6375205693516702	-0.3441128899966971
-0.6661311741323188	 0.6119990248045649	-0.4262938569664829
-0.6360685052341251	 0.5831614965157711	-0.5053113155577581
-0.6651447441422884	 0.5151935207699393	-0.5405165173207603
-0.6611420278492931	 0.48086816971888513	-0.5758967115399551
-0.6491481651120221	 0.40829332089828313	-0.6417968711683991
-0.6415274732796933	 0.3697271333010932	-0.6721192959053683
-0.6236532942495132	 0.2876875845830621	-0.7268372735685023
-0.6133218557770141	 0.24457194405310306	-0.7510132258544622
-0.564213912628523	 0.197209949019428	-0.801729940069702
-0.5118960891404519	 0.14849356558725696	-0.8461158637573778
-0.456287627799359	 0.0990014298602207	-0.884307818354483
-0.3972514701079419	 0.04907264233528539	-0.9163968274013787
-0.334381216376673	-0.00133446162945206	-0.942436958818263
-0.26685375409836914	-0.05361941058475694	-0.9622442687447667
-0.19823399310620507	-0.10434835978362304	-0.9745843748940555
-0.12373609012579695	-0.14721957244032993	-0.9813336728610036
-0.0399320335575272	-0.172043834036864	-0.984279610611668
 0.04587023144286052	-0.18477041728034507	-0.9817106573555294
 0.13954129602064502	-0.18941471764253706	-0.9719312174455952
 0.22357496996667495	-0.19445876252670394	-0.9550916304109168
 0.3047228956514709	-0.19748991748193895	-0.9317412137276958
 0.38376377882309914	-0.1987756223958821	-0.9017835738161044
 0.46061319699628567	-0.19864631802392185	-0.8650867719994334
 0.5002904708573217	-0.1742561653835559	-0.8481416353388025
 0.5759195236575493	-0.12545689374169408	-0.8078225486347526
 0.6447808100024479	-0.12416069315217297	-0.7542160362446287
 0.7093558222153347	-0.12177641245971994	-0.6942512678113356
 0.7689587216859678	-0.11774644494659198	-0.6283615671295639
 0.822742197636581	-0.110806165784313	-0.55750988318801
 0.8478515236114517	-0.08271908734954886	-0.5237416791680778
 0.8909624185112007	-0.023672614986659592	-0.4534595639088069
 0.908788275737495	 0.00723093503780721	-0.417194898651158
 0.93661970047018	 0.0710388641774133	-0.343069987710283
 0.960698977660681	 0.0861291243989806	-0.263892493739377
 0.977952762523312	 0.100628654874573	-0.182981605882003
 0.9883671573854033	 0.11400897660156102	-0.10065940321779202
 0.9919333914084443	 0.12558686322569904	-0.017207172750681902
 0.9876594434703142	 0.15487299131404503	 0.023306228466847802
 0.971996534894685	 0.210209913657624	 0.105045363309287
 0.9606164829606535	 0.2360761608666381	 0.14657427787566907
 0.930656570885143	 0.283249493093068	 0.231620533914476
 0.91220850357725	 0.30419877506515	 0.274479054301447
 0.8749482834587383	 0.36664150743537516	 0.31629022479065516
 0.831989837113844	 0.425304842272738	 0.356242476522159
 0.783272243014388	 0.481051369923839	 0.393794582006415
 0.7287238425549784	 0.5342671056756763	 0.42839260157575415
 0.6684683247950527	 0.5849301454843797	 0.4593547906023388
 0.6026801733457471	 0.6332602805106851	 0.4855492001676751
 0.5322291055346238	 0.6794113048008147	 0.5051063829834948
 0.457340813040932	 0.722078266610729	 0.519078373288181
 0.37943552615348386	 0.7623905365838937	 0.5242035398773568
 0.30006140890662897	 0.7976606463292147	 0.5231640700417299
 0.21946684819786005	 0.8287831751955183	 0.5147356127711901
 0.13897662469523	 0.854769063056325	 0.500055343567223
 0.0586526093372645	 0.874931338228579	 0.480681833236371
-0.021399764650552502	 0.8890569321580393	 0.45729620756642714
-0.10123411799063399	 0.8969058351807597	 0.43047831092095995
-0.192674617472787	 0.875687691623643	 0.442772581039715
-0.2379756700589631	 0.8621354599011694	 0.44731423992646024
-0.3173524807527082	 0.8535409889034785	 0.41322534194041627
-0.3402089333886451	 0.8788846525745082	 0.3343944513767331
-0.3607181930079399	 0.8971455623559118	 0.2549749500993809
-0.3932378782760879	 0.8933798121014358	 0.21733955557726695
-0.455996802425059	 0.878582553085809	 0.141984554059037
-0.4697967416524641	 0.8806131220919142	 0.061737757752120016
-0.5415615950116888	 0.8402252013660316	 0.02706750446213089
-0.5669261495139419	 0.8236709649062388	-0.012683949216287996
-0.6114025708209594	 0.7856694433267015	-0.09439503279427917
-0.6673744788483044	 0.7325300418293973	-0.13420522642347305
-0.6826975906394072	 0.7091825804048221	-0.17602291721678304
-0.7060994932695052	 0.6587549039947771	-0.25974118284819603
-0.7145153298460886	 0.6314379177668176	-0.3012540446554058
-0.6944503641767745	 0.6080300280377046	-0.38475729583623675
-0.6677861218243373	 0.5808027462752281	-0.4655425495247071
-0.697450952778691	 0.51244546410692	-0.500960891471919
-0.689971178936147	 0.443575135218482	-0.57199726542473
-0.6840155298945456	 0.4073477774437668	-0.6051367969928018
-0.6685373606396601	 0.33055769891262904	-0.6661752060220681
-0.6593968970958929	 0.28960080574292196	-0.6937774177741439
-0.6384100889007369	 0.20324512500779995	-0.7423772474627149
-0.589612709399986	 0.155389706077372	-0.792597560026017
-0.5376270975641029	 0.10647425748381698	-0.8364331033968397
-0.482343052325122	 0.0571217782832774	-0.874118002514215
-0.423530733115525	 0.00772239439604312	-0.905848818915948
-0.36097314191348584	-0.041427040538416976	-0.9316556183104006
-0.2941821840084311	-0.09024526202552784	-0.9514791827959105
-0.21870684781018396	-0.14656229990147898	-0.9647211032047148
-0.14118936870878196	-0.18963108487445896	-0.9716509732475708
-0.05647214144088567	-0.2155174812035549	-0.9748656894858676
 0.05205480682025268	-0.2277862348749519	-0.9723187380115635
 0.13495118074168597	-0.23687869417369795	-0.9621209191484138
 0.21751778999220808	-0.2426497422407691	-0.9454137261682815
 0.298572990831371	-0.245834857290412	-0.922181864974048
 0.3778185680738192	-0.24690516884709712	-0.8923513698175375
 0.4549496942395172	-0.2463339632242851	-0.8557688673196673
 0.534860786774308	-0.197554190985229	-0.821520712091509
 0.5728911451174677	-0.17312673339812493	-0.8011384836773797
 0.6418719213275921	-0.17132340237324603	-0.7474280757440681
 0.706494478956226	-0.168482158282957	-0.687371306896562
 0.7660965956781077	-0.16407436934326097	-0.6214302916780169
 0.819869585887886	-0.157272735603087	-0.550526247123557
 0.8696126221551327	-0.10118639495032995	-0.48325479911267377
 0.8909945197955815	-0.07173975008509567	-0.4483103545000598
 0.926441543081253	-0.0102207929481483	-0.37629988392868
 0.9404028895992396	 0.02158581821171899	-0.33937657209290584
 0.9648768357023628	 0.03635848548587909	-0.26017446542304795
 0.9824440149174295	 0.050858031831330024	-0.1794915545399421
 0.993166156991404	 0.0644267895518846	-0.0973148159067429
 0.996984406394749	 0.0763511436503354	-0.0138779057856785
 0.9886631206761443	 0.13438862436224203	 0.06696963085557642
 0.9809529776772764	 0.16176823887447808	 0.10752810087384004
 0.9583682015988982	 0.21362905042326605	 0.18945453011038704
 0.9433713121373998	 0.23740060279772193	 0.23171430950081395
 0.906390128890098	 0.278958695075919	 0.317236474403767
 0.8691141474834005	 0.3401058452717502	 0.35912200246739323
 0.8259987469148242	 0.39829133712820214	 0.3988609793697161
 0.776998761367398	 0.454068707635677	 0.435998318321981
 0.7221984685980062	 0.5074485022215011	 0.4700270093812161
 0.661623111166092	 0.558518097870706	 0.500312295593252
 0.5954459021327869	 0.6073818987004549	 0.5258625359961498
 0.5244066756805751	 0.6540016823266471	 0.5452333794033191
 0.448982415377315	 0.697358271946422	 0.558664685862506
 0.3705157258745079	 0.7378320148750398	 0.5642003320675428
 0.290341100700666	 0.773476824970592	 0.563414276068097
 0.20920181269096	 0.804713239828799	 0.555581860044993
 0.12819558936425	 0.830797838043896	 0.54160949324134
 0.0475241304052934	 0.851164271203883	 0.522743570458005
-0.0328170898648963	 0.865615816633263	 0.499632161301821
-0.11285574171787698	 0.8739100728320878	 0.4728052095355159
-0.158344562414351	 0.863469434969762	 0.478902426833283
-0.24840836036223493	 0.8368374135731218	 0.4878487775390999
-0.2928306673234291	 0.8206272950933513	 0.4907352064226542
-0.32736891095193904	 0.8290269052969512	 0.4533695914327531
-0.35159977040876117	 0.8575979648404554	 0.37537092608514017
-0.373659861239914	 0.878878257235817	 0.29656587304729
-0.4389662313036768	 0.8707823668449667	 0.2214649348473139
-0.470372063406126	 0.863104882740419	 0.183847989808731
-0.48579435036419266	 0.8678619796615864	 0.10401650547919793
-0.5575157040183538	 0.8272761184022267	 0.06921317572734587
-0.607648428267107	 0.794135725890748	-0.0105752772299003
-0.6297115730208277	 0.7751233981758556	-0.05144951315560668
-0.6862237136874026	 0.7216916917229327	-0.09087418154328177
-0.7167856045442247	 0.6751663911163667	-0.17426629457549092
-0.7285211602051651	 0.6500579772036331	-0.21605912479513806
-0.745372060526471	 0.595857870761657	-0.298954660839913
-0.725136560314757	 0.572565230719235	-0.382551990540256
-0.698457814430822	 0.545395732730096	-0.463357503640894
-0.7259142596143013	 0.4752045170489632	-0.49722143423718423
-0.7223867082504412	 0.4407116097860011	-0.5328514997097441
-0.7107367144445274	 0.36832098841529315	-0.5993270995319502
-0.7028803992882511	 0.33024294501659407	-0.6299990012398081
-0.6841536971111468	 0.24893695749246195	-0.6855392840118978
-0.6735225619615679	 0.20571432206422094	-0.7099640668557698
-0.6264953256355763	 0.1584590382980711	-0.7631476529076293
-0.5763597735625163	 0.10983725219338307	-0.8097809515230475
-0.5229760158331482	 0.06066158486274253	-0.8501860143434653
-0.4660795944064589	 0.011393268427337799	-0.8846694326766658
-0.4055467809391091	-0.03760772631632351	-0.9133003161015782
-0.3413201193452602	-0.08589481402479024	-0.9360142397708404
-0.2728606174998781	-0.13285333616421605	-0.9528363314271885
-0.18889398642626506	-0.19133543216452206	-0.9631769382052342
-0.107450844446253	-0.225250154226996	-0.968357725248527
 0.0102870342694747	-0.244310454530721	-0.969642500477847
 0.0908365242569105	-0.25715700397716	-0.962090952647625
 0.17295596053929402	-0.26410034247252206	-0.9488610250293912
 0.254602384472623	-0.268492144974371	-0.929026153511254
 0.334839905073964	-0.27049107428459	-0.902616649914252
 0.413207750030918	-0.270504769411853	-0.869532359972777
 0.4892360384283762	-0.2690822429651951	-0.8296040291752014
 0.5294425876490472	-0.24471171911590012	-0.8122848766970994
 0.605820920707981	-0.195862644730128	-0.771115319801036
 0.6727273991532426	-0.1933746778717279	-0.7141737046311066
 0.7349149170157527	-0.18963102343755098	-0.6511068573573437
 0.7917042822323822	-0.18403119952157604	-0.5825262630109981
 0.8421237021454263	-0.17629390057195307	-0.5096549135503432
 0.866762100810136	-0.148383396959417	-0.476136354530909
 0.909117332712755	-0.0897774263367595	-0.406750155601192
 0.9267309961328716	-0.05916016420052957	-0.37103872544296784
 0.954631945651391	 0.0041209388996851	-0.297759745775726
 0.9757881717436084	 0.01871603976481451	-0.2179154738443051
 0.9900776781697246	 0.03287405452544728	-0.13662169567497395
 0.9974923110472778	 0.045881500479625296	-0.05388856386376649
 0.9979307140650552	 0.05683199772297391	 0.03007347602830601
 0.9938477927052453	 0.08545874140641921	 0.07045117779102571
 0.9786887998418012	 0.13934550382652702	 0.15083455713975602
 0.9675590324336882	 0.16547032685167604	 0.19091644687555007
 0.9377650252762513	 0.21334148044180906	 0.27401125905978607
 0.919221473099085	 0.233924973970936	 0.316719102591311
 0.884892391409569	 0.296216641148524	 0.359473444265555
 0.8446560805317254	 0.35548810604072917	 0.40023032379413614
 0.798474807323716	 0.412456464605672	 0.438540359458904
 0.7464667958374511	 0.4670914470789581	 0.47393343707513813
 0.6886589435509339	 0.5194821557722429	 0.5058528929457009
 0.6251005443644398	 0.5696964838347068	 0.5335683890014968
 0.5561969587659873	 0.6177328049658054	 0.5559236680773223
 0.48274003354279266	 0.6630385082293565	 0.5721380922645277
 0.405341080988458	 0.705181942175751	 0.581736225872469
 0.325746308130967	 0.743547247613916	 0.583975027980491
 0.244650061489867	 0.776944449943636	 0.580089363042269
 0.1633224306982431	 0.8057220160660903	 0.5693310253773393
 0.08230184765958865	 0.8290119335681615	 0.5531415911621507
 0.0017082385993197793	 0.8465445082337617	 0.5323152050243788
-0.078480714676086	 0.858128895273123	 0.50740080461235
-0.16923721802438202	 0.8374933075572443	 0.5195803343393541
-0.214161497412736	 0.824345292046888	 0.524013065205502
-0.302730810312646	 0.792382972620157	 0.529606723134339
-0.37134780129216205	 0.8092846572850693	 0.45514739805744814
-0.3962825900762249	 0.8367080710910898	 0.3779943287583909
-0.41897059601370584	 0.8569822074500607	 0.3000752168872689
-0.451760589556277	 0.85256845383409	 0.262753499026587
-0.5144546143154404	 0.8367262151537606	 0.18768508380799614
-0.5297951399112503	 0.8412387595359533	 0.10786315024525105
-0.5989296482561203	 0.7975646302672913	 0.07193008401495843
-0.6237544821738902	 0.7809668396021904	 0.031955303311793616
-0.6675022091124831	 0.7429567403646571	-0.04955888191513751
-0.7210171703736267	 0.6871961633597506	-0.08885760006914147
-0.736237586080574	 0.664044300853637	-0.130381683322673
-0.7597559680186796	 0.6141286781546837	-0.2135809816626469
-0.7681533727525537	 0.5873117768993987	-0.2549613159758699
-0.750811035677713	 0.566505327098733	-0.339638783229062
-0.7273937142057431	 0.5411859344686581	-0.42191962370487013
-0.7551925960403473	 0.47081543519861613	-0.4560887730086971
-0.74871022812855	 0.401644377880583	-0.52736589576177
-0.7430346549973779	 0.36548998994414894	-0.5606394284418049
-0.7274021197117368	 0.2898444830494619	-0.6219938358896029
-0.7177637307868799	 0.24977561358728295	-0.6499441280787109
-0.7290118557375583	 0.16576433425904108	-0.6641264184488813
-0.6961786301211619	 0.16375895673006896	-0.6989408551896948
-0.6497730461981511	 0.11598270073559702	-0.7512276629387742
-0.6003313804493563	 0.06721113336727942	-0.7969221399856173
-0.547322750272737	 0.0181300302764749	-0.836725229114111
-0.4905802813365271	-0.030884627168134907	-0.8708485099995632
-0.4302120421700093	-0.07945723741719066	-0.8992241912859875
-0.36636989993681096	-0.12707140917384496	-0.9217515681521048
-0.2995125677280229	-0.17281401738289098	-0.9383110023701908
-0.227254340496577	-0.210391760244241	-0.950836879778438
-0.0796517235452882	-0.262167931785636	-0.961729472606256
-0.0013275463464943094	-0.2904183193209799	-0.9568988647832516
 0.08241146705168106	-0.3048642316103579	-0.9488235612499386
 0.16472458864308098	-0.31179596449842095	-0.9357612336589218
 0.246203404655149	-0.315926324261021	-0.916282948207121
 0.326560527116321	-0.317705605230313	-0.890180526935268
 0.40517764986521587	-0.3173777314777799	-0.8573811565527428
 0.439171719472514	-0.339622932940883	-0.831735813967505
 0.4814573939489452	-0.3155034725054002	-0.8177140922406343
 0.5622085886207262	-0.2669460964713981	-0.7827268262042474
 0.60051877061677	-0.24256311981939	-0.761931977961555
 0.6674250878917427	-0.23967312017508688	-0.7050535777642987
 0.7295593435461049	-0.23554792842822195	-0.6420750249447099
 0.786271283734373	-0.229770927499461	-0.573570213008607
 0.8365819467046568	-0.22249167416352494	-0.5006277073592299
 0.885323575035087	-0.167008123711824	-0.433947524594102
 0.9063007846448208	-0.13788122947036396	-0.3995092668661429
 0.9412646949308818	-0.07704144031662298	-0.32876342641877687
 0.9551825157197055	-0.045527740541449424	-0.2924954469809151
 0.9765708176481516	-0.03130051514491529	-0.21290776376093892
 0.9910923413833442	-0.017096241571555003	-0.13207455990995304
 0.998756869446667	-0.00372817828352404	-0.0497073075088524
 0.9993849589822428	 0.007836445273102958	 0.03418031429848179
 0.991342922694654	 0.0638280883691999	 0.114739639002199
 0.9838959173584636	 0.08997225552616346	 0.15444680974653394
 0.962020901480091	 0.141914179629619	 0.233186943750042
 0.9473930812663378	 0.16624195618205298	 0.27351409757714296
 0.910753749671725	 0.205964708863343	 0.357919189429306
 0.876447284292372	 0.26717206681973	 0.400573644374914
 0.835996074262325	 0.326404514603356	 0.441101639834323
 0.7896552422100567	 0.38335368371254386	 0.4790454588389288
 0.737521756242587	 0.438149440269671	 0.513893692372483
 0.6795607706689601	 0.4909521693035601	 0.5451267067608571
 0.6158354205316191	 0.5417021427397931	 0.5721062168599121
 0.5467353994802159	 0.5902355149600989	 0.5938875649775769
 0.472999047219311	 0.635995715787351	 0.609738756214298
 0.395366430838474	 0.678444625773352	 0.619191630374073
 0.31535040744538095	 0.7168256295777659	 0.6218642434683569
 0.23392413097388895	 0.7502516855956177	 0.6183865370535209
 0.15230513254708497	 0.7789090004855808	 0.6083616650992799
 0.07104513408119992	 0.8021720583910862	 0.5928512272568831
-0.009650439991573428	 0.8198146180900145	 0.5725476931871203
-0.0897149246730754	 0.8316748627875	 0.547967293639226
-0.135156121750885	 0.821422659035111	 0.55407367558561
-0.225089151930583	 0.795290100974884	 0.562892999578543
-0.26943947654822303	 0.7794206895241752	 0.5656021191783841
-0.346277549419421	 0.7735027368814	 0.53083460211733
-0.38017297181857385	 0.7820870221092526	 0.49376958325408776
-0.4059865771452407	 0.8128317905665075	 0.4177072891659147
-0.4301915538581379	 0.8359961945973908	 0.34065464859267997
-0.4957829070330802	 0.8265623465861334	 0.2664469859087411
-0.527056847226519	 0.818387730724725	 0.229025330456867
-0.5440632588984291	 0.8255822230145132	 0.14969690497547303
-0.6130885333048349	 0.7817477547638167	 0.11398639502965997
-0.6622076194608396	 0.7485438250021037	 0.03410587602199738
-0.6839009685483664	 0.7295455512823953	-0.0065386407358638925
-0.7377785993262203	 0.6735244941624532	-0.045249244628527016
-0.7680298847699712	 0.6275377079271831	-0.12777527628505503
-0.7797706722922862	 0.6027782865436712	-0.16916274975393303
-0.7965975051370446	 0.5496679866620178	-0.25158998240860087
-0.779108142628981	 0.529075170454817	-0.336258778468943
-0.755696488146197	 0.503862842344148	-0.418383859521828
-0.7811865146462468	 0.4316149924438359	-0.4510611129686939
-0.778192703361491	 0.396928167512418	-0.486686907847508
-0.767272538550759	 0.324699131962949	-0.553049116524366
-0.7596159218311813	 0.2871275980314491	-0.5835592461346623
-0.7400278585891151	 0.20845094654331905	-0.6394583421906411
-0.7493669538110169	 0.12342677619982197	-0.6505497670838999
-0.6843852973680283	 0.11876327547989006	-0.7193831031819994
-0.6369962375215448	 0.07028089349939298	-0.7676564266599499
-0.5860106495255252	 0.02133211917879951	-0.8100225054490854
-0.5311770976889627	-0.02768109815228728	-0.8468085070993404
-0.4726216272619459	-0.07640317761266488	-0.8779472375347838
-0.41050825262842605	-0.12442239647780402	-0.9033283133936832
-0.3451218365394499	-0.17116729302350694	-0.9228177911931708
-0.2751125586419219	-0.2148673292055789	-0.9370939712310375
-0.1986520510002439	-0.2457135819491029	-0.9487687801983885
-0.12609194151773703	-0.2705445310884911	-0.9544142072404392
-0.04841262567949379	-0.29962068727527497	-0.9528292929121718
 0.034400864564297716	-0.3216974560502562	-0.9462173784538215
 0.11854067993231097	-0.33212741294689296	-0.9357561053877178
 0.200769006977224	-0.337644874188666	-0.919612823296576
 0.28185255306360196	-0.3404754813947849	-0.8970148186627238
 0.36151575102686495	-0.3410103993443919	-0.8677662526847078
 0.42920472325278886	-0.38507834039484584	-0.8170054940428787
 0.514082840165007	-0.337108743789743	-0.788718281966623
 0.5545633059505	-0.3129792005857	-0.771040569421602
 0.6312860753041148	-0.26430715972439195	-0.7291224975582309
 0.6958415001756741	-0.26067478750476103	-0.6692183961851431
 0.755309439086021	-0.255612527079628	-0.603464901404818
 0.8089053243259664	-0.24902519277133484	-0.5325961224439236
 0.855530071789298	-0.241573008944376	-0.457941893272235
 0.8796279150313946	-0.2140633114336739	-0.4247724447225498
 0.921147323296419	-0.156250808872889	-0.356473412066609
 0.9385007808483963	-0.12602815361009104	-0.32145480062457005
 0.966234923910352	-0.0633849902276434	-0.249744699302704
 0.984245662663161	-0.0492163575306723	-0.169818213629069
 0.9954454380054578	-0.03521206783519179	-0.08859170521494748
 0.9997354625540872	-0.022293855778923004	-0.005655873608375691
 0.9968004838069512	-0.011797823702993104	 0.07905445489092401
 0.9927165614016425	 0.015235178383743792	 0.11950614234638494
 0.9779117883895218	 0.06682177606709809	 0.19804894438508394
 0.9671601337367756	 0.09225425975609346	 0.2368341767294529
 0.938771933375364	 0.140992666556092	 0.314369726729664
 0.9208237524743748	 0.15941322097919297	 0.35590875495841695
 0.8895733565370696	 0.2216250095492209	 0.39942658709915585
 0.8520123995055424	 0.28202166617978286	 0.4410653589820757
 0.8085256840739238	 0.34007080782864596	 0.4802479191579759
 0.759269858236664	 0.395941393167546	 0.516468484565921
 0.7041948172831479	 0.4499189424615039	 0.5492564105459999
 0.6432961231154349	 0.5019717637766848	 0.5780955339349849
 0.576768536018915	 0.551911164196228	 0.602272465495611
 0.5052087188066741	 0.5994088792184101	 0.6208648371069571
 0.42929249945454373	 0.6436961886074696	 0.6335322933239376
 0.350179192497222	 0.684373348679382	 0.639537061286805
 0.269161670593123	 0.720176238019117	 0.639451469054651
 0.1874076978049429	 0.7512216790087435	 0.6328857272768406
 0.10583916566484097	 0.7771365840768978	 0.6203682782836829
 0.024798007984959795	 0.7975781576543748	 0.6027056837566999
-0.0555492998150578	 0.812398724296874	 0.580450332113669
-0.14677986131646698	 0.7919192509176348	 0.5927221712893579
-0.19195394859294293	 0.7788572073544077	 0.5971056289901068
-0.28112864329973497	 0.7471324452099539	 0.6022954384943039
-0.35674540443512703	 0.7419997028622801	 0.5675994691388511
-0.42296248576741885	 0.7591354110837286	 0.49478900884334975
-0.4493191240676478	 0.7885057465985567	 0.4199654894489958
-0.473977089832079	 0.810597851414015	 0.343914003200358
-0.5067469247653877	 0.8055300622944167	 0.3071300587385999
-0.5690043774130311	 0.7887764696031923	 0.23252032058539204
-0.585890743410744	 0.795821241084877	 0.152972510679965
-0.6520721951110529	 0.7491498976508069	 0.11651730864055697
-0.6764061962265877	 0.7325294983893047	 0.07664979905904917
-0.7193660493464041	 0.6946179014416671	-0.004296282639828031
-0.7701751498624553	 0.6364123453026701	-0.04253898542160871
-0.7852056418217225	 0.6135761803264207	-0.08352467292588675
-0.8086137474827778	 0.5645116361224459	-0.16574202865965498
-0.816992278364394	 0.538296632598783	-0.206785764562669
-0.802008143082955	 0.520923720348167	-0.292269423661209
-0.781691044054118	 0.497825100671687	-0.375671772677703
-0.807439895356093	 0.425333308128307	-0.408818287731814
-0.8019522002649347	 0.35578578882983497	-0.4798845079359849
-0.7966914324050375	 0.31972900020210476	-0.5128899764688056
-0.7818841817550013	 0.24501787068162612	-0.5732568092643592
-0.7718949023982147	 0.2069160515919639	-0.6011355980519226
-0.7799717513552787	 0.12445626199577098	-0.6133145244797479
-0.7386366490454636	 0.07873403297497095	-0.6694899945020726
-0.706157239023893	 0.0760569686411504	-0.703958302241881
-0.659424100346984	 0.027556282858456	-0.751265936374461
-0.608544398226245	-0.0213406941208212	-0.793232809559652
-0.553698781044932	-0.0702431560341732	-0.829749093943293
-0.4950547535848369	-0.11878251906930798	-0.8607040746485438
-0.432711009178626	-0.166595860842814	-0.886006208604464
-0.36613588723902996	-0.21320841205901095	-0.9058072008451707
-0.2939053130595049	-0.2566785872014689	-0.9207256756643926
-0.21672669866051097	-0.29072150370234795	-0.9319391317960428
-0.139902160550149	-0.318644809295231	-0.937492864496902
-0.061691761791486686	-0.34428422066500197	-0.9368364328569608
 0.021564765929617497	-0.36564934709069197	-0.9305028295725658
 0.10640365329726598	-0.37732758300275887	-0.9199468232839828
 0.18979125850995807	-0.3836828325803291	-0.9037514935956352
 0.2713609447959609	-0.3865285759302408	-0.8814527200189376
 0.3512978258016388	-0.3868203422675338	-0.8526194112234776
 0.38501789295235217	-0.4086399364148042	-0.8275111023263894
 0.461761608871962	-0.406007764210804	-0.788627866596484
 0.5042781568870921	-0.3822184096927051	-0.7743465811757272
 0.5852277438516592	-0.3343176907051931	-0.7387422889667572
 0.623596403508249	-0.310039363571917	-0.71763717752601
 0.6880261680821789	-0.30607517249558197	-0.6579802282864989
 0.7473569900122521	-0.3007094213562301	-0.5924790067060841
 0.800795894708145	-0.294164956888145	-0.521721106682083
 0.8471344720925272	-0.2874198256369401	-0.4469373893772441
 0.8947440586201072	-0.23290075876405605	-0.3810384575487691
 0.9152907034706715	-0.20422949370604593	-0.3471789769567498
 0.9497185530612455	-0.14426398429424694	-0.2778894974748119
 0.9635363478105933	-0.11311813262775502	-0.24249122565287407
 0.9816176699489975	-0.09940956891965855	-0.1629247913950141
 0.992924566338157	-0.0852638935657221	-0.0826491017264943
 0.9974366053788796	-0.07155329094272637	-5.872014330238168E-4
 0.9946581770733002	-0.059692261513927515	 0.08421368473456312
 0.9862116090991332	-0.008539230664100422	 0.16526870126483104
 0.9787830351327875	 0.01805209501167669	 0.20410265064897593
 0.957520151225866	 0.0668555091573825	 0.280509359722099
 0.944317785141783	 0.0916275274552282	 0.316019488129069
 0.910936151123732	 0.126504368968736	 0.392672857742553
 0.878714513425455	 0.190453297909728	 0.437708059339526
 0.8407812109671712	 0.25089707564119307	 0.4797266020550401
 0.7972687762715995	 0.3087087657232742	 0.5187112841918894
 0.7480314632557403	 0.3647479029088952	 0.5544437728958992
 0.6929745544453111	 0.4191536096499881	 0.5865974074343561
 0.6321004996805029	 0.4717532774552849	 0.6147339290407319
 0.5655964691126529	 0.5222413602101899	 0.6382512011842287
 0.4940010271337999	 0.5701741291489609	 0.6564026566368959
 0.4180197289588732	 0.6148300601364682	 0.6687626659389243
 0.338719791538567	 0.655564259697597	 0.674910663886126
 0.25743745006514307	 0.6912398153386461	 0.6752136528496381
 0.17549015530935008	 0.7219990242234773	 0.6692687161446044
 0.09379216708096032	 0.7476355719230072	 0.6574527214862033
 0.012730720899039805	 0.7679163067157193	 0.6404236680709733
-0.0675026257330642	 0.782725008794788	 0.618696174326576
-0.113388453410589	 0.77245897070437	 0.624860142121019
-0.20425575513713407	 0.7462634296283092	 0.6335380652279331
-0.249151166062348	 0.730369866305457	 0.635990215996065
-0.325133164458357	 0.728484107723288	 0.602991981840472
-0.3998603195874242	 0.7200725999239833	 0.5671042017638013
-0.4318222618166176	 0.7284986934290154	 0.5318074725610745
-0.457357311593041	 0.761902089771752	 0.458616937251366
-0.48335353859478725	 0.7868477333513714	 0.38371864855347715
-0.5485938395829859	 0.7762539672563188	 0.31060356966786995
-0.5795760168052333	 0.7676629358395165	 0.27346893366968517
-0.598231322507614	 0.777358291147652	 0.194508025425157
-0.6642069391462471	 0.7305543538067351	 0.15849125567045502
-0.7123954178227123	 0.6973089578528774	 0.07907582413947574
-0.733691774248916	 0.678372848525574	 0.0388157027860681
-0.7846996208644761	 0.6198749758561811	 0.0012326079856267204
-0.8145302836812749	 0.5745651238716248	-0.08009578888110637
-0.826182754251389	 0.550271951903052	-0.120924916896371
-0.8429059963974131	 0.49848663933320814	-0.20253530962172503
-0.82769760811565	 0.481639292331643	-0.287993509652399
-0.8074797779686678	 0.45854616008578286	-0.37109544222781093
-0.830771885399262	 0.384016242290948	-0.402926296097556
-0.828212649435415	 0.349077454711368	-0.438416169783236
-0.8183730129205767	 0.27661657163706593	-0.5037349342849409
-0.8113881814846218	 0.23923922175706994	-0.5333046162561789
-0.7917481955365582	 0.16461879243708302	-0.5882477777613451
-0.8001581303574478	 0.08275769750279219	-0.5940522956162279
-0.7908438468931822	 0.04140185330587481	-0.6106159974763451
-0.7596088102553876	 0.037065444976059785	-0.6493231923865966
-0.6941175413009504	 0.030634240115511913	-0.7192095537399853
-0.645282001071811	-0.0181395319969665	-0.763729072689845
-0.592356488444708	-0.0670799960992724	-0.802878611448067
-0.535517678402073	-0.115797680498047	-0.836547496147186
-0.4748536980532729	-0.16392314757331397	-0.8646636150173018
-0.4099237549957718	-0.21111110906112993	-0.8873525876004116
-0.33986505312915877	-0.2564277849071208	-0.9048406140250015
-0.264323132417834	-0.295937478405405	-0.917907561001583
-0.18638597827907097	-0.32752304655239295	-0.9262769138211278
-0.10789987403290599	-0.3541388023078509	-0.9289474290204178
-0.0270173347744855	-0.378107520390995	-0.925367368478842
 0.057535280231246	-0.39416647463206	-0.917236328219094
 0.14197194685220396	-0.40329466095530897	-0.9039897027908768
 0.22483146617215094	-0.40804147936129187	-0.8848462933976328
 0.305860251160414	-0.40955938019548	-0.859482763558399
 0.3730250910047422	-0.4528193569478852	-0.8098190609353473
 0.4055570103354538	-0.4731218196970088	-0.7820992616633516
 0.4500725637363729	-0.44990457267544387	-0.7713757598327129
 0.5349511495011637	-0.4030252850626148	-0.7425617060201677
 0.5753187151735911	-0.3792866310696411	-0.7246723586993301
 0.651929672778493	-0.330806019246993	-0.682315967408711
 0.7137884444104917	-0.32600292252599183	-0.6198613967094277
 0.7702219108420136	-0.3198331237686948	-0.5517834548074417
 0.820107571343452	-0.313348879500659	-0.478786018113339
 0.8624778786062207	-0.3066439555386689	-0.40261817326905686
 0.885986984839128	-0.279661782567341	-0.369886942276864
 0.9266341509144423	-0.22285106020232384	-0.3027978786678838
 0.9437159654090642	-0.19310898294185103	-0.26853137123844906
 0.9712389886387508	-0.13127866395299898	-0.19864727367545795
 0.985917890725939	-0.11749832452772	-0.118996035562929
 0.9939052164715746	-0.10323118249482496	-0.03867484494232128
 0.9950129594892706	-0.08950021541192967	 0.044033190772658576
 0.9882791569469804	-0.07915127892380965	 0.13053498760443905
 0.9835718364913523	-0.05693486998321241	 0.17130342390338604
 0.9678243166009035	-0.001975907923457159	 0.2516191327857889
 0.9413970153693217	 0.050607655264871994	 0.3334824203497469
 0.9228714500609028	 0.07450766476716089	 0.3778318336951389
 0.8898904591286578	 0.14296750578627598	 0.4331919471100979
 0.8542721091219483	 0.20506383746192308	 0.4776693271937482
 0.8135158207466182	 0.26379088068475703	 0.5182724965329691
 0.7671796957217292	 0.32072262079899605	 0.5554928577219861
 0.7150810620694529	 0.3761537447657229	 0.5892091606283348
 0.657159825982315	 0.429957781694862	 0.619093909738197
 0.59348803136046	 0.481834715550045	 0.64467609194284
 0.5243921646072859	 0.5313711205962999	 0.6653251760565789
 0.4505286949973279	 0.5779421651770469	 0.6804459924890969
 0.3726955545325522	 0.6208782512686565	 0.6896435461405035
 0.29214203065408595	 0.6591021140461599	 0.6929916573705559
 0.2102658038103441	 0.6921330578855552	 0.6904637006606362
 0.12830410713468995	 0.7201781156648468	 0.6818222186243278
 0.046874480199576296	 0.7429880079788809	 0.6676612937003269
-0.0337368307252702	 0.760451948312243	 0.648517278536762
-0.126052951792586	 0.739805505715613	 0.660907305949361
-0.17174215918696095	 0.7266445324467028	 0.6652009878398508
-0.262010728817047	 0.694861566976951	 0.669714700990725
-0.3382211490559349	 0.6931939334955659	 0.6364657295536249
-0.4135201913568771	 0.6851317135263261	 0.5996628940168401
-0.473228776986747	 0.700667167897747	 0.533966332704393
-0.498580049925089	 0.733506331630862	 0.461937653016218
-0.524959832323478	 0.757924835650637	 0.38725588175115
-0.5573815939791277	 0.7524790363947215	 0.35085760427808677
-0.6188979198620029	 0.7350788285375179	 0.27681127257826094
-0.637519802668562	 0.744704189586145	 0.197444096438159
-0.7005269310765249	 0.6951972599796049	 0.16112972585266697
-0.7244218470341444	 0.6785487537794244	 0.12159184299955705
-0.7666085999859522	 0.6407649581714571	 0.041611570591716905
-0.8144720788206978	 0.5801841307098249	 0.004648364656088679
-0.8292787098590516	 0.5576940420746254	-0.03569561330153802
-0.8524510222075378	 0.5096100670855399	-0.11672546535523197
-0.860775205309119	 0.484072470705967	-0.15728918916971
-0.8481125470803688	 0.4707520236201779	-0.24310006117308294
-0.830610451145268	 0.450378675954833	-0.327483322771444
-0.8537616858845765	 0.3760635640576957	-0.3600932927780648
-0.849098577693375	 0.305400412530845	-0.431001384435221
-0.8445813679334948	 0.26835826761524595	-0.4633207885926669
-0.8312502882624138	 0.19355510766825995	-0.5211135946789169
-0.8218210003679882	 0.15688872452471003	-0.5477190625413441
-0.8487881195800067	 0.06125205263241637	-0.5251732229542477
-0.810463345391902	 0.00899453777868258	-0.585720295078047
-0.747700908686376	-0.00743355695016838	-0.663994046193666
-0.7148223852636895	-0.011372605209692407	-0.6992135735071754
-0.6658290227357451	-0.060381987234666715	-0.7436569962693521
-0.612711807989072	-0.109427065212072	-0.782694038401875
-0.555711305300078	-0.15803944288661	-0.816215951604582
-0.494350651457578	-0.205917811551855	-0.844520744735831
-0.4281443040564514	-0.2527216404894832	-0.8676544400464518
-0.356923056796	-0.297511103264369	-0.885490302014549
-0.28081449802359393	-0.33727204725331394	-0.8985492662293568
-0.20186955423794106	-0.37026014424228704	-0.9067282441048452
-0.1215792471575	-0.397918520318381	-0.909329059168487
-0.03971926642110341	-0.4210773724132871	-0.9061546370882242
 0.04439971618047131	-0.43714535915777814	-0.8982942725910652
 0.128714702044635	-0.446892591652825	-0.885279355346877
 0.21193059728767805	-0.45216333005474013	-0.8663912193040142
 0.293484661383147	-0.453886868433287	-0.841340278482282
 0.32698516507053604	-0.47535823251813614	-0.8167712363942722
 0.392024779258901	-0.515472881952421	-0.761973936836868
 0.4810571996758019	-0.4698304481877119	-0.7401643875490158
 0.5232450068457611	-0.4469253277663691	-0.7255841882317331
 0.6035412259663487	-0.39980677669832876	-0.6898496429404958
 0.641750935423007	-0.375572373246293	-0.668656211619875
 0.7033454965425388	-0.3704594118001849	-0.6066835556548328
 0.759571657209706	-0.364030068779321	-0.539011137721869
 0.8091526379871662	-0.3578630595675821	-0.4660536868595071
 0.8509889365825478	-0.35203035829424295	-0.3897338279561209
 0.8974019183833202	-0.2986440247314441	-0.32477922250991004
 0.9175106420645046	-0.2705073616157479	-0.2915475758946859
 0.9513975188744904	-0.21156603476843008	-0.22379136268370012
 0.9651129657277674	-0.1808760399672961	-0.1893167228479901
 0.9797051025221952	-0.16763944857995303	-0.10988597440885903
 0.9876976700882132	-0.15340015376101002	-0.030359600267685607
 0.9891436561019108	-0.13823227986084297	 0.049866465663995586
 0.9829089913962122	-0.12529111387550404	 0.13487791300400703
 0.9737429311380864	-0.07770110999450973	 0.2139795353865161
 0.955622673942508	-0.026048002542277	 0.293439613226518
 0.9425095765105888	 0.0011116792536064598	 0.33417729180042693
 0.9085351689456083	 0.048807108912427316	 0.41494784360035614
 0.8773549168191848	 0.11147582357426997	 0.4667134995815309
 0.8409105615992658	 0.17163782734053698	 0.5132347256535039
 0.799979477845056	 0.230091348595956	 0.55415774498607
 0.7536932023855865	 0.28726633013798986	 0.5911214868762686
 0.7017359030824347	 0.34315916142077585	 0.6243464681233247
 0.6440021745543443	 0.3975268339167242	 0.6536311004576062
 0.5805350381326448	 0.4499957616344439	 0.6785888917535899
 0.511613457883303	 0.500044369234553	 0.69871832558586
 0.4378615561048731	 0.5469938250272851	 0.7134949285506091
 0.360052645410995	 0.590142587524774	 0.722560598788855
 0.27932451608607306	 0.6281890433923423	 0.7261930462866573
 0.19727571602758798	 0.6608273215959978	 0.7241474593603587
 0.11519451601151305	 0.6883819315252733	 0.7161428208328332
 0.03375279039300221	 0.7107560730760363	 0.7026283183349632
-0.0467055510316645	 0.727917750590072	 0.684071882099183
-0.09317101186792479	 0.7174937779898399	 0.6903056142705009
-0.18502495128169902	 0.6909799107043141	 0.6987936250469541
-0.23034533240687294	 0.6750373910970757	 0.7009033802595198
-0.306769549870557	 0.676465142277595	 0.669542645807994
-0.3834400290391061	 0.6721904988587861	 0.6333511485538381
-0.4670522062270439	 0.6618409943148368	 0.5863691114842249
-0.5042023233394329	 0.7031795689530839	 0.5013167770442889
-0.5319789430277441	 0.7312484534811361	 0.4269357134938831
-0.5963892840446919	 0.7201252045613918	 0.35459767572852696
-0.626961202150956	 0.711340736528555	 0.317669651607517
-0.6476499659501793	 0.7235409966977854	 0.2388261872205541
-0.7102911945239083	 0.6739851615205773	 0.20305275430754707
-0.757688789100752	 0.640642357611805	 0.124439015202728
-0.778617615540665	 0.621749707288415	 0.0847461518686217
-0.8265183282370688	 0.5608247881762158	 0.048404649108363486
-0.8558915198421827	 0.5161887676486858	-0.031604784694247386
-0.867408869148916	 0.492387445791648	-0.0718084740721854
-0.8839852383755125	 0.4419933232008582	-0.15235485085828507
-0.8710626751514888	 0.4295951229876409	-0.23811309553060195
-0.8537056723031792	 0.4090610521540131	-0.32226647465727604
-0.874066832662778	 0.332891856393089	-0.353822249139342
-0.8719286888933332	 0.29681531185402604	-0.3894111350921421
-0.8631324308418223	 0.2209413074493021	-0.45407856753174325
-0.8562977344437677	 0.18332078708185792	-0.4828536828172268
-0.8345271837787723	 0.10311512740075804	-0.5412316048009362
-0.8369836105824224	 0.01549946802323729	-0.5470084113680597
-0.798210571641206	-0.0374814883303927	-0.601211295097454
-0.7667419465106458	-0.04654192275580139	-0.6402660672620869
-0.7006411097758994	-0.056648181020932435	-0.7112615685379154
-0.6493759437807086	-0.10594810473077795	-0.7530510492276536
-0.5943288042264742	-0.15481725463557203	-0.7891798845217952
-0.5349058041800003	-0.20296783524721615	-0.8201706154877816
-0.47064893422012877	-0.2501585488500099	-0.8461148155863447
-0.4014175809286748	-0.2958731673804968	-0.8667888984900555
-0.327301856301581	-0.338548394256292	-0.882189593912797
-0.24913666292302905	-0.3749930514859211	-0.8929228043480882
-0.169004874567619	-0.405712704905742	-0.89823969710231
-0.0875332418584574	-0.431308087304305	-0.897948364548681
-0.0042641997857108095	-0.4511791693585639	-0.8924232032713538
 0.08001569436040855	-0.46395683275518823	-0.8822366723254005
 0.163733010225788	-0.471530847969707	-0.86651610531794
 0.246222181804984	-0.475085644271087	-0.844788889483473
 0.3131698696214028	-0.5178762588703418	-0.7960708594464266
 0.345720688874511	-0.53774283456425	-0.768966741256694
 0.4233859975933381	-0.5343178706024622	-0.7316069369523122
 0.4678154185200863	-0.5120148251005603	-0.7204092955203446
 0.551538844902587	-0.467253913866137	-0.690998323109613
 0.5913332057428848	-0.4438222915038889	-0.6733103395538199
 0.6673917027549907	-0.39530966702483983	-0.6311248547240906
 0.7262397294316633	-0.38931612440661206	-0.5665763943829991
 0.779264005531067	-0.382600594407018	-0.496351080227568
 0.8247121668615007	-0.3772668136315749	-0.4213307408235089
 0.862411007656507	-0.371338939359353	-0.344027100659758
 0.8853240070151902	-0.3449369498287141	-0.3118010635732831
 0.9251103182434802	-0.2892381234787211	-0.24599229054170604
 0.941928866725306	-0.260032284718609	-0.212492872665417
 0.9692609892111652	-0.19916710349666106	-0.14444929794964004
 0.9804575991286882	-0.18566098405748702	-0.06506070480416082
 0.985184880872649	-0.170897661576485	 0.0143087304689709
 0.9834016289427275	-0.15500818325094795	 0.09430641186065165
 0.967963004446706	-0.127040795351397	 0.216583144170988
 0.9657083683826372	-0.05031898792437622	 0.25470639310785104
 0.941806431769646	-0.0474326133991181	 0.332792416174794
 0.9127743851527604	 8.030636632709473E-4	 0.40846331156880317
 0.8859787433280818	 0.06569127068235209	 0.4590493691608029
 0.8525212668503357	 0.12475965162003294	 0.5075849868697327
 0.8138230110692187	 0.18363404436691896	 0.5513353284559939
 0.770231320029063	 0.241512324148027	 0.59026732158481
 0.7211957183920482	 0.29828346157572605	 0.6252229301004403
 0.6664722402946839	 0.35372628071819295	 0.6562716444018128
 0.605997636437914	 0.407498519540166	 0.683163100001921
 0.5398876561850411	 0.45912230457355013	 0.7054984253292811
 0.468569721349467	 0.507920320354525	 0.722813505965017
 0.39276214247450825	 0.5532339379969872	 0.7346224263437512
 0.3132972373307101	 0.5940054957663431	 0.7409469023353331
 0.23162508521150704	 0.6290807400784211	 0.7420291384865881
 0.14938023508584997	 0.6589073359048339	 0.7372426113949809
 0.0675327166050492	 0.683591998784197	 0.726733315175635
-0.013403199721428692	 0.7031170461104925	 0.7109477995648366
-0.10693484337669201	 0.6819838524652913	 0.7235074044186433
-0.15312606581944593	 0.6685567651294416	 0.7277254013474557
-0.24426068523960812	 0.6365344858238793	 0.7315466943423413
-0.3202456176922959	 0.6387926426091699	 0.6995617943379079
-0.397585603437383	 0.637154091790156	 0.660272936939258
-0.474531502294125	 0.627551081882405	 0.617251563755576
-0.5352910595070048	 0.6723715303554239	 0.5112533684772879
-0.5697353464350399	 0.6996633934364199	 0.4311296451272849
-0.6020211714290978	 0.6938448358267929	 0.3951580101018169
-0.6629651396222964	 0.6762669597157924	 0.3211545155253902
-0.6840379672006663	 0.6882026068395624	 0.24180411776314112
-0.7436373969241603	 0.6360744220928514	 0.20594356376227008
-0.7672125772808737	 0.6193025791323128	 0.16688072609533192
-0.80873296922868	 0.581536882258838	 0.0881239981800256
-0.853417213825533	 0.518595146912826	 0.0523271702342943
-0.8679931725326647	 0.4964149840552199	 0.012649744745870797
-0.8908653886191068	 0.4492863747545089	-0.06708660686365958
-0.8991129434742604	 0.4244244895544767	-0.10705030379907193
-0.889047935392113	 0.415338764754132	-0.192581097378567
-0.8734667349606193	 0.39971162266679716	-0.2780044633136511
-0.894323796327525	 0.322287372356316	-0.310347864406999
-0.889752725027773	 0.251402364372503	-0.38096842322372
-0.8850388612406954	 0.21423134516307607	-0.41329304959482716
-0.8713881937367973	 0.13934228899109105	-0.47038956441958324
-0.8609317675513863	 0.09675068980927894	-0.4994354769560072
-0.8547098614934784	-0.02161321738810611	-0.5186558796542592
-0.810606843767441	-0.0777409547640711	-0.580407519584092
-0.7512933866387118	-0.09223607626920578	-0.6534912037873168
-0.718698741503254	-0.0977299862086956	-0.688419180991703
-0.6676994420466767	-0.14754155318783996	-0.7296635835599008
-0.6124120337400356	-0.19634848933553586	-0.7657667867347384
-0.552274646407216	-0.244181279573004	-0.797099879338766
-0.487100243439378	-0.290881520717905	-0.823481204245815
-0.4169769756337851	-0.33603213401506804	-0.8445191570950782
-0.34218470564266623	-0.3783493305348063	-0.8600938386641925
-0.26358593973323	-0.415283925594825	-0.870667395460231
-0.18281939898983807	-0.44665606293398613	-0.8758284242917133
-0.100631743253836	-0.472630338769911	-0.875496325020233
-0.01711790558281809	-0.4925968195771678	-0.8700892774025647
 0.06689630467451053	-0.5058674240025892	-0.8600133916131073
 0.150181044952013	-0.513829771559171	-0.844644670613964
 0.232354218996099	-0.517570547096854	-0.823487854004281
 0.26585119731092405	-0.5389717822830441	-0.7992700161966461
 0.33095528404808794	-0.5784955990484179	-0.7455276264782289
 0.362473556012652	-0.596620412022384	-0.716000701919896
 0.408689593235496	-0.5746665643834	-0.709035370176118
 0.4966392475954069	-0.5318230854642959	-0.6859399853595828
 0.538047782010346	-0.510100768807658	-0.671045296485702
 0.6167360495865212	-0.46350831772777623	-0.6362363433014333
 0.6545757822242613	-0.4391382591401431	-0.6153764170691471
 0.712995456654052	-0.432774592949736	-0.55167348176967
 0.765794241556318	-0.425747135767348	-0.481973605070945
 0.8106199225251872	-0.4211447616388551	-0.4068567695755001
 0.8474919612512192	-0.4161548648590871	-0.32950342042030006
 0.892756494190632	-0.363936256854772	-0.265586601746002
 0.9124578711211978	-0.33635705287397794	-0.23299048566605393
 0.9458560507247198	-0.27849014332720196	-0.16673203464550798
 0.9594904713831388	-0.24829795115044195	-0.13313963639523296
 0.970456928381768	-0.235209908526864	-0.053755456342667
 0.9750524349053538	-0.22049629713515195	 0.025576007014932494
 0.9735169193833645	-0.20273691870087512	 0.10565296716135805
 0.9696754851087193	-0.16125032971116302	 0.18365125849612704
 0.944077669480878	-0.130584035510955	 0.302762553261178
 0.9359023339826887	-0.09819619926331137	 0.33829621294953294
 0.897553657409219	-0.02700546438428	 0.44007742155753
 0.869720846244957	 0.0312790169925078	 0.492551796974631
 0.8367010123973246	 0.08946966075917576	 0.5403023187595348
 0.7982645216460748	 0.14787775021274396	 0.5838714965411319
 0.754589114148171	 0.205967838500032	 0.623034925435728
 0.7056890905870995	 0.26318954424892915	 0.6578253348909524
 0.6512583534823588	 0.31918179353896786	 0.6884660773725128
 0.591150584686458	 0.373553755432996	 0.714841645419994
 0.5254087927600717	 0.4257506091580367	 0.7366695455168245
 0.454397431079792	 0.474956154006059	 0.75361769246738
 0.37883985764982	 0.520576278988948	 0.765167105938229
 0.29939843651877385	 0.5613360341690237	 0.7715325222915145
 0.21758860828336907	 0.5959390223788501	 0.7729889256331213
 0.13524570361234803	 0.6251176232571191	 0.7687239795581842
 0.053373120006865414	 0.6491248312686931	 0.7588071319453472
-0.0274574770918854	 0.668044895538328	 0.743614217519362
-0.07454323830791572	 0.6572864116221641	 0.7499452504812791
-0.167443061106735	 0.630058349455735	 0.75828048739785
-0.2132635674717	 0.613884730105873	 0.760042228387399
-0.289396190715476	 0.618443009577082	 0.73060118307091
-0.365137230793604	 0.619551928867374	 0.69485984926825
-0.4399203872560261	 0.6160191438464722	 0.6534450759560191
-0.508309043814273	 0.631551440726613	 0.585461094943771
-0.5371134913446819	 0.6413063322117949	 0.5479373008662409
-0.5710131071932459	 0.6714649615985538	 0.4723122238085389
-0.6369188184202698	 0.6592623309537697	 0.39963433001624077
-0.667571343377484	 0.650454915155952	 0.36229394812865
-0.6914198761487722	 0.6646176404987832	 0.28323479094957005
-0.7505685994506276	 0.6125888410946454	 0.24775328309639616
-0.7975016368390411	 0.5788237006671721	 0.17015952158198505
-0.8181337677183286	 0.5598834694002853	 0.13110163542577108
-0.862750349355781	 0.496491555513899	 0.0956972830850847
-0.8916704771035188	 0.45236615536234687	 0.016988871200659696
-0.9030255564227262	 0.4289942335429551	-0.022556418916089706
-0.9194185217635205	 0.37988087003740717	-0.10178460796115404
-0.909173335673399	 0.372104155439671	-0.186928711558803
-0.893371806165653	 0.357338665618448	-0.272389232537459
-0.911947522129303	 0.276407357769312	-0.303233720837924
-0.9089636239760228	 0.24391675209974994	-0.33806766827587187
-0.9016983049918128	 0.16850727383223096	-0.3981776807413009
-0.896084222865437	 0.124878664677551	-0.425955848228426
-0.8788937863276012	 0.05160169041001191	-0.4742182808597351
-0.880867031596242	-7.96804328657233E-4	-0.473363114056944
-0.8368112123449722	-0.07038247743200061	-0.5429487100677851
-0.797042311459386	-0.12483485866766	-0.590880539368919
-0.7673191199455422	-0.13160988971089801	-0.6276146947740181
-0.7023692646903237	-0.14320115294412594	-0.6972595254378726
-0.6492546597050973	-0.19255697241907307	-0.7357922255800333
-0.591289086430308	-0.240768804284626	-0.769680192776041
-0.5282458655093348	-0.2878434235828389	-0.7988131628061746
-0.46017052008349213	-0.33357300179265903	-0.8227831700521853
-0.3873153770286762	-0.37731470724771615	-0.8412017655780953
-0.310201760043274	-0.417169656358106	-0.854250751173281
-0.230176952422871	-0.451506099489842	-0.862067754121907
-0.148414527552291	-0.480399419635077	-0.86440125267477
-0.06539281894479411	-0.5036931631042781	-0.8614040728209152
 0.018520778171245807	-0.5204114772644922	-0.8537147504332583
 0.102103754448885	-0.531136323912618	-0.841111781363234
 0.18459270900914893	-0.5370350693916328	-0.8231153418714706
 0.2517825331401749	-0.5800391485748537	-0.7747000336427486
 0.284451588328935	-0.599817452527601	-0.747867847644519
 0.3477608015622629	-0.6358207327172217	-0.6890532785958627
 0.4386984303621491	-0.5925150877225182	-0.6756253088946292
 0.4817908961826111	-0.5725909710529061	-0.6633378567700221
 0.5635383577352889	-0.5300790113890969	-0.6335935298326297
 0.6021928486051179	-0.5068332755147829	-0.6168336922702989
 0.67721502362511	-0.45777862650809	-0.576036926671206
 0.7328299218810369	-0.4505085363192049	-0.5099042697402729
 0.7816786672193482	-0.4447185872623161	-0.4372686123626911
 0.8219704299456226	-0.4407232299943128	-0.36073209843093884
 0.8545920563721486	-0.43547844746840686	-0.2828974000872549
 0.876996633693131	-0.409621413810131	-0.251171658112745
 0.9160800246057814	-0.3549646140958392	-0.18654091041394408
 0.9326955567955578	-0.3262620323014949	-0.15372730600749798
 0.9599166515928466	-0.2663403508173629	-0.08730887424117775
 0.9675633901874374	-0.2525074070145861	-0.007816352842788853
 0.9690866057834102	-0.23587931909059107	 0.07233323797915012
 0.9651389732413602	-0.21092752775476506	 0.15497206317874201
 0.954967092890421	-0.141760042368405	 0.260656751081045
 0.943762468193921	-0.182994262366968	 0.275364310631003
 0.925469237688199	-0.0705529430111643	 0.372194804269602
 0.908325078612272	-0.0611712227762326	 0.413767607562591
 0.876068994193744	-0.0160027669369485	 0.481920147807418
 0.8453774418798188	 0.04204723840914879	 0.5325119815580659
 0.809700190504895	 0.100399251553724	 0.57819165661897
 0.768712522360883	 0.158758165613399	 0.619578003819243
 0.7224986546406628	 0.2166343458941989	 0.6565555987282607
 0.6709880728013078	 0.27353078073968795	 0.6891704565245987
 0.613929293136133	 0.329051660405137	 0.717506674403793
 0.5512169593135727	 0.38271774785493284	 0.7414087868658876
 0.482980332063047	 0.433769657498913	 0.76064044270177
 0.4097977545357769	 0.48140383710587786	 0.7748007137304228
 0.332325141667988	 0.524977037483361	 0.783555429009681
 0.2513939809894149	 0.5624467614024038	 0.7876894736571267
 0.16910653269363998	 0.5939251009925729	 0.7865468549370068
 0.08689695752425951	 0.6201205081031181	 0.7796790841127892
 0.00552920551461322	 0.641190622234473	 0.767361722947494
-0.08916212708822412	 0.6192441990905331	 0.7801196940122892
-0.13583753684653296	 0.6053849353842049	 0.7842558534007438
-0.22801954063580607	 0.5728460553381071	 0.7873083804785812
-0.3040397700791851	 0.5777763579212202	 0.7574525057305483
-0.3781287090532178	 0.5793493680786448	 0.7220616241683406
-0.450449903555526	 0.577290128350525	 0.681051387265199
-0.517345129651735	 0.592321644820219	 0.617664217761641
-0.5736735590652448	 0.6110762469856248	 0.5454213673843178
-0.606538058253559	 0.63712928427929	 0.475581600783464
-0.6389356172349521	 0.6309389417018201	 0.4400878649460561
-0.7001918089655331	 0.6132328226829411	 0.36561856605195403
-0.7244950365141559	 0.6269712259218538	 0.2863809070667939
-0.780810812073631	 0.572235369504152	 0.250761156556122
-0.8042207496762832	 0.5551277718626421	 0.21227845556470307
-0.845232599492896	 0.517123990883106	 0.134776224934559
-0.8866124721869678	 0.4516810916126909	 0.09951138448479999
-0.9009691125571162	 0.4296566168626351	 0.060413986825876814
-0.923498757782797	 0.383174481141364	-0.0180931306212499
-0.9316366260248644	 0.35883331085353315	-0.05737466401556383
-0.9244223778838114	 0.3541989545089362	-0.14137315124314206
-0.911056578309924	 0.344323042309899	-0.226754390591823
-0.9268387804804178	 0.27090123366050994	-0.25996614510121496
-0.9228510067118397	 0.19837839603134794	-0.33013941206552994
-0.9248255650891005	 0.15498613309993894	-0.34738591322095086
-0.9168386576883265	 0.08371212856136837	-0.3903833440350558
-0.900628664345932	 0.0679348632234563	-0.429246855920079
-0.88143483926869	-0.045731476522936	-0.470086434795146
-0.8509753883013992	-0.11039080901716902	-0.5134732298667751
-0.8115608020660973	-0.16343857250752902	-0.5609428647968832
-0.751510502505425	-0.177249339922771	-0.63546411080484
-0.718882448527954	-0.183242698437253	-0.670544658220381
-0.665457864207627	-0.232747908765526	-0.709220869637589
-0.6068893188683903	-0.2807427019527361	-0.7435515381893434
-0.543142319956775	-0.327381558220872	-0.773186740450744
-0.4743676248978561	-0.3725669746534431	-0.7976021601314452
-0.400911478045086	-0.415809439557611	-0.816316419500729
-0.323417562655627	-0.455593446597628	-0.829358602525583
-0.24309610942756996	-0.49030135737041086	-0.8369640736267667
-0.16102598592072498	-0.5196134943954209	-0.8390902503905278
-0.07781019247199313	-0.5432039920076412	-0.8359874383113863
 0.0059603924665957	-0.560408669537762	-0.828194781937534
 0.08921904811196908	-0.5717087306928649	-0.8155912509974268
 0.1712809048182659	-0.5780458651834898	-0.7978256885992747
 0.205131276479282	-0.599727814489034	-0.773464742530768
 0.27118008325483595	-0.6395161565861369	-0.7193611387274099
 0.303435211666429	-0.657563268567389	-0.689592357956439
 0.3784723765787148	-0.6520257242914088	-0.6569787782182338
 0.4229538923068231	-0.6305994997810641	-0.6507336443264481
 0.50727321931955	-0.592725187846924	-0.625580316708421
 0.5475265516473237	-0.5717201115561127	-0.6110243769960876
 0.6241834590799902	-0.5257686638662162	-0.5778947322023902
 0.661419678848465	-0.500802630988984	-0.55831956192355
 0.716571901950755	-0.492736891955315	-0.493695315595453
 0.7650559023801135	-0.4869417492953437	-0.4213990970879517
 0.8042028361435237	-0.48402440729372187	-0.34493212590692995
 0.8355384504687756	-0.4798230743009258	-0.26766642515759387
 0.8801347359461877	-0.42844388414927187	-0.20444726634518695
 0.89961109460785	-0.401270212381616	-0.172284924220544
 0.9327673362878768	-0.34420331678207394	-0.10709422519743297
 0.9463876485185514	-0.31440533635282214	-0.07415998384840652
 0.953928787743121	-0.299971638140526	 0.00607323852892905
 0.9556812826738468	-0.28099329094746994	 0.08784108599841868
 0.9519946086530492	-0.2550237565228681	 0.16931966425815004
 0.9439006789073893	-0.22136728284864504	 0.24504700455704007
 0.9308759482735278	-0.17930814360340697	 0.31830576269266697
 0.9094204290948974	-0.15186237417540505	 0.38715927272204415
 0.8924127830296593	-0.10103305983744604	 0.4397632834891302
 0.860052038614842	-0.0536130237070048	 0.50738164586773
 0.8276634487876575	 0.004396555445924252	 0.5612075247545524
 0.7917027315893163	 0.06301457434938061	 0.6076478817650741
 0.7508415350442758	 0.12159033075015897	 0.6491939469221989
 0.7048203783805869	 0.17977684485279397	 0.6862277466513729
 0.6535859904587299	 0.23712490859761695	 0.7187469170707119
 0.5969871900159568	 0.2931774681982869	 0.7467618543402538
 0.534831252330013	 0.34740533659223	 0.770237017831751
 0.46712447517570677	 0.39890257595292483	 0.7890953425220186
 0.394433568996516	 0.446809283662633	 0.802984198899054
 0.317315160477757	 0.490623904302189	 0.811541294980269
 0.23635815894121495	 0.5276710719132569	 0.8159032176476778
 0.154042676269877	 0.558362730751679	 0.815169868674709
 0.07188778306306229	 0.5836716218436289	 0.8088013257288258
-0.009328843381546228	 0.6038749188703398	 0.7970245009035187
-0.056891994101595116	 0.5926363404293261	 0.8034584426152233
-0.150617265815981	 0.564522772197544	 0.811559288597277
-0.1969234017991889	 0.5481044108597498	 0.8128977356469397
-0.27365755724988594	 0.5546987952271759	 0.7857612792276958
-0.3485408448501921	 0.5579846705489722	 0.7531084828253292
-0.42128453420132717	 0.5580858377127612	 0.7148842836342233
-0.493749804457612	 0.555770130893693	 0.668827849453413
-0.5574994037477619	 0.5670620224351869	 0.6063291824847339
-0.6073284772065711	 0.6053423638434811	 0.5145024230364071
-0.6705262106491049	 0.5946602262284919	 0.4435919478241589
-0.7013571745491171	 0.5855606116466961	 0.4064687980601051
-0.7286665548063229	 0.6013875745900589	 0.32768588165401696
-0.7847016717965978	 0.5467818929599209	 0.29201514996792594
-0.8314026144400007	 0.5121311491946479	 0.21561859550349793
-0.8518097475733617	 0.49299144154732677	 0.1771428590152439
-0.8930738217478378	 0.42698590976030987	 0.14178216310548997
-0.9216064760288037	 0.3828419713850209	 0.06382419829344349
-0.9327955419391926	 0.35956378280791584	 0.02462443971403409
-0.9489337619461488	 0.31082712352427194	-0.05395567366234079
-0.9415934563277703	 0.30823935500180605	-0.13561070396098604
-0.9280357474479082	 0.30029644009832007	-0.22038988071841806
-0.9404706763285765	 0.2281842426582609	-0.25188659823131887
-0.9387159218483914	 0.1695351801187569	-0.30011704511810977
-0.9322941804856082	 0.10355515935791101	-0.3465600813755471
-0.9185436988718868	 0.035637158835821095	-0.3937098756354269
-0.9013422636498696	-0.02665127820058329	-0.43228674873144585
-0.875937297848153	-0.0966845882750492	-0.472637218835504
-0.8390240677697877	-0.15561734225522195	-0.5213653771516288
-0.7964244360101203	-0.20833402948243607	-0.5677191646277001
-0.7661038601818078	-0.21556684562489295	-0.6054880762507769
-0.7005154086263451	-0.22783069311039705	-0.6762923462186311
-0.644280675438822	-0.276532682572027	-0.713044238968112
-0.5828116757277638	-0.3236966652691498	-0.7453529496346196
-0.516209481673511	-0.369398158295137	-0.772704841241807
-0.44475274288314	-0.413453807406768	-0.794513024964834
-0.36895377151012215	-0.4550738377931182	-0.8104202099187183
-0.28974798203179714	-0.4924681554883482	-0.8206833876339923
-0.208349799689042	-0.524685122356303	-0.825406495823414
-0.12557262625471294	-0.5513770004642138	-0.8247514285495847
-0.041990040042512805	-0.5720191556371881	-0.8191647710450852
 0.0415078605498782	-0.586432313165954	-0.808934014359268
 0.124030430137732	-0.595420552961254	-0.793782600912343
 0.1922374194289371	-0.6391025577583762	-0.7447098060573693
 0.2255759703789631	-0.6590427190504602	-0.7174804360079552
 0.29114607121160707	-0.6947414300511081	-0.6576992554265111
 0.368429567023621	-0.689230323020119	-0.623875962008771
 0.4485519607670343	-0.6508725224930224	-0.6125080390946874
 0.4895217043657412	-0.6332561822122333	-0.5994623496474543
 0.568772634864968	-0.591364364096121	-0.571651885946292
 0.6073780375014376	-0.5691228833628467	-0.5542481963828677
 0.6806495619902238	-0.5182110223298709	-0.5178547191040619
 0.7332431154078213	-0.5094823902245362	-0.4503134772112932
 0.7762413908366638	-0.5066758269124169	-0.37513852051552987
 0.8104801166964584	-0.5039272082935872	-0.2986291164322842
 0.83790251058261	-0.498928466680665	-0.221336323035872
 0.860273005446191	-0.4732653589701	-0.189605527607927
 0.8993098314726933	-0.4189989123720551	-0.12522674813150403
 0.9159340945047292	-0.3904867774094381	-0.09265425620118112
 0.943270298397624	-0.33092953603732	-0.0269589751099992
 0.9479615873230163	-0.31368558579320305	 0.05449937821299111
 0.9468798988009473	-0.2912040387298391	 0.13645022929309503
 0.941436323373564	-0.259485730693871	 0.21532488151427
 0.929552236219069	-0.225295057210887	 0.291847181477689
 0.91306756318986	-0.190516666049274	 0.360570416157511
 0.891380019955945	-0.145633007448876	 0.429223353470818
 0.8668633842392732	-0.09911253283239073	 0.4885944933181121
 0.8353846622666372	-0.04391577792224861	 0.5479086333497041
 0.800898254370523	 0.014581643898927	 0.598622887807887
 0.7624038023788492	 0.07336064860924252	 0.6429297452707441
 0.7190368750866772	 0.13193748006842806	 0.6823331104517643
 0.670550377084645	 0.189944097311752	 0.717135574133695
 0.616857782528831	 0.246927642635423	 0.747337417393326
 0.5577891251268671	 0.30240331220937505	 0.7729317749031952
 0.4931646831228518	 0.3556528477746048	 0.7939141308669037
 0.4231573209904871	 0.4054801766671401	 0.8102615059486282
 0.348544713074154	 0.451683578509231	 0.821278593348902
 0.2694162812246489	 0.49239240533885975	 0.8276258735538017
 0.1874845692974899	 0.5256377948702048	 0.8297918081539026
 0.10518492568004999	 0.5531049334893818	 0.8264448341900319
 0.023533577298974	 0.575327823152709	 0.817584287181376
-0.07181440515485359	 0.5523267709779279	 0.8305286444628808
-0.118790056716815	 0.538035542642803	 0.834509842529302
-0.21177024023217908	 0.5050652247856542	 0.8366973670714053
-0.288488356651202	 0.511557825037045	 0.809372015651676
-0.363361589290425	 0.514920453357257	 0.776418239187291
-0.4365323283598181	 0.5158934773012971	 0.7370844228273531
-0.5080990758266779	 0.5176454494946999	 0.6883883480721519
-0.5937998104695331	 0.5437807980992391	 0.5930465653765321
-0.6319918855859219	 0.5687363918201339	 0.5264267975445079
-0.6671454274486012	 0.5656408821969721	 0.4847343303520541
-0.7302758586781161	 0.5466815068623441	 0.4096785328604091
-0.7585208911229098	 0.5617736721125419	 0.33023688323883094
-0.81181231289367	 0.503980729796544	 0.29489691864781
-0.835122385911181	 0.486338883145681	 0.256992395394549
-0.8757629335323692	 0.4477480505024331	 0.18044657802809602
-0.9136960778948747	 0.3797861693096759	 0.14464419394018296
-0.9278768618800498	 0.3576068223856289	 0.10564984510582398
-0.9500630404359692	 0.31088125708787306	 0.027075139686174508
-0.958024684250572	 0.286416427418598	-0.0124231425717964
-0.9538471152079115	 0.2854496506479169	-0.09324257479567685
-0.9434041427991662	 0.28208568160793007	-0.17440267079709507
-0.9552638969551326	 0.2060071339739379	-0.21220732297905692
-0.9551263173364453	 0.13788178701976103	-0.2621494435232651
-0.948093013315385	 0.0742318358382895	-0.309207491258913
-0.9356188316177783	 0.007496140365062242	-0.35293230200962206
-0.9165100153831203	-0.05961096471621841	-0.3955450980457661
-0.8895358859520874	-0.1274777098441479	-0.43872011704083774
-0.8525797133719554	-0.1889881162546161	-0.48722820552706725
-0.8092519701447338	-0.24418185069875795	-0.5343093416797019
-0.747978307018457	-0.259679736019078	-0.610814936728683
-0.714926616093505	-0.266077938610034	-0.646592966390855
-0.6582351636493862	-0.3147801057146931	-0.6838420536803163
-0.5962312679751042	-0.3616951235556821	-0.7167181542871922
-0.529093822395285	-0.406963799457745	-0.744607408661815
-0.45715153086029825	-0.4505244992629152	-0.7668377621087693
-0.380991705453333	-0.491818520927918	-0.782917532597167
-0.30159572575712607	-0.5293107080671972	-0.7930133621386433
-0.220063417131441	-0.561818376578546	-0.797453574936548
-0.13721665996887003	-0.5888367793030231	-0.7965191997478972
-0.05374481975769698	-0.6098924633354218	-0.7906596470769607
 0.029458757629248	-0.624884825211508	-0.780160968531062
 0.11158408461651503	-0.6344105151816363	-0.7649001832182191
 0.14595979811863602	-0.6564206785400383	-0.7401402773246453
 0.21329030592305295	-0.6963563978061779	-0.6852700289912399
 0.24647568257202104	-0.7140604173045891	-0.6552613664328552
 0.32450438826483685	-0.7097928026027557	-0.6252128272597977
 0.41284212364007583	-0.6956176669229817	-0.5879434006883488
 0.461906595795368	-0.6739165136558	-0.576609772188043
 0.5469758622814871	-0.6326282842817461	-0.5482689668476212
 0.6262764334171672	-0.5872338178956132	-0.5127711693007072
 0.6615219514093357	-0.5606454662492708	-0.49806161162824275
 0.714090459055664	-0.549923613564913	-0.433196070537787
 0.7549477711712382	-0.5487547849265522	-0.3590571665122331
 0.7875120550409948	-0.5470834554279389	-0.28376831387971396
 0.8146163776223417	-0.5420116891070319	-0.20645456202466594
 0.85958253517377	-0.490706209900834	-0.142566759060425
 0.8792073742466318	-0.46351621480376387	-0.11021393598059497
 0.912650991615269	-0.40627466380754	-0.044822595325757
 0.9264254778150738	-0.37629167752460396	-0.011849366262887599
 0.9311228634091878	-0.3579481624688689	 0.06988080009441429
 0.9301120159286632	-0.3344414695818431	 0.15179111057323202
 0.924348762143698	-0.30339563136523	 0.23136649885389
 0.912493110390818	-0.269693443312859	 0.307606518336891
 0.894993299591152	-0.2320901094967	 0.380947732321315
 0.8727733821805926	-0.18646177784320292	 0.4511082228918038
 0.8469331327205643	-0.13653588172771902	 0.5138698489899611
 0.8162846427997016	-0.08201339633592586	 0.5717982028222983
 0.7814184003557293	-0.02398303283764521	 0.6235463877863472
 0.7424354761134511	 0.034931493445471404	 0.6690062440469912
 0.6990812906187276	 0.09377320180341503	 0.7088666558178556
 0.6508655021687578	 0.15212062376970795	 0.7437966213357827
 0.5975531436544319	 0.20953803463759293	 0.7739664414875628
 0.5390684585981238	 0.2654752764762779	 0.7993297658191436
 0.475197561575929	 0.319118668581512	 0.819969848735339
 0.4059616965986902	 0.36901307186835014	 0.8360768228368713
 0.33218695690373484	 0.41547958901408083	 0.8467753756314167
 0.25341521580930804	 0.4561640553016471	 0.8530504575035862
 0.171566623283553	 0.488435835907213	 0.855567255086765
 0.08955734653574236	 0.5147759250866798	 0.8526342877416027
 0.008296701067853487	 0.5358946978231818	 0.8442440628138237
-0.03937575333055977	 0.5240653378732887	 0.8507673428672534
-0.13350704545959394	 0.49521181094869177	 0.8584527541510757
-0.1801372034122701	 0.4786348277613203	 0.8593365403616315
-0.2577330285086449	 0.4866967802917308	 0.8346855276506386
-0.3336562726886271	 0.4916171859037991	 0.8043544207745502
-0.4079255479059271	 0.4939743846869891	 0.7678450720287002
-0.4806055264558661	 0.4953994362419601	 0.7236005296510141
-0.5462527917569899	 0.5048061172331939	 0.6684150443411949
-0.5690128498465219	 0.5255883932874519	 0.6324406830296849
-0.6282218921329249	 0.5356893459267069	 0.5642465586120529
-0.697154524778875	 0.526873393903639	 0.486189258804431
-0.728017570702744	 0.517442274501822	 0.449715364765822
-0.7592656611441934	 0.5348333162482035	 0.3707680941481077
-0.8125698064025737	 0.47681053637375176	 0.33523427946118384
-0.8590211339558197	 0.44102910745379276	 0.2599538762853299
-0.879253081465112	 0.421550389837819	 0.221831664921147
-0.91682121315736	 0.353353319366788	 0.185957776920298
-0.9449968837002147	 0.30880296559447595	 0.10780360957287097
-0.955985189110434	 0.285346698600782	 0.0683343237262379
-0.9716174979273056	 0.23629103260616488	-0.011224332113520695
-0.967535936101012	 0.235486096843177	-0.0917633398842081
-0.9572041952210275	 0.2328437509467519	-0.17188343810941192
-0.9628526669842392	 0.15926763122427906	-0.21805633062478302
-0.9593899254380884	 0.09177454896808214	-0.26673658003656814
-0.9498152833314982	 0.026269435162972508	-0.3117063430957481
-0.9338633553326574	-0.04139461819603782	-0.3552262928771392
-0.9103642770123602	-0.10908052798103601	-0.39917204505719206
-0.878183894473838	-0.174696661405152	-0.445279826604189
-0.8377611269835767	-0.23349536435302096	-0.49359518731533186
-0.7914775013471703	-0.2875174920703351	-0.5393487337658492
-0.7605205501213932	-0.29580398751382503	-0.5780211880320432
-0.6938662755822648	-0.30928180860824395	-0.6503032788427338
-0.6342872948344458	-0.3570183571852889	-0.6857240846319448
-0.5694577146334828	-0.4029511299715488	-0.7164832852893798
-0.4996468034005049	-0.4471780200963989	-0.7418792962432109
-0.42531311557562207	-0.4895133935038091	-0.7612393784478981
-0.3472872778812552	-0.5290731916751132	-0.7742564849405763
-0.266655487469599	-0.564243431975481	-0.781360480492123
-0.1843602791656821	-0.5941977996004173	-0.7829050149385773
-0.10114635682657197	-0.6184681096065409	-0.7792731304879078
-0.017806841190295197	-0.6366943171723709	-0.7709106711462957
 0.0647563972948811	-0.649155241993915	-0.757894505060704
 0.13407996807229397	-0.6935235599073288	-0.7078471826709479
 0.1680876127258461	-0.7135562754461614	-0.6801352778819284
 0.23565383158754	-0.748559248087334	-0.619779254058279
 0.31501279821437406	-0.7422889296265881	-0.5914170118579312
 0.3936932564617739	-0.7286219059144069	-0.5604602912233669
 0.484080177636413	-0.692035147411281	-0.535493918141883
 0.5278805670174409	-0.6707021457482049	-0.5210573276081039
 0.6070839187165669	-0.6256628706415519	-0.4898929351769729
 0.678038154299464	-0.575443049860103	-0.457306852870017
 0.7243792720563681	-0.5695061393869442	-0.3885066632834821
 0.7594527286443975	-0.5694821386378923	-0.3145181182809532
 0.789294307489195	-0.566021201557813	-0.23798003183503
 0.8135015548938762	-0.5591757297703741	-0.15980526718796004
 0.836125160627573	-0.533492954531363	-0.127593037548732
 0.8756302604138823	-0.4789255164780991	-0.06246596444226851
 0.892474660290179	-0.450125824013326	-0.0295926223281105
 0.9202409552540167	-0.3896353768275489	 0.03661771972186349
 0.9220683705520543	-0.36840663867136303	 0.11860214420636503
 0.9184961662220598	-0.3411957650191139	 0.19987556771251494
 0.9097682632872605	-0.3083912488636108	 0.2778786511044428
 0.895182694949697	-0.271599337422677	 0.353386109764038
 0.8741417920524502	-0.23106530935061306	 0.4271825724465321
 0.850695827315906	-0.180784894287535	 0.49359237371008
 0.8217367296015005	-0.12895880650723993	 0.5550841138494766
 0.7890598717467298	-0.07239601411313118	 0.6100355202277699
 0.7520625021130429	-0.013920257455153196	 0.6589447771610698
 0.7108357665293723	 0.04504462708725672	 0.7019141646905054
 0.6651478123331077	 0.10380589578430396	 0.7394611036078227
 0.6145759594513721	 0.16192635021296703	 0.7720597432654632
 0.5588879052540241	 0.21891449527535306	 0.7998254516574892
 0.4980563134945927	 0.27405058451043784	 0.8227005443766664
 0.43186693078163	 0.326038517510425	 0.840945800391951
 0.36089689080800985	 0.3740821002087558	 0.8542926995523946
 0.285168148681333	 0.418537763742301	 0.862267514927505
 0.2044079002771791	 0.45429394656907723	 0.8670838600821533
 0.12252569970975997	 0.4828017164470399	 0.8671158835509968
 0.04112439918187957	 0.5058340244934316	 0.8616500005551605
-0.05406894694103728	 0.4817020020096438	 0.8746654961964536
-0.10116500926920703	 0.46714350404614413	 0.8783749697748973
-0.19460292267773407	 0.43392710709658816	 0.8796800374068234
-0.2724374738700071	 0.4418954794637112	 0.8546965590552393
-0.348779454117823	 0.447092033995172	 0.823687808288634
-0.423569666782179	 0.450289532147762	 0.786020403437585
-0.4960203691890191	 0.4528255975324701	 0.7408864768430792
-0.5623981641025149	 0.4598839302077019	 0.6871790710948918
-0.623523797327264	 0.461585215084234	 0.630996959883509
-0.6603564433152419	 0.5057326395429309	 0.5551250895725969
-0.6937634928573831	 0.49413693260409813	 0.5239474284839432
-0.7547295727496977	 0.47835063731758776	 0.44895872838704975
-0.7863244748971363	 0.4928172051914612	 0.37259230057130815
-0.8363074046854396	 0.4316984488024028	 0.33797392528108383
-0.8594138483333363	 0.4135870194432882	 0.3005887799650921
-0.8996834761181188	 0.37435848742677597	 0.22455592998528195
-0.9336415368053396	 0.30476662443317887	 0.18823067067661792
-0.947656805807901	 0.282398459861867	 0.148988886409731
-0.9694189190795165	 0.2353455575394501	 0.06956599655828563
-0.977092919746303	 0.21076672059292	 0.0294417335113104
-0.9761798333089732	 0.21080367706139605	-0.05132974555031582
-0.9689576071034436	 0.2091637296006539	-0.13180170657435794
-0.9748502875552232	 0.13467892770861004	-0.17756267424421607
-0.9720733699481957	 0.06441994881956284	-0.22566221135060113
-0.9622903848707253	-0.003827655592107651	-0.27199736071884906
-0.9455850474725025	-0.07183132422284733	-0.31734709523929416
-0.9213893852921762	-0.13973911776481301	-0.36264938940692804
-0.888999570725946	-0.205124327623915	-0.409394398430072
-0.8488386002804367	-0.2648145492734289	-0.4575437521888588
-0.802391275843891	-0.320213236259637	-0.503618629295763
-0.7397619510649911	-0.33835181147552307	-0.5816100991452521
-0.7061320303403703	-0.34544554909916214	-0.6180978307153042
-0.6462229459970001	-0.39308694747012113	-0.6541242663252761
-0.5810196082997832	-0.4387703142134011	-0.6854902086363012
-0.5108503470565121	-0.4826133364656291	-0.7114185057880872
-0.43621351531697	-0.524554141047426	-0.731136596105549
-0.35802887900557523	-0.5639986830774053	-0.7441241880794924
-0.277364095207899	-0.59930839149906	-0.750931828176375
-0.19510401588847806	-0.6295029893375871	-0.7521039884213022
-0.11202647455649094	-0.6540952738833566	-0.7480704790872986
-0.028957712940240007	-0.6727964517274122	-0.7392607019206923
 0.0532616144935635	-0.685800217583963	-0.72583831669548
 0.08821677555658221	-0.7081592500146842	-0.7005200048028891
 0.157024894213952	-0.748270170777815	-0.644542422282069
 0.19128092479629008	-0.7656837861358313	-0.6141172098693982
 0.27027794089028806	-0.7625530725660962	-0.5877607048690071
 0.34801448658168793	-0.7527561653476788	-0.5587880391171078
 0.4229645921767851	-0.7388597005727571	-0.5245829740224721
 0.5072155823498621	-0.7047856568301001	-0.4959934787354111
 0.5669157175761712	-0.6488961554873113	-0.5074843333137312
 0.6255784031618751	-0.6398339492664791	-0.44639016438929213
 0.6967070963765499	-0.6104313731007359	-0.3767927289544039
 0.732900074857606	-0.610308383764371	-0.30063459045931
 0.7625776493866323	-0.6070229787346282	-0.22360329144289812
 0.7866854680215849	-0.6000266532475539	-0.14523770101526698
 0.8322284408090435	-0.5485984560414777	-0.08022191930797505
 0.8521264485736026	-0.5211835069462338	-0.04741590164242898
 0.8860679034534754	-0.46317769361345923	 0.018710815280989206
 0.900069267607781	-0.432637351410827	 0.0519637919345505
 0.9019671890165052	-0.4105036990361711	 0.13394738898270803
 0.89839988896135	-0.382829911956732	 0.215218256719626
 0.8894832914888472	-0.3495947479458801	 0.29428385339808105
 0.8746583493325022	-0.31174871361916107	 0.37119470834016605
 0.8536975296805065	-0.26951155324435283	 0.44560526308069665
 0.8293696836842238	-0.21968169466883694	 0.5136982390596239
 0.800092149801345	-0.167113302955779	 0.576129929617853
 0.7670775756253978	-0.11071388479743097	 0.6319291326452069
 0.7300249305051176	-0.05261422565267658	 0.6813922101843897
 0.6887334170867215	 0.006180621159091026	 0.7249883310165316
 0.6431532675242656	 0.06503101591879816	 0.7629710619947715
 0.5929547961559172	 0.12343251321079306	 0.7957191868983443
 0.5547730422101751	 0.13299354408076602	 0.8213035911705883
 0.5377474414264141	 0.18086805167614903	 0.8234770410413512
 0.4772264936888542	 0.2365302056924271	 0.8463500076898093
 0.411701973901997	 0.288418061132725	 0.86447469985977
 0.3423380405169468	 0.3359225772011798	 0.8774740384430384
 0.268084582615162	 0.380806882364508	 0.884938853767806
 0.18773167327993107	 0.4154749028229941	 0.8900210244548952
 0.10673679076191393	 0.44236444832266675	 0.8904610897495915
 0.026167743214991008	 0.46418142780329213	 0.8853535176964802
-0.0212230890576811	 0.451873692014908	 0.891829438264776
-0.11542874438538603	 0.4227106713205111	 0.8988836928776582
-0.162218378787501	 0.406081303591553	 0.89932373062037
-0.24091653213663006	 0.4155645655547821	 0.8770777140017442
-0.318214103604171	 0.422174683464466	 0.848827615543387
-0.39399514108125183	 0.42655652130727884	 0.8141359609638906
-0.46772946930945924	 0.42953425903552916	 0.7724826624943053
-0.5378399507438931	 0.4334426639314141	 0.7230875773153941
-0.6010801303507228	 0.4383775376204278	 0.6682273650542968
-0.660422899059411	 0.442425188404624	 0.606713727439141
-0.6813622098654151	 0.46429959547600613	 0.5658369240409601
-0.748950755601787	 0.449580909023909	 0.486774867803123
-0.7840660138626477	 0.4644496160858919	 0.4117366148682989
-0.833482842899936	 0.403118120336867	 0.377891693012048
-0.8794528769122443	 0.3666581230585221	 0.30352011150165803
-0.8995081746887252	 0.34694408650470104	 0.2655463133006681
-0.932850121064363	 0.277700850113064	 0.229505750421825
-0.9607983386810178	 0.23281744120135595	 0.15054099594545597
-0.971607361243702	 0.209210324603276	 0.110499663603299
-0.986676580074694	 0.160015228956666	 0.0294015787680165
-0.9857612114435672	 0.15995939311899401	-0.05184425297286301
-0.9782494401279097	 0.15887405246283712	-0.1333681684041101
-0.9796351462643854	 0.08634928345498094	-0.18126991325194508
-0.9733397295222003	 0.016212242283262103	-0.22879452382825705
-0.9599190180182318	-0.05261229733943669	-0.27529515981139296
-0.9392827002357063	-0.12091087408660903	-0.32113637222453106
-0.9109715952056968	-0.18804948725085494	-0.36710780851553493
-0.8745333378219027	-0.2506205091745349	-0.41518767011940383
-0.8312407966462148	-0.30843216041488997	-0.4625022599001759
-0.7819279866710722	-0.36238884588877107	-0.5072109502326702
-0.7503286211738638	-0.3719713311711729	-0.5464835670302209
-0.682465363974203	-0.3870219257078	-0.620044398407876
-0.619740537139875	-0.433606782024788	-0.65414587456292
-0.5518583273810252	-0.4782193288585242	-0.6831973799761824
-0.4792441607489622	-0.5209525458455472	-0.7063522346287764
-0.4025961887662861	-0.5616778313460891	-0.7227961832807471
-0.3230353614471988	-0.5992512194544917	-0.7324930929619625
-0.241505886634755	-0.632158368452074	-0.736240927901168
-0.15881337311864993	-0.6597241150559368	-0.7345355025676688
-0.07575470800153387	-0.6815628660266086	-0.7278277844855867
 0.006817691262213961	-0.6976073999865141	-0.7164477891444071
 0.07729017045851892	-0.7426187676905893	-0.6652395023028953
 0.112043697020788	-0.762712965086382	-0.636957724536765
 0.18161330220653296	-0.7971809308975448	-0.5757770157578039
 0.260219797851515	-0.793875754465629	-0.549587975921731
 0.337162251012773	-0.784365778209622	-0.520664904200018
 0.4151550054310281	-0.7663490605992233	-0.49026058253162813
 0.5252187599752719	-0.7219572529394549	-0.4504697316115189
 0.565867739995324	-0.70387478923727	-0.429364625823755
 0.660806110026127	-0.62236484671145	-0.419520300498047
 0.7016973100797665	-0.6299641447626526	-0.33281535622666175
 0.7342893887220737	-0.6289359942517346	-0.2554576456963959
 0.7610844088109936	-0.6238929166307934	-0.1775053555325661
 0.7824706055280212	-0.6148597049450951	-0.09842405559334942
 0.8054036290321702	-0.5890834557105041	-0.06561765425539762
 0.845501481148086	-0.533972839509931	 5.02037941269995E-4
 0.8626112126396187	-0.5047384043147898	 0.033779269355129586
 0.890849095704872	-0.443028400848237	 0.100567016082141
 0.890003665044742	-0.417876857713635	 0.182407258611891
 0.883882102114615	-0.386836719626381	 0.262887393973447
 0.871883002808878	-0.351045388232278	 0.341448626902823
 0.8539593889781584	-0.3105505325783411	 0.41750656125546015
 0.831044841252989	-0.264090675746419	 0.489510558426061
 0.8039286764125323	-0.2130291339466271	 0.5552632450752922
 0.7726010514362682	-0.15827835430735804	 0.6148459789876871
 0.7374323975376543	-0.10100041256483804	 0.6678266060315353
 0.698215453546692	-0.0426252402276609	 0.714617568580651
 0.654845389629907	 0.0161652443169623	 0.755589968538908
 0.6071699254458383	 0.07486348102692933	 0.7910373827086973
 0.5311581944804867	 0.09412947298145356	 0.8420276805144017
 0.497230228851737	 0.189938924092951	 0.846572681245067
 0.43404047731152373	 0.24439410341390083	 0.8671103656811514
 0.36651555674451297	 0.2928805241034839	 0.8831123061452197
 0.296689075457831	 0.33937800772734	 0.892635513731668
 0.21974915029590095	 0.3799793758005209	 0.8985132079777548
 0.139207995192708	 0.408960701046448	 0.901871542446054
 0.0591017791884607	 0.432508253803546	 0.89969083027925
-0.03526364004335762	 0.4077883425425103	 0.9123952780332245
-0.0823507351281689	 0.393233944740819	 0.91574309777766
-0.176054433822199	 0.360145400709659	 0.916133247229476
-0.25513249671413707	 0.3695703773895761	 0.8934904281952533
-0.332784054329537	 0.376439563977716	 0.864608598069822
-0.40865700810590083	 0.38129315070099085	 0.8292255320203576
-0.482145884221883	 0.384867620658085	 0.787027484206799
-0.551831129786985	 0.388865910964173	 0.737743659740986
-0.6160352403253438	 0.3935542593919979	 0.6823603355938209
-0.675382949933867	 0.398344338023233	 0.620628439006351
-0.7267541855715759	 0.4003320509093359	 0.5581779311016519
-0.7732091468178529	 0.40513922684037895	 0.4878625033268989
-0.80755543591219	 0.419791318920568	 0.414281868403148
-0.8528782975954796	 0.35657645022556483	 0.3813814948777298
-0.8757593344814775	 0.33834539725308715	 0.34433701547497114
-0.9157958131291154	 0.2988612791375711	 0.2683280911262131
-0.9454900395557595	 0.2288559901350761	 0.23167546456226712
-0.9595001149810313	 0.20630478344205103	 0.19182769789661802
-0.981038070633397	 0.158935049324764	 0.110923189929054
-0.9884743523737203	 0.13429099136045103	 0.06988837055463282
-0.990818426233005	 0.13468425522832	-0.0117897256432944
-0.9865022269734453	 0.13433771959103302	-0.09363083504654893
-0.9881392491746674	 0.06080851337284473	-0.14100762015546905
-0.981944635493723	-0.0109221151517902	-0.188852959271785
-0.9682952754677028	-0.08129833320253757	-0.23620931506910395
-0.947301003194904	-0.150242435643222	-0.282927587693249
-0.9187929894690026	-0.21723051399685392	-0.32959118054231384
-0.8826063784033106	-0.2800671183346189	-0.37758229570457186
-0.8396193647857707	-0.3384671237390428	-0.42482858710844584
-0.7905139411599368	-0.3930291634577399	-0.4696975468357199
-0.7270487165606512	-0.4129483865112761	-0.5485196385046242
-0.6928247911151966	-0.4208427603537157	-0.5855639844406836
-0.6299042714065242	-0.46735999304667514	-0.6203186646903571
-0.5618134133959749	-0.5117440248649399	-0.6499874933745998
-0.489006387935523	-0.554149673830248	-0.673640031138354
-0.41222031182963614	-0.5946437573220592	-0.6902703936813324
-0.33269115928075993	-0.6322344838013149	-0.6997114762735489
-0.251298319783883	-0.665261269462116	-0.703048076469491
-0.16881991254381104	-0.6930273000309721	-0.7008658919796861
-0.08605989136689311	-0.7151859878076171	-0.6936156701960831
-0.00382337506999363	-0.731654701597202	-0.681664711888318
 0.0316634731977248	-0.75429347734728	-0.655773417040067
 0.101935894601775	-0.794426450747955	-0.598745094129165
 0.13710202066530905	-0.8115770528330364	-0.5679310902251542
 0.216315222659579	-0.811246141500289	-0.543219497391828
 0.294217000966814	-0.804771230208263	-0.515538188082292
 0.3722029121618258	-0.7907129428650517	-0.48604324310080277
 0.4499596964792241	-0.7636789911661003	-0.4629586050564911
 0.4866081936177281	-0.7373919255571281	-0.4684715722722591
 0.6058114959403669	-0.6956673614425439	-0.3860561534415219
 0.6009504842942541	-0.6760370306667711	-0.4264181616603081
 0.6726065393603698	-0.6661270292188008	-0.3222967951342399
 0.704422410408382	-0.667065895807383	-0.242512181890186
 0.7310392316154691	-0.6624011004043031	-0.16372667474248903
 0.752327025479672	-0.653338786963799	-0.0845723133275949
 0.7985557584814907	-0.6016426868966409	-0.018296936897792396
 0.8187808237707187	-0.5739089944168367	 0.015047549727401592
 0.853284896814667	-0.514948667760761	 0.0820533633643405
 0.8675233327309647	-0.4837729173321988	 0.11561587963274694
 0.8668590230001307	-0.4577505135305529	 0.19753455800384395
 0.8607868974061987	-0.4260474456290589	 0.2784411810899469
 0.8488383454915658	-0.38939023645660387	 0.35755937545449895
 0.8308737350501132	-0.34811507182939805	 0.4341252505545921
 0.8077257098206077	-0.3015359910001349	 0.5066115117388887
 0.7802005916092597	-0.2505462357805689	 0.5731610773497697
 0.748488417118108	-0.196057297120417	 0.633503453570591
 0.7129428266508083	-0.13918226417797305	 0.6872705604530494
 0.673506402869655	-0.0811614266966369	 0.734712153234275
 0.630172839116829	-0.0226568143933731	 0.776124256547223
 0.5828608748142431	 0.035894398353566004	 0.8117787831531512
 0.544865681537454	 0.0456074431157998	 0.837282121041149
 0.4912136807753809	 0.10354612982768997	 0.8648626011204378
 0.474356470907146	 0.151524034644628	 0.867194560311313
 0.41164637092240486	 0.20675447148788692	 0.8875808998768385
 0.34106561207471	 0.254261405342713	 0.905000213266965
 0.276452494461002	 0.29896452332751	 0.913342341128366
 0.203015533301786	 0.339092752942684	 0.918586304132575
 0.12459642839545297	 0.36542623872967694	 0.9224637630167257
 0.0451680714311779	 0.388633517129855	 0.920284648729113
-0.0017412867636335608	 0.3763939025480872	 0.9264580929783215
-0.0957472715169015	 0.347543622651346	 0.932762504795003
-0.14267872361432993	 0.3311184636706638	 0.9327396983318363
-0.22262018026193311	 0.34196461287683316	 0.9129624630181364
-0.3011694695194199	 0.35009260685428295	 0.8869792090321867
-0.37800883650705114	 0.35602843721979804	 0.8546069689707743
-0.452688286125216	 0.360337972951357	 0.815616246070615
-0.5243676454864619	 0.36400367242701087	 0.7697661325536699
-0.5913685553446368	 0.36892507867259194	 0.7170617254295609
-0.653524133801896	 0.373048821632622	 0.658589996292833
-0.7091843851407719	 0.3761641382808939	 0.5962868847659639
-0.7606297363924365	 0.3772870808026597	 0.5282961884918157
-0.801614315972437	 0.389911601783268	 0.453192488047682
-0.8448821104363676	 0.3277848576218768	 0.42276625525033984
-0.8910459565947307	 0.29117487755627997	 0.3482158725794489
-0.911214405264036	 0.271350611719757	 0.309930884486563
-0.9404652980766652	 0.20209482555664607	 0.27328136525712504
-0.9686424052977346	 0.15677530915379392	 0.19275215458912992
-0.979419741122313	 0.132982471806107	 0.1518309352281
-0.9941240446344868	 0.08368776581105569	 0.06865669474365178
-0.996368386205003	 0.084011404635893	-0.0138608391644404
-0.9916597286702478	 0.08468844113016867	-0.09715374657002619
-0.9893602024547304	 0.011711708430559305	-0.14501457059334605
-0.9793969274711886	-0.05994725674867677	-0.19284186492642988
-0.9619788483453515	-0.13012461911209594	-0.2401338769042869
-0.9371652615926664	-0.19840608546655608	-0.2869778697282891
-0.9048106057414685	-0.2636183462363499	-0.33439966397316984
-0.8652823487755532	-0.32431187187611704	-0.3822411106326361
-0.819341676928766	-0.380977287308479	-0.428410460893091
-0.767479112201461	-0.433959151737703	-0.471863610546046
-0.7356737450927008	-0.4441209304525728	-0.5114105395034608
-0.666752755022652	-0.460691806466179	-0.585836003609058
-0.6011412564227938	-0.5060638346120878	-0.6184889531140668
-0.5305683380219909	-0.5493418643745629	-0.6455391194451828
-0.455565418873726	-0.590612941191547	-0.666060434813146
-0.3772773389286962	-0.6298936094833243	-0.6788931066544653
-0.2968013773012929	-0.6653602031303356	-0.6849852133604156
-0.214894650693829	-0.695870154052771	-0.685262736329468
-0.1323334483410099	-0.7209659569786345	-0.6802175735219276
-0.04992000848949457	-0.7404285957275317	-0.6702786639759348
 0.021508192671210197	-0.7858799485160187	-0.6180049386279028
 0.05693801843326879	-0.8059398273325598	-0.5892529650125289
 0.127791696641479	-0.840040263313771	-0.527258606644996
 0.20724514845473	-0.839471642814026	-0.502331374048145
 0.28624698385745	-0.832279141561525	-0.474735815748216
 0.3650342613411551	-0.8172867881683162	-0.44586129449934914
 0.4446698022912198	-0.7900205942655316	-0.4220618764667378
 0.509208114186866	-0.766894216243428	-0.390615357530441
 0.5730098706509632	-0.7256822754627873	-0.38084763779721414
 0.6402853345196399	-0.6813189592839188	-0.35473816558040494
 0.6737139726973338	-0.6854004878079498	-0.27628907742616393
 0.7027155601745243	-0.6837724569499414	-0.1965860335966041
 0.726434823935132	-0.677101736940288	-0.117582670520698
 0.745241424233252	-0.665710672082099	-0.0380068504719095
 0.768574781027384	-0.639743973848844	-0.00452259801425205
 0.809392980961063	-0.583902554361497	 0.0627758662312455
 0.8268010710574322	-0.5541471567763011	 0.09654489906268833
 0.8555208481039553	-0.4910984388334002	 0.16403170984564608
 0.8522422566052867	-0.4618685926425199	 0.24568381954607194
 0.8433680287502967	-0.42721304438763386	 0.32591315221526185
 0.828473729397243	-0.387806367511237	 0.404026609292462
 0.8075363600724987	-0.34401299807261193	 0.4791034171428469
 0.782191550311773	-0.294845555819722	 0.548855606543492
 0.7522473371225785	-0.24226819803069316	 0.6127234808744895
 0.7184302481491737	-0.18661573485290192	 0.6700989076618676
 0.6807666618151149	-0.12929107726958197	 0.7209997014559549
 0.6392920955677177	-0.07115627619058708	 0.7656646791535606
 0.5940244443111382	-0.012729945504432705	 0.8043462612881953
 0.5176956295131199	 0.006934922080301058	 0.8555367566848048
 0.4651231883737479	 0.06471487925059059	 0.8828773437123758
 0.4320704096406171	 0.16042715230271903	 0.8874560777396422
 0.36585904177948286	 0.21356144967869498	 0.9058358950490608
 0.29265857878448903	 0.25763550475545405	 0.9208555277312752
 0.23294117966107694	 0.3001427768463709	 0.9250149838381297
 0.15706488723195192	 0.33020694766793585	 0.9307491568143585
 0.07854537740427889	 0.3549501947475379	 0.9315798317573778
-0.014670894304282596	 0.33105925396049696	 0.9434959116114028
-0.0615574468077115	 0.316821266781593	 0.946485586608387
-0.15553099531823697	 0.28437036072137994	 0.9460145915568697
-0.2359262948984441	 0.2950236975003831	 0.9259048554191165
-0.314610197625948	 0.303157789024231	 0.899508631700498
-0.3913666748729519	 0.30931546088770095	 0.8666926049382898
-0.4657487220916051	 0.31399997366525007	 0.8273343607080872
-0.5371984644935959	 0.31812885355954795	 0.7811605739402178
-0.6044102076281153	 0.3229444540182041	 0.7282823494592072
-0.6666487356061545	 0.3269805758668962	 0.6698232351303355
-0.7237929936862082	 0.3303211656301791	 0.6058148478103492
-0.775980457612142	 0.333389991406258	 0.535448823917082
-0.81893773300707	 0.344597099088892	 0.458905032394243
-0.858884722071563	 0.281755618153119	 0.427704110140653
-0.8823263834165368	 0.26331829058256995	 0.3900815696386689
-0.923155587446715	 0.223464514280234	 0.312805646086208
-0.9492206998414315	 0.15346090086556693	 0.2746448887164509
-0.9634292139292746	 0.13067684602487295	 0.23393954702147288
-0.9850287606404527	 0.08293550118770499	 0.15112922733170397
-0.9923333822890682	 0.058243861737929316	 0.10900509604872302
-0.9979364294163547	 0.058631705789705085	 0.026176438258984594
-0.9966040227525705	 0.05928710008051717	-0.05714421753280938
-0.994360422640344	-0.0143578151843893	-0.105077128956055
-0.9843663611577648	-0.08684439948150889	-0.15323484362153797
-0.9668222768037608	-0.15781498505060998	-0.20087089278804995
-0.9418878151470418	-0.22652737469980894	-0.24805784041054693
-0.9096417139396734	-0.2918613663082491	-0.2955822983833361
-0.87047136292894	-0.352827865194462	-0.343208542817559
-0.824924241217303	-0.40982052601584	-0.38929055049944
-0.773400504259229	-0.463151407218607	-0.432830722110844
-0.7099840519031091	-0.4835715195014061	-0.5119386990356801
-0.675348604260949	-0.492105142864877	-0.549305735532342
-0.6097107265374602	-0.5374241503712482	-0.5826045936507063
-0.539110678075887	-0.580508666809214	-0.610220750666467
-0.4640474526128609	-0.6214826221944599	-0.6312046514671869
-0.3858269462998471	-0.6607381416212591	-0.6438654173938991
-0.30560323064017797	-0.6962303709212848	-0.6495151545800117
-0.22404672649811594	-0.7268024146868509	-0.6492775326090079
-0.141883739813972	-0.752043812768593	-0.643660708799969
-0.05984417339746807	-0.7717540095233747	-0.6330990630975286
-0.02396271946213071	-0.7945482679372453	-0.6067279769335702
 0.047472920414181684	-0.8345364904474488	-0.5489036053252009
 0.08316183293582925	-0.8514963163030775	-0.5177239929393294
 0.16322769305495097	-0.8538562310721288	-0.49425323153142686
 0.24280537008960812	-0.8497769037162203	-0.4678939689354012
 0.32203090109319105	-0.8385025171294622	-0.43955617105059913
 0.401292882686363	-0.818120302730086	-0.411877642712131
 0.4717854402721889	-0.7930335528024908	-0.3853781032656579
 0.5442645261297803	-0.7573350497001603	-0.36085973465098814
 0.607931459657195	-0.716190550709143	-0.342768778382756
 0.6418802237781928	-0.7202686267065458	-0.2630644098024739
 0.6697057061115737	-0.7194531244338517	-0.1840691960757349
 0.69308160935159	-0.713193119489943	-0.104849688081624
 0.7120439790784305	-0.7016817557935295	-0.025220734419623015
 0.759138871963536	-0.649541755498046	 0.0424697649916622
 0.7797497864410048	-0.6214070336620819	 0.07644324077706059
 0.814876262359836	-0.561329043271942	 0.144521217203115
 0.82935449826565	-0.529443985887678	 0.178494207227855
 0.8263669072929033	-0.49941655435147825	 0.2601938503709481
 0.8176629816360513	-0.46410901247709624	 0.34063187314104515
 0.802849314518025	-0.424130164756761	 0.418982793824926
 0.78188348469388	-0.379955003884341	 0.494259457558685
 0.7561448936922587	-0.33108316459688886	 0.5644721763414318
 0.7258457867379382	-0.27881598279771413	 0.6288159839025472
 0.6916185167442241	-0.22369636860501504	 0.6867486890919041
 0.6535878130094528	-0.16690131796053095	 0.7382187485756228
 0.611872759380055	-0.10921379208792	 0.783379903971511
 0.5665755051929633	-0.05114179864387333	 0.8224212505442745
 0.5281638401100669	-0.041161335775571795	 0.8481442698252217
 0.47759335159531724	 0.016686893898733107	 0.8784225282197424
 0.423457740859183	 0.0741671816358528	 0.902874726013876
 0.407516003041263	 0.121976187535	 0.905015202601426
 0.34200566839776986	 0.17631382953261393	 0.9230089686992966
 0.26989116149588394	 0.21980079297441593	 0.9374680647116578
 0.22089779347476388	 0.21629232784165392	 0.9510109325106726
 0.1464801064728519	 0.28352995461515285	 0.9477100523069444
 0.06653267197980672	 0.3093524460595171	 0.9486171343994484
 0.020111038326107004	 0.29811894882120304	 0.9543168438685272
-0.0736712574884086	 0.270553906379747	 0.959881831041059
-0.12079472939516692	 0.25449583180647584	 0.9595001328522463
-0.2022521600821921	 0.2664165232394101	 0.9423992253217914
-0.281866331846712	 0.275624866129483	 0.919011590864002
-0.35960003102263893	 0.28274706859228393	 0.8892367023976168
-0.43505658258435514	 0.2882097369763781	 0.8530304317326723
-0.5079598682003568	 0.2927255602366649	 0.8101163611988137
-0.5774641108722162	 0.29726767505708307	 0.7603730203135283
-0.6423478923915833	 0.3018866968842111	 0.7044527006012763
-0.7024292161763119	 0.30586381450115696	 0.6426822879469559
-0.757462024089938	 0.309372658293275	 0.57492594337195
-0.80591973645759	 0.316072534802833	 0.500591181635714
-0.845845423815674	 0.253645178158335	 0.469265002538128
-0.8935059576526695	 0.21642746855171308	 0.3934542597246642
-0.9142123059056718	 0.19639781515099194	 0.3544626326350229
-0.9402537103002274	 0.12714085968942104	 0.3158451552012332
-0.9689188620386584	 0.08140827853215934	 0.2335999378684461
-0.9797671061505447	 0.05744293260738559	 0.19172044022182594
-0.994290712777094	 0.00811247511631715	 0.106396269825148
-0.9997029288629372	 0.008466735700375252	 0.022855380317233002
-0.9980933513834176	 0.009465582323118067	-0.06099233292391907
-0.9919546584323782	-0.06386231977843461	-0.10930489342577902
-0.978132644302275	-0.135996455485	-0.157357854096183
-0.956834190432922	-0.206222345363939	-0.204794229145186
-0.9282323593729627	-0.2735761935683202	-0.25207291271688115
-0.892574370800378	-0.336827971237504	-0.299763090426985
-0.850369547226549	-0.395852962611323	-0.346658427189579
-0.8020058133880308	-0.4510948652724469	-0.3915355639231719
-0.7478170632552139	-0.5027617164424029	-0.43359000955307586
-0.7162991369736358	-0.5128870313092089	-0.4731410355122999
-0.6470456001672533	-0.5301956803792173	-0.5479274877311943
-0.578906738864613	-0.574291804841361	-0.578840142517078
-0.50604405116043	-0.616167054946442	-0.603537553664864
-0.42919404925739824	-0.6563085879610432	-0.6205251851864032
-0.35002116450703513	-0.6939342374423132	-0.6292379982983343
-0.2692578501205009	-0.7270307696620898	-0.6316062619330458
-0.18754951261607294	-0.7549863788353648	-0.6283476331542409
-0.105580000734236	-0.777542642870983	-0.619903461808503
-0.0335239704403588	-0.82314754028105	-0.566837075653288
 0.00240135863105251	-0.843092068765925	-0.53776388597666
 0.0743084265043193	-0.876743308634508	-0.47518357349036
 0.15489475150652304	-0.8787069150060024	-0.45153269369600124
 0.23507760191634394	-0.8740225114425217	-0.4252330779336999
 0.314758581512639	-0.862044626979488	-0.39724815475965
 0.3920638251686778	-0.8426057395147957	-0.3691903638109058
 0.46692413304567065	-0.8157956930907444	-0.3412612505312328
 0.541086739844545	-0.779296262787682	-0.316105164098206
 0.609604802336065	-0.735373055198175	-0.295987254214281
 0.639198317473363	-0.737701522690208	-0.217306176533872
 0.6645235275060719	-0.7343354010037659	-0.13841965259140598
 0.6857252953689092	-0.7254647138465592	-0.05900651027430971
 0.7025558350345863	-0.7113193367390793	 0.020978556669403712
 0.726339580205972	-0.685118945084595	 0.0551619915556361
 0.7679471066989783	-0.6284473795272891	 0.12373816096076302
 0.7856695949215362	-0.5981121267773312	 0.15806698395847002
 0.8148581574414258	-0.5336065367220839	 0.22642934266262393
 0.8092222548879868	-0.5005225001402269	 0.30763057235485997
 0.7975667492843823	-0.4625594889999462	 0.3872027886935372
 0.7796541632622427	-0.42025534766609784	 0.4642465169130508
 0.7560574474764422	-0.37368481964207106	 0.5373423412355292
 0.7277731062148821	-0.32322931091069007	 0.6048711585441501
 0.6952715714902422	-0.26963713129466804	 0.6662531495645412
 0.658920656865798	-0.213853217193852	 0.721172912311177
 0.618860317495583	-0.156810853091472	 0.769689719160904
 0.575243048692225	-0.0991047302795387	 0.811956702889689
 0.4978544128023312	-0.07880222074617044	 0.8636730826294853
 0.447429636963176	-0.0211362272759401	 0.894069337279576
 0.39355221046233185	 0.03640219220759769	 0.9185812637119776
 0.3635684383180619	 0.13098443855975098	 0.9223128902461207
 0.2909801249789549	 0.17541224949901393	 0.9405110895640347
 0.1894759844393211	 0.2508992887620451	 0.9492883641019995
 0.10207384379660703	 0.27324593483535103	 0.9565132458615202
 0.009763100463613872	 0.25214420092799805	 0.9676404207182122
-0.03765654395824849	 0.2390927979771969	 0.9702662617305395
-0.13249894644007704	 0.20748782844983704	 0.9692227970066742
-0.214155929415243	 0.218672318717147	 0.952008222088003
-0.2939552331423452	 0.22767274094095308	 0.9283078389955904
-0.371314108230483	 0.234683580461648	 0.898359310126356
-0.446478733417673	 0.24050103595673	 0.861867734811723
-0.519196256157769	 0.245595307815361	 0.818607471484859
-0.5886821987935859	 0.25055556674163293	 0.7685539517810888
-0.6539929965294509	 0.2554785709210409	 0.7120560794562268
-0.7146646115829359	 0.25993966134779395	 0.6493734406405959
-0.770097416185185	 0.264191334434503	 0.580648696196434
-0.8188446023538423	 0.27116614010092505	 0.5059273086706662
-0.8563221002856537	 0.2076888461351059	 0.4728401460889668
-0.8805372084514552	 0.18892124811771602	 0.43469873078048304
-0.9225298286011365	 0.14869672907988393	 0.35612918737741983
-0.9455705481753103	 0.07874945411221841	 0.31574493170987106
-0.9600463762008402	 0.05580538158695311	 0.27422019424099603
-0.9818375895479852	 0.007802388856817462	 0.18956284044804003
-0.9890761206192022	-0.016896067198118803	 0.14643411670135503
-0.997882949779778	-0.0167430657752103	 0.0628433631122359
-0.9996488753773792	-0.016082417582557604	-0.021059007608174203
-0.993525762058786	-0.0898203256230767	-0.0695619812144058
-0.9796602662128953	-0.16249377648647703	-0.11773502200637703
-0.9582898676495267	-0.23321346331383894	-0.16520293607989298
-0.9297065927513358	-0.30085144141364495	-0.21244778557102997
-0.8942846199544082	-0.36433418296990905	-0.25983768324215106
-0.8524968960992464	-0.4235141841655887	-0.3064062302756038
-0.8046476961283332	-0.4788006327153211	-0.35112966155933606
-0.750906274749559	-0.530559807907658	-0.393250628447977
-0.6882462762550019	-0.5508084040828108	-0.4721516337077219
-0.6537513710468118	-0.5594191351256268	-0.5095678326873758
-0.585916683178617	-0.60332112467784	-0.54102242180009
-0.5132880707294218	-0.6449053434326799	-0.5662441650550099
-0.4365509491748681	-0.6848986552473671	-0.5833841794348471
-0.35779577834866694	-0.7225322970088799	-0.5915481897317779
-0.27764283685732394	-0.7555434954156178	-0.5933535890824019
-0.19654114380924292	-0.7834475119853966	-0.5895604928707878
-0.11498075661596692	-0.8060513209777515	-0.5805692840290827
-0.0788715920432965	-0.828836833072432	-0.553903219083458
-0.00667513976091851	-0.868532027889855	-0.495588094125261
 0.02950043878466529	-0.8852401979007598	-0.4641977123297099
 0.11048489116200602	-0.8901906037841613	-0.4419884362280421
 0.19110225599050695	-0.8886278050821967	-0.41691791972777587
 0.2712025697409941	-0.8801049787244695	-0.38969782215234716
 0.349747718391635	-0.864331477612822	-0.361396776808374
 0.426593946031169	-0.840651183331255	-0.333651304767892
 0.501949905445932	-0.809316189175671	-0.305046878956316
 0.5746693126217772	-0.7676099889560524	-0.2837782338124321
 0.603072218511163	-0.770810560319661	-0.205316778076499
 0.6281827756400579	-0.7676915447851258	-0.12663369399405497
 0.64949938054574	-0.758890790438897	-0.0472792011113367
 0.6666827082262538	-0.7446249674368158	 0.032677582863927586
 0.7146715041183139	-0.6920326739955169	 0.10166326437746097
 0.7356783339445858	-0.6634841936267848	 0.13625752739549393
 0.771420758111621	-0.602249073028486	 0.205441154569432
 0.7861130716967493	-0.5696437682366841	 0.23985874138044805
 0.780839906898928	-0.535938881222491	 0.321027343676607
 0.769423809508354	-0.497469405801806	 0.400638479995183
 0.751592330745472	-0.454807727293574	 0.477764481265239
 0.7277554786936327	-0.40833284318686286	 0.5510319885508778
 0.6990642866602689	-0.35825055927553195	 0.6188421930467719
 0.6661170348006242	-0.3052016035216871	 0.6805439568141172
 0.629316176051074	-0.250046562368552	 0.73582461715284
 0.588882792124326	-0.193594931473546	 0.784689785614424
 0.545018160287329	-0.136384048628285	 0.827257273305453
 0.5060071775319562	-0.12606513625486004	 0.8532668502333763
 0.4571819327991381	-0.06852935204859512	 0.8867290500653762
 0.405135496247668	-0.0108441028777635	 0.914192340327205
 0.34939344894715096	 0.04697698532706029	 0.9357977242344607
 0.336393870092368	 0.093487901354418	 0.937069461920847
 0.2565671021360909	 0.13567779555072795	 0.9569560375983756
 0.17863402699677203	 0.20389891165568505	 0.9625565532604012
 0.0939594371196971	 0.22831500751659	 0.969042765577892
 0.047978551024726986	 0.21812655267209294	 0.9747404093711087
-0.0483291931426326	 0.192961305119691	 0.980015420193319
-0.09636484306383117	 0.17737079797469696	 0.9794148339937998
-0.17905127297743803	 0.18942449406016706	 0.9654320290394393
-0.26007896444008405	 0.19932596917001105	 0.9447899715122983
-0.33833043453491385	 0.20700080387342593	 0.9179777689373375
-0.4144395571505841	 0.21348931972432406	 0.8846819563167733
-0.48835947888700587	 0.21918088934562194	 0.8446684302889947
-0.5595650684104357	 0.2244373035868459	 0.7978187958261517
-0.6271520960958756	 0.2297215570295799	 0.7442501290550476
-0.6904091738060306	 0.2346195514489109	 0.6843163294868727
-0.7487041504463318	 0.2391637480512629	 0.6182578723498058
-0.8012415676231912	 0.24419429628502107	 0.5462427079372271
-0.8392323854673747	 0.18011591736528593	 0.5130762706405367
-0.8884147219294666	 0.14208530218115395	 0.4364986240105218
-0.90970377386745	 0.121925190480737	 0.39695502482971
-0.9329628150721723	 0.05280693954345801	 0.3560783801758561
-0.9621809699905343	 0.006909098205235802	 0.27232342049494207
-0.9731373260518298	-0.017148652354216896	 0.22958586273359494
-0.9875524222647695	-0.06649323820248852	 0.14254424769991206
-0.9960570840084753	-0.06653495220606571	 0.05868036751307861
-0.9975086300340045	-0.06582311347196793	-0.02537421408714571
-0.9874897431209088	-0.13928921995321197	-0.07390886574577789
-0.9698027309672674	-0.21136346931798508	-0.12168872933141806
-0.9447658725581406	-0.2808698355745979	-0.1689070203211039
-0.912755371834302	-0.346653727850832	-0.216122243544589
-0.8742440755182834	-0.40805210128902675	-0.2630414017883718
-0.8296395857134876	-0.46525039158213277	-0.30861016015326687
-0.779132348757188	-0.518664976058109	-0.352050317043955
-0.722785736290002	-0.568686109191239	-0.392653649707538
-0.691555119660516	-0.578912773178275	-0.431985552446339
-0.6233418695605559	-0.5957698416562329	-0.5064614589735909
-0.5533645846374029	-0.6383786373885599	-0.5350330380406428
-0.4785817251448991	-0.6786110797035221	-0.5571772921260811
-0.400905130799276	-0.717944856204061	-0.569060857509059
-0.32180319756451703	-0.7533135914474112	-0.5735515103091051
-0.24152670271647494	-0.7837201337263727	-0.5722303765677109
-0.160361145768963	-0.808952124674943	-0.565580023437498
-0.08802443986906545	-0.8543546675735446	-0.5121814131545928
-0.051790604601118714	-0.8741079176853932	-0.4829628158717361
 0.020971401028915496	-0.9072077020713938	-0.4201599524481429
 0.10228158967550303	-0.9117693162491142	-0.3977627312356891
 0.183176131104315	-0.909699022955418	-0.372685111894227
 0.2632257383563299	-0.9007324232169206	-0.34553337383317884
 0.34239421086997684	-0.8843667706389795	-0.31727215344607285
 0.4203738276506931	-0.8599820894783052	-0.28933829819578605
 0.496790966476595	-0.827526026950355	-0.261532809312735
 0.570495918696076	-0.785804389535218	-0.238842768653991
 0.5971855917061571	-0.7859126212588993	-0.16034562920308404
 0.620474832020435	-0.779995424933125	-0.0813518279610654
 0.6399104181799014	-0.7684475743070164	-0.0017269182049981708
 0.65512166492992	-0.751440833115843	 0.0784364613277374
 0.6793493117605468	-0.7250339120982998	 0.11318276776040795
 0.7217316161766769	-0.6675714193152859	 0.18289853559932298
 0.739747630346067	-0.636675291667005	 0.217756782622523
 0.769292299582757	-0.570821112596467	 0.286971453661868
 0.7611731166332242	-0.5344115884199521	 0.36745032409473805
 0.7467032400654421	-0.4935415758077291	 0.4459271064030471
 0.725640899230729	-0.448976157688129	 0.521407417660339
 0.6991325327670788	-0.40073501342890877	 0.5921360913158578
 0.668002729288115	-0.349343935896853	 0.657062529836944
 0.6328539797394828	-0.29543594007011287	 0.7156908869356847
 0.5939826558050602	-0.23987587021409407	 0.7678829152232772
 0.5516379776499861	-0.18327934640309404	 0.8136978694799982
 0.47298849271842414	-0.16229310375001701	 0.8659923984834622
 0.424059447325931	-0.104892438074513	 0.899539416350618
 0.3719947880442948	-0.046761819426539876	 0.9270562064469445
 0.31643646306503204	 0.013266072576758704	 0.9485209413404012
 0.29029459307466093	 0.10661911656983798	 0.9509791865301178
 0.207978416853199	 0.157840898387438	 0.965314057143831
 0.12809212344826099	 0.19425646739952496	 0.9725517121387288
 0.036504982155478996	 0.17378328071287097	 0.9841070864608688
-0.0112915010059001	 0.16088474916164	 0.986908607466887
-0.10603333945150095	 0.12955490397867994	 0.9858866353591765
-0.19023521795131093	 0.14162755705280597	 0.9714690921147577
-0.27020732649398493	 0.15016774556199997	 0.9510192684177328
-0.3479837461258409	 0.15772613166474994	 0.9241373165402967
-0.423893558511674	 0.164645352247544	 0.890621220854069
-0.4977177944439279	 0.17100096453354596	 0.8503150399836927
-0.5689264288360519	 0.17696914240580996	 0.8031218096951478
-0.636687112985345	 0.182814141513472	 0.749138511772742
-0.7001860616715133	 0.18825144365825608	 0.6886950508037053
-0.758665506678236	 0.193313106567425	 0.622138804292022
-0.8112657675928038	 0.19888423215847295	 0.5498117100706329
-0.8467452711060792	 0.13403871738485204	 0.5148359623232591
-0.871679049236228	 0.114834508595128	 0.476433280489872
-0.9148101908388776	 0.07438387320442967	 0.39697525633777686
-0.9351114150942685	 0.0047398391776972484	 0.3543221349068728
-0.9498666625812165	-0.018191007689490692	 0.3121256326482369
-0.9718798313742772	-0.06626573988378351	 0.22596115835594704
-0.9790569830921546	-0.09097892381860245	 0.1821270415926679
-0.9909449831289843	-0.09135468455213372	 0.09839899400846162
-0.995734299882054	-0.0911363880631816	 0.014400097541093
-0.9857143743996595	-0.16490424279186508	-0.03426022199475051
-0.9679496943478197	-0.23739912381419795	-0.08194537951717458
-0.942849898706767	-0.30725753884937	-0.128945233835405
-0.9109051551360938	-0.37329658763195894	-0.17578809973608597
-0.8726281980627276	-0.43491084493248583	-0.22219942598015088
-0.82843544846905	-0.492179046877095	-0.267309733333896
-0.7785914139408612	-0.5453526381868561	-0.31046080293687106
-0.7230155406146224	-0.5949524052698723	-0.3511127503998382
-0.660865092430249	-0.615468264642301	-0.429483579226672
-0.6274723686650994	-0.6234692053706962	-0.4664381808088212
-0.558642700786133	-0.665397256558384	-0.495141216041395
-0.484546479739491	-0.704834603651429	-0.518095445326052
-0.4076627255637658	-0.7441902600772786	-0.5291426641200218
-0.32980884778980896	-0.7792609635167148	-0.5328963076045469
-0.25033712202788094	-0.8094004835192178	-0.5312270537290569
-0.169444117317324	-0.834507046623296	-0.524296366802801
-0.13326343837725893	-0.8570930663314414	-0.4976266990811867
-0.06056727884588421	-0.8963117711640682	-0.4392684983081941
-0.02404043296276742	-0.9127282592790655	-0.4078592677583403
 0.05751590913437148	-0.9203248151603388	-0.38690328868663687
 0.138731269455189	-0.921384470428472	-0.363048609043742
 0.219286848825615	-0.915660532445349	-0.336866542200368
 0.2991306620017361	-0.9027632863730365	-0.3090943154238821
 0.378117102181293	-0.882108391154562	-0.280913230896539
 0.4556804413145729	-0.8533734422313988	-0.2531977557117949
 0.5314265302121508	-0.8159280242560887	-0.22770002683405588
 0.5580559055135428	-0.8162513591888206	-0.14935636894308493
 0.58142497993515	-0.810556078876114	-0.070312415008941
 0.601159380773398	-0.799076124079396	 0.00920580438605074
 0.6168501983950462	-0.7820112420579913	 0.08918660232854414
 0.6657018611252226	-0.7290697393891056	 0.15905454159349489
 0.6870893640040111	-0.7001545913611871	 0.19414364287406605
 0.7233674470998719	-0.6378798949110669	 0.26428919036627396
 0.7381832178721344	-0.6046653411513402	 0.29910760950245713
 0.730464642697932	-0.567816872830644	 0.379480440466977
 0.7162597043058595	-0.5266038686480466	 0.45788688724683274
 0.6951378458153858	-0.4819717234806839	 0.5333728837128899
 0.6682213417455128	-0.4340883610776139	 0.6041916361658589
 0.63661273147008	-0.383213520038874	 0.669232118318913
 0.600939543936648	-0.32995640737225	 0.728011286840535
 0.5615810979484871	-0.27506683541540705	 0.7803620355203892
 0.518855719818652	-0.219069683372146	 0.826315445721969
 0.47919685924757	-0.208436346870296	 0.852598768114657
 0.4317118296505349	-0.15145391301111596	 0.8892056052305388
 0.38121033682221817	-0.09354659958430055	 0.9197432863609855
 0.32751793594459694	-0.033911213949134496	 0.9442362157866467
 0.27061848859072896	 0.029709449550435592	 0.9622281341970208
 0.2555245083506459	 0.08010964592968665	 0.9634779033590656
 0.1735320551389949	 0.11960211977732892	 0.9775387249536494
 0.121641964536111	 0.142657845399593	 0.982268787862946
 0.07066351733978297	 0.13540179423773394	 0.9882676871346006
-0.023302426773348397	 0.11502541638828997	 0.9930891956371157
-0.06789413717335487	 0.09839419989109754	 0.9928287705164855
-0.15444817663773905	 0.11254216002841806	 0.9815701823860664
-0.23510082908889288	 0.12122786932926194	 0.9643813581045636
-0.313603808578339	 0.129106697710137	 0.940735941617808
-0.3903696261828219	 0.13652986011201498	 0.9104785292645168
-0.465256523053843	 0.143482262811293	 0.873469637717534
-0.5378543392448958	 0.14999182634698094	 0.8295873442769807
-0.6074858818241079	 0.15623859463976997	 0.7788134596483138
-0.6732751688661109	 0.16220975862544398	 0.7213796096335029
-0.7344236673021022	 0.16767941760895505	 0.6576514957155142
-0.790124357057946	 0.173013004108059	 0.588022109102432
-0.8261085033579072	 0.10710891496077603	 0.5532381232486461
-0.876583169405511	 0.0680271336681199	 0.47641815267671
-0.898415508536735	 0.0477630806113531	 0.436541249083283
-0.9190818391614748	-0.020990308938588692	 0.39350728056063194
-0.9488386431438545	-0.06659026230892243	 0.30865995244371813
-0.9598988879604182	-0.09062938880135751	 0.26529311860250904
-0.9741483329132993	-0.14005133641426604	 0.17725870543027705
-0.9856082423061132	-0.14076916451691904	 0.09359719557477582
-0.990004985249803	-0.140691948283766	 0.00979310311677795
-0.9760477043789182	-0.21414051218090804	-0.038402080927242906
-0.954502531230256	-0.285670373908565	-0.0855415416389885
-0.9258931189563	-0.353886627090865	-0.13223534866149
-0.890768891724958	-0.417850354614096	-0.178694887123175
-0.8496148436002348	-0.4773453602214619	-0.22426775204917795
-0.8027911204713922	-0.5325274152341272	-0.26821813681469503
-0.7505133895388953	-0.5836137668745432	-0.3100397123552801
-0.6924739188814151	-0.6312749336502181	-0.34924465609931404
-0.6614041731936722	-0.6416256087146722	-0.38840841639120205
-0.5949635491687859	-0.6582854769295489	-0.4611709076081429
-0.524668311167592	-0.698147319279545	-0.487148318111981
-0.4491683063660339	-0.7374409741276798	-0.5044092011788519
-0.37279932122707216	-0.7747020561660254	-0.5107419997070602
-0.2946795952087579	-0.8070662717191407	-0.5116717397130398
-0.21449193484162485	-0.8346109317670224	-0.5073635801502496
-0.14216614636754293	-0.8794128007797826	-0.4543367832914928
-0.10573501198446603	-0.8988820875059282	-0.4252424014625421
-0.03251294177803561	-0.9313837139499974	-0.36258417782033414
 0.04915276301294128	-0.9386352141908435	-0.3413911840822828
 0.130402674049278	-0.939264666104195	-0.31745398030104
 0.211129365781662	-0.933015215656625	-0.291388054418596
 0.2913127028513679	-0.9194988481818526	-0.2639294931410229
 0.3707483867564729	-0.8982211129573597	-0.23610265977983994
 0.448824753907731	-0.868893899211231	-0.20875759194139
 0.5249201530627331	-0.8311781573721172	-0.18330767473319004
 0.5499866899417309	-0.8286064201603848	-0.10452770616410997
 0.5716788326234702	-0.8200885877818014	-0.02525906808092711
 0.5896376067248872	-0.8058330898193933	 0.05441069828514612
 0.6034378506536121	-0.7859942660827722	 0.13444617541437703
 0.628086333441764	-0.75946062680276	 0.169490749246205
 0.6711983106077621	-0.7013630294347141	 0.23996401559285205
 0.689448713180935	-0.670001070602207	 0.275243596265289
 0.7190766854667537	-0.6031442547371778	 0.3451749243437039
 0.708315832742659	-0.563910625243089	 0.424609806556587
 0.6907729601850142	-0.5207345076314062	 0.5016655160952461
 0.6663887170368205	-0.4746180132627683	 0.5750337549157644
 0.6367884876837168	-0.42542229604482695	 0.6430523244506878
 0.6028258812587588	-0.3735653183296148	 0.7050176663218407
 0.564993756283995	-0.319758679605436	 0.760615830874621
 0.5236818641429238	-0.2645936050854679	 0.8097823962742507
 0.4437476800162	-0.243040651894381	 0.862565497806975
 0.3960892625761828	-0.18615312246559992	 0.8991442103846096
 0.345655654610302	-0.127627522075347	 0.929641535240778
 0.2923684317441181	-0.06659697007498343	 0.9539840374431414
 0.2369501489122719	-0.0026401396162370086	 0.9715182224710246
 0.18836607622196797	 0.07113682742418968	 0.9795191540305688
 0.14333660907974502	 0.08757148208248261	 0.9857919922698692
 0.06066457009693239	 0.07977153851308429	 0.9949654826064118
 0.014518261106685807	 0.08490208497197894	 0.9962835219262884
-0.08209709323352889	 0.054633374017030785	 0.9951257517148878
-0.16313907295446903	 0.06270231511000231	 0.9846085834256182
-0.24263773728872995	 0.07082542053408929	 0.9675281330532848
-0.320861687457089	 0.0788958561103659	 0.943834318835039
-0.39758082074991	 0.0868246388825631	 0.913450038619924
-0.4724702949719179	 0.09447335570207137	 0.8762685692363608
-0.545076847393251	 0.101771925542096	 0.832186100344922
-0.6147415420115987	 0.10875500986408992	 0.7811947160309415
-0.6806101961394219	 0.11530766352730097	 0.7235149643531449
-0.7418222756736289	 0.12124169763881297	 0.6595454207771119
-0.7975407548251964	 0.12698393147030607	 0.5897489512845282
-0.8309106660359912	 0.06076803536961502	 0.5530774909042521
-0.8564042575045422	 0.04105692860498881	 0.5146708427156321
-0.9005404398824722	 3.8039976167310405E-4	 0.43477209136777006
-0.918218558375071	-0.068696171396507	 0.390071166700473
-0.933228363695029	-0.0912845538389045	 0.347493814945721
-0.9554123766235424	-0.13914177174007206	 0.26043570790425113
-0.9624727009569555	-0.16390162422856908	 0.21629275875040307
-0.9772894774971095	-0.1650393492706851	 0.13291835977672806
-0.9849658725716588	-0.16556181139432197	 0.04931040941811199
-0.970947406476145	-0.239290041903478	 0.00118730917619627
-0.949262550492337	-0.31115675048931	-0.045629889959507
-0.9205630937909738	-0.37963947870867093	-0.09185562887379198
-0.8854728095091848	-0.4438208436280249	-0.13769881038418297
-0.844494743456542	-0.503464722985957	-0.1826250283585
-0.798007246683148	-0.558666363601928	-0.22600072659392
-0.7462908055283364	-0.6095545420604502	-0.2673822990351861
-0.6894926583753848	-0.6562327192298988	-0.3065264951983399
-0.6279715445427739	-0.6765131338882969	-0.38468392079887886
-0.5938177441623033	-0.6863710374106663	-0.41985150437005614
-0.5280082689266562	-0.7235902662078223	-0.4445496536882792
-0.4556920492554332	-0.7610296739681983	-0.4617126721081432
-0.3815876465706772	-0.7975638743801874	-0.4672073782254692
-0.303537143772771	-0.829625225927803	-0.468601309061883
-0.223450921801093	-0.857023998496608	-0.464305450697198
-0.187328030841042	-0.879203137682869	-0.438075394823558
-0.11437440037854903	-0.9177510366787183	-0.3803308181217841
-0.07770195788593019	-0.9338630357159108	-0.34908772001340393
 0.004102209823817028	-0.9441972491993665	-0.3293550158702778
 0.08557243352415209	-0.9479710751791958	-0.30664017878346295
 0.16656985212066008	-0.9449641272599505	-0.2815977318025511
 0.24709706658081612	-0.9348648593801334	-0.2548935746214861
 0.32707628790313803	-0.9172439332965943	-0.22734262407673705
 0.406091498932982	-0.891687734448875	-0.199956692130562
 0.48343856892646714	-0.8580625660751352	-0.17325063571278404
 0.5084744018749111	-0.8559293791411022	-0.09401425722239623
 0.530309374728631	-0.847675959563792	-0.0147456655507022
 0.5486302612967181	-0.8335570061277262	 0.06471131218633151
 0.5630046672699118	-0.8137359562991267	 0.14442831460015695
 0.6126400288995949	-0.7606541459102628	 0.21465662183923495
 0.6343815839730762	-0.7314872761581792	 0.24997273998278005
 0.671015826470895	-0.668467440055026	 0.320763218296397
 0.6857658902426881	-0.6348777211578531	 0.35588681200216604
 0.675413539685399	-0.595396962640185	 0.435108040937515
 0.6580998225992609	-0.5520405935192629	 0.5120115297546739
 0.6333939554981804	-0.5061966357866823	 0.5853008312454494
 0.6032924660863429	-0.4575173119584049	 0.6532351105243919
 0.5687773860534802	-0.4063112189359651	 0.7151247992350291
 0.5303817198519211	-0.35322367399545607	 0.7706674168382042
 0.4885844945215329	-0.29872372989472595	 0.8197861458398288
 0.4483042490937271	-0.2878639951079531	 0.8462609648122721
 0.4019055860896449	-0.23169815031686394	 0.8858825356725818
 0.35286210729242695	-0.17390415308730697	 0.9193724374681538
 0.301247896694437	-0.11385622859277	 0.946724069593569
 0.24712825489163695	-0.051100895580950184	 0.9676343958877438
 0.19250076366875696	 0.016779450419890197	 0.9811533550014248
 0.10578098614851596	 0.05454023545146358	 0.9928926153851415
 0.025682737002714593	 0.04178051622405509	 0.9987966687389888
-0.04734287128421619	 0.025436931422887093	 0.9985547631744358
-0.12636063865434097	 0.033214356086794995	 0.9914281595499528
-0.20612666183664993	 0.04129354644678819	 0.9776536412768718
-0.2849145395101819	 0.04953857094040549	 0.9572719755455518
-0.36242530263628214	 0.05779842884348003	 0.9302189213471335
-0.4383007460968149	 0.06592679146274039	 0.8964073371734548
-0.512131458657231	 0.0737851192260483	 0.855731923697144
-0.5833699480060861	 0.08131498047652551	 0.8081258427457192
-0.651259239596	 0.0884603802197619	 0.753681739179221
-0.7149207874842929	 0.09494478466668937	 0.6927292079069819
-0.7734872268795256	 0.10087726429871696	 0.6257326005585997
-0.807180457209268	 0.0341961056332807	 0.58931344449194
-0.8585295499866127	-0.0057270208702813775	 0.5127321064959128
-0.8808177205943538	-0.026078649640626693	 0.4727367630297949
-0.898938210949875	-0.0946031224146148	 0.427738637632426
-0.929109222111273	-0.139107396078369	 0.342644401302693
-0.9402353563603488	-0.16290901183569198	 0.29902864162592596
-0.9541830316923527	-0.21239109241940796	 0.21077183372377195
-0.9684348523896188	-0.21404028453704996	 0.12775246875264698
-0.975616962626076	-0.214871038384724	 0.0447434810865287
-0.957615314148903	-0.28803933950986	-0.00249980043639059
-0.9322553100061077	-0.35850751999479097	-0.048707238400475285
-0.9002437419263137	-0.4250167064254089	-0.09445636231512618
-0.8621749684837663	-0.4870061486601702	-0.13956838785056205
-0.8184897077184945	-0.5444477049024197	-0.18344289298138888
-0.769520738054877	-0.597455367224083	-0.225576855813298
-0.7155043352059098	-0.6461277218051679	-0.26565487651540093
-0.6565849949047666	-0.6904467437325497	-0.3036106693366139
-0.6263161390754343	-0.7000655526223932	-0.3429815096548861
-0.5566736877312001	-0.7224172258745502	-0.4101557718080601
-0.4954513593042721	-0.7522666040116842	-0.4343073877477531
-0.4240181705003838	-0.7902097324161077	-0.4424671398876658
-0.34741827585775703	-0.8245093652476962	-0.44663726693914013
-0.2682062446096348	-0.8543438577049515	-0.4451538870483087
-0.19617622257456904	-0.8981486813996422	-0.3935020149839861
-0.15965880064825005	-0.9172381121323532	-0.3649428900902701
-0.08634740290544529	-0.9491260459646887	-0.3028264765223149
-0.004594131840556131	-0.9591795007149913	-0.28276063969508203
 0.07668703577679681	-0.9625789162744123	-0.25992485161628204
 0.15754452068186403	-0.9591306331904812	-0.23504925543117205
 0.2380803543201579	-0.9485400702058315	-0.20878093806835993
 0.318219421545694	-0.930422695919574	-0.181796607968564
 0.3974870585783991	-0.9044383671922702	-0.15490409359753102
 0.47510677476220176	-0.8704704087628077	-0.12866553556943294
 0.4985407136422398	-0.8654685739257917	-0.04920675144675618
 0.5187514379167089	-0.8543945376779167	 0.030115106599279694
 0.535381170161325	-0.837479409428906	 0.109522789497444
 0.547929071838583	-0.814861912124781	 0.189139621450543
 0.5729168239747636	-0.7883223381540675	 0.22430827887970087
 0.6166485472288491	-0.7299297494971501	 0.29486798741060005
 0.6350052496324562	-0.6983130211518692	 0.33034414998448414
 0.664269929207284	-0.631022557448196	 0.400694388708512
 0.650822701575326	-0.589308458490796	 0.47869129077663
 0.6295675124041089	-0.5447508171246739	 0.5539777022293428
 0.6017499699535701	-0.49772605885725213	 0.6246324871436841
 0.5690935944408881	-0.4480277200955531	 0.6894952086797491
 0.532288128106173	-0.396173522103211	 0.748141623665976
 0.49187029549005223	-0.3426975752837302	 0.8003886457897693
 0.410801256043848	-0.320798237052433	 0.853423001293525
 0.36415653993212505	-0.26470206894614007	 0.8929293528159412
 0.3151577023219641	-0.2065942289190091	 0.9262798968154824
 0.26409829721391986	-0.14616756782415793	 0.9533557213994566
 0.2112115389986929	-0.08270310416809126	 0.9739352557304646
 0.15764015714733293	-0.014209643813535193	 0.9873943826441676
 0.114961480835147	 0.00583703411053888	 0.993352800850223
 0.03744714790668242	-0.009425377920203454	 0.9992541585426185
-0.04594820776464458	-0.022624313436463088	 0.9986875901125165
-0.13085115779628007	-0.01844710337739581	 0.9912303863786445
-0.210610562453334	-0.00987246688955116	 0.977520191801993
-0.289549184577473	-0.00125015803113344	 0.957162319993541
-0.36717985900520395	 0.007532067832701908	 0.9301194649587128
-0.4431470626840419	 0.016312784295147195	 0.8963004930842368
-0.5170233069709327	 0.024928406226283083	 0.8556082483308924
-0.5882698956996523	 0.03324284962449981	 0.8079810905970284
-0.6561624230842489	 0.04106047824439759	 0.7535017661947108
-0.7198150247907951	 0.04803755675628131	 0.6925017857206681
-0.778336485919511	 0.0543351567093657	 0.625491810843144
-0.809390914703668	-0.0124749869031381	 0.587137736733832
-0.8352152896007421	-0.032520817638917905	 0.5489606692990351
-0.8801081991023938	-0.07327605164166599	 0.4690844040559749
-0.895089753061207	-0.142180719488558	 0.422609721812624
-0.910228727883182	-0.163871379697563	 0.380302292725381
-0.932500261769007	-0.210721475809952	 0.293325282635523
-0.9393816403130254	-0.2354669100660471	 0.2492337619720851
-0.956976339860188	-0.23759244273288	 0.166571654563497
-0.9673375968537272	-0.23917432696381605	 0.08398580257794452
-0.949161241848136	-0.31259792633276	 0.0370873755577633
-0.923582658637166	-0.383303785003587	-0.00856043612369465
-0.8914246219071053	-0.4499883149368251	-0.05359720028220801
-0.853332231625012	-0.512091132468264	-0.0979120754414284
-0.8097629273284254	-0.5695559525489432	-0.14103197665978107
-0.7610229177292127	-0.6225064898919128	-0.1825644782901809
-0.7073077726366864	-0.6710428061925174	-0.22229994832433314
-0.648671665197132	-0.71521707828346	-0.260172253905083
-0.5906117436310209	-0.7326045170098467	-0.3383317749515919
-0.5547446307713121	-0.7453840411547851	-0.36967692086761705
-0.4818746277792498	-0.7922705600646637	-0.37430495956830984
-0.4343311111065991	-0.8082584019989573	-0.3975862692837861
-0.3569435542163328	-0.8432143617524724	-0.40197119204960774
-0.2772760117371271	-0.8733368283814064	-0.40050068352982715
-0.24141842599594995	-0.8949270028035928	-0.3752636449785889
-0.16837401618705397	-0.9326162720176028	-0.31918189146790693
-0.13173134891501997	-0.9484339618575498	-0.28830517114373994
-0.04983806257788821	-0.9616534040558032	-0.2697014979312661
 0.031493974634194795	-0.9682401644130447	-0.24803046905398696
 0.11236715497726306	-0.9680572636073345	-0.2241400385013701
 0.19296850799133008	-0.9608750441760634	-0.19870154605148008
 0.27337092378320815	-0.9463531015016726	-0.17229087412884211
 0.35324718179801023	-0.9241361829359617	-0.1455635391858641
 0.4319067124517251	-0.8940107997385243	-0.11916913060867403
 0.455087559316358	-0.889591034630957	-0.039026970926576
 0.4753375880412829	-0.8788735459131137	 0.04044091602827339
 0.4923185541453708	-0.8621729386631857	 0.11950006310081494
 0.505542518777216	-0.839651910601808	 0.198523123920418
 0.555776936211665	-0.786667472165843	 0.268823892932488
 0.5777658632256096	-0.7574971940377885	 0.3039483645556318
 0.6143744690071438	-0.6943690886647158	 0.3746939825232349
 0.628802280579284	-0.660755446919543	 0.409890145410263
 0.6158933440836387	-0.6188865732258607	 0.48749851096616065
 0.5945627933562468	-0.5744803371294359	 0.5625543769344139
 0.5662462355582778	-0.5280062763491398	 0.6329096087530947
 0.53306058280832	-0.479015700768874	 0.697416929442467
 0.4957077251111342	-0.42794613303600815	 0.7557353759648093
 0.454777467495573	-0.37517899410598	 0.80772407258911
 0.41400107639664985	-0.3642150964275228	 0.8342364606493207
 0.368492040731618	-0.309083127638486	 0.87674468126511
 0.320586866674248	-0.251958643866098	 0.913094136821141
 0.2706527953566159	-0.1926186878000689	 0.9432100007293336
 0.2190627304601329	-0.13066028402236896	 0.9669226495964116
 0.16649482562888507	-0.06514918490794801	 0.9838877256804442
 0.0803962528945304	-0.0264617853803995	 0.996411670161987
-0.00165316956315004	-0.0404375545531708	 0.999180699979816
-0.08818604417696331	-0.04603822327821071	 0.9950395487666832
-0.1719622570288301	-0.03976661834124073	 0.9843005629497796
-0.251745089037264	-0.0310733925070654	 0.967294605807208
-0.3302432238930149	-0.022144118608486894	 0.9436360797912517
-0.4071829659126101	-0.013057140626154803	 0.9132532744804582
-0.482211057363524	-0.00399531463111399	 0.87604596547062
-0.5548654347489819	 0.004868607832321819	 0.8319258656746997
-0.6245364538748881	 0.013342419185584204	 0.7808816796619422
-0.690412775956392	 0.0210537284825063	 0.723109216725367
-0.7515737907028502	 0.027814389060064507	 0.6590623619125611
-0.7828868505091366	-0.03921665955401138	 0.6209269143090108
-0.8346789077852658	-0.07936602821907708	 0.5449882149763648
-0.857267310197799	-0.0995974817780661	 0.505146612865709
-0.8727756335992207	-0.16782096438312297	 0.45836537533827487
-0.9028732972617496	-0.2112374168588309	 0.37443098537715186
-0.914074231701067	-0.234029623625855	 0.331207539475847
-0.9277225055610122	-0.2831884206691291	 0.24317744770953206
-0.944407862110119	-0.286268764415412	 0.161691015534778
-0.954248711600645	-0.288132256813751	 0.0799324651935859
-0.932131238527333	-0.360515926607172	 0.0340532057826033
-0.9030472908448107	-0.4294029823651549	-0.010893540919202499
-0.8677814062474137	-0.4938715678294159	-0.05519334616578059
-0.8268987147081605	-0.5536506994733067	-0.09853638204597713
-0.780775234424755	-0.608800980475137	-0.140539672269011
-0.7296065433421082	-0.6594850277434262	-0.18098008203841906
-0.6734577739761693	-0.7057856167806333	-0.2198210404320841
-0.6120380058885898	-0.7479022473820918	-0.2570052678618379
-0.5857698648033781	-0.7547904610583932	-0.2952372357672561
-0.5192723117559019	-0.7787388384512508	-0.3520256918625089
-0.4019183131262822	-0.8344354789125303	-0.37706644123514915
-0.321922689955588	-0.867401642575336	-0.37944719283369
-0.25061503495809506	-0.9101906299181632	-0.32976525205383606
-0.213963635258067	-0.928825098014238	-0.302495454653445
-0.14053523287582195	-0.9601885876597736	-0.2414285079448319
-0.059108243674072414	-0.9732099693713913	-0.22219039368501606
 0.0215908319033516	-0.979494809445353	-0.200309146689144
 0.10194240224706803	-0.9789829438935792	-0.17663561982102702
 0.18241281696030204	-0.9714413198303973	-0.15174757439505704
 0.262888800710823	-0.956559365751339	-0.126030386233722
 0.34293067228134394	-0.9340245625379477	-0.09998335153644737
 0.42180073387958683	-0.9036522011362615	-0.07414067898415597
 0.4434341656381029	-0.8962876449923878	 0.005882021662606509
 0.4621115129432231	-0.8827229734189282	 0.08516514430077253
 0.477489578450764	-0.863213971230547	 0.163906504884034
 0.488982335041819	-0.83787756294814	 0.242605576038838
 0.5142571505092849	-0.8114145875077998	 0.27775159824853896
 0.5580579414460409	-0.7533265196286237	 0.34795184841186294
 0.576233137232407	-0.721949090196211	 0.383072946995949
 0.6049736605456578	-0.6547649004351707	 0.45308916915338876
 0.588417367073803	-0.611168682472503	 0.529374955670136
 0.5629174075847481	-0.5661582087702881	 0.6021535309869781
 0.531762111678089	-0.518787190188861	 0.669394433708263
 0.4961947199956447	-0.4691034603448507	 0.7305701495003275
 0.4567296696710679	-0.41754135752251287	 0.7855298998767738
 0.37485942912188996	-0.3955337843455769	 0.8384708902756718
 0.329059660719252	-0.340497641960616	 0.88078436379547
 0.281077268906924	-0.283292381553813	 0.916919296043765
 0.23135775614904	-0.223776398451502	 0.946782822069431
 0.18044819346568303	-0.16172053180659202	 0.9701983916020293
 0.12937896939103596	-0.09650748013537319	 0.9868877284459637
 0.08553840293532962	-0.07761444085154752	 0.9933071932663002
 0.0016265513983607805	-0.08909500859811141	 0.9960218038644792
-0.08546964487859358	-0.09406894802047037	 0.9918901011819048
-0.17104921003516096	-0.08952404901454149	 0.9811868386777258
-0.2531357920974351	-0.08175582529191264	 0.9639700492183575
-0.33227238238349294	-0.07256601450295108	 0.9403878122585148
-0.409504014648064	-0.0629842973925286	 0.910131551078792
-0.4846629831288091	-0.05327721895397771	 0.8730769328788922
-0.5573587882219367	-0.04367704984632378	 0.8291221240013417
-0.627022731219095	-0.0344784903428612	 0.778237578274285
-0.6928560895928667	-0.02621715172242159	 0.7205991257763537
-0.753916473225115	-0.0191081123044744	 0.656692341545083
-0.782576001053248	-0.0861565877051664	 0.616564550530201
-0.8085298619591503	-0.10616515607141604	 0.5787991205562162
-0.8537930658918843	-0.14659939148109105	 0.4995458127662672
-0.8659155850247512	-0.21522244448212205	 0.4515191014811921
-0.8805043437975713	-0.23797625584770005	 0.40997487996988113
-0.9029767754969972	-0.28085425027962907	 0.32519814423350113
-0.9099087587400212	-0.30520846664501705	 0.28091607760395504
-0.929783044552724	-0.3089894843913	 0.200072458369127
-0.9426795886093414	-0.3117614703933721	 0.11899570915577405
-0.9202600387820608	-0.3842953296415129	 0.07374659745751928
-0.8908823142748062	-0.45326691366010713	 0.029627809460141208
-0.8554258186243048	-0.5177436890973909	-0.013716458389921197
-0.814491156193465	-0.577455069377769	-0.0561230730853981
-0.7684314721623	-0.632473830813787	-0.0974162508322587
-0.7173437765681979	-0.6829948951818299	-0.13760770099974998
-0.6609442680789751	-0.7292591062854481	-0.17701364465288402
-0.5976704439683764	-0.7711951891112866	-0.21919858735459713
-0.5293440576155951	-0.7930801230183242	-0.30136155551147803
-0.490775825286027	-0.808093281852167	-0.325767305204518
-0.4133682030674699	-0.8474868516962738	-0.33300565294707696
-0.3315649275513847	-0.8823036949027963	-0.3340731787778217
-0.29626462445606994	-0.9037424080284738	-0.30899341777261097
-0.22318670644497404	-0.9404352260111652	-0.2564552197627761
-0.18604084009730898	-0.9561302720529907	-0.22628236493319895
-0.10444065581892897	-0.9724682230272927	-0.20832115738506193
-0.0238591930490414	-0.981988991402695	-0.187425611032661
 0.05618642705833812	-0.9847548972960974	-0.1646234420298961
 0.13648055434602593	-0.9806187010328046	-0.14057034349440994
 0.21700725525672004	-0.9693039172889772	-0.11557580669927703
 0.29740539978718294	-0.9504999402446138	-0.08999939873361089
 0.37706258201578197	-0.9239506342450777	-0.06433533027591219
 0.39837032794100813	-0.9170838855497372	 0.016069495361408403
 0.4169573414398449	-0.9038878787720368	 0.09556818523130349
 0.4325138920644029	-0.8846499336418497	 0.17414427374672098
 0.4447138835732088	-0.8595366088757057	 0.2518459444971999
 0.4955578249064501	-0.8068359821180462	 0.32161800343512503
 0.5171225045946489	-0.7779097233260448	 0.35698848384304194
 0.552812463375644	-0.716207698002354	 0.42596351212131
 0.5673511489218237	-0.6825898905441865	 0.46063403602421965
 0.5514538041877182	-0.6389469506340522	 0.5363259234107001
 0.52545089593416	-0.594633795813915	 0.608532665382824
 0.49381684251865987	-0.5482231906001669	 0.6749787102813499
 0.4578990471322911	-0.49943109495231613	 0.7354570307163231
 0.418005957959968	-0.448500178644917	 0.790011777675148
 0.376940237095756	-0.437507437383475	 0.816396533488684
 0.3322269569377648	-0.38359407123449873	 0.8616732777553304
 0.285190053886308	-0.327489313300957	 0.900787090736758
 0.23630436365298493	-0.26910767508477895	 0.9336708771987178
 0.18607418706065	-0.208323614262307	 0.960196682274214
 0.13524241204162502	-0.14482326418936603	 0.9801712667359213
 0.04595317246023822	-0.10823280450526204	 0.9930629214555164
-0.040151710928799	-0.117269029342496	 0.992288171282193
-0.12725525754876396	-0.11650728672231597	 0.9850036302302658
-0.21176199135282198	-0.11065354866052497	 0.9710368948640008
-0.293052578320684	-0.102338001342022	 0.950603555548221
-0.3715714368787869	-0.09281582186809348	 0.9237531545314388
-0.4479469308480139	-0.08289762030894769	 0.8902087011993077
-0.521987711183861	-0.0728911834322507	 0.849832751046275
-0.5932608327620189	-0.06308319098012248	 0.8025347938415388
-0.6611076632747763	-0.05395809485787382	 0.7483483023022593
-0.7246176182994462	-0.04610267021811871	 0.6876073378380991
-0.753545424382401	-0.11320598269616	 0.647575245723726
-0.8054154416242588	-0.15314408679696898	 0.5725843650260829
-0.8280347220089996	-0.17334133981852892	 0.5332084761679958
-0.840663151395526	-0.240691821602613	 0.485131851046042
-0.868979368203279	-0.287074121816425	 0.403067371813148
-0.880701331266969	-0.304501103153027	 0.362828118098885
-0.894190610397877	-0.352523844340667	 0.275953060225013
-0.9131367908554622	-0.35722182674948305	 0.19640205620092305
-0.9257390844622034	-0.36000251715625414	 0.11578141103062506
-0.899533245067972	-0.430941755954163	 0.071618042368014
-0.8668822004843738	-0.49770347685029687	 0.028398936855033193
-0.8285531491199654	-0.5597359180347722	-0.013977880567505006
-0.78501068528707	-0.616998270688498	-0.0554198335664059
-0.7364486866485759	-0.6696521359593289	-0.09596535176143778
-0.6827315774918111	-0.7179125060833921	-0.13593831948573903
-0.62286078980277	-0.761987781711418	-0.177254215884368
-0.5594982097904279	-0.7996346319992708	-0.21805093108881093
-0.5322519983223792	-0.8061898482004973	-0.25839067115570014
-0.4554933476218682	-0.8344853934017383	-0.3100966598842531
-0.376740192705357	-0.871773905709195	-0.313172611390055
-0.305764784469374	-0.915266752732715	-0.262287376593897
-0.26972944862752896	-0.9330270574626368	-0.23813133894072594
-0.195180567787877	-0.964283381980865	-0.179058943349801
-0.11453803905767206	-0.9804492433471195	-0.16000099633716108
-0.03543574708725852	-0.9896963982270056	-0.13872760058784409
 0.0441137776981983	-0.992233127545058	-0.11630733089254
 0.12431314362370706	-0.9878834170114364	-0.09291176844835224
 0.20490374438341005	-0.9763688478668462	-0.06869008991714572
 0.2854375976432009	-0.9573909064346008	-0.043909339872192296
 0.3652620699809422	-0.9307119838376344	-0.018942633772851807
 0.38509994994533125	-0.9208479497141917	 0.061131678034166644
 0.40218241762949314	-0.9047549154869782	 0.14024209728839301
 0.41617926655542387	-0.8826863615209668	 0.21831079971972694
 0.4268107061734441	-0.8547798842072791	 0.29526931884352003
 0.4525522160204868	-0.8285302119624797	 0.3297486613170028
 0.4945880824811732	-0.7711693402592913	 0.4008496941643412
 0.5116539678695401	-0.7415666666673321	 0.43392291487228213
 0.5416439206144951	-0.6743457888236711	 0.5018761006036642
 0.5201415257180223	-0.6306864685311314	 0.5759230605171654
 0.490806594803365	-0.585981799511091	 0.644774547527482
 0.4568817865445099	-0.5388994198793648	 0.7077050574763339
 0.418757801763094	-0.48928954859641	 0.765008262110196
 0.336564247391555	-0.467241822410428	 0.817563200473418
 0.29149934594231797	-0.4134544255178969	 0.8626027876924968
 0.244286891550418	-0.357379761055086	 0.901445295625222
 0.19544386255633103	-0.2989741694821211	 0.9340321956825353
 0.145492273220013	-0.238126198437656	 0.960274914829552
 0.0951775175253751	-0.174523211979089	 0.980042289209098
 0.04997906098709208	-0.15627920780094692	 0.9864476178043906
-0.03680965313710699	-0.16433453488105898	 0.9857176117333768
-0.12404188749120697	-0.16435774952074098	 0.9785704575144788
-0.20920943853822205	-0.15947160490281403	 0.9647798806236803
-0.2916284973836859	-0.15186723880575093	 0.9443988359222235
-0.3711184350322661	-0.14251754064545402	 0.9175837061476042
-0.44789113305650513	-0.13225651600850402	 0.8842520833465152
-0.5220802060597892	-0.12167882334531306	 0.8441720928755393
-0.593380057146155	-0.111192850852492	 0.797205279523738
-0.6611802311930314	-0.10146141516366204	 0.7433345701045503
-0.7245429664740711	-0.09325238251369611	 0.6828919994321742
-0.750873708745225	-0.160356795795239	 0.640682738613641
-0.7767706896026848	-0.18031988443987298	 0.6034169661600179
-0.82174295925769	-0.220582510765021	 0.525434929230075
-0.8307934201053533	-0.2876664416915321	 0.47647697891312923
-0.8449670294427857	-0.3109855704791789	 0.43510768104961584
-0.8671850046147177	-0.3477058857389798	 0.35649794500648085
-0.873101018868021	-0.372783450866614	 0.314208703908091
-0.8951418517220512	-0.3788797549913141	 0.23488549668580905
-0.9107858757316616	-0.38273032978551685	 0.15487602535570094
-0.8841939027788598	-0.4535639880558059	 0.11171772924473997
-0.8512550095418092	-0.5201055592422081	 0.06967866226704221
-0.8127683126937257	-0.5818945161451089	 0.028397921776842992
-0.769138351324316	-0.638963530904976	-0.0123208236558617
-0.7205098752898603	-0.6914373502346643	-0.05272485476752082
-0.6667081679608011	-0.7394178684802071	-0.09360253493650482
-0.6079357411637991	-0.7824599638915622	-0.13479814361643702
-0.5430150922855451	-0.8205611549065083	-0.17836479643869904
-0.4781915965332449	-0.8487904384495468	-0.22558277549851294
-0.4578685597077061	-0.8485656540718403	-0.26512772914356003
-0.3852606544975743	-0.8832854672007125	-0.26717225067008715
-0.349239281209227	-0.905568258284659	-0.240786324461652
-0.27788159261960993	-0.9410168038629148	-0.19305231242027093
-0.2407591800913581	-0.9566732744541785	-0.16374145213371408
-0.1596384564372619	-0.9763672463436396	-0.14567966053525494
-0.0811741545901993	-0.988836401457915	-0.124953302390644
-0.0021728030982249903	-0.9946527375568952	-0.10325313843787402
 0.0776686606893102	-0.993711418774665	-0.0806547912003457
 0.15813101987214	-0.985759422371109	-0.0572096299653682
 0.23881514260050205	-0.9705013957726762	-0.03308124042398361
 0.319166497543997	-0.947660009652986	-0.00855879372342731
 0.3386251557081588	-0.9381810386102816	 0.07175892079566708
 0.3556106113212972	-0.9223706415561574	 0.1509088887739081
 0.3696972719217859	-0.9004634939871098	 0.22910570296287994
 0.3805524859461468	-0.8726772246173746	 0.3059644866227519
 0.43251620220510184	-0.8209214331930307	 0.37285082185020885
 0.4530922782679029	-0.7921266793663608	 0.4089531895095379
 0.485598786850003	-0.734306407971736	 0.474328912698195
 0.502121394221021	-0.700246661513403	 0.507472874649347
 0.4806060642972871	-0.6576059942262402	 0.5801484011168091
 0.451025726412825	-0.614489866666583	 0.647285097833921
 0.41714568952361586	-0.5681258899102548	 0.7093817356864697
 0.378807408867113	-0.518790587594875	 0.766394985115605
 0.3377287108346099	-0.5077341803459678	 0.7925561935827647
 0.2937566675100549	-0.4551497159007188	 0.8405627617310216
 0.247412986854811	-0.400273872180155	 0.882364800513646
 0.19929208856756603	-0.3430674922188361	 0.9179255738985902
 0.14990098316887704	-0.28345275856375407	 0.9471980938048822
 0.09981722079850736	-0.2212135385961769	 0.9701036505311276
 0.00867592963873362	-0.184417348234697	 0.982809732305794
-0.07882215891183358	-0.18875627240308396	 0.9788555240141268
-0.165266902487914	-0.186278956878997	 0.968497290221363
-0.2493389260904161	-0.1802627508218411	 0.9514911668545435
-0.330658468824981	-0.171927876353598	 0.927957855900181
-0.4090960859341079	-0.16207368732665597	 0.8979824677295958
-0.4847560731304928	-0.15143252116637396	 0.8614405035150716
-0.5576080119240879	-0.14056060331993897	 0.8181173643386388
-0.6272509421836773	-0.13002082453079702	 0.7678872578172011
-0.6928952040940951	-0.12080494486893303	 0.7108462572445721
-0.719670466818654	-0.187538927197702	 0.668508466643883
-0.7713018275944102	-0.22769229559471404	 0.5943481381112691
-0.7935844009671345	-0.24767492865714483	 0.5557705715997496
-0.80188790776412	-0.316809817235135	 0.50656423391819
-0.8266767031405297	-0.35966299603063284	 0.43272180182072384
-0.8089977552236792	-0.4313912169027921	 0.39927966392264014
-0.8527069936145032	-0.4168266940951561	 0.31487503891324703
-0.874430996156678	-0.425356035515603	 0.233329543802085
-0.8899632957703855	-0.42962849597726116	 0.15292052715652704
-0.8599050879890358	-0.4982277493485819	 0.11105111178919097
-0.824019254147363	-0.562217309302475	 0.0700283222354271
-0.7828484207714582	-0.6215155452235451	 0.029441079143152606
-0.736649914612294	-0.67618574396623	-0.0109427125767029
-0.6854505878736112	-0.7262839014115812	-0.05166416682860041
-0.6293963904245	-0.771523338319013	-0.0928004426158415
-0.568085421585322	-0.811738894222906	-0.135495097284
-0.5012258503567392	-0.8463168141497723	-0.1803344033221151
-0.432017866659665	-0.871249631655697	-0.232990648367363
-0.364596817399944	-0.911244341842466	-0.191580036021301
-0.32360925364445203	-0.9312284855024462	-0.16760238287238402
-0.24905365868259793	-0.9614511627469468	-0.11655014692979297
-0.172327636205749	-0.98032183140584	-0.0962927446323914
-0.09468162102357403	-0.9926327859708303	-0.07560120935630911
-0.015847053010236395	-0.9983946432478078	-0.05437837111364749
 0.0639886307180888	-0.99742251898569	-0.0324618816316154
 0.14451088763884196	-0.9894545059430295	-0.009817536496985945
 0.22529748311523995	-0.9741971081371058	 0.013455058499998597
 0.3057787035144219	-0.9513773707985516	 0.03715484907080899
 0.32386480401920703	-0.9388459957638112	 0.11696061283978702
 0.339485686846278	-0.920058431855965	 0.195555491861655
 0.35209158380597	-0.895154811431562	 0.273366750326239
 0.36131945558394896	-0.8643898140791518	 0.3496834287362329
 0.38795625921783217	-0.8392989931983253	 0.38087680547650016
 0.425527138581101	-0.783471356762689	 0.452878888295107
 0.436311111631386	-0.755190074099607	 0.489204012502365
 0.473040917144547	-0.69145879173526	 0.546000943258398
 0.4461141198698561	-0.6504173713478311	 0.6147677895772691
 0.414321667044387	-0.606154567187327	 0.678906618685887
 0.378383258436194	-0.558112435683897	 0.738469104885368
 0.29653100609615	-0.535820284039151	 0.790547902176591
 0.25209372847323597	-0.4834062980560309	 0.8383120558981758
 0.20547854940463806	-0.4286872128251501	 0.8797760165489682
 0.15731329331106292	-0.37158846021779285	 0.9149724279892796
 0.10810153234338703	-0.31195471228089805	 0.9439270714365352
 0.058337981995229916	-0.24958067522037905	 0.9665951409009172
 0.012560411718191403	-0.23097495795386105	 0.9728786177399942
-0.0751488795795033	-0.235416517415411	 0.968984885963628
-0.16168651150751392	-0.2337425081033989	 0.9587606124064876
-0.245968474203632	-0.228417474887609	 0.941979281547055
-0.32765920834487594	-0.22056260915643094	 0.9186901428821997
-0.40654538115484584	-0.21088711716200892	 0.8889586474503516
-0.482521284877075	-0.200053530605133	 0.852731959371172
-0.555498104360953	-0.18870302052769	 0.809822836239578
-0.625132716811076	-0.17758270109685	 0.76004833441272
-0.6906082119702398	-0.16802303695324294	 0.7034405139116437
-0.7151324881068978	-0.23461785008119296	 0.6584375360482698
-0.740978901644601	-0.255149778804248	 0.621167334696299
-0.7844703346477787	-0.2958285684861809	 0.5450612370413248
-0.7939912838514898	-0.3686008132894719	 0.4834369468815999
-0.78288965281705	-0.443900232952308	 0.435931616996159
-0.829166523538808	-0.429541045636647	 0.35773924352235
-0.8532263996357038	-0.44370018749073087	 0.2741073778382929
-0.8716042491451373	-0.45069970851652025	 0.19281028399767808
-0.841296373610906	-0.518642912552848	 0.152413716600042
-0.8051931205276474	-0.5822629350484172	 0.11240068115341806
-0.7638163045667987	-0.6413611685540377	 0.07239132785713147
-0.7174532416439711	-0.6958668629897611	 0.03209602852919561
-0.6663309492778741	-0.7456057172091041	-0.008670668921417771
-0.610536553590747	-0.790387276148713	-0.0503296178383165
-0.550302571626198	-0.829733430134337	-0.0933247800913589
-0.485975888777095	-0.862735385514497	-0.139696421244301
-0.4162814149119859	-0.8900485855654517	-0.18580446424080796
-0.36160052180110996	-0.9207697369717158	-0.14638358552174596
-0.294265077392467	-0.950110163964997	-0.103434716404173
-0.21784532778986607	-0.9725536135700992	-0.08174889535564411
-0.14089467466813496	-0.9881273454515188	-0.06126205857702879
-0.06262513568078709	-0.9972149215456207	-0.04050299529324259
 0.016770486658232997	-0.9996743018242508	-0.019236451061539497
 0.09702362916080408	-0.9952784882822178	 0.0026732278485902495
 0.17777366655327004	-0.9837480002861392	 0.025226878784922607
 0.258540575249648	-0.964792027545563	 0.0483023243136693
 0.2762148405656021	-0.9524927523663123	 0.12830790521618704
 0.29178385005944013	-0.9338385947289094	 0.2069001301092531
 0.30507238950608295	-0.9088401747115298	 0.28450021791092694
 0.31506634011859114	-0.8768294868983683	 0.36318487334940114
 0.3662726891246369	-0.8289030976917209	 0.42280488625189394
 0.381518870637164	-0.803762395317316	 0.456518743559904
 0.4012641511213372	-0.7474322228256344	 0.5294640245633352
 0.431487570075007	-0.718685237661875	 0.54526141073586
 0.4050032997601752	-0.6787339134962923	 0.6126112975234602
 0.37341173968781405	-0.6343659609684651	 0.6768629848262321
 0.33766985914412323	-0.5861142784152155	 0.7365114519567224
 0.2969925043433801	-0.5748001229862372	 0.7624960793203164
 0.253697837432084	-0.523579613158087	 0.813327606790469
 0.2078798990486771	-0.4701418983343052	 0.8577601896813163
 0.160352802664342	-0.414348922783499	 0.895880543859417
 0.11166258313307903	-0.3560544347030981	 0.9277697489443733
 0.0622517964968241	-0.294987221730128	 0.953471159946046
-0.0294349570740088	-0.257136009430855	 0.965926837786396
-0.11680683924019805	-0.2584644791809811	 0.9589328836307675
-0.20229137696590901	-0.25514035968227805	 0.9455059998045672
-0.2853422931782201	-0.24873841028945007	 0.9255857491180772
-0.36572095210671485	-0.24006627128628988	 0.8992309884456026
-0.4432461645917321	-0.22976270959766207	 0.8664536541864543
-0.5178059195927988	-0.21846324360574393	 0.8271341129634987
-0.589211288832345	-0.2068610672738	 0.781049650124031
-0.6568665786906098	-0.1961142015358419	 0.7280559853165498
-0.6821198868190439	-0.26196462225820394	 0.6827056442502079
-0.7343393569797183	-0.3031557908937591	 0.6073238635507362
-0.7557441953790213	-0.3252070819516811	 0.5684110000689541
-0.7634856841237136	-0.3877503215448108	 0.5164680999636287
-0.7538007874887462	-0.4569315400385211	 0.4722265775021261
-0.8070582711863433	-0.46985800105063724	 0.3576176809924392
-0.829247787166361	-0.486396496866918	 0.275257252974892
-0.8472513399987733	-0.4948340302836992	 0.19314359772841108
-0.813846480033614	-0.560443854192921	 0.153481572946983
-0.774931089354946	-0.621719754631543	 0.113782043627501
-0.7309269516653499	-0.6784560070865119	 0.07377830153524939
-0.6821250738287722	-0.7304776241005442	 0.033283995290776816
-0.6287154066584427	-0.7775944070400387	-0.007992219363844567
-0.5709340478308518	-0.8194495346717967	-0.05036638912662718
-0.5090792674304556	-0.8554707089389615	-0.09491135664366802
-0.445355695412813	-0.883832753642162	-0.143171114938326
-0.3811753905151061	-0.9189239416366383	-0.10141060670679702
-0.313649530689046	-0.947514389475896	-0.0619713936801595
-0.234423748352073	-0.97155395269677	-0.0335920110717801
-0.15642045265976393	-0.9876154268255135	-0.012182392456878894
-0.0777943514618519	-0.99693369333369	 0.0084409701266122
 0.00176266872483189	-0.999571339865817	 0.0292237834275808
 0.08208799282247439	-0.9953487562610918	 0.05042236452086669
 0.162885403209403	-0.984005089737192	 0.0721271709732949
 0.24371345342068385	-0.9652510967331384	 0.09430839240087573
 0.26019310371493903	-0.9498078073350052	 0.17367981432698704
 0.274770444410995	-0.927986485549459	 0.251678933396795
 0.28755658334095696	-0.8994185140357688	 0.32917707694638293
 0.2995249905865931	-0.8599104777034934	 0.41332644525828616
 0.32792311240737704	-0.8333603911004352	 0.4449459415412041
 0.358195878179825	-0.771394830592473	 0.525971223728251
 0.398192881778212	-0.714035444353146	 0.575843566525292
 0.3692960938340759	-0.6707505852773797	 0.6432060691791908
 0.3358868863298788	-0.6242324026113506	 0.7053466574115735
 0.25550475775637593	-0.6010971650710459	 0.7572314817196968
 0.2114804141752891	-0.5501607056497232	 0.8078361420357764
 0.165249711981322	-0.497053870055673	 0.851839176695207
 0.11763332508852392	-0.4415786926958527	 0.8894777450760865
 0.06912819427670741	-0.3833348621796631	 0.9210188251027992
 0.0200225692338822	-0.321880428178329	 0.946568585300088
-0.02577197741324919	-0.3026610615007779	 0.9527497504756606
-0.11311186692104502	-0.30463849850663005	 0.9457278100961513
-0.19853207402472395	-0.30205713444983495	 0.9323875283976057
-0.28151604982030487	-0.2962407256293149	 0.9126829384688796
-0.36181579656930307	-0.28793751405974105	 0.8866686626638032
-0.4392848835518259	-0.27774952088245597	 0.8543324848865488
-0.5137692652224369	-0.2662557998111719	 0.8155666687522918
-0.585122008198705	-0.254189487590293	 0.770077879126585
-0.6527555678401505	-0.24306069106073983	 0.7175177134501686
-0.6758778006373019	-0.3083294675362199	 0.6694192543201269
-0.7022482175913679	-0.32759377754135593	 0.6320836636126039
-0.7415805839073949	-0.3734995275959899	 0.5572758208079189
-0.7469040239087611	-0.4300032218681571	 0.5071800550612231
-0.7576901693746907	-0.4874584895284538	 0.43392375853321385
-0.805827484796222	-0.500185153137062	 0.316949329275593
-0.825969371815301	-0.51248258968809	 0.234810970973731
-0.792299454160389	-0.577881185129729	 0.195741949541251
-0.753091077400882	-0.639044737879221	 0.156446962668045
-0.7088614045335051	-0.6956364897031722	 0.11664211656273703
-0.6599583716275059	-0.7474340988712829	 0.07613944814118649
-0.606661767879746	-0.794201285140517	 0.0347248912766141
-0.54924011240673	-0.835626257187494	-0.00800357559236862
-0.4882641038074082	-0.8711041941052413	-0.05268441843094302
-0.42489716482298484	-0.8996831167919426	-0.10016331007372396
-0.35699297794538504	-0.9319956645005733	-0.06277017643611392
-0.283888151321575	-0.958543053306213	-0.024550610941917
-0.20416274701619097	-0.9789364185868947	 0.0010300946884833797
-0.12530522023192797	-0.9918652832518158	 0.022402269135592595
-0.045972446564079415	-0.9980152787488702	 0.04303530574688361
 0.03408651889287119	-0.9973827753327278	 0.06376291006024949
 0.11471628850761503	-0.9897687728470143	 0.08484072988814571
 0.19560138463822394	-0.9748999203637457	 0.10634962906551197
 0.21177020040886105	-0.9594655731076193	 0.18595482311588102
 0.226605280099951	-0.937499199784863	 0.264093349847293
 0.24112690964323094	-0.9084836215100958	 0.34134340903817995
 0.2555228348866131	-0.8728141627201723	 0.41581668822522416
 0.3066976675455781	-0.8198988283442713	 0.4834278146753592
 0.31462592264562306	-0.7924795720517542	 0.5224812500751191
 0.32772831648181483	-0.7323178036363527	 0.5969127114186997
 0.328887958762366	-0.69773758248656	 0.636392156273893
 0.295135437183307	-0.650666667770092	 0.699662748166274
 0.25565053251109504	-0.6385843193984392	 0.7258463144807072
 0.21278031908908	-0.588678444688212	 0.779860387869404
 0.1671952006565131	-0.5369087746062503	 0.8269067254704385
 0.120096223612432	-0.482908510678988	 0.867396257420929
 0.07206668016399662	-0.4262029167142121	 0.9017524424111302
 0.02338764703504589	-0.36618393773544283	 0.9302485376020375
-0.06784503158561357	-0.32699649709373685	 0.9425870477454975
-0.15426544001557008	-0.3268465564488692	 0.9324020069446004
-0.23842664580248094	-0.3228726105681519	 0.9159181251161508
-0.319998425170062	-0.315990422674434	 0.893169110900457
-0.3987689063594969	-0.30681419422129197	 0.8642039166453658
-0.474636873372728	-0.295910044510543	 0.828949385664004
-0.5474409486607029	-0.28386556824557097	 0.7872285226629487
-0.6169674039121107	-0.2717176776631209	 0.7385937490632527
-0.6409567562932609	-0.33555919755544694	 0.6903437270649789
-0.6927699719313968	-0.3739363976279989	 0.6166371189923348
-0.7046767479778783	-0.4027341380990082	 0.5841539992749952
-0.7179610555107491	-0.4626635422293431	 0.5200715041815771
-0.756991346792847	-0.51897841792637	 0.397020783596267
-0.778826846278261	-0.54053291417999	 0.318202627588689
-0.7985258448901175	-0.5536469939370646	 0.23628686198554483
-0.7618305897333068	-0.6169855085521639	 0.19733989658259596
-0.7199074293977787	-0.6758631421608168	 0.15793133370674095
-0.6732138811009094	-0.7299951002962934	 0.11785679376453108
-0.62207203862799	-0.779174111803151	 0.0769030705042891
-0.566755311706213	-0.823151943817418	 0.0347749053542895
-0.507656976723878	-0.861512669879743	-0.00896178666611561
-0.44559320873081487	-0.8935426816399777	-0.05502879628534638
-0.37673069230402284	-0.9261642023010126	-0.017142224250690893
-0.30237062417015703	-0.9529932929169902	 0.019385285506829303
-0.222759087699193	-0.973763805207722	 0.0465020485011235
-0.14235719675506905	-0.9873404947295814	 0.06995124015472533
-0.062266837924604475	-0.9938955691890246	 0.09107380765783386
 0.018084128784848795	-0.9935952450454758	 0.11154126280939297
 0.0987803884890762	-0.986318110509511	 0.131981133996095
 0.17963162097355997	-0.9718207164910347	 0.15263346862750396
 0.19505132906461406	-0.9530555253484192	 0.23160342103038206
 0.209873291309343	-0.927553795654973	 0.309187900411766
 0.22403165005295614	-0.8955384687672645	 0.3844745384710583
 0.23715022423112112	-0.8580196445189213	 0.45558979440583725
 0.2707300635976019	-0.8162904565242076	 0.5102696573890507
 0.32062903401034193	-0.7643484460359198	 0.5594358547609098
 0.291320489037572	-0.688302397111135	 0.664358474618918
 0.21475004935147707	-0.6628587520795292	 0.7172870353597001
 0.17045489998924201	-0.6134152818369351	 0.7711464316707762
 0.124213794641459	-0.562421427820652	 0.817467473817123
 0.07705363346926301	-0.5090657561467972	 0.8572717150868062
 0.0292623202571323	-0.452249197720721	 0.891411453692476
-0.019068151985875293	-0.39160256769597784	 0.9199368644389465
-0.06444063821227439	-0.3717753360974769	 0.9260834215211948
-0.15068537973820204	-0.3723767100702531	 0.9157671658944803
-0.23460780929314395	-0.3690931040800369	 0.8992938653961978
-0.31589230580708494	-0.36274492197736696	 0.8767144191306068
-0.39432714464889185	-0.3539187156948788	 0.8480846925124517
-0.46972535665501314	-0.34307756792824406	 0.8134223206304102
-0.542146010266891	-0.330803569448219	 0.772429091886116
-0.611213537070063	-0.318120830956762	 0.724718668873434
-0.634724909168762	-0.381189365037551	 0.672174796956101
-0.6618975508972966	-0.40218116884047084	 0.6325677351448407
-0.6948990773556549	-0.4484695616566549	 0.5621301669166558
-0.700058719646531	-0.502468427952097	 0.507388675433546
-0.729095554267583	-0.527538364382304	 0.436030901258259
-0.75358916250294	-0.550850995979196	 0.358701204886247
-0.7746731102636897	-0.5678954362263617	 0.2781660398892209
-0.7375171554299045	-0.6314400698721004	 0.23948253298831418
-0.6952572536577173	-0.6902729207501294	 0.20035130674745907
-0.6483737742617559	-0.7442331870616719	 0.16040078592573098
-0.5972032571976558	-0.7931544162683917	 0.11939154721527695
-0.542013642086112	-0.836833013677292	 0.0770176539004486
-0.48318214594217834	-0.8749002152324056	 0.03293367925091562
-0.4214785852894811	-0.9067451800695322	-0.012999252403487104
-0.34991421991564503	-0.9364527873782112	 0.024823692561837408
-0.27185946231713704	-0.9607205284532392	 0.055753914276633516
-0.19163196107394792	-0.9780854610368985	 0.08140038331107936
-0.11094557556013902	-0.9883499014484762	 0.10418997826286802
-0.0304464766074684	-0.991678281935134	 0.125088757290061
 0.05022052898513658	-0.9881010826648946	 0.14537588832029993
 0.13103970294057296	-0.9774522945073738	 0.16557659319939097
 0.14643495444130297	-0.9584651616821538	 0.24474749837204995
 0.161145899134579	-0.932949100062687	 0.321928526049387
 0.17519894239064007	-0.9010378145560595	 0.39678229210140115
 0.19289979322177306	-0.8604069661250272	 0.4716879502579261
 0.229591438989997	-0.812000138578819	 0.536603714197434
 0.285855091675585	-0.755488391364518	 0.589511795536439
 0.25028186021957405	-0.7130609397407182	 0.6549069297702641
 0.21485137014520594	-0.6989802633507138	 0.6821037165951339
 0.17203121798228688	-0.6499990852480516	 0.7402070313204455
 0.126031228037104	-0.60047501209783	 0.789649219214184
 0.07919789766021479	-0.5489423263855688	 0.8320997628341218
 0.0318117581098452	-0.493890971698686	 0.868941724237298
-0.016085463453570193	-0.4348752125258458	 0.9003470483075315
-0.106151731525883	-0.394916470424439	 0.912563856002176
-0.19116117144525502	-0.39382383228096307	 0.8990885360514912
-0.273617672355942	-0.389241553486581	 0.879559197788227
-0.353302309931274	-0.381824784908881	 0.854041750400127
-0.4300219503481607	-0.37208687198107276	 0.8225767331490145
-0.503592218381843	-0.360416471080912	 0.785171856957976
-0.574216315627141	-0.347551206436971	 0.741271732748388
-0.5985438896953411	-0.4089034437931921	 0.6888709500061961
-0.6331727715960872	-0.4590316171730851	 0.6232031897742432
-0.6576514963775579	-0.4771070240127809	 0.5829780415676279
-0.668765832135251	-0.536028156791668	 0.515195183299468
-0.698317184608596	-0.567197325405455	 0.436623755346892
-0.72298697055779	-0.589617950009855	 0.360056264255804
-0.74414811691111	-0.606652110880208	 0.279672659482898
-0.7041248817227802	-0.6679183651406962	 0.24102532739664606
-0.6593589295773851	-0.7242878395390722	 0.20162571136238605
-0.6102459317662379	-0.7756353339195328	 0.16121331067343997
-0.5570432375502081	-0.8218469446480182	 0.11945890955596303
-0.500037328857752	-0.862653851878443	 0.0760986306584421
-0.439732894369385	-0.897595678950097	 0.0309350729696533
-0.367267529810291	-0.927596688429794	 0.0684028154473694
-0.28952288107565693	-0.9519400376634858	 0.09993330789527788
-0.209411976012699	-0.969597531303755	 0.126598781953543
-0.1285016561976569	-0.9802434584517974	 0.15036650729773088
-0.04744850529887962	-0.9839538853523244	 0.1719982291913701
 0.033507650078169506	-0.9807715752670222	 0.19226116231439705
 0.11444762991947	-0.970543058087986	 0.212009227164848
 0.12939565234245207	-0.9481833267099334	 0.29018122631237714
 0.14385320718343295	-0.9193183554922195	 0.36627860439578186
 0.160306902060307	-0.882795461029574	 0.441558457214228
 0.189578431957295	-0.837288624705717	 0.512842838572425
 0.17200526895800003	-0.8177042744147692	 0.5493395189265942
 0.24700101597056	-0.745530289860439	 0.619011377124945
 0.17451852825801895	-0.7201395872368318	 0.6715223437749638
 0.129797559917751	-0.672753082616165	 0.728392671070931
 0.0832146423379954	-0.62527039214105	 0.775958929333465
 0.0363971223465786	-0.574083878237382	 0.817987133292948
-0.010752856390069001	-0.5186660572260942	 0.8549092917736902
-0.0582799455269542	-0.458930211189186	 0.886558801889206
-0.10295107725380295	-0.4388695895324588	 0.8926334965011635
-0.187649216606265	-0.43852953360192	 0.878908197518909
-0.2696966190337609	-0.43460907849280583	 0.8592896383486727
-0.3488652785304431	-0.4276763859929951	 0.8338980311164232
-0.425098585767221	-0.418244454297683	 0.802722099376828
-0.4982011818304739	-0.40668626571835387	 0.7657688056448758
-0.5679521300537411	-0.39330089293592213	 0.7230109166418061
-0.594398906261213	-0.452345771960708	 0.664885887069913
-0.6233172937254318	-0.5001597158868127	 0.6010955081738898
-0.6463099547755269	-0.5245937601223729	 0.5541523519743708
-0.6682551129959049	-0.5709504910513639	 0.4769178553200089
-0.695066007513091	-0.5977275588573	 0.399505958131171
-0.717851549378355	-0.617796821534157	 0.320961431261434
-0.6772284477894349	-0.6792834185851989	 0.28272896339059095
-0.632180721892536	-0.735506644383115	 0.243675010897142
-0.582949341490281	-0.786676185978528	 0.203250199680896
-0.529757076053953	-0.832679120892007	 0.161254215452746
-0.4728444982942772	-0.8732782849682184	 0.11748666918336105
-0.412544213176813	-0.908122393896178	 0.0715610919326936
-0.33732057121311493	-0.9353079012010178	 0.10683614644587797
-0.25822932561932793	-0.9564752176623298	 0.13591458121918398
-0.177682393180563	-0.970757727020872	 0.161426152103363
-0.09660372563915584	-0.9780887102430594	 0.18441853238680608
-0.015494453147147204	-0.9785410429517912	 0.20546860874715506
 0.06552833200987587	-0.9720776556094736	 0.2253243643479179
 0.08044242787299676	-0.9494326691022276	 0.3034907290829789
 0.0961243991342075	-0.919830687023969	 0.380357209870013
 0.11426665192298097	-0.8828610160541148	 0.45552119444676586
 0.138108953970502	-0.840103548316738	 0.524549277893698
 0.20503571989675806	-0.7953632340980102	 0.5704013318809591
 0.203138868301023	-0.766622690889304	 0.609117599482253
 0.13181449258210906	-0.7068054154491693	 0.6950187366086243
 0.08533503947219873	-0.6615865261114342	 0.7449974493285753
 0.03862296331699022	-0.6125148619132883	 0.7895149211002666
-0.008282137157280772	-0.5590499644696701	 0.8290926024459322
-0.055469489648236586	-0.5011539939492489	 0.8635784909704968
-0.143983624617814	-0.461024004864739	 0.875628678596352
-0.227191879434105	-0.459178633982694	 0.858800810440341
-0.3075538351754119	-0.4539971858551198	 0.8362399139628097
-0.384935046699431	-0.445947698144923	 0.808056718517798
-0.45940253852539	-0.435503508866667	 0.774135647907554
-0.5307270163978028	-0.4229573247113689	 0.7344630253038529
-0.5581989846166312	-0.48086106039218024	 0.6761557026095913
-0.583035557546395	-0.529807265035206	 0.615933276055515
-0.610067091870978	-0.571367588084643	 0.548960128517933
-0.63541574961837	-0.605691509910375	 0.478941144567279
-0.6612445882078947	-0.6334497340172056	 0.4018669295168528
-0.6842584101957125	-0.6540772083735076	 0.3224491177887688
-0.6411728433216133	-0.7128327231884484	 0.2841951683942201
-0.5938964172265788	-0.7664844163758426	 0.2445172489997739
-0.5426271877926357	-0.8150121541977047	 0.20325088825949292
-0.4875625915031022	-0.8582672175017103	 0.1601877109164471
-0.428904628182534	-0.895995396626421	 0.115035077901764
-0.353536357356394	-0.923264255154426	 0.150316862598031
-0.274780411101728	-0.944483237210843	 0.180130897689686
-0.19450023757992305	-0.9589472264343682	 0.20637314383220107
-0.11352942512796503	-0.9665433873992753	 0.23001076041100404
-0.032417785148168815	-0.9673130725267924	 0.2515044868881341
 0.0485114110389884	-0.961279132689745	 0.271273058106142
 0.06406120140692351	-0.9349590394333472	 0.34892371237302605
 0.08121068572118784	-0.9015249176375543	 0.42503840697435263
 0.10145617113394002	-0.8613880842311922	 0.4977119786416211
 0.12598202056038796	-0.8151870310589338	 0.5653305536487859
 0.159933119090383	-0.761208069861876	 0.628477264342298
 0.09185997285454592	-0.7304811142808622	 0.6767267447545962
 0.043708177141323516	-0.6858026040734342	 0.7264739386220812
-0.0031691536478061287	-0.6364993843239146	 0.7712706984064897
-0.050022324910607964	-0.5825500635136827	 0.8112540850502644
-0.09694366959651103	-0.5240169245056511	 0.8461726701783753
-0.140783710835905	-0.503980509966815	 0.852164064213495
-0.2235103849521661	-0.5028698515732932	 0.8349640831779463
-0.303295493357748	-0.498335174542491	 0.812203113465213
-0.3800006441039609	-0.4907175068463759	 0.7840891779351707
-0.45380748695274586	-0.4802692816974729	 0.7505998813238828
-0.5253373658706859	-0.4673689993081089	 0.7110463209283809
-0.5529844070515829	-0.5201088112783999	 0.6509186354594398
-0.576026539992897	-0.56970175698292	 0.586202467850815
-0.604712712920177	-0.606916793596511	 0.515727195795655
-0.6311305369038019	-0.6376556333506789	 0.4416667733072789
-0.6556169161063728	-0.6618944400845429	 0.36340364541421294
-0.6120541543608933	-0.7207325735122482	 0.3254754516211381
-0.5645265980640017	-0.7743334591330406	 0.2858625791273579
-0.513207659204114	-0.822729677322857	 0.244404943866653
-0.4581598810255732	-0.8659013119138863	 0.2007596608994031
-0.3995116855652031	-0.9035286335485582	 0.15500458527000302
-0.322259119642401	-0.927879063123676	 0.187588656437521
-0.242781176036841	-0.945776480530759	 0.215787278209396
-0.16222790796803208	-0.9568812191813665	 0.2409573370003441
-0.08121821236663603	-0.9611712236977822	 0.2637299389816711
-2.37926960076393E-4	-0.958689817838067	 0.284453469946098
 0.016091678070159997	-0.9319788725382198	 0.3621552692413509
 0.033909926031900996	-0.8983457807278088	 0.4379782816134319
 0.05482811527123529	-0.8578884183858838	 0.5109024754052099
 0.07984385702111392	-0.8115280855831002	 0.5788325533397551
 0.10284864144278197	-0.7624947098326438	 0.6387675433446869
 0.047965938784060316	-0.7207344313670301	 0.6915498161077102
-1.12346012967171E-4	-0.673490601242447	 0.739195777461195
-0.0471152403949187	-0.621608948757154	 0.781909501763187
-0.09396213162281856	-0.5650726829450438	 0.8196730938674187
-0.18076071084768708	-0.5251704809223813	 0.8315777362228943
-0.261743480938542	-0.522647778377211	 0.811375159801889
-0.339661470334373	-0.516826338481297	 0.785824803262348
-0.4145450362715109	-0.5078827757861579	 0.7551208505679068
-0.486882194183767	-0.495869829436895	 0.71906803658696
-0.5142405281732663	-0.5502768696962183	 0.6578389209080073
-0.5395598008187728	-0.5999967122722086	 0.5906599415932546
-0.5679831725547648	-0.6391982660792257	 0.5184792110933047
-0.594798327742724	-0.670733895961335	 0.443092529978771
-0.6194436305783726	-0.6950325817084345	 0.3649921901898628
-0.573667361069467	-0.751275115772614	 0.326330291674615
-0.524171084152764	-0.802216773293227	 0.28581973897042
-0.47097748118736266	-0.8480079686338035	 0.24302818220934283
-0.414099935256598	-0.888454651250381	 0.19791305235392
-0.337140063752919	-0.912672548728429	 0.231009515410581
-0.258073620956722	-0.930520825074359	 0.25986342618618
-0.177893546317808	-0.941695220548662	 0.285594113689832
-0.09718066203294534	-0.9461496261388794	 0.3087989700178701
-0.0163742381322278	-0.943892496864263	 0.329846689674061
 9.97743097380938E-4	-0.913580000876197	 0.406657824845114
 0.020462953960403006	-0.8763277647209292	 0.4812804964824921
 0.04385180851947732	-0.8328186347617643	 0.5518062526676573
 0.0671374954279981	-0.784845110992548	 0.616044404616056
 0.011624576651647196	-0.7440527282780727	 0.6680197652462286
-0.039246622432756215	-0.6963509803079322	 0.7166275286728823
-0.08719240761245094	-0.6438904389163533	 0.7601332690567163
-0.134161286669146	-0.586809559567168	 0.798533211557206
-0.17714062064874708	-0.5669586300337353	 0.8044744323758504
-0.25740917479787406	-0.5651315523376491	 0.7838155684102712
-0.33465182362061	-0.559848013407558	 0.758009471465239
-0.4090684364182221	-0.5510653093851731	 0.7273170141819691
-0.4812529171699781	-0.5383293270567721	 0.6918071735288592
-0.5079132140442351	-0.5905695973547601	 0.6270978533526421
-0.5354890836017349	-0.6353030782843719	 0.5564543467938549
-0.562787074449539	-0.671355763434845	 0.48223660970041
-0.5887544445907488	-0.6994929325496848	 0.4050652309044568
-0.5426454000331632	-0.7556137405673964	 0.36685670893224215
-0.4930402034904191	-0.8065657413328732	 0.32613350433569205
-0.43983697684741613	-0.8524211047275833	 0.28270425184763703
-0.3829108105448001	-0.8929914520799912	 0.23652817523498806
-0.30493564272580503	-0.9139949750571542	 0.26763303115585807
-0.22545316439060195	-0.9284828798790927	 0.29511084771266993
-0.14514911722990706	-0.9363181990062814	 0.31974984593743316
-0.0645084273669559	-0.937486658194329	 0.341990392418079
-0.046279695608900905	-0.9068887105331692	 0.4188210315657911
-0.02610660342677689	-0.8694135234327537	 0.4933949437618528
-0.003453246139616051	-0.8258937629437862	 0.5638151890661091
 0.020737486562223493	-0.7764616261087799	 0.6298232290346167
-0.032507416675554984	-0.7319616344108658	 0.6805699329324327
-0.0825725861549953	-0.681628321023521	 0.72702448376539
-0.13033589539044294	-0.6265840025170126	 0.7683781895411477
-0.215502588441209	-0.587148178084832	 0.780266397678896
-0.293864751121717	-0.583868409260766	 0.756796662727495
-0.3694219422539751	-0.5769814613299862	 0.7284365599438393
-0.4426187182158832	-0.5661288121891173	 0.6954040827420184
-0.4697482478371939	-0.6186578186599359	 0.6297611349272169
-0.4972226326483462	-0.6638098833062333	 0.5586824611594792
-0.5244575214616571	-0.7005471979026782	 0.48391934420211113
-0.55031109101032	-0.729459551480461	 0.406259111731609
-0.502383851946177	-0.782986771624949	 0.366799919253074
-0.450974102529385	-0.831481545020296	 0.324439207153632
-0.3959247518180852	-0.8748229086678063	 0.27915671112797313
-0.3183910496381462	-0.8955425828029054	 0.3108546636243711
-0.23941293363356006	-0.9098622818904192	 0.3388688170990831
-0.1595835139381729	-0.9176635390578406	 0.36390483805932583
-0.07932235598048039	-0.9189068045627218	 0.3864171947132189
-0.05981675578137496	-0.8847267081124345	 0.46225599799280764
-0.03829792524144992	-0.8439462931830656	 0.5350588034457183
-0.01452730479061139	-0.7970716069316804	 0.6037100387097015
-0.06847042721091808	-0.7529202345425506	 0.6545402363598016
-0.11951794138541405	-0.7026554994755673	 0.7014204949555822
-0.16835071309079305	-0.6472132425204882	 0.7434870920923492
-0.21066818438627694	-0.6276081467796208	 0.7494844429227598
-0.288294878907014	-0.624773372626064	 0.72563372003611
-0.36362373178782004	-0.6179017230988361	 0.6971192453749852
-0.4370139701856268	-0.6065260207211418	 0.6641874555054267
-0.4637625357452601	-0.6560227765676242	 0.5954480893105891
-0.49143987700631714	-0.6969500361506111	 0.5222523282836351
-0.518024009018951	-0.730002385497794	 0.445811219292947
-0.4699915097304161	-0.7837057680894423	 0.40609512413308013
-0.4185602123479548	-0.8324628162468497	 0.36306061230268283
-0.3635769708881928	-0.8760327574574824	 0.3168254947146868
-0.28547680470431697	-0.8934145980586867	 0.3468621483405889
-0.206294550731423	-0.904388182197449	 0.373529883998743
-0.12644713125615697	-0.9088942792334948	 0.3973944038027139
-0.10616879730353397	-0.8745053774714477	 0.4732531365481289
-0.0839731905103522	-0.833275978102332	 0.546442721237198
-0.0595164267063794	-0.785639389948253	 0.615815348878088
-0.11218317568230897	-0.7384249882273118	 0.6649386978175709
-0.16242122843390894	-0.6855237552533058	 0.7097017158901517
-0.2468539587895241	-0.6465326702846943	 0.7218439092244824
-0.3231564857162809	-0.6417278953912209	 0.6955251210533359
-0.39755002825997926	-0.6324878325794574	 0.6647654598950145
-0.42447417075578975	-0.6819168648784155	 0.5956601948725275
-0.4517452414769429	-0.7232767114258087	 0.5222997563775099
-0.477992595362897	-0.756835103331349	 0.445784370681239
-0.428261859484093	-0.808254193442538	 0.404124904570084
-0.3751110639998521	-0.8546131255895503	 0.35906558625821905
-0.297530486687387	-0.87157410884803	 0.389659059021254
-0.21892631800638093	-0.8822652432844548	 0.4167484946300239
-0.1396599761523161	-0.8866766926577776	 0.4407942079458393
-0.118057143017362	-0.848667388516426	 0.515583334342071
-0.09434874373882707	-0.8039344012844358	 0.5871863358307489
-0.147441763311663	-0.757092274400454	 0.63645283758869
-0.19815765372249208	-0.7044272266681934	 0.6815539792267044
-0.240386386605207	-0.685036952553461	 0.687705430232421
-0.31661695019417085	-0.6800874933640737	 0.6612372556197307
-0.3910872083854728	-0.6705013611565898	 0.6304591343809828
-0.41814136446078726	-0.7160638254807644	 0.5589368454170154
-0.4447486674314311	-0.7536982892880112	 0.48387757908616913
-0.39500170310505883	-0.8055437625694797	 0.4416705798777058
-0.34196966954411107	-0.8522537576774322	 0.39587911998056713
-0.264092843702531	-0.865857939192431	 0.424905870802637
-0.185431987640914	-0.87326918728049	 0.450572862593846
-0.1629195836310929	-0.8350121522652987	 0.5255586692641888
-0.13856793375831106	-0.7898742098767323	 0.5974091230518332
-0.19057496819529507	-0.7402316247875721	 0.6447777315957132
-0.27518958234472607	-0.7016771282395251	 0.6572061331686341
-0.35062356209148005	-0.6942576660743011	 0.6285454723433671
-0.377369846418951	-0.739919642462683	 0.556876038011722
-0.40349590221038817	-0.7778644700280253	 0.48178617992574724
-0.352166311377462	-0.827409875823167	 0.437460611393853
-0.274852596528571	-0.840475817508592	 0.466965148983055
-0.19677638723106494	-0.8475202791938717	 0.49293856593233987
-0.1729938598928961	-0.8056463867492394	 0.5665748176165722
-0.22520418462863107	-0.7564715396637303	 0.6140308501244371
-0.26764132665650087	-0.7372894937151326	 0.6203001875889058
-0.34342725346755804	-0.7293847778735021	 0.5916549394555511
-0.369752571917456	-0.771263358185745	 0.518107969327315
-0.318495837692919	-0.821313008782475	 0.473292027163953
-0.24104900382008695	-0.8310853318337428	 0.5011911301770429
-0.21654539641691992	-0.7890690593249556	 0.5748722561636358
-0.30179220914531113	-0.7508711992606923	 0.5874639602733113
-0.327565508837359	-0.79288097141192	 0.513848812972271
-0.25067661375490913	-0.8020614428912923	 0.5420873335021862
-0.293593342110267	-0.782971863570447	 0.548414086549156