-0.8892264164866701	-0.13553733953155522	-0.43692792290603616
 0.18288625086093874	 0.23001811204200093	-0.9558474184610549
 0.24561434040453026	 0.969224857558283	 0.01663644429478052
 0.04423846131786676	 0.8971608726864955	-0.43948302249419535
-0.5347380993161492	-0.10472147313418614	 0.8385037735182579
 0.4607768352210679	 0.7833769157633365	 0.4171394442782642
-0.768302774079362	 0.5369758483098919	-0.3483787962460242
 0.18200733878185285	-0.33973531952201563	-0.9227422399017083
 0.43025980672799774	-0.7402755135155428	-0.5165933243893936
 0.8510620958564795	-0.33470650789455775	 0.40455514156837336
-0.2310038748528924	-0.931488038083568	-0.28101111136425655
-0.4641462963613128	 0.1319408559901197	-0.8758766043768214
-0.29739191119057307	 0.07362569225513933	 0.9519124479690189
-0.9037327281153447	-0.22797494849581887	-0.36234593828484596
 0.9191373489906488	-0.29581304234871864	 0.260156064059321
-0.46555639511254354	-0.814831654278332	 0.3454079011196039
 0.25569825049062633	-0.899675224784878	 0.35384021055317055
 0.7086757087259684	 0.6963569739261718	-0.11342708991299792
-0.07655763099842207	-0.8738494808841019	-0.48013124653004535
 0.4869103505499143	 0.8538395231106095	-0.18405537020583385
-0.3355485157892482	 0.819522590337071	 0.4645319337557434
 0.22166742979166337	-0.8197496413447549	-0.5280852924336219
-0.6129705509899346	-0.7781345686889652	-0.13701713991444345
 0.3486124551117655	 0.41549090466494754	 0.8401408597858164
-0.2915621522846735	 0.9540642875806826	-0.06894089148171482
 0.4032163349444045	 0.6076336874366784	 0.6842498733109905
-0.5638083035026372	-0.4693540363641056	-0.6795785351599917
 0.5913146456269142	 0.6114067786024772	-0.5258600012798637
-0.3658390074374475	-0.8768052276219904	 0.31204873569994285
-0.9966164930166971	 0.02638933658262072	-0.07784066265024243
-0.433075407423583	-0.7212706849788462	-0.5405684882371926
-0.437868989770145	-0.6050527923192752	-0.6649675678590053
-0.8575367585572952	-0.4689695908763256	 0.21141956048658056
 0.2617157504693356	-0.957841742200683	-0.1185076489271187
-0.4000955535676676	-0.8309842736366261	 0.3865083245985666
-0.866118057496289	 0.002932781715850661	-0.49983088066891407
 0.40628534860075055	 0.3884758819809231	-0.8270542331863796
-0.857967775984874	-0.38514321707199123	 0.3399352845984161
 0.5815646933262428	-0.7073895355759209	 0.40172447328241795
-0.16710760273457145	 0.7156721376676115	 0.6781507505522469
-0.4078145689720011	-0.8586391370490226	 0.31052553785782405
 0.09652343555036662	 0.5205755498742849	-0.8483421027289876
 0.25360415560506616	 0.7474719354007556	-0.6139793465973347
 0.7317207962318756	-0.5245426138215825	-0.43524673766383626
-0.43740192223037383	-0.8960061716836254	 0.07650162569532286
-0.07666412228999127	-0.727827435524872	 0.681461544366807
 0.5132934451853307	 0.6507222498240229	-0.5595448084950263
-0.7021279463569419	-0.5194043834573759	 0.48706820199007694
-0.2154979353030376	 0.6567803969693878	 0.722634174418053
-0.350551316709689	-0.37137228276319395	 0.8597653179492399
-0.04478630167727939	 0.24706347656625263	-0.9679637522805637
 0.29189132311366717	 0.6191592596677948	 0.7290001828933796
 0.3053066638032003	 0.851396001810056	 0.4265122379712106
-0.4849243060447456	-0.11703994079590042	-0.866689142464306
-0.33028740049815924	-0.24150839253915124	-0.9124603714163831
-0.33955433139199653	 0.8396075571791564	 0.4239834972738728
-0.11230711477940204	-0.09824607450149575	 0.9888047435237014
 0.7287935437985743	-0.47236170347045253	-0.4957160392926657
-0.5037196807671557	 0.20227574218846237	-0.8398517769999309
 0.5088411634979406	 0.40713448820197456	-0.7584999530959631
 0.3829882741648289	-0.83629336218439	-0.3923434646054075
-0.11237944295429014	-0.14849313982100099	-0.9825073273148575
 0.6903205139396158	-0.024402906861833454	-0.7230920316051322
-0.40803844695058283	 0.40336856905955276	-0.8190228466318904
-0.7678630188355217	-0.6161279521518175	 0.17542158043412728
-0.2176855819333188	-0.9644726628638925	 0.1496845683648935
 0.6067377223772977	 0.7447514730397603	 0.27787511520378416
 0.6333873671519007	 0.04939682009371148	 0.7722566913255028
 0.4051354329113449	 0.8818749558123038	 0.241167666387483
 0.9411108217375797	-0.3315039860482238	-0.06644944275580127
 0.7741621684888323	 0.47039726280028993	-0.4235556067751481
 0.970873553976901	-0.16541276220719667	-0.17332962899414134
 0.28042229329523394	 0.28519230316294003	 0.9165307892480532
-0.08397617861230593	-0.2140144062891156	 0.9732141775202369
 0.181029651905395	-0.8244159386012015	-0.5362523895623323
 0.13180276831925083	 0.8520079617918983	-0.506666027385493
-0.6528011597485949	-0.6880100543546086	-0.3170060108860052
 0.587818603381707	-0.5792257824808061	 0.5647714426454984
 0.2924818541279736	 0.785955613131059	 0.5447275825526406
 0.2980923786149851	-0.3308845316029897	-0.8953526459208855
-0.578776484680114	-0.7767478377480006	 0.24835574753795303
 0.9945642997602366	-0.10215010722719847	-0.0201794260548205
-0.23879727257559782	 0.6790607653292124	 0.6941558467671073
-0.48027069167798325	 0.31707963020539986	-0.8178022810092659
-0.9091932883718012	 0.20836949776273514	 0.3604853905247429
-0.6475516878244326	 0.024665327327129463	-0.7616222378735891
-0.42761304177624393	-0.9030002078101894	-0.04168586328268922
-0.4802429394667423	-0.4334721597977326	 0.7625408879349564
 0.7102174415656003	-0.6623705806212554	 0.23844580017998696
 0.9114011871558596	 0.3373436715941317	 0.23568437217236143
-0.9800525273802023	 0.0176825660959922	-0.1979504241772127
 0.3912807693287285	-0.8779806593311832	-0.2757704142831485
 0.7556854938169052	 0.3314772375214654	 0.5648559776083087
 0.19874865027859226	-0.8840028809115364	 0.42312868084371413
-0.6367902085094089	-0.7708384639277223	-0.017501224988348354
 0.07771604018778815	 0.18122797655994743	 0.9803655632515441
-0.06438445440592218	-0.32544424789469706	 0.9433666750225527
-0.28898963892175855	-0.7752294080158378	-0.5616977421561219
 0.2770629934492326	 0.9508953230987972	-0.13796442356558603
-0.24768334383431012	 0.4097405372688965	-0.8779326018013289
 0.6742203799071792	-0.5533117198621782	 0.4891554149562052
 0.21788761252348468	-0.5657862134515619	-0.7952426981601024
-0.7692117300588529	-0.07466874055567377	-0.6346163356892853
 0.17489013658399424	 0.9815327331644869	-0.07750441182464625
 0.4259985019308861	 0.7994837587376976	-0.42349851932124133
 0.2200742080893345	 0.8782588219484372	-0.4245336083322447
-0.8039761383685662	 0.11225721634509449	 0.5839697648957684
-0.7394946480594835	-0.3221127792607639	-0.5910930746746126
-0.9601880505152447	-0.11360569269458415	 0.2552109994399096
 0.6008311380622298	-0.03437763431041679	 0.7986364140170829
 0.8036813292199774	-0.4474627954881098	 0.3922669597572248
-0.5818554409265833	 0.5174856509162121	-0.6274176017294668
 0.9479900482250789	-0.3021187947129063	-0.10019532098572992
 0.4023381461746379	 0.35136718198072625	-0.8453786841171704
-0.02619441709098155	 0.6659790421716395	 0.7455104076412408
-0.7784732833593927	-0.4801616649360405	-0.40425749544256606
-0.3354017808778721	-0.12891718039027297	-0.9332127335094468
-0.14237704300588527	 0.6419577017082637	-0.7534049952332039
-0.35821402172065286	 0.1822186537188675	-0.9156850314816766
-0.6584311935822812	-0.7319068125380006	 0.1754445242185591
-0.5586822161721214	-0.7922078161243185	-0.24552180637276355
 0.13488236200571718	-0.9260336368681046	-0.35251730710504153
 0.1323070463892054	 0.5624278052910751	 0.8161922624671403
-0.04623696365113379	-0.7093722684926516	 0.7033158094952175
-0.4265320784672642	-0.354392962226687	-0.8321514371570776
-0.8572434562478343	 0.31458241373077045	 0.4076414621840985
-0.85387747161017	 0.5192665818365788	-0.03543275976238304
-0.9700097330837886	-0.11415577454239385	 0.21459165142508083
-0.6701422507079563	-0.3949718765822798	 0.6284159295603089
-0.9391170187438518	-0.315645773792271	 0.13574597818255407
 0.897083599142116	 0.43203862407253857	-0.09264795442822778
-0.04748857892536278	 0.997177816732404	 0.058148402286268865
 0.9857951099550216	-0.1380656082242516	 0.09563414146858838
 0.6493393642047985	 0.7503486511293364	 0.12383574541502003
 0.8120469018821006	 0.5712220883254597	 0.11952052105300821
 0.23406682924092415	 0.971816755704331	-0.028016294926504967
-0.8586785956956094	-0.4934213187490086	-0.13858741464579435
 0.7333668696827419	-0.1891717208941589	 0.6529832267873952
 0.7740829851508575	 0.09868667028620864	-0.6253450833002195
-0.06673275025861472	-0.5691236938591155	-0.8195394811301508
-0.8154184948206353	-0.5556476959311616	-0.1623216446159931
-0.4102915598876204	 0.47839005201947793	-0.7764044010783197
-0.9869150086010908	-0.038937179971438585	 0.1564693638185472
 0.2731447725834388	-0.7563769194744753	 0.5943785737193465
 0.6093459118636302	 0.38069916698201345	 0.6955326764101613
-0.6500723816150203	 0.30742957067067156	-0.6949049990744217
 0.2725523871458899	-0.6742257599768785	 0.6863926142119228
-0.7624386944441257	-0.11931038360548833	-0.6359656198083734
-0.5701827382224302	-0.08202565881338623	 0.8174126475222913
-0.5518306512015997	-0.17227249995306695	 0.8159688218028548
-0.8721325687624225	-0.2925741133257436	-0.3921545240278548
-0.7411898126819283	-0.6004743721306856	-0.30011362846559836
-0.38238257601548803	 0.8507592083372538	 0.36054449793212623
 0.7324494736897739	-0.6261513982678171	 0.26730543379967237
-0.9150746290960355	-0.40326618577088796	 0.003847934322825321
 0.48105643380997887	-0.15018782841459533	 0.8637293115821261
 0.32731920693571037	-0.889236927931472	 0.3195619232229891
 0.28725642075933727	-0.5715635964982275	-0.7686343759490244
 0.36204027980355036	 0.8993993467249147	 0.2449645911362775
 0.028809500750838407	-0.8124874080177421	-0.582266454880494
 0.05495068011816381	-0.14200007260304415	 0.9883402259016281
 0.8679730719229853	-0.3718632226891143	-0.32915116592204613
-0.19777981253589058	-0.5152972595316122	 0.8338776169633515
-0.7535580164125825	-0.3495390446893006	-0.5567519844042097
 0.8856669016022525	-0.4510549102574805	-0.11019803691029205
-0.07685407934679504	 0.50899117466163	-0.8573339107980803
-0.28075863089286657	-0.604227489295963	-0.7457102200977669
 0.22725581704747158	-0.8928714991641115	 0.3887612115406037
 0.9886489103178279	-0.06320533370574936	-0.13630267025453402
 0.6847411989609941	 0.7234641768524245	-0.0879151594248923
-0.5906049533822884	 0.3799846277061012	-0.7118970935095611
 0.8896228561243728	 0.04393674947223761	 0.4545775356382311
-0.1072404133857022	 0.07813202857258489	 0.9911583525592651
 0.013741978501150968	 0.9796596746841754	-0.20019510439710975
 0.2732110457656208	-0.947718326576698	 0.1648808598422491
-0.766833459186102	 0.6178089207333864	 0.17400742321787677
 0.36095947227849984	-0.275488470964761	 0.8909626040064337
-0.802405002514588	-0.28638519348652297	 0.5235739994415791
 0.9674344698853166	 0.09589361541990366	 0.23425405225826038
 0.366851500871946	-0.13414474405463972	-0.9205569857159932
-0.5619758053310208	 0.8252029779528193	-0.05677358012623147
-0.9767741854524965	 0.20090205493989027	-0.07450204664665946
-0.06594953663132665	 0.9079165606255178	 0.4139301602445075
-0.16511989177566	 0.1842429058392725	 0.9689117467488436
-0.3979297858007716	 0.2544804327724939	-0.8814145420336995
-0.25767039065666736	-0.2140379151145669	-0.9422280725345906
 0.01936272020688581	 0.6058715497678118	 0.7953268197716835
 0.6736332153270449	-0.25217866925629406	-0.6947116020193356
-0.29288179814104515	-0.13466749040567905	-0.9466176204495163
-0.887745690206533	 0.3634841873067721	-0.2824656352508418
 0.7894519282822723	 0.5912562449954206	-0.16486875290762948
-0.7948991647229151	-0.4883731914646409	 0.3600374199738865
 0.3176879350073561	 0.8060508783314608	 0.49935594268201383
 0.5776508131410633	 0.582790042637318	 0.5715551629372805
 0.7522919230299425	 0.608016730700984	-0.253717397376684
-0.022024450174925173	 0.011179238596612084	 0.9996949275748539
-0.3153978857021003	 0.643772393231135	 0.6971952950272268
-0.36162162614501003	-0.2274447500648077	 0.9041563388995266
 0.6813720020586616	 0.7247772153106461	 0.10212826727756039
 0.4942275368338267	 0.7775018881730664	-0.3888829588995705
-0.0020411636956736974	 0.4313138461162558	-0.9021996452000911
-0.2893359002756845	-0.42556636028852773	-0.8574252211140246
 0.8728341336137534	-0.48171124544198407	-0.07819751411305227
 0.8856496748237179	-0.18634464721401986	 0.4253237895290187
-0.5957440612807376	 0.7999821586682333	 0.07153711806640149
-0.1808221140160888	-0.3710977272242772	-0.9108182255157877
-0.6245238492392966	-0.25178866172002856	-0.7393053709804693
 0.17967222132814686	-0.9145606222503668	-0.36234894937343326
-0.25304697187479386	-0.16545381822722638	 0.9532010617173216
 0.891052864890561	 0.3662774219016821	-0.26807767936809096
-0.10415264811083914	-0.9793535721295903	 0.17325936236899603
-0.6101578186539844	 0.6671119230421315	 0.42739807962886367
 0.019629728009796097	 0.8647887023536553	 0.5017521041906475
 0.1597062527218915	-0.5220502882516385	-0.8378289857589749
-0.424715909858468	-0.07522303717499164	 0.9021961486236036
 0.9768506736008383	-0.02250219651214854	 0.21273554624866234
-0.2686439578700678	-0.951636003143568	-0.14906153568523361
-0.3545870276027547	 0.45416166229215144	 0.8173158657213702
 0.45581281172211635	 0.07487898783810731	-0.8869204123540729
-0.14533288828391128	 0.9677550011135535	-0.2057391780939218
-0.7899163815061304	-0.4957682797102083	-0.3608960003400455
 0.38464971088559435	 0.0653453341536747	 0.9207467552046943
 0.556914977335448	-0.5006202283438647	 0.6627405940429438
 0.9334371690091028	-0.3572774434369101	-0.032370973470956466
 0.3072914909308296	-0.7912595929304956	-0.5286588656184386
 0.07052850421154123	-0.7889849373573713	 0.6103511273987026
-0.1761051139143405	-0.9262951232279856	-0.3331130942146646
-0.20420279801235505	-0.10102386105376004	 0.9737019034497755
 0.9457908735763755	 0.015605981995316421	 0.32440110478479917
-0.5621190099006939	 0.6060395749208313	 0.5627950358150308
 0.24934002132468022	-0.8318790027412133	-0.4957891472834923
 0.10186435121968637	-0.6664229123223901	-0.7385825315307264
 0.48588010882994986	-0.7814749044396434	-0.39143006217515597
 0.7357311217629179	 0.5452683379586347	 0.4017239799779279
-0.9136566572761721	-0.3317488659444995	-0.23489189547421632
 0.44762228221407124	 0.8798030243903094	 0.15994039745833621
-0.9422446268306414	 0.32495919864031647	-0.08109613078210696
 0.3057329144666187	 0.9370821325575384	-0.16853623305735557
 0.19926122862875117	-0.9334505758841729	-0.29826998700316204
-0.11939446326267573	-0.5316000696961523	 0.8385382090526726
 0.5378292700879869	-0.4088517365322058	 0.7372787354665962
-0.47903354088383104	 0.6555972525710309	-0.5837114947725589
 0.02149201361510251	-0.9807027571315853	-0.19431982787475785
-0.3278652511480029	-0.8290916933436226	 0.45289219591229607
 0.5390194709019269	-0.4774049391769348	 0.6939326581434787
-0.6543130396838442	-0.09550183584844596	-0.7501692112112204
-0.49803730835787297	 0.8541146293777313	 0.14982336055030232
-0.09017388729069307	-0.8150716343605172	 0.5722996600660888
 0.12652741348571034	-0.8228055145848413	 0.5540594722639355
-0.770448672062813	-0.034930937147405326	 0.6365443215885693
 0.8714038352007991	-0.2966503957479659	 0.39070948120043586
-0.5210578497615375	 0.08247759750388596	-0.8495270231792923
-0.8707669162270563	-0.26210374782422424	 0.4160127437722531
-0.02161899806515376	 0.8599523855444084	 0.5099161828370816
 0.6991765484838398	 0.47508178112077376	 0.534274700222028
 0.4876039956826993	-0.7849472748696055	 0.3822304528279324
-0.08701979370208453	-0.11264241540754028	-0.9898177820968878
-0.3385102546260803	-0.6755921865150973	 0.6549702321729867
-0.8486928758011352	-0.34085605260186586	 0.40439776701791147
 0.7996168515075509	 0.516621991377862	-0.30612841882112757
-0.8190200609920187	-0.4109340225613844	 0.40042398628722176
-0.9566479636843868	 0.1690086081291383	-0.2371935158404795
-0.42514542589875803	-0.8913945751618445	 0.15705756336260449
 0.6882444906738532	 0.15511289237036296	-0.7087026962539288
 0.2134576699938038	-0.3661467309500829	-0.9057441109581579
-0.8186471048871077	 0.5560388408758141	-0.1436583624347643
-0.12376560409244937	 0.8893644435173698	-0.44012834702012776
 0.8554684017833556	 0.3122084895313241	 0.4131581690040757
 0.5829725419347526	 0.31418401679022145	-0.7492872739768738
 0.33491168747632816	-0.8052072094845233	-0.48936235182725846
 0.9467094525329789	-0.3048784912220231	 0.1038764558256105
 0.620847101175352	-0.7739395550871379	-0.1247655482642766
-0.7815826248226805	 0.4094998654013041	 0.47057248199570995
-0.27809474632075476	 0.2086189912619723	 0.9376254201724866
 0.5499586690419501	 0.8248840816776661	-0.13081175077339247
 0.47336506947227935	 0.654519538419687	-0.5895164839344055
-0.18865894794754864	-0.9066444418922897	 0.3773640912237714
-0.5192137757138758	-0.7284725342705368	-0.44692820667575084
 0.9877297373793786	-0.06024219635073772	 0.14408623693921202
-0.7848771584661801	-0.6141967831563253	-0.08203753822779414
 0.9039881220713832	-0.03810284095613704	 0.42585637093382217
 0.05987974662331307	 0.981396103105228	-0.1824173915891821
-0.14590478976824234	-0.4720840778580248	 0.869395431179405
 0.2576127296450889	-0.7088053286597882	 0.6566815724445875
-0.49372291292253606	-0.03425258749375482	-0.8689444432788948
-0.7966399974145568	-0.02089547810370477	 0.6040927855173843
-0.8870079769806556	 0.23906294143152496	 0.39505159005728846
 0.6978229786551832	 0.2276861305275303	-0.6791186320711635
-0.9151158393246918	 0.36797539798925677	 0.16479413548944313
-0.41366338480659126	-0.4239932555656032	 0.8056750730320724
-0.8278570581774474	-0.41802184845662055	-0.37404602048236346
 0.11666904230559821	 0.9845674450159985	-0.13044263406633375
-0.8225969017000238	 0.4619292500556507	-0.33159569547348705
-0.02293643395028088	 0.8802570652983174	 0.4739424215978543
-0.17694904659161562	-0.870825140823883	 0.45864213611418486
 0.5523649141826945	 0.2862044300117575	-0.7829304093095307
-0.9736089280102608	-0.2278996815784625	 0.012140446249875233
-0.5780854522870451	-0.8152913176332733	-0.03342569738814096
-0.09020231447606546	 0.4395580601866512	-0.8936734606041007
-0.6504894247730394	-0.7226465174412743	-0.23376381047638292
 0.674028377466617	 0.5935905008593951	-0.4396999700468628
-0.9326479062492316	-0.32490589336315706	-0.15685676085783953
-0.074220196656707	 0.1309271051401158	-0.9886098601308146
-0.5074705892752722	-0.3443392901824857	-0.7898759739713761
 0.8133962872309725	-0.539536634271626	-0.21745505328162676
-0.6312596212189965	 0.0661992418008725	-0.7727411927698942
-0.6264695506326284	-0.45346182946784497	-0.6339623579880966
 0.09531225582147462	-0.03720030446435744	-0.9947520853147185
 0.11139385120422882	 0.9937432455589833	-0.008109982724270331
 0.999907113285246	 0.013307318044090726	 0.002946198913795418
-0.6682953137652329	 0.3513702283364479	 0.655683106567663
-0.06409944052017788	 0.2870669190859979	-0.9557634883649162
 0.49370226099271647	 0.015291819024369107	 0.8694965426967526
 0.019169092572200428	 0.9779772891292873	 0.2078291794654656
 0.5665038230998984	-0.7806165343294447	 0.26402887104384215
 0.6736738312858768	-0.10861770960974232	 0.7310032573113074
 0.5572999243310887	 0.8123540225669101	-0.17174905053572584
-0.4092779421248826	-0.8915662432867429	-0.19391028833351254
 0.4771552191979226	 0.34136080573118266	-0.8098121369198787
 0.8924018123330489	-0.08222154924043792	-0.44368752764213676
-0.06756451923488521	 0.0638825436810903	 0.9956676435203627
 0.43701186546533943	 0.5792440197975038	 0.6881111792227569
 0.9279602155081277	-0.3670377808259769	 0.06459958111668633
-0.14824627218352368	-0.6802376875925243	 0.7178438069402452
 0.0855117464074552	 0.16099595678580939	-0.9832436336559566
 0.169847271874732	 0.8885123699095403	-0.42626009988555463
 0.4557379391872016	 0.20377596793460198	 0.8664746307178983
-0.6501447168007336	-0.6287405504504805	 0.42661126032410457
-0.9320403855826502	 0.006587537496607828	 0.36229452658393224
 0.3388998225192663	-0.9156618397271912	-0.216125670765473
-0.35211366465990823	 0.7231442391045209	 0.5942039856898581
-0.19568812505484634	 0.5070887129026929	 0.8393850099681368
 0.7990180468199479	 0.5476027571314492	 0.24839762727947065
-0.4461251214726924	 0.7853624284958267	-0.4291599141323812
 0.04339353942512609	 0.6256428934397675	-0.7789017721282162
 0.10532447524269013	-0.9699925679163804	-0.21913733844746283
-0.6936307222855312	 0.006369247481247135	 0.7203026126484444
 0.844529408587119	 0.053711109502983655	 0.5328087787822663
-0.5206211390985581	-0.3040342417607006	 0.7978200356977228
-0.1465527104722428	 0.9328495331532797	 0.3291110018655516
-0.11734558090239695	 0.9356318204618338	-0.3329010531403492
 0.5158012913031624	 0.10672996933151954	-0.850033964931098
-0.6607730469060721	 0.7121504063137029	 0.23710921380177113
 0.884954668915202	-0.25324357641079215	-0.3907978057408419
 0.8707388961789867	-0.2602442979530973	 0.41723695912982023
-0.9528166129441872	-0.09664898090473409	-0.28774898190548504
 0.6132342680464765	 0.5057218005334688	-0.6067859531652727
 0.7772781812322955	 0.092968743634204	 0.6222503046903975
 0.8982386674065842	 0.4391976949746168	-0.01651305860908492
 0.9136930401432923	-0.015258918521588859	-0.4061184479917893
 0.2750318183824553	-0.41453936870984576	-0.8674760000523836
-0.7257791313696599	 0.5121639002713491	-0.4592742010249889
-0.8852775780081473	 0.022966035574616073	-0.46449560932910217
 0.08266698277725595	 0.6122406903768547	-0.7863380360922247
-0.4128131758794782	 0.8082856971611325	 0.41983272095566926
 0.9114986000796451	-0.35742079029982554	-0.20352071323159035
 0.8806898990996971	-0.14942310905020864	 0.44950866076810403
 0.7798927672357786	-0.4827591994632903	 0.3983852745105962
-0.7214778447476905	 0.1481892600359471	-0.6763946057947429
-0.4489057290493518	-0.6672324515999504	 0.5943774070055068
 0.5040356500365266	-0.08177782164497462	-0.8598025653481493
-0.7025403349417289	-0.5695470987993123	 0.4266769035573048
 0.7025718172383946	-0.4021678507588487	-0.5870722795690054
-0.6678362360431965	-0.7328222555213809	 0.13025476436665062
-0.2324821950788741	-0.8564260515070126	-0.4609625226321729
 0.5793401840667826	-0.7494045903724016	-0.3205584362549823
-0.4589968423380935	 0.6875159341655336	-0.5627110617289774
-0.3672719293586126	-0.046439384990570896	-0.9289535582723714
 0.5915478651138982	 0.2738524520566756	-0.7583376278292772
-0.4510046992360215	 0.7999727774735286	 0.3957755886462855
-0.18990803783567956	-0.8591749393356144	-0.47513509740182897
-0.10311593698255525	-0.994264184966204	-0.028387216025875222
-0.07802074638353511	 0.9860255734241439	 0.1471948765662188
-0.9641952751383864	-0.04350107091613065	 0.2616010860641845
 0.37131375280731715	-0.7867510382771803	-0.49310130880573144
 0.757231357706791	-0.4845169766845392	 0.4379999659931536
-0.19122578687451816	-0.9635387790591018	 0.18715159546078383
 0.21236871063790969	 0.3502033116822855	 0.9122813004927547
-0.48039291675497403	-0.5956720756134993	 0.6437370766593719
 0.7213367928695608	 0.01041431986203711	 0.6925061539036802
 0.8460028604033085	 0.2001542084352836	-0.4941836227912305
-0.283589142057121	-0.9533872375663826	-0.10310176406273737
-0.8013356460247839	-0.21467054309841677	 0.5583706119915993
 0.10298891454447649	 0.5795537328770857	-0.8084001201071075
 0.26599416187979485	 0.03540317024311494	 0.9633243074804053
 0.08974051508133707	 0.7422810261211669	 0.664052345988962
 0.5033498893681232	 0.42922585273233943	 0.7499360347518275
 0.333927075150539	-0.46031306542816325	-0.8225597791513598
-0.6462557287950303	-0.6902136690030821	 0.32551286321881034
-0.15908899881453809	-0.14348402308587296	-0.9767819744320022
-0.8028795123332336	 0.4688741597231501	 0.3681596270905584
-0.03811554253500746	 0.32299203763973205	-0.9456338345462243
 0.44973713509590996	 0.2709327658549842	-0.8510769328926097
 0.0012616508187581182	 0.9451992007146761	-0.326491775096324
-0.30713841900342526	-0.6975217518690142	-0.6474020367914034
 0.6975643873573433	 0.6712535391766933	 0.25064439278295825
 0.6775853201965896	-0.7207511132341715	-0.14627360194439631
 0.5044687977336219	 0.8631779570361966	 0.02085777073447687
 0.32153109791088785	-0.20140595706649236	 0.9252315350950535
 0.4064522588499675	-0.07521810703369569	 0.9105705890539331
-0.880539962183016	 0.1534625570601368	-0.44844020624749614
-0.8847088729729521	 0.4220028085704505	 0.19799959505408257
 0.9536722028832272	 0.22735672930038964	 0.1970234683728869
-0.9462665846742916	 0.2805163261634148	 0.16090413756219094
-0.9450470689230931	-0.28226822385293276	-0.16495662254902302
-0.5548222999077198	 0.3087459347708089	-0.7725594885105013
 0.6155489213612672	 0.7745735343158937	 0.1453800720469131
-0.627636629250377	-0.01271825807887863	-0.7784025356681873
 0.056441537530381884	 0.8994259475925561	 0.4334135642067969
 0.17151354098332158	 0.5516849565889022	 0.8162271827946332
-0.3514577947797195	 0.7277510555958845	-0.5889446659641739
 0.38577066221039785	-0.8896993295386553	 0.2441640825269324
 0.047644219531718345	 0.9735871774497729	-0.2232891315102419
 0.8729952546520245	-0.292877692413576	-0.3900024905581315
 0.10992532843206547	 0.4554427830747121	-0.8834524851480487
-0.2624437943315143	 0.9649459919576029	-0.0015771562496258457
-0.1573947530349988	-0.7437323700812245	 0.6496838103342396
-0.4548507301388849	-0.03219578473552338	-0.8899855306337218
 0.05279641541890577	-0.5235331705865697	 0.8503678955690226
-0.622309537619606	-0.7192030549013432	-0.30899483039081327
 0.9662947343040056	 0.19090222329977952	 0.17271603166918875
 0.6276182099784853	 0.6675532536426432	 0.40058461784562194
-0.9944247058125064	 0.05923183059623541	 0.0872415882130163
-0.8523711050459494	-0.13183349763263902	-0.506046863624993
 0.4092912080561267	 0.8973001210157453	 0.16532755315761963
 0.24836254084510762	 0.962976910630403	-0.10484044018262811
-0.7954009534388622	-0.5380860561735784	-0.27892780323968003
 0.9876256259762914	 0.06106964095445111	-0.14445110546005863
 0.4527648583585981	 0.8053731708816237	 0.3825938298765383
-0.5966175550790049	-0.6697803190483643	-0.4420880197279971
 0.1253666890368485	 0.08054940376537519	-0.988835166664789
 0.6596200205078456	 0.7513278757373821	-0.020195338204203946
 0.38094698623620965	-0.9021243396770852	-0.20261063506077948
 0.24081641796746017	-0.9177490965018156	 0.31582281220238456
-0.10584036486163738	 0.9139614107436372	 0.39175548092841767
-0.2615242687762088	-0.6675134040233892	 0.6971591728509187
-0.7196003018894676	-0.6340372890422559	 0.2831468199089188
-0.17070512229460352	-0.29866010665547443	 0.9389685308437793
-0.9271636727857615	 0.33597702666381246	-0.16579192206063925
 0.07388272923940943	-0.3325856548626603	 0.9401745181080541
 0.27112812454391355	-0.9614892390094303	 0.04503313613736682
 0.07986398760538595	 0.34976928661100876	-0.9334255137006877
 0.1506520478761048	 0.0542094606608328	 0.9870994351358923
 0.9878978452880508	-0.10305746323199697	-0.1159181027597156
-0.09394871003246413	-0.18965711721576833	-0.9773452909656036
-0.9362052537278897	 0.1316641994536891	 0.325859266362823
-0.40982499696793423	 0.024584458973283867	 0.9118328115598954
 0.2652959801677395	 0.5381443468866961	-0.8000116904275396
 0.003267322433937098	-0.26999085395283506	-0.9628573432164971
-0.523520117269379	 0.8498052514720332	-0.0613002559930201
 0.7108872969964283	 0.6988750461252236	 0.07882208366047254
-0.7132130228697655	-0.2677712567757224	 0.6477852561256094
-0.6686623504423421	 0.7350018470179156	-0.11252975598113926
-0.5048580155572537	-0.8321241594572125	 0.22953816104347236
-0.12338119456171227	-0.22334359913817614	-0.9668995385005262
 0.8557290996287147	-0.09260628172664911	-0.5090695282899906
 0.9612979173124171	 0.18453623463918647	-0.20457930559076656
 0.9957109595639058	 0.09245473918072097	-0.0034360162034809067
-0.3454633037401515	 0.9293341511902526	 0.13035774315487517
 0.9236467621570826	 0.364019403182875	-0.11986047247996719
 0.5408548322089467	 0.10007983111467618	 0.8351407533346042
-0.6789065260465303	-0.7058936494010097	-0.20199030824957018
-0.691709040503778	 0.6617830189355299	-0.28910523885588607
-0.6191465886282594	-0.49159891303350994	-0.6123626462271033
-0.05502647879081974	-0.5850610093287101	 0.8091203260301612
 0.37148863581469405	 0.5571520961702767	-0.7426827958109736
 0.7228311410890506	 0.3896014325999516	-0.5707239833649593
-0.1757827815319008	-0.21067695903198175	 0.9616213561740112
-0.6729476105446071	 0.3091621477145342	 0.6719823508715391
 0.19147958970861162	-0.2959890657662923	-0.9358023507513856
 0.45439863795413915	-0.6717217462277167	-0.5850741606584674
-0.9604239239688208	 0.038927794941957916	-0.2758088342480881
-0.30427578653885473	 0.8239979989656021	-0.4779576795353799
-0.8407879415870961	 0.5188008223435658	-0.15466526441762388
 0.8411554068951436	 0.5198825712296226	-0.14892848479301027
-0.6175052063127353	 0.3450153240218552	-0.7068604857868069
-0.21659094317267505	 0.5378855159496994	 0.8147192983274036
-0.780371108591791	 0.18701401165816237	 0.5966964825761417
 0.332512946405069	-0.6482492322292949	-0.6849876446967125
 0.8510149975252651	-0.3221409830021622	-0.4147272128248565
 0.2441132533464729	-0.3913344862390727	-0.8872801358199122
-0.6754288695460107	-0.6525153648007533	 0.34353972242338715
-0.9974894341869466	-0.07036749369122851	-0.007952642140835419
-0.13044423422105003	-0.9818122488748322	 0.13794567669132984
-0.5728238566997285	 0.10492206893713127	 0.812935537816868
-0.4240031034286094	 0.06094031864671286	-0.9036081262616804
-0.9002208868791433	-0.04563571477942277	-0.4330354908816366
 0.055259758991749244	-0.7581973033808679	-0.6496793118009484
 0.08218476439095998	 0.3538514874881976	 0.9316838462184435
 0.8204437050394427	 0.22014862902900126	-0.5276425949426402
-0.6282489444653356	 0.7733382089354051	 0.085154438397369
-0.20287960780943712	 0.7832205882529835	-0.5877119829233871
 0.8262458103147748	 0.5297332019833632	-0.191573995243964
-0.2544635616491563	 0.517690281151654	-0.8168507015323837
-0.5761061498208809	 0.03533081698911379	-0.8166109462341553
-0.35535281169351557	 0.5480758346899519	-0.7571903714723435
-0.09253895495489496	-0.5045138476771492	-0.8584301481878734
-0.03651226380412567	 0.14107443199354797	 0.989325456677223
-0.5761008381558994	 0.4843454187629367	-0.6584203365627658
-0.14771505170360932	 0.946888031656458	 0.2856279380697186
-0.14303236248076964	-0.6787304688830499	-0.7203240200721929
 0.6358171143755418	 0.7307425624189624	 0.24849930490149896
-0.043190716166008836	-0.9955780449792498	-0.08342013181697666
-0.5063348438592294	-0.08161819592583751	 0.8584657803243302
-0.8352511446812376	-0.22202284633290711	-0.5030520659086058
 0.9642735798408076	 0.24056736103308432	 0.11092253164515832
 0.7500562884014133	 0.5068395700508527	 0.4248872961858977
 0.012263153136035512	 0.8784086582310018	-0.47775291126268726
-0.9119476898264334	 0.15099300839354898	-0.38151346298197214
-0.28150515449214153	 0.9526453349169163	-0.11498571152709396
 0.023545538423540114	-0.9791491320096922	 0.20177359813665374
 0.8848804346193101	-0.42752056894487045	-0.18496696882685595
 0.06653731067968056	-0.16347245566322974	-0.984301550606799
-0.3865227472776649	-0.56390800645918	-0.7297999219568058
-0.11164308178927666	 0.8708236718485003	-0.478750409751144
 0.3711977594658301	-0.33538768517957696	-0.8658679599092652
 0.5479946641935064	-0.13816093200601473	 0.8249929726262374
 0.01243701314048683	-0.6288845727213148	 0.7773991991874398
-0.6680535618369178	-0.2240734899716609	 0.7095741748463844
 0.1069451728485144	 0.3837228397860241	-0.9172347094560642
-0.48848500788765	 0.7901707304963551	 0.37015214944109015
-0.02563004238893253	 0.7209242922280389	 0.6925397214619843
-0.610734675438091	-0.21696859881912778	-0.761529896552981
 0.5052994976893624	-0.8475809149861276	-0.1621080201167015
-0.6898145946707412	 0.6765298404727548	 0.2578045770135778
-0.6123255221029835	 0.029421540807145964	-0.7900581167976457
 0.9288528799433518	 0.10096271583754059	 0.35642510774586245
-0.9330553228385823	-0.11760312400777478	 0.3399665715128489
-0.6164698783948223	 0.7071145061308125	 0.34634370825994515
-0.2254866295544589	-0.6916151309397959	-0.686166372352434
-0.3289812458837623	-0.937368730985232	 0.11450415725161806
 0.8579578428901323	 0.3720675158210481	-0.3542232396301313
 0.5533770950648393	 0.8222782919888049	 0.13278629892264293
 0.832253318922751	-0.5504777628823315	 0.06579244420242496
 0.7803779163735307	 0.5756519457059571	-0.24420308155601292
 0.5024334019448866	-0.035136337893748766	-0.8639016809623099
-0.37285754033131024	 0.041479796767595854	 0.9269609922095989
-0.8280513301648493	 0.3291569868744715	-0.45385754659798533
-0.0448557813859268	-0.9313503310193147	 0.36135096483401125
-0.6372877581720806	 0.012363161684737847	 0.7705267454911353
 0.9217485066480828	 0.1479797937914617	-0.35844340016446924
-0.30078199894772406	 0.5888281900497861	 0.7502076723892552
 0.13232840730444198	 0.41873415881723713	-0.8984157705983852
-0.8800131117227361	-0.3502143881269295	 0.32082207770810856
-0.74792255647703	-0.20810000393436393	-0.630322328555305
 0.5677621863883576	-0.12658414884004396	-0.813401839787662
 0.5093798859779107	-0.8593729237034623	-0.04483647807861256
 0.2640871904078266	 0.6883397661010568	-0.6756081129371101
-0.11388954905680473	-0.7596111709995307	-0.6403280717791149
-0.411194319913126	 0.8724701911603512	-0.26403597635133375
-0.7831917819954722	-0.14532822842200682	-0.6045579696261374
-0.5590426483836675	-0.6234399305245812	-0.5466204993555224
-0.3036648307349409	 0.9227645361631625	 0.23726205211601648
 0.6712086049923968	 0.06037386068751234	 0.7388057968978351
 0.44600045227269713	 0.6051859768058551	-0.6594190852940887
-0.3447321753563156	-0.411839845535082	 0.8435328499256813
-0.2531865260135773	-0.9019837365593724	 0.3497455103751427
-0.10360991326980327	 0.8762176939769396	 0.47064587391579044
-0.7791638522269441	-0.5258586921267308	 0.34113974746082115
 0.07320369907866901	 0.957968938389014	 0.27737471320043805
-0.5654481730551967	-0.8247494838290783	 0.0075267863134966875
-0.7713636001031638	-0.5342254501220628	-0.3458343026331623
-0.073669022831767	 0.6663642969845295	 0.7419780985846728
 0.14074393716310862	-0.9899219211714944	-0.015675909414278388
 0.07658699633693321	-0.5921068416898126	 0.8022118922181356
-0.3648442867609152	-0.603572071907829	-0.7089353993353763
-0.11823477500645034	-0.8774535787934435	-0.4648610061531855
 0.6454634430881366	-0.41584558626229173	 0.640663243852009
-0.353099589036679	-0.1280740586300743	 0.9267781372735054
 0.03004245971753505	-0.717117431576343	 0.6963045597606476
-0.10771207408333738	-0.8555027735132176	-0.5064712367033869
 0.5627383346476168	-0.017106886077506153	 0.8264580577178483
 0.02841886161624679	-0.9989438934828351	-0.03610354522468711
-0.25041783795820655	-0.5996100068389127	 0.760104431069163
 0.24858091408607702	-0.9677809652361805	-0.04009404542643902
 0.8540854583426357	 0.1547775519424911	-0.4965701755666961
-0.6374642173793171	-0.7246353372990253	 0.2618071799979956
 0.6458631103144029	 0.2677360152008865	 0.7149673201618071
 0.6836730960847817	 0.7276358302593031	 0.056010679452256996
 0.5346034451458416	-0.15176197171043038	-0.8313648178632289
 0.951025311060502	-0.14048832123566352	 0.2753432209419005
-0.9884437904327971	-0.08047459070959377	-0.12846288726697658
-0.36860755082705576	-0.6424005033753745	-0.671900339884082
 0.5910661700887512	 0.5443274929856168	-0.5952716715556089
-0.24911440976519109	-0.25581955021155284	 0.9340762113322978
 0.7880008091144051	-0.4183649050014111	-0.4516918541419617
 0.3335613185837847	 0.6256462600130939	 0.7051975638615571
-0.1915342896031168	 0.6869305762208291	 0.7010285296328167
 0.35440849581204026	-0.4226463535204721	 0.8341250973038129
 0.7473906698670664	-0.2637667471302856	 0.609782165780507
 0.5626784186398124	 0.5760748861099684	-0.5929002637799946
-0.36378100837027155	 0.8881125941226637	-0.2809259655315281
 0.1810555953222615	 0.8274689654750506	 0.5315204441770336
-0.8746623372647792	-0.11135996113839708	-0.47176769158746823
-0.9582270763685247	 0.25866689428895495	 0.12203404407433392
 0.09478275690054676	 0.9661545242021592	 0.23992012078613026
 0.4718731916581264	 0.7078711166126487	 0.5255988710603696
-0.23605886627706266	-0.9037006476948515	-0.35721331303283455
-0.5976819679404486	-0.36404378479861305	-0.7143167280333941
 0.5066494360342716	-0.3511043511536616	 0.7874211602231178
 0.7012472992017473	-0.3397381041261154	 0.6267617138650444
-0.17471649063078332	-0.2528957805303129	 0.9515870281228235
-0.003690823411438952	 0.4443900706095234	 0.8958257882904512
 0.4350106002989234	 0.27669696026837703	 0.8568573800848135
-0.8489662290262885	-0.3132255977175089	-0.42561257841773487
 0.7278143152549096	-0.07271573993205246	 0.6819081636673381
 0.8288857277506307	 0.2841017863352581	 0.48190727877095024
-0.05098673358249694	 0.9608021077985822	-0.272506261668221
-0.8086036112082261	 0.3782857733821628	 0.450621874300033
 0.36880836974561804	 0.9143058022506987	 0.1674075457567123
 0.2063573096692024	-0.6945150975538408	-0.6892499111467973
-0.8690786474695386	 0.07170840021990846	 0.48944888379729584
-0.07980638822260763	-0.7803995926122385	-0.6201672486108203
 0.531956501693041	-0.8456209052022028	 0.04413122467719029
 0.8549904224111101	-0.5129824212368658	 0.07642259539713749
-0.4552064538487916	 0.6569731722083164	 0.6009769840625758
-0.3246269150934353	-0.9413005058928899	-0.09257820263274325
-0.9772215136359094	 0.19475976976399517	 0.08430151462825544
-0.16005336104790635	-0.8790627712618206	-0.44903403634775413
 0.4570893995562087	-0.8892221360570226	 0.018795572870500505
 0.8384652421401257	-0.44350566108760936	-0.31666822749708073
 0.034836545265350315	-0.8969118849490193	 0.4408349869862556
 0.8046551854409215	 0.5923251421569586	-0.04099949404291316
 0.8415243481635885	 0.48213938548380325	 0.24367680319051388
-0.5763286468803135	-0.7175322799236976	 0.391142835870232
 0.5743175449161237	 0.7707206102690192	 0.2759512611097599
 0.9247207397984797	 0.21359588760630976	 0.3150688023023311
 0.24660570233565537	 0.44330259363804736	-0.8617821291076524
 0.13064913597712377	-0.9851404809352099	 0.11148558692124472
 0.9892178237098305	 0.017861855609910125	 0.14535835500224048
 0.8523215625887275	 0.042218371891077695	-0.5213113877723913
 0.3679304866031247	 0.5994357660079237	 0.7108473249991742
 0.3763547345200918	-0.9264503812728019	-0.0068414065652453605
 0.33760033746925006	 0.6907136065609314	 0.639484734651453
 0.5568535344797048	 0.8258671325274513	 0.08864322054362521
-0.5267153872558544	 0.7076682303189846	-0.4709316050395342
-0.08692280283868625	-0.9337511946254388	 0.3472076221545734
-0.026752115964620862	 0.9192985279832907	 0.3926506599245319
 0.07622213832524319	-0.4471203394231538	-0.8912202801234111
-0.6649875339926149	 0.14129155982819452	-0.7333677622828375
-0.6334325145823214	 0.772743898607592	-0.04037470290487167
 0.43288549095322176	 0.900745376170366	-0.03560785067782429
-0.7912533490378582	-0.06649413085342423	 0.6078623760345934
 0.5452109445813245	-0.8249138636325131	-0.14920503843912059
 0.14046605598390127	-0.040164888626502415	-0.989270473044631
 0.6632682336561211	-0.6809661389472395	 0.3104196640517128
-0.560037312565905	 0.7658839877296717	 0.3158796066118467
-0.17463652004602873	 0.22891748710369772	 0.9576527919681234
 0.6222345843766628	 0.3720913299540047	-0.6887468070188505
 0.8496639416383974	-0.5263395351109308	 0.03221614593199086
 0.043969811890331834	 0.6336110801517997	 0.772401226533981
-0.9003123836869197	 0.4323989950549976	 0.0496862240002708
-0.834985826774641	-0.35571026166720165	-0.4198438743510738
-0.6796001438454661	-0.728672400048651	 0.08473593035165541
 0.8023902258856629	-0.47862441692698715	-0.356494870824892
 0.22564086377599268	 0.9152406309369012	 0.33379752556998815
 0.1188682768620523	-0.8799929466475984	-0.4598725329983552
 0.583458749349407	 0.45342918294504037	-0.6737787944581063
-0.6418886972956868	 0.5517991503359686	-0.5324439857605204
 0.7749479324365601	-0.509293045381846	-0.37426767952627926
 0.19610036136076317	 0.882121631928783	 0.4282593545475439
 0.3983710343183017	-0.20418601364721456	-0.8942083598619653
 0.9056190063153738	 0.18504921051989398	 0.3815901008756895
 0.2081838894818457	-0.016053843252926546	 0.9779579450451954
-0.27929422086904254	-0.5321835014596508	 0.7992342954123658
-0.5162219402639898	 0.003943102700781037	-0.8564457719734349
-0.04561025273075419	 0.9891263005128441	-0.13981726102170475
-0.20500944286218273	-0.13955659945672388	-0.9687595593775645
-0.7451910602487362	 0.6095891431623167	 0.2703541386108182
-0.5674628944737957	-0.29802701282968724	-0.767571340670843
 0.1131230949906156	 0.9910117409763018	 0.07140654470609684
 0.4351855856185538	 0.5425296052510289	 0.7185228830705388
 0.23365318962328072	 0.9609989708605055	-0.14794311401317925
 0.4984218832664362	 0.7571645139242192	 0.42222923292334946
 0.13612251058558508	 0.8788219335582745	-0.45732119042175706
-0.3858669310190058	-0.2951779474880354	 0.8740576015702421
 0.8130511835816425	-0.007692978570177865	-0.5821413839929344
 0.9799794012609142	-0.06056755119461755	 0.18966271337979868
-0.20113961205352832	 0.29999016693324554	 0.9324959818714071
-0.08155012199559179	 0.6056911843990124	-0.7915098020516395
 0.20096383644039567	-0.8257617811443295	 0.5270019138907392
 0.8672048374103891	 0.1251365333084401	 0.4819715946023856
 0.04036052552619529	-0.8773722249012793	-0.4781098272897435
-0.2144985514387895	 0.8234230277410566	 0.5253236039018353
-0.21921856728264566	 0.8446670607751152	 0.4883449356756677
 0.4724204213831206	-0.057061618845546204	 0.8795242561265267
 0.6985637943459281	 0.44121531089256233	 0.563327324619532
-0.7187498607959253	 0.6895717514110871	 0.08882250425249166
 0.8533783961977686	-0.13861602508128368	-0.5025245372054874
 0.041768288295773115	-0.9960747509068327	-0.07804166002035105
 0.2523600275783215	-0.3246346339663349	 0.9115518476259112
 0.09038680562253236	 0.6295842598325301	 0.7716565849783696
-0.9707833556506552	 0.04564173361081291	-0.23557696946996493
 0.9839584214027268	 0.05743148383925446	 0.16890070933739537
-0.3404043718042147	-0.872666892798635	 0.3501104938012477
 0.3967377965808559	-0.9039887422267129	-0.15938467520917146
-0.7333150634437223	-0.6650428869773218	-0.1413045512621525
-0.07894078824845334	-0.38220813519904345	 0.9206982640031329
-0.5576787015149296	-0.7609673983355205	-0.3315465043505834
-0.3399853097727369	 0.7018367828944041	-0.6259673468442017
-0.8879569835978	-0.267766370580169	 0.37394326583884335
 0.7170628196313077	-0.5615690953026873	-0.4128693060804107
-0.9008254817823855	-0.14952981399575727	 0.40762027194182465
-0.3219613967553822	-0.8091154221095352	 0.4916025759735521
-0.6444926889162466	 0.29507716576225584	 0.7053783666793451
-0.757726500535615	 0.6476617320868521	 0.07990513861016281
-0.885192914169025	 0.06599863891238024	-0.4605189294335926
-0.43909207563120745	-0.7723056254494775	 0.4590666291694155
-0.6768299732671739	-0.5805674422929269	-0.452595439920251
 0.6755515512148169	 0.6351207728617697	 0.3745019432936534
 0.4379085218077674	-0.7051254349465612	-0.5577044445936927
 0.24902479447286063	 0.7489278145582473	 0.6140796205043424
-0.793813671160457	-0.21625388677123675	-0.5684136802849584
 0.5458877168100769	-0.31187461906194247	-0.7776508359288568
-0.045540429614001586	 0.9029992778040304	-0.42722169134533844
-0.6245527510576441	 0.779943715880331	 0.040269854793754646
 0.009192114157751086	-0.7664399963398851	-0.6422501358877459
-0.8372891419588532	-0.2901706488673409	-0.4634089849082705
-0.8309074209712389	-0.5550035143508572	-0.039546894102091744
 0.3310608961514399	 0.9388351414754926	 0.09480116122757788
-0.5024242562229961	 0.8256612111026128	-0.25661923396217934
 0.8965468083265327	-0.4198445712080345	-0.1411890806919899
 0.9441455278761817	 0.0955658287655996	 0.315367079074133
 0.7756319551634363	 0.6172611658735536	-0.1318473482242488
-0.4752179455095855	 0.5953616726057013	 0.6478521305497036
 0.29910493139470495	-0.945491696981559	 0.12876991478719216
-0.013578148647596495	 0.9706374780954731	-0.24016352761350718
 0.19218159009738162	-0.49752612103693256	-0.8458924253790108
-0.9031749911424691	-0.4282005887980169	-0.030318164981289378
-0.7604716842971515	-0.43895441277710034	-0.47854136799838404
 0.9227808266961076	-0.25777215476626486	 0.2864071614139647
 0.5688477938325641	-0.8205713958142333	 0.055450625093911535
-0.9891769142846562	-0.13698519804618253	-0.05257459236679303
 0.596798270582992	-0.6201641041612473	-0.5091446829134403
 0.1498156814257895	-0.31219244603750107	-0.9381317275500537
-0.21219328114649813	 0.8068325337990858	-0.5513576641705729
-0.8936249452478718	 0.448500226143678	-0.016792986030122595
 0.8146773678454013	-0.05441525324689278	-0.5773558404784394
-0.22251741192095387	-0.6612962789343577	 0.7163611050717177
 0.4640751434830036	 0.0842156596621916	 0.8817834109739713
-0.8162192871928766	-0.05179405015195024	 0.5754158944478419
-0.4528275768183784	-0.15827726217512514	-0.8774368888707281
-0.02597131026486064	-0.9958402828999973	 0.0873362582023057
 0.4028501371989611	-0.5581269124044373	-0.7254006593660277
 0.8119014302192894	 0.26511230946001496	-0.5201264567205263
-0.14217051845239567	-0.9130663590744815	-0.38222685359540975
 0.10568556620048442	-0.19511783523373474	-0.9750690188240955
 0.66459822388881	 0.683002434489296	-0.3030129952420102
 0.865372190323386	 0.2026789762778687	 0.4583145260515541
 0.8645237862946596	 0.45097877131867237	 0.22184853109868977
 0.808074732031752	 0.5401797576225731	-0.23499161028987914
 0.3929689008575447	-0.6273353421926372	 0.6723286483520245
 0.5604380781822298	 0.6766850480715723	-0.4775002683138331
-0.05496989558078962	-0.8548310573577891	 0.515986602497004
 0.6451215473710503	-0.3799529804577077	 0.6629132083153013
-0.9723173949732133	-0.013622733974295791	 0.23326659544728964
-0.6966125070582118	-0.02216086685423995	-0.7171052300676253
-0.8240309254451825	-0.33304974331595655	-0.4583131051880703
-0.9271224377847916	-0.09251328941211093	-0.36316012534161324
-0.1531210647606982	-0.7125775239427521	 0.6846803720701848
-0.21403646662815337	-0.2148202944662597	-0.9529116601441946
-0.6083708692175055	 0.7264666620508222	-0.3195795275299621
-0.3032025124726062	-0.35435869022749916	-0.8845892578426161
 0.24295337558656965	-0.8717025689777929	 0.4255681949213403
 0.17440723546658884	 0.8092753226788325	-0.5609416799632322
-0.8084665308161583	-0.49493343421689184	 0.3184694086476114
-0.6958513173262718	-0.7181816045265327	 0.0024752969492678875
-0.5647571928112312	-0.4590698276320047	 0.6857872895628059
 0.1096147415650982	-0.4067906451235129	 0.9069211539442738
 0.13267792961277547	-0.7667230371685124	-0.6281181029621415
-0.3309095843266755	 0.29599914364800634	-0.8960375851270937
-0.6352549097957686	-0.358740116726354	-0.6839274290679762
-0.9563323775541435	-0.07914508198338961	 0.2813617593765748
-0.0604462332192497	-0.9974628130950443	-0.03760570943520469
 0.734081312216581	 0.678301540639132	-0.032119262459818144
-0.9904703491436135	 0.129290400515135	 0.0474602971120489
-0.31237813931865077	 0.3915386471164251	 0.8655156762820977
-0.9832902927717722	-0.12444456946207355	-0.13286741237866276
 0.2876095842653733	 0.10396131695163126	-0.9520886364285532
-0.5475932333527304	 0.7540240309890858	-0.36275254854690187
 0.32946748627120664	-0.35461043951616267	-0.8750443484054313
 0.3345393256030859	 0.7258560480995822	 0.6010128426766683
-0.060155547666382585	 0.7497385459507145	-0.6589942509617713
 0.6417679643615407	-0.27866671517593283	-0.7144779505151293
 0.7592310570968827	-0.6066819336671032	-0.2355954865898218
-0.7915868236348097	 0.591528652931056	 0.15324540257157102
-0.4446931804262824	 0.3940098132261342	-0.8043657391783073
 0.5664005668461487	 0.7517531332618935	-0.33772418407227967
 0.7839279556904108	-0.5651399940765439	 0.2570481421489315
 0.8708775196753444	 0.45768269894145275	 0.17916163878963437
 0.6153055535296115	 0.4173121158860929	 0.6687672792012859
-0.2552945137616624	-0.9471807071765923	-0.1940964172663852
-0.16720022380211425	 0.5142945409066868	-0.8411570663996726
-0.7326098638453449	-0.4428085655854129	-0.516917170967162
 0.1756154692356416	 0.7831221444299646	-0.5965558765686235
 0.8809577368781788	 0.4243200507696365	-0.20944202145064017
-0.3704495402136337	 0.7757455009941285	-0.5108679436438306
-0.11170649975468919	 0.1262656743450867	 0.9856868860823583
 0.5694842556576917	 0.24515626571265833	-0.7845929441053044
-0.4108809940063694	-0.793627063014893	-0.44870134122230215
-0.5255051948126339	-0.8036743485855556	-0.2791985523789811
 0.20789595097469138	-0.002893213663007692	-0.9781466673679509
-0.93474600356323	-0.003205792045332906	-0.35530216959643257
 0.37479474939243873	-0.7639263925825512	 0.525305018578415
 0.22396540961474384	-0.4359623941578688	 0.8716514705868618
 0.8922305407360756	 0.42417147373570135	 0.1549297358375517
-0.8252247598841349	 0.21522434582753378	 0.5221901728654816
-0.7599070384923409	-0.34861153378895143	 0.5486449592943643
 0.6559773998505081	 0.17258029806657235	-0.7347854731856229
 0.9322587609300235	-0.28624527033308	-0.22126284794596568
-0.0822851804570758	 0.348849882413142	 0.9335592689366238
 0.806819547544467	 0.015424169580435337	 0.5905965735532973
 0.937234506721225	 0.21264195824188548	 0.2763600495840137
 0.8867086216741199	 0.44180678445881827	-0.13621521741326095
 0.8950193635339574	 0.2908653204662768	 0.33813858734152147
-0.28134688383930584	 0.5605921304654996	 0.7788327125988381
 0.5293633605924782	-0.8264542752540256	-0.19169706147090823
 0.443737080821808	-0.2645436868239487	 0.8562207897880855
-0.3927698445075361	 0.5167830833569437	 0.7607017115805749
-0.17719865380461255	 0.8385058575592372	 0.5152752312392681
 0.7239511103721417	 0.6372883331846945	-0.26411809892095034
-0.8933867078314376	-0.2046145208571095	-0.399991360062341
-0.15028876903381	-0.9058474085328003	 0.39604767182337064
 0.9317732428979699	 0.3578911341530806	 0.060930779693207385
 0.3609970528656788	-0.8188883958351872	-0.4462095057131435
 0.22798504706712058	-0.9333792081399576	 0.2771751650596215
-0.3582717846641412	-0.4802958146796019	 0.8005980631470632
-0.4489608644170202	-0.11617233689624178	-0.8859673415888354
-0.3030208875449686	-0.9403206940305354	 0.15483970449917417
-0.9663257790322733	-0.2565608267676271	-0.019774502420587634
-0.06010288067116329	 0.9710193716563869	-0.23132017552099365
-0.8968331554012883	-0.42835831812712216	-0.11045108720276096
 0.6094533127308819	-0.6165352244886264	 0.4984485696299198
 0.2608889757465485	 0.9482875449647665	-0.1807973296224601
-0.10116512389009931	-0.6712002813673255	-0.734340384291048
-0.12223967454745722	-0.7661161979468811	 0.630970231635334
-0.5472990848288077	 0.5198994902048966	-0.6558721154541014
-0.6843973025192205	-0.6053742150810483	 0.40635254646602026
 0.5986884043689159	 0.04609676689151834	 0.7996544769813713
-0.4891754184724613	-0.6654606542732614	-0.5637991908263925
-0.6588164347355271	-0.24573337563404263	-0.7110386863046677
 0.5213570823219674	 0.7791416494075387	 0.3480302901634075
 0.5541924337965775	-0.4145492854967742	-0.721816899370429
 0.527972313196964	-0.7029929346012235	 0.4764936205220451
-0.987009201543714	 0.036091064331166225	-0.1565575649513111
-0.4431566968944276	 0.37048688818095354	 0.8163036246909686
 0.8093895094830879	-0.14605914638115555	 0.5688192574949749
 0.2926306463421348	-0.7478330780978665	-0.5959135777309111
 0.7054958993354357	 0.6119151129174978	 0.3575408097043622
 0.7136264097267667	-0.14252355070318015	-0.6858749046549543
 0.7172064967554641	 0.08605278050122478	 0.6915271216516116
-0.5307992140906265	-0.23357524431788945	-0.814674658721266
-0.802819877770418	 0.0683052836536321	 0.5922960679269176
 0.3545331606610727	 0.260157429024001	 0.8981226809936891
-0.9463679502295095	 0.0015317380311642551	 0.32308722747425417
 0.6725616919027083	-0.1926944761084402	 0.7145135474308799
-0.8108953034445878	 0.5189523947440952	-0.2704389373608741
-0.3310825521635951	 0.4907097366387381	 0.8059704076582346
-0.12581818391317284	-0.0282899060393269	-0.9916498705758384
 0.5372171420499878	-0.6282244927100171	-0.5627892403439188
-0.9075390801475618	-0.4172037593243277	 0.04810240337619217
 0.2116038205097268	 0.8200696799998285	-0.5317043756549934
-0.4284688652784581	 0.18645247228557765	 0.8841096691392908
-0.08248452492712458	 0.9918123587316726	-0.09749127250509529
-0.687179575426044	 0.40565793430577385	 0.6026822309078427
 0.4631700823558291	-0.8081356587358073	-0.36385468512874375
-0.2010268324513777	-0.9476725357414916	-0.24800197103220162
-0.6658348280439219	 0.06079110167752056	-0.7436184665004996
 0.18950063610451265	 0.03775672504898246	-0.981154390822138
 0.5179538597047958	-0.29167453816423367	-0.8041453618616387
 0.945699852834016	 0.323348093184309	 0.03313304972066269
 0.9815817640871668	 0.017343497180092635	 0.19025362944524848
-0.4841090164587833	 0.16712852356187483	-0.858898432176551
-0.9111525733193739	 0.4039422807124213	 0.08143477135923269
-0.37723086220930685	-0.005355598275956976	 0.9261037707319463
-0.4943671300836143	 0.8671626415028829	 0.060250260369839395
 0.2827248648576623	-0.9187313208050607	-0.27567990670885884
 0.9531384772924443	-0.27151025846183013	-0.13345119952488627
-0.7452774015183521	 0.6487366862875192	 0.15395553465446415
 0.12221187059913614	-0.10237922576223474	 0.9872095789734748
 0.4544962889774652	 0.036397161220834744	 0.8900047022127339
-0.6441935778169149	-0.4760160950841057	 0.5986846511481
-0.35010625107066784	 0.9212761658962796	-0.16933941984279208
-0.23909756464547102	-0.39984658025471964	 0.8848474822472011
-0.6973052263516955	 0.22945438122996342	-0.6790553057277334
 0.48250854075940286	-0.32802173640440024	 0.8121497697718529
 0.16495205536672952	 0.43766021706023817	 0.8838802825230783
-0.197457785208797	 0.29547979346237896	-0.9347203403777337
-0.7467760016375842	-0.32286101498654374	 0.5814519484704144
 0.13880734642403464	 0.640239938713634	-0.755529841538162
-0.6132262446509876	 0.6867813621979761	 0.39023702208880623
-0.01274214404626053	 0.986412455748402	-0.16379287197406137
 0.14385589515715794	-0.2940353518217669	 0.9449067114311247
 0.5306466636779447	 0.25611544069710473	-0.8079721525919037
-0.118425402693623	 0.13404017611507468	-0.9838743086308804
-0.6021648649513	 0.5908874010515851	 0.5368887731147728
-0.5885083347747013	-0.25734654292250886	-0.7664402760466996
 0.11270436169231939	 0.7135553779611381	 0.6914741133536848
-0.6080716665058383	 0.5853913452760688	-0.5362516398750563
-0.20066356403748883	 0.8699200678859493	-0.4505254815846468
 0.8494531424119035	-0.261177193494203	 0.45849300152241584
 0.42509638729870186	-0.6011541775029898	 0.6766880495296898
 0.25837192578148965	 0.33555853515790024	-0.9058942639462118
-0.4417520549957015	-0.7433711216820498	-0.5022494373876849
-0.2711819008698647	-0.9596977974711146	 0.07375984117186256
 0.331933463649819	 0.3339847726205116	 0.8821985872619947
-0.6297048591309081	 0.7450676545444378	 0.21987719422116914
-0.2912627381056894	 0.22182744959443182	-0.9305689657395663
-0.35570739706474036	 0.7485064751629363	 0.5596519492618458
-0.8099990190675845	-0.1265976054201758	-0.5726033840377024
-0.015580681089931605	-0.028340011555455017	 0.9994769062473683
 0.4630196013914378	-0.3672129717099747	 0.8067016066274094
-0.7901796072672074	 0.5064844110141139	 0.34509379834869236
 0.9087311370503673	 0.2207828674088525	 0.35420706657811224
 0.9521562775902386	-0.12251833471425712	-0.27997800039350523
 0.12495601743618896	 0.6108648065452985	-0.7818121141494689
 0.6468670466381518	-0.2341215689806053	-0.7257755265312372
-0.2051560260026119	-0.9746251887256724	-0.08953628591952473
-0.8035563578838718	 0.20105519520508455	 0.5602445788987628
-0.6499379144771837	-0.5299243334105852	 0.5447576600511423
-0.3373407408951656	 0.8015820372528312	-0.49362684498100534
-0.05585355650452644	-0.7252231617822275	-0.6862446690797566
 0.8102422211759844	-0.1458016929250796	-0.5676701589514707
 0.13289954894848813	 0.8269207880878566	-0.5463878843069697
-0.7005052260209633	 0.44687462108881937	-0.5564130671938279
 0.1623638838798221	 0.47905324432139745	 0.8626389501504109
-0.34821835388079625	-0.03609425890620981	 0.9367183047718027
 0.2749818179496504	-0.0454181346229411	 0.9603760684463548
 0.03451550396749793	 0.5129380845583843	 0.8577314273101141
 0.08530304168286967	 0.991605673679166	-0.0971677879080215
 0.3411927229354984	 0.7537447670797327	-0.5616550114757098
 0.8537098829437103	 0.5171433702640308	 0.06117328139143948
 0.03285141044031995	-0.8384797899175609	 0.5439415655489883
-0.07640888099780282	 0.6083077661491982	 0.7900147748917334
-0.686975536854235	 0.19162180977313234	-0.7009605508037559
 0.23504187075206948	-0.2799501744614956	-0.9307970878834688
 0.7141743700488078	 0.003784236560354549	-0.6999576049440734
-0.2700483955550161	 0.9477900559183883	 0.16961094882223904
-0.7681079176893122	-0.5965364685208038	-0.2327111267381025
 0.6689577894387955	 0.5422761903086044	 0.5083620849095127
-0.7549932229821718	-0.16459154954518732	-0.634739990129271
-0.5937816404353862	-0.47598946981100076	-0.648735221882475
 0.8805146322470898	-0.4727268245183778	-0.03497616016006896
 0.86495741078387	 0.43480471121678255	-0.2505863935527108
 0.4461372739196433	-0.7507708878231649	 0.48713920681542955
-0.8237437280058035	-0.12899206700705695	 0.5520935765070517
 0.8568383260518981	-0.04651786210639199	-0.5134823964982943
-0.8849466159364139	 0.13921612394253383	 0.44439662214862374
-0.8271204959117865	 0.2929081595198229	-0.47966289759512376
-0.17088288536899748	-0.8501601665900522	 0.49802282139630993
-0.10352422611241419	 0.511717250766429	 0.8528940085824694
-0.6114639532516907	 0.32172548415392094	 0.7229139276011627
-0.2319724076932525	-0.03191122302835534	 0.9721987841557045
-0.9773864212861977	 0.1709254933198282	 0.12450003702301775
-0.5916306336321109	-0.4366487698339426	-0.6777249037408701
-0.8643176993614657	 0.13566318591278945	-0.48430405176758007
-0.6605058412986076	 0.6126411102566537	-0.4340540330810362
-0.07355936188606325	-0.9904065216356163	-0.11697838339007241
-0.6598801006735533	-0.061745806228961905	 0.7488295588104124
-0.24309166011294653	 0.6761990474744516	-0.6954576140773614
 0.13140409660324331	 0.9677624887803677	 0.21486909667403056
 0.46710174147392736	 0.5130020971543414	 0.7201699878690253
-0.41996992244027703	 0.2863813274348448	-0.8611683920942315
-0.6255289885827948	 0.38054849509474303	-0.6810993520212102
 0.7814958653324331	-0.2155631790503881	-0.5854884527520605
 0.5695828428607375	-0.46931470353341603	-0.6747733650389752
 0.9317028719272856	-0.02813596375372761	-0.36212998493095905
 0.6353804400974451	 0.7332915954612373	-0.24202299966633317
 0.6638431537033062	-0.06637204503505616	 0.7449208138581664
-0.432319215664455	-0.277589572787943	-0.8579301398404636
-0.9364906789856512	 0.2549011954231175	-0.2408538742575255
-0.5397470250850102	-0.6982956564012295	 0.4701662739532236
-0.1188020294971512	 0.9794261304071447	 0.16312735167054246
-0.06713895000134239	 0.8683804019131686	-0.4913327171742599
-0.9485181174171309	 0.06349344148937722	-0.31029335123282464
 0.8553913193191776	 0.011570008556046325	 0.5178530928124401
 0.5894347702438187	-0.3350037674513622	 0.7350776336013838
 0.998325028685822	 0.05269725073961777	 0.023877538900372267
 0.10042397289802805	-0.573754791690602	-0.8128471348780469
 0.41619474758609154	 0.8224089643170522	-0.3878471702780661
-0.9660148772729803	 0.100396971878375	 0.23819257949172445
-0.2259228031969879	 0.3312159754008937	 0.9161085441337449
 0.8039627887919419	 0.19599476596059032	-0.5614533693495274
-0.713395524332373	-0.11095670839478276	-0.6919215524354868
 0.1493104594382211	 0.8885608377521134	 0.43378107878930094
 0.2861338150009124	-0.4661388153093472	 0.8371630932948622
-0.2359895001081252	 0.7579817487742384	-0.6080893226852978
-0.8241505803688778	-0.26661144488673505	-0.4996940647366637
-0.9513461150154585	 0.30567003426109085	 0.03881236400707057
 0.41675894696468146	-0.856280892576341	-0.30511475404108956
 0.12135296686464697	 0.2887870799348235	 0.9496712483253695
-0.48371184855110305	-0.8527675784453784	 0.1970033114535899
-0.690353106742675	-0.31132753249499184	-0.6530603000652517
-0.15075027897245558	 0.47910582674209956	-0.864714958915073
-0.7697363230486833	 0.30504775292757824	-0.5607600747319019
 0.3633689853806108	 0.7025190716962342	-0.6119068020266869
 0.6797879941339983	 0.6349183503812835	-0.3671062126692828
 0.9535397024151275	 0.2893274044485961	-0.0839743350858378
 0.7863598035084991	-0.5738593353246991	-0.22874379267374467
 0.6127143159467855	-0.753345968274915	-0.23885355161226587
-0.6203006757337534	-0.28737229694580535	 0.7298247972166614
 0.863993347888404	-0.18629262500665408	 0.4677719023976513
-0.14173629379257185	-0.18141895329732113	 0.9731382154691337
 0.8624261968892628	-0.4009891959901952	 0.30891539232977605
 0.4464224875291396	 0.19565063851194975	-0.8731711116832493
 0.4644716101929842	-0.8680328225692469	-0.1754569527468287
 0.892513078247551	-0.3959223934528624	-0.2160228310147746
 0.5006747039263025	 0.6893105873116196	-0.5236179476186995
-0.47364180929478394	-0.7145746278302733	-0.5148267065228743
 0.9723387882631849	-0.09972143854572027	 0.21121769701720908
-0.7353409452483829	-0.18093511961965728	 0.6530973715529981
-0.2968552655675168	 0.8968978817926656	 0.3277974083800368
 0.01333974329738928	-0.6856249586661173	-0.7278327193131983
 0.613991123587082	 0.11193526463261637	-0.7813356491853539
 0.6296557159849745	-0.1217805935670396	-0.7672699436038847
-0.9465044315730561	 0.25421051712442017	 0.19876210402363204
 0.0905797065520472	-0.6353787115034623	 0.7668697475641774
 0.9658619562972335	 0.2503449565448294	-0.06661894708150556
 0.024481154880923464	 0.9958916133605048	 0.0871812336108362
-0.11386780792774694	-0.3060169171275922	-0.9451919216484312
 0.6977059208086134	 0.10723489451654268	-0.7083128725828941
 0.011283646750907652	 0.7905316597510336	-0.6123172170103309
 0.8632172259403638	 0.11246450321306203	-0.49214607217457484
 0.6034348572916312	 0.3439385655992204	-0.7194252123042253
-0.2436752784982661	-0.8086553170708846	 0.5354427484071287
 0.999453710258086	-0.02638960358792482	-0.019896478930147458
 0.6037774416215701	 0.4135180599413526	-0.681509805572342
-0.5633729283411909	 0.8201271242930247	 0.10001221730931077
 0.24537293710068997	 0.8291366339282747	-0.5023191853957709
-0.937688508334967	 0.20022477744594624	 0.2839899643178715
 0.04607505938055956	-0.28364939438388315	-0.9578204998687042
 0.31809248853104716	 0.9155471128842843	 0.24615168662712267
 0.32115875011137923	 0.8282386229601172	 0.4592143733203763
-0.7040751785458071	-0.16145653096381848	 0.6915272457140207
-0.9659941487656144	-0.1895561284283518	-0.175851581527862
-0.6998860247147272	 0.14181091367092974	 0.7000351542407226
-0.6318129135052761	 0.7234196150446565	-0.27834601289872124
 0.11786901091623556	-0.9916094760012228	-0.05308053664205394
 0.9090178510111404	 0.34202330687855126	-0.2381314848879677
-0.5795809020576297	-0.41676482967265255	 0.700280697090809
-0.7313566847659896	-0.1417889962014692	 0.6670931570659984
-0.04975777807522578	 0.720690107402842	-0.6914694010675358
-0.8485852630273227	 0.14203419862137456	 0.5096364761227686
 0.31679069236526886	-0.5929339562219189	-0.7403195126361032
-0.8834465047117297	-0.24910693780578913	-0.39682238703184425
 0.9021103646468355	-0.2590962695377525	-0.34505943416804896
-0.43401598362874577	 0.6337090597534303	-0.6403459639454251
-0.8156613204395348	 0.5696874110499798	-0.10076142133776378
 0.13413778597573303	 0.7774458752900808	-0.6144794263178942
 0.03282008288279717	-0.970484083232702	-0.23892150667436424
 0.8000440893526566	-0.5998215750855966	 0.01198053228001985
-0.7613317666243569	-0.5627445677508905	 0.3220131869900662
-0.30488912585368577	-0.7030571663820654	 0.6424587471075449
-0.1455302306192204	 0.9169957203841741	 0.3714024781460488
-0.3235100363248756	 0.14964400973286288	 0.9343168235390759
 0.24564471273747351	 0.5415512070706313	 0.8039782119090455
 0.5793262111829123	-0.654651539031746	-0.4856052959758757
-0.05763972893628989	 0.5128159605870322	 0.8565614118178277
 0.387058268142979	-0.6803564486550445	-0.6223351185941972
 0.3178614773780759	-0.3962716089576906	-0.8613552653424196
 0.20668179123693897	-0.8465632856097747	-0.49052343535112913
 0.9764718279092162	 0.1602373214376871	 0.1443148298620406
 0.8074855135190154	-0.5136416550456301	-0.29006791559722345
 0.4119552306821354	-0.895212738505216	 0.16996188023089234
 0.6950653017360617	 0.49556896495350805	-0.520860468165387
-0.281717874558323	 0.9588516523631115	 0.03519300946028163
-0.6830771874624191	-0.13169622454046284	-0.7183743177551793
 0.6410776260963402	 0.5504047162397449	-0.534858977357328
 0.7972041514255467	-0.5446660003407159	-0.2603929511771034
-0.7414776885465514	 0.6608977306501774	-0.11586641881541386
 0.541735374152602	 0.6468443900729743	 0.5367635600735786
 0.8179379840839422	-0.5433308811052098	 0.18912696219770717
 0.8893225440477666	 0.25689312643836326	-0.37830058714880604
-0.1120185238215746	-0.9889319031601449	 0.09729101311472209
 0.6263526222351465	 0.5299844638170499	-0.5716632406685861
-0.9386271970317	-0.18492286591673937	-0.2911743784290678
 0.5648631701828338	-0.7357593748064302	 0.3736144287302756
 0.8060341365950414	-0.4114829948471006	 0.42543003607543645
 0.2715778797107248	-0.9209259627542414	 0.27953680683766907
 0.44875534987380905	-0.1860957172581387	 0.874063510265595
-0.5063590435032121	-0.684066332911154	-0.525027400465917
 0.7625220937815064	-0.18697153358356772	 0.6193558767982076
-0.20407858763119163	 0.199344496703804	 0.9584433742816344
 0.15269366520321537	 0.9484051146167846	-0.27787116290743763
-0.08953550318030451	 0.2504252462193085	-0.9639868203073362
-0.9459949548432103	 0.3009350120637848	 0.12054735138260889
 0.5956936324722075	-0.48304858085630786	-0.6417267056658725
 0.7430480927004521	-0.6691821039077364	-0.008651227880227336
-0.11927582696037851	 0.7696930758708589	 0.6271728996531772
-0.8388456099046853	-0.5229294720350219	 0.15127065155148153
 0.6697404916685655	 0.28309057575055796	 0.6865183171196276
-0.3071608001136808	 0.9400940987973516	 0.14790310436200646
-0.990871842682511	 0.11426295829050082	-0.07153298359266434
-0.4996480248035207	-0.4176860240407591	-0.7588743220263569
-0.7945555020130728	-0.5576716129046263	-0.24017478298336475
-0.6300951285070008	-0.6461831725697352	-0.430612861535112
-0.5000043634290519	-0.7618600478669388	 0.41178259314363236
 0.6219635820283862	-0.5115672239049781	 0.5928408539031136
-0.3864717263849626	 0.908890237345126	 0.15671037350394898
 0.5578678112729223	-0.8117167902579161	 0.17291430698165283
 0.5653221278544438	-0.7962627676377609	 0.21535202955156232
-0.536634450640871	-0.6878496214414321	-0.48876002769073607
-0.1497027831490744	 0.5100568543512602	 0.847013035346398
 0.6652931310198367	-0.7451608156384127	 0.04604789522788345
 0.26427644086073065	-0.8056471315404278	-0.5301798395324601
 0.32654479379736084	 0.5580464417240596	 0.7628582217705692
-0.30490767323350465	-0.20671203846573738	-0.9296781399799986
 0.17972140100920475	-0.9833595736330816	 0.026536144472263247
 0.48029983033485213	-0.8670474668866108	-0.13244154614705977
 0.9571984124773644	 0.2869219088079323	-0.03803968187072421
-0.06305419514054111	-0.07145168082392409	-0.9954490573518138
 0.35834467073335785	-0.8470845984346088	 0.3924751967346201
 0.04586206293720884	 0.24060052411741303	-0.969540127574702
-0.05579757381008269	-0.8808115661127963	 0.4701676464398964
 0.008636819045406101	-0.2925920272851765	 0.9561983637958846
-0.9309161233894679	-0.3186530909654373	 0.17848075199218938
-0.8335601472715604	-0.08222869092991604	 0.5462745859625605
-0.5971932491514096	 0.7937610131212656	 0.11534156760112323
-0.828032646155632	 0.3634498423171071	-0.4269263976614377
-0.011634519050302827	 0.3580960576614429	-0.9336122596955336
-0.8720964363930193	-0.22570253635971174	-0.4341729732622582
-0.1336546201325215	-0.4760151062277033	-0.8692215259416091
-0.8369468400767751	 0.4909671720064174	-0.24180823579341187
-0.11203318047316035	-0.6673844476176144	 0.736238117426149
 0.965766535125266	 0.03224379492808224	-0.25740112144428273
 0.025479631935192832	-0.9170015496229715	-0.3980690220872705
-0.5981067894015296	 0.7751833643699432	 0.20336917189163625
-0.6007155150948432	-0.7827311527703668	 0.16270467850406084
-0.6975306209661623	-0.6169130381299903	 0.3645124637097958
-0.7979567788078107	 0.326024388098659	 0.5069251202293666
 0.8349046953197685	 0.5335093366499656	 0.13528465338063442
-0.8155370674440889	-0.4774077381839186	-0.3270797198647612
 0.08602192805293389	 0.31064877745849734	 0.9466242997924766
 0.30036905273406433	-0.16443622746660047	 0.9395419944080163
-0.27829583437143857	-0.7855440640610073	 0.5526951709487075
-0.16594284221306005	 0.9850279943626258	 0.04672069605853883
 0.6021339574042013	-0.7520452547507569	 0.26807206521311533
 0.9727810686443162	-0.12953667891981188	-0.19213859919768192
 0.4415110879959787	-0.33732667902886665	-0.8314316994149087
-0.21476536344987923	 0.8858617950440064	-0.4112477583448352
 0.9385118885669409	-0.1812756261997197	 0.29382747040468016
-0.6072800236136978	-0.33037802005003253	 0.7225381213386369
 0.4891991035689868	-0.8477430369437022	-0.204977999748189
-0.22722876067176928	-0.9712738941547912	 0.07066903747016282
 0.6684756053361288	-0.7403059155070648	-0.0713268290038374
 0.8069273786115552	-0.19029634100862486	-0.5591560678789179
 0.5362344251589095	 0.6655279895147775	-0.5191581035165606
-0.21596816085797646	 0.33335405114306593	-0.9177324392665487
-0.017896047723523913	-0.464593481066338	-0.8853432265661378
-0.836366970410928	 0.5458853595790323	 0.04999464974291286
 0.0906310862707419	-0.9901052409655968	 0.10713364557338041
-0.2580073288378286	 0.6155640920226305	-0.744656341461162
-0.017982759769643968	-0.6063746218736977	 0.7949757469876658
-0.7718345716762847	 0.6236339514840935	 0.12390354523427356
 0.770933689078717	 0.5526193752098606	-0.3166592382769586
-0.9019878640552229	 0.11236317906631622	 0.41688416747006357
-0.46053731693152267	-0.8194025710808441	-0.3412987052709349
-0.47460019793945496	-0.590504708048043	-0.6527318299952332
-0.42031946620497734	 0.9058921323699038	 0.05187476110279232
-0.06886089671083581	-0.3175289635133852	-0.9457449625741047
-0.573236664290944	 0.7529860654168549	-0.3231280117857864
-0.5209432477764453	 0.803052601146196	-0.28935212525305193
 0.6762983799726912	-0.3773419732512739	 0.632640131883165
 0.7753607602141391	-0.5145925071146222	 0.3660740951523878
 0.5139496594736054	 0.13670293279317267	 0.8468577541079201
 0.47033656438230215	-0.6921380156417214	 0.547474641886355
 0.8715955916175572	-0.4883701213517789	 0.042611609259557974
-0.1810274558429908	-0.9469924414809309	 0.2653947550517905
 0.867890120079057	 0.04921786230351518	 0.4943119880191376
 0.5088069781926546	 0.22372169345310405	-0.8313026301058686
 0.3226984268541206	 0.7564287051001337	 0.568929995171999
 0.6057681227392858	-0.29210094175629275	 0.7400824422305994
-0.6968354819256406	 0.5475866568787586	-0.4632161097563481
-0.38015014158223837	-0.8375406686829365	-0.39244298714226444
 0.7980611051781425	-0.2764471846362933	-0.5354207938701195
 0.7875823664413426	 0.6081017206825515	 0.09963088564082102
 0.41639357620441153	 0.19437218030511028	 0.8881643120611966
 0.4432170731342479	 0.6877462252852147	-0.5749467416102554
-0.6235048852650028	 0.7205361401503062	 0.3034292813621882
 0.8888214267790191	-0.2230664458121088	 0.4002971796693831
-0.10477509587947459	-0.9436528959163146	-0.31391303144692784
-0.7564961127536299	-0.6503207259159569	-0.06925738107083049
-0.7893965725456644	-0.5815136759434555	 0.196710182613629
-0.28273320269393526	-0.5709900206651022	 0.7707349300474815
 0.9358928471699023	-0.254772132949407	 0.24330174452441472
-0.4277874274829162	 0.8538274125540836	 0.29660860820068463
 0.8205251982194314	 0.10600651789525219	-0.5616947723191719
 0.29406782686211125	-0.16969411872003515	-0.9405998188796477
-0.3408399046090734	-0.010325884002018572	-0.940064644344023
-0.3270099875162722	-0.2063763761669633	 0.9222110709728005
-0.5682016178438413	 0.4516113817994286	-0.6878910388345323
-0.029714230679519605	 0.12819306144560544	-0.9913039914639341
-0.034316030772440796	 0.6018984557556583	-0.7978349823058517
 0.9370571736942092	-0.14460787226845837	 0.3178245058301988
 0.9877846360554509	-0.0991976779151751	 0.12017209937850767
 0.6947374830787026	-0.5839684372764596	 0.41990557732704514
 0.2545318271005915	-0.89670920629303	-0.36211344678451085
 0.2778080726432571	 0.030726861453593293	-0.9601450592277452
 0.17054673853827743	 0.3402811242236484	 0.9247283744273486
-0.24487843136708318	 0.2900269116802559	 0.9251588751951795
 0.7374364806649314	 0.49624234016570634	-0.4581822528332846
-0.8992995055337412	 0.13290158407518807	-0.41665041497288186
 0.8901710582884337	 0.22815634170604773	 0.39438581455848915
-0.4377232101963257	 0.00835002181243797	-0.8990710029753797
 0.43537600360719125	 0.7732845987535045	-0.46095408102506497
 0.2991050319474807	 0.9001283761869678	-0.3167097823666159
-0.05202397973648705	-0.8068339299836099	 0.5884832325220327
 0.721546370390894	-0.31508169417710735	-0.6165179327239481
-0.8568926766910389	-0.06622513882091503	 0.5112232111528362
-0.14213747559639658	 0.7427521947570735	 0.6543058269759133
 0.43525422090379695	-0.4745074997579787	 0.7651120152362403
 0.36303327843580174	 0.5289081481936143	 0.7671134267646182
-0.3158823215387075	-0.7244436300327413	-0.6126987725173776
-0.49753769736279335	 0.8454980415880866	 0.19387960535765394
 0.3162738088245445	-0.03845610208986879	 0.9478881822576274
-0.5592056012477975	 0.07739100139952398	-0.8254088250288266
-0.30643850110188986	 0.5258492330526151	 0.7934595321378423
-0.3079467601769559	-0.9112090635417633	 0.2736180465829313
-0.14488334194597557	 0.8799418210290462	 0.4524502280148079
 0.41652962271015714	 0.8165160612209627	 0.39975566934458756
-0.45759324308228133	-0.6290720587817199	-0.6283922093291486
 0.3100009759639918	 0.5331902639822971	-0.7871515338839536
-0.5208829273220947	-0.8456756088799459	 0.11624861534615545
-0.5150844487449943	 0.7430450097894507	 0.4272845937873964
 0.3896291666239816	-0.40041017663900463	-0.8293737414216963
-0.8433542048189356	-0.22556156109905093	 0.48772499153598836
 0.12342417704328629	-0.2564863879322712	 0.9586350741166547
 0.6971351670725233	-0.4984468042695278	-0.5153186801817496
-0.8617240038524274	-0.01986030701341067	 0.5069884706676029
 0.34774390390060245	-0.6998107048124425	-0.6239704758479213
-0.16774807245752738	-0.21704429128788155	-0.961640452459299
 0.0014941638029805757	-0.992385845332408	 0.12315884644803929
 0.2130819533321757	 0.7451893032415905	-0.6318931741192158
-0.08274515371183283	 0.3267642360197923	-0.941476698381647
 0.08093469706878044	-0.4427765146625616	 0.8929717424832989
-0.6813999673188273	 0.10045775571782911	-0.7249843611099748
-0.946242309575992	-0.20533064761836647	-0.24992962352813386
-0.8292587119948515	 0.25023783312004133	 0.4997109318956577
 0.3381590552993799	-0.9191940761862326	 0.20181849177706523
-0.7681568987712748	 0.10927663000266127	-0.6308673370886773
-0.08995636882668454	 0.8362916172664226	 0.5408550476767585
-0.7267167186520058	 0.06880153988153616	-0.6834831080148147
 0.5998580443254382	 0.4874943417243046	 0.6344443186323347
 0.23505793282618143	-0.8564095747501288	-0.4596851188496165
-0.8026226834733103	-0.4019623046367116	 0.4407075375180751
 0.3674865164847057	 0.7843380086513636	-0.499767494327862
-0.8822194199591008	-0.004461765413752684	 0.47081736129461105
 0.2679241936982998	 0.1448349870162654	-0.9524911826190908
-0.30817768504742177	-0.018736518802783122	 0.951144288371625
 0.455772753036141	 0.7124220736985618	-0.5335972137267001
 0.06287296706337744	 0.9761510406114544	 0.2077886809376821
 0.8124694338371989	 0.1740578052080906	 0.5564146830614768
-0.6153559659356597	-0.17791570532081735	 0.7679082217215724
-0.2390321578153253	-0.7485025381456474	-0.6185528093216236
-0.9539297892268522	-0.21414451791581787	-0.21014300528976798
 0.7336919357439041	-0.5712428979773375	-0.3679370801303072
-0.14396288372160201	 0.8586633226078157	 0.4919064814765776
 0.1563299485134721	-0.8372883680858207	 0.5239361944606981
 0.08657680912873233	-0.7598104086582628	 0.6443544048236581
-0.04720052574779501	 0.22783334148644577	 0.9725554374308193
 0.5240304588264977	 0.6979413516245799	-0.48812902793682045
 0.1997580760053921	 0.4488697602882683	-0.8709837250886934
-0.6730615388006027	-0.7302623455300294	-0.11706866228134907
-0.8091888915528955	-0.0982943846146626	 0.5792681173175517
 0.3769004055513154	 0.014403801378338679	 0.9261417897930678
-0.5772951525634802	 0.3474758880658464	 0.7389119122328177
-0.07145144479219841	-0.6550823311161083	 0.7521714103158886
 0.3197880168545971	-0.6833439329093036	-0.656335808586008
 0.025610521784340853	 0.9991057716536527	-0.033641614442427345
 0.9845561187344164	 0.16726922337610953	 0.05167451957952827
-0.04905151836514042	-0.4028895648574519	-0.9139332290025608
 0.8181733864539195	 0.4195506159267965	 0.3931533929320349
 0.560083357875984	 0.029711444453686564	 0.8279032928421278
 0.6095670708731469	-0.7910910964116803	-0.051018264232503635
 0.7049957046451845	-0.22653217248683388	-0.6720596932269003
-0.13046631892109253	-0.5699543608497996	 0.8112524675928426
-0.6116564718989038	 0.263184549615765	-0.7460631697301056
-0.19288994739995624	-0.25262867554801577	-0.9481414559457347
-0.4950994227500005	-0.3913539446630946	 0.7757052607719324
 0.6888801956598081	-0.6494020760951814	 0.3220574787067872
 0.04497621652524693	-0.9924354645511246	 0.11423216993591317
-0.7527007825225827	 0.08417907097097198	 0.6529589696147499
 0.48645503960870456	-0.1911411343217245	 0.852541237248673
-0.6449855283228092	-0.7495784886091534	-0.1487472946596479
-0.274940465392704	 0.8455731256279941	-0.45761755834468093
 0.3386492983860818	 0.4308253948110339	-0.836484388311301
 0.6422232019260113	 0.740279239459503	-0.19883663277465105
 0.9379140094019552	 0.05785275743596025	 0.3420093118975051
-0.43776548366572576	 0.8505609730960044	-0.29138876498055133
 0.3082029059437245	-0.28788427653260956	-0.9067158386689514
 0.5186633673166011	-0.1666600026855363	 0.8385778168474658
 0.23922751719311575	 0.9554434578213425	 0.1729103638421187
 0.7220771028542413	-0.6182653667237635	 0.31040714206273584
-0.7834599429201782	 0.5876916075227272	 0.2020126042772186
 0.738788948666182	 0.16392652536169083	-0.6536964001825009
-0.08350106470403246	 0.19826071209206428	 0.9765860239804994
 0.7888519589281394	 0.5489069144344537	-0.2764304364234958
-0.004505748143189254	 0.21541217386481432	 0.9765128230517535
-0.9638784063541106	 0.26315846141425636	 0.04106144116249935
 0.3305844639611822	-0.8413921127826502	 0.4275198530298282
 0.3363352985443786	-0.8803556608115318	-0.3344435339936401
-0.7576770558883071	-0.12584821652633474	 0.6403809064748636
-0.5121684182252377	-0.03437590574176194	 0.8581968355086679
 0.8673063611978542	-0.2396488265634777	-0.4362890277699925
-0.49557901297004947	 0.8355205233229724	 0.23729074362422542
-0.10629640008260297	 0.4765737769317866	-0.8726846569468556
 0.08258574490848285	-0.49705149616789984	 0.8637820355246821
-0.6723078726515328	 0.5167495122714771	-0.5300679823739223
-0.5584908343831881	-0.7774597196009727	-0.2892133681349242
 0.7539044414278101	-0.3008269769860588	 0.5840643997992436
 0.2996234189609075	-0.2434596990698271	 0.9224712362664788
 0.7342733941717859	 0.5888937229768114	 0.3377081071723859
-0.9387354738420111	 0.2781564602193449	-0.20348143352369777
-0.8166417639319905	 0.5290861377615622	-0.23057339011820133
-0.5728115137670929	 0.6559231383493969	 0.49158092545757837
 0.07212190167349442	 0.2765254904201599	-0.9582964491465513
 0.4034600648934301	-0.19754905062213085	 0.8934172309925996
 0.7082081432125112	-0.11122133083672822	 0.6971879527461688
-0.5092203241234198	-0.0758255535839162	-0.857289418413252
-0.8484120716434819	-0.11180398686186924	 0.5173942647647017
 0.9857731133424753	-0.14018353236983727	-0.09273589522616314
 0.23044722256952271	 0.23518138437406805	 0.9442371492659509
 0.625543134573385	-0.7550473413286751	 0.19646704339558557
-0.943681604607301	-0.23844649576145063	 0.22936498814089762
-0.5624828038696958	 0.6792298258394791	-0.4714445238211555
 0.1244481272493043	-0.17964458552800402	 0.9758281029539027
-0.4802016942727321	-0.012292212868637922	 0.8770719664431131
-0.09541617080078858	 0.7941618564120461	 0.6001688930375243
 0.44899116554890944	 0.3561339355540231	 0.8194971343487631
-0.8222276030892861	 0.11506816794754329	-0.5574056740321569
 0.48650990944630573	 0.44436472900166474	-0.75222875219565
-0.23214331863370694	-0.7209906624853148	-0.6529027065518381
 0.18619881171660205	-0.7045223856029511	 0.684819838132375
-0.6126878983931291	 0.5526003632036218	-0.5650189180459679
-0.3459867229287087	-0.3201361574432802	 0.8819331200575835
 0.37091763309327347	-0.06785801234959224	 0.9261832430034818
 0.8628707170506384	 0.5050858060421037	 0.018505517861311157
 0.4965428340513516	 0.8656533198887947	-0.06394954040303977
 0.3179142737642259	-0.07541614971927493	-0.9451152939713149
 0.6187833211897323	-0.4042454214978246	-0.6735672502545316
 0.27872864963983096	 0.9193640941052118	-0.27763285529645004
 0.5881424672369876	-0.7345484247028436	 0.3384184539870124
-0.7845196268211317	 0.6151754987535273	 0.07802602684861792
-0.9018895081236628	-0.29300870340556096	-0.3173975659406504
 0.33181907359788043	 0.9430550050510678	 0.02331008032536266
-0.8772387662677457	 0.4161554180341832	 0.23930485786510408
-0.5048822327465399	-0.7922198701207306	 0.3427559021268071
 0.421142059741971	 0.48692609033050116	-0.7652073889291338
-0.7086192277069647	-0.6271201368837643	 0.3233869571254745
 0.09237667697237348	-0.37021204303649863	 0.9243427896307103
 0.09882021679283053	 0.051478410458395886	 0.9937728804961898
 0.14467421465388025	-0.96173821628435	-0.2326563451799236
-0.9981741174166474	 0.03999827291508205	 0.04526112551967402
-0.03571614993588164	-0.7738239213036652	-0.6323929913052299
-0.983765160223591	 0.14019033682206297	-0.11203918507365572
-0.8729979870920824	 0.4554291164272794	 0.17452459552578797
 0.8465277900929636	 0.0872292834009815	-0.525149267082869
 0.47257758747782463	-0.5307038349168369	 0.7035793227619768
-0.1293285416333312	-0.8218843956778757	 0.5547793871983787
-0.16134594619288808	 0.4071363570639905	-0.8990035997724283
 0.5326679315496424	 0.7398100073091943	-0.41103044629783214
 0.5861109318038694	 0.38581098488902527	-0.7124772695033578
-0.12529324410381165	-0.9357265648146753	 0.3297232155643126
-0.664827561704927	-0.7468672074292453	 0.01391717156329495
 0.521428053012036	 0.3429599162433454	 0.781339414967935
-0.7252700267412772	-0.6883864103043361	-0.01037007324070381
-0.8428625766513835	 0.07911824988955325	-0.5322809215207742
-0.5973395830805596	 0.4157186371459221	-0.6858304726495318
-0.8053476179244702	-0.3552482675281787	 0.4745670476567135
-0.0306397172694848	 0.9790817598261327	-0.20114699923540752
 0.7596263840985559	-0.44973514194597025	 0.4697936341418338
-0.6416031023972224	-0.054779341158840304	-0.7650782200379663
 0.5427037196966334	-0.09107955361472125	 0.83497136929405
-0.6921891218973453	 0.3790587175192426	-0.6141569084522692
 0.13756841333505554	-0.914279927408066	 0.38100806551984817
-0.6097941070086669	 0.6401546260736226	 0.4672827856598647
 0.5251039286138888	 0.5889023075402261	-0.6143776821532965
-0.45557131133479223	-0.1434476178725337	 0.8785656271533694
-0.8644743882356759	 0.09188493514614425	-0.49420763933567735
 0.03921015873970688	 0.9933909741136774	-0.10787463094298826
 0.9169746984840048	-0.0010156921646512663	 0.39894406965086643
 0.2032627178235626	 0.6653024646718739	-0.7183710030649267
-0.986535166004244	-0.1628427947612993	-0.015185204355167285
-0.8791502785299463	 0.44137000782042063	-0.17968668274894392
 0.2669947864072668	-0.9429621142604256	-0.19883720753633116
-0.5495014609695976	-0.827740872986136	-0.11354819056430436
-0.8613784729590108	-0.4913422043424832	 0.12887965143757957
 0.12278121707545232	 0.49457504211928155	 0.8604186774159317
-0.1452515982102622	 0.8515023304036607	-0.5038310773806033
-0.22661306628556152	 0.18141561173169318	-0.9569403816375769
-0.13669626038054375	-0.9555002903045695	 0.26140644143910835
-0.46260978799234753	 0.6831434701693524	 0.5650727238317651
 0.16358235483397215	-0.021791997837124294	 0.986288964765012
 0.20818360513882495	-0.32788883257976165	 0.921492539319165
-0.7071556603891521	 0.7053795162092084	 0.048688911386940634
-0.42451496310778325	 0.8948475517028118	 0.13796704428623977
 0.3535756919135676	 0.9263624552695653	 0.1297568169877203
-0.5425755224745145	-0.4372939907688207	 0.7172069213616015
-0.12869272110932067	-0.372693408677255	 0.9189873811222911
 0.02721312132574803	-0.5897373839639453	 0.8071364593320465
 0.5408116493642873	-0.7344507652604662	 0.4100058942505517
-0.4852012617689437	 0.6231808801847595	 0.6133720943684784
-0.7535432632366752	-0.40893788124255026	-0.5147255188112171
-0.48578306342689587	-0.16761317261051575	 0.8578581698946612
 0.31226475822264926	 0.13854284272155942	-0.9398386039649466
-0.0027388407357178506	-0.6258164842668846	-0.7799655292198884
-0.037351251998172214	-0.6764761755112413	 0.7355167353227614
 0.7295859092798688	-0.5190401204533958	 0.44531085136114923
-0.17123457381982657	 0.6127932062512836	-0.7714682152240713
 0.9817980670937497	 0.17201546735299092	-0.08051853477497502
 0.002772057118825322	 0.9694605378461154	 0.24523168893609681
 0.7260038559296985	 0.08723965714127796	-0.6821346226347714
-0.9573042126378944	-0.2576435070645745	-0.13110479675895853
-0.762121573040929	-0.6290670144456504	-0.15311890556706545
-0.5830863843317047	-0.33176634050022025	-0.7415803150826427
-0.026694493916949252	 0.9008213578508097	 0.4333685328151334
-0.17124293722447587	-0.5814497345073705	 0.7953565632419478
-0.12110908389742993	 0.665196469197105	 0.7367810035317348
 0.9382648423022646	 0.1899088208249416	-0.28912579523865867
 0.2624860951435916	 0.8644963670047567	-0.4286573005232107
 0.2578522506157535	-0.16988006769272512	 0.9511324720842548
 0.5276523888568637	-0.5674098742980399	 0.6321621556869154
 0.357594168819787	 0.8094825526992998	 0.4656870271990738
-0.9433395666770361	-0.07166053939813778	-0.3239988102366266
-0.629374135534623	-0.08426391035055401	 0.7725204145732848
 0.047372995829168874	 0.9197656189214645	 0.3895985183701101
-0.623351996939649	-0.7204289214990439	 0.3039974621260455
 0.5242432516910122	-0.3790749659131038	 0.7625425780075583
-0.5454152783714925	-0.01004998109400984	 0.8381057045498241
 0.7807777392111326	-0.30034341386037305	 0.5478868092070199
-0.0629209851449887	 0.8652993877815794	 0.49729057816653643
-0.9673313436155633	 0.02542584323253459	 0.25223718630452496
 0.8351486140034794	 0.5422442572905259	 0.09218436940996745
 0.22194908266071284	 0.6705447741333147	 0.7078900413119046
-0.7123046784375984	-0.43193654395700465	-0.5532204506979007
 0.06862252482660561	 0.45800108396742417	-0.8862990218719
 0.9766943474610891	 0.17623228648246078	-0.12251666351448406
 0.4265610791755811	-0.8698013496351663	 0.24797430896245465
 0.06702276492507497	 0.7692507353490509	 0.6354221078517359
-0.5760587962400083	 0.3872914482834679	 0.7198344235732314
 0.23401635087238792	-0.48508544585050256	-0.8425725237321656
 0.03370903139876187	 0.3536691919285777	-0.9347629666833962
-0.3373001431698823	 0.14499357973475377	-0.930164219508189
 0.4464151463764965	 0.8948147877343755	 0.004473559828123623
-0.2471717011531198	-0.33950999516568825	 0.9075456535798446
 0.8274485951819217	-0.5337273299769593	-0.17453927800678637
 0.7630496846170602	-0.34677877153474096	-0.5454352962713919
 0.620338383075204	-0.49637295833854655	-0.6072842635157617
 0.05523208550813378	 0.8786854902128859	-0.4741953458436328
-0.3303852721115584	 0.7976864207812628	 0.5045215020917833
 0.5307977114799347	 0.3846454343743775	 0.7551832090973756
-0.6323525070543538	 0.4151991928833912	-0.6540183002417088
-0.2639459973019017	 0.9288610067323075	 0.2599033294910797
 0.7027944415521373	 0.12349761585621388	 0.700591401461116
-0.5908800616917309	-0.7125129231400016	-0.37839937507039667
-0.36792536132102716	-0.9068859972120774	-0.2053989205362264
-0.31906514897385124	-0.9274485755517525	 0.19502966548020234
 0.18452445777316062	 0.6379676053865618	-0.7476282892994734
-0.32438606894612887	-0.8932396086891445	 0.3112823151779446
-0.2569155795654571	-0.6337573832635954	 0.7296204246972705
-0.7904291903563714	-0.5910854701634616	-0.16074719902446366
 0.7052982528403905	 0.5708596083075678	-0.4203256857999794
 0.7005309860903596	-0.5497962006971229	-0.45495106904619687
 0.8092352548103586	-0.5838945040687543	-0.06484990740407906
 0.056179456503422744	-0.9984200459228243	-0.0011316211581961376
 0.12901759015459371	 0.171454129157001	 0.9767077060337528
-0.6976651051367606	-0.5092243683946724	-0.5039384324573386
-0.615719960554453	 0.7879504611177316	-0.004795935693572424
 0.5451609779650196	 0.4644494874211512	-0.6979155978615558
 0.1485948344144048	 0.9755073051829048	-0.16218838651439396
-0.06505614171146874	-0.9002612237477235	 0.4304618768739789
 0.5000313833749702	-0.8329518543773213	 0.2369806404107636
 0.3070082481787113	 0.9497997989603055	 0.06021858056449196
-0.9321004372837203	 0.2299042229318477	-0.27988001553094316
 0.2651061205669688	-0.8632131706090035	-0.4296298021844893
-0.7976806723657066	-0.28587783866310135	-0.5310173314455072
 0.7649789647429357	 0.6366655095373085	-0.09728418405077696
-0.31762849650930514	 0.19500420381791567	 0.9279469266604525
-0.5305253967384131	-0.8439408953116492	-0.07941390706999385
-0.3725820002017541	-0.6116918389896531	 0.6978651354231102
 0.6690000934033317	-0.5860192516174996	 0.4571873923895968
-0.8782022954884974	-0.048439107026866664	 0.47583020197248255
-0.7306432273183546	-0.6755902292280943	-0.09868290908435
-0.5860981681081406	 0.7043471172309098	-0.40047980696757807
-0.3610611488354519	-0.9325084719749874	-0.007924424048315159
-0.7839705399497141	-0.32880392551722215	-0.5265720948316753
 0.1832622250247923	-0.36593978605730787	 0.9124160398958876
-0.41562415128188185	 0.4804888351653363	 0.7722609948409112
 0.6133373335577739	 0.6205394952647251	-0.4886185118073612
 0.7838786910932957	-0.33819648765661164	 0.5207276960049205
-0.01416027273321232	-0.7279300045800461	 0.6855052115835555
 0.6427598730340176	-0.5856705246295988	 0.49381148447295553
-0.9964565410008946	-0.018180068550852	-0.08212092914731735
-0.3694942752683389	 0.7941105045266913	 0.48255827331451767
-0.5672473653927664	 0.6305493231348129	 0.5297527513370689
 0.05545692520715854	-0.5844727420715783	-0.8095159931847534
 0.8261313710305727	-0.40958013523260334	 0.38697683473560607
 0.38825374463730755	 0.05679847960903313	-0.9198005014617086
-0.9430156114531648	-0.3306526018962302	-0.037288247677607224
 0.49721088485500947	 0.4832635658179718	 0.7205814748760874
-0.4011397577360008	-0.3925666150953367	-0.8276341869909025
 0.999323013127507	-0.025592004145474252	 0.02643037566093967
-0.7130744570863183	-0.6358886392297675	-0.295246434609407
-0.24956628742780626	-0.8703150651628785	-0.42458021094963466
-0.1320469709285607	-0.38486725243301034	-0.9134773097747186
-0.5135050817985597	 0.01276064600078799	 0.8579916648084043
 0.16047925224602677	-0.9466833786582661	-0.27935101605457974
 0.05170443891166085	-0.9439680145648836	-0.32596171320457606
-0.07928446702910213	 0.5453824287729202	 0.8344291340033986
-0.944140181843066	 0.3060286175436313	-0.1222530256217666
-0.9689335988169785	 0.08666102688091488	-0.23164098839264993
-0.2563103872927165	 0.8232940754972022	 0.5064502449570585
 0.5368202025450434	-0.35543648495477426	-0.7651725134258895
-0.8038306046904435	 0.15632595011024722	 0.573949959739631
-0.6745946029295914	 0.2680728207947394	-0.6877929081121865
 0.8141054883207758	-0.5631423543902646	-0.14178484607947764
-0.9429884174601505	-0.261846002130689	-0.20544954539783336
 0.9967291812384975	-0.06275809549808231	 0.050915230698564184
 0.8748184305479241	 0.022300214606123123	-0.483937407111899
-0.7473810038580428	 0.3409486275253945	-0.5702417631677763
-0.04815249168509681	 0.8414733775760845	 0.5381485783454351
-0.30068284077441154	-0.6664744708822519	-0.6822034952461415
 0.08854550907732037	 0.5686987855853569	 0.8177660937554075
-0.9595866456412063	-0.005470257371968605	 0.28136017093992266
 0.6109964490398979	-0.1693411238976095	 0.7733090734096748
-0.049907099963245445	 0.16915694243651316	-0.9843247483421257
-0.41820416716691583	-0.877518485201051	 0.23466269983676424
 0.15622958716877097	 0.8506577643729624	 0.5019698038777523
-0.84790052175769	-0.5298849451107364	 0.016930745643023604
 0.4608880676894189	-0.5003015418047178	-0.732994240311161
 0.7094268876548829	-0.18561737147901347	-0.6798968175227237
 0.8176894511589559	-0.47952239671822294	-0.31849997254156354
 0.36432031075262705	 0.9233109789781326	-0.12152179751613164
-0.6147239851495904	 0.7838798596920367	-0.08744591271751488
 0.10334255438773508	 0.8938583209482968	 0.4362769974730614
-0.02995306155396878	-0.293536968374706	-0.9554783421412183
-0.698025558754174	 0.09784486911487725	 0.7093565400514862
-0.29502885018279545	-0.49833226493092525	-0.8152440930719044
-0.3841912808011847	-0.39665789175272254	 0.833702330971091
 0.6577657891479087	 0.5686175187479556	-0.4939820685000087
-0.5793325994168761	 0.8149492339311359	-0.015214643207788642
-0.37836169563886224	 0.8339187236618197	 0.4017735551271717
 0.8241371180293323	 0.24981053325780694	 0.5083234286945235
 0.22227137410019174	-0.7442345456024458	-0.6298494878838381
-0.7297942258533996	-0.47608324787761147	-0.49065785329630873
-0.5759178133518126	 0.6167587075181686	-0.5365886403611105
-0.8118896719723192	-0.5717584321052371	-0.11801464257133894
 0.865723830272623	-0.5005198418778748	-0.0014620480998479301
-0.3535171435651965	-0.9022295885089139	-0.2469967587328625
-0.8238058607072424	 0.29285211185494214	 0.48536743241229124
 0.8488814837083486	 0.44122105774471204	-0.2910742256190858
 0.5972208675150372	-0.14739913500495272	-0.7884165969868835
-0.844234149568672	-0.5321966554405475	 0.06352496076312232
-0.9576484765222644	 0.2879392977232876	-5.968594524620368E-4
 0.7786792590021564	 0.584328667196184	 0.22851393894592958
 0.9576782407126079	 0.2877834262059466	 0.005752118459365324
 0.17656610025766475	-0.9564885780713511	 0.2322800298321948
 0.877061623616929	 0.46988655695333936	-0.0998475436501701
-0.6506807590944793	 0.20913796076771274	 0.7299834676964639
-0.9946835284008912	-0.0900549627187436	-0.049947792921001405
 0.4119250924580102	-0.31506053205469464	-0.8550172976875219
-0.04778133201566122	-0.7779358406972902	 0.6265243587199218
 0.13107871186764317	 0.1580715954795019	-0.9786887871012336
 0.5488405940622059	 0.30874724894342237	 0.7768198881203502
 0.9701952626299695	-0.009183910346676469	-0.2421503833594088
-0.9304472902115697	-0.16147635088702292	-0.3289273905319504
-0.8414871582817788	 0.4458409772675768	 0.3051641942232875
-0.031102213061518027	-0.3985873430845205	 0.9166028487166613
 0.9629536750329943	-0.12822243859259008	-0.2372324302910961
-0.5012085612142747	 0.27762816339236546	-0.8195807349229841
 0.444698922305414	-0.5631462927374536	 0.6964977541072662
 0.06713555757618798	 0.7171845489392945	 0.6936419390951466
 0.07047277286457182	-0.7294513469550556	-0.6803927694429399
 0.7281440245850989	-0.269283934352509	-0.6303113850793499
 0.12358555889291832	 0.9622310881600784	-0.24256533678866005
 0.7335422431842842	 0.663768366835406	 0.1460388052978616
-0.9728385220447721	-0.19659855565377563	 0.12220563792474025
 0.432583816068016	-0.7779866363259637	 0.4556402481939515
-0.8567498748492658	-0.4854660449378615	 0.1740757626958944
 0.6367796463813327	 0.742163265835345	 0.20905829043374452
-0.014615748203218383	-0.10132026863701658	 0.994746491860003
-0.8455540295990394	 0.5338576376404214	 0.00586564248957997
 0.8811134562945733	 0.3338979763279471	-0.33488986031340623
 0.8220907257641521	-0.223864738630843	 0.523499204784796
 0.32704238488519183	 0.13282257749890805	 0.9356289015390412
 0.22480887995395551	-0.15918743225483986	-0.961311775079219
 0.3785201305688315	 0.49246659836946777	-0.7837085939585963
-0.22888999494240578	 0.8990847425244585	-0.3731701970616005
 0.5275829152228905	 0.06708269149687571	-0.8468507424962509
-0.042557996808774194	-0.4571764446682161	 0.8883572003131139
 0.7866215105491965	 0.6006680739066413	 0.1429141844975014
 0.35149119416862673	-0.6437382914438037	 0.6797462412922378
-0.14480480479690874	 0.05086283444394017	 0.9881520837300589
-0.1831606490759164	 0.07411129117237776	 0.9802855161384627
-0.11133751595949183	-0.49443192986099976	 0.8620562767440981
-0.11056205809616003	-0.26551063252897467	-0.9577474277300906
 0.5236685002510696	 0.8330706470561303	-0.1782262574882725
-0.7986471476235434	 0.41993721216081364	 0.43106318728857124
-0.3631901130357013	-0.7495148153414651	-0.5534622691537013
-0.43602989050159097	 0.5394925837021124	-0.7202955551158078
 0.1777347830385977	 0.6197407509641563	 0.7644159525367102
-0.005536180109135282	 0.7127053984145566	-0.7014416339087287
-0.4786032166774795	 0.7526774857915578	 0.45212339396283086
 0.9833967635968598	 0.10237745601097671	-0.14983211220543496
-0.4720729910414179	 0.6272640806091636	-0.6194246235876888
-0.09897081745375594	-0.8847381137211618	 0.45545938064953256
-0.5430138936055963	 0.8338976508590776	-0.0987452238997011
 0.9797160302657903	 0.12085770994058717	 0.15984340458135246
 0.8812641981967205	-0.44110627795763024	 0.1697016927524803
-0.7473902409049039	-0.6614879930962847	 0.06197953524800984
-0.1897505453607158	-0.7165204850112198	-0.6712623370148196
 0.5874803773378716	-0.24083082692867075	-0.7725718860040175
-0.42277867781667483	 0.6053538912483803	-0.6743922122430154
-0.6339913944610014	-0.03575666438015149	 0.7725130242926654
 0.048459849497961796	 0.47593919712895916	 0.878142086238256
 0.35524490914272683	 0.4547806637530984	 0.8166857427459273
 0.09116525487860692	 0.428215829180954	 0.8990662377944055
 0.6450752232668776	 0.09019375546842463	 0.7587773341380792
 0.05262525983036875	 0.991318212849111	 0.12049391230029394
 0.18899543375565575	 0.22583757848309036	 0.9556558555067852
-0.374319686026437	 0.8149396291954348	 0.44244567284569153
 0.2385503266368104	 0.27682931264806776	 0.9308379414915733
 0.3113973225894389	 0.8949998728252196	 0.31938524563130566
 0.8593065547764951	-0.27941688345244065	-0.4283905346291811
-0.36065762101792737	-0.8503374879093933	 0.38321304395548866
-0.41517155755396445	-0.032951806236935784	-0.9091461688111208
-0.9532486013416577	 0.2553348206253525	-0.16162064662781345
-0.4817360525299711	 0.3905520265564826	-0.7844740213961616
 0.25539732330139703	-0.3485857438766749	-0.9018093958350774
-0.7163083394183765	-0.48013168276549495	 0.5063357878764465
-0.7516384221401484	 0.5960029276286203	-0.2825246761272037
 0.7647844842026776	-0.6331947256366246	 0.11903416378840308
 0.5743595854275171	-0.645857873933153	 0.5029698532775878
-0.777338034169373	 0.4728710741264061	-0.4148958036522347
-0.07847840849803432	-0.9968792506278215	 0.008538095064394687
-0.3003141914438068	 0.8431044993685087	 0.4460786809095775
-0.5646987061636074	-0.7718948382849956	 0.29205090290243674
-0.31058286839154814	 0.4603524053324262	 0.8316332994573556
-0.6519045977188593	-0.13736342567180487	-0.7457557809100235
 0.07888204410774201	-0.1803710267008159	 0.9804304747631408
 0.7288815507512058	-0.6814370750037819	 0.06614527787233247
-0.7054336007204518	 0.26817817688241036	-0.6560822360181723
-0.3074548739079727	 0.8790354080062946	 0.36437378058998643
 0.6543302812280283	 0.7520743638462127	 0.07896856534953481
-0.61767470717419	 0.7479230203242941	-0.2430825205280381
-0.3827575729048254	 0.9023794366277332	 0.19801008240850249
-0.5428040339642678	 0.08231350477925206	 0.8358159292829218
 0.24465524543728703	-0.9486387997228396	 0.20056978471452527
-0.6188372198655869	-0.7532524764382589	-0.22282549685496358
 0.7916932608330838	-0.034733747585875316	-0.6099306087827691
-0.6103589601998782	-0.6954269211959082	 0.37926684139231526
-0.42288543631574244	 0.8872362573584196	-0.1843359199414708
 0.0851285972660497	 0.9124379981991003	 0.4002624406185692
 0.6806750598492016	-0.720585272912122	 0.13205425915678884
-0.14875150485736754	-0.8583663521412154	-0.4909991805639311
 0.16070612580548174	 0.6516607302328583	 0.7412906540628786
 0.23061841945817502	-0.11861387049030138	-0.9657877066591409
-0.7000131892352194	-0.31068804633359487	 0.6430042556330023
 0.6773370924432439	 0.07646901699402395	-0.7316877425791005
 0.7535450364686863	 0.3697328091378853	-0.5435692484499232
-0.016128544462357373	-0.922617103175437	-0.38537974905499467
 0.5412071724724112	-0.6749780643140947	-0.5014971676482484
-0.09445646285252235	 0.9606797415038953	-0.2610984697186082
 0.8907859502776206	 0.04839098225297088	-0.4518392453346532
 0.6622543774130145	-0.6657492158585939	-0.34379808199140377
-0.42415487861935625	-0.8357136228676039	 0.34881998150464855
-0.0873988767903761	-0.7870394365091552	 0.6106802450670336
-0.2595899492218146	-0.5321151289739336	-0.8058948739010999
 0.12096320180606286	 0.4891685690025972	-0.863760392069917
-0.656390991701236	 0.5238519087036457	 0.5428904528180757
 0.40222409879581655	-0.1579538278248643	-0.9018128201702205
-0.005057858792382224	 0.16637182435131653	-0.9860501174516695
-0.5182770572186632	-0.5774737287215281	 0.630803443710652
 0.44046827401154826	-0.6841626172659475	 0.5812995894761119
 0.7074065341908903	 0.36557275279143997	-0.6049235966636792
-0.23957773580230046	-0.782908354773949	 0.5741576582551099
-0.32137354042037314	 0.9419896973685234	-0.0968217825142271
 0.42890346298198645	 0.3101478094535401	-0.848439836248411
-0.8764824462987814	-0.1671098440859846	 0.4515006327123603
-0.8997118808016467	 0.41959677462654493	 0.12023759090801782
 0.7558939745151774	 0.40476761217642243	 0.5145750474174257
 0.031117450486194857	-0.10294725655574012	 0.9941999631074655
 0.1265005110131502	 0.9403255896882233	-0.31588828102812966
 0.21661007126655635	 0.9670573042624373	 0.13371704191525097
-0.6657788973403366	 0.41455103135804316	-0.620391732904516
 0.8347037351262454	-0.5479268753926935	-0.05518889189587096
-0.46392662336292706	 0.49975771559396437	-0.7314467265901019
 0.8962107721746179	 0.42942372813363267	 0.11136208310725522
 0.3876076623883604	-0.7352682670042004	 0.5560043845101138
-0.8862532862873292	-0.3094756243338213	 0.3446446727980874
 0.9987310845255434	 0.012987322709944052	 0.04865747888310366
 0.08275663677196901	-0.8687422114092057	-0.48830145318853524
 0.08885520267929725	 0.6433512712681476	-0.760397195362055
 0.7302992618650922	 0.6566047787073047	 0.18850239440928213
-0.8610240392949382	 0.4806267953003982	-0.16623924745828805
-0.878975175457024	-0.39624298857290496	-0.26531893060448275
-0.6193932234226182	 0.1872510028972119	-0.7624231742884834
 0.5810123030108557	 0.7885176031487471	-0.201654886562604
-0.10849677064648694	 0.9454413312298272	 0.3071956053749074
 0.07582867306862434	 0.949001345777811	-0.3060170878440537
 0.6504370437714804	-0.5170834555978895	 0.5563778860062314
-0.3827749076001848	 0.5125801197259064	-0.768599369615566
 0.4666124214473903	 0.24569425900456515	 0.8496512103464577
 0.31567459662448044	 0.400970664001045	-0.8599837647633429
 0.6979944068474105	-0.713829639907865	 0.057018007670727414
 0.032819118178053525	-0.17983602848407582	 0.9831489756598895
-0.2688092593507139	 0.9387669827541976	 0.21554149061816646
-0.3558602052918894	-0.27257139331782054	 0.8939062310077026
-0.2085813808880104	 0.06049921999847027	-0.976131984890582
-0.38971788042330796	-0.6956169164568257	-0.6035205706663708
-0.26561057051769993	 0.4658097529755801	 0.8440807419092626
-0.10384303817721362	-0.34538192290587316	-0.9326992820582458
 0.38547021020307587	-0.850921608062521	 0.3568544997310383
-0.8836360058499892	-0.467439977604513	-0.02621595892905899
 0.46436407889993636	-0.5834139023346396	 0.6663289133679261
-0.671575396135145	-0.7372409447686252	-0.07390721657989714
 0.5535525298804514	-0.2667245621092923	-0.7889471494533445
-0.436783192326709	 0.4423579015199986	 0.7832878971768377
 0.04898289838380997	-0.9915022865630706	-0.12051510862180008
 0.34412773011281994	 0.32168104857030766	-0.8820982985802123
-0.26498041415858076	-0.8838572939925985	-0.38546292165191254
-0.12161021888535614	 0.9920099472901012	 0.03357408435306009
 0.061589561210142106	 0.751473892423583	-0.6568818120146815
-0.4240827934348557	 0.6891703105489627	 0.587535588173462
-0.3594586513931018	-0.3921389009935638	-0.8467683037680453
 0.11439309484627633	 0.6567032730933232	 0.745422719643027
 0.3878900773212205	-0.5941592873010487	-0.7046389353631031
-0.0981031198337644	 0.09230532296098791	-0.9908862221425575
-0.9199761622245534	-0.23496041264375653	 0.3137474548563822
 0.9273472585970072	 0.2545318840451722	 0.27430016765767884
 0.2791419515695325	-0.206853449331054	 0.9377054022313179
-0.5612652424920452	 0.19797642245500224	 0.8036085264121233
 0.8752293159170048	 0.4638055024918994	 0.13732479899016245
-0.17066806636216936	 0.9455559294730779	-0.2771216255771135
 0.42717144971207616	 0.07452432094998669	 0.9010941560890442
 0.30894202780271035	 0.4069371000133104	 0.8596260931881411
 0.2518770709829024	-0.00904771960797983	-0.9677169420253887
-0.42354889716215804	-0.12054956841580794	 0.8978163137677341
 0.3424348387804189	 0.8842555280438966	-0.3175382533069649
-0.8238189340100579	-0.5652265236765723	 0.04291084826741535
-0.24098276365121735	 0.5021796463581794	 0.8305076221243218
 0.9098150879540214	 0.2914488382229136	 0.29545571652911085
 0.3613325920361976	 0.7861444806196378	 0.5014136152157045
 0.7156385755489096	 0.24797562786161872	 0.6529697674264586
 0.9158877493439942	-0.3247434773322518	-0.23599005176437093
-0.23424222230297156	 0.7343724055500179	 0.6370461139173875
-0.7498559710745907	-0.5077969486061167	 0.4240970191242793
-0.6553559558471694	-0.3212198736118636	-0.6836127294985234
-0.7990389701610104	-0.5979081374800969	 0.06358131249914185
-0.20474306110978482	 0.15528277716751843	 0.9664199594599326
 0.11659344958779468	-0.7190102828777231	-0.6851497505139404
-0.1357316667226611	-0.43731959656560365	 0.8890042098372685
-0.3084270627800622	-0.732063761471362	 0.6074169869910327
 0.15808729245008674	 0.8087953648890537	 0.5664437003796435
 0.8547540654827315	 0.5078691222375855	-0.10707213558329093
-0.31356049281181264	 0.9387162464437473	-0.1431489644048293
-0.6361425423960797	-0.41668206989852696	 0.64938333700437
-0.43486004183538585	-0.552021146835158	 0.7114558295929013
-0.5517580067498794	-0.26304591516316045	-0.7914353722846708
 0.9754669249114685	 0.14094687589631197	-0.1691101906415849
 0.7331225204171534	-0.4852981348151116	 0.4764631049747444
-0.9688485324313075	 0.21480772897591874	 0.12324837028500538
 0.16406060474826573	-9.866214528912356E-4	-0.9864497678785993
 0.24401006507470147	-0.7408455053086086	 0.6257851271852604
 0.8373198863071724	 0.24013465535410333	-0.49115247662259603
-0.9169098974769021	-0.27524409000608074	 0.2889929598201681
 0.534791182753826	-0.8415765346270662	-0.07581112856212092
-0.375565219453965	-0.8240163489792431	 0.42420257254219157
-0.9728923665153424	 0.17128303376548606	-0.1553787807915477
-0.9178121892117185	-0.36675616760681296	-0.15202203411596565
 0.5237399472689678	 0.4507523814445386	 0.722854589981122
 0.7792486702689476	-0.5480407240866548	-0.3040113067414633
-0.012049176375435566	-0.5717415829188703	 0.8203452807873635
-0.49356273849800214	 0.5301235620190696	 0.6894670638678589
 0.46905263294782035	 0.7349695608403658	 0.48970335118603897
-0.6763482766317803	-0.7189819789887404	-0.16005599828389774
-0.5513877917163994	-0.4413269240916169	-0.7079562480958445
-0.20330229309775627	-0.8774726696932775	-0.4344075178476383
 0.7392240724683264	-0.018172070086464882	-0.6732143392353694
 0.6904761742674171	 0.012383725949843053	 0.7232491245073378
 0.33231427184480233	 0.858053267760207	-0.39155052600435775
 0.4956020485229554	-0.8639768637000687	-0.08900892365849135
 0.739256040013977	-0.6343193890070851	 0.22614026627854514
-0.19368817921340245	-0.9312901278997665	 0.3085183736982838
 0.8013245365747572	 0.08077224543893172	-0.5927519139150912
-0.6288580752244377	 0.7575513016509609	 0.17508154269354115
 0.04040689704786971	-0.5210291694802096	-0.852581894730193
-0.6727600757815568	-0.698654714074746	 0.2434655436309799
-0.4220362009405021	 0.9015250786476763	 0.09559276994108457
-0.033596724990307164	 0.047979159196991895	-0.9982831564003649
 0.9178737155848198	-0.056387136838770203	-0.39284644969458893
-0.23793211703328662	-0.311867427757569	-0.9198516267246232
-0.5386181505295868	-0.5812985490228456	-0.6099036684789017
 0.21731739710787462	 0.9520243305932231	 0.21545956203609046
 0.03648596871090092	 0.199837611823959	 0.9791494793889869
-0.20805555570576542	-0.8305400373309542	 0.5166392669264139
 0.2527231138567878	 0.26060573072966653	-0.9317809189038943
-0.23154802072082253	-0.725290635877099	 0.6483355671326873
-0.4953629930446561	-0.8536933469357045	-0.160695906978227
-0.12205074382693083	-0.30937661105082337	 0.94307461447438
 0.7400956799160175	-0.12280889501413987	-0.6611931335661718
 0.7820689963600299	 0.3302079902243454	 0.5285175192218456
 0.7428447604568164	-0.33123182694789366	-0.581779286910952
 0.5833809741484227	 0.7479721995281144	 0.3165505137173396
-0.27019984991042945	 0.551811897696619	-0.7889839482960586
-0.595643375495474	-0.26476857217394595	 0.7583578129203442
-0.19269452474743728	 0.7580728243316726	-0.6230524962971903
 0.5483234299706677	-0.18788576844705276	 0.8148867124700603
-0.200120798612927	 0.6753272405923877	-0.709848423310495
-0.8048480697380572	 0.36655828102769344	-0.4667489809832966
-0.8107287249289538	 0.5819103538773345	 0.06402557789999457
 0.02082719175139664	-0.3533682800263962	-0.935252418737817
-0.25006387875467	-0.96486119090107	-0.08069038874078181
 0.609673410857276	 0.5474178096594006	 0.5732644012681755
-0.13525847443581593	 0.25816417992416296	 0.9565858044615655
-0.9773238493999167	 0.08189149596685281	 0.1952738494587538
-0.9472622781444603	 0.2121208729674442	-0.24020597756112658
 0.9833401268892386	-0.18005152035627037	 0.024972882630000005
-0.9367860935371087	-0.3440994687441433	 0.0634615676254671
-0.9561966218110547	 0.21111152943260741	 0.2027805281030503
 0.45472079705944474	-0.8322824255773241	 0.3170724850830634
-0.8494281831663069	 0.4911158081774454	 0.19307258894260887
 0.4653182850197761	 0.43173291576954964	 0.7727131311601853
-0.817874380018375	-0.5378538244310317	-0.20443767278677372
-0.04939646844366206	 0.8217674829793717	-0.5676778953095163
-0.7142771376682102	-0.06224818899769612	-0.6970891862387593
-0.4620631735970294	 0.8695321093184158	 0.17438903196505226
-0.01691644409995103	 0.4692449069376841	-0.8829060262746298
 0.5361255421427452	 0.6147774507547378	-0.5784618302927631
 0.21752232362920074	 0.9745315068538614	 0.05451954578034714
 0.3943782762820062	 0.4612966817255514	 0.7947774195495422
 0.08733058166470058	 0.9430465058382457	 0.3209932356489477
 0.24163548895010176	-0.9671768922506848	 0.07862028730647391
 0.22830800083269476	-0.04343831998444725	-0.9726194369396013
 0.27640405670315055	 0.9608184868036589	-0.020703450301060914
 0.7658089901209134	-0.017290958537621557	-0.6428356037143843
-0.7221087089493244	-0.6909353967753316	 0.03416562515826385
 0.29188855760662913	 0.9129130820400457	 0.28529068435276006
 0.953078710342368	-0.30190288144408695	 0.02226257100799853
 0.016640748734686173	-0.3955913847716012	-0.9182758527675855
 0.2590274741344716	 0.942553898375487	 0.21094292190231886
 0.9504003421292277	-0.1658601475678444	-0.26311518604865763
 0.06374645269029189	 0.5411855137084741	 0.8384835296662059
 0.7090504517078872	 0.182941322315673	-0.6810138981858108
 0.2552001228380956	-0.566264635826341	 0.7837201410681508
 0.8699649921943138	-0.19885948708103873	-0.4512380931993812
-0.5191599160245538	 0.2670862084337133	 0.8118731051450598
-0.3159174928344206	 0.10671631421626727	-0.9427660186925008
-0.5436429389830154	 0.40983966810778016	 0.7324505453197602
-0.10859614083653571	 0.31530546525052294	 0.9427562472763372
 0.5284109381702254	 0.7551284045408465	 0.3880244490720369
 0.8743374094263691	-0.11158980714091664	 0.47231537072155416
-0.1562402830074406	 0.8713210892292573	-0.46517580916261686
 0.750052422105851	 0.554899585168978	 0.35987194176879417
 0.8752851171552081	-0.4587434959562295	-0.15306981611163806
-0.6656517411892126	 0.5820708429737426	-0.46701316171132295
 0.4705467072234456	 0.3041660780945003	-0.8282926978174946
 0.18952624750782918	-0.5409431119085646	 0.8194268430947811
 0.5875196567266977	 0.801519266462934	-0.11129922932555973
 0.7344218470414362	-0.37633371950539535	 0.5647986208831247
-0.9130821760292891	-0.35831926129704644	 0.19464903493507804
-0.10207580959803214	 0.8499688434784639	-0.5168495856734231
-0.5855122865550474	-0.7447607659797598	 0.32016677490070977
-0.7226222188222116	-0.29859410635663336	-0.6234249662257257
 0.7667986786128348	 0.14454804539516097	-0.6254003909896834
-0.5332160703078042	-0.37177258857426543	 0.7599116822041183
-0.9323891254378839	-0.3428341208643122	-0.11452198189156547
 0.3357444267236497	 0.1760284147134286	 0.9253592151902336
-0.8649869768812114	 0.41375220500526244	 0.283913090010281
-0.11935009077062249	 0.7189816866334762	 0.6847049657470919
 0.6334976532786494	-0.0297048750971919	-0.7731742000907068
 0.0850897767123301	-0.9514164670579687	-0.29591626536907156
-0.6579488485047893	 0.7283670295361017	 0.19127149038990926
-0.9178367772969034	 0.10678309435645036	-0.3823258047802896
 0.17001133678121907	 0.9020049539213326	 0.3968415407530287
-0.45225301517647215	-0.23766961303620052	-0.8596396717829001
 0.6780669580786655	-0.5193091977278459	 0.5201376332445157
 0.1708287056619737	 0.34382989368191774	-0.9233626359846581
 0.4630382471994954	-0.2977053444806795	 0.8348455602673219
 0.7532412279434747	-0.3896664808688368	-0.529894033004244
 0.04637172528087566	 0.9399965727309738	-0.33801790832513307
-0.24980469593494728	 0.14350214974927844	-0.9576036481270236
 0.7612808736811861	-0.49778872710797284	-0.41552113608267177
 0.6053124952538995	 0.5681789244429307	-0.5574670330238125
 0.14358227157328102	 0.9886898788007137	-0.04331806605663022
-0.3420154922367573	 0.5153300829342703	-0.7857864268953791
-0.9651601826736711	-0.20058452846988858	 0.16802282202081384
-0.8988349108795906	 0.339148359812045	 0.27762239286642204
-0.896626880466655	-0.4425498963498307	 0.014485387995805721
-0.7652755993299415	-0.5177200658454245	 0.38251691530075926
-0.11869947478979419	 0.81507472456069	 0.5670658057641478
-0.8338110748502682	 0.3465371583276237	 0.42973374239784345
 0.2495152867363799	-0.6806151097968742	-0.68884337407066
-0.74571527798771	-0.04993018952682825	-0.6643912253706602
-0.7746560776397831	-0.43197565409620575	 0.4618495378842569
-0.5809674617906474	-0.8043467664239913	-0.12451139579894503
 0.9338512404586113	-0.10834140454054178	 0.340857742696415
-0.9030721128575916	-0.10518838219189275	 0.41640864932272686
 0.14686157811738967	-0.2174001107071822	 0.9649709160059564
-0.9271389125267383	-0.07450811078375606	 0.36723558965080255
 0.4332664182530796	 0.46580742983125195	 0.7715592324171558
 0.28197432798231387	-0.09995419935730314	-0.9542010461059887
 0.6529902222696905	 0.6861865414770916	 0.3205492160587635
-0.40271684933864976	 0.1026098357540555	-0.9095550345445168
 0.8300565232332819	 0.5460052753204694	-0.11350950427208455
-0.29480357971831184	 0.06679302019602751	-0.9532206155126745
-0.05645074708435792	-0.5326317055322117	-0.8444624203689973
 0.7002820532275913	 0.32563738501021144	 0.6352679272645992
-0.7139079141898723	 0.02109903048178446	-0.699921653451152
-0.22258787058183319	 0.057847617171402084	 0.973194889555754
 0.24712636179529204	 0.6619059512645128	-0.7076786509330649
 0.9685475214015925	 0.2478527664304079	 0.02201601597985253
-0.25602654719402185	-0.49522222260372245	-0.8301839298440657
 0.9914355268966994	 0.016731693883912904	-0.12952083394897945
 0.7390984227062386	 0.6712821082843504	 0.05580190543760927
-0.5364727357965887	 0.7785763017931946	-0.32560089992651414
 0.799005706053226	-0.591548016709633	-0.10798530280221295
-0.37672530690874473	-0.8960951923613266	 0.23471567770694227
-0.7632071674878369	-0.47023039164108904	 0.4431683633476796
 0.020817771633404408	-0.8615023053892058	 0.507326717405365
-0.5523122685193198	 0.73127291279906	-0.400238785038908
 0.6076697072194325	 0.7710042601562599	 0.19049923293480023
-0.5387309937510528	-0.5957597992673493	 0.5956837902351642
-0.9463238969565826	-0.1405403721792168	-0.29106611935543875
-0.7931198501369465	-0.5751241988998119	-0.200482066925192
 0.6892690096949937	-0.724369014336911	 0.014062835512603704
-0.44857299209509555	-0.5140546622843652	 0.7311156371919292
 0.669683537647496	 0.4754196015519205	 0.5705262148789904
-0.09807564179882755	 0.27836388653899585	 0.9554552397452499
 0.09820233428960924	 0.9272570389107287	 0.36131798367999757
-0.524119155804476	-0.7660012374274369	 0.37221125020401913
 0.7630239466278854	 0.6462042468583142	-0.014646781717655573
 0.5297143896464175	-0.4935814138720246	-0.6897681155878522
-0.34251958459773063	 0.9143688280910856	 0.2158934468258199
 0.08890101095127774	 0.8771633953763702	 0.47189086456895746
 0.5124911649392876	-0.6156354622741702	-0.5986198989756694
 0.7823396943937548	 0.5183817020285181	-0.34528975307399834
-0.6138783084923262	-0.6523597286184063	 0.4444999514505259
 0.9026838313333496	 0.377073402225775	-0.2073102746687284
 0.42240162481501636	 0.8632756923085616	 0.2762823671948818
-0.9674115544328193	-0.21257169806223097	-0.1375796406915492
 0.12676303760654056	 0.4526664302280578	 0.8826234957451279
-0.8660995621248928	-0.4925039427106002	 0.08550681201859216
-0.3138487393891254	 0.6452444729395718	-0.6965332288733905
 0.8188569234029254	-0.47937495802259666	 0.31571029222362923
 0.37038467587029555	 0.8578782930339888	 0.3561741515348154
-0.2102130869005958	 0.9755509521553779	 0.06411550393202697
-0.9534425944520223	-0.16477968181246916	-0.2525764746495168
-0.9203175806245683	 0.06291778784495032	-0.3860788815333456
 0.7928911764229511	 0.05478881510086339	 0.606895187071435
-0.9131987915532019	 0.25059920671088226	-0.3213533953479382
 0.16383073906230988	-0.7835891217385738	-0.5992892266938127
 0.4563612050960527	-0.617408300944959	 0.6407350781778204
-0.13106544089432604	 0.41176689679939027	 0.9018147664034872
-0.2577640650640402	-0.9134296953312405	-0.31496647194382205
-0.2690940557078063	-0.5688065527363425	-0.7772049245513838
 0.15354131667369264	 0.2574635439788636	 0.9540113141865522
-0.391020059136288	 0.7239066694426242	-0.5683858260807891
 0.16815667408749055	 0.14225720053750557	 0.9754415522495775
 0.5897087934266646	-0.7098502694113579	-0.3851702662094906
-0.22909094658265447	 0.3714491892078034	-0.8997459852818066
 0.8682794620440821	 0.35356707922085256	 0.3479670908055459
-0.20437977399824792	 0.9301285185164694	-0.30510628807480045
-0.09954145987587876	-0.5414223194574939	-0.8348373313161349
 0.9768206662031239	-0.2106001174386917	-0.03832723070213295
 0.06791117373253465	 0.6610242996654361	 0.7472850511913706
-0.9128345249601811	-0.18313192239148654	-0.36496003759578827
-0.38458673519069475	 0.9158413945624279	 0.11544515200435945
 0.8004424083557073	-0.48224422260713257	 0.3559950289930427
-0.1525871660280142	-0.3361643461973378	 0.9293603655790663
-0.17119166618443368	-0.44838567012298186	-0.8772933969074211
 0.3158673335118022	 0.827888599059425	-0.46349573371021086
-0.28806137416719074	-0.23179611060253213	 0.9291346553769527
 0.4641537764388562	 0.8432258753991962	 0.2711667289230134
-0.6161194860004767	-0.6042659240517285	 0.5052320971597299
-0.5950405773637184	-0.8027453348038796	 0.0390722246776434
 0.9226805883917177	 0.2252512238707767	-0.3129255789318457
 0.3882795862024444	 0.5853066199919564	-0.7117971084038274
-0.6180719779157564	 0.2371798826078405	 0.749488314386179
-0.8343879412019102	-0.4184551918386306	 0.3587366945269642
-0.6189858485711952	 0.3061510766121556	-0.7232759069385732
-0.5132682062509618	 0.6482017890602518	-0.5624857234730574
-0.8548053484709115	-0.5097184714349394	-0.09744175749416795
 0.0660030627977061	 0.8170514820014879	 0.5727743634805019
-0.26832899278335576	 0.9554526759139882	 0.12292166497680285
-0.29796067587900193	 0.926425058586094	-0.23012180786157627
-0.06413043872187252	-0.9422196808431729	-0.328799878134298
 0.48946929461418703	-0.2704563128123747	-0.8290194162321082
-0.9019327398745812	-0.15942738173118065	-0.4013729471410244
-0.18231540865481458	-0.8378505384663747	-0.5145556985969877
 0.2110513641544621	 0.150598474094847	 0.9658040284078567
 0.7792894434246368	 0.6247923957536036	-0.048398611296112906
-0.9050027235447429	 0.32050104689292896	-0.27973049407802125
 0.6207363926720865	-0.7839774525959977	-0.008104605698951379
-0.09101918587106203	 0.9935015618199943	 0.06833852840529515
-0.2638724940318517	 0.8646490461163021	 0.42749658939409046
 0.8522178229244439	 0.4070399264211615	-0.3286993772263292
 0.5118513782732725	 0.2963773674901303	-0.8063303433453138
 0.9066214960164386	-0.17939232209928785	-0.38191079813582185
-0.05463979855559438	 0.5779466440595719	 0.8142433107088339
 0.32268654484070886	 0.29289905238970143	 0.9000464092967542
 0.9763637118451377	 0.2101246023117238	-0.0506117940338522
-0.8715015587384918	-0.09577588002823587	 0.48094907622449606
 0.7114332259118353	-0.6877708149807081	 0.14434012307550573
-0.31142734313748155	 0.9482439664982686	 0.06201927076288155
-0.6297315128714355	 0.5956823692223998	 0.49859877325785895
-0.7627904243592817	 0.6415762366745692	-0.08081275295573188
 0.47388154951335193	-0.5538690485789646	-0.6845913774340553
 0.01138318887732153	 0.9585640818701715	 0.2846494756000409
 0.4107724865922222	 0.3498412685722097	 0.8419483660312131
-0.6973345835842889	 0.4132247149875651	-0.5856362467101675
-0.5006627874856747	 0.6752087775868924	 0.5416916834295027
-0.2849542536543485	-0.931272216485752	-0.22700910141667843
-0.34362202615386794	-0.8191873653058249	-0.4591905526741719
-0.13039487147350165	-0.9894082692265642	-0.06378443602873424
 0.025989436821459565	-0.7947990119076802	 0.6063159900945038
 0.636813888525578	 0.6066821306649128	 0.47582020103481765
-0.4759228024387258	 0.07948923954809253	 0.8758875195565555
 0.36696932488348655	 0.887409566760101	-0.2789942211179434
-0.031708295820130634	-0.9537914914149507	-0.2987915241110877
 0.27191933923791856	-0.3602345838475214	 0.8923513419884662
-0.9149812691079598	 0.4023949955663961	-0.029791688852892417
 0.1678715583984392	-0.10026150939581377	 0.9806970835148602
 0.7333037998074623	-0.6779474831362385	-0.05150482790163484
 0.2149838425941263	 0.924562250029717	-0.31458956315086317
 0.49075883467219417	-0.8490097630104443	 0.19580140066950297
-0.3942328687111605	-0.07622917602826465	-0.9158436318224967
-0.9204939459415877	-0.2709346937298742	-0.2815764322850627
-0.9470842742395186	-0.026946358830648613	-0.31985195205590666
-0.6410413987501961	-0.7602699714504721	-0.10514511685803729
-0.5223588611393615	 0.23696691269000233	-0.8191385123893017
 0.8750217144130351	 0.3114298186451443	 0.3706055414646754
-0.5834276495084718	-0.3080474844806907	 0.751477827413516
-0.436852222452476	-0.8725563845889696	-0.2186446693870195
 0.015101277974806015	 0.12575647785214703	-0.9919461979773653
-0.05495018371726572	 0.44519994245521866	 0.893743525037977
-0.510286458692349	 0.42740545083413695	 0.7462789764374245
 0.39286147817698974	-0.4825998029346057	 0.7827881508889044
-0.07416251897530679	-0.5207390279085511	 0.8504885570024412
-0.3445623637356301	-0.9258626333704904	 0.15509726504737695
 0.5553163880688654	 0.3509895028568984	 0.7539430204109703
 0.34164767175138255	-0.1581387803071856	 0.9264280838520685
 0.84559632168636	 0.4354352619148589	 0.30880899182445476
-0.5401991854275298	 0.586707622316139	-0.6032901507397382
 0.7693954821050222	 0.3249065200664692	-0.5499694039986928
-0.7364912000865663	-0.6512913165354224	-0.18275758041899662
-0.0013779460255545803	 0.9928972153006268	-0.1189673111111258
 0.3277555963120094	-0.7098612146517791	 0.6234367049021576
 0.06990616042726273	 0.9946147231806666	 0.07651588832761273
 0.6480080866440299	 0.4233606624252298	 0.6331281617135779
 0.20855309981264153	-0.7730275442817065	-0.5991110250532307
-0.4560618975178576	-0.5754085349405228	 0.6789054157612914
-0.46336424621020517	-0.6935278001733811	-0.5516455072967775
-0.25797274572802986	 0.7025188757550986	 0.6632626113910941
-0.10867528354288097	 0.29049611004972903	-0.9506848546142144
 0.49274560576227494	 0.059754939007069394	-0.8681192978307937
 0.13082870642159117	-0.5000033527073026	-0.8560843982093762
-0.18827691306160943	 0.9632565628968219	-0.19154267943252798
-0.13857140123247438	-0.9885241269540123	 0.060149955862632574
-0.19053840040646117	-0.981598682597861	-0.012615240492798524
-0.7746139993488376	-0.37053258067843836	 0.5125219592062134
-0.5374578107535306	-0.4106567193279366	-0.7365461021082377
 0.3850354850164945	 0.24263814557094035	-0.890434953038125
-0.15780171181716499	-0.9532393481571968	-0.2577467068119687
 0.11809937920387219	-0.7939818917713778	-0.5963600356922018
 0.5021919169950548	-0.6947531368822902	-0.5148993661843542
-0.2854401406758079	-0.3233926499471946	 0.9021868542885705
-0.38265311596893414	 0.6099661142672481	-0.6939149315910274
 0.34576838878173255	 0.835233595151556	-0.42758515274678466
-0.7874786886378919	 0.4601826225813989	 0.410011303277424
-0.9907729646744651	 0.10355613583036173	 0.08743602919880687
-0.9608206669142954	 0.07101502105107282	 0.2679188549085039
 0.3962135470946867	-0.8731799434635253	 0.283851389694821
 0.6521961609115109	 0.28706353759818654	-0.7015943935593423
-0.3960309741327574	-0.9151990755942727	 0.07463323360841374
-0.6300453372816183	-0.6627360726074683	 0.40475149293674095
-0.654209809060726	 0.6418506771115727	-0.4000465398177369
-0.10523737430734384	 0.7537079478341341	-0.6487290839946628
-0.669885400091075	 0.6143147832051274	 0.41697829425577754
-0.615275970687019	 0.27936793631782364	 0.7371492630754417
-0.19947125305721808	 0.5822870175844206	-0.7881326337339571
 0.5436227778223599	 0.6165401280856329	 0.5695195746353697
 0.8685001671566285	 0.2955408643998986	-0.3979485608953364
 0.9018818710541765	 0.29779753310541884	-0.312930854886738
 0.7769154037520375	 0.4359170237887924	 0.45428933928051857
-0.3103252262665644	 0.7303182849906129	-0.6085502908971251
-0.49862911090354634	-0.865993242070061	 0.03774538976515597
 0.23010242723845967	-0.7709575508107485	 0.5938664225453915
 0.8580450883133518	 0.39551169808765607	 0.3276112377455192
-0.7500503344169942	 0.5091751175879783	-0.42209619220057365
-0.21294473210504578	-0.020276852070357815	-0.9768538224006841
-0.9848113937067694	 0.08174893950539748	-0.15317842444376298
 0.03300322145102215	-0.25578567516258777	 0.9661700035477576
-0.4587882147837944	-0.8526377237922247	-0.25004456791122803
-0.5145166169867272	-0.4509902522936419	-0.7293013390777853
-0.18872275677193867	-0.938208020559499	-0.2900852137462823
 0.3537736940553199	 0.5279389216925756	-0.7720911010732695
 0.44818725591045244	-0.1327155823545415	 0.8840332334475631
-0.5256140841332131	-0.8289709943553266	 0.19114634466383193
 0.8983874845841586	-0.3629902904855125	-0.24726094830318726
 0.08493283570166843	-0.25463870473759337	-0.9632993010841615
-0.5836651456800777	 0.26345847085812535	 0.7680655127340063
 0.9611560380506192	-0.16762841423273075	-0.21927103151272953
 0.7770517864259556	-0.2596903666863797	-0.5733684981427953
-0.5354535743975727	-0.8439008814643966	 0.03347793196237937
 0.2753000090155289	 0.8403359193806805	-0.46695336773030827
 0.765374365224366	 0.5180488781486937	 0.3818735928370521
-0.5431076997882606	 0.8011231738710126	-0.2514670688530407
 0.6078897130723342	-0.4441213379182737	-0.6581993117183562
 0.37617992805628225	 0.1852890386614431	 0.9078307297505898
-0.9461720412727034	-0.3000474447011336	-0.12136720826551943
 0.9283836059247662	-0.31904291023626524	-0.1905662658449893
 0.9598438100621558	 0.014240200167482593	 0.2801732981291297
 0.23630392190956412	 0.07166704899736466	 0.9690326571267698
-0.7154634577793911	 0.685559189236442	-0.13461292150395315
 0.6546037506700906	 0.6351038210335365	 0.410045200090492
-0.09646724630677012	 0.693477657435055	 0.7139907625651593
-0.8860780736291819	 0.4629500683533606	 0.02329982071211822
-0.515468580018633	 0.49370791852130175	 0.7003889163906991
 0.37979911402653893	-0.661488835422858	 0.6466723695934189
 0.3205287005251264	 0.4852770583517971	 0.8134909518716852
 0.6798452243195885	 0.7209944843966706	-0.13407991810643174
 0.3595883659256131	-0.859035198737646	-0.3643552310873556
-0.2850064663456798	-0.31684812680427743	-0.9046427906537304
 0.4901094925927563	 0.3763113447624303	-0.7862457993996294
 0.6571862776830026	 0.750790161983587	-0.06648555552764096
-0.8706898269823523	 0.3290696848477996	-0.36553025552423335
-0.010417377512902587	-0.43222990821154694	 0.9017032686494996
 0.11272675665246008	 0.7660416270129722	 0.6328292850508229
 0.17904344748456585	 0.7332624429566775	 0.6559494139505322
 0.9612619664889474	-0.2609352073858098	-0.08881581688149062
-0.7902328191233524	 0.2700142725571146	-0.550113064920123
-0.12172209733410388	 0.05337148183748471	-0.9911282540352978
-0.561192926913979	-0.37245650817376885	-0.7391472439918348
 0.7527298248733695	 0.2919033660082067	 0.5900764659424957
 0.9856536356822656	-0.02134379330772071	 0.16742566396335004
 0.8406184434010763	 0.37022304936537165	-0.39534229008867366
 0.16490750548117133	 0.09897018748322019	 0.9813309414389794
 0.4079009891022237	 0.27614337113397996	-0.8702652593710657
 0.2798076407091252	-0.8408961034343229	-0.4632509335444079
-0.6543410898704715	 0.16367283126665746	 0.7382743002517967
-0.6572766451449734	 0.694177286146877	-0.2934370582334914
-0.328469356917082	-0.31733869285574323	-0.8896089228324358
 0.5726988045836227	-0.8173393841594788	-0.06302706030185543
-0.462424274325872	 0.5992139369035736	-0.6535338157545565
-0.3280116897500038	-0.16168262573676684	 0.9307346882555801
-0.057750335951441335	 0.008813372956329476	-0.9982921532069801
-0.8711300580527257	 0.32597914664253985	 0.367246535601435
-0.819451406901322	-0.4976413924675983	-0.28434562811893854
-0.2812509702524641	 0.7758659784309944	 0.5647387672591313
 0.4745735845806077	 0.6171237771316422	 0.6276449286954273
 0.11399481542700744	-0.5369195575475978	-0.8358962679535388
-0.9589328562191002	 0.14284236007768158	 0.24503844072087283
 0.02523354268342285	-0.4519846500341916	-0.891668741437712
 0.7785157274758587	 0.5295023047550702	 0.33695781832716626
 0.0921414317504839	-0.40926192066580896	-0.9077525196042718
-0.8105937751768257	 0.5827103776159082	-0.0581923316538111
-0.021604838543962123	-0.8968957562054819	 0.44171397244380467
 0.27875138853909187	 0.7155921849684596	-0.6404884762426205
-0.974076636746777	 0.22336896954054813	-0.03579118872685193
 0.5989814536202454	 0.035480572096643744	-0.7999764666680346
-0.8627984967540911	-0.14009947530499484	 0.48574776481024157
 0.6004808879947512	 0.15830066619366387	-0.7838134996513374
-0.4698981412712066	-0.36725507582457995	 0.8026951140445214
-0.6805465653030486	-0.46690293585926074	-0.5646751463808429
 0.14614235535150286	-0.9082191544951786	-0.39214841499154096
-0.8872009901653406	-0.22817933362448298	 0.40100946965916634
-0.5321531108660803	-0.037243949747425065	-0.8458285611178925
 0.6593835234186892	 0.02223313564926262	 0.7514779149936188
-0.2669301553000589	 0.25921302324785217	-0.9282008946182905
-0.42845458755106336	-0.8415892631012213	-0.3288680261734051
 0.7068204963189079	 0.1660511346763357	 0.6876276657146615
 0.7432429191896214	-0.6093324784417617	-0.2762315944827994
-0.5466726699082799	-0.07835057427775952	-0.8336727052541052
 0.24025286712737437	 0.4676815918647089	 0.8506188855580201
-0.9804872197421847	-0.09870682944944098	-0.17000521680901387
 0.4215163343290344	-0.2712093393616673	-0.8653146677000348
-0.7773966552662305	 0.054196096299935693	 0.6266715435750422
-0.3927150218976167	 0.6093820856869064	 0.6887876198218362
 0.27639514060961007	-0.26176566856136047	-0.9247077706010792
 0.29891159801873496	-0.6929697021797284	 0.6560829584974944
 0.40256191864380864	 0.6950138975457137	-0.5957344910915698
 0.4162791483002613	 0.74028014589001	-0.5279175847530321
 0.5444380845991108	 0.7089267340408516	-0.44834145224396
 0.792036665361671	 0.6044132607319412	-0.08580519199994362
 0.7622513237299066	-0.545423555765335	-0.34854851066717185
-0.49330451349765414	-0.7947271267373522	-0.35363745699605276
-0.37867473978647614	 0.41651034836884687	 0.8265135033073002
-0.49248129017327763	-0.15853818508436968	-0.8557615454666201
-0.8791856153907246	 0.18561877276150704	 0.43883746978641763
 0.06376641668351422	-0.9761630232252677	-0.20745986645867068
-0.8112641181155219	 0.4966537532648787	-0.3085216038240331
 0.0474981041851101	 0.8801944126692214	 0.4722305856302671
 0.03731546035573481	 0.36631353316125714	 0.9297429493367273
-0.8544909772702152	-0.3007195975021954	 0.42357159187309795
-0.34155246642256687	 0.45023921628311203	-0.8250009459397186
-0.8199948428766916	-0.1967643843804528	-0.537486962348866
-0.057355083003265445	-0.9264299808675416	-0.3720724190308318
-0.6523849920944786	 0.7200390969824458	-0.23651114330320924
 0.9395212614906013	 0.32682220198540995	-0.10240628641112286
-0.23982811292204656	 0.9617220335402799	-0.13256397118145932
-0.15553483105132654	 0.5797941849149403	-0.7997797318441218
-0.22251719585337829	 0.9498557219010456	-0.21968205461847035
-0.18264272388122355	-0.6543561816597305	 0.7337980804941813
 0.10559082462677913	 0.729835032226409	-0.6754194278296364
-0.17478514918635016	 0.4755337684409505	 0.8621587943622995
 0.4741986749581362	-0.7557404408099893	 0.45165473848092313
 0.9383432488969243	 0.04220280638680678	-0.34311932382575383
 0.5597242839916209	 0.8241764190974153	-0.08626677294201304
-0.3022541080512996	 0.448392553115398	-0.8411816524846273
 0.7616359566561492	 0.6362040419366676	 0.12310599722157793
-0.4026436863442435	 0.8749917364470385	 0.2688261947737136
-0.7094593756465162	-0.5471451853259054	-0.44418412902977084
-0.28167878441413946	-0.054946942168448004	-0.9579341814327902
-0.9567761398628493	-0.28695309020621423	-0.047300551902170966
 0.6117970966199169	 0.2951712379439527	 0.7338789088521855
 0.6907023675042752	 0.34041737973030145	-0.6380017610489368
 0.4594392503455915	 0.8856224997988379	-0.06773745708202025
 0.5550931099240638	-0.22997710660019327	 0.79936360297091
 0.04394517297506872	 0.7451032838787084	 0.6654997506576215
 0.10191750177199922	-0.9187964872977793	-0.38134739773835596
 0.02486983671028788	 0.2896603656556993	 0.9568063355717343
 0.21414091600034343	-0.9609095405328928	-0.17548938146622747
-0.26101849935804633	-0.4540834052504992	 0.8518671281772672
-0.30846945076826215	-0.5731596261296042	-0.7591670704908761
 0.7111444134439694	-0.6422952594726956	-0.2858853317089485
-0.8320073947797217	-0.5480003933857239	-0.08636703005749337
-0.3172869581164339	 0.028148977871409582	-0.9479117159598858
-0.40910914336467746	 0.5470645572766925	 0.7303082082155973
 0.8203339186433202	-0.4417276398977453	-0.36322025559385096
 0.550862495345478	 0.1427948339330203	 0.8222895758939149
 0.15403356650879965	-0.8947941806457593	 0.419066861814512
-0.04424761467917444	-0.890219860893944	-0.4533770482337747
-0.5793774826815431	-0.1972269952055725	 0.7908370533325935
 0.5095428427962463	 0.6179762684828066	 0.5987248307421248
 0.42295165396476275	-0.8862141365985162	-0.18904074296674306
 0.758744202909339	-0.07096252094585241	 0.6475118185581491
 0.7545015348538842	-0.1479726373519118	 0.6393993529072834
-0.6755089044436753	-0.054348856094840026	-0.7353461238481426
 0.5241912827389559	-0.6019904162665963	 0.602354578154477
-0.23049594849664484	-0.4841416357867312	 0.8440844117885252
-0.4555391700189917	 0.4746891323295757	 0.7530964694025613
 0.023736971820146686	-0.7384439954711326	-0.6738968925002099
-0.912855755834564	 0.3761683491176549	-0.15871906678721628
-0.6241394245096434	-0.7574404863213162	 0.1916608683432772
 0.8445763763623505	-0.4068113503283151	 0.3481311099782586
-0.5267069336955996	 0.22111503845623032	 0.8207849570779662
 0.6201717236858181	 0.4401606679475772	-0.6493424516636069
-0.5179619756231825	-0.8339830248726228	-0.1902306653324856
 0.9161642324955591	-0.11204026925408074	 0.3848247356411697
 0.00915073681547021	-0.5915884810759205	-0.8061881499216045
-0.16946245988554953	-0.024336249298192617	-0.9852361248247219
 0.8394260429144522	-0.36173304255818	-0.40560217504173474
 0.22495976672981388	-0.9501923332877013	-0.21570264976152206
 0.1255593371466206	-0.8827579090282572	 0.4527398004410045
-0.40291580216177186	-0.7971107234569277	 0.4497480971814214
-0.41596775400651465	 0.6627116868141331	 0.6227230907769055
 0.8966212342950692	 0.12041958152782495	-0.426109711923878
 0.9084665894744488	-0.13724799058139467	-0.39478024886008756
-0.9913320846360663	 0.03374134687893664	 0.1269733022406926
-0.5318235278598179	 0.8300549077990013	 0.16784691016974096
 0.10096972059120737	 0.9766032922386773	 0.18987133831179054
 0.059632631138330894	-0.961012986149668	 0.26999627729881326
 0.7660707865127101	 0.515817004132558	-0.38349493907939713
-0.23647812253394035	-0.2541392102580112	-0.9378120064129363
 0.7498758398385926	-0.28684189880781247	-0.5961610100591064
-0.9947796665843884	 0.07042121437933735	-0.07385301290802077
-0.7848516763328265	-0.18816600362684704	 0.5904247634005994
-0.928014035180391	 0.36374697492187463	 0.08048657492646318
 0.3223657015932712	-0.12130057993993625	 0.9388112290245112
-0.4448588828618688	-0.7673158519984322	-0.4618733133780411
 0.18837468887214942	-0.2918854056838085	 0.937719513789235
-0.6436956768920398	-0.30899280811438024	 0.7001280740579457
 0.2809422153365958	 0.4766348498225633	 0.833001015351355
-0.26338342235580153	-0.9637877087958833	-0.04174236699238632
-0.8988442648473217	-0.3732614702016588	-0.22968426679677856
 0.8087303231721765	-0.33412069095221825	-0.4840646942914132
 0.4107491420687097	-0.5113243151064596	 0.7548725634640122
-0.6840219810095495	 0.7256472707329408	 0.07449810718135902
 0.9968964798071955	-0.06530259961967153	-0.043965657403646344
-0.5192483717519851	-0.41477127481262205	 0.7472254800414829
-0.4267050099623636	 0.897521376508947	-0.11125741855042318
-0.44208993147104225	-0.38929038870086907	-0.8080900233000378
-0.4749842459781703	 0.8019563310454378	-0.3622927120005165
 0.5206834527495438	-0.8380389043774946	 0.1630323182150762
-0.34690579494348595	 0.22542210768068885	 0.9104071851668485
-0.9186059633523277	 0.2859123054300112	 0.27279523034180425
 0.9728563186697211	-0.21625184615856266	-0.08237549549114384
 0.16962972897890388	-0.17770818033918093	 0.969353164583002
 0.7716587136107743	-0.10813886859973615	 0.626776527006663
-0.7961393692886631	-0.0553363463743691	-0.6025777903628587
-0.6524761117868006	 0.3452095757886306	-0.6746149066922642
-0.2697824584063434	 0.37175147196919195	-0.8882670027784262
 0.5500805071258824	-0.7630794344432544	 0.3392951700362018
 0.04265125638830522	-0.7686839542992351	 0.6382051776124904
-0.44614736095882257	-0.03972844959451006	 0.8940772799944614
 0.113326600392454	-0.9801419211205616	 0.1627233729541756
-0.26953449055239037	 0.3956932988713498	 0.8779396173034749
 0.27943369578777444	-0.12739641772134166	 0.951675870457035
 0.666189600941347	-0.15072955155061582	 0.7303916879914222
 0.9592471818418528	-0.20442708364119352	-0.19507539978792898
-0.7189146186244731	-0.5327635845981383	 0.4464579868858553
-0.5764189965800451	-0.5547054821093272	-0.6000358060145352
 0.31484155822073984	-0.8642404918852096	 0.39238140297820917
-0.47154003852658655	-0.19786558694628603	-0.8593597625958217
-0.9939558749133507	 0.10947918929503128	 0.00812562837805773
 0.5022797971190724	-0.02795435239990838	 0.8642531802590749
-0.42182757258226083	 0.8412387239916015	 0.33819950955957856
 0.4282966597294165	 0.8807358180399564	 0.2021543719193653
-0.7326272015026857	 0.676265526312701	-0.07695662115340465
-0.4916012584060082	-0.8664944612179836	-0.08669228000338569
-0.7793185726196735	 0.27599427504540475	 0.5625741928956534
-0.840069554384888	-0.06125705320024679	-0.5390090140515257
-0.48966950415941324	-0.31174948687519666	-0.8142702463736017
 0.7166115149178782	-0.09615040144595903	-0.6908133155845249
-0.21238562813272752	-0.9144118691024148	 0.34459146624270137
-0.9797778854263324	 0.20001508271829085	 0.0054094283154257055
-0.07105331538490563	-0.4838820953450075	 0.8722439705594635
 0.8330413975152225	 0.4273798803602972	 0.35126694676428477
 0.7729634684365978	 0.2539986209595378	 0.5813881466052758
 0.17356423466436166	-0.3848942852219748	-0.9064942612332633
-0.5245403740354655	-0.8513658950980079	-0.0057886674374832
-0.12308667887948724	 0.6068269340215192	 0.7852456568669836
-0.40014301407596764	-0.20563807439010293	 0.893083731039442
 0.8265292885562626	-0.2617977290894393	 0.4983084227687616
 0.9240873569478452	-0.09975519277082741	-0.36893286414251686
-0.4102870861864775	-0.3170006213636471	-0.8550877808527448
-0.7107169420412319	 0.4176962278996604	 0.5660488402019346
 0.9089578163310534	 0.028740995942162444	-0.4158961929170977
-0.3418762303756662	 0.6131280862205551	-0.7121759564824158
-0.7658276282802797	-0.6133788901300733	-0.19306574244386626
 0.7308786220349346	-0.3388609952400488	 0.5924438081010204
 0.08801605824285032	 0.995596768099415	 0.03225288888442591
 0.8264316920156445	-0.1071337210345205	 0.5527504176836564
 0.5042173058486609	-0.8601569931807754	 0.07677796275576239
-0.3746502839881064	 0.9261856823364375	-0.04262917478228797
-0.9297519537477976	 0.3467652328149444	-0.12375450623290624
 0.9673161814792094	 0.2447170393886582	 0.06643023168205044
-0.8247049243120255	-0.370588729070675	 0.42723036139918513
-0.7798473752388825	-0.48018544416311826	 0.40157192450032453
 0.8133625523756733	-0.5733352795540462	 0.0986307031892888
 0.9374247982712018	 0.26162860445368374	 0.22975034476103437
-0.9675137562179154	 0.2235340069554472	-0.11810876031667564
 0.5012205206970034	-0.17702695140289434	-0.8470179738997408
 0.900868936682919	-0.4333974903147699	-0.024531088615182432
-0.03229892190093457	 0.8844508046909008	-0.4655142894967411
-0.5497684298379916	-0.1960782270193425	-0.811977833713717
 0.20121381880540545	 0.7028280250653296	 0.6823091427677882
-0.024993133287038467	 0.7718595225447341	 0.6353016769578933
-0.5892546414519635	 0.2191725452442807	 0.777651826294044
-0.39604133819692056	-0.7222556483635413	-0.5670079689441346
 0.6027795546526381	 0.6408449780949775	 0.47536777608838265
-0.18406343681468731	-0.685995320629963	-0.7039396787380008
-0.22551464802433352	 0.9319879128906772	 0.2837986500181782
 0.9348808885881231	-0.22132742540312197	-0.27751017083542534
 0.24273930134046684	 0.8758771073544339	 0.4170334811465039
 0.09178262456094824	-0.9872272029840244	-0.13022441981841845
-0.6143761428933529	-0.7533357913404787	 0.23457864465654396
-0.46656284797472314	 0.16986571710822784	 0.8680234714804794
 0.4039238686939931	-0.9139740917131692	-0.038689378081912196
-0.5309852043571984	 0.8203904965846724	 0.2121653738650557
 0.28735578260455086	 0.12353803726539005	 0.9498236718214288
-0.8604053976727054	-0.5093526445647572	-0.016199849708007783
-0.2627698631687942	-0.8226264514236896	-0.5042199127645804
-0.7754065976397948	-0.3045846653384018	 0.5531480723796939
-0.15394463144413809	-0.5857595246714913	-0.7957303750053513
 0.10039015908546976	 0.3884796599143942	 0.915972363006434
-0.8772286533193041	-0.4798868978063503	 0.013358709121674209
-0.01823736899606789	 0.8403610995274656	-0.5417200575694889
-0.2232823771190993	 0.9180484331103912	 0.3276157116678015
-0.7452439823000299	-0.6487234563753457	 0.15417290291752792
 0.3950162489207302	 0.2685983489468809	 0.8785312117572177
 0.3400637987481121	-0.3120851163239609	-0.8871073739689368
-0.7964014865587582	-0.14554324806401825	 0.5869938970295824
 0.13667213712431342	 0.9695957119676941	-0.2029898575489258
-0.9630818381269184	-0.16543921311569498	-0.21237523356958488
 0.7916316845587642	-0.6101940535856069	-0.03134474392013235
 0.16999641147968797	-0.8734796169590849	 0.4562176879966826
-0.48277874622536954	-0.3232035872362665	 0.8139189906806875
 0.1509235822471167	-0.9773390987528175	 0.14842627250836726
-0.9297541350371699	 0.13016159244009184	-0.34440558682278016
 0.010022752038301731	 0.9287909890009197	 0.37046841051872714
-0.165454640366871	 0.8142892042608801	 0.5563792355985732
 0.5952586487095073	-0.8031889801714547	 0.023550016298722318
-0.7963956197713538	-0.5950354858273881	 0.10810544581641343
 0.09117067012150738	 0.7930302410771953	-0.6023212976864096
 0.8871337523769102	 0.17841985497706533	-0.4256290177415377
-0.2560078948693129	-0.016532255542543166	-0.9665333115269534
-0.10845089191470142	-0.90345475857155	 0.4147383551798989
-0.4974138168395912	 0.19606228633466238	 0.845067497123333
-0.47797265590167454	 0.8272756471753205	-0.2952238875852596
 0.23343543064087702	 0.3008366035916253	-0.9246649326436919
-0.19732124171825727	 0.964436036215851	 0.17586204711370534
 0.7032578571373894	-0.1922134274503623	 0.6844577303839234
 0.7864883942170888	 0.6151891684630098	 0.0545737369768268
 0.6455862364053688	-0.6957161477228297	-0.31495627182460884
 0.05536533765981532	 0.04424450812679149	-0.9974853898110153
-0.31409318604636294	-0.5011284525493805	 0.8063595628035348
-0.5299090161951499	 0.7931992956516094	 0.3000521820165268
 0.3366935720972776	 0.8984152879801134	 0.2819351145777781
-0.7297120359812042	-0.4381484109172524	 0.5249250561316847
 0.25288795346274784	 0.8026237822594163	-0.5402247191169726
 0.042995414928040036	-0.9583151804009445	-0.28245957110402675
-0.3948490144717338	 0.6390170861000115	-0.6601147017321694
-0.5890894069871636	 0.7370999972801205	 0.3311453828534506
-0.7157139253747253	-0.4168988348293601	 0.5603114656533669
 0.32529090056502896	-0.20060426416038982	-0.9240907743345677
-0.9290844107673879	 0.24286035178232382	 0.2789641683105227
 0.9841969271485635	-0.17623991951087312	-0.017201725556630725
-0.48173140663971276	 0.8761948084428335	 0.014748203780459213
 0.7148249214313529	 0.4541780110253105	-0.5317402241713084
-0.8484369413653194	-0.42412920604320603	 0.316653080054215
-0.4084358896876651	 0.5756495171552606	-0.7083839053888512
-0.9696960645296209	 0.24430327455160286	 0.0023350544169099168
-0.24870951826969148	 0.3630230746675276	 0.8979742884854737
 0.5656524399869326	 0.8237166086766313	-0.03909303936890678
-0.09418590549548038	 0.9940779148695633	-0.05420437597258582
-0.01181094183710591	-0.8459211548703184	 0.533177176364281
 0.5621426816709775	 0.727232214286298	 0.393864078011704
-0.03867480583589925	 0.6901223996951571	-0.7226585174427499
-0.8970099526622342	 0.4165923293017386	-0.14772940124378808
-0.4001485203929747	 0.3114021890741021	 0.8619221764563031
-0.9357089336975103	 0.04104254460857865	-0.35037736931874025
 0.5482079183760488	 0.3256129827916826	-0.7703533368963249
 0.7501883775762509	 0.6114862182319274	 0.25159889320489487
-0.7699009842625278	-0.5580304426002841	-0.30960377834083674
 0.5129647519370434	-0.7873341113209733	 0.34201193023136034
 0.8689647554234681	 0.4051254812652481	 0.28420696378068155
-0.6132814797277152	 0.5180747213868404	-0.5962251333874913
 0.36876782911298045	-0.6934176824403377	 0.619017128915162
 0.1341395434201865	-0.40026717877899615	-0.9065278641516361
 0.7189042028738376	-0.5828454574900238	 0.3787715931449679
 0.42122990344364314	-0.30464571058662876	 0.8542577827951158
 0.7876619652575384	 0.011020141213612188	-0.6160090786459763
-0.9509087469768248	 0.23532315564776238	-0.20098648546343686
-0.4047435081841598	 0.9116614749930949	-0.07110589002462313
-0.12700048268118377	 0.6095913013169033	-0.7824764039621326
-0.47910437342569007	-0.7535173750237445	 0.4501894766669947
-0.17833080689308145	 0.8300825720194366	-0.5283569313848919
 0.2220080081219032	 0.7286671881146167	 0.6478862348397928
-0.2929359357110764	-0.9270651290677917	 0.23396321085930305
-0.7665179582094337	-0.16199917510554535	 0.6214551367617484
 0.1358746907481494	 0.6831782776035845	 0.717499483919462
-0.38689981288718905	-0.7590203896584538	 0.5236378355987917
-0.9832925241213595	 0.1790786458045834	-0.03265961763159707
 0.4531496172810044	-0.5039301195894337	 0.735329762031062
 0.8257722909733212	-0.5635694354915445	 0.02212724204266112
 0.9597382228850283	 0.07365873201134532	-0.2710662921352799
-0.7940399023618071	 0.5928362396200713	-0.13433475518414817
 0.19294041393995823	-0.6132520826860689	 0.7659607560116095
-0.3294712051970907	 0.9084929311132255	-0.25707842978997025
-0.4499541546054196	-0.31556228364551564	-0.8354410235879903
-0.5046897771928411	 0.8442101400781867	-0.1805476895067031
-0.5027303558301597	-0.7191034571171487	 0.4797420216001993
-0.8814470394304134	-0.1807964845845294	-0.4363069422336015
-5.8317768895831334E-5	 0.8408818152250251	 0.5412187814764974
 0.6997051886284573	 0.683020792406317	 0.20951192363935156
-0.6132177843485189	 0.700631234814347	-0.36480107149132224
 0.4962959673792558	 0.8653606364254738	 0.06957931940158261
 0.055977086503256106	-0.9849793925827851	-0.16334675379037836
 0.4024048703001403	 0.4563742812672154	-0.7935948813825351
 0.6960594466293495	-0.07282157287817079	 0.7142816428283684
-0.2972524088096654	 0.5189311003916441	-0.8014683515293469
-0.2605774921020738	 0.33344839510504576	-0.9060416869061063
 0.16682472556439157	-0.9222665510983191	 0.3487031970968675
 0.8006979621678703	 0.5646863978161386	-0.20003011148737954
 0.2690707244645731	 0.4071923380082365	-0.8728088823468149
-0.09803289823996907	 0.6379048011237524	-0.7638501263768552
-0.3913900454696489	-0.8786832636598878	 0.27336706910539527
 0.1350827140459222	-0.8346761752668064	-0.5339179176689643
 0.38157574830284263	 0.8806746628807085	 0.28073490425502123
 0.4365678664825017	 0.11880381419393593	 0.8917926618266654
 0.10722191623959755	-0.9729813432572252	 0.20447681128009157
-0.2720345357954688	 0.6463494269440463	-0.712902258113724
-0.7936357851159992	 0.5004476651702999	-0.3459687486015279
 0.5303675032335238	-0.5341909908997475	 0.6582934731222724
 0.486203192297898	 0.18988080579245908	-0.8529664327457087
-0.8214431207201174	-0.006130962448049063	 0.5702574951029186
 0.6503508586289255	-0.6102662037578628	-0.45234823005245167
-0.006451235961835569	 0.8131273899042026	-0.5820500230582792
 0.9524393290080672	 0.05347589702874926	 0.29999942165883203
 0.21159544905717548	-0.9121256874795567	 0.3510756274340878
 0.051121863065081416	 0.9963723046295153	-0.06803517975300025
 0.41718528792877496	-0.7440892459385546	 0.5218118718603266
 0.522351476399338	 0.1787198513089703	 0.8337914306656858
-0.19294900711252855	 0.5720058034182954	 0.7972327398633852
 0.30249369406921384	-0.770085498819159	 0.5616635020693513
 0.7991090901331784	 0.25462518269036344	 0.5446013940547921
 0.8841379075351612	-0.03533900363539477	 0.4658876638004103
-0.42178286055834247	 0.2291769153170251	 0.8772554702166268
-0.9414916855817587	 0.04674248902552025	 0.3337791870385538
 0.9070226633281427	 0.22307915885008073	-0.3571352364243314
 0.8165299647413101	-0.06826024593304836	 0.5732533083242646
-0.7590849554588845	-0.6413828100224533	-0.11143662505516165
-0.3884957107774118	 0.20227029421718032	 0.8989759789810009
 0.1616904818055299	-0.08159160559203786	-0.98346275882232
 0.47137435676578004	 0.8812345394500304	 0.035098465264736985
-0.7015951546278629	-0.7073581469189953	-0.08607375320055653
-0.6076498262402672	-0.7888245666046954	-0.09229025837588543
-0.7183081556485799	-0.3357543775407027	 0.6093458718092633
 0.6201541230026504	-0.5481861763625241	 0.5611602086462023
-0.3267021185967765	 0.6743180715029783	-0.6622392801313449
 0.18717372106567862	-0.8940962205711389	-0.40688812529101004
 0.5927755529093707	-0.19412634485668065	-0.7816214595989385
-0.3087789781648671	 0.3703637569027629	-0.8760629145308751
-0.5202493961554718	-0.7513639526916418	-0.40594676546988145
 0.6286376251821837	-0.7521237177906243	-0.19779951805328982
-0.9330836456625495	 0.09235587648238705	 0.3475993415935305
 0.5681935836918041	 0.7004200616580725	 0.43193493570023583
-0.9001463035295781	 0.38390867027647996	 0.20579301525703353
-0.7202995622620886	 0.6619586490963237	-0.2073144652252075
-0.05994476033545759	 0.9199363142186835	-0.38745813127364875
-0.43948918393919456	-0.4496999215733573	 0.777572657529428
-0.5305265844061003	 0.4558770237991901	-0.7146451443971261
-0.3319285689032657	-0.5034677688801982	-0.7977114959962814
-0.14713733607023152	 0.5747678495415757	 0.8049798279879492
-0.09711513071580365	-0.4610278459621856	-0.8820555405605247
 0.5070929763563976	 0.7879576922201088	-0.3492554775535673
-0.17847860978373686	-0.6178649787844328	 0.7657599191922865
-0.9385914800845806	 0.15573092589507254	-0.3078862001332634
 0.32243953172689127	 0.01980891703645469	-0.9463827741382372
-0.07092153246911616	 0.9560840958853412	 0.2843823796006737
-0.7403028990368198	-0.09206746051828084	-0.665939336870405
-0.7148953748647303	 0.5552896533610192	 0.4249447068351549
-0.7369939357732372	-0.25325088231096465	-0.6266609364259044
-0.9167154069159249	-0.3838587571661305	-0.11083915043811925
 0.35221662502770607	 0.9349721916012584	-0.04207671549006309
-0.8158539555018468	-0.24064456519847283	 0.5258065390734775
-0.06636257907272207	-0.8510434415323667	-0.520884890089511
-0.7704809348032692	 0.3579410705304852	 0.5274820557442411
-0.41707675895142055	 0.8259815525740816	 0.37921161895423017
-0.5646427591425769	 0.8128076962510102	 0.14325572750498786
 0.2738328174011266	-0.8240562215439114	 0.4959303699602732
-0.0020313351788188642	-0.22672407342692327	-0.9739569129104708
 0.5084302195359567	-0.07444449658278732	 0.8578792040789625
-0.6284738953735775	 0.7667296765104059	 0.1309433694091083
-0.5883852075905074	 0.30313751176284176	-0.7496068946127087
-0.4065173028597924	 0.8856633644755743	-0.2243748811730174
-0.761440515658009	-0.609967410839218	 0.21942675048536378
 0.7270006409558558	 0.6169660275360457	-0.3013685267511623
 0.8960515628322913	-0.11288630432040646	 0.4293579847198479
-0.8097225819955095	-0.2417027769671899	-0.534723393740048
 0.5787843065568633	 0.12732003436864428	-0.8054801892857812
 0.4484006428015261	-0.8666926375295052	-0.2185880499646031
-0.6690988979076521	-0.5934334135414709	 0.44737394706362027
-0.2984670789314691	 0.7039347739077474	-0.6445100750783997
-0.8390432870889295	 0.3992241334443373	 0.36963015795064974
 0.4964739068727098	-0.22426723365847226	-0.8385808653324521
 0.8178360641685676	 0.5754404506589754	-0.0035298570313728635
-0.8742685126042653	-0.37673180114163807	-0.306149829131592
 0.558706972090345	-0.573310324011239	 0.5993010860325269
 0.25753343827110986	-0.9350308372889466	-0.24370855850993717
-0.5198432139421519	 0.7621375847585301	 0.38588772307075053
-0.48571917976105855	-0.7580240855514003	-0.43528882840730915
-0.8470921076961816	 0.028295145824233158	-0.5306923268727618
-0.9712062386099456	 0.12583602847407976	 0.20229615918991678
 0.21821352764680652	-0.9758898419923259	-0.004676820301172205
 0.6907539707021656	-0.4439030095724832	-0.5707968728467979
 0.7166464089749045	-0.2662279571215583	 0.6446243862516029
-0.34371006637235435	 0.8637406885338506	-0.36853142775804265
 0.4867443690509211	 0.5981846426384777	-0.6365964597048099
 0.28941885757314156	-0.9349759257839263	 0.20507740754541257
-0.8666247483028446	 0.026544087538585972	 0.4982539082092332
-0.7058126126709391	 0.2366566937566311	 0.6676991576262494
 0.06559776770918904	 0.20091913015460058	-0.977409042320302
-0.8621959571686234	 0.36823525069276253	 0.3478806283616839
-0.7557007277733481	-0.20536553892318213	 0.6218853636045981
 0.6867638441956234	-0.7055842542534042	 0.17466047765684353
 0.5254236432331414	-0.24588376410977267	-0.8145373961205356
 0.053917388432269356	-0.2946065175782898	 0.9540963866533804
 0.5080653468753685	-0.2942268450473103	 0.8095061253368734
-0.38072281781661715	 0.14275105073465635	-0.9136040025678122
-0.18477874076524037	 0.9182756646240087	 0.3501808400249034
-0.0811928096068764	 0.47849560245121686	 0.8743281341138399
 0.2725762487467177	 0.22022752790591213	-0.9365906387379804
 0.9310051884931042	-0.29144041112635627	 0.21975401193475375
-0.7286012063631668	 0.44462381956506397	-0.521008580698544
 0.9145802236288497	 0.3949551684982157	-0.0869104678594525
 0.7593704948299237	 0.6290892902994477	 0.16614185629242836
-0.4736041647595998	 0.7309899195776736	 0.4912767372858072
 0.4934230092154028	 0.2136328895208376	 0.8431457302814229
 0.2534107686589475	 0.15870673878608493	 0.9542510955673915
-0.8934172640887771	-0.27161094650124035	-0.3578171124594581
-0.9280986087670134	 0.3633265379728959	-0.08140515468545968
-0.2861953151944502	 0.4963687116010503	 0.8195793699845443
-0.2706504498099722	 0.1832972148365504	-0.9450663812933054
-0.9514148738108205	-0.304419303536544	 0.04624527571402325
 0.8962062967435909	-0.4334812941562166	 0.09438347998347085
 0.2993116316911721	 0.6499421573514067	 0.6985611921884634
-0.26069829687452867	-0.9532226620328429	 0.15298024249471082
-0.4632816659860885	 0.4020966685645007	 0.789739429869425
-0.9449146681036134	 0.15743457546049533	 0.28696798506490584
 0.044784585717233184	 0.438980686314101	 0.8973796843729731
 0.40415485031696524	 0.6122546167125934	-0.6795609915816141
-0.6910694506173853	-0.7054807867084051	 0.1572255513861376
 0.8749888027364539	 0.37007757327746815	-0.3121492989626714
 0.4033482887665142	 0.7058080417333211	 0.5823617142066425
-0.8265371973815417	 0.5549289067409695	 0.09428769701259393
-0.16523504564321764	 0.0567518312658699	-0.9846200329768099
 0.4730513643663765	 0.5840914138997523	 0.6595904993855641
 0.28499544020465983	 0.8306572795317818	 0.47831588205223896
 0.26008189123137054	-0.5035732560416868	 0.823875831453434
-0.4641753631295822	-0.2543144914688399	 0.8484488032241344
 0.5705405608840439	-0.03593577329100878	-0.8204828386895718
-0.7709373537623051	 0.45022078734956766	 0.45050731316185094
-0.9021489843640792	 0.30611483043952326	 0.3040080929775432
 0.4756718671965601	 0.1273217435484811	 0.8703593788645659
-0.9932370384292079	-0.11526309380996559	-0.013950078771514593
 0.8252117022532014	-0.5561594740153996	-0.09855093062618922
-0.09608048462206882	-0.963306381492641	 0.2506179479812706
 0.8078834741116367	-0.37475794850194305	 0.45484148039941014
-0.46338009063704366	 0.8665635929565527	-0.18532790120064252
 0.12756356499947416	-0.9871250172547682	-0.09649734293957797
-0.7762714002067053	 0.5424838750762451	 0.3211136224195137
 0.0045948243253161975	-0.993987325073559	-0.10939874397144608
-0.13825367634678368	-0.6072787688071163	 0.7823671886861769
 0.03432842611901393	-0.1959086992058709	-0.9800210919850935
 0.9983312888831823	 0.053928650536063175	-0.020647960872767677
 0.4407259089339243	-0.3377160101410155	 0.8316901885250298
 0.37175696092031335	 0.34243050912323747	 0.8628662169936271
 0.5020090763049024	 0.5195824973632477	 0.691390566714118
 0.03534088187563752	-0.43987199146357286	 0.8973648383985873
 0.5537751958201139	-0.6081280881335768	 0.5687822614299735
 0.8319416378491353	 0.47388072830414374	 0.288635005768241
-0.5488518277400093	 0.3277087165642761	 0.7690049858578591
 0.9550283278609811	-0.251616762563441	 0.15687542121107126
-0.38637302452527833	-0.35561018171332986	-0.8510330690290484
-0.827328978816099	-0.5617176865367127	 3.798623681079012E-5
 0.9459105761861976	-0.2899283038647845	 0.14558420407854983
 0.49073130836469153	 0.8401529435321821	 0.23092382827436495
 0.29672344419581054	 0.2550653082804706	-0.9202700072132983
-0.36512777166937654	-0.18284824713276326	 0.912824314354209
 0.3544952282456344	 0.1350895972564337	-0.9252480391031208
-0.9675636916327267	 0.23866371993318775	 0.08282591032824595
 0.5074954501851654	 0.6780907142675097	 0.5316402460927265
 0.33279816270343904	-0.15677017118415373	-0.9298755273304631
 0.5011290429799927	-0.5679787820177956	-0.6528933951722423
 0.783312753937566	 0.36562266195761	 0.5027337253276105
-0.4431686302309322	 0.1740326085204794	-0.8793828610740583
 0.22270554178393026	 0.4787712288503373	-0.8492233817340782
-0.5867278008311755	-0.47951142070723296	 0.6525483010039513
 0.3067637944803268	-0.8530466450132872	-0.4221461782695732
 0.007076806216072968	 0.31904552043469037	-0.9477129706321096
 0.3539580466483853	-0.9191627184571964	-0.17278193832468725
 0.9051193861964396	-0.3889541906882857	-0.17167857838822229
 0.8242856288032245	 0.3234862401481774	-0.4646610103971158
-0.09724706793776783	-0.5960686399769207	 0.7970226999361885
-0.8346599244483557	-0.5149633432255005	 0.19533449683525086
 0.025097342298416044	 0.9661017789303407	-0.2569386622468243
-0.459065654820906	-0.7826251174723847	 0.4204243690191957
-0.049279637514927574	 0.6941456701845147	 0.7181457413996747
 0.8058462779059434	-0.29997939405832924	 0.5105136036635404
 0.0418841921547253	 0.15448452445184827	 0.9871070084608015
-0.7535845981949347	 0.4759490627192247	-0.4534123322761199
-0.3547651048913441	-0.9321617619450635	 0.0722230566987352
 0.39288253237219684	-0.7968378063061845	-0.4590128823878012
 0.770611979078771	-0.6168936272373559	 0.15999821990959248
-0.7414118362436765	 0.3884847645585996	 0.5471636654453853
 0.5669256493352413	 0.713022008035713	-0.41254687513364424
 0.006765025545084837	-0.0350893215099625	-0.9993612829929649
-0.0463710297056744	-0.8309421733012867	 0.5544229723174986
-0.87950360484023	 0.4674074173136752	-0.08946348592135359
 0.6963548520132467	-0.6946969351920225	-0.18023897556416685
 0.10756003677500744	 0.25136161577123434	 0.9618982153044227
-0.5972879745698383	 0.7859668879653403	 0.15969698324119422
-0.5479430331220196	-0.8068307210751293	 0.22086787901917324
 0.3374145801692066	 0.9374936325126861	-0.08518855608241194
 0.4288042023977262	-0.8308703270764521	 0.3546568138213604
-0.30029743951069676	 0.6150147687879353	-0.7290941516676993
 0.8880841121345561	 0.2180717816281064	-0.40466196736501014
-0.6297007116028358	-0.5149923945459026	 0.5816011067447857
 0.4712113435203726	 0.4673497441512208	 0.7480267952282952
 0.1888945098670888	-0.05834763857811046	 0.9802624226269365
 0.5337234070189139	-0.31705967854264316	 0.7839722476226813
 0.5778295790678508	-0.44787554809321656	 0.6822906059550222
-0.718570012268344	-0.22467237185908373	-0.6581637051614784
 0.6682469687165624	 0.7070018573709131	 0.23150456253647486
 0.3859631248199736	 0.8992941592976571	 0.20567567024886924
 0.9509496871924195	 0.2755205614753815	 0.14065245334842194
-0.960292384458309	-0.12396049011230932	-0.2499446603600311
-0.23693564219269947	 0.7779162563693899	 0.5819860819082935
 0.36179166913645233	-0.7457486459714463	-0.5594334144250004
 0.2117598473311641	-0.09575321373109348	 0.972619704261871
-0.4555233908696605	-0.4095693652518645	 0.7904121554086775
-0.14995901355823335	 0.9206533575688521	-0.3604298675884688
-0.4432725411191134	 0.6619190027283739	-0.6044606588661324
-0.7392827449024403	 0.6433591477171932	 0.19887189378622624
 0.21917073675842685	-0.9401711655075082	-0.2608493199090654
 0.993505149040885	-0.025295685261351904	-0.11093983566062961
-0.1681927388287803	 0.6621841279598856	 0.7302214618068135
 0.43101859291867567	-0.574832671652168	-0.6955504095028882
-0.5127513046889226	-0.5670199574553869	-0.6446506553064991
-0.421555231623989	-0.6655857048423756	-0.6158626926514732
 0.7626533994105972	-0.14868395569687157	-0.6294861981694205
 0.4360147323679717	-0.0876098058953267	-0.8956649345983514
-0.016716435944903914	 0.7431421000374937	-0.6689247939201861
 0.6629196835952987	-0.05039416614281551	-0.7469925843813173
 0.8897994253135956	 0.4528609705165921	-0.05633759042029799
-0.4225363631177465	-0.8662120392975313	-0.2667203119734974
-0.7190831882897287	 0.18983348002427003	-0.6684927959080439
 0.5928758345965713	 0.19414693439260783	 0.781540282146334
 0.5295195413705671	 0.006335832937425713	 0.8482740786607199
-0.410355408565771	-0.5836425860850895	-0.7006923507279982
 0.06396435976820049	-0.5607881055747906	 0.8254848643829161
 0.05570166134353339	-0.48173297013024236	-0.8745459795877316
-0.14000958219993415	-0.18260992424508563	-0.9731654188571458
 0.21563249907882706	 0.8950233227818625	 0.39043037409701287
 0.6251812406639569	-0.16803831531154517	-0.7621755315602393
 0.4906770227541766	 0.26460398986417344	-0.8301932232252065
-0.396297890051353	 0.7443624314723624	 0.5374686529960592
 0.6673724679921231	 0.12574350864061226	-0.734031715255445
 0.348968994413806	 0.8351625606334526	 0.4251166172404831
 0.2780030036321397	-0.5953895772825677	 0.7538073900107336
 0.42781901684231555	 0.23643977849414963	-0.8723916092980905
-0.2615889159846186	 0.9157336864067283	 0.3049640218352584
-0.5474789203344747	 0.2884466139302345	 0.7855350932336378
 0.5763582795250529	 0.6136528873750159	 0.5396677380011029
-0.38455165094915394	 0.6935792603508923	 0.6091533775358955
 0.6616775406264395	-0.0032037437283099143	-0.7497816803954801
 0.044034950124913604	 0.7946512572845804	 0.6054670118706154
-0.6725176310457328	 0.4827086608746296	-0.5609923213817257
-0.4151781380340995	-0.5901188401802879	 0.6923776918437003
-0.07904941085278831	-0.689440251897628	 0.7200162010032568
 0.6215801974491445	-0.47363904094588954	 0.6239423988085283
 0.8337184685322696	 0.40796019805465383	-0.37213168641142924
-0.4165885185145281	 0.8818718015990109	 0.22080790698339
 0.3498615924621956	 0.05033890831625609	-0.9354479464028685
-0.0717760622048579	 0.10902058556580202	 0.9914447583285989
-0.42899185224209296	 0.7188689467872998	-0.5469857658612486
 0.7827116821205446	-0.14656083487415725	 0.6048820912814477
 0.3405689918307231	 0.37510554599624907	 0.8621534614941012
-0.657093499918111	-0.4362896545631526	 0.6147190168577286
 0.09676274769542144	 0.9888437774448494	 0.11324731549592482
 0.5909887277852386	 0.23792126182656706	 0.770795560963891
 0.4028203032949877	-0.7282740980040333	-0.5543939406502798
-0.3837737587983407	-0.7321761338208723	 0.5627040173314147
 0.4984394867895847	 0.7551098464878386	-0.42587227867759647
-0.03896700508423658	 0.7959289074885277	-0.6041347090996209
-0.8710575008042295	-0.30529214316771325	 0.3847798560381693
 0.69998337526768	-0.5526296220239681	 0.4523535953328019
 0.9550564102906113	-0.2912487884321678	-0.05514885673888487
 0.053500814507626546	 0.9351773976516267	 0.35011554916706017
 0.9150974282547436	-0.3901876774090464	 0.10173629244123464
-0.10725309923179561	 0.38031553098374155	 0.9186168241425416
-0.002276539996117188	 0.693227881863983	 0.7207148681496879
 0.8049783720135061	 0.09497268637667157	 0.5856534892177147
 0.863439817616394	-0.48968515244412714	-0.12116159800175903
-0.7750114774319924	-0.029773209697918378	-0.6312454085638673
-0.1515117269322214	 0.14528483803765802	 0.9777200583185289
 0.3799813036993442	 0.16914968185150006	-0.9093968297550212
-0.5027934379060146	 0.5583654423784724	 0.6598687684351666
-0.7289989369979085	 0.5179159477031404	 0.4475752684975764
-0.93693974085648	 0.3473190216957243	 0.03890268849471492
-0.3443118420413751	-0.7044774291970617	 0.6206133314568533
-0.33176497337260874	 0.9422069416958252	-0.04666992032639231
 0.3847200511229256	 0.8675014019139927	-0.3153280830202584
 0.9386663481001555	-0.1480180814355492	-0.3114420243198674
-0.6199899577462301	-0.6779290413786855	-0.39499957866965396
-0.09864913994569814	 0.6374446412344075	 0.7641548773314945
-0.01004925182667712	-0.9746129873716847	-0.22367060017839788
-0.9773918930570592	-0.19662806803917945	 0.07773345641046835
 0.36009276674538937	-0.37775978148314093	-0.8530127471682122
 0.0694741418815694	-0.025317962074399358	 0.9972624250447916
-0.18937419492791632	-0.9099418327525466	-0.3689759820128405
 0.6762721557252531	 0.7218558878403516	 0.14690149277981157
-0.5246644568257467	-0.5284342076075633	-0.6674462495017189
 0.33802057332001995	-0.31607571427854414	 0.8864751744159073
 0.28144536211932203	 0.8726023911529586	 0.399191151073847
 0.3786148326900078	 0.9221353223818544	-0.07948116558550755
-0.36907225062899257	-0.16310259245887115	-0.9149771681024864
-0.3379663075274419	 0.06803597055112391	-0.9386958408810775
-0.7129819117553131	 0.6403040150662984	 0.2857753694770008
-0.7415304014139501	-0.5988336919396609	 0.30254069672819445
-0.40397087893136363	-0.3606576333883985	 0.8406744913782629
-0.299015431209385	 0.911641219645005	 0.2819575474124313
-0.37153197186894465	 0.8214180144575141	-0.4327082613076032
 0.36275141975274644	-0.19704960345163391	 0.9108143945101662
 0.359893322489908	-0.9305898363438905	 0.06692796814954187
 0.8408344973216438	-0.4408044814960836	 0.31414766783604736
-0.17479819284326892	-0.48571776675003603	-0.8564600649429518
 0.976280297535685	 0.09731145213833894	 0.19340957041046927
 0.36246017948200177	-0.930628469148796	-0.05052989906622997
-0.7691613201499524	 0.6174385346244322	-0.16480448885275004
-0.08285129935816683	 0.8020677921788048	-0.5914582985672626
-0.7104121103442238	 0.6049390454360115	-0.35967121761858234
-0.5381485917942603	 0.12832954307379876	 0.8330231818649013
 0.9774495115923929	-0.17544492330567993	 0.11752247093239976
-0.7318932483170264	-0.29312166077764223	 0.6151519853263162
 0.33431636412401744	 0.7790440477584085	-0.5303988502354545
-0.6366076607394541	 0.6973877534977085	-0.32921270868430874
 0.5510184297032391	-0.7320485533142974	-0.4006040510501869
-0.8227697148830541	-0.45708962281160337	 0.3378151461808721
-0.5262272556104104	-0.7944150100164898	 0.30329798435406097
-0.45169113671821903	 0.43062531598296355	-0.7813686417081096
 0.9722459408720074	-0.214088352224636	 0.09436105075530422
 0.5922107988759095	-0.5078984195968819	 0.6255602009924756
-0.6857472417957651	 0.344131091601335	-0.6413458600184258
 0.6070179924427983	 0.7626637300706669	-0.22332306572634186
-0.1281080816889115	 0.9481149254735303	-0.29097492589621765
-0.7182834284417234	 0.6956696926476961	 0.010611086535484692
 0.9057314784300968	-0.2943224783769357	 0.3049996191848262
-0.7763463550924699	-0.4532802638313588	-0.4379764141544732
 0.9360038655605231	 0.3098751836423912	 0.16695548573902178
-0.9436106625356475	 0.3310514547194188	-0.0019626199818208435
 0.42824101192981145	-0.6595390817411697	-0.6177522443159117
 0.8293043538282829	-0.29928528964090945	 0.47189257689225333
 0.44092158633851125	 0.8894625678109469	 0.12018525352091791
-0.6643007153454801	 0.5705710795067099	 0.4828594027478712
-0.28612587338400874	 0.6727899247184101	 0.682265125722863
 0.163508728099202	 0.2694019853654908	-0.9490455553431105
-0.06288404450229379	 0.309901968829624	 0.9486866535703748
 0.35646337476344564	 0.8790763705195364	 0.3164784309340116
-0.7837372282574032	-0.11278419228800503	 0.6107664717495105
-0.7859775832921331	 0.5565566548887737	-0.2692283946044256
-0.29236575353683364	 0.3554526546450497	 0.887792586398775
-0.5798447021704899	 0.8093062016687961	-0.09382746562303446
-0.16444634736555203	-0.9861082905728207	 0.023405941589211526
-0.05191513216608224	-0.9766577163264977	-0.20843350064730198
-0.3589723171423337	 0.9297586774582185	-0.08177821969575988
 0.7398593755818699	-0.22712583143018014	 0.6332629478034816
-0.6923192911027799	-0.7201227162155932	 0.046013832237929486
 0.14477227951195326	 0.9210901443244817	 0.3614331654859837
 0.8771269381775878	 0.4798176072481526	-0.0205766396155405
-0.7687456719999348	 0.5899941915722564	-0.24685409798577
 0.6998272010319956	 0.6863321865768468	-0.19796468969078085
 0.9656756662984582	-0.24940852824004764	 0.07256647683443303
 0.24660099730148105	 0.11581933517871239	 0.9621714139012219
-0.8272066054634272	 0.1263929008154973	 0.5474980059334623
-0.19243256555934657	-0.012670496906232533	 0.981228396562389
 0.3582431622113883	-0.22535757549456076	-0.9060219643562722
-0.5177795614092423	 0.7336514039502784	-0.4400681120788444
-0.48526819503634	-0.8663420173837671	 0.11817904975754782
 0.7401516475137124	-0.6557034561678822	 0.14909230782381544
-0.9002731547757327	 0.009755756239762079	 0.4352161210368246
 0.7094395998333977	 0.7046560836254241	-0.012460256735234553
 0.5565574006716449	-0.507594155712401	-0.6577172894521145
 0.19946221903229658	-0.47225318381978326	 0.8585987150880149
 0.0787884054209914	 0.907953003825418	-0.41159899175729037
-0.8226456869860674	 0.43289277170228146	-0.36858909627271624
 0.878218272661722	-0.4019011463202702	-0.2592453165430649
-0.3701900265305582	 0.8972328311729139	-0.2406919004095115
 0.9509028836023011	 0.17382204586616715	 0.2560656211359275
 0.7606896998219799	 0.13108104700647152	 0.6357428251269794
-0.38137672839116654	 0.06651195842638573	-0.9220238339804114
-0.017805412960937562	 0.5689454224624045	-0.8221825062164522
 0.42940480123964586	-0.714826234719464	 0.5519374700354507
 0.3439193949053308	 0.9158044270595054	 0.2074167331392581
-0.301623746617687	 0.027228338307957182	 0.9530381592933712
-0.9164362075211003	 0.38064894097266505	 0.12349518727760796
-0.134273305113911	-0.868163920395202	 0.47776781689207565
 0.04665644551955676	 0.5265165289883241	-0.8488836909692445
 0.8459307753555361	-0.223832135465568	 0.48404576068725663
-0.4537898251243651	-0.7185563498672688	 0.527021410076503
-0.013131356104636078	-0.17807585620326094	 0.9839291422273907
-0.08934840607730683	-0.5589554873140371	 0.8243698354094308
 0.9514570854085245	-0.17910111814905347	 0.2503042231039549
 0.7529933526037847	-0.6525968753296097	-0.08437019168250086
-0.03199935020893608	-0.9909383516759352	-0.1304500853352968
 0.2688898952959378	 0.39703463318053206	 0.8775316086973391
 0.43750763709608703	-0.13331144581463816	-0.8892778676529679
 0.3713153364040847	-0.9141642419951461	 0.16256893801880287
 0.6290997636897062	-0.6886996564664771	-0.36045286863681925
 0.6512239760589661	-0.44703764943240326	 0.6132411214162851
-0.17594183503045935	-0.6533437099069116	-0.7363331225818842
 0.567260729812048	 0.35692230499909655	-0.7421736539430879
-0.042282899476924554	 0.9477902283530154	-0.3160788500522667
-0.753476869923254	-0.6569669551271057	-0.025826853499321872
 0.8185872097813417	 0.21338575258703718	 0.5332743201910826
 0.4747144315881115	 0.8798580838322753	-0.022270176401931605
 0.21702787268954446	-0.9006843849031065	-0.3763861597715353
 0.9235713400699672	 0.1860774744369424	-0.3352478982910016
-0.23890973264799586	-0.0756971101772694	 0.9680868179852846
-0.49253222145649594	-0.12238933237631847	 0.8616454387667868
-0.7953621900783877	 0.563612940058684	-0.22302340772241194
-0.30970416313292815	-0.2799341196022523	-0.9086914878112619
 0.8359659939308758	-0.027335076006595294	-0.5481000370469579
-0.43588408206889734	-0.8923581802299672	-0.11705530819068488
 0.7031973717749309	 0.6908987365487905	 0.1678463349737324
-0.20340428108732364	-0.4166286509247797	-0.8860289304892629
-0.9127938315043013	-0.2502946295454337	-0.32273831441031486
-0.2068665636130939	 0.8024935864801884	 0.5596519172816923
 0.5837633248338696	-0.8003316096896899	-0.1367102597116108
-0.8698318538552232	 0.22083579229828174	-0.44116221377037235
-0.6966836572602084	-0.6670813610666575	 0.26388319276527644
-0.2113649996202645	 0.5160135526467751	-0.8300932781443175
 0.6402811285112404	 0.5441200491152732	 0.5421931838590054
-0.06804412117286301	 0.9423590117973599	 0.32761179841103993
 0.28355474686451254	 0.5142195802043965	 0.8094287670110424
 0.14224773936862933	-0.7964661745013015	 0.5877135471637324
-0.213772910929539	 0.7607134055873286	 0.6128754009686144
 0.9066405990048965	 0.38447146057142617	 0.17373692826257928
-0.19754405617417092	-0.5929894800975383	-0.7806022177549249
 0.48458617594523884	-0.3934008381250978	 0.7812886909748795
-0.25607584540264283	 0.7047620193313112	-0.6616159441166564
 0.39880534771940757	 0.4981462475870357	 0.769938056369055
 0.34498090297720074	 0.21857344419486024	 0.9128054700065242
-0.34994558051562247	-0.20250139642720652	-0.9146208368075895
-0.9040162780378139	 0.2916667275673405	-0.3125461391103989
-0.03315482787691519	-0.9149417244047022	 0.40222182726923467
-0.8870142573998466	-0.458050007437229	 0.05827433273880509
-0.4943170045994958	 0.46743456741945055	 0.7329090149160213
 0.9848657417575951	 0.1692350062501286	-0.03740298613454552
-0.35013080858380125	 0.33165324892135095	-0.8760219970756249
 0.01842389726635988	-0.9966664489575273	 0.07947672320819024
-0.5695327354399352	-0.16003322838074005	-0.8062393125346484
 0.1942279060601118	 0.06340437218924716	 0.9789052079209672
 0.6624995635449348	 0.6663249940217486	-0.34220656137001154
 0.7331390428681772	-0.22196367237648063	-0.6428368937510349
-0.4912512890404451	-0.635377073009227	-0.5957920326005783
 0.8507641233973214	 0.4924125493957807	-0.1836580723451465
 0.41827620970018015	-0.5210023440294478	-0.7440440644979784
-0.4850806021202969	 0.8463886409322366	-0.21982510763671076
 0.364189519668591	 0.35623158555413464	-0.8605027897788294
-0.736447857414607	-0.39234882856844744	-0.5510961350167515
-0.6991446734592142	-0.7137570976631649	-0.04180348202081002
 0.3910826580981774	 0.670111563416825	-0.6308762534046772
-0.7305234977732926	-0.6386486305454915	 0.2417919475570733
 0.3239403408281179	 0.9033836094700577	-0.2809994834959895
 0.0748068352617446	 0.5536140235346008	-0.8294066857362272
-0.6185775946694076	-0.6054925117628208	-0.5007400299278663
-0.0864914500875007	-0.9935702500453901	-0.07305742458164215
-0.4740486691073956	 0.5319870093609951	-0.7016179025571193
 0.9270102347083936	 0.013236903557257944	-0.3748023600914286
-0.3371857052957663	-0.8442745191013385	 0.4165409182066032
 0.5225291687310677	-0.25281314056667414	 0.8142780752188007
-0.0628816820583061	-0.9847160418936701	-0.1624198599272324
 0.39623144644876884	 0.7881080333261343	 0.4710481595887294
 0.013829553908931497	 0.9098404312568591	 0.41472778191123416
-0.8092284337110621	-0.37480910798866646	-0.4524018950471819
 0.3361057553398537	 0.17526702391750404	-0.92537256905234
-0.41437850569399903	 0.2708705264784927	 0.8688611004666238
-0.03639049840669735	 0.3432846261569402	 0.9385261834759867
 0.6691516296296905	 0.3230863645993344	 0.6692169286366831
-0.07811750892390816	 0.8878970626144163	-0.4533612919076949
-0.8501646231259828	 0.4373530562854678	-0.2931593725993015
 0.12756123713933767	-0.5039167340661914	 0.8542810169420512
 0.06857401199595506	 0.49366175474491786	-0.8669461787106204
-0.606677691594635	-0.010417171032315027	 0.7948796519405239
-0.5569358847479862	-0.39467528773796523	 0.7307898723497285
 0.3798691542326247	 0.38312707917843414	 0.8419697541258785
-0.2818143883725669	-0.8944101034976536	-0.3472912571135535
 0.6232167035635093	 0.45385441409145644	 0.6368807668701686
 0.13380579236534032	 0.8025975197373766	-0.5813202484353135
-0.2629165698061877	 0.878258552132826	-0.39942057148687304
 0.817006830689262	 0.5112678140679151	-0.26665532228947386
 0.5119644314951877	 0.5629253349577973	-0.6488508982396967
-0.3864530638916645	-0.45973672888248013	-0.7995599849449584
 0.07634005699189444	-0.10317492025890934	 0.9917293640545501
 0.2508302002207737	-0.7625617474848926	-0.596308470449644
 0.6385790176062358	-0.13696258634132552	 0.7572701553710866
-0.8098888879219295	 0.2360917258171001	-0.5369736364303966
-0.6111477946743754	-0.3945401900475509	-0.6861752046685232
 0.6073985749650713	 0.6102326826886958	 0.5086089304258806
-0.16544191522516932	-0.8012139261697335	 0.5750523603971285
-0.2174560889990353	-0.660211934668711	-0.7189110172185713
-0.8461392518723351	 0.3935302309679055	-0.35941942595701776
 0.4352616279513566	-0.1800634487293291	-0.8821136376141314
-0.39909139457222237	-0.4651093282089476	 0.7901894529740449
 0.17378208066563702	 0.9753222692014084	 0.13618465273053776
 0.7012080716860533	 0.40522379003309345	 0.5866011593864625
-0.14841514440590983	-0.9723104099489401	 0.1805142975387175
-0.3962461095452375	 0.5441651306185675	-0.7395088446321254
-0.7024088991782385	 0.6338824873538628	-0.32375103178413966
 0.20333850649743943	-0.5743346971927428	 0.7929647579658954
 0.23757321717451402	 0.9667567288620345	 0.09455365503950512
-0.4417298938704193	 0.24799049589186137	-0.862192214537186
 0.22264668604971818	 0.412483617817999	-0.883337827913451
-0.2862358361633947	 0.2963406836243101	-0.9111812362669234
 0.8672956350487636	 0.21931541029114318	-0.4468769766212948
-0.8512697063447517	 0.3257624603793272	-0.411362013884762
-0.530227503553492	 0.8086648297839145	 0.25479401002767804
-0.6405441230978913	-0.7654062423467176	-0.062100809507051206
-0.3693199828768694	 0.4785901481891335	-0.7965891163605814
 0.644600938824213	-0.4177552297159432	-0.6402891516431641
 0.793566090315815	 0.21563593266593833	 0.5689938530811757
-0.2309657462018422	 0.9568101250885216	-0.17654803485033146
 0.7883008683715628	-0.12552205248821968	-0.6023503592293982
-0.5285765962500941	 0.8455583080786365	 0.07508614742985929
 0.6833913523067866	-0.16382915794805974	-0.7114325453606485
 4.8054830375018117E-4	-0.9632501159590208	-0.26860562759975953
-0.27396846312607953	-0.758415697631097	 0.5913940402126746
-0.9901407925280086	-0.10695864824718307	-0.09044920418192018
-0.543559094776605	 0.8205633723327473	-0.1766897350486066
-0.25702236383578275	-0.8715853005877467	 0.41746684693234465
 0.49945364271777853	 0.011366202890465932	-0.8662660493219126
 0.49283311730543117	-0.49136545866580833	 0.7181054967880075
-0.12950325967966908	-0.8968720255554045	-0.42290598897211906
-0.5119628865916647	-0.5188045026893261	 0.6846428928587598
 0.7482416021409768	 0.08949703073821896	 0.657361990317775
 0.2450855200760311	 0.5083061571503015	-0.8255652236208564
 0.4690655112914424	-0.22782674423884383	 0.8532716570509219
 0.6328368646899386	-0.7256559633112905	-0.27007577751470285
-0.7034864321119649	-0.1593037869803937	-0.6926248214495945
-0.7766958410361412	 0.6298573637126021	-0.0048240951661462405
-0.03810676311369473	-0.06485427578969337	 0.9971668854894806
-0.9847259242960881	-0.053777310629886936	-0.16559847487411106
-0.7753428031841912	 0.024803958556363363	-0.631053326740629
 0.5425454647596801	-0.4546401924859825	-0.7063616028954371
-0.015062130888084634	-0.9433429457186331	 0.3314773279969574
-0.6029197958816416	-0.058802109141758194	 0.7956318443190419
 0.15752174017265294	 0.5188541789556618	 0.8402245190145462
 0.44355632554525304	-0.6250611730693443	-0.6423054693757239
 0.7256002031849925	 0.4782333848574708	-0.4947698199624384
-0.19100190147250942	-0.4769525005496012	 0.8579245805158915
-0.7569371389238783	 0.6138189606125061	 0.2242151897403837
-0.570405108742201	 0.550080064525346	 0.6099589613511629
-0.37274581905598037	-0.42771370238330314	-0.8234813556904937
-0.8609669307012995	 0.5074364034385171	 0.0352737962823189
-0.7941440445126624	 0.11591248625977955	-0.5965731573697791
-0.4812257016321716	 0.3616719052366543	 0.7985081446366796
 0.7082578226428895	-0.41317189075475874	 0.572415797611571
-0.8765916592524922	 0.4790147320232199	-0.046173037951662
 0.1521875890807529	-0.15328232593191432	-0.9763930900445222
 0.022207671070393887	-0.1538382744295596	-0.9878464479189893
 0.3684700747776883	 0.6350818684862402	 0.6788967699977301
 0.13552424569711768	-0.9632012874714343	 0.2321130298832844
-0.5326606611475888	 0.6780149838184254	-0.5065257168037113
 0.5919819660892597	-0.3894831251355673	-0.7055921251401029
 0.7605695760213439	-0.41345837038164956	 0.500585752885621
 0.8408892879222671	-0.18577992875146063	 0.5083217716473344
-0.5544257366150791	-0.6993778676049214	-0.45109056838202655
 0.5878660296934567	 0.8006497830926217	 0.1156436594292571
-0.6533540096594567	-0.5769620352585684	-0.49014625157416186
 0.939076447575789	-0.3112247773625047	-0.14585802536746334
-0.1842923036328474	 0.029496107489816768	 0.9824287895133406
 0.6950195633686229	 0.6430436219155806	-0.3216251029515274
-0.5059958066149304	-0.7130214376143161	-0.48535417294025596
 0.06872336091421818	 0.22954870237645933	 0.9708679070305793
-0.8582384918945198	-0.0866024719857159	-0.5058919873615155
-0.3038402968772284	 0.8621680691501652	 0.40539769921822927
 0.6424282997249752	-0.712659544253891	 0.2817840550781995
 0.14155449598688938	 0.9837600293442534	 0.1103563742177638
 0.824532946784284	 0.4795541346868639	-0.3002886137900644
-0.5905078079497508	-0.7655137013672119	-0.255517713220535
-0.8873297210065495	 0.333519203133119	-0.3184507926821481
-0.8757767342000017	 0.47866759894239275	 0.06238943465607341
 0.7390120453087361	 0.3463855635432509	-0.5778219779979151
 0.010766054780690471	 0.04597737377632585	-0.9988844643726775
-0.7184949702065813	-0.6911382188437679	 0.07805728820108619
 0.026402589919825706	-0.969654130049705	 0.24305096445617186
-0.9472990811102421	 0.08477876173386924	 0.3089288145941767
-0.46016346114487955	-0.4198470810406834	-0.782290238702224
 0.5622466178728621	-0.5370559015203931	 0.6288479143104841
 0.3473466747695538	-0.8420690181630991	-0.41263792382228764
 0.8284436935121873	 0.3822037283523243	 0.40939144680057465
 0.41631376465257663	 0.9051825237742932	 0.08560051410126199
-0.220770690753934	 0.4712230296939758	 0.8539374440730781
-0.6880648255822047	-0.08945093881991512	-0.7201148001122918
-0.6201618145487622	-0.1398619425791034	-0.7719054092267953
-0.03785453437018677	 0.9945174242393366	-0.09747885469152498
-0.48230520874230964	 0.28561025495988307	 0.8281355371446076
 0.8670825216912602	-0.33344791338439866	-0.37010861870147777
 0.9245090171909162	-0.38033629806260033	 0.02504750503988267
-0.6322375954941216	-0.24467559130696426	 0.7351254844326911
-0.9789408289041882	-0.07471688638048136	 0.18997957888675043
-0.3944991311293373	-0.24998605702553972	 0.8842383201552745
-0.8519603758894488	 0.5176418641500509	 0.07880620783649887
 0.8508652262210205	-0.18264031942494965	-0.49261636242435564
-0.9303597999841409	-0.3595576356669328	-0.07175617887732473
 0.7819944574820356	-0.618815910460947	-0.07450863995380841
 0.5987783641487483	 0.6527998469702214	-0.464022446033599
-0.054414674620136924	 0.2689654006648283	 0.96161148934026
 0.6022947074809931	-0.010078497857792051	-0.7982101911284493
-0.722253976890169	 0.5445796183438733	-0.4263592759056339
-0.7572268530302848	 0.2187488575861048	 0.6154319055383993
-0.8967757958992879	 0.4387100214689468	-0.05767745618450118
 0.4120287069883112	 0.03532208243913984	 0.9104859664540157
-0.5545330197673158	-0.8261697708952271	 0.09968269482046166
-0.8262558819015497	 0.1589523567079603	-0.5404029662391551
 0.02983235077496431	 0.24650430928818293	 0.9686824331790039
-0.014805944537639759	 0.9167754115086638	-0.39912858687328884
 0.4571143501207468	 0.8020516589128202	-0.38439511878909216
-0.17828631190247027	 0.2564397174367624	-0.9499750850991665
 0.0908695705170194	 0.9719888120880409	-0.21674978738105252
-0.38173577645446843	-0.6680796217640331	-0.638707613825239
 0.8794100179188354	 0.08495369955171687	 0.4684238351284764
-0.5048994266289464	 0.8570372360661609	-0.10278008068607673
-0.06448370277214344	-0.42367087903452194	 0.9035180343163657
-0.33171412015266427	-0.4289949295080244	-0.840195865824005
-0.5616471089327034	 0.4175992598664469	-0.714257224805274
-0.2853729535695449	 0.6758859501046269	-0.6795148709352581
-0.877467010117696	 0.4242603451487275	-0.2237293134334299
 0.473799181593256	 0.6789729284663442	 0.560811998740574
-0.5664909749187726	-0.5903339402402336	-0.5749728813918261
 0.8779601977197654	 0.1406277554409607	-0.4576130741352435
-0.9561576348512905	-0.23685072264417817	-0.17223330833063952
 0.2942865921179587	 0.6864804059818763	 0.6649361276863791
-0.15284851261255736	-0.9417185199254486	 0.2996724235253416
 0.04118931179383895	-0.618398195009393	-0.7847847558426928
-0.2736486021405311	-0.7237462567475063	-0.6334885937335464
-0.8391707092247018	-0.4581493209484001	-0.2930728927994379
-0.18490506189153003	-0.3265955640143302	-0.926900995604736
-0.08664173854679513	-0.8944060302207478	-0.4387836166567198
 0.12464663770196201	 0.5471941408909574	-0.8276725124614219
-0.41554521138898504	-0.8117899454584468	-0.41026730523435007
-0.9375102207158265	-0.24693798402646078	-0.24514529997189394
 0.0483031830629871	-0.8152651793404205	 0.577069744364592
-0.3053045499823039	 0.3319036504868682	-0.892540810581563
 0.4232199345010627	-0.8234560453789702	-0.377895525733957
-0.5625910865660664	-0.8247536391957921	 0.05720755150947768
 0.03231989721017853	-0.8980710446716268	-0.43866139899327367
 0.13691543413343557	 0.015134531735889708	 0.9904671169933851
-0.6339448596778775	-0.616974322105826	 0.4663224214532824
 0.869418062155725	 0.4035856790851541	-0.28501023285973165
 0.601844869367689	 0.7983064540906578	-0.022125970554753037
 0.3222232988271396	 0.9380672988918035	-0.1272866389013058
-0.28722400251512314	-0.9510367223439229	 0.11415570565031175
 0.9228683775911506	-0.0379955318549349	 0.3832366073346045
-0.6431302046660571	 0.2668389450966083	-0.7177607660118549
-0.8022847794654748	 0.15417472769073493	-0.5766882051676817
-0.05819022308765706	-0.35736661599864716	-0.9321496659371198
-0.6922992663917392	 0.5789449582443611	-0.4307487215034941
-0.42297890987509124	 0.5753881193345609	 0.7000123955541905
 0.6166019042066344	-0.7245193597320495	-0.3080158909897564
 0.7518224211867168	 0.010220576195744426	 0.659286422447156
-0.3956192010354547	 0.1591150620521089	 0.9045263096230104
 0.07848266376706911	 0.9847141841495003	 0.15549420253761567
 0.6391431840425179	 0.4763780281424976	 0.6037880129607226
-0.6308098138355533	-0.7754950703777184	 0.026198751661337658
-0.24359044072882285	-0.9402558532383066	-0.2378710315205322
 0.44528642638960014	-0.8839443822845908	 0.14269662750286785
 0.8160857385111745	 0.556390337359029	-0.15631333881718654
-0.10868617047758644	 0.9586300553606518	 0.263088831587642
-0.44294430987438954	 0.8843305399817478	-0.14751215002667153
-0.9599533401769388	-0.007341442998983596	-0.28006372113829897
 0.7708343351018477	 0.3867819163018297	-0.5061760336582292
-0.023547225692193165	-0.5628421153271136	-0.8262289521532763
-0.9997898329192217	 0.02035693730789346	 0.002425921432647673
-0.7528057491322281	 0.43975159465429525	 0.48979795739924126
 0.5779661831535471	-0.8100922250321037	 0.09851739985127381
-0.8271405802441015	 0.05034501181728099	-0.5597355092350038
 0.6889988504907448	-0.34839775973876347	-0.6355309473435916
-0.5419428894605676	-0.057848604044835494	 0.8384219961172268
 0.9484762162488322	-0.03933506058895495	-0.31439723316015644
 0.6857747458785401	 0.271116302117673	-0.6754324160426876
 0.09504915009949137	 0.7649448556483674	-0.6370439756268502
 0.9803771975570874	 0.06588785500846298	-0.18579381333213252
 0.8175909547101603	-0.2921660269095988	-0.49616936976801396
-0.6282097895367891	 0.14626358797036024	 0.7641723779123265
-0.6284612115018673	 0.4195386055158048	 0.6549991329150436
 0.9314569150879716	 0.33178497278730895	-0.14935443470926502
-0.8894064576903149	 0.294216345864839	-0.3498469591760196
 0.9448031961092471	 0.32741136120106146	-0.012195129282608274
-4.5233894889616156E-4	-0.8220545240158482	 0.569408601036683
-0.5812019355925191	 0.7750981625420822	-0.24784500900239487
-0.3787922086624642	-0.6751807722190779	 0.6329671298592542
 0.4656279627143759	 0.8303204393709864	-0.30620020950553245
 0.8490199602215197	-0.3708107419640387	 0.37638344914399213
-0.2704370527200673	 0.32220484069093136	 0.9072198416874572
 0.7951997338979662	-0.5807706818355511	 0.17424924197503072
 0.01762650076507801	-0.8381296135210871	-0.5451862593735942
 0.6504869105252428	 0.6674172412601472	 0.3625203515721829
 0.5057544353144808	 0.5538565858640605	 0.6614040621698184
 0.7605220034503657	-0.37623656773674574	 0.5291997046158614
-0.011064909479184022	-0.985967135204781	 0.16657243491734958
-0.43557936928812546	 0.7384687194960233	 0.5147179454579592
-0.25905584522563063	-0.6646813985550383	-0.7007772167168054
 0.30465584696419257	 0.713458862574575	 0.6310002110335021
-0.01981083332355756	-0.9779614486978898	 0.2078435366898641
-0.5596634137907202	 0.7774303285270373	-0.287017329704079
 0.9432575790734894	 0.2634146559782805	-0.20218273550494864
-0.6465097796747995	 0.6696283520043039	-0.3655447646689011
-0.9346208867087261	-0.15752347755014043	 0.3188575734529525
 0.9711144045814909	 0.0699346629172473	-0.2281358282624359
 0.5822951865004791	-0.5209779304425233	-0.6241108168988881
-0.6842072623597604	 0.7142723149573421	-0.1472259563380088
-0.05610300190541096	 0.3624443328957642	-0.9303153007066723
-0.9464093713796362	-0.30979142259223585	 0.09131580505630285
-0.16234919489137808	 0.1373915894846524	-0.97712143055866
 0.50652962082948	 0.833678173649338	-0.220019194624123
-0.6566730666271465	-0.2664894895464309	 0.7055238022404218
-0.3350732994860411	 0.22104919861232708	-0.9158947187119194
 0.8164430173373978	 0.39985900500534116	-0.416573613611261
-0.8932853653689677	 0.2573581544995429	-0.368521419092865
-0.9324729871583165	 0.32387120949783177	 0.1600048995451636
 0.21581563444063293	-0.7992262447348356	 0.5609465408201033
-0.3399925836275859	 0.011192122279508533	 0.9403615153105319
-0.5811040708239671	 0.34351971209850174	-0.7377752139178818
-0.23858294256411985	 0.48226392965533743	-0.8429114316883107
-0.8411483877691518	-0.4976868191275547	-0.21160628492569153
 0.7048482018480342	 0.4298320986880686	-0.5642990158497561
 0.9745633683121162	 0.10688055880419589	-0.19698423107915378
-0.554718710284298	-7.158069764026321E-4	-0.8320376434278064
-0.7395359882515359	-0.6352485906262522	-0.22258874676897925
-0.6028396092871858	-0.5642466581980007	-0.5641011559878794
-0.9677874501169353	-0.23265088101899528	-0.09623418808950301
 0.99122094055249	 0.1297278984734441	-0.025528794877570104
-0.8950950663532377	 0.1968986293078362	 0.40004468746227406
 0.6963837449878985	-0.6706588277049292	-0.2554729272116319
 0.5643449452209732	-0.1732382070622947	-0.8071575474573587
 0.6975443451979209	 0.5715224658515728	 0.43219666531492557
 0.20256340211621057	 0.19031233868880296	-0.9605983978051935
 0.4702376375065164	-0.8806287120257902	-0.05804856439299792
-0.29630594511458314	 0.8221488448139916	 0.486080305979138
-0.35670265475715024	-0.7238663560545282	-0.5905765950844483
-0.0847736406366968	 0.949070815572062	-0.3034435975310426
 0.6349870776629948	 0.14282608388691576	-0.7592049268560747
-0.33752376701643605	 0.9045352392693725	 0.26056421016504466
 0.09677222372813175	-0.8070839414380565	 0.5824522711669379
 0.2010546083521165	-0.7548522907502031	 0.6243196806200714
-0.2603485511768004	 0.8448197654969416	 0.4674379057434617
-0.7460880876292182	-0.45584684670840336	 0.4853413415770196
 0.4302609460568082	 0.8895012426553103	-0.15382801309566235
-0.24697767909748386	 0.2209384063865065	-0.9434978784348225
 0.7405421942746804	-0.5822629385403456	 0.3355102515590297
 0.2512686404180268	-0.9544368307542904	-0.1609795218100185
-0.1265938754353495	 0.9882535410538995	-0.08560916596187469
-0.0253577527125717	-0.14964008931016617	-0.988415311520726
-0.9422818225233295	-0.07800255313037321	 0.3256079984386993
 0.7729212967225229	-0.5589031504249871	 0.3003663388560676
 0.7715549291350815	 0.5752942031051289	 0.2715503106258468
-0.8278996826368632	-0.2664880269684069	 0.49352431244293005
 0.3313314239995223	 0.09587931490199694	-0.9386301957876555
 0.048079449484594756	-0.41909190986087763	-0.906669916577373
 0.5103750490907918	 0.8484179044562625	-0.14037225033323358
-0.672670135348177	-0.3503813064879199	-0.6517268055515929
 0.755139333600167	-0.24164264839783842	-0.6094041494157831
-0.09873910682271404	-0.8318267552097366	-0.5461820558212195
 0.01890844477706008	 0.762695590704006	-0.6464811726854697
-0.45352390441697343	-0.8413469393707054	-0.2940261820551546
-0.6473782118764115	 0.7581020348486152	-0.07863050010071834
 0.184598742854393	-0.9439493637950079	 0.27364740584843367
-0.8357314099175085	 0.5449382106888532	-0.06778906260249208
-0.5271595478445492	-0.4788899793328561	 0.7019737878374855
-0.12184603451959714	-0.6123137157759904	-0.7811692885312688
-0.6632789503487648	-0.5409983459034157	-0.5170897637296732
 0.48488095412913595	 0.8031738283868491	 0.34612463321357356
-0.7725789276096352	-0.629025093771811	 0.08630893359849946
-0.16926019501764214	 0.8071662324924467	-0.5655383802241356
-0.8533912053209048	 0.40642715554261655	 0.32640529701349935
 0.8841558966955012	 0.09300481018167739	-0.4578410811860862
-0.6478367032464828	 0.2524474639771992	 0.7187335277126075
-0.30585854677397256	-0.4306458185021769	 0.8491140844267652
 0.023026666720136788	-0.5509825786994446	 0.8341989993937118
-0.2067185015604716	 0.9729612245133841	-0.10302386474021155
-0.25033417789235457	-0.9398316549162677	 0.2324849668178747
-0.168114274155744	-0.8271668904461071	 0.5362205946947629
 0.3975040556555107	 0.10814658894837123	 0.9112051585873804
-0.2666417269696102	-0.6990264337518047	 0.6635241023164853
 0.19391554425554583	 0.5750842768046571	-0.7947797407257811
 0.5379263514373535	 0.7986161080450617	 0.2699028573399236
 0.8345081005176549	-0.146749012122446	 0.5310941137044373
 0.5371274256270996	 0.526771729933365	-0.6587910694463113
-0.7494819972168897	 0.19043924515097999	-0.6340422933480915
-0.40588417545681355	 0.6672353485706033	-0.6245438541300428
-0.9136131728177413	 0.40039294461058506	-0.07068564465267649
-0.12356847982311484	-0.786158656496628	-0.605545537189088
 0.8194010159382262	-0.026180945411618063	 0.5726225049513479
 0.4103584247922679	-0.6736586077580049	 0.6146462750196693
-0.881468798897935	-0.31428788546771746	-0.3524711074934553
 0.9953104611164332	 0.013119474413841556	 0.09583822506337372
 0.15549892186718658	-0.9855622825323663	 0.0669856144835211
-0.28977406190008237	 0.4291284755917889	 0.855499704550618
-0.21591028291157408	-0.4913274567762183	-0.8437891205454461
 0.05168915960353963	-0.8765963499711698	 0.47844233717001045
 0.9529197152092488	 0.2591743376682072	-0.15739338950467396
 0.31073750335837225	-0.9320950554368973	-0.1861209596920593
-0.4613468723868691	-0.524930090438676	-0.7152674069821001
 0.867553782643933	-0.3672669584166461	 0.3353586370970468
-0.4557818006903731	 0.8164334490243862	 0.35454107445201033
-0.4232712075142146	 0.13845750324640707	-0.8953608237376871
 0.6637490380782989	-0.5234974140656261	-0.5342168772294035
 0.14735559609042964	-0.7378890236360286	-0.6586395957565129
-0.5394465904620908	 0.2723222433306175	-0.796767200521084
-0.7787811408842921	 0.19244537963010294	-0.5970466568552127
 0.566821935142309	-0.3765429286875472	 0.7327539264288747
 0.5735516998691189	-0.33070438234169935	-0.7494485032857422
-0.5184390533964257	-0.7323816071298366	 0.4414047229599337
 0.1722134709110809	-0.7367763688877597	 0.6538372142095664
 0.758611122744858	-0.6315490597905286	-0.16017162521959205
 0.953122403273592	 0.14985104602682395	-0.2628732553582412
-0.7866116023643276	-0.6053303918985831	-0.12172634747552832
-0.4060462627941085	 0.6357316440843754	 0.6564843556252614
-0.08092392780716236	 0.41314047502847423	 0.9070646425704774
-0.7791256249390126	 0.09830760147092438	 0.6191113599801146
 0.06255255870748366	 0.6694807957428125	-0.7401909493709831
-0.621649353998004	-0.7002724156311008	-0.3509567275036156
 0.7274263855127947	 0.5033147654523806	 0.46639586247886705
 0.8555165883266364	 0.5170612978856228	-0.027184210983361788
 0.17647142910873975	 0.6948889979128098	-0.6971277610940839
-0.05953121326797931	 0.8463787172070648	-0.5292438962385543
 0.961409534129482	-0.10054317489389128	 0.25609134633405445
-0.529181877281103	-0.6157255622674411	-0.5838223811466043
-0.5194092054128004	 0.8541130307361671	 0.026551987856332882
 0.04471904504845744	 0.11061396852254807	 0.9928568663093622
 0.462687021065207	 0.7788563656674435	-0.4234424189864618
 0.8000961430000872	-0.10682414218205481	 0.5902836306416197
 0.8194546047826613	 0.05582213766298061	 0.5704191788914779
-0.3595129064604959	 0.1059587002475739	-0.9271047534826751
 0.5918629070071221	 0.006359634573724021	 0.8060135571795102
 0.3342792265196655	 0.008694976826641698	 0.9424339743957654
 0.2852894173404493	-0.2162483676040321	-0.9337272577482882
 0.2928934011373468	 0.7430364324271439	 0.6017560266886737
 0.745679361145429	-0.48563363976971974	-0.4562041848621722
-0.82883842039516	 0.4381990889428503	 0.34786266158717266
 0.9381245493985536	-0.21813078356555302	 0.2689633638190123
-0.07181543906438104	 0.7760178236115561	-0.6266090329297638
-0.8189501398588165	-0.39756332077184053	-0.41384063889629286
-0.9887847851353286	 0.07745589529694508	 0.12769194559027924
 0.9150475716343724	 0.3041998887470227	-0.26485914998794596
-0.36684215039443807	-0.9264212833727972	-0.08467846484132775
 0.7515678747003003	-0.6587707600319512	 0.0341586803814088
 0.9655278050818789	-0.23018836033017162	-0.1215293231375718
 0.07225762919260834	 0.987618236168383	-0.13924458557199226
-0.9106279976618454	-0.4063468489787962	-0.07509253091607411
 0.9579321609499956	-0.062288920100384094	 0.2801536461486799
 0.6628404694540029	-0.33634728008929404	-0.6689641389719863
 0.40187785804980664	-0.8280813358642933	 0.390865051395628
-0.9776696779137721	-0.11891256849002574	 0.1732680061150522
-0.6051493912967782	 0.6170885875487243	-0.5029869673562719
-0.5013654661391003	 0.5922464570975444	-0.6307747644116155
-0.21141511443407845	-0.7941623641144637	-0.5697453719100765
 0.09355333839937674	-0.9362032285102082	-0.3387791135849354
 0.6794104548365762	-0.7331970784993129	-0.028696305316694617
-0.460513325771239	 0.21409045986905714	 0.861448055183926
-0.8039744961772342	 0.40148922432481643	-0.43867004940800314
-0.19496173024431765	-0.7440526760344489	-0.6390426738693729
 0.9210159642453549	 0.05689464276223998	-0.3853473669692792
 0.9231233432890998	-0.18432082021192073	 0.3374450004240088
 0.15784075364652925	 0.907686405362308	-0.388833751118325
 0.0927620237179568	-0.9204226829712883	 0.3797595181528495
-0.02460581006984242	 0.7713382394881949	-0.6359495848053202
-0.15883746585658182	-0.7653637163132021	-0.6236898597792847
-0.07948425567985722	-0.23189033731637754	-0.9694891049198624
 0.7186977007937178	 0.5789927555677202	 0.3850207836908572
-0.13191246630754835	-0.43277440244096677	-0.891798978371541
 0.22774207189975532	 0.3855521390146038	 0.8941381866289295
 0.08759745115022051	 0.6955114494754887	-0.7131553198290604
-0.07246813420204001	 0.7209017810648438	 0.6892379789178852
-0.922473106041337	 0.17529743675701673	-0.3439682794922632
 0.8381143178146291	 0.13052568409377874	-0.5296484079707687
 0.777548324533507	 0.4812725838680257	 0.4047163241483231
-0.4508932314279336	-0.8770525479618129	-0.16575319594556281
 0.2165119819727412	 0.7952007138643608	-0.56637300988999
 0.7016800997403562	-0.7098445992563874	-0.061365157336247665
-0.7902597974698502	-0.10074443224285808	-0.6044336290073342
 0.9442148186840377	 0.3197836659827999	 0.07871964905962792
-0.036687263658800366	-0.9993000545956443	 0.0073106477395626195
 0.162034677788549	 0.30069348559870424	 0.9398554095776983
 0.3957428450388872	-0.07181016446367618	-0.9155495076074407
 0.25855396284522586	-0.8487149202033721	 0.4613380891723697
-0.018031899399104514	 0.9993720837880268	-0.030500635226788846
 0.41060229262825576	 0.8904038839858536	-0.19643492732028836
 0.5023225190145812	-0.478137438556053	-0.7204558811904462
 0.24673136090968648	-0.5879435183036041	-0.7703544994536173
-0.3140152474793246	-0.06347751299355127	 0.9472935287938223
 0.6327105792854446	-0.07579956489962182	-0.7706696755558151
-0.48410297300167626	 0.8628358496328503	-0.14545998803552815
-0.684127138765938	-0.6627878069506876	 0.30443781132019204
 0.988567760501789	 0.1316247453160674	-0.07354392780480352
 0.6158013343459351	-0.5831289265127797	 0.5298578787578977
 0.5403319139282908	 0.6758469517517693	 0.5012707059049345
-0.17451795334779838	-0.9740155796130336	 0.14435073477603622
-0.23434210562912655	-0.9531905832525346	 0.19107979884854404
 0.848137976755476	-0.22462139439226209	-0.4797991262668198
 0.2315438386392351	-0.959778068484185	 0.15878762560405907
-0.028601359323646998	 0.9516748081815393	 0.3057728269769404
 0.10731792679605968	 0.20870229069615184	 0.9720731538553952
-0.4612291888580146	 0.8303542134058788	 0.3126971628020984
-0.17119071387607987	 0.5415465033283411	 0.8230559666361974
-0.4502415740100737	-0.5679480509399633	-0.6889974865457987
-0.19273696655107583	 0.63187498417218	 0.7507239613214013
-0.9353246766814325	-0.19647219850510186	 0.29422172660316137
 0.3249604300038919	 0.36287584661535377	-0.8733394751612205
 0.40396794446247725	-0.7719786982413522	 0.4907736640329716
-0.9011646514861508	 0.1550154541647577	 0.40481165976530165
 0.811656210012538	 0.5790761700298422	 0.07671366274433672
-0.6060916154614086	-0.221636979801068	 0.763891355398162
 0.738634565504838	 0.6740008797985652	 0.01190767283055456
-0.07361136701620923	 0.9353197350074414	-0.3460612083889416
 0.288526922019544	 0.9572539215802583	 0.020424125174523914
 0.7490683411933716	 0.2358105904247922	-0.619104179977265
-0.007920892291837752	-0.7179539529767529	-0.6960455307451917
 0.36522431119142484	-0.8977358870765716	-0.2463361109735852
 0.4514751698858501	-0.29349117233337746	-0.8426346199503807
 0.3215080050967745	-0.8297062430210771	-0.456311464846701
 0.8559818994563156	-0.439569225266697	-0.2721651777902421
-0.20438541040054276	-0.8059071512200684	 0.5556440116007328
-0.9638501297250066	 0.2134717199899649	-0.15944513850730627
-0.728182883471781	 0.47872347446783253	-0.49048294895151
-0.29090073388351617	-0.18622375211786604	 0.9384548349138468
 0.33179466402919405	-0.9329794749368283	-0.1395048395875738
-0.9852100967885347	-0.16142393943410233	 0.057475011644204044
 0.9438066709010005	 7.25594519447088E-4	-0.33049726394535206
-0.5841393540809777	-0.08334294047732925	-0.8073630963119695
 0.08717642169469503	 0.4202372119684357	-0.9032170044776089
-0.1773150553434824	-0.10331813494261928	-0.9787158597573232
 0.13152369173079642	-0.6876198397802419	-0.7140591533298184
 0.13549052784613067	 0.7881395830573543	 0.6003984630911013
 0.15782644588942832	-0.7675095298644266	 0.6213050253661224
-0.43232732185259715	-0.8597205168586104	 0.27198110168194567
-0.061087266057283346	-0.4810988926088337	-0.8745354203554025
 0.7724352454040321	-0.635091310932589	 0.0016788196861442725
-0.9954684437092558	 0.08946344277450155	-0.03223150610824123
 0.5715786903110373	 0.6730155601972166	 0.4694122458082512
-0.47897485288942754	 0.03386429629046618	 0.8771751818971526
-0.8399149313110368	-0.03643764326179511	 0.5414934960960313
-0.9991815983172525	 6.754326711194522E-4	-0.04044350843939598
 0.19949185749313847	 0.49561890112297063	 0.8453194092433916
 0.9814924744793937	 0.1648216111301676	 0.09750055920235763
-0.828899959817947	 0.5588140103513263	-0.025529560295347264
 0.17685107565231775	 0.41684781860607995	-0.8916061872620505
-0.865366825955625	 0.049574184679751616	-0.4986809167682529
 0.22550868353053774	-0.5231976125393182	-0.821833372336194
-0.2724372355451426	 0.1052564004522264	-0.9563989977265561
 0.23437122441200797	 0.033401590959283335	-0.9715731896717844
 0.9357987598782259	 0.2281798350672702	-0.26872782490662933
 0.5131315108958722	 0.3346581639107316	-0.7903796340073656
 0.31666970976140185	 0.2151807611632579	-0.9238060050383037
 0.11082932328029704	 0.9177018579500452	-0.3814972621346931
 0.6155287770647996	-0.633148161040661	-0.4693055835763533
 0.48016181754112025	-0.6604520674044217	 0.5772761000048702
-0.41099928686254344	-0.9080470682788522	-0.08080908357766632
-0.24967268563819772	-0.13675018230549588	-0.9586255461261314
-0.8654336301563113	-0.3458136794745565	 0.3625431434777626
-0.5783383911858314	 0.6771876697498777	 0.4549083041881242
 0.5595477686190938	-0.6413927898010205	-0.52490149916404
 0.9325553934695711	-0.3315213851624289	 0.14294757532325542
-0.9217524076711037	-0.3188897731485005	 0.22063955115486777
-0.9716511558129798	-0.2302294601568882	 0.05374408882070945
-0.6918149091344451	-0.24523162908010038	 0.6791565206916734
-0.15052797040502927	 0.9686836691923949	 0.19746715971447376
-0.2670745124872861	-0.6946811840261504	-0.6678991371005835
-0.894805765269985	-0.3548801468569743	-0.27089245800938927
 0.9140195738117866	 0.3709179294934718	-0.1642805778818549
 0.9486706370487453	-0.2061443257099559	-0.23985107750251067
-0.9835286119413936	-0.12522362649748986	 0.13034766150358187
 0.31510944381151684	 0.4673357327635238	-0.8260165563129934
-0.918363226588727	-0.024579923728890334	-0.39497444398216985
 0.841714315779675	 0.4736369973967897	-0.2592007046836623
 0.15388793108691534	 0.9720887199858196	 0.17709326678933818
 0.7150788802597297	-0.5119330651903111	-0.47601127273557686
 0.0474835531792182	 0.8082854670453079	-0.5868729981357337
 0.6355994067108508	-0.34869435586482195	 0.6887856273012899
-0.2972695184597905	 0.8026099989727332	-0.5171537710813618
 0.5054489304655136	 0.7059414242428167	 0.49615328702860756
 0.43047445788699074	-0.3802188397104728	-0.8186118585972985
-0.4442806452325379	-0.34217989328469883	 0.8279659587829874
-0.4438000508562042	 0.867186417330666	-0.22589650828915983
-0.8716110551316517	-0.4862662939492253	-0.06196176192761418
 0.30685258407591937	 0.04390186460892524	 0.9507439812745545
 0.37839040229206294	-0.9030158532116236	 0.2034282976916781
-0.45517547856302776	 0.825433792252043	-0.33387772960071777
-0.7766738878954865	 0.31649891754444825	 0.5446155589537465
-0.7325825662137002	 0.2049052734810787	 0.6491044696960527
 0.8603500434950289	-0.48327696781847085	 0.16199128073537414
 0.2033287920573258	-0.41088592235650634	-0.8887238947669583
 0.7368033927090452	 0.2787266003103529	-0.6159807162337744
 0.2384642413114979	 0.718392376725235	-0.6534884839680035
 0.5108106498020712	 0.8594248131215361	-0.021481867698100687
-0.09364540977825687	 0.7259976893549772	-0.6812913417024294
 0.5597000609135822	-0.22026830331461036	-0.7988852961271944
 0.6697971827713921	-0.3405448790806948	 0.6598491640393442
-0.7314826334078163	 0.25015210555253714	 0.6343162311579285
 0.17359574883674161	-0.978898606476993	 0.10780553892640146
 0.7268295074203238	-0.610654506453463	-0.31435639152275385
 0.6798294834179284	 0.09956885001386725	 0.7265796016835515
 0.9621741740371985	-0.2722010716016968	-0.01128873043006341
 0.8488661678657751	 0.48987202804285673	 0.19862433182783118
-0.4480680901910201	-0.8862791123701963	 0.11723617841293249
-0.40901788817932	 0.8137875161620508	-0.4128610488870668
 0.34548966251185376	-0.9066444689254447	 0.24214190067880417
 0.609061964076069	 0.5148609726108017	 0.6032923858280164
-0.12603671021873852	 0.7004494157566925	-0.7024851341084348
 0.17811846253940394	-0.7557310004930708	-0.6301939925105134
-0.3277020764785733	 0.5822532452690139	-0.744037974464565
 0.8703860429775364	 0.23868141679339763	 0.4306498780533935
 0.7592837861897059	-0.19558859060478856	-0.6206716001676389
-0.3757564682586183	-0.1216616144494438	-0.918697734911415
-0.27183041132138	-0.4148235838348273	 0.8683487903920172
 0.32027882872517044	 0.9471923252310993	-0.015753440695168965
 0.6011856431799921	 0.7537780254840951	-0.2653196387973539
-0.48135019589192685	 0.7792824930476084	-0.40127395248671177
 0.705354825732313	-0.7017054390794087	 0.10041935362524768
-0.5826455910624126	 0.5527008785140571	-0.5958572430585377
-0.7101777063205651	 0.5077403063599061	 0.48769601878917346
-0.9845407049315434	 0.050213632592799234	 0.1678040268728227
-0.7344075719381495	-0.5447791066312554	 0.4047977806979218
-0.31782350225509376	-0.11035885817300217	 0.9417054443067947
 0.7445964163681493	-0.6360211834726928	-0.2026159690293562
 0.8354503054416541	 0.17097921817776232	 0.522291962496809
 0.8674290743372024	 0.18157952725039664	-0.4632447261200354
 0.6688539700571048	-0.43046535622112725	-0.6060808063552812
 0.2299618189716376	-0.8380678305326346	 0.4947321227104412
-0.9667889579562768	-0.23528828102307695	 0.09979246257619905
 0.7650132714989044	-0.10249983838806061	-0.6358053771091945
-0.1648167985921843	-0.40695748586845626	-0.898454799974628
 0.4069885534097949	-0.8833859548945272	-0.23235656239600108
 0.2038869713686048	-0.40091881341442603	 0.8931372839359614
 0.19070768595755894	-0.9696000717741324	 0.15331757672331792
-0.34888593390483064	 0.936242886790409	 0.04156756016072481
 0.4708104202115357	-0.8091570560829284	 0.35157133957625974
-0.74550617805464	-0.5116134095448234	-0.4271677160744759
 0.18647765546646294	-0.7843318793579174	 0.5916498855189685
 0.37130119652677496	-0.9218773591487771	 0.11080413415871183
 0.6465814862601109	 0.6002685872048721	-0.4707547183414447
-0.9850001287622064	 0.1500083525531939	 0.0852774325523063
-0.9950010200581256	-0.09550237172677839	 0.02919361364835613
-0.8415930757723585	 0.30317241742978934	 0.4469984117665281
 0.34710981978372935	-0.933010836819911	-0.0948975836695359
-0.5023466196040127	 0.4939600698837676	-0.7096839600363284
-0.7624651127469105	-0.517431178583025	-0.3884738437450107
 0.5366315846172257	-0.10512776916711881	-0.8372423153073131
-0.8476282538542645	 0.1697515933190363	-0.5027034312928639
 0.631721658811536	-0.04959586143938981	 0.7736071330568804
-0.4026408355763425	 0.7671281486234495	 0.4993943943577495
 0.009530196102436614	 0.9440404163913576	 0.3296920799501879
 0.5253499294639091	 0.1817500717152164	-0.831248677017762
-0.8035094478489831	 0.24539162066797848	 0.542361060294123
-0.22273775062103504	 0.9747738805056819	-0.014275024769727843
 0.11068559724700652	-0.8468667768881647	 0.5201589764342484
-0.8166280108663582	 0.4768005654292032	 0.32523823987170947
 0.026707543202244506	 0.6547228909355165	-0.7553970103337317
-0.5476774934300928	 0.5838871192850809	 0.5992705525245675
-0.6864360129731738	-0.6138382973584409	-0.38988221912467785
-0.14529101358179786	 0.09742411152754628	 0.9845806538143241
-0.13407722166820332	 0.44247644216782034	-0.8867005676981623
 0.25904995422537946	 0.35607753307106826	 0.8978317836086285
-0.5716887285430651	-0.5193517740857737	 0.635173781268381
 0.6708163882993818	 0.7168587282811615	 0.19004982735085263
 0.6809058038424721	-0.6973722117997444	-0.22369462332199533
-0.5849013988829347	-0.5163409307071188	-0.6255256964036671
 0.9802923007622213	-0.13738615541542917	 0.14195791406778918
-0.5921151448370491	-0.007080582222622354	-0.8058222636599148
 0.19660036754565396	 0.37932105084927453	-0.904137066966904
-0.44296186485745137	 0.05304643427920564	 0.8949697548477664
-0.3482023968531758	-0.5737988081112849	-0.7412894297342787
 0.623165455514553	 0.16514419973522906	 0.7644554979507638
 0.4067044867987879	 0.767335434706977	-0.49576989729186777
-0.13466240547706707	-0.5135244688685204	-0.8474424207133094
 0.741339063742341	-0.6589589169186622	-0.12723811686366934
 0.3138223443970598	-0.906922926698197	 0.28108066668896
-0.4392651681811226	 0.8626014532118872	 0.25092796763125147
 0.2144999318390213	-0.8619358161191422	 0.45940878107855476
 0.30052797752764976	 0.36595942425457084	 0.8807704777763634
 0.784983011456717	-0.37575630796374565	 0.4925534171537118
-0.7568946244993683	 0.2291018511432754	-0.6120644322346174
-0.367047724705898	 0.8844548529727433	 0.28812424549347865
 0.8322612848625465	 0.5523981746937986	 0.04687654332288997
 0.009604513801137722	-0.21709729631468072	 0.9761027185944621
-0.9090149683885218	-0.11413223414387562	-0.40083116193098345
-0.8568839214296052	 0.4499919910468717	-0.2515097477019413
-0.9273487717486524	 0.2049004292112027	-0.31311350920286224
 0.1573823968829222	-0.6825192672682339	 0.7137213958954991
-0.11047044245902857	 0.5767604843979898	-0.8094094297572167
-0.659669108695599	 0.3801749570351206	-0.6483083132862774
 0.3895345672115369	-0.9202852123066969	 0.036577984593718846
-0.4651272825232911	-0.4737559609420118	 0.7478047208492399
 0.7198243409114375	 0.535286786929821	-0.4419513253399779
-0.41240991322883486	-0.6799164349020184	 0.6063264013884884
-0.42428544556093906	-0.7035075824639749	 0.5701394058481215
 0.22232693768868314	 0.1504654680812887	-0.9632916877524954
 0.0988561647748832	 0.3116821595777528	-0.9450299942789908
 0.14360891090335848	 0.9568166407439057	 0.2527417589253874
-0.5702149455770678	-0.04222479992177987	-0.8204096428687971
-0.6440901418479268	 0.4726798172116387	 0.6014330216866127
-0.5104887926991067	-0.19733538200744333	-0.8369348478445529
-0.962815666802964	 0.26736891093679666	-0.03872799017809963
-0.6428976127408655	-0.6745491267158119	 0.362858285256147
 0.7233696543643622	 0.579870538880082	-0.37481528955434373
-0.6086367950481081	 0.03720919426436319	 0.7925760074439322
 0.2545206041176109	-0.18777667004605034	-0.9486617860259912
-0.20357240152172687	-0.554001094428515	 0.8072428783895741
-0.22722690504898932	 0.5505263930507102	-0.803298589676611
-0.7948159646582889	 0.606055275022023	 0.03105778392438197
-0.9694328437984913	 0.15047385481313794	-0.19379778219176047
-0.4192303374514238	-0.6485301848650469	 0.635338117445564
 0.1373447535586742	 0.23383445286941432	-0.9625268138193183
 0.9763662133300572	 0.027425783074464683	-0.21437547408758678
 0.9753547099621035	-0.21585133504565793	 0.045731727648845526
-0.3147929113115234	 0.31487353103187826	 0.8954105664127111
-0.9953007290552437	 0.08435180835479056	 0.04755240445421584
-0.8812427969242655	-0.43380328495562753	 0.18768548913222952
 0.7902962725484637	-0.5152305554199317	-0.33161615816735035
 0.7530686038101511	-0.5177212557174057	 0.4060201710923024
-0.8578747005665707	 0.49161623912720553	 0.1495475561627103
-0.7647951894080545	-0.07999700795559099	 0.6392877262832841
-0.244831971288031	-0.5618854863783975	 0.7901531535294462
-0.38623505093978977	-0.14634255678539942	 0.9107174872039354
-0.22045442246346128	 0.4460342478301439	-0.8674406592839072
 0.10256691816747344	 0.9930962822336792	-0.05691925431057218
-0.6224833538793396	 0.1926288461701174	 0.7585569205842749
 0.8335416776886206	 0.01769925169122682	-0.5521729874284057
-0.4969998412048159	 0.8613841008552898	 0.10492182154400302
 0.9729159504177441	-0.05056724481211064	-0.22556042909794566
 0.44652629895644386	-0.44240726897332106	-0.7777467921501369
 0.29946880619876165	 0.763987301790933	-0.571525884642243
 0.48000930202774217	-0.682236401450533	-0.5514930303300913
 0.5045659496973587	 0.47305253665847713	-0.7222426877213659
 0.46932980344822794	 0.8526937988465367	-0.22944023405651817
-0.5932744476597045	-0.537050951117372	 0.5996679961928921
-0.34523987026499814	-0.3550408306537008	-0.8687666203003759
 0.46787409951764963	 0.41417960804752807	-0.7807362418116279
-0.04624082526288456	-0.6319933959009149	-0.7735930025644214
-0.767379706297215	 0.6289210585231563	-0.12484665998460828
 0.3456718953874916	-0.6123253148270201	-0.7110335080438964
 0.6885459262631576	 0.6026818806722717	 0.4033349205508297
-0.6013140753701219	 0.12633356727971765	 0.7889621109661455
-0.008014924452989467	 0.3755650924621365	 0.9267613621153613
 0.6834184201508348	 0.7299711049475198	 0.009024906660707665
 0.6570342792595361	 0.3568551509253366	-0.6640484599304157
-0.25590290469469107	 0.9656441060517007	-0.04522348744216475
 0.19649667989687256	 0.11452221913541795	-0.97379346686749
 0.6751707490669691	-0.6441008893128988	 0.35955320050123457
-0.4334622510539227	-0.072927205293305	-0.8982160651198431
 0.6935116099521148	-0.30360952664643015	 0.6533474590071937
 0.9551312707893928	-0.2887886667561967	 0.06576748066801684
 0.5000967051819885	-0.4236626603210269	 0.7552570659820601
-0.9451797078734956	 0.10915747842185505	-0.3077660876847145
-0.3364132374032732	-0.6423036293585965	 0.6886742200871347
-0.37588651013751645	-0.7958029167084378	-0.47477052273175285
-0.25875955000228823	 0.08841703977331221	 0.9618866473552576
-0.747305621658825	-0.004804067252047461	 0.6644631131785682
-0.6620642748635834	 0.392710581901255	 0.6383175501363993
 0.06021069607433362	 0.1233547171355824	-0.9905343435937215
-0.2290479911307	 0.10244262616394972	-0.9680095692211023
-0.8452899511838702	 0.22093284573743327	-0.486491085326268
 0.8669779706747983	-0.07293909503418822	 0.49297980362303107
-0.7584466610481894	 0.06596553732515247	-0.6483881632403978
-0.5757480570980567	-0.40532633372992843	-0.7100878381812125
-0.5940508974187455	 0.751056388201127	 0.2881281538105239
-0.0687815039264135	-0.7530127360775764	-0.6544011950039386
-0.08222677091167936	-0.7575169652589079	 0.6476162486306013
 0.515031677766442	-0.73161042774865	 0.44664141423128345
 0.631320344022209	 0.016896964009230877	-0.7753380655113938
-0.31248335824545476	 0.8858944941660609	-0.3428485030241521
 0.8282411211046848	 0.06253356516868375	-0.5568717972195653
-0.647222905488269	-0.7379112137105576	-0.19128395461076986
-0.15588239456489245	-0.4018478112698457	 0.9023408533599426
 0.8522134883737662	-0.4968494072206093	-0.16392936521058576
-0.5457403943780755	-0.7687940162310591	 0.33335144000196026
-0.5300184778192633	-0.3044778531423769	-0.7914377108250276
-0.8043558095161313	 0.3308241123224376	-0.49352521557030954
 0.6579472860826237	-0.7252828108339692	 0.202657871905552
 0.9195244599437958	-0.22372245087383116	-0.3231455284234597
 0.18453910712610852	-0.9521198918790013	-0.24374788087164473
-0.8998087839337939	-0.31320800514159586	 0.30371845164693084
 0.13440530698174277	-0.6317483814276382	 0.7634325091445234
-0.18979201795197076	 0.9572238576034576	 0.21840667653822843
-0.24839967693185644	-0.8319178136922256	 0.4961958804360398
 0.2760800491311344	 0.4378994911811114	 0.8555839187917652
-0.6420696588651543	-0.6114321236653322	-0.4624903364556779
 0.28535288323671293	 0.815278316281437	-0.5038799450561608
-0.38409618490453074	-0.85535600435738	 0.3476150551278848
-0.3356209043716728	-0.455059871110608	 0.8247903504852231
 0.26563951037887223	 0.7194999959237681	 0.6416817017738395
-0.9765850223993082	 0.18213937657534718	-0.11448555160406168
 0.47042084421133634	-0.6379660689098362	-0.6096749332646239
-0.38433250178186484	-0.008743092551984515	-0.9231533385124707
 0.9668489467065275	-0.21583674852176038	 0.13644637129668344
-0.14385107468775932	 0.36870916042542534	-0.918346570380461
-0.5704861650889327	-0.35139340610738273	 0.7423396861184071
-0.1383473795940778	 0.9894920255653279	-0.04201825677103096
 0.31745931352226925	-0.8084956523290778	 0.495534423045411
-0.8031967077798118	-0.536671606036776	 0.2585703693109078
 0.7227947670842423	-0.4169902308875753	-0.5510779182837603
 0.007268949088749269	-0.8623111449684205	-0.5063266254527771
 0.07548268699037472	-0.8899896460553028	-0.4496896639673517
-0.5375764147732645	 0.6657902150762728	 0.5174311430405147
-0.4439601832072342	-0.8106054878680947	 0.3818613606595034
-0.42094015367841087	 0.3621803881170959	-0.8316458101166301
 0.39742303721453137	 0.860147766742936	 0.3196885184962338
 0.5885166077133528	-0.4755534999347072	 0.6538326017761873
 0.6827364618704267	 0.4726054200620842	-0.5572387644094697
-0.6999346132995306	-0.4627980648961323	 0.5439756320219058
-0.4073865080834881	-0.5304933950879256	 0.7433794393172496
 0.8941706108873736	-0.4426334217742187	-0.06733923487646173
 0.5942354315533313	 0.8015300195792872	-0.06658738318821225
-0.9608917959428268	 0.19279131093435106	-0.19879252228890076
-0.1508360320295982	-0.06641848842372913	-0.9863250355927669
-0.09536459750364598	-0.993993044006617	 0.053697504685293086
 0.8682459349638733	-0.22346936277381538	 0.44295647677867245
-0.34425152958455796	 0.695909060184347	 0.6302392119917892
-0.4537255252551378	 0.2574045380313033	 0.8531565222940283
-0.9146135456886051	-0.0691995029642146	-0.3983635159404326
 0.31596485452003925	 0.44674207440518876	 0.8370111884940842
-0.8288760066068059	 0.20256888155003236	-0.5214694755200187
 0.962820610255162	-0.13885522942675133	 0.23172332150373146
 0.9755039486144195	 0.0559623408045627	 0.2127445948769323
-0.19246397863632783	-0.7197111355976554	 0.6670633389897908
-0.00883056216084332	-0.9989734672122301	 0.04443009090581669
 0.9965175892509976	 0.05436103621436752	-0.06322635569982173
-0.26240604213233715	 0.44652633905518324	-0.8554281370065036
-0.14845315080976335	-0.7107768488410265	-0.6875739474167661
-0.8628318627552817	-0.041819672220536334	-0.5037581678043721
 0.40198712569904466	 0.5715725040675604	 0.7153399355314641
-0.5568473438794773	-0.11965208311776608	-0.8219515889758656
-0.8627303448830731	 0.4558465920129213	 0.21886122673543468
 0.55968385240534	-0.821855743610288	-0.10633495216295735
-0.3631302558679802	 0.6399605227465327	 0.6771904802928346
-0.07797324903302372	 0.9966539008943678	 0.02451885534183582
-0.153079276507377	 0.2933919094789419	-0.9436566762103038
-0.14246638340163775	-0.8877719941423794	 0.4376804953581097
-0.06535354715195779	 0.020130771229978816	 0.9976590930394726
-0.6503517475038111	-0.6701117253621881	-0.3577609258301563
 0.006824795024989155	-0.8833201010987642	 0.4687206216582919
 0.4035325129648624	-0.2687673679015729	 0.874600258936346
-0.22496791235546137	-0.8378460893728403	-0.49739659119566154
 0.32664766382664323	 0.9299962378888095	 0.1685476230305769
 0.05281683711710625	-0.6186444395550124	 0.7838937677546682
 0.4285505248866805	-0.22721854765297184	 0.8744805196354146
 0.9634710917386856	-0.08684469844027494	-0.25334058841149604
-0.27340827394345596	-0.047152125038337316	 0.9607416889276895
-0.12616013247171295	 0.805664923494894	-0.5787811780152204
-0.2806651912870383	-0.9077367074207531	 0.31183508526261183
 7.831389222488952E-4	 0.17074404731578555	 0.9853151054356436
-0.03460315358587282	-0.5978305567245606	-0.8008753006606673
-0.6332994335660679	 0.6156058614610443	-0.4690002673556842
-0.09570911425624483	 0.7461338922645289	 0.6588808543754094
-0.3316174140459722	 0.8921152735055038	 0.3068553885459115
 0.04768175408354542	 0.3245728045683108	 0.9446581100388529
-0.9294666770482561	 0.17584800908387208	 0.32429797094356133
 0.8279045795268452	-0.2082591533090946	-0.5207707098728354
 0.38874896900349976	-0.9175994710966124	-0.08297861014703066
 0.10795490497891087	 0.9539991624058433	-0.2796986532322667
-0.6379110141539902	-0.535224840140103	-0.5537182573457631
 0.002124975629180096	-0.4698488219247424	 0.8827443395539317
-0.5880341959248833	-0.7818549855740391	 0.20716796556416484
 0.9900834966455995	 0.09718183158757128	-0.10144141796775336
-0.6702014685112296	 0.44871105551472584	-0.5911754225813619
 0.29558916964688486	-0.32064401946411886	 0.8998969138570032
 0.8498505304942807	-0.5195408843442872	-0.08849488862836043
 0.8391213120425903	-0.5032358617028609	-0.20646813597284402
 0.5336084266228343	 0.7296477616545749	 0.42764025880355555
 0.35533043848144025	-0.891165132250289	 0.28207266182654483
 0.5414635595853943	-0.7712612320439733	-0.3346241557137294
-0.4465314536801339	 0.6299091691447203	 0.6354715567999204
 0.3171229112909417	-0.24431314653340971	-0.9163755483235584
 0.9137204244941302	 0.39725529893227846	 0.0854588399903283
 0.7202460200501115	 0.6374561983040975	 0.2736699944196688
-0.22732110364509123	-0.6942243680993949	 0.6829184743251374
 0.9168303754058709	 0.3992559818694816	-0.0040894589576395655
-0.08999065444842799	-0.3836841393950686	-0.9190691830806912
 0.04256929827418669	 0.8410027340560093	 0.5393535539465372
-0.7812582845555133	-0.6228015320982344	-0.04187773190454012
-0.9037753282885641	 0.043239089699551786	-0.4258174927111992
-0.3834969725600123	 0.359589150161108	-0.8506619276326626
-0.7277997411384148	 0.22854565572376706	-0.646586745958073
 0.6956093867341475	-0.15131394637403553	 0.7023045427163765
 0.39041546136941974	-0.24862870445297616	-0.8864307840129073
 0.8073330802840075	 0.32869672932625116	 0.49007321658029973
 0.1580557523136768	-0.5699352503272525	 0.8063449569476885
 0.7103054271578627	 0.20861340390697758	 0.6722697731271504
 0.4835787305683537	-0.8752013031384991	-0.013201906171935313
-0.003918961117296183	 0.628950440414075	-0.7774355183850955
-0.9669067470684265	 0.2430091879752578	-0.07770377747033695
 0.9014005935864102	-0.32943624675425714	-0.2809781649995873
-0.5114700348158372	 0.05864706661367199	 0.8572974542497476
 0.9974831838349517	-0.02677552869546352	-0.0656534007463938
 0.5526526107672136	-0.3448804825058454	 0.7587045173179857
 0.012775014776033579	-0.4920908053566178	-0.8704501354362278
 0.9016342039325934	-0.1492679450961179	 0.4059246763447882
 0.9024245770821764	-0.3299736552218912	 0.2770329755418294
 0.6782475936685249	-0.20835552360358775	-0.7046759379081496
 0.49704589063525356	 0.5363890073518057	-0.6820793321855984
-0.5429393443695459	-0.8251557231062865	-0.1559964773977575
-0.7754351134160685	-0.6299662504678459	 0.042929106127335644
-0.247539483777852	-0.7742197902352291	-0.5825014338000486
 0.02716240608984149	-0.0766753504595832	-0.9966860560514081
 0.6026274917454804	-0.05555975231924634	-0.7960861888732745
 0.22311079161922695	 0.9551192343552626	-0.19485590272726866
-0.39279015018526375	-0.27814783600467086	-0.8765555768137903
-0.029466928909528935	 0.3973577254086226	-0.9171905680711758
 0.9190156126066558	-0.25837219780014364	-0.2977484024963634
 0.6217100157995235	 0.18855585966120125	-0.7602126965803594
-0.5649706295383582	-0.8054418617659185	 0.1790854407094054
 0.37215967716449877	-0.6075797489088329	 0.7016723048608201
-0.5949461874484202	 0.17290530063292558	 0.7849476358672768
 0.5359260192376858	-0.01617129181549173	-0.8441100587157255
-0.18518517329503922	 0.8825105655755815	 0.432297991250426
-0.6684969556050802	-0.1742494877221358	-0.7230137871267136
 0.13195150613766696	 0.9872689063635001	-0.08881951675065235
 0.40597017053183115	-0.9047891457833979	 0.1286266780683748
 0.2542316734754543	-0.09038024446828287	 0.9629110382645552
 0.15699364683146863	 0.19431138496187061	-0.9682954510523922
-0.7549586051256395	 0.407283177560422	-0.5139629537457293
-0.6195765022519006	 0.4592575334315356	 0.6365590906142827
 0.8844297026843687	 0.4662283708602392	 0.020376634036226127
 0.904400486222201	 0.15047261136979737	-0.3992715288479761
 0.5375576708948514	-0.7875424335515956	 0.30134476238642877
-0.003223103543740122	-0.7937668729012495	-0.6082135834459127
 0.20442872909934443	 0.8447291576514201	-0.4946125199915071
 0.5372794355897998	 0.5215774580905809	 0.6627878720254878
 0.37679526317685375	 0.6449118458610096	-0.6649165667327226
 0.43789877118560605	-0.8531204150908658	 0.28360222768752197
 0.3704249994553691	 0.906807515789621	-0.20120996269058244
-0.7509098610458582	-0.47992540072734197	-0.453658451173116
 0.08381753521646411	 0.09692790649203543	 0.9917558175948896
 0.3037936738486529	 0.8511025044920378	-0.42817511671852093
 0.10952402160569127	-0.46828812044651325	 0.8767614983220852
 0.5262604346970424	-0.7628997157729002	-0.3755449088273041
-0.2488402708671162	 0.9645185775539673	-0.08821809988914792
-0.19490217717689304	 0.4810005770156514	-0.8547816014879575
-0.9318397627234741	 0.34206076903519406	 0.12111600593856797
 0.717050391817139	-0.0468325536503693	-0.695446221870155
-0.9918684204384733	 0.05307214751054202	-0.11567360846583451
 0.3993572348703061	-0.7052078407190547	 0.5858290709286382
-0.3511126147719558	-0.08700500311990218	-0.932282178945895
-0.7029467495704207	 0.6306166388660328	 0.3289202366132066
 0.342046131281068	-0.5547793469775868	 0.7584354423698674
 0.7674809215744555	 0.2139682724284103	 0.6043100308725864
-0.4728882997033606	-0.872006644514772	-0.12641624866192253
-0.4080758153835494	 0.7706818434393307	-0.4894115089492752
-0.677888862880108	 0.7320489119099746	-0.06760976375151924
 0.14361371196651063	-0.5374302691418309	 0.830989655498394
 0.8037920101927981	-0.43147183610599404	-0.4095735086618068
-0.6434477650119724	 0.5178836429216059	-0.5637122546967948
-0.39531840227510356	-0.5670085573715296	 0.7226511306917855
 0.7626485854783307	 0.6420423293457719	 0.0784141721639452
-0.0609535165271025	-0.9462163560547746	 0.31774089500315217
 0.19174747699224473	-0.13745799890146085	 0.9717706538093824
-0.12465788615614232	 0.9838499738960016	-0.1284509255860752
-0.7878457530870974	 0.5333495416425834	-0.30795671087389975
 0.5464968959756935	 0.41304856399479867	 0.7285135732920607
-0.6901950512579046	 0.4966742967114504	 0.5262560538419339
-0.11293567957982946	-0.7048262160721245	 0.7003324477812615
-0.26613398031774366	 0.6491738592594826	 0.7125629831631617
-0.8885305626546695	 0.1836791554849155	-0.42044667565450516
 0.04011011597802112	 0.16370130484767964	-0.9856942027765999
-0.6807879713367893	 0.17776583649186378	 0.710582187688016
 0.8201518208617808	 0.4656474574968858	 0.3324506520730426
 0.9255325727161505	-0.3701537305728308	-0.07984780888941025
-0.9758644467619929	-0.07186767972704883	-0.20621255576845832
 0.01835052979641097	-0.9343154709764084	-0.3559745198048916
-0.6104218738384929	 0.4832757650937882	-0.6275584999125714
 0.4159328980440738	 0.7166763009668573	-0.5597989853126931
-0.7590730739449384	 0.48957034783402653	 0.42910248534989015
-0.03790822870348372	-0.13795844759449682	 0.9897122980613512
 0.9800889917570665	-0.14205139853783033	-0.13873344373316593
 0.5722283208441191	-0.3010300740562891	 0.7628470641862527
 0.36502619287603505	-0.11342976431791461	 0.924061452004795
 0.5138704604582003	-0.4548772131758371	 0.7273402716760988
 0.15771560365079473	 0.7083129280039808	 0.6880542016349386
 0.8791412876822539	 0.15892921192929907	 0.449279536466909
 0.8427340647033366	 0.2086592701729506	 0.4962465165212591
 0.38014166410331607	-0.3101288775238777	 0.8713853306881756
 0.3457446622905245	-0.520309009944131	-0.7808579657457362
-0.3349061787491352	 0.2716560731248456	 0.9022421123900396
 0.6791463910284045	-0.6830710173288529	 0.268652498291789
-0.8976337886030639	 0.4286084631302165	-0.10270524276425154
-0.38218401973180893	 0.8554410820039632	-0.3495081262024171
 0.35929145762496084	 0.4617201298096567	-0.8110019545021359
 0.31327323187950545	 0.2519478357833155	 0.91563211511604
 0.08817274458892513	 0.4671824389803274	 0.8797534517238615
-0.8268211156432868	 0.08280798088340077	 0.5563359425997974
-0.5103164847898878	 0.7221475347585634	 0.4669903889737153
 0.9736672340961201	-0.09109087633304096	-0.20898461545408037
 0.47525688424146695	-0.8729811901065446	 0.10970294299267379
-0.9950953608567243	-0.07205885796347947	 0.06776978523224572
-0.9816322864306364	 0.10318448360772875	 0.16047123287233583
-0.3218557386060954	 0.898095992650996	-0.2997206557956041
 0.06229410326072528	-0.9491050098260381	 0.3087379552663688
-0.6671465115280537	 0.03356388295158768	 0.7441700060585353
 0.22613359679228326	-0.9734098490216397	 0.03656312663673061
-0.9048107714529431	-0.23197204385358444	 0.3570804373430737
 0.012488640142516107	-0.9884472991901838	-0.15104956335925776
 0.37656335195628876	-0.4418145932125307	-0.814248062440366
-0.6794860493601361	 0.6377508783217614	-0.3627292735977847
 0.7588404886925877	-0.6467377103906577	 0.0767557599105427
-0.9691348167261942	-0.03925455409475637	-0.24338608627427274
-0.44756239886948473	-0.8387552592110207	 0.3101249978057969
-0.8259156106362887	 0.17015437316492232	 0.5375043194246338
 0.9854985354165818	 0.1253303569935624	 0.1143894151905602
 0.2191404410735375	 0.9731774683090911	-0.07002201269317582
-0.4760850441880449	-0.2123086719729512	 0.8533862305577407
 0.9209292862606492	 0.2959275629048686	 0.253606244443303
-0.4772034380719314	 0.0071561858349834745	-0.8787637155098198
-0.8547475463996876	-0.1849642143068256	 0.48496893854098794
-0.8188986032705025	-0.5589423693304646	 0.13033996059868455
 0.40240721546504893	 0.7343663888387338	 0.546602634356644
-0.649417682365202	 0.7603848117169689	 0.00846238391702562
 0.9361417331662754	-0.06676017532225421	-0.3452270765965264
-0.7906593692299463	 0.3679293044501494	 0.4893728525120009
-0.6980130424346399	 0.060377854537626195	-0.713535077815079
-0.7444686963977153	-0.5555888427408302	-0.37025315380937895
 0.5206892599584766	-0.8453763195463206	-0.11925423646232133
 0.5586722082050204	-0.6880865790498264	-0.46305747322641655
-0.810122986096565	-0.5443606523562653	 0.21765161971427185
 0.28525731465925463	-0.9545344601996762	 0.08655766127099211
 0.9672562537513947	-0.2495889691105759	-0.04605090745183769
 0.8078637962772756	 0.3647852834734916	 0.4629122850234509
-0.8609167856315968	-0.4285768397625803	 0.2741243889858742
 0.9361563729069706	-0.18677112603828244	-0.29787210669019887
-0.23322005427277792	 0.9610637791276655	 0.14820532626681257
-0.4253761631665634	-0.2735613054161991	 0.8626814777127639
-0.8313837797813399	-0.5035077389291971	 0.23511904974905776
 0.7884537284428572	-0.06915328263794848	 0.6111943566533916
 0.29723915571714343	-0.9268912179152536	-0.2291758156091899
-0.16924144464069338	-0.9617178452515239	-0.21553681713502498
-0.849014284580379	-0.24627917950823086	-0.4674626298638424
 0.3042407813363104	-0.6296523327781298	-0.7148254939486496
 0.2742138279415541	 0.6296128202656839	-0.7269074721879883
-0.47361351663060136	-0.5363499455131245	 0.6985835474822346
 0.4409784523329377	 0.12014932514050124	-0.8894392302154933
 0.22318650399546203	 0.8612660171277547	 0.45651794288415193
-0.7690822751096258	-0.3058028067286295	-0.5612460222657211
 0.862069346975592	-0.4072683926828179	-0.3016105059951173
-0.6358023996516761	 0.37853420104498114	 0.6726567975099991
 0.1008871399253746	-0.14158004127136933	 0.9847725000787112
 0.9932951049371697	-0.06096109322369092	 0.09822718371626753
 0.5574759961316765	-0.7769762754520769	-0.2924523570115543
 0.6204943948330507	 0.7729858798240459	-0.13221019466520753
-0.7070989721395387	-0.671340088877416	 0.22206649604402545
-0.20963575916509758	-0.27989935686510486	 0.9368613550071183
-0.3296755687952745	-0.7751009830532637	-0.539010654263324
 0.5372764164536205	 0.7790437418923684	-0.3231484187507227
 0.6770576124309948	 0.2007957689391979	-0.7080070964512692
-0.23647823917800442	-0.5259330476307729	 0.8169898847630109
 0.47972133214225654	 0.6792464862560351	-0.5554202502578465
 0.11125399100378601	 0.19782740157819398	-0.9739029051556164
-0.9334770693003036	 0.2697175087805881	 0.23637475869413335
-0.5500415544791287	-0.5441501396416004	-0.6335257799602242
-0.664110713107962	-0.01373274918551561	 0.7475081085413338
-0.9979869993854911	-0.044816916998073955	-0.04487084809017399
-0.42428274563033597	 0.8874085891849129	 0.18025023606427285
 0.29302747570916604	 0.7898229493068623	-0.5388085070112792
 0.4798858783212601	-0.8165308662210233	-0.32091570278840825
 0.3562515875029029	-0.0028562162745356767	-0.9343857064565226
-0.9376617411179583	-0.11631759288474154	-0.32750675844803345
-0.9070477908447556	 0.34324524603364864	-0.24381756745351307
 0.9230669399227833	-0.3505210501526251	-0.15837429659351193
-0.48734080510151595	-0.8172281400810891	 0.30763144628371447
 0.8720267689841966	-0.15623623448917176	-0.4638529435151048
-0.22034462908120417	 0.10360381822305932	 0.9699043732681432
-0.7752201588858354	 0.49869694788269575	 0.3877306531982017
-0.17971010478359764	-0.4413242534765597	 0.8791684602691486
-0.8478379606002865	 0.0545613679141705	 0.52744084947649
-0.7154486897752015	-0.675380149796373	 0.17887097461571724
 0.9282920867355383	 0.3569044835520798	 0.1043694942241414
-0.3625895814491259	-0.8073847143286964	 0.4654661303391655
 0.7666026879119419	-0.05888067046942492	-0.6394164413989188
 0.17645695382439536	-0.6749606160057207	-0.7164433754932719
 0.06178242318166887	-0.9101289978115974	 0.4096927379491348
 0.9187313912791801	-0.29147270357234517	-0.26641376419106033
-0.7249433879758894	 0.06920916604665912	 0.6853226798852968
-0.47146700602038194	-0.27607719022546223	-0.8375561158939686
-0.2948792560131307	 0.6208011117770579	 0.7263967263069898
-0.8341844451999869	-0.43841741065004286	-0.33455415918099346
 0.2479477610302844	 0.18525579849201923	-0.9508954710824705
-0.7537472758656119	-0.2793030515059571	-0.5948569992398425
 0.40147407296227167	-0.11269164260140731	-0.9089109760734994
 0.9045788233811171	 0.07711592864886992	-0.41927352150959435
-0.7001155455820144	-0.5810859287388033	-0.4149426059784182
 0.5749525250302672	 0.376615855152417	 0.7263539712902611
-0.8490069486568697	 0.3605138511236089	-0.3862861171209445
-0.14406846880630958	 0.6913410033790462	 0.7080196984142878
 0.06481265271309723	-0.40640297013565235	 0.9113923117479166
-0.10630181021213532	 0.9307358163163115	 0.34990107940906995
 0.28295956636403824	 0.9439395829615125	 0.17003513613815632
 0.4198060162110957	-0.37680757252415586	 0.8256990747490408
-0.3701129296473122	-0.31735922517811954	-0.8730976700817769
 0.9390504189955539	-0.10761265600979704	-0.3265024147702305
-0.4178926438179775	-0.7322836604678468	 0.5377047320366748
-0.13700222353275732	 0.905948134252452	-0.40060999587077417
-0.3000770133472518	-0.952200088722785	-0.05717322010271316
 0.2051727571422683	 0.30928594588192965	 0.9285722068889203
-0.30119710052485454	-0.6713414690693594	 0.6771860442619997
-0.16523422849935068	 0.9793670253748834	-0.11635239293017155
-0.9342565708416549	 0.08533881957381928	-0.34623972289865684
 0.11698857946371924	-0.6324020030066333	-0.76575543019182
 0.9569852195188833	 0.09288925327456196	 0.2748651965027382
 0.992299725989531	-0.10329002264985468	-0.0683551389589263
-0.31387051906077523	-0.8668598838583227	 0.3873489886673966
 0.833951174442822	-0.11977626188134395	-0.5386827319816089
 0.1772966717909256	 0.8674476159314117	 0.46486613534088617
 0.3243629490314605	-0.5257356190296971	 0.7863782398941843
-0.5646841481327977	 0.792695945079242	 0.22970622869757815
-0.601418257185569	-0.7491386563027373	 0.27764609407805835
 0.8511726778966731	-0.2981394990295395	 0.4319929530913922
 0.43209169201092684	-0.04433677990798078	-0.9007391518317196
-0.16514153822292144	-0.9603701513422856	 0.22453829242283602
 0.1324893855368076	 0.8725710535324164	 0.4701769020883606
 0.6184180025507671	 0.2536172783683646	 0.7437993346556202
 0.4095910663866623	 0.8383025089553695	 0.3598389387147661
 0.1125152046323951	 0.5323937678771106	 0.8389858191007424
-0.15659561899013616	 0.6732957973193775	-0.7225998764358875
 0.706465209459952	-0.37635847981442216	 0.599384019218467
 0.6324029865971361	-0.6453293947744773	-0.42850488303288864
-0.1694573447458191	 0.6043146768340603	 0.7785165249849496
 0.2149207942683861	-0.9699179927753274	 0.11431596337225011
-0.9796401648059988	-0.031767270687596896	 0.1982321568563907
 0.8515956210265726	 0.2571822728346163	-0.456773660348303
 0.45890617552863755	-0.7221287464660526	 0.5176245701172295
 0.05287694541568128	 0.31530431509830775	-0.9475163415603417
-0.6232054369174022	-0.13201987357868564	 0.770834441613021
 0.8359313764328702	-0.0737998363254108	-0.5438495362261418
-0.34765811454248113	 0.8733942811788538	 0.34105170428666737
 0.9581736886435368	-0.004718241629535555	-0.28614842405151214
-0.6924237942582443	 0.1507016367814741	-0.7055765768620732
-0.56094948631377	 0.8258332332652364	 0.0577507111558222
 0.13135509180553295	-0.5969856188819853	-0.7914253033008567
 0.7898711590454016	-0.46886753518057084	-0.3953059404587415
-0.18339542401300143	 0.1198144911308817	 0.9757103085271464
 0.28837280617176364	-0.6331620176776742	 0.718294496728855
 0.9811446000020877	-0.09894549964800815	 0.16602729289532184
 0.917183912222421	-0.37252055876140494	 0.141428796432923
 0.8900784006700562	 0.11814411748857212	 0.4402299491896038
-0.6376046034098148	 0.5843624501434539	-0.5019769880910401
-0.7158953260870351	 0.6754045235509433	 0.17698195290385074
 0.2908379620108686	 0.32504994805596005	 0.8998643292864666
 0.27858584780893575	-0.9576046640013458	-0.073370517808217
 0.6215839679785563	 0.6959318989253332	 0.3596000039074147
-0.3687020240227302	 0.5795434874171697	-0.7267655493168942
-0.033082185840986315	 0.5465515856556165	 0.8367717330295723
 0.3586594177212775	-0.5815818743310107	 0.7301547408114685
 0.5114961705102999	-0.7524289182859674	-0.414996855988461
 0.14941764978670402	-0.809803094795373	-0.567356425531653
-0.6731010548011078	-0.28188734721081266	-0.683721064110275
-0.16558456067406283	-0.6198674365743563	-0.7670372313917454
 0.3480812413716257	 0.05090508530916414	 0.9360812580619563
 0.16143173889903445	-0.6192468921227423	-0.7684224621081549
 0.17222233655432714	 0.5449511947750925	-0.8205898257381501
-0.4714312589107086	-0.859628199784385	-0.1969566608605097
 0.3183684393798362	 0.08739914979973464	 0.9439295129516458
-0.033810998130706336	 0.999334407466715	 0.01369519837588894
-0.18558066999709913	 0.09900884563164958	-0.977628284886498
 0.891903245630669	-0.44922976518477753	 0.051973247979205474
-0.7807695183025718	 0.2324396314719805	 0.5799748072207447
-0.14518073717720442	 0.9820665851777526	 0.12028206778232373
-0.46884509974998306	 0.7076582683027527	 0.5285868403045787
-0.9525721787058771	-0.23993749258630775	 0.1871797104574485
 0.21424521556883047	-0.17452154530798855	 0.9610625462628212
 0.1690720570832708	 0.956439421362767	-0.23798796771451813
 0.33018188181174624	 0.7801614899672378	 0.5313454380112372
-0.156813157517569	-0.9823477321067112	 0.1019929745334019
 0.6606731578969308	-0.7101838622245324	 0.2432074428761245
-0.7412410681801102	 0.6258392045339375	-0.24266637367286273
 0.12585616384266035	 0.3464277179958954	-0.9295956444750403
-0.10447057656919984	 0.8956644745491613	 0.43228584022828426
-0.43679143234958673	 0.8995098262318252	 0.009763049645875906
-0.03845614657726567	-0.24644768550218257	-0.9683928247880842
-0.9753903616953785	-0.16233494594904893	 0.14920123201729332
 0.6539317818529237	-0.019235875744153332	 0.75630893540075
 0.2010894161065366	 0.8453333874634142	 0.4949489981498713
-0.035594498316362175	 0.4786861864036549	 0.8772642513153788
 0.215050686305759	-0.7236641509444228	 0.655792191900231
-0.4056696490946957	 0.0703972488357216	 0.9113047586618583
 0.7806862086254619	 0.053963257441750484	-0.6225889579074441
-0.05099850207117594	-0.9704849446435834	 0.2357077109613449
-0.22328079876660137	 0.8651068434803915	 0.4491501244189318
-0.9927845333243371	 0.008484687311092977	-0.11961137267505542
 0.26076377222787495	 0.07068862797423835	-0.9628111824073341
-0.06872310970202698	 0.6647559796410369	-0.7438928832327731
 0.3568995428222396	 0.0986320040372113	 0.9289211183479895
 0.9107708052353988	-0.40845845612252357	 0.06048330309157841
 0.5498295210091106	-0.2752226866324727	 0.7886317078267243
-0.9983538730588998	 0.04510083107203381	-0.03543245948147118
 0.0751682562745716	-0.9355814191262065	 0.34501759583307295
-0.33975779412581514	 0.9160156394234142	-0.21326037996419686
 0.9294168178573782	 0.30299291496569675	 0.21066483371567973
-0.8351115763719539	-0.10676562471068766	-0.5396200111093794
 0.6568506765310359	 0.045060741289931185	-0.7526730487636198
-0.9009396323647793	-0.39072540050254817	-0.18878940710892622
 0.48244181906897055	 0.868533016274632	 0.1135794473235053
 0.9179155877504611	 0.3944088435100918	 0.0432739867097702
 0.07270378286534468	-0.803626011514876	-0.5906770636936574
-0.8656904763714184	 0.16453715287518889	 0.4727658241069815
-0.05673644386927341	-0.8265835605103808	-0.5599469559083702
 0.045719733974125217	 0.967544970620723	 0.24852854112129621
 0.45784857603354084	 0.8854947600953089	 0.07920676276562594
-0.7340090213167764	-0.13907141794372174	-0.6647479953611826
-0.10284488733544386	 0.855528653444948	 0.5074383236252795
 0.946765296090122	-0.24369477906885226	-0.2103528672824943
-0.3962290610350011	 0.9054009160309033	-0.15248512203399486
 0.7739966811074512	-0.6029039773832675	-0.19348367292897584
-0.40357923406952606	 0.0264145831280423	-0.9145633229175694
 0.18708363865262098	-0.17559834970396176	-0.9665220803115367
-0.39842885415129387	 0.9171562545608283	-0.008879915519874163
 0.05899805645169337	 0.8584755239758486	-0.509449707104946
-0.4179689892354306	 0.830221539142655	-0.36882803578512496
-0.3180789831846517	-0.29584527776375746	 0.9007226721256123
 0.7415615377266042	-0.43143281149059975	-0.5137628002627974
-0.03091099548457362	 0.5046389449350376	-0.8627769385032291
-0.9221053130061917	-0.20655075185273392	-0.3271980724803
 0.46908459536628144	 0.8608194465324791	 0.19735633473888928
-0.9219669758727578	-0.35609523157814366	 0.15222707199230306
-0.46776541988215975	 0.8416699894627292	 0.26979092052972464
 0.4699141793941058	 0.5499725484708857	 0.6904425102300724
 0.05472177709242647	 0.5875745555457789	-0.8073175761662985
-0.779258838724935	 0.4391831959091181	-0.44707245799771533
-0.8894318336301508	 0.4483746275262344	 0.08871982143815597
-0.4826609648266649	-0.7883297809493103	 0.38154232989408327
-0.12193613000402383	-0.9205229837303097	 0.3711724890450393
 0.7277583098240648	 0.47360306979197864	 0.49605239115000216
-0.43915689403309627	 0.09813196395831006	 0.8930349041739013
-0.12715579749780315	 0.32988259410705806	-0.9354190917807352
-0.8956047292277716	 0.4010793110698591	-0.19242545366083302
-0.10530324261636803	-0.9830162837552012	-0.1503004090699431
-0.7450082019050841	-0.6587117362473632	 0.10517427263422297
 0.17976123358324417	-0.43706345264158086	 0.8812839708434795
 0.8491823740795846	-0.4714791638725517	-0.2379005960198498
 0.6961439087465977	-0.30725895742912773	-0.6488263183584448
 0.20161419735166192	 0.8979602848357962	-0.39117648482987993
-0.32390762329429	-0.1687449553940106	-0.9309183592565555
 0.14490407783476209	 0.03998162340208792	-0.9886375867915356
 0.11296926339558266	-0.5670693560809362	 0.8158861997373233
-0.006084095783941223	 0.9847048353686423	 0.17412458465164263
 0.29234551160494526	 0.8853090093502641	 0.3616103701606149
 0.991920401727983	 0.08850779927009071	 0.09088611612431356
-0.6541907026399963	 0.4330701610365882	 0.6200683512316457
 0.06633063322566214	-0.9801443716482136	 0.18686160071617497
 0.1093963225152355	-0.9028268872664571	 0.41585581184937503
-0.33431895137919043	 0.4232603180359018	 0.8420697963499615
-0.8884755583530314	-0.18893590997661774	 0.41822769412196553
-0.7025248733150844	-0.20256672819311985	 0.6822210221055633
-0.18578921400116424	 0.9334575599568474	 0.3068213677699751
-0.4268229308047229	-0.5467965809797426	-0.7203024953227155
-0.2893808698656989	-0.14117555061242634	 0.9467460990492909
-0.08981620680555452	-0.6384701683564424	-0.7643879205704116
 0.7074094636736901	 0.6957685565103998	 0.12441047574998125
-0.2369892450081096	 0.22175012327891672	 0.945866259349741
-0.040731364356374734	 0.1850313216393853	 0.9818881636775396
-0.22358969275359286	-0.441329051414956	 0.8690433347489233
-0.9706082421868331	-0.11794270840563936	-0.20978359738770894
-0.5136518595680727	-0.8490456639742289	-0.12362535196642283
-0.5528329083744291	-0.8090093907825133	-0.19969872569442476
-0.19772897364666744	-0.40557154805020346	 0.8924208493714144
-0.4884378617305563	 0.42739111067318547	-0.7607662543420435
-0.6332447055541393	 0.14693221939491288	-0.7598763490143228
-0.3094370819982537	-0.940916211902345	-0.1375695259268828
 0.32059082226940466	-0.9451778048045935	-0.062132455137366184
 0.24756914102133823	-0.07946333868065367	-0.9656060781807871
 0.3983453557481738	 0.7624208684103887	 0.5099366597590425
 0.6071166608451185	 0.23211426779857744	-0.7599554768594036
 0.22931606968129753	-0.6908797899254664	 0.6856378461392469
 0.9057892055513128	 0.4030756116798901	-0.1306750411348851
-0.0914628251101619	 0.9054570917016239	-0.41446592949252764
 0.0426854246304298	-0.9259823110016545	 0.37514625712667704
-0.6652879542260692	-0.491088622434771	 0.5623378903086741
 0.014526471922891698	 0.9302068383184847	-0.36674816912835667
 0.676210009985187	 0.7153939747162285	-0.17593033659818286
-0.8148108236120373	-0.5529027109672711	 0.17430408466159322
-0.4471074699303763	 0.5704499186843703	-0.6889715528274394
-0.9206714485387102	-0.13770796573046384	-0.3652404687599807
-0.4423325889659554	-0.8749467171209273	 0.19700285007579757
 0.14409542065136702	-0.7163138038527734	 0.6827379029739566
-0.6605613150834644	-0.6944830615086203	 0.28522276608436753
 0.8822869756447843	-0.40003726947478324	 0.24807231937227403
 0.5288467208920588	-0.8236635972284161	 0.20469348891076702
-0.4746870618026479	 0.504534150976794	 0.7211917108892024
-0.2316816849109792	 0.8490646170982395	-0.4747766557747226
 0.016327610116758273	 0.4081517758843263	 0.9127680630863164
-0.42016985747549856	 0.6936323802051018	-0.5850909433584015
-0.5750619740508255	-0.03399371735621683	 0.8174032989785845
-0.21310422328847298	 0.7044986827101034	-0.676955091624508
 0.8868149893483408	-0.46204482776776123	 0.008587886827499133
-0.24183817391161305	 0.6277518331737552	 0.7398931906607101
-0.651720826234141	-0.38628058115021385	-0.6527229713124411
-0.849533051717116	 0.2929281230576745	-0.4387330723368272
 0.8366743385423432	-0.5364715145628117	 0.11033750625882129
-0.3365380814954334	-0.9257904475800758	-0.1722038526655429
-0.11707583795539253	-0.9873424109625555	-0.10699631620616919
-0.6138585948427495	-0.5531570322829047	 0.5632006065103753
 0.1235243313743606	 0.9809541187935505	 0.14990248957400926
-0.6854470994828983	 0.6982655098990902	 0.2063675156022508
-0.32587377522497807	 0.5548203484173795	 0.7654937384477016
 0.5047474123715066	 0.8081109889539345	-0.3036225934217711
 0.0474402714658025	-0.36889386285983944	 0.9282600597826005
-0.9684424532511279	-0.15838866144242975	 0.19243764358205043
-0.3784281595198559	 0.21871855291804604	-0.8994188805511314
-0.9904588743933144	-0.12010063724930525	 0.06757999014382642
 0.7019771604693	 0.05219607327592669	 0.7102841939069408
-0.6645973299520846	-0.6402073062434738	 0.38528560063027967
 0.8865597026508569	 0.41800713271879836	 0.19819669682371854
-0.04894139365280038	 0.7470931795990898	 0.6629151687688584
-0.14050964493286378	-0.8356747195596808	-0.5309470809503427
 0.11795699131045179	 0.2729968478113827	-0.9547559213149895
-0.39230553227934195	-0.19897675702758166	-0.89805602247622
 0.23267223632038497	-0.05254150463141369	 0.9711349137667423
 0.23208113327247396	-0.5971164300192383	 0.7678478472848931
 0.273331539686161	 0.8117884224229706	 0.5160323891315514
 0.2747635779395272	 0.9287137541229736	 0.24898943580136518
-0.5461607715915979	-0.6582953611772043	-0.5180305290492486
-0.7267622209343136	 0.11357662948144262	 0.677434146953236
-0.3968163940300503	 0.44817796818633154	 0.8010451037621785
-0.14275379346138956	-0.550313064098841	-0.8226645038741661
 0.03172676289304265	-0.9869302569065916	 0.15799392557506
 0.6177262000995016	 0.3013176950364507	-0.726375927718252
-0.1776509403534539	 0.335627245482946	 0.9250916146420656
-0.5500626579157675	 0.7323759251501354	 0.40131854757427377
 0.7471193566884431	 0.6288187798118956	-0.2154056847377193
 0.33435544221763897	-0.7317966905476506	-0.5938687076812125
 0.058623446104432944	 0.8347455217229349	-0.5475063520456595
 0.7885252932568493	 0.17419945774341747	 0.5898155735618543
 0.5645665514079817	-0.37328223117965104	-0.7361555439693708
 0.8209655286805089	-0.4999751707601452	 0.27575429161065895
 0.3608906800701934	-0.7911595709624282	 0.49378583445965707
-0.41305752749960195	-0.23812307385908302	-0.8790226849585949
 0.1590355393843432	-0.6020991768404576	 0.7824220590325752
 0.5494411897197496	-0.4385125389476195	 0.7112110321311519
-0.9707553460717423	-0.23354407055741436	-0.05559878758215097
 0.9718522112328196	 0.015247363586050283	 0.23509742113760765
 0.5277541228484868	-0.5807764086229833	-0.6198179966759707
 0.26693736200489004	 0.8541717590929411	 0.44624550500138477
 0.44853825657775737	 0.8518378956340222	-0.27052843094208523
-0.9856959914162114	-0.08205410284544486	 0.14720915974300242
 0.5826034736458044	-0.20129814390501213	 0.787433965330579
-0.13369622165201173	 0.9880168673025213	 0.07712321467423472
 0.703002947329543	-0.6525457291219819	 0.28279131431258037
 0.5845259485423803	-0.8111359359307548	-0.019695403584820827
-0.7095400665546372	 0.6689612031718384	 0.22145835410868459
-0.0958467526144518	-0.45295666939152446	 0.8863654188126934
-0.34551573279490383	-0.7338373143369914	 0.5848945840729528
-0.7297204747204257	 0.6831123742891749	-0.029419600044914816
 0.1807740774874265	 0.9634949862279913	-0.19747947848344366
-0.14918994512236608	 0.7567027541521795	-0.63650868189907
-0.04011426041184781	-0.7494439615942023	 0.6608514163876765
-0.6594822168759875	 0.7374130515067189	 0.14596299905072518
 0.8241883807546373	-0.5088236737729953	-0.24862015613622654
 0.06115168200524242	-0.33528381579109556	-0.9401304349166091
 0.2686931792404179	 0.9056793573729349	 0.32794645455961896
-0.014287530823513347	-0.820119911073791	-0.5720132847437063
-0.3229815279645501	 0.7745554527573	 0.543826059689694
 0.07525687962854381	 0.0034444197190076015	-0.9971582311957184
 0.45997994230749456	 0.6307485803250794	-0.6249597435776892
 0.2645473782478988	-0.7317024749725198	-0.6281927831336905
 0.6467791578854184	 0.09481327946901004	-0.7567609681804158
 0.8713015142250646	 0.2567753328198517	-0.41821059260181825
 0.7695142016944818	-0.02981914086271227	 0.6379331565522471
-0.789342652002976	 0.5485807686613428	 0.27567611065132025
 0.6294978303805187	 0.7756987687260343	-0.0449877954909328
-0.28855545060337784	 0.9174498102051717	-0.273900707705504
-0.6089117814258072	-0.7916834843290502	-0.049635703696681965
 0.2608323948077564	-0.9349004892904872	 0.2406814013239458
 0.583789243469805	 0.6832593633721249	-0.43857355320775027
-0.6687957285478705	 0.0799974902798017	 0.7391296740255098
 0.9012874017142797	-0.3786028783351075	 0.2105727428407927
 0.4136264835394733	-0.7687661398326497	-0.48776198535922877
-0.7377093060136041	 0.6732225813048058	 0.05056021995818834
-0.9764985452188921	-0.19229770973751564	-0.09732513557706146
 0.12405175895190775	 0.33184476831817095	 0.9351418132244955
-0.46045607757246504	 0.048254191936855526	-0.8863699755672578
-0.3324554330868189	 0.6685445086593472	 0.6652229888935646
-0.5257106830625313	-0.7685599670785536	-0.3646146660765844
 0.6764087741057929	 0.3968470020088558	 0.620470488669108
 0.40291734854962014	-0.813044804014206	-0.4202567749641227
-0.5426715107078836	-0.2167337323168934	 0.8115011526436747
 0.026356872856687988	 0.27998320147907885	-0.9596430180763792
 0.18088713617188715	 0.6762235638402536	 0.7141439180408384
 0.45516525159047755	-0.8845282472342194	-0.10214878163412831
-0.7682551509961595	 0.6389523053784323	 0.03903811495775748
-0.5117578190115823	 0.7780940847322891	-0.3642437782380498
-0.7222444809614226	-0.6785855055474884	 0.13373339665777126
 0.1651351331399158	-0.8679219045367228	-0.46844632075426795
-0.8429083651635417	 0.5240063697948066	 0.12215896345251843
 0.09905182490866744	-0.2949345322183752	 0.9503695900476777
-0.47685701576068357	-0.7404818897795408	-0.4735968300446439
 0.93904697522119	-0.3435310117264471	 0.013312487000461328
 0.6702690336980253	 0.5092187711520902	 0.5398478170483519
-0.4624497901762062	 0.876747150898938	 0.13211595269526527
 0.5128067624680355	-0.8500282822693211	 0.12033762383111518
 0.8323670693663452	 0.3484974594125898	 0.43094614816407417
 0.5381792892874387	-0.8060588004514228	 0.24623619310913888
-0.5696508358252261	-0.24113235646903555	 0.7857182140610661
 0.18910052366461041	 0.9813011820674868	-0.03590239577971208
-0.6337031616258637	-0.5675701780029525	 0.5256276210275497
-0.5247159414132176	-0.7882428121772759	-0.32147542655341543
-0.7469162255359717	 0.571489667196554	 0.33987602492477936
 0.7282029455584461	-0.6639412201334306	-0.17000743009567024
 0.9889021277719705	-0.13997785590312253	 0.04978736330469757
-0.32173629015068805	 0.7550677821217426	-0.5712778693436538
 0.19265617734530122	 0.9687297328107404	-0.15635313268088724
-0.24746932803331578	 0.13551089622472787	 0.9593725703224533
 0.8181261424354341	-0.5746380002517812	-0.021465873621862624
 0.28982281900572265	 0.8732888943331497	-0.39162385093091695
-0.38502207575783187	-0.909730755821654	 0.15539611671883163
-0.6516907443684642	 0.7418896487978023	-0.1577939248233295
 0.7902695023937958	-0.18561912191598617	 0.5839688820180412
-0.18864902556011087	 0.01809637079747139	-0.9818778266766091
 0.5485654317709562	 0.7759538893444861	 0.31140251873918634
 0.8414940192375582	 0.5402037702256227	 0.008228135964032948
 0.6404816642418665	-0.1851765123299037	 0.7453139587122343
 0.4175363868924828	-0.8037049307998393	 0.4239360209144729
-0.06696434279184142	 0.9259079957931903	 0.37176627082172803
-0.5579270091308279	-0.7411901864183067	-0.3733022368530959
-0.2858968687730992	 0.5835372266960873	-0.7600968921693975
-0.2598143343501636	-0.3509352742147902	-0.8996337838131534
-0.9573776848947989	-0.052387492897868405	-0.28404844490570774
-0.6487300615131782	 0.10294790758937312	-0.7540232328065745
 0.4804921966154027	-0.31521490561042054	-0.8183928227157901
-0.5186469132609874	 0.3860115219431609	-0.7628895623168367
 0.7119686281996147	-0.7019599162972805	-0.018786920223222512
 0.8319127807807916	 0.5536311563191073	-0.0375987755962686
 0.36347070689933175	 0.30139303892454744	 0.8815051226816133
 0.05430778923071176	 0.06315469175967463	 0.9965250367841307
-0.2527863971534595	-0.21043274901154416	 0.9443606808617236
 0.7467561001038702	-0.536519758758184	-0.39306726576976436
 0.5129295972892045	-0.8257993939167362	-0.234432483311263
 0.5814249258782016	-0.4299413772320048	-0.6907209767419653
 0.4631286178954257	 0.48062699980158174	-0.7446539937098325
 0.6740394159410616	 0.3828156798319368	-0.6317618388543618
-0.08968647563225018	-0.8067400841852539	-0.5840605898855318
-0.9007212714593706	-0.4083075823345988	-0.14827713697225667
 0.2621597541489922	 0.20122486772737522	 0.9438118540856754
 0.8483780189775312	 0.2442580151074276	 0.4696730341115397
 0.9515084148565006	-0.07986113268000603	-0.29707564010590926
-0.4548134102570858	-0.8040410991154089	-0.3829656287235252
-0.3385773022755453	-0.8944718592255232	-0.2920368186332843
 0.4048338407983314	-0.46288785790742276	-0.7885711079835152
-0.9728505616236188	 0.0552694321435557	 0.22473779081217768
-0.15760094765747806	-0.03569509141945633	 0.9868575387288792
-0.18150992378602038	 0.9829736436306419	-0.028582573269269176
-0.44495075354617863	-0.8955529878974348	-0.0019164515816357188
 0.5550686703498635	 0.09679723765968694	-0.8261531734354643
 0.4011496488862045	 0.5342527253470478	 0.7440786145681965
 0.9800385594563461	-0.015666103136274073	-0.19818929131326335
 0.5664341249145797	 0.426028979769284	-0.7054443213528602
 0.9007948897073808	-0.3981187623805227	 0.173407086699675
-0.7803447163909845	 0.4044991827778314	-0.47690935693561376
-0.3171290841840072	 0.9483048389703438	 0.012127503866953224
 0.6389678597022379	 0.3514545253332779	 0.6842512629804212
-0.858797903990073	 0.5063417785106759	-0.078001047665419
-0.9052907272163156	-0.19200521948876742	 0.37892307254273194
 0.8309913699408756	-0.16478826392564053	-0.5313173921077308
-0.9708456820038858	 0.0035132368722406767	-0.2396796171998976
-0.13906776958397335	 0.5462510837111635	-0.825996312950196
 0.011121747564984847	-0.9119195532638072	 0.41021827739173106
-0.9169919702454943	-0.3489147769135076	-0.19334995463325952
 0.7129912245128422	-0.35931319329804307	-0.6021109058052686
 0.9056372224113999	 0.26060003277661276	-0.33452779301545826
 0.3728212369819355	-0.9190936734491478	-0.12755839714033246
 0.4354383750246345	 0.7368233006403627	 0.5171893707234783
 0.7589101752326683	-0.4452381851130507	-0.4752034347998311
-0.8729149054271673	 0.4079109775510648	-0.26763445644463235
-0.082441544678211	 0.6961784787776726	-0.7131191467054272
 0.3385970784666014	-0.6772282695712125	 0.6532334110771304
 0.3742479634218556	-0.45313850804699035	 0.809075988025563
 0.12527271466909226	-0.23639181596108141	-0.9635484711762343
 0.6452304418538509	-0.7629654459047651	-0.03951462084377608
 0.7520356294586749	 0.5069623902773257	-0.4212262419045079
-0.4119325600853246	-0.1585091964749391	-0.8973217932126799
 0.5215706127473114	 0.5004708424335339	-0.6910087060177048
 0.5723235690186899	 0.765748624775116	-0.29338503029419827
-0.3970349970329141	-0.6160593365507283	-0.6803191199575022
-0.8699599613464527	 0.2597621763704645	-0.41915781918193806
-0.738822348230705	 0.6543247524374088	-0.16124718944090266
 0.6068047553260004	-0.7770925935950158	-0.16707809519360764
 0.5651534232823073	-0.7417419097296903	-0.3611378511079129
 0.4375872053899969	-0.8938139099180826	 0.09805168084190322
-0.11017977641039611	-0.5775896645895221	-0.8088575871125387
-0.0033474718418098964	-0.9975762430391417	-0.06950132197432989
-0.5739919909437736	-0.22128956760588503	-0.7883933799831169
 0.8876635927483834	-0.2127756907084732	-0.40838688954539676
-0.3761386452926883	 0.8947580725613433	 0.24068176313067732
-0.03052356991140326	-0.5044851965237218	-0.8628806395836479
 0.40132738129534135	-0.3581377228193767	-0.8430146526107213
 0.4393658763983103	 0.6781808848643524	 0.5890910914802131
-0.11306448128862893	 0.977995413527247	-0.17533223945014248
 0.2897540661911335	-0.47772045706840444	-0.8293526065697623
-0.7172236962529345	 0.3428094178971797	-0.6066892718140606
-0.6887174853844563	 0.6914533708951804	-0.21808361057952771
 0.6486255669771298	-0.5611782349723444	-0.5141632643984995
 0.8482418995672759	 0.2957934774745585	-0.43930843208616793
 0.12669187805308374	 0.9083544528608067	 0.3985490634831894
-0.8435842517964797	 0.4233036248737965	-0.33042344240334615
 0.23269307036867937	-0.4346050963259035	-0.8700415767363932
 0.02055813156576135	 0.8303161534917681	-0.5569133222299134
-0.06715568537211018	-0.155489800638125	-0.985552147691698
-0.5716875729931227	 0.6488012716765114	-0.5022252768988977
-0.5126656899693383	 0.5882002761212853	 0.6254552945647721
-0.16731924261825817	-0.7908403672328326	-0.5887068749426075
-0.21858906080303717	-0.8169101728790686	-0.5337383178524249
-0.818609452856018	 0.542911487537688	-0.18741846332308237
-0.6973951368422521	 0.5449323957373203	 0.4654983428378248
 0.6399324237422109	-0.764532268976074	 0.07731043097613427
-0.8354943811265664	-0.5339838666001111	-0.1296548083054789
-0.8979709799485415	 0.4095792925863213	 0.16091277840726265
-0.6761588768634407	 0.6903649661536493	-0.25730407448472503
-0.1497747136362874	 0.30259579708804735	 0.941277492952964
-0.4954183651326401	-0.5581717441566608	 0.665586168361703
 0.7619713108311522	-0.5990223168214441	 0.24611376519838354
 0.8562686880369821	 0.09040816781072725	 0.5085570735724092
-0.22758646992049378	 0.943975503192438	 0.23898671109857067
-0.10020583328262453	-0.3450583307413313	 0.9332167697604564
 0.807832957002415	-0.3375664601023577	 0.4831716036717158
-0.009438422137756797	 0.08711575020439828	-0.9961534832815043
 0.19586522209929688	 0.9410666104669047	-0.27573619536855193
-0.4033882631930982	-0.862690501111249	-0.30502952055576177
-0.07975844123594926	-0.9749938784669998	 0.20742595788253876
-0.6837751065410184	 0.6257180473005672	 0.3754044871297943
-0.10142569419334921	-0.2515550984919352	 0.9625138237865004
 0.9866865439147341	 0.08586595847054772	 0.13811843191092035
-0.9167553085820321	 0.08656212187507437	 0.3899573095136797
-0.053170557127867335	-0.9093660453857421	-0.4125848850287767
 0.02107004102053671	 0.6641068654088786	 0.7473407018811342
 0.8426972924025224	-0.07004940647630907	 0.5338111595215809
-0.3521155190568924	-0.2789254431092547	-0.8934289330582491
 0.4118430415658261	-0.8529594619173578	 0.32069528440477724
 0.34942998873384024	 0.677283945934206	-0.6474450861295188
-0.29073732289648124	 0.7994794328137034	 0.5256466927346414
 0.7531307903639418	 0.06951833320336276	-0.6541874455799429
-0.3352904626059086	 0.057749715385652656	 0.9403431693049041
 0.03028717357220353	 0.9143595081527257	-0.4037689648396875
-0.5985795327551017	 0.15109270566478436	-0.7866851576466783
-0.3473832366516693	-0.5176101293862154	 0.7819236796837626
-0.916549721104321	 0.16682839208052774	 0.36346237265969766
 0.3762679207109158	-0.8697629951926129	-0.3192722725785299
-0.970228416513777	-0.07112053779175553	 0.23151390647946016
-0.5222688330841787	 0.6169655416011799	 0.5887179175680431
 0.9440138003965042	-0.06259647504702469	 0.32391299136131696
 0.0508016947768161	-0.03618355816572227	-0.998053073702131
-0.6323190542813683	-0.1784662417598588	-0.7538716164870699
 0.858241985938911	-0.14822725110821383	 0.4913749847118153
 0.14308511057889087	 0.9249810592110903	-0.3520464333455974
 0.12091300516574194	-0.281065833687648	-0.9520409877286045
 0.774916483689239	-0.45801727611131565	-0.4355738950973486
-0.8799799601587287	 0.4556221443773095	-0.13432695660984925
-0.5797636493985843	-0.797482079856802	-0.16702228337352099
-0.35086374010006016	 0.5207202641136591	 0.778296243357501
 0.8612004969206485	-0.4666766854611679	 0.2013618021140213
 0.30487229621717915	-0.9212886180091922	 0.2414128524457167
-0.4171838418519682	-0.1667250090518207	 0.8933982390033587
 0.5931130414145575	 0.8018619593549332	 0.07234858839978053
-0.2650518875911093	-0.2811543138535005	-0.9223338596657704
 0.4746852771416443	-0.46390025991366685	 0.7479775641802316
-0.2987875964847712	-0.9044846205905142	-0.3043575911688208
-0.44625204117892764	 0.7812924950023662	 0.4363956381503121
 0.4388911898865483	-0.8866200014560802	-0.1458749343032924
-0.7297679339833075	-0.5911406973098129	 0.3434988187953536
 0.16036207524002524	 0.9434186206348413	 0.29025042818946156
 0.9140662410149085	-0.4017952030619536	-0.055168123343818105
-0.23851246934899736	-0.920626152738708	 0.3091266550437999
-0.8677905032981194	-0.1565731831059769	-0.47161899952997965
-0.8487213116591343	 0.35764480828631495	 0.38956684438160744
 0.12744076269891946	-0.9424386352419215	-0.3091411826432419
-0.046074151332323204	 0.43592537712072826	-0.8988026692000625
 0.9575926573198048	 0.2230454218153579	-0.18239255043560226
 0.5265154415967263	-0.39757383723102946	-0.7514762362906755
 0.6557732764541345	-0.754950867744475	 0.003255331085069407
 0.008593073844279797	-0.1407398968416287	 0.9900093133495839
 0.7570160918422442	 0.36866320505583483	 0.5394572067642199
-0.14940282591145715	-0.7390309344531977	-0.6568957858982689
 0.4745611055735074	-0.461087122958877	-0.7497935863411714
 0.19165283256392973	-0.2150472316870099	 0.957613638120289
-0.4322995854237188	-0.1977264804644003	-0.8797848074192017
-0.9303215575896142	-0.22836314502537472	-0.2869705097708709
-0.6692111790933898	 0.484144785485893	 0.5637022480558809
 0.9962530868013628	 0.05113643983049697	 0.06974848787047584
-0.04447068753253978	-0.3607796711107532	 0.9315902462260968
 0.2840756067212298	 0.5676923797521647	-0.7726748421149023
 0.9979303132234768	-0.06421522810076621	 0.003390343590277967
-0.9842751766876271	 0.12602254530180224	 0.12377679359312695
 0.4263188110770136	 0.2361836959183691	 0.8731950143606072
 0.6515929062506262	-0.48189315185758586	 0.5858375839058333
 0.5440415012685718	 0.8197542955213062	 0.17894619267200274
 0.1982119977358162	-0.9777024158636305	 0.06935409121311881
 0.7133285453893554	-0.6677803356594306	-0.21267771307611066
 0.5294839092963577	 0.3679548145185629	-0.7643664332431511
 0.20663804677847927	-0.9771272170696814	-0.05023066080825885
-0.499940309085918	-0.615579414295925	 0.6091975640514025
 0.8065472006824245	 0.4829267444620388	-0.340974152326304
-0.6846475527815727	-0.5045382178186583	 0.5260217820875634
 0.6430486147939296	-0.5097830418613878	-0.5714977946083073
-0.04165155332450958	-0.9904630548289493	 0.1313319653571121
 0.5609444318246705	 0.22797958820585582	 0.7958433588127667
 0.5811325612287692	-0.2865511660110585	-0.7616911286981052
-0.30782866418914384	 0.9329636946914379	-0.18660187000999942
-0.08326310309620717	-0.9674045065094434	-0.23915638492001579
 0.8749185776910512	 0.4807548418690401	 0.058243149215526084
-0.46220683069161966	 0.8483184434022347	-0.25830343444410087
 0.6130225414017693	-0.5845485841456047	-0.5315132326731715
-0.6649398988661953	 0.7463616243815031	-0.028271125665913256
-0.023088864654950993	-0.7460393758475858	-0.6655014305122792
-0.025053325715160654	 0.20682712802345396	-0.9780566803535364
-0.7368998332061575	-0.09523147939144427	 0.6692604882657084
 0.21704889810925115	-0.5068841037583494	 0.834241140909902
-0.1572933788350853	 0.3766825950298156	 0.9128904729354151
 0.10919896675090299	-0.32949890344493304	-0.9378198431943747
-0.02301045023064444	-0.9391591348976367	-0.3427107213358019
 0.3068959711126626	 0.9501129889118037	-0.05567918117119425
-0.018940907608946594	 0.3006937440780801	 0.9535326498297032
 0.2480489513400702	-0.3985817325347929	 0.882952048657601
 0.3888101666775882	-0.7575998292000632	-0.5242796516022545
-0.5092782634094312	 0.6195749271526821	-0.5972960405547845
-0.12344808157397891	-0.968450108881897	 0.21648315814941835
-0.6528011159679742	-0.6468767122026697	-0.39420961708313484
-0.2284803278950927	-0.5638666169749048	-0.7936316387507664
 0.32591985657960076	 0.8038087533184638	-0.49766227019510906
 0.44471055287442757	-0.8072119164110729	 0.38812555464190174
-0.08226242963626508	-0.03046392227180296	-0.9961449905059785
 0.790748920238156	-0.31901545894129535	-0.5224416542530513
-0.4856427116408863	-0.6505743026850443	 0.5838700483120839
-0.7542316102941282	 0.12825841782374217	 0.6439599803485281
 0.5689060281326819	 0.008352083968135731	-0.8223601241838548
 0.521320971800738	 0.8473315153589728	 0.10126078925329893
 0.726972255536689	 0.44051069368392315	 0.5267463036699995
-0.4092192519080911	-0.9050739124540784	 0.11567548081961752
-0.453839637159646	-0.8874938492690588	-0.07990150970031587
-0.19306237840962903	-0.9723529456548661	-0.1313646342023688
 0.7825702214004711	-0.4486586728554324	 0.4316123768485093
-0.44277667015336325	 0.2997969203303562	 0.8450269977511569
-0.9583545953753175	 0.23564113329327446	 0.1613373044998352
 0.6688979351279298	 0.440575654405955	 0.5987225109567504
 0.2914923923254569	-0.6654000464367844	-0.687222644721714
 0.23659270578447464	 0.427334383568617	 0.8725876553043889
-0.9188032056827873	-0.15553804369048965	 0.3627789770534792
-0.6794604603974802	-0.28796390914184405	 0.6748409218387635
-0.11606226446606346	 0.7803263745771815	-0.6145081772492875
 0.11467374454390479	 0.9519859431194623	 0.28385330087076194
 0.10354014863198875	 0.9794349459646555	-0.1731664639717458
-0.2517551780967883	 0.06399306695026734	-0.9656729351513136
 0.2430849872188148	-0.9244764587945771	-0.29368855293229806
 0.9324661299780969	-0.3464472452454786	 0.10237784284448648
-0.6865262209300599	-0.5455492831149381	-0.48068464471862177
-0.43318614695184204	-0.22961205131417128	 0.871566444960059
-0.8791238021598011	 0.2820896593719846	 0.3841441976022708
-0.34939608216671636	-0.6971200052080437	-0.6260559688280962
-0.046739355937537704	-0.8007694465060539	-0.5971463188774861
 0.21331541610483204	 0.6018104999874032	 0.7696237102356801
-0.44113120899512936	 0.7606762957313927	 0.47620880878335536
-0.06989152357745014	 0.2099299966978663	-0.9752151410937264
-0.7349829320086411	 0.26747932879892333	-0.6231010337989006
 0.06327583606134175	 0.9248020971489159	-0.375149636384877
 0.3646495426246847	 0.2820452684469857	-0.8874013621863986
 0.04117862745692897	 0.5741978860776141	 0.8176803215589592
 0.059482625741679715	-0.7384824459486062	 0.6716438745798542
 0.6336191583945914	-0.7692644978893344	-0.0822124954152346
 0.6180661125443629	-0.254780028509818	 0.7436944383258726
-0.9213654446429086	 0.2197991696853218	 0.32058390855377983
-0.09236306109554417	 0.23799118306598266	 0.9668656896011539
 0.45656707765558824	 0.39514342376886613	 0.7971249451957041
 0.25041636734134304	 0.6110812948376833	 0.7509136395532219
 0.3904977993668533	 0.016046178649576113	-0.9204640073573712
-0.4093892780288391	-0.48565584076261126	-0.7723592579675516
-0.13367316873292479	 0.34581370733237465	 0.9287326654005111
 0.45324268984810184	-0.8716541725926221	 0.18652095727056767
 0.3980404111178859	 0.12851884230585364	-0.9083208344464347
 0.7354497258621899	 0.17054508600561072	 0.6557652585861563
 0.5553273305361245	-0.7060926038797937	 0.4393686273573419
-0.5044211990329317	-0.4565431637554573	 0.7328898918625754
 0.8862621790943767	 0.19309116212873326	 0.42101680847047207
 0.07108450459394783	 0.9630063267937886	-0.25993423737893384
-0.11494633711261296	 0.9684988578753976	 0.22090111334813117
 0.6401686364820242	 0.5761504605744786	 0.5081680466583491
-0.3724045840318104	 0.282123308911669	 0.8841500236729202
 0.17705355470879403	 0.3819998061735038	 0.9070436521184554
 0.1789070391392216	 0.9831334024584426	 0.0379602992206706
-0.17762079407234319	 0.9799419605259527	 0.09035821774283914
 0.2202817238056646	-0.6610535575498212	-0.717275509276547
 0.8989805687856492	-0.41677264626059035	 0.1346643912650089
 0.5036617439272336	-0.12925583522583317	-0.8541766660148532
-0.4249871924715051	 0.5081382850246982	-0.7491203972175278
-0.839429700536192	 0.4888400653713522	 0.23747245807767065
 0.8449555975892677	 0.3876591712810694	 0.3684703584065318
-0.9783329298827269	-0.20578234808550122	-0.022766280405396352
 0.14453591281981307	 0.3082701224404988	-0.9402547003423398
 0.34525838956213695	 0.5911607607726381	-0.7289208457436754
-0.14513467513910985	 0.8992242421766957	 0.41271259776509406
-0.7070453768262915	 0.1911418698842709	 0.6808462533389692
 0.2763356586799721	-0.2845892576344147	 0.917958364078131
 0.5173623592516593	-0.6355141904265086	 0.573112469761474
 0.05444865181388269	 0.019613223264883826	 0.9983239282862112
 0.7293876807496709	 0.20975204508451456	-0.6511510506429978
 0.20318759601114028	-0.08400115048912311	-0.9755299111476374
-0.9467714954020722	-0.2783084462713883	 0.16176570782501976
-0.09685085845039297	-0.9123225697669617	-0.3978535407800581
 0.0542530118988658	 0.9985093575852001	 0.005972730924172535
 0.4401124667785205	 0.6463849675266915	 0.6232876465498444
 0.20891624013204224	 0.6402974270662088	 0.739170622726231
 0.959426622356635	 0.18262046323613448	 0.21482626171108238
 0.41772416237763943	-0.9085573474682148	 0.005483660038786989
-0.7528097677815228	 0.3064000792598343	 0.5825774154241622
-0.9435179613682054	 0.2270940888299506	 0.24125117905220694
 0.5190719188085808	 0.8423941363896967	 0.14469437473735824
-0.6940215766257588	 0.36489126909970676	 0.6206354911803719
 0.6153077484495265	 0.718779445149318	 0.3236548839872688
-0.002133100801963042	 0.7465521443811509	 0.6653234894401923
 0.604927936929586	-0.7934898363006715	 0.0666038347968651
-0.845309008745029	 0.18711335417991137	 0.50044107787235
 0.3412596161893404	-0.9296888131396553	 0.1386383247204148
-0.427392814488608	 0.9033917367207613	-0.03491063087589342
-0.02969455127262911	 0.9331844857375534	-0.3581688836337614
 0.26073413647948385	 0.9561711581207756	 0.13324573708855655
 0.49950312969057237	-0.6985183890445158	 0.5124145622403579
 0.6559647047935373	 0.754138873095893	 0.03138257718518286
 0.8583429906223238	 0.46460084776062804	-0.2177001669949553
-0.5866721313662254	 0.5720564434022536	 0.5732078469806348
-0.06419496456727096	-0.10067011979162364	 0.9928466817718368
 0.002487517332934041	-0.1137828179880883	-0.9935025327537962
 0.2844245859204049	-0.9043623806548763	 0.31816872784774264
 0.9949079774512123	 0.09059963887103717	 0.04415678702505245
-0.919964385721502	-0.3841288045307342	 0.07817026630278572
 0.9817800007203438	-0.1013383923288223	-0.16074377258783992
-0.10713031028590948	-0.4101762944937371	 0.9056922788968844
 0.43186594963010777	-0.7841243266403805	-0.445691420066457
-0.933241857677059	 0.2983440660364975	 0.20012609360171416
-0.08206924569537437	-0.060348862359471095	 0.9947977953950792
 0.8873453841517808	-0.33325042973604263	 0.3186884376711393
 0.00558705080426751	-0.6637131465817	 0.7479663387599266
-0.44213617693206775	 0.7415726081170328	-0.5045648302630662
 0.937652811723024	-0.02219892407243864	 0.34686367990600186
 0.5457179429727831	 0.8095018908626236	-0.21656088152616895
-0.1769640630814168	-0.52237031834735	-0.8341540450584679
-0.7619051093159379	 0.5762482079710421	 0.29570019818801485
-0.6699721407280885	 0.5500964155173951	-0.498529100738498
 0.9406519218417378	 0.31636898521627477	 0.12281949001957979
 0.5657919921858136	-0.6769179845802459	 0.4708093709031573
-0.732404358250209	 0.6047148412396224	 0.31289585615766413
-0.46223643563355404	 0.3549945168280281	-0.8125985297764341
 0.025745582138374835	 0.7326626450203659	-0.6801048548511599
 0.5263618572552577	-0.7619857793642366	 0.3772543800586981
-0.030081482311890707	 0.41324792723630877	 0.9101215605933167
 0.8984511898753952	-0.041826162744821246	-0.43707668837577063
 0.6136205415156409	-0.43894751133482185	 0.6563496882935332
-0.9504623644919761	-0.0404425612339124	 0.3081974901344315
-0.9034448136820472	-0.27189319375862675	 0.33145370690149906
-0.5383215160731448	 0.04082970104594031	-0.8417498920969398
-0.5415401487048368	 0.11912928294034657	-0.832191372994735
-0.0034292652375556114	 0.6365099352915461	 0.7712608783123142
-0.21879378656212284	-0.5280498506881367	-0.8205441085950497
 0.6374910307453058	 0.3130930505480089	 0.7039729592944816
 0.25747805123929246	 0.6012262238698435	-0.7564602308523727
-0.9553187214786745	 0.2846474324597353	-0.07963654680127424
-0.9596938028321007	-0.15557152952006525	 0.2340626070273687
 0.6564131199805167	-0.7457716950469769	-0.11378222525598074
 0.3893450420145443	 0.9072109449658747	-0.15930706071237935
 0.36018203724396974	-0.6651616439233248	-0.6540862997342197
-0.9261152799998716	-0.37565755003364115	 0.0345238070537068
 0.34785343784735945	-0.41936290992632574	-0.8385301041440893
-0.6963507506807443	 0.052522653935675644	 0.7157772019629552
 0.48427000034224105	 0.8610472325307967	 0.15517805940139218
-0.7309419900986431	-0.3703178602000803	 0.5732263859309591
-0.8819111557018524	-0.4146049604835526	-0.22435561100862841
 0.2695828100408325	 0.4731737320041371	-0.8387083687860551
 0.3023654890045092	-0.8337442306972397	 0.4620018060983439
 0.11524333226310193	-0.07725606709276622	-0.9903284679671964
-0.5632702269390405	 0.7985650453047076	-0.21218039462102034
-0.6653789005132886	-0.33046177573519336	 0.6693772729408056
-0.8424324653922894	-0.3792044920334742	 0.3827681994036394
-0.42167964618331516	-0.8055945716843524	 0.41617744060366735
-0.25494669819041216	 0.8050231750220506	-0.5356676850055673
 0.8781485678795431	 0.46853182300550006	 0.09660757507695968
 0.6705021382441471	 0.44878018832401134	-0.5907818761420254
 0.5528683644048231	-0.5936192598575298	-0.5847672579467272
-0.7117471609706413	 0.3063927442619397	-0.6320913423816761
 0.6617772464410531	 0.5126906247523241	-0.5469910414110724
 0.9815398114759681	-0.1775190181498973	 0.0711800300844082
 0.3764407822282781	 0.728124985525888	-0.5728231340721911
 0.8248612186741587	-0.34856422262467185	-0.44509207208558543
-0.10096097291925776	 0.9709130668904122	-0.21710527052250564
 0.870349569980211	-0.3324900752699221	 0.3632381806504697
-0.3496145428816161	-0.8614613903851169	-0.3683122917870375
 0.1619511151211623	-0.7073137860943053	-0.6880981356695798
-0.11767648504369513	-0.7359117530918976	 0.6667729272615761
 0.5972817100157384	-0.7965129693528341	-0.09392363138958258
 0.9303588952211256	 0.020879482350960838	 0.3660551506258075
-0.08436114424624525	-0.9871665112865945	 0.13559305415735012
-0.681177160788633	 0.30722264895106993	-0.6645388774115661
-0.3190774297550518	-0.947642863166225	-0.012751380749909185
-0.2676552955456259	-0.002788227234929154	 0.9635106997616946
-0.23769374952778743	-0.9637345546791096	-0.12131524864121396
-0.9007242567724643	 0.25032529643872736	 0.3550113508390329
-0.7427381698265909	-0.04979418615703571	 0.6677279012499063
-0.2161171112666896	 0.2565649927260684	 0.9420550932536875
 0.7251977620538792	-0.14970282358370243	 0.6720693941276541
 0.17325270755130778	-0.506675882556097	 0.8445490212901446
 0.5803771517018744	-0.4079389721529777	 0.7048036299432571
 0.7585648412360392	 0.5845385912357796	-0.2879132108754875
-0.7422753449803592	-0.5798882744427464	-0.3357929442351384
-0.7585340180862001	-0.414793332618415	 0.5025660500086662
 0.15320103983317884	-0.8885223879827572	-0.4325013380874692
 0.5687606798550294	-0.8027679647662737	-0.17909462246493968
-0.21389109492174532	 0.7102265137306972	 0.6706928497509997
 0.8738137181015144	-0.11145543961198119	-0.4733151920639216
-0.6875547127496695	 0.7078355428200908	 0.16197950887784168
-0.7298514480223856	-0.5487632518800618	-0.4076466082351809
-0.5160610193976676	 0.34873547087269174	 0.7823455730132577
 0.2195750646780385	-0.9165663223677871	-0.33420497852788644
-0.4656454604419026	-0.7382153916974727	 0.48807001611530626
-0.04952628138275342	 0.9970146444313712	-0.059236359119911486
-0.8389885481456809	-0.5165159278904462	-0.1712002112027729
-0.11438196607098658	 0.21319059567857543	-0.9702919847921809
-0.21265729581435155	-0.8526552595391094	 0.4772377635070612
 0.919000667398142	 0.3440955715683119	 0.19244742385609143
 0.1467577858667598	-0.6543244807045051	-0.7418366573837303
 0.45895938297225175	-0.40117613876427033	-0.7927256716342173
-0.05298098936510658	-0.9973681587555457	 0.04949515801032139
-0.14487222241017805	-0.6433374538269314	 0.7517505967256807
-0.2047305819278273	 0.4087789145013853	-0.8893734805370364
 0.19285341889792945	 0.7229564758895117	-0.6634316037006361
-0.04958294157361073	-0.199649856619696	-0.9786120102761066
 0.34244477245001587	-0.8691093358593955	 0.35690410496896396
 0.2907075651791435	 0.503181988219193	-0.8138163172850456
-0.626106941127677	-0.42043869013975876	-0.6566745054479481
 0.245419599242207	-0.23449737574307097	-0.940627557047638
-0.49301282549609693	 0.6504153154535784	 0.5778393127157216
-0.5729252858381821	-0.8159541598564964	-0.07730087877971833
-0.9210600149064931	-0.19537152071610736	 0.3368655782853547
-0.6421861915944175	 0.4835414580212671	-0.5947979099661713
-0.22943828020338922	 0.6461566187628791	-0.7279008858397098
-0.9655994083487476	-0.08195852285864637	-0.24678043505792266
 0.8317610936588233	 0.3167719906880008	 0.455882648267116
-0.7319524608003943	 0.601056043997529	-0.32090064989383854
-0.668966371597386	-0.5435256402121371	 0.5070146665569102
 0.5024860280690819	-0.7907631039497083	-0.3495733185287183
 0.07289058586331755	 0.9969116459612466	-0.029225547716694698
-0.4426095168194004	-0.6115025723583708	 0.6558669221877196
 0.9461536914262206	 0.21991332615703443	 0.23755277556594834
 0.7256550583999299	 0.2890034218323508	 0.6244211386458556
-0.8291039299252486	 0.48319131691146083	 0.28127002087651753
-0.16286475322160748	-0.5438563706209018	 0.823222521735846
 0.07827477410478008	-0.2568804509618261	 0.9632681317538199
-0.8694700704691868	 0.11666396599543613	 0.4800117869349907
 0.4067295395644034	 0.9135385672091086	 0.004285774989090514
-0.04401844729605157	-0.11144287296599809	-0.992795478617187
 0.6763502241303138	-0.23404716691173738	 0.6984069715999861
-0.2909507379957557	-0.8614154440904699	-0.4163064985586265
 0.8059002693671541	 0.5024217179184723	 0.31320468259238965
-0.6578640726865282	 0.699933163393843	 0.2780439329490616
-0.7733824836132847	-0.23246555854069323	 0.5897790248326156
 0.19584782455341032	 0.2682710076632044	 0.9432254746692679
 0.4193654781604852	-0.8832488556427721	 0.20977143450184346
 0.4228872758910704	 0.16182020010661533	-0.8916168317875592
 0.2868279044035104	-0.8574733867171446	 0.42716407190600747
-0.2612948414948701	 0.5319082767905042	 0.8054803479228572
 0.9452022698847952	 0.26890141480462276	 0.18516127597503473
-0.7968911770221484	-0.3535627979536534	-0.489854876353639
 0.2527987120487969	 0.641939467984952	 0.7238829536808187
-0.5498269745746818	-0.49978984971126894	 0.6692536172152074
-0.45762863984302926	 0.8878626106894661	 0.047707573142054524
-0.6490221608764023	-0.7286322135921597	 0.21878147089530847
 0.6368493663656699	 0.7146087989063397	 0.28940827404426983
 0.5912918485617793	-0.7789374830766097	-0.20887878610014526
 0.3901629950167795	-0.5022747994090766	-0.7716818406559196
 0.6929771115356936	 0.6037407157645996	-0.3940556699448639
-0.34570138235354875	 0.9342246172580719	 0.08783461019355922
 0.09221611571501317	-0.8453787616780397	-0.5261472581950225
-0.49990814168353387	-0.6037028789707205	-0.6209949144727188
 0.6136106411364003	-0.7819925419653887	 0.10940587458946434
 0.32077848692320865	 0.2886553949620506	-0.902097126304346
-0.17046791736926792	 0.9826507788175928	-0.07306254879870276
 0.13200015107520566	-0.9806992421150692	-0.1442392340213014
-0.0702631263999511	-0.27654691819263844	-0.9584283463601536
 0.06763170260879112	 0.6018002565520199	 0.795777860973877
 0.735105198665131	-0.4500668427149403	 0.5070110294501526
-0.23511920595423433	-0.9719449804248358	-0.0064741036766387166
 0.6907024948053209	-0.07221149017987345	-0.7195245404819128
 0.5044954540962766	 0.09464258442220783	 0.8582115811442285
 0.1633865342536163	 0.5890181731059044	 0.7914306237286843
-0.8292437682167129	-0.1991333747345595	 0.5222074989317674
 0.11835455221763568	-0.027188363005612243	 0.9925991098557554
-0.8645199643644393	 0.2707585230333938	 0.42343246618567576
-0.012580725032734285	-0.2542151464826246	 0.9670658636600035
 0.235830914424929	-0.21152008349992787	 0.9484951418313566
 0.7860352179893066	 0.17083868945344485	-0.5941067061280595
-0.597681345163209	-0.6398954036177104	 0.48302265171814085
-0.6293488277469342	-0.5706071828794723	-0.5275675272985555
 0.6020160450336816	 0.7980189670153415	 0.02724719812699515
-0.6486143948115602	-0.15726575916354651	 0.7446924518470338
 0.4698123224914196	 0.8703584497668865	-0.14748745897397633
-0.010253623014840703	-0.42533357477924794	-0.9049785706747843
-0.8881981656578212	 0.22727864414853277	-0.39930995033443184
 0.261903839511725	 0.9633792106125957	 0.0575054380773548
 0.8160605071272792	 0.4467514973055731	-0.36668562606461225
 0.8126718045698211	 0.1508712807008829	-0.5628520184887907
-0.8668580913282957	 0.392304526732729	-0.30765923975020454
 0.11981583171235813	-0.9318284882114812	 0.342549025730013
-0.239723209727855	-0.5990800480868997	-0.7639606525875354
-0.2967179335068334	-0.469872994987184	 0.8313710582629205
 0.28381347109400756	 0.3695008973719469	-0.8848271020187485
 0.09192987452303351	 0.8176796281800739	-0.5682859525181628
 0.2565452757623185	-0.24822178604255812	 0.9341148036605986
 0.48854863709703705	-0.5166183123914837	-0.7031541427684282
-0.23536334351826618	-0.7550828822026531	 0.6119264151288427
 0.7587120531548165	 0.024022167978975453	-0.6509830687838146
 0.3944105473163307	-0.02725147513308679	-0.9185301722146658
-0.2910582846378426	-0.6050596919063849	 0.741072091077398
 0.8976707598821563	 0.0026718725460670193	 0.4406586751099875
 0.13318176422885966	 0.7498109704451512	-0.648109656059057
-0.5794557968829483	 0.7007326851961764	 0.41617866758941835
-0.1515599085878718	 0.958145310401283	 0.2428727202978238
 0.7817178786925569	-0.3620020021384446	-0.5078107015219021
 0.5084621107894397	 0.5866387155065385	 0.6303342758889019
 0.36678101202077823	 0.9303041776307072	 0.002413773781389351
 0.7074881981344433	-0.48530540687562196	 0.513750047744782
 0.014944082134498694	 0.3922036252787074	-0.9197570280935051
-0.6821480904125017	 0.5816818877529596	 0.44308031349489085
 0.6069437101645835	-0.12467894723029645	 0.784904129693044
 0.7410370935657441	 0.5850359284573804	-0.3295405716655319
 0.22709196161379774	 0.7765603784729092	 0.5876931338346648
-0.2387367351828502	-0.05828772368035639	-0.9693334372352973
 0.7110997660398897	 0.611595740496382	-0.34682527725743445
 0.8445168818463781	 0.5306978233770083	-0.0717708613531703
-0.18263913083644193	 0.9040752167722137	-0.3863818710881553
 0.263167707129969	 0.9626909921956854	-0.06299850370637056
-0.6892889524518725	 0.7150987440453473	 0.11625199478962597
-0.7729868976370028	 0.5998811337464559	-0.20647973618878096
-0.19660518548059355	-0.7501452924866864	 0.6313702885012924
-0.5435835763004757	-0.7977808997153059	 0.26088796757578214
-0.5861943470993064	-0.7822135277977679	-0.21099332775940638
 0.09506376617772476	 0.010115605837670225	 0.9954197882695743
 0.2712117186161052	-0.8795152336943578	 0.39102066107158284
-0.5791467906684056	-0.6265645954439235	 0.5215417553702467
-0.29817007186726757	 0.8545556921697992	-0.42524014065332993
 0.887668572141963	-0.2974371650220732	-0.3515332685466349
 0.8420394352312496	-0.46353420176294863	 0.27587249466270525
 0.3978892048872975	-0.4155334901774236	 0.8179340432914645
-0.5323070609823299	 0.4538950460478559	 0.7145827313905428
-0.3340376170866923	 0.35438907031194844	 0.8733998266627244
 0.5720499485951277	 0.521204126190956	 0.6333285996651611
-0.17888313897434374	-0.16453819434381742	 0.9700144355589569
 0.7465919039199467	 0.11672032305436485	-0.6549632777395036
-0.36743009654864284	 0.08778350644951696	 0.9258991198536062
-0.3527877824795798	 0.926852544665889	-0.12839447410035598
 0.6864751698418456	-0.6139726009803521	 0.3896017023012484
 0.6977448075324669	 0.2857332616504241	 0.6568932080240218
 0.19339341821699105	 0.976602626934801	 0.09405474392285462
-0.5321867713510742	-0.26062556965428607	 0.8055132232566379
-0.6469280927472428	-0.4984234931579063	-0.5771118299625174
 0.199669765549543	-0.6716742593798775	 0.7134323191528986
-0.015233643945947131	-0.6593456280958809	-0.7516856249809334
-0.3464340533640448	 0.9220735344255951	 0.17252200955718305
-0.6553551232235433	 0.18443743986586425	-0.7324564787346619
 0.577190125030753	 0.5181468280196961	-0.6311698853558453
 0.44911315032098087	 0.38274281702428486	-0.807344606859474
 0.9818599431516822	-0.05889629909584351	-0.1802284050503366
-0.9540832810456202	-0.2752561981737721	 0.11814871220688382
 0.09602934072889882	-0.8695625201214634	 0.48439590142690425
-0.9922179424185407	-0.05290166776188029	 0.1127163177660136
 0.19092062381926467	-0.6406350882630799	-0.7437311336004556
 0.06885219165205474	-0.9712516881679313	 0.2278805255734951
 0.3013629251374986	 0.3290347609255835	-0.8949393909395287
-0.3096268134124919	-0.3891718333546553	 0.8675693174262228
-0.8177128487486814	 0.558764134392438	 0.13830523890289034
-0.024593199975871564	-0.8452364988816266	-0.533826222167174
 0.9443064620190091	 0.3244008444368812	-0.05522135382060092
 0.5522468874667203	 0.633422510276918	-0.5420325624515626
 0.3694561707492623	-0.8721698287178807	 0.3206585844313455
 0.31900762321584336	-0.2799779214541488	 0.9054537535558583
-0.9992013207769538	-0.003981255756631805	 0.03976015794977898
-0.42826658455042127	-0.753583917901486	 0.4986973142475936
 0.6305898107150192	-0.703473793944991	 0.3278431207987086
-0.14562241979928855	 0.6353791006946901	 0.7583452441020558
 0.7388022524872699	 0.41070648803629917	-0.5343139642613001
 0.37197288260988026	 0.6666109194406135	 0.6459613430271475
 0.32346935700936674	-0.9096732482940763	-0.2605036591183528
 0.21711566813556832	 0.7706072372687993	-0.5991871765308354
 0.048489910301960905	-0.6521715923915327	 0.7565189638577478
 0.8999712792046537	 0.37801117569895265	 0.21716180063131524
 0.0418643228808192	 0.4252069347790238	-0.9041274473687644
 0.24329872052974322	 0.5043317392661855	 0.8285259376491084
 0.38762813355431713	 0.42302286035743897	 0.8190214219983547
-0.38887451952224045	-0.8521702612180058	-0.35011777155977464
 0.9295849471748734	 0.36727939713347607	-0.03126772180953178
-0.41979336505713366	-0.9068960644683354	 0.036236154678064944
-0.33308278633104105	 0.8287896246961058	-0.4496260840365448
 0.7409094442403256	-0.07082587757493101	-0.6678599332953226
-0.7275801311222563	 0.4101059111045746	-0.5499457195698565
 0.30163149223951025	 0.5966397571550578	-0.7436662175138253
-0.004435822742307066	 0.998717867472477	 0.05042761810582317
-0.28887275000853524	 0.12034374924636533	 0.9497736131941307
 0.055876457158913526	-0.2183490036097215	 0.9742697440432039
 0.874317795512261	 0.27448993336654237	 0.40027948852147244
 0.31580895441459067	-0.9472521618382584	 0.05457147793773767
 0.4010378521637996	-0.912480019015973	 0.08092500249277716
-0.5825018156852116	 0.4832403376668485	 0.6535827497532827
-0.4634031535762312	 0.20829030355313208	-0.8613203043591553
-0.07101859327201177	 0.9690965837877901	 0.23623753025397817
 0.7872845495836284	-0.5978453952792728	-0.15087717299271472
 0.4310075653140249	 0.9012113424014222	 0.04528349554863555
 0.19695228363224987	 0.9645811293662734	 0.17547946558650868
 0.04984332722816321	-0.47544007946700584	 0.8783350007640783
-0.8474681702205177	-0.4663586659687916	 0.25358883086385503
-0.8612744001720127	-0.2699139126912881	-0.43052629111823065
-0.18714000055282554	-0.17866297844784215	-0.965949357018904
 0.14844060730960884	 0.5153137241407346	-0.8440480743498922
 0.025721230342723413	-0.015523577251580649	 0.9995486165559785
-0.8035233314104715	 0.5135418013617827	 0.30103998759818124
 0.5240636229249038	 0.8130151457500063	-0.2537000037601891
 0.6301360170312243	 0.6375103232840869	 0.44329356835650524
 0.44286002124784607	-0.08984211161150357	 0.8920781336640549
 0.6469416666733937	 0.6564497528869482	-0.3879951054543292
 0.7223534392609011	-0.6850549598407668	-0.09436742438740565
 0.3834643266570352	-0.23556475018864786	 0.8930085994266945
-0.9488979018841355	 0.01804794583627758	-0.31506672856868945
-0.8394593184977561	 0.532025266859478	-0.11071209514043256
 0.3289644991994336	 0.5926820902717962	 0.7351940547484864
-0.2802789268195329	-0.9599095032982764	-0.004179552433856798
 0.7515332747619327	-0.5923367740310352	 0.29040468841964584
 0.4276904627820667	-0.5388948817823146	 0.7257225188969174
-0.5605480305481014	 0.23068030286943422	-0.7953442671678163
 0.7353096546647967	-0.669065952475318	 0.10802991712962208
 0.7183817461780082	 0.13611112507444703	-0.6822033629272171
-0.7975513528387983	-0.007380427676125672	-0.6032059091821964
 0.06742572280186218	-0.9094895890862873	-0.41022245093156795
 0.29157192524485837	-0.3950760924249931	 0.871149065087718
-0.34198097001745315	-0.9384074873471712	-0.049400443689208005
-0.8004242882439295	 0.023928746685867898	 0.5989560700679494
 0.5137156905721334	-0.1219494690108383	 0.8492493840256645
-0.2652624713084402	 0.9424572881527413	-0.20349467148581477
 0.1998900253519274	-0.8731375204264763	-0.44460639692688897
 0.8576785671136034	 0.16624673241942717	 0.48656911068605607
 0.32034647435277186	-0.7622239008026407	-0.562488098909617
 0.829225058296508	-0.3731147492809053	 0.4161384223575134
 0.1689807151892289	-0.6477370604360984	 0.7428877562806773
 0.24497425138938428	-0.8124867043952851	 0.5290113149424116
-0.6147972871930962	 0.10921497017986455	-0.7810866699340228
-0.5230153555833196	-0.1472582305006385	 0.8395057780467473
-0.16155472334201704	-0.7733396696473874	 0.6130626613288027
 0.31610725621450975	-0.9332202743280589	 0.17081019334804515
 0.2305831522991238	 0.906380670884357	-0.3539851540997478
 0.470275036273491	-0.35876460110450564	-0.8063059910804903
 0.9621556646321409	-0.17716770388720407	 0.20704608597029575
-0.053898531478634756	 0.08948451302314483	-0.9945287679265278
 0.8014498918297499	 0.35415405778889164	-0.4819263161913286
-0.17437374636170402	-0.9831196387952668	-0.05540372185014936
-0.9178812846197466	-0.11525761125728416	 0.3797494310622051
-0.6783151735207233	 0.44571747426051794	 0.5841442103713566
 0.8302280430751983	-0.33640684114869546	 0.444468034531037
 0.6789551984451863	-0.41268963684826027	 0.6072125675101834
-0.27496290051812633	 0.7261263339216851	 0.6301872344979006
-0.13238619559459933	-0.811584044305659	-0.56903886883451
-0.31307350581266463	 0.7251457863582562	 0.6133095209476482
-0.7827480724639544	-0.5743562922717377	 0.23962534211102615
 0.1878940585692975	 0.9164907830273903	-0.3531861653295587
-0.6033894549723493	 0.5320500526417165	 0.5940066557809921
-0.3374276967554278	-0.9408700137404414	 0.030102602983600745
 0.049514483370121945	-0.8544880512038474	-0.5171058753161103
-0.5774692774000878	 0.013859465062035612	 0.8162947683816273
-0.613031541936244	-0.7813778736504603	 0.11679446545430278
-0.13148259706682938	 0.21509462935447474	 0.9677017242370828
-0.6084852407890198	-0.6383463361596456	-0.4714442351471543
 0.009249340022972305	-0.9999503028355711	 0.003720425807518785
-0.6077255503585267	 0.49795437837861384	 0.6186364784709951
 0.04816626917399225	-0.11899429562609504	-0.9917259541437382
-0.4899525076258586	-0.8146979295157369	-0.31018353262851345
 0.45687269017866944	-0.8404523589993139	-0.291388361506416
-0.5991302182278964	 0.7990896761793448	-0.04998670853119882
-0.7505314422189506	 0.03988364554796407	 0.6596300850162511
-0.7097508537615023	 0.10853431381910601	-0.69604168575498
 0.1325085552193733	 0.9906727464495513	 0.031764638133898015
 0.7540646101370359	 0.30254964228811604	-0.582966789525967
-0.932909104261329	-0.23682804217011166	 0.2712804482969544
-0.9116257738018083	-0.31644383947332455	 0.262300867325358
 0.4000387105298309	-0.8475515751342403	-0.348748272490486
 0.6775357950899757	 0.15141638867250784	 0.7197348981487355
 0.8144412173399628	-0.3909576313708729	-0.4287629111416659
-0.8134178717763872	-0.17231457236674813	 0.5555709261875008
 0.6230690424250345	 0.7770603228264051	-0.08923128969410593
 0.9567784207126274	-0.23886095644468433	-0.1658930292235961
 0.012234988528968501	 0.5972212183259211	-0.8019832426160778
 0.7667154451553746	-0.5459096892072939	 0.33783137419397796
 0.06526317194413331	 0.8590129424139707	 0.5077770014022719
-0.6390659859463261	 0.05952853235520249	 0.7668448470467057
-0.24971532684862963	-0.632951180922369	-0.732813112673252
 0.7353170170363761	-0.4135679625386277	 0.5369082089318193
 0.0593398549195076	 0.39941769021156787	 0.9148465938965876
 0.21487328033892808	 0.34056662012419575	-0.9153381072879955
-0.5671536776567193	 0.15116333700855594	 0.8096211159949424
 0.31833017797242774	 0.624474193913481	-0.7132305930960551
 0.32952881228581377	-0.6207896058423994	 0.7113585784620436
-0.323078027188217	-0.7503983910485927	-0.5766479368382871
-0.9864846877158717	 0.004447743880804586	 0.16379309654710714
-0.7849791534505723	 0.07047233325096179	-0.6155009170538971
-0.6413783749002198	 0.5621070273860175	 0.5221776230111819
 0.7773709128542645	 0.2166684051293397	-0.5905499691531918
-0.7067828217295834	-0.39879010946043264	-0.5843154041307691
-0.48210485743239523	 0.0868572743132702	-0.8717974078528561
-0.386943073896091	-0.05505092437622697	 0.9204588275904398
 0.10877321266298594	-0.15383448741196332	-0.9820913087333946
-0.556077542108769	 0.7073511966593392	-0.43638521027513216
-0.7068839638649423	 0.7050473693262256	-0.05677383760814145
 0.4427658347852607	 0.3165263856997521	 0.8389096868571507
-0.8284020032134768	-0.15173435922344303	-0.5391908802112199
-0.04766236506630194	 0.539719331448084	-0.8404947008860435
 0.9215890994058338	 0.06511522400606223	 0.3826663552743884
-0.18606634548448486	 0.6447932056837767	-0.7413643078690038
 0.15732048575614946	 0.6689547868513024	-0.7264638724053507
 0.17545195512347436	-0.582467016809469	-0.7936931307327966
-0.8300519255098019	-0.33334815981103905	 0.44709373212791104
 0.5363088825955346	-0.044420174430633	 0.8428520810632678
-0.5085074198356058	-0.8183648390478035	 0.26776705208519896
 0.2359466290526021	-0.13295545031321832	 0.9626276728157793
 0.8389438088987681	-0.5069013643031052	 0.19805123674968056
-0.5891553056000315	-0.15319553498213753	 0.7933644521560506
-0.36692840871147175	 0.6714353842683033	-0.6438463074623813
-0.6832839088430894	-0.6557310059744367	-0.3211540871915878
 0.16758433103623951	-0.8470553593357641	-0.5043934081762919
 0.8352322564211657	-0.30724113785841367	-0.45605916397006563
-0.32596474277395837	-0.9205325356955638	-0.21532960129578763
 0.079718222890353	-0.831409432689878	 0.5499121385944298
-0.7689383273073633	-0.36989612313131215	-0.5214505795280883
 0.7085862149948817	-0.230714066789923	 0.6668407570810907
 0.36002866448726983	 0.49239648748638	 0.7924172258719444
-0.1856933986731115	-0.8895178829115263	 0.41746364832141386
-0.05431661237381288	-0.4417977739918128	-0.8954688339166874
 0.06053481555970275	 0.38725854360466005	-0.9199817153130546
-0.3928990862306285	 0.8680410933847105	-0.30353742476771045
-0.5820193319284976	 0.304453367656662	 0.754030267419036
-0.1452709773141499	 0.014222118598111799	-0.9892896817882885
 0.7581389366564986	 0.45875199537148426	-0.4634349571062104
-0.7403996874616322	 0.10640716944493513	-0.6636910554598684
 0.42624836220105755	 0.7909654144376892	 0.4389601882680596
-0.9121185166443346	 0.26279518025518817	 0.3146084945280112
 0.021049206737673565	 0.7195823408048003	 0.694088024459145
-0.7262232386189037	-0.018482114412488714	-0.6872104620396245
 0.11861542045486402	-0.3325347925278048	 0.9356019419543794
-0.9572125151891883	-0.19833421407327456	 0.21073144115941578
-0.9045692586911852	 0.05894826529930873	 0.42223164051155865
-0.7998965765512426	 0.590023204713529	 0.10971820596956143
-0.24354824070261474	 0.17791685248235917	 0.9534305680296975
 0.14408694062966512	-0.06326261319780736	 0.9875407815940402
-0.20278870438868854	 0.21910111740585048	-0.9543958516904109
-0.8890216417117267	-0.3351390811559609	-0.31196524942711873
-0.6793999110783441	-0.13589799320252804	 0.7210738493873315
 0.5793206704444943	 0.27836326624327706	 0.766094937199115
 0.3763177652451267	 0.9220074279358756	 0.09103429239569448
 0.7940388360259639	 0.1254542160206952	-0.5947802674645194
-0.1829248532776426	-0.9809316887743089	 0.06566216575574568
-0.48596429900349253	 0.871721776332695	-0.06276818271556764
 0.32394651777824507	 0.5220344379289202	 0.7890112161658955
-0.2658349246886337	-0.9248179578218554	 0.27210942230286966
 0.07265914317973524	-0.7056416486451924	 0.7048336772669718
 0.10022900086405731	 0.04213793762429974	-0.9940716984194669
 0.8649178937534661	 0.48135818804607455	-0.14216656381184659
 0.7567862529516795	 0.4728129044660471	 0.45135631679831106
 0.20035893790747092	-0.9601149587301799	 0.19502708023024706
-0.7689682796551349	-0.5785570547156171	-0.2719549950322894
 0.8860764861764208	 0.3959967897332985	-0.2409460586234377
 0.5917436262282472	-0.5439571030147156	 0.5949370982701302
-0.867955637230212	 0.36368258369066175	-0.33821293606303976
 0.7323021506759758	 0.03647730604035608	-0.6800021810695748
-0.10663457896193514	-0.07056591560338031	-0.9917910657616692
 0.6570886803178293	-0.14261276071484008	-0.7402000180217948
-0.03783765703467622	-0.03257149644956843	-0.9987529270691335
-0.678901279782989	 0.22306232530659909	 0.6995257331491336
 0.4053739172214332	 0.6742124580604956	 0.6173407070917769
 0.8027508135039948	 0.4387444694751737	-0.4038495040527141
 0.673270527044107	 0.35980027743371706	 0.645949346135106
-0.5404574164251095	 0.8411173521905955	-0.02067319218160467
 0.563690662610306	 0.17123405842659778	-0.8080419135915606
-0.8417842530028912	-0.4777211934179788	-0.2513597675756136
 0.10548795221922629	 0.12086868120336493	-0.9870476451725892
 0.0721396105611735	-0.21432743242560987	-0.9740942604788964
-0.2003838958500644	 0.439717047017967	 0.8754971232652621
 0.4410296602407369	-0.4056954591146485	 0.8005648213865603
 0.5195646520582499	-0.7085738492628193	-0.47746798057300266
-0.22598318888826616	 0.883918336673463	 0.40941418201169916
-0.8827291950294972	-0.43244994937556447	-0.18378305016417462
-0.38655552502908697	-0.5053381531019503	 0.7714973603901681
-0.26794869793728915	 0.7316606143033982	-0.6267984051917213
-0.4511812047328913	-0.7857380390146058	-0.4231444842382546
 0.5205232058968878	-0.661756349532462	-0.5395684627332255
-0.5084159718711798	-0.34799243890808	 0.7876639270711142
 0.11214972558967436	 0.8131554536121575	 0.571139779135517
-0.07218912704922882	 0.7715897016319271	 0.6320111251168166
-0.5395139217578437	-0.7399626128262119	 0.4017213709138172
 0.1583676414107646	-0.4023096551131311	 0.9017020747213268
-0.38055555897774057	 0.6983712570270235	-0.6061807105885461
-0.9791843737207269	 0.06191418955585365	-0.19329923795191278
 0.2582343385432376	 0.7749503909316552	-0.5768595305548927
-0.5312446668196502	-0.1585485007631557	-0.8322508497330804
 0.9525558955535403	-0.023888464203477948	 0.3034247964886719
-0.14895083731553962	-0.9788143926810221	-0.14048499116803018
 0.9857672376271968	 0.16797887909687967	 0.006785970689713771
 0.19284355303037698	 0.8691007924221935	-0.45549443099310843
 0.12384026785420922	 0.08676904731585058	 0.988501249612613
-0.9842116549713448	-0.14982113270927677	-0.0942393039674838
 0.6190781809478919	 0.6640147099151404	-0.41931690985525655
 0.802018035567353	-0.2620928317438438	 0.5367256451607072
 0.3451734780007359	-0.7537065457972069	 0.5592689092979496
-0.8920553907199604	-0.44668579326782415	-0.06862202255947543
-0.5427959133300562	 0.19571595332464986	-0.8167422249929371
 0.5498858687451864	-0.8249504685198159	 0.1306991042176188
-0.7249745853877676	-0.22429748455891863	 0.6512315171752486
-0.3601192320262371	 0.02921211300593365	-0.9324488142405253
 0.3982198260954821	 0.9084627340400493	 0.12695050596576213
 0.8847952970854369	-0.33360926306404914	-0.32533389287523584
 0.8030938808899248	-0.23371648629338876	-0.5481029305813202
 0.8566589000570077	-0.002299897557907165	-0.5158781245840344
-0.10296022739383437	-0.7324165289789296	-0.6730269085656727
-0.20228239677095292	 0.3684032591666421	 0.9073923465579786
 0.1790114333459889	-0.9836786728334013	-0.0181982236532189
-0.7169644003160638	-0.5811511537158185	 0.3850005002778568
-0.50285802910843	 0.12406992147431888	-0.855418293670729
-0.06186110211608098	 0.9928231453270447	 0.10234943159538111
 0.8628255351057178	-0.4241089293800689	 0.2750703764305118
 0.25112751005190814	-0.00854103539789915	 0.9679163313063069
-0.5936912173311516	-0.37365969611541316	 0.7126774655921095
-0.3590152772439623	-0.5836311206273019	 0.7283424646007951
 0.6670857152760552	 0.6931593641778746	 0.27299586869979964
-0.12585595351380843	-0.96591000408331	-0.22622586717020243
-0.1563259859085644	-0.29875781683289115	-0.94143823642922
 0.5681767571478735	 0.07112516325753963	 0.8198270450457917
 0.9061771825730235	 0.1874556740095718	-0.3790821600466504
 0.792283382408346	 0.44471764488836174	 0.41774784055042063
 0.5188940383088505	-0.7978886249758581	-0.30679426191124815
 0.7895421751641966	 0.6136962996469896	-7.373317692137888E-5
-0.8442790692594071	-0.37705830426465975	-0.3808147691404951
 0.6331291027004559	-0.4574756024128731	-0.6243905929069515
-0.9321575399250084	-0.3618878141431404	-0.010933011280343193
 0.7274008505521364	 0.6464399796982947	 0.2302245757161837
 0.4130065845634352	-0.6936821427012665	-0.59011070656668
 0.7928538447430582	-0.5954281052099891	 0.129800432981531
-0.7031565895054274	 0.2803348831456166	 0.653439487578482
 0.010127009729786174	 0.9912384283566662	 0.13169594459564554
 0.3827952437266812	 0.42507693839301763	-0.8202300883451236
 0.614683198711478	-0.26045978356704186	-0.7445302320027277
-0.4365565069810176	-0.4554615349129659	-0.7758693230353021
 0.12564899207295005	-0.8588535587049118	-0.4965711383990821
-0.13309077857810106	-0.223193263227082	 0.9656456968824131
 0.8793315564698366	-0.4584489955523443	 0.12884305287201656
-0.10450791757062068	-0.6318137402021807	 0.7680426373950755
 0.15219074261813376	 0.38172755095007693	-0.9116589574544844
 0.34688644839783667	-0.7754894557848296	-0.5275280996160145
-0.5964440192171624	-0.1802479551926704	-0.7821542089568645
 0.3206259052714985	 0.7075995766830688	-0.6296839429005424
 0.09769695472731127	-0.9796750112149496	-0.17519183039741865
 0.5213089044278046	-0.8533680462247927	-6.202227097121633E-5
 0.8319652923889834	 0.015105228817289184	 0.5546220193271187
-0.7390635363459195	-0.6435775378508939	 0.19898000406484298
 0.3050081777810085	-0.4966431838167658	 0.8125980306738719
 3.7073280347555267E-4	 0.24380026677588912	-0.9698253927780988
-0.7409661023965888	 0.5711530184130276	-0.35320456488683094
-0.42954032400773184	-0.38530528614056886	 0.816722074223213
-0.3176949633862118	-0.3917390807955502	-0.8634873495405077
-0.048216580474457905	 0.9823939234962857	 0.18049194011069872
-0.04731409967828168	 0.7953723897776662	 0.6042715759912904
 0.6837314967097892	-0.029804194680104514	 0.7291247838240462
-0.2453487070196188	 0.43362632974013127	 0.8670479906671279
 0.44811284462512285	 0.8620128791604528	 0.23691491013333726
 0.10154513986108456	-0.7486825186430388	-0.6551053891160634
 0.020926246422203167	 0.7714321769638174	 0.6359673643792918
-0.3502575824802945	-0.8958641059703518	 0.27339921278050827
-0.5914467374230128	 0.677843067344681	-0.43671447519452306
-0.7558301244128267	 0.2635311475558835	 0.5993931575334923
 0.8642540451065954	 0.33404458815344995	-0.37613715403065257
-0.8955331113489329	-0.4235395805176534	 0.13650886495986156
 0.0803028049972934	 0.08284180494024256	-0.993322049923291
 0.551042646839948	 0.5519198254341434	-0.6258885744734196
 0.9550100382388814	 0.28060326115689527	 0.09600852405430137
 0.617625245545545	 0.12425580723892705	 0.7765948431661184
-0.5515842809569186	-0.7243697649946159	-0.41357372325002006
 0.6475712072733478	-0.5519181042747635	 0.5253931267958218
 0.3742834944923861	-0.823496182064455	 0.4263401269829453
 0.9074138508222214	-0.22190268534114477	 0.3568743498409155
 0.024939051305159807	-0.5583672854152849	-0.8292189206102116
 0.47508711795657615	 0.8101571482950445	-0.3434204790313992
 0.19232409638960699	 0.9127014654819355	 0.36053776065073767
-0.06370751029082736	 0.8875503152352875	 0.4562847696979225
-0.47177050289167666	 0.12486748991001403	 0.8728348655759044
 0.9655738306629932	-0.25849697978881464	 0.029094483649905876
-0.6846381242291871	-0.08800547787839844	 0.7235507409403538
 0.4360752405906177	 0.8443491847493979	 0.31130826965704256
-0.5039467696453932	-0.8491362925533076	 0.15813035772044737
 0.2418563854126211	 0.11057328538815915	-0.9639912019274918
-0.504585339413279	-0.23633321621204995	 0.830385600889162
-0.19607712687312648	 0.9722226170815766	 0.1278160520131556
-0.5982184518687254	 0.22611768442504926	-0.7687688057108194
 0.8823353314858312	-0.4216879964343593	 0.2089583606247045
-0.7270446159735092	 0.6409808379976296	 0.2460684695441271
 0.5003212306151228	 0.6242632447006693	-0.5999783892037792
 0.7710356944610565	-0.6258660395388238	-0.11745492079493258
 0.651591597871102	 0.13180661800997262	 0.747031060286356
-0.49291224579981846	-0.8401845899875239	-0.2261136278247637
 0.027586466777280293	-0.9417392214616771	 0.33521071822288195
-0.21357780355778913	 0.9409577310862891	-0.26264628330965084
-0.8198889087174936	-0.035942094753934596	-0.5713933349162698
 0.1767747149638454	 0.1545226289915246	-0.9720460160295904
 0.75306879327708	 0.5520610403375337	-0.3579329550818732
-0.3157365162606856	-0.5426012131268514	 0.7783921735300497
 0.4985379045883583	-0.37894819231037685	-0.7796526311334726
 0.6133731166513793	-0.6787087700596235	-0.4038908580464857
-0.255332215689281	-0.798953469548392	-0.5444986805565182
 0.4871165367454064	-0.42063174219046867	-0.7653668513144348
-0.24984430914676337	-0.11985499358954181	 0.9608395296294941
 0.29134505265579763	-0.9445976099132929	-0.15117346208605928
 0.2675865754027927	-0.9078980451661762	-0.32267408363183003
 0.2048848208632021	-0.6043383340536007	-0.769933366060448
-0.018416925528932152	 0.995363732568993	 0.094402631003505
 0.6097995712903198	 0.5792255679646595	 0.540964161724379
-0.41637736688436155	-0.42692499721745575	-0.8027234487028025
 0.7659982671374598	 0.6421650672056034	 0.029507307624245686
 0.977297778515284	-0.17985778840661115	-0.11198315970972259
-0.7232018319188306	 0.3771711855387185	-0.5785507817889153
 0.1369621590828704	-0.3693035715637131	 0.919160616546229
 0.9894172363881845	 0.1278985351692394	 0.06852369691961067
-0.6819234965577332	-0.6379712154637923	-0.3577332429089121
-0.5972578347305807	-0.5901577470386183	 0.5431361822446009
 0.9944902047421867	-0.10107595230609624	 0.027800801018305045
 0.21811704551027802	-0.9467493212440028	 0.23683470434437523
 0.22419699056649184	 0.027769435716316123	 0.9741481241889888
 0.36732253663588094	 0.1421847803802365	 0.9191613799043159
 0.7741368820960947	 0.5981112266232861	-0.20730424107028142
-0.09406496414229741	-0.9763788716689624	-0.19451499037182765
 0.7229223345062843	 0.32229549835673166	-0.6111537531677033
 0.16242333057443703	 0.9792650781483407	-0.12107257494672947
 0.9929949567351378	 0.05591754372170745	-0.10408767555629551
-0.6730829542886012	 0.6543931162349896	 0.3445707272395436
-0.10471548962865196	 0.44514467436982014	 0.8893148402630073
-0.7537008076926315	 0.37235096663219636	-0.5415624157302129
-0.747687116972363	 0.633162123141599	-0.20017417648732488
-0.10312688723304479	-0.9497892610726537	 0.2954068460288035
 0.4621849588405559	-0.8563318083051549	 0.23039292069501
 0.037869242587641135	-0.9985438200992531	 0.0384208251789133
 0.41786631686168507	-0.44488828575237127	 0.792125087617332
 0.36201853416830987	-0.48205526638865454	-0.797850425246231
-0.670233442712737	 0.6657909708192432	-0.32788643681159163
-0.30716130065032005	 0.9320734339881236	 0.19207042728226267
 0.5697164164182854	 0.7838787449717742	-0.24689535849218122
-0.3870187472702582	 0.9216223922160167	 0.028786375725104108
-0.9247198686414997	 0.31973374844262464	-0.20655143341665722
 0.4160715042713036	 0.08806916682603501	-0.9050570839388987
-0.7161624989067399	 0.5992487637814916	 0.3577879179989286
 0.5235512845924017	 0.8462793950254544	-0.09851516612683073
-0.19502113701269388	-0.06215173014955282	-0.9788278288635306
 0.719178477653731	 0.6571468113154901	-0.22569976884690338
 0.2037630233033474	 0.8028690330475237	 0.5602516810395253
-0.7049987696261818	 0.6869778669185912	-0.1761764603729795
 0.4062065210044032	-0.11775702979347552	 0.906161985644795
 0.5355874173303948	-0.8022412312498437	-0.26373305685880943
 0.7507273789231311	-0.5775765084918638	-0.3206458784602626
 0.38686853280200584	 0.31531977987220783	-0.8665484260841778
-0.532790573188761	 0.17478016841077945	 0.828001266817564
-0.9516615826809333	 0.18480830299558393	 0.24532860247658397
 0.2679295228684042	-0.1401202078615107	-0.9531946800755638
 0.42734857688018385	 0.04338535631264053	-0.9030453502987027
-0.9904552400922061	 0.1342244536569272	-0.031340284210415834
-0.5575557009580102	-0.505052471838824	-0.6588274743957749
-0.39575017357380626	-0.7792647126942195	 0.4859303526904836
-0.29460487721458506	-0.8540355465179195	 0.42875546830940564
-0.029049308835581863	-0.6922936419230266	-0.721030963973897
 0.8162563183523784	 0.13290518412384297	 0.5621937697830065
 0.2925935982202428	 0.17971370574185586	-0.939197513970869
 0.6636802481430986	-0.7239057492326467	-0.18838522886000253
 0.8395584204454174	-0.5270932902753319	-0.1315838972136044
 0.659138461583936	-0.3063313297435652	 0.6868024496740686
-0.663879784696368	-0.6146217089860522	-0.42603261179699464
 0.057189753936226106	-0.6769587991507348	-0.7337956911137522
 0.7585603161992059	 0.19074724250420616	-0.6230583729995145
 0.9700337043872851	-0.0615553544387305	 0.23504372081083882
-0.8255032019657825	 0.3987907312615018	-0.3993875513885693
 0.41839351742142283	 0.3900438634099473	 0.8202515767714026
 0.48198524873593873	 0.3231875366238292	 0.8143955035312859
 0.771008106596822	-0.303282279922542	-0.5599699619148946
-0.35490010413118306	 0.257587044373075	-0.898718437920809
-0.1586296089031923	 0.2163725776686346	-0.9633377158672086
-0.5628625204750272	 0.7804512190557662	 0.272179495404904
-0.02892142748501699	 0.6081717458152659	 0.7932784370095035
-0.6143184179432001	-0.7683433984887224	-0.1796143184007453
-0.343271057421682	 0.8577069987693822	 0.3827579984776534
 0.6891382908119651	-0.6914071893078223	 0.21689747511259985
-0.7631517685705682	 0.26808164413203034	-0.5879894643674164
 0.7460799115501656	-0.5505781502945203	 0.3744709147578245
 0.5397506201830627	 0.8418155688254978	 0.003976945436247215
 0.9469667234671422	 0.2935510934804915	-0.13069728444888545
 0.6063593478917257	-0.5342907762006349	-0.5889496648197062
 0.22010802183973252	 0.6931545466416282	-0.6863594052621693
-0.3435436526204673	-0.46553230032182386	-0.8156331504428072
 0.9590121471921116	-0.25991988071785965	 0.11285990052090977
 0.5782931746428246	-0.15667014992060097	 0.8006444081397058
 0.316212975063845	 0.8799073876053639	-0.3546439674360414
 0.019087952339249488	-0.40250875735079944	 0.915217105571902
-0.4011729988210577	 0.17899429775647835	-0.8983436237807807
-0.9815146712303897	-0.18254009250008202	-0.057515778613883725
-0.2720170687953203	-0.8443628643506573	-0.4615821352582394
 0.04438339453524541	 0.6910279519886003	 0.721464125137189
-0.7011540601939443	 0.48104435110451826	-0.5262882443528257
-0.6697770099234713	 0.12493632773971113	 0.7319765508463295
-0.635212620993536	-0.7582117975202546	 0.1470367172907048
 0.8418694386923226	-0.028270210780806576	 0.5389402966732791
-0.7444416648708059	-0.249512491100752	 0.6193142371922996
 0.39548285974208564	-0.027386534054718147	 0.9180649679639734
 0.6308507749580714	-0.7751273566180912	 0.034711392323720495
 0.1246039827696374	-0.440265803666864	-0.8891793236459754
 0.6071628575363177	-0.7059178501667427	 0.36473723863117896
 0.9922996715396737	-0.02163082296081232	 0.12195683400405986
-0.68165806044947	-0.6901712245420304	-0.2429114436135541
 0.5483289046585581	 0.39764602309986286	-0.735671837593916
 0.09030668029672062	-0.11674126842602044	-0.9890481180104786
-0.297371614258796	-0.9541394519676094	 0.034467799930772466
 0.1718247641305253	 0.9332651482038858	-0.3154241803975534
 0.6326578141973823	 0.7034283547496268	-0.323933079306859
 0.08247316084424267	-0.29954826452801914	-0.9505098710474351
 0.15089593002900176	 0.11813032185362034	-0.9814660693877515
-0.9966762556170848	-0.02803012994161503	 0.07649021705135324
 0.8389810695530786	-0.5217034062187071	 0.15471367383450926
 0.22669106774143233	 0.8210223959399133	 0.5239593354176766
-0.9283833573485705	-0.27779677105125816	 0.24684670504523892
 0.25464005203570417	 0.9381100932053953	-0.23475071230013075
-0.4915793299859909	 0.46227868331527	-0.7380028328420053
 0.8313747207693002	 0.09414648835186003	 0.5476792057370636
-0.12795645856758872	 0.4777210238845537	 0.869143122879963
 0.5280458009764448	 0.2218938381908485	 0.8197138260661939
 0.5158288670507142	-0.5313667601693564	-0.6719895431510065
 0.6384111592137733	 0.3296800292787702	-0.6955158302196113
-0.6505607451733183	 0.6887798887181512	 0.3199265255288283
-0.15327815387573346	 0.44362130163802266	 0.8830095969339367
 0.4702835049393541	-0.1549241794953076	-0.8688106373598691
-0.6910969003959244	-0.4137350954617189	 0.5926283363512312
-0.9306657635795892	-0.3496602799115886	 0.10769830617502597
 0.464965954462495	 0.7604698608273798	 0.45331253232617186
 0.13681709374339107	 0.3684569650889555	 0.919521912592108
 0.6812678216591028	-0.4486132415298822	 0.5784637540035783
 0.9205413852480414	-0.14803055472233861	 0.36151142846971446
-0.10857874940142874	 0.9940368152894276	-0.010072985042899161
 0.6477469438196164	-0.6564221892879268	-0.3866960126285142
 0.2522958258220165	-0.6242706266503827	 0.7393463335773873
 0.49648146751106625	-0.8224664956009384	-0.2775878528177517
 0.9464043276196766	 0.07751115640588963	-0.31354564148680125
-0.2169081796180392	-0.6274371630603096	 0.7478458718383214
-0.7243027081480518	 0.3361006734096365	 0.6020148871107649
 0.2594054477574498	-0.7852576753423486	 0.5622092110501994
-0.9900141365256268	-0.1392713371695085	 0.021806057012555197
-0.1690648949750046	 0.8888471557817085	-0.42587297982597805
-0.47712228715678323	-0.05952248473745466	 0.8768189077049829
-0.8247457515199491	 0.25702179529032654	-0.5037204007140585
-0.5110396190698817	-0.2724902088864256	-0.8152224198351898
 0.35753481352540173	-0.7242281473430485	 0.5896290763805765
-0.3396602438031476	-0.8462430722560761	-0.41049187743265225
 0.769249641062482	-0.22500558673960178	 0.5980196281571452
-0.02920888976885259	-0.6424085267882184	 0.7658055402439069
 0.22992628968560583	 0.633971784414055	-0.7383858597496772
 0.09948174698066374	-0.36882756474213474	-0.9241588659446285
-0.6010734635775337	-0.43822567596702705	 0.6683329621574485
-0.8629481568825752	-0.45583212175024623	-0.2180310879522349
-0.42093406704657127	 0.21464693422466577	-0.8813292261281164
-0.27737064085013013	-0.1745664730500272	-0.9447709108991779
 0.6695061250813482	 0.5733893928349074	 0.4722140962137562
-0.8141367137956895	 0.4299662384543106	 0.3902697080730277
-0.4937997147825593	 0.8054102200030698	 0.32783565882202303
-0.5623385496471981	-0.12865970762774012	 0.8168366025184168
 0.017573694515519732	-0.31301783825155344	-0.9495846450935268
-0.5432288142442896	-0.826368278225796	 0.1483843796256085
-0.39665229683602576	-0.8869536170960135	-0.23660142969771666
 0.4943845516007576	-0.5917713280886516	 0.6367029216131422
-0.3700559644611058	-0.49811864979934833	-0.7841788022440004
 0.1244805986514043	-0.6633152499741154	 0.7379142631167694
 0.01737380105551402	 0.49974600126100266	-0.8659977397548574
 0.3743576734345423	-0.5399082831928276	-0.7538934792664345
-0.012405871840352276	-0.9673932360068264	 0.2529751396325766
 0.3991650076964313	 0.8466333625554499	-0.3519648363668738
-0.2048315994725825	-0.2894824400467296	-0.9350101244168938
-0.10212216959014364	-0.1767777732384069	 0.9789385483098886
-0.5899301386381209	-0.8028722092156896	 0.08589905235522223
-0.581504481302003	 0.19094490261497957	-0.7908176669694754
-0.6414111481579388	-0.2020841640408773	 0.7401038641046366
 0.6395592872513425	 0.3990101664828363	-0.6570805164771619
 0.5126178818657978	-0.8127103908603601	 0.276992288302443
 0.17550402276987154	 0.18308424329492834	 0.967304759550327
 0.6909058517549962	 0.6800421744699071	-0.2453400598209422
-0.9430585085786702	 0.32299475279777484	 0.07946722005002063
 0.027072487771709727	 0.5608211376183382	-0.8274942489264344
 0.18004553438969315	-0.9627408143306472	-0.20177643561202127
-0.49104870988745936	 0.2411604418462917	 0.8370859010916163
-0.1263657354477684	-0.7950116367997273	 0.5932859329680444
-0.31383705762273256	 0.5501030891001741	-0.7738817045422068
-0.5339502527473741	-0.539342182847297	 0.6511583044026454
 0.3653819124903255	 0.5644290642556014	 0.740213408044233
-0.3852412172648606	-0.9217292332910149	-0.044770805409845016
-0.33492363467751113	-0.9125318331864737	 0.23475905170139677
 0.142014591582717	-0.3573402053022216	-0.9231142039055408
 0.13478406207595395	 0.8326552189579891	 0.5371392212009178
 0.7287739234838433	-0.6396006886692839	-0.2445394191204008
-0.4304746161765577	 0.7146004028936105	 0.5513962903501753
-0.6520694856831124	-0.5809013498227699	 0.4871950406305926
-0.18607872625750457	-0.5582156999158313	-0.8085604120916775
 0.015464986556455037	-0.7474463999748165	 0.6641420882277338
 0.45233758506527294	-0.7554375889074479	-0.47403033489748175
-0.2723347897603243	-0.9231977028949183	-0.27118215954547237
-0.6811353775409816	 0.7318087849566374	 0.022594240912109202
-0.21840470894006148	-0.8730307811735396	 0.4360236670598587
 0.9246951923180196	 0.3504971718280554	 0.148628845936699
 0.12967120250016784	 0.6992494275157325	-0.7030189310118758
 0.9456816956658346	-0.258743255644056	 0.19681986216158778
-0.8396123493620741	-0.15685508881459082	 0.5200457517485029
-0.5908252809801885	 0.8063305851383938	 0.02750408742453876
 0.9100184386198492	-0.0762520319253399	 0.40749486990531353
-0.7737598800052224	 0.5821153393753293	 0.249874728130415
-0.947105950816298	-0.1182985987825261	 0.298321570548372
 0.5732534814852704	 0.6440260241494316	 0.5065677903136879
 0.6554826757147265	 0.42474682979212947	-0.6244458282504565
 0.6884942312565315	 0.6627305493734822	 0.29455714632919755
-0.5824104136538027	 0.7287856154415758	-0.36009670477949346
-0.5310209194227008	 0.6413518402854538	 0.5537911159434857
-0.6004523312141822	 0.7722076586170005	-0.20773138884796408
 0.3698002249833293	 0.7004139690455158	 0.6104654499381484
-0.6488222461029707	-0.21154717735824682	-0.7309428737689796
-0.9120624514805042	-0.06384803554566301	 0.4050500129074589
-0.8491090208261569	 0.25582614665013176	-0.4621329391439114
-0.6214202269431884	 0.5506977710442438	 0.5572870593444439
 0.11296077943199276	-0.9912589651807415	 0.06815809753009648
-0.019369436567130766	-0.9992980987030263	-0.03206454202992192
 0.5882938767529576	 0.7940647178170135	-0.15287752775722963
 0.14846168684329622	 0.5776333069376701	-0.8026823096692081
-0.20334347454392676	-0.769869365451699	-0.6049401553041439
-0.9762675180096761	-0.16817407002497228	-0.13645224604403694
-0.553528759977308	 0.4769477167509298	 0.682734785523675
-0.13203945523736135	-0.10785672539993452	-0.9853590761984302
 0.004487459154818027	 0.12568412938792936	 0.9920601606406397
 0.91615379884166	-0.38044875692852376	-0.1261782874330446
 0.021363510384384887	 0.8186028090612156	 0.5739625784153032
-0.3520953165915866	-0.08155001631305599	 0.932404677633918
-0.1209915383307084	-0.9925176401919149	 0.016425028470033465
-0.2647868058954273	 0.2523692025500755	 0.9306974444081902
-0.9449778844584309	-0.31732114500169817	-0.07952413985249902
-0.7999576461029151	 0.46880152807745923	-0.3745569272002889
 0.9684966477294168	 0.2480724097111874	-0.021778954909884657
-0.5373645350539411	 0.5515399572770536	 0.6379992413734419
 0.9618715063495875	-0.04541137814720937	-0.2697054170897329
 0.30726390712414575	 0.9424823893410912	 0.13158965445927856
-0.9265286685643384	-0.2895519761969908	-0.24021715053012285
 0.14019391145967025	-0.9722824566140337	-0.1871162519671072
 0.4306495360855295	 0.578720036534612	-0.6925489848254024
-0.8807281668073222	 0.45419066359701143	 0.13427113350798886
 0.80592019297245	 0.4577465011092697	 0.37544744410032976
-0.7223340967792662	 0.46880305494803326	 0.5083868097241244
-0.33964765826862214	 0.5867626142927949	 0.7350844187580947
-0.23181641703478265	 0.02194948315512411	-0.972511886293622
 0.6613335962191011	-0.6174502094902045	 0.4259027040444956
 0.6875844854628659	 0.7248296171968486	-0.043006992280745476
-0.41284255063229375	-0.11590945459872447	-0.9033969375208487
-0.803432336945579	 0.5952324307613602	-0.013958270669680355
-0.7936921259651116	-0.5890219734824874	 0.15200632860436156
 0.22371584793688096	-0.3227877200198708	-0.9196517314648278
 0.48596091537085145	-0.6034632104009207	-0.6321978665137508
 0.7887836147177407	 0.13302313095813748	 0.600104370741381
 0.6270611921504106	 0.7770351089314287	 0.05486985316937403
 0.06046123249955864	-0.8297652919096355	-0.5548279009807918
 0.7693864124469021	-0.577181275241007	-0.2736901968526647
-0.9084970797230707	 0.4177812873467198	 0.009583948954909749
 0.7816689753103853	 0.400345544249127	 0.47824372263217685
 0.8168009651343187	 0.5107026744059792	 0.2683634880348401
-0.3718104328489748	 0.8001577746804973	-0.4706426857426051
 0.4849227054895937	 0.8680787353612447	-0.10625101841523671
-0.5208901984761724	-0.11782792445392044	-0.845452530512704
 0.3304802650912013	-0.4603870733806802	 0.8239093014702659
-0.942174526860362	-0.3346477342177072	 0.017834094269343962
 0.46180811705708685	-0.7145629807342836	-0.5254835959231497
 0.4642004208656499	-0.010907832258226394	 0.8856630219578888
 0.07377601343296415	-0.9963069612722705	-0.043926515481583765
 0.9330505385218888	-0.3415999360904724	-0.11281035514082166
-0.71389531913682	-0.06747228884494492	 0.6969942349493015
-0.9184196990404133	 0.31408420384703917	 0.24053350974092577
 0.7874997039898027	 0.4298146228280254	-0.4417053386808626
-0.8245683578656562	 0.38897681017179564	 0.41083337784959706
-0.27911550568576726	 0.756849859664159	-0.5909930832185105
-0.016622771410537956	-0.3279654277360583	 0.944543467332519
 0.4598341807999625	-0.4337267264865807	 0.7748765404238679
 0.7627889796578172	 0.5648757382277765	 0.3147512873273287
 0.23202403062891983	-0.8812271521105671	-0.4118295224893539
 0.20571650686155193	 0.10779137153663917	 0.9726570510858035
-0.3807042814873442	 0.5822468699842138	 0.7183681733281277
 0.24943828581861388	 0.9231401374875345	 0.29256252003181704
-0.5415237356911883	-0.6480461479938738	 0.5355261279838381
 0.16893250846966726	 0.6081530440103999	-0.7756363082289472
 0.3753382308327285	-0.7148761090701038	-0.5899774242766809
 0.9186062278692279	-0.35081509526208776	 0.18191032696392134
-0.03794459655393244	-0.29081659253992104	 0.9560261069112229
-0.3880010759114052	 0.8647448372747742	 0.31885973640178533
 0.8678830152270526	 0.4927161819535489	-0.06332326524680208
-0.8035585944395125	 0.2841231272570457	 0.5230369335525664
-0.005353077257190389	-0.7713364743373643	 0.6364050502004861
 0.7410681186958102	-0.10993913369379157	 0.6623680474896949
-0.8800247744753157	-0.06652822845466898	-0.47024503307143334
-0.17548974744756807	 0.2693301040206033	 0.9469237791971642
 0.5747651893310842	 0.6452916957207561	-0.5032331512997071
 0.8619894131412763	-0.4473177466908994	 0.2384975579072765
-0.8444247115549092	 0.12302362235689206	-0.5213560154612173
-0.884145893884202	 0.10851349992933633	-0.4544346582962079
-0.5996220316321974	 0.6483608604777776	-0.4691285684988624
 0.26715529721626596	-0.5105011562510342	-0.8173228350141978
-0.013411834710848334	 0.006452677309140093	-0.9998892366883609
 0.017939610387794243	-0.5042308941732853	 0.8633825199413893
-0.7548337701801565	 0.4420262657620747	-0.48460165060804994
 0.4875002506927008	-0.7277244153000504	 0.48245277587630647
-0.9629538028235834	-0.2684505263940204	 0.02557906382908625
-0.5111448580759187	 0.5259292937127116	-0.6798009356255679
 0.8338957972797416	-0.47616392388313994	-0.27908012625659206
-0.18811774881639412	-0.6876342750137614	 0.7012637281412399
 0.9231562083084821	 0.17710064958248442	 0.3412007839659353
-0.9028689066345205	-8.033109960071082E-4	-0.4299152150413259
 0.9242778389617292	-0.14244714207983408	-0.354145857123196
 0.18161320519267962	 0.019945538986781624	 0.9831677472202638
 0.3064277651259312	-0.7163795601066357	-0.6268192328106648
-0.6506123741565883	-0.3734797899889528	 0.6612234002696329
 0.11998831299792824	 0.0011306202149602431	-0.9927746604551512
-0.4843047461995255	-0.38337986679756075	-0.7864278673488737
 0.9187855454068973	 0.14235996049600455	 0.36819392064362816
-0.036904303974942966	-0.2152994552844609	 0.9758505095056
 0.13701220492533472	-0.11519275282344521	-0.9838487106249897
 0.540828023191538	 0.13941813375246195	-0.829498422730094
 0.06703392660153389	 0.7224302235175555	-0.6881867659529315
-0.9539083053760535	-0.300058097614773	-0.0049074423470053564
-0.2607887564194561	 0.9001258806413588	 0.34894501504508124
-0.2712070645941492	 0.8932090087597127	-0.358642433050966
-0.2008138084370206	-0.9736997247061873	 0.10762276918995696
 0.9483926931902136	-0.3164344312474353	-0.02050732124206805
 0.9937356829370834	-0.06531894781170815	-0.09067980764392791
-0.5921494701416339	-0.12470000590145772	-0.796121167624099
-0.293535014510621	 0.14515088284267072	-0.9448642317636131
 0.15851073134895902	 0.987352941394364	-0.0029184185984578903
 0.15494005763938445	-0.969219257521076	 0.19133115112024637
-0.10496982511017398	 0.921366207188346	-0.3742534543163244
-0.7016809536520987	 0.4571688154663244	 0.5464801125814179
-0.6529206996591769	-0.46129081793636273	-0.6007539773020005
 0.08034958889650792	-0.8909392166971737	 0.4469577784480192
-0.9757788591822113	 0.1066058865070137	-0.19102566041010297
 0.5476960954659507	 0.21416118327044018	-0.8088040396731196
-0.9642960986598457	 0.12742828862384015	-0.2321531075988435
-0.5459774692693425	-0.3388532203022686	-0.766216091021995
-0.867614596609199	-0.3563107007779722	-0.3468250225427329
 0.911181423325996	 0.10808671648156336	 0.39757474203707444
-0.4011038737010671	 0.11507740554221134	 0.9087754801025782
 0.29123072947220047	-0.9561921018858127	-0.02968714372049595
 0.6737168227938973	-0.7336206518947189	 0.0889178373447305
 0.9744546894649558	-0.2245788462670051	 0.0015491898326254932
 0.28327240407780396	 0.954193325004418	 0.09629041284050233
 0.18996229809591053	 0.9477030444619126	 0.25646298918117283
-0.5971721554240975	-0.106828476599424	 0.7949673536527044
-0.8083620169582566	-0.45872823195916307	-0.3689434356955
-0.9485093176042122	-0.15634865166335815	 0.27547263664662175
 0.23485716672995793	 0.8544868355468646	-0.46335122651470606
-0.7703382975286901	-0.6243122261153147	 0.12966553776366116
 0.7519581895232064	 0.65635704400769	-0.06127244070925262
-0.017945751081236513	-0.07353195789003232	-0.9971313861207001
 0.5146910374222947	 0.299668530563837	 0.8033006335033434
 0.5926065207456911	-0.6790125197849946	 0.4333122540904183
 0.5088432398828151	-0.33599446107264846	-0.7925820332016493
 0.5862463729679238	-0.7977584901126252	 0.14105524320342833
-0.21348431965194375	 0.9751364605787621	-0.05944180778434549
 0.04113041176428436	-0.7857137148895724	-0.6172213925833483
 0.3770581077016457	 0.7560612668737248	-0.5349752743349476
 0.9010427885965918	 0.07783743414589406	 0.4266886768636601
-0.31293270993809535	-0.9136094555282698	-0.25959753816270736
-0.23810320215260994	 0.9127176043672699	-0.33204433409221884
-0.16496953352219795	 0.7648307393188178	 0.6227511486962499
-0.7761017789509455	-0.18968749706261195	-0.6014022631877096
-0.2840760826698578	 0.1644057077266447	 0.9446012611265397
 0.8428086025004233	-0.5380886782321166	-0.011585935857634408
-0.2978163747033197	 0.954310301952024	-0.024438791844288744
 0.8999965200055237	 0.14999915554128407	 0.40927560068351104
 0.6875586298028833	 0.5584883749237636	-0.46406235104627386
-0.622481805300232	-0.4582895719182275	 0.6344186869419689
-0.3629331591533165	 0.7521938551078972	-0.5499853873739858
 0.680383165967847	-0.4843928912910044	 0.5499475196182908
 0.32808948820695905	 0.5626601476230363	-0.7587956549723508
 0.6284472294458584	-0.5477460269672003	-0.5522937350210226
-0.18287570648621546	 0.8618988083664588	 0.4729555159987519
 0.6519891216116378	-0.1884865409412283	-0.734426993774123
 0.7248802406762718	-0.302055140641289	 0.6191214167586853
-0.11289047126689344	 0.6697670331876282	-0.7339399585471424
-0.28305571051043277	-0.8103038822724674	 0.5131150778544726
-0.15601732570579255	-0.507574788411169	 0.8473644010984706
-0.715723710886859	 0.6853134498527782	 0.1344806496311928
-0.4747973338162522	-0.4541356824330344	-0.7538755028133363
 0.9039805512356498	-0.22076890661004617	-0.3661697050028792
 0.040325836562543724	-0.6850601097538974	 0.7273695573293597
 0.1052477042014827	-0.9472648160292877	 0.30267522044811807
-0.0029901731176373244	-0.6965712062407508	 0.7174814377397034
 0.6609905033270269	 0.7019853351251303	-0.26515682865191736
-0.8018237599724726	-0.43845499816618344	-0.4059998430131455
 0.4297078398304833	-0.9015510542513137	 0.050565491855261116
-0.8921896828537422	 0.38353126548373745	-0.23854001384627668
 0.6864524105032548	 0.02471953660539873	-0.7267544513962645
-0.2632080801258947	 0.8264127006252202	-0.4977585306167751
 0.4712836259958718	-0.10748260284234865	-0.8754080385479776
 0.16839317590865974	-0.9307209406464229	-0.32465715601174233
-0.0935167904493156	 0.5434862280396336	-0.8341926215421173
-0.9745820071602742	 0.21970919952936194	 0.04379245324960347
-0.4602624193702159	-0.633962216701141	 0.6214904770878239
-0.4607792183164728	 0.2835738570834154	-0.8409924967242544
 0.6797540364061953	-0.38959883473679074	-0.621407433139659
 0.6007019829702317	-0.10123540016295773	-0.7930375283739586
 0.29331855751871505	-0.0010155760257151262	 0.9560142218714512
 0.3294316771121772	-0.5562102958755579	-0.7629579784477535
 0.9339355155898005	-0.30759920587989914	 0.18206367364762507
-0.8149830230174328	 0.5198783494060345	 0.25598666764545325
-0.543008734024558	 0.647823867823264	-0.5342899503561274
 0.4299574449290687	 0.8719952330784702	-0.23401048916339562
-0.8926733122614002	-0.3539912268345079	 0.2789705520309642
 0.1922960195286608	-0.7260694556517718	-0.6601858726472211
 0.18104769221480038	 0.7833751630280448	 0.5945965750779928
-0.4935124041084943	-0.2791702409888981	 0.8237168709801048
 0.1844486074718241	-0.04209317526824711	-0.9819403626481303
 0.4466191558709392	 0.7433620766266319	-0.4979399086661672
-0.2884426356605209	-0.8331816283896458	 0.47181481541722486
-0.2146946590011214	-0.45451929887482295	-0.8644758009029123
-0.3719690212996737	-0.6477157203783567	 0.6649085597043473
-0.2988815256342213	-0.8887477657845918	 0.34755897693406845
 0.5744011439337169	-0.779364343820744	-0.2503089000185543
 0.015205059203325228	 0.03297681371098853	 0.9993404504632514
-0.6218702353852851	-0.7363976694146624	-0.2664505260315763
 0.006311175208127894	 0.6823615463837406	-0.7309876121277862
 0.8237192395905217	-0.2502321531567876	-0.5087931641196951
-0.37658153093682195	-0.33895561081071923	 0.8621458371164428
 0.5442296018517424	 0.2669862369190376	 0.7953191119067273
-0.778698831100939	 0.33384439298614577	-0.5312024583092055
 0.5425268714961674	-0.544761270663853	-0.6394526969911734
-0.36763732098957236	 0.5519762248529914	 0.7484417461717712
-0.41612876704251406	-0.6387318511364656	-0.6471927623076921
 0.3738946100654292	-0.629860935563136	-0.6807922020819213
-0.12528729692824778	 0.543830596191427	 0.8297899588898929
-0.31717495651139793	-0.785838464328329	 0.530902961890482
 0.4182642375744796	-0.4221289171123712	-0.8042774427421026
-0.37586469816589035	-0.5327119899381874	-0.7582503969328078
 0.5150044096542689	-0.4384546693544216	-0.7365649740233126
-0.48571407548419665	-0.8741148705018483	-0.0022427759738369918
-0.0576663853791001	-0.252719591720542	 0.9658195462703745
 0.648513691283119	 0.4901538587558092	-0.5823909228045486
-0.42164841382294993	 0.4096033982481198	 0.8089732203628145
-0.9030233842794368	 0.08713596274763417	-0.4206614926999562
 0.20172468640725186	 0.4562193303599599	 0.8667012596620622
-0.9198675308578768	 0.12702761462651466	 0.3710898958416015
-0.6070393409058039	-0.7160958911051645	 0.34454305004592295
 0.5581932004861544	 0.44999887057943505	 0.6970806032362804
-0.32427408264532365	-0.5747624126619983	 0.7513284823001803
-0.2460052672575076	 0.7822544698922201	-0.5723280115591093
 0.3614227613288801	 0.6186630103613983	-0.6975884655038239
-0.06413945323435075	 0.5734598409979896	-0.8167190100036604
 0.4850541309252195	 0.1704059576744695	 0.8577204087938137
-0.5193679546203918	 0.5577548095061478	-0.647430691415067
 0.4919442290388502	 0.0549426086140488	 0.8688913541255057
-0.26770504927548533	-0.4980676830363605	 0.8247803281524126
 0.24707328264202458	 0.3180210473827067	 0.9153236621141727
-0.6018902249841684	 0.40489155924380604	 0.6883247651520513
 0.49661905399491035	-0.6493894988313369	-0.5759017225332681
-0.3560716745898087	 0.17869356359034438	 0.9172140278507482
 0.3053610178309197	-0.4373808369517622	-0.8458443428058384
-0.7865500761820844	-0.3914887301664648	 0.47757256182763064
-0.8867984925051273	 0.3816174672089685	 0.26068475676887126
 0.03079064634673313	 0.004825510874559171	-0.9995142072738886
 0.7841504146217217	-0.4127254620053613	 0.4634283334681243
-0.3623158122054876	 0.1331230725158135	 0.9224995933819307
 0.7948707023365998	 0.24194761537601076	-0.5564547762224549
-0.5263061457188899	-0.8169678561883182	-0.2357230640679654
-0.488168752413575	-0.7782959685137162	-0.3949008161073741
-0.45539560009284336	-0.2979708856132123	 0.8389446934947243
-0.49127071990159665	-0.23662975685309967	-0.8382478380163053
-0.2740648632382873	-0.8823848712757675	 0.38247273063818044
-0.8916138258656571	-0.07656094817098896	 0.446277051550228
-0.49893881991348077	 0.7061709135412819	-0.5023770445110071
 0.22801426597297014	 0.22546574836911204	-0.947193058898324
 0.5757228995589386	-0.10787534606950179	 0.8104974106274698
-0.7488360124512754	 0.14901167259990108	-0.645786456876461
-0.07783181321832007	 0.050497439094618866	-0.9956868069307906
-0.22264115603131446	-0.9365653482025778	 0.27069588875197986
-0.2806805697375102	-0.09185655936755675	 0.9553956197685758
 0.7869543701572701	-0.6107593326170626	 0.08761196785562168
-0.161002192321495	-0.9820770210255052	-0.0979949939606188
 0.23591097615196407	-0.7133729793814043	-0.6598825680524725
-0.7426170733422599	 0.031573979401275654	-0.6689715735405685
 0.33249683894373117	 0.6614830806816986	 0.6722246544603047
 0.27894154700821	-0.7778065892813663	-0.5632126800979845
-0.8399610382208413	 0.5050630423574992	-0.19843582719749375
 0.5411594825752931	 0.5546192534773772	 0.632094848967335
 0.5812341589605369	 0.7979901632639432	 0.15930647127917527
-0.16437507122595293	-0.9238836265778124	 0.34557181670514175
 0.34977243869098806	-0.8907629514060385	-0.29017340597401853
 0.19603946837206876	-0.9763050141016129	-0.09163539862109181
-0.1596104361174525	 0.7826806126712972	-0.6016108104338547
-0.3632781921843353	 0.7717910601130721	 0.5218884120315583
-0.2961388538535275	-0.9375078099212436	-0.18270436660078127
-0.5172158924219146	 0.7552223823994004	-0.4026498152851632
 0.3061943931867524	 0.6830509474617754	-0.6630885285937069
 0.6611065917569586	 0.6259960238597835	-0.4136025295464709
 0.7210873817960196	-0.6924369694094877	 0.02374934124487946
 0.02697574507364002	 0.4644507387358697	-0.885188014189882
-0.42040179729153926	-0.8281938445584494	-0.3706174370824158
 0.034485287029311064	 0.9544003840092237	-0.29653106410889307
-0.12211671836082631	-0.05419646545550723	 0.9910349389546832
-0.10613715082046972	 0.03155758755391087	 0.9938506044086758
-0.031146036978549105	-0.4982637860406902	 0.8664658815561801
-0.4876106818590042	-0.48535612954593443	-0.7257170594999037
 0.5964016916977567	-0.7695195966006995	 0.2283519489462498
 0.8298949492836368	 0.17564470982376282	-0.5295501006179074
 0.010035231878308296	-0.062228920229669346	 0.9980114506398202
-0.29188051850326857	 0.28290849109560684	 0.9136566907675278
 0.6989604036427063	 0.5076262249476019	 0.5037558633753771
 0.09046568702032395	 0.6876612204302437	 0.7203735179671228
 0.501821273036871	 0.14789952243852858	-0.8522330322101516
 0.5790990932686457	 0.11153320045386117	 0.8075918433044946
 0.7131383126521285	-0.03184008905872278	 0.7002999041527906
 0.3460980156489764	-0.8170061819015222	 0.46121259989134905
-0.9474020306078358	-0.19690189850366913	 0.25230742114690213
 0.37730613342261665	-0.3843039804622827	 0.8425856231164403
 0.7633304156520958	-0.6446809749768008	-0.041389818112191785
-0.19754933469166763	 0.9801173686473416	 0.018552736690058892
 0.7925744133614276	 0.4936682172025882	 0.3579350368555824
 0.49550658540128667	-0.7406861935437167	-0.4537148735909784
-0.9790861122011115	 0.018605628635006817	 0.2025937202333997
 0.238113634155035	 0.9315540806903571	-0.2747888134160956
 0.38638363799591774	 0.8182899899445778	-0.42556923836849697
-0.4985693230216123	-0.5150605715686739	-0.6972382933811956
 0.3343894515761979	-0.07838673256316628	 0.939169428182498
-0.4045320733179926	-0.6239960609846175	 0.6685676611478661
-0.5928982468216835	 0.44571584685662313	 0.6706780544916148
-0.3360488406588222	-0.7982651680003648	-0.49984387387384366
 0.43651787364593475	 0.5019663304119559	 0.7466471382925051
 0.20508201727336173	 0.9787289609209542	 0.005566618873049488
-0.54193242562391	 0.3721447546695264	 0.7535366796841033
 0.22811803028376723	-0.363420483218422	 0.9032650312265734
 0.5337233412934208	 0.8439543358588566	-0.05367004698733389
-0.6824208201424683	 0.019483501999009226	-0.7306998134568912
 0.020132626374871645	 0.20386380169312426	-0.9787922290836173
 0.44577875997342814	 0.888236735977557	-0.11098107053226842
-0.010078393801913324	 0.958564644687811	-0.2846967648795898
 0.5912803885374449	 0.08152420036596154	-0.8023349094272908
-0.4338796056138019	 0.5114924310669142	 0.7417034318335529
-0.7185685454322197	 0.377153295997861	 0.5843069714057617
 0.6947810896622286	-0.6398290144368836	-0.3284784159309294
 0.8154096529914184	-0.5291344582836849	 0.2347846308114006
 0.09702819841082862	-0.06443765238644099	 0.9931934945759929
-0.6828566242051322	-0.7024139753700267	 0.20080198700223684
-0.3097632869585052	-0.8717415445059407	-0.37962268851460856
 0.645940553793674	-0.6753812100104906	 0.3558384775842648
-0.7483782470632907	 0.3474701588710416	 0.5649729975995397
 0.818355018211064	 0.5694001619872059	-0.07796486194249701
-0.16975521681879335	 0.7030721194516985	-0.6905597448537681
 0.5669781936604836	 0.7328084748075459	-0.3762013651805818
 0.27796183653833084	-0.8771988031438015	-0.3914836870053722
 0.5880505081956532	 0.7249389874748989	 0.358692158054372
-0.08563320651646818	 0.9863011514489773	-0.14098578861761038
-0.8098222409408392	-0.5823392335539612	-0.07119659501227733
-0.7460721365249178	 0.5411811188616091	-0.3879424747160863
-0.8542712245399188	 0.21652328293193998	 0.472586862779154
 0.20665963700439002	 0.5689386213009343	 0.7959903514650198
-0.24569372913034898	 0.8661905300131637	-0.4351419965730004
-0.15187116346502785	-0.25926075538431037	-0.9537919114908323
-0.8358897951893183	-0.46233937907916217	 0.29585562163165785
 0.9034728472935991	-0.2952704872340438	-0.310728424145213
 0.38952797626501107	-0.7984214652435879	 0.45911994026089414
 0.06003112275425074	-0.9276088849302104	-0.3686977364988775
 0.14710638119630332	 0.2160305572583412	 0.9652411672436988
 0.43295587468264823	-0.48238606651626487	-0.761480724252918
-0.9835121222869484	 0.17499037754977073	 0.04563193048306535
 0.4834646599845552	 0.7201614909372029	-0.49762370272840034
 0.8226484262049721	-0.4455780619275175	 0.3531426872970752
 0.5523804142947009	-0.8037195448681157	-0.2211577968343047
 0.9161044537332137	 0.10906820565197042	-0.38581959043836767
-0.9210204406312597	-0.3874394175254423	-0.04015028875296499
-0.7545164091432875	-0.00509524207014494	-0.6562614013042103
 0.5933994562750187	-0.7836953799574646	 0.18357188435552266
-0.24472436850839596	-0.30028841257556027	 0.9219201986782894
-0.024716903067372956	 0.8198403184356162	 0.5720584996048443
-0.6394138931575826	 0.10515891351647005	 0.7616373652500898
-0.002023974774787659	-0.8845005683170137	-0.4665347234375924
-0.40955703535899757	 0.7926193004841156	-0.4516831625022347
-0.03080998292534618	 0.9755598490185285	 0.2175631539003914
-0.7015740933981396	 0.7054663590876027	-0.10055350649410633
 0.27966620441669343	-0.5325038396024001	 0.7988907778387867
-0.33727676720407357	-0.5399785348573372	-0.7711469147948998
-0.46808986950624626	-0.8827328799440095	-0.04092110374098266
-0.9900628828915979	-0.09619028041927019	 0.10258127447658387
-0.6694971977567131	 0.7177729843108873	-0.19124707890410145
 0.9707644242146035	-0.1769895774669651	 0.1621453734996912
 0.0886449462555894	 0.8367176623616592	 0.5404124600667382
-0.02150383925054116	-0.9839141675400221	-0.17734287640475435
 0.5998246990764966	 0.7366524807066127	-0.3123354815684313
 0.28919136913694965	 0.5855802307591537	 0.7572741546895368
-0.3975283091343999	 0.32255454028053915	-0.8590284116262714
-0.0038365967927867905	-0.5314616645768308	-0.8470736565436761
-0.9096555259396513	 0.22136426733525902	-0.3514607876770616
-0.13699129183952688	-0.9289386949194877	-0.3439568098488771
-0.4515170944553696	 0.4677638450675287	-0.7598218861432079
 0.20514499710309775	 0.9722494159578409	-0.1124571177525342
-0.19509365161805303	-0.059252094569794994	 0.9789931850566816
-0.20821583269324498	-0.6270084602015742	-0.7506707386407903
-0.8231048626926355	 0.007152816135333738	-0.5678443644459913
 0.3582703059809886	 0.8638419184365131	-0.35414619552412735
-0.19761052605809673	 0.9690998926974793	-0.14763291626455186
-0.0774266880245066	-0.9179209531948049	 0.3891352357053991
 0.599756719668896	 0.7182620834948451	-0.35269173030516215
-0.3886178722488183	 0.9145958257005885	-0.11176146464618208
 0.16823511370170588	-0.25485322588577847	 0.9522325240052382
-0.7411569531519334	 0.30556838904956374	-0.597757752277791
-0.7068526589275688	-0.6860948782660966	-0.17214277964543337
 0.6998859848131878	-0.5961786721391935	-0.3933581054820433
 0.43180976295621565	 0.763949766593858	 0.4795008683379903
-0.8954697161496732	-0.09041802792998135	-0.43584236563702305
-0.27331593125072373	-0.36967954091182936	 0.8880514842934326
 0.6298063600282631	-0.7388460892305888	 0.23968814175218367
 0.3306856901820719	 0.8588054196814756	 0.39128023900336634
-0.994262732550796	-0.06251214701213254	-0.08679775421379277
 0.46017449720354964	-0.24859355277038733	-0.8523148934780249
 0.21971894150154372	 0.19237675046724567	 0.9564072211276451
-0.7846544153144728	 0.6180589948214622	-0.048171853273321553
-0.5047148045409219	 0.8630601734739956	-0.01975102630891683
-0.857472719247451	-0.41791669738589304	-0.30014358196111735
 0.6879884007511738	-0.11857670186367623	-0.7159689422083719
-0.20820384828245175	-0.9509773395828667	 0.2286771898556365
-0.5451051857817889	-0.8374023176560251	-0.04022057704855941
 0.40141460101086635	-0.6456053517559021	-0.6496614871449785
-0.21570008159410375	 0.6011911874127339	 0.7694430654555048
 0.5992836670607543	 0.4798853793434475	-0.640756669170607
-0.3785521697053922	-0.8830482130200794	-0.2773519574356462
 0.5414113837993402	-0.8361662841525601	 0.08774769933726818
 0.4189824480199473	 0.638168156729924	-0.6459064266495135
 0.6085172171533472	-0.3049794344734122	-0.7325942539879927
-0.949251983480721	 0.31190905940476327	-0.04041547375885528
 0.968796502620163	-0.1980534331892743	-0.14902407225975997
-0.6992609936441675	 0.3231228041376437	 0.6376721071318686
-0.788940169422611	-0.2594005429523751	 0.5570321062447251
 0.27708832781286896	 0.29529128121772913	-0.9143440915906114
 0.7827186215969896	 0.3460361988583033	-0.5173108431929544
 0.629720478437226	 0.6862779216174499	-0.3639707863788304
 0.27959083278051544	-0.051356219362111065	-0.9587447548528902
 0.5087224954920524	 0.7283414127829564	-0.4590427093481235
 0.5876837832025613	 0.1523531952758876	 0.7946170617662021
-0.31306593577057856	 0.7512602752203342	 0.5810315987413762
-0.7231594696723219	 0.6299273271272848	-0.2832524385800075
-0.1775932731918299	 0.44458085601384223	-0.8779569988234114
 0.9063590956129525	-0.42211653855463893	 0.018188394055571964
-0.22861972681522746	-0.38495877715434174	-0.8941698722294128
 0.7909288009025097	-0.08035329212896837	-0.6066094133352652
 0.558659984478362	-0.8293106390613374	 0.011953479924793902
 0.6087444344336087	 0.08521912493102371	 0.7887762130617888
 0.04570659571150092	 0.9503911309878228	 0.30768101216706933
-0.4510453038779374	 0.5399690249777793	 0.7106276000228288
-0.3113285492461917	 0.2593712772940851	-0.9142215677499064
-0.092404286345724	 0.8268328478403159	-0.5548052717821008
 0.8038652671895965	 0.4023389237725085	 0.4380913405030713
-0.18470457322789274	 0.9011242489526269	 0.39224903897685476
-0.029940461265949982	 0.9364609960087197	 0.34949159036168376
 0.5438827401131046	 0.5855996218509159	 0.6010529493273663
-0.8053495497240207	 0.19507949548576606	-0.5597821837110718
 0.613240814044219	-0.40216073728453733	 0.6798547237293721
-0.7625279324286554	 0.5668814232119331	-0.3117636994316264
 0.43500955256245977	-0.04421741878900713	 0.8993394848748976
 0.7954234133746039	-0.027540627532869785	 0.6054280364259572
-0.7242438544082773	-0.18382102284642873	-0.6645906039898057
 0.611811107364433	-0.21582290817114475	 0.7609912228232701
 0.6840327276790436	 0.24203244611712377	 0.6881275481264567
 0.439693014758739	 0.612993237271508	 0.6564368544131018
-0.35283680884539304	 0.8775951292240192	-0.32455042056062183
-0.3310548424227557	 0.7784308746691786	-0.5333367272842006
 0.3417462876100859	-0.2385901677877903	 0.9090017638815221
-0.8162388005107651	-0.08169167501316973	-0.5719096876031127
 0.6211053125818959	-0.7687886706588006	 0.15228975851717477
 0.2482752977859155	 0.7961304254679425	 0.5518475533637416
 0.5021010432759825	 0.7324353133672232	 0.4598185012304611
 0.8081108265296698	 0.588089036184457	 0.0332893010616076
-0.5229743667388416	-0.37809811980608493	-0.7638976525250034
 0.9062925021932978	-0.4112157861430638	-0.097649770583208
-0.5650042517940166	 0.8036050216575659	 0.187053908329729
-0.6828190723844653	-0.431067640341627	-0.5898633772648714
 0.8522279287529976	-0.3725223231168575	-0.3673345562739714
 0.5273951880153571	 0.43636975137775225	-0.7289964031055057
 0.25693519884293853	-0.9587478234212021	 0.12160145838207337
 0.646290964557982	-0.2273927881091123	 0.7284233034758552
 0.7891660251072735	 0.4800447036952508	-0.3831110377821616
-0.2426917137948013	 0.5839518495714959	-0.7746618419913113
-0.5992651097264001	 0.6217494020925712	 0.5042906000136586
 0.27384843737942205	 0.8942483405304258	-0.3540154499501798
 0.6266229806234768	-0.6494760241800035	 0.43072559033552377
-0.9548738651185927	 0.037984637904031476	 0.2945726888168334
-0.4016905510498414	-0.748068869688901	-0.5282401607220386
 0.29096644357381213	 0.6565724675599192	-0.6958815441986421
 0.07210359598958693	-0.643358894364101	-0.7621616655854401
-0.06449471261346339	 0.9977478141003604	-0.018431806825681667
 0.3014657314038847	 0.9304703658740229	 0.20819056419392076
-0.6361045591800163	 0.509563204577998	 0.5794103298445743
-0.14237527354940296	 0.7921120277562455	 0.5935383871036665
 0.832766982869731	 0.4446559219805442	-0.3298185308463997
-0.3038646110759831	 0.8713623180930526	-0.3852194293427362
-0.3082541293476027	-0.0930497324981278	-0.9467423826058378
 0.5657282316582536	 0.7892911774146709	 0.238685996992257
-0.21474940584632557	 0.6149985167924114	-0.7587222924310214
 0.8568523646325271	 0.5044187524163339	 0.10661025951753376
 0.40447821853644633	 0.20267939538089408	-0.8918062757222657
 0.960560817984561	 0.25455965417336734	-0.11190307153946485
-0.4147688722497058	 0.4424330726011297	-0.7951224804276578
-0.8918056471960198	 0.29338432043546275	 0.34439559833411054
-0.18367451202242135	 0.5485689831330123	-0.81568115362422
 0.9075931108628907	-0.25811607572277084	 0.3311356769780289
-0.37443503287987095	-0.43760023311336493	 0.8174988942692085
 0.028938256256107357	 0.9877443256331094	-0.15337445844875774
 0.644023736206385	 0.3872440984620192	 0.6597540719155182
 0.2872056375089961	 0.5499925080131738	 0.7842328499319765
 0.09699428711814444	-0.5339408072413953	 0.8399400708555641
 0.11544032977164173	-0.6022480684903252	 0.789918219983491
 0.9775429279738955	 0.2074360483101443	 0.0371498294706013
-0.7745645143132528	 0.009815225442353793	 0.6324187493395419
-0.7917749406075446	-0.5321323101033606	 0.29987938903829314
-0.6087310057003268	 0.08331791938524809	 0.7889896621682582
-0.27468108585248324	 0.025403574751406765	-0.9611997500336497
-0.9607000551596822	-0.23765411069774256	 0.14344311654676462
-0.7123070019473252	-0.6541037576066355	-0.2544936330474551
-0.3739244597353333	 0.29327068317881727	-0.879870902348446
 0.9780624094615801	 0.20820762676712398	-0.0065960104768172725
-0.181005006024443	-0.9680793096226652	-0.1733771555730315
 0.7360881671551792	 0.6691677858990236	 0.10192489631649192
-0.08518832840734589	-0.29001118776740775	 0.9532242441697019
-0.8706568606686391	 0.49186722349869394	-0.004823423920390575
-0.5908285053777114	-0.7496839430065463	-0.2981537570303235
 0.6312773187842424	 0.7755507936459023	 0.0031485335934930995
-0.7039912365091325	-0.4734178311811214	-0.5294071174796441
-0.3782681598319583	 0.8391545286660669	-0.39081053757105294
 0.3345886645999537	-0.39016727530523376	 0.8577994653776077
-0.08977816188435822	-0.8394864057409112	 0.5359127319115234
 0.4400743206576906	 0.3467478094036619	-0.8283118669748937
-0.9562256255958556	 0.28132103325120006	 0.0805669237608813
 0.12638558066794855	 0.1296414674273682	 0.9834733219170227
-0.7806968806969469	-0.39607807988772337	-0.4833575644411819
-0.4883075725286839	-0.49720436376686405	 0.7171774782174437
-0.9332771854405169	 0.3569365395941048	-0.03987482713207776
 0.051835792310783606	-0.06285196858687701	 0.9966758152379678
-0.9016347704760038	-0.4229279885120599	 0.09048014810900173
-0.577596458678799	 0.060464915196378206	 0.8140800482458744
 0.44622140143162153	-0.5382165317493699	-0.7149891089073168
-0.6207705378647053	-0.09336461830152706	-0.778413121272101
 0.17255168464762505	 0.7553198875943595	-0.6322323809563306
-0.8766222641169406	-0.4697380716513991	-0.10430508183072311
-0.4487865851136885	-0.49236222496564314	-0.7457680875774155
 0.2327334110437678	-0.2885810290850962	 0.9287390101832266
 0.11449046978309745	-0.7789919139909962	 0.6164929279930873
 0.6468567963533627	-0.27210770519478383	 0.7124139820252637
 0.10392561896143779	-0.8200062834485047	-0.5628402622667042
-0.8802803217251509	-0.4517684597854277	-0.14495452364989175
-0.8205984221653951	 0.5711997271537276	 0.01868425110009219
 0.6540764222722617	 0.22644219880341884	 0.721739540574431
 0.6358557216661158	-0.32165859010850034	-0.7015862403396143
 0.16385847103425852	 0.8600862193643407	-0.4831170631739994
 0.5068988582854008	 0.25841055470996205	 0.8223609503639183
 0.17655423326103434	-0.9718755200787895	-0.15584150983993467
-0.6042574853729236	 0.449627157953923	-0.657805678145962
 0.6326089940006185	-0.5977240763312467	-0.4924751661591505
-0.29553212899372355	-0.6398974474303586	 0.7093602875158352
-0.44572281073959363	 0.00715782552208685	 0.8951424140996737
-0.8832713650784305	-0.3936456032408006	 0.25470538801068227
 0.028101931582763882	-0.6523075806599512	-0.7574332324732517
-0.21265540192967244	-0.9552145757465519	-0.20577364824355984
 0.3597950334873901	-0.051846050844201956	-0.9315897814433499
 0.08296131897409881	-0.6713045298087843	 0.7365240307093074
 0.39111184444072983	 0.9192523220495049	 0.04479613314521405
-0.33352559427971235	-0.6361489648657025	-0.6957551095469294
 0.5380832146870855	-0.6730802456112412	 0.5073750457402524
-0.122273784744132	 0.5120342169154519	-0.8502176675840873
-0.1560683104628326	-0.08368279283856858	 0.9841950379127167
-0.22761836612714514	 0.013875755927451956	 0.9736515510176372
-0.13744658554921393	-0.2705335246610193	 0.952848386762211
-0.09176896797074695	-0.864168903310251	 0.49476313834919255
 0.19951574318094595	-0.45911977130343873	-0.8656803704724008
-0.07763098571104446	 0.15476148035483112	 0.9848971084615451
 0.3552301646315103	-0.0953213293016362	-0.9299061104843
 0.4263854045158202	 0.42891021541541674	 0.7963865355015624
 0.7904194525677444	 0.5384405585533343	 0.29209391282133995
 0.0895485338608732	 0.7922001852684757	 0.6036554700687806
 0.572232812170565	 0.7951755656828227	 0.20061263274372776
-0.8612707938236904	-0.43717771969010216	-0.2590140172131093
 0.2781886916393676	-0.699347825003955	-0.6584251449528751
 0.9922044580894479	-0.10021036276712963	 0.07408236322840314
-0.9826893235632317	-0.15538202795150244	 0.10088666286737992
 0.7757477525353758	-0.2625325186811746	 0.5738397869364167
-0.871516484881451	 0.22758132775328788	 0.4343567149681584
-0.30514875617647674	 0.9465915073281542	 0.10415735623642783
 0.6022647471317182	 0.7630775907278219	 0.23449896565100306
-0.4668682079687941	-0.3510655776571258	-0.811656969767571
-0.8250356554579101	 0.5243132478396149	 0.21074103863038005
 0.03859237858384848	 0.9850781243089436	 0.1677251243052581
-0.8608640254039355	 0.49405458100862826	-0.12175056775933792
-0.552523995916948	 0.5525006099095731	-0.6240675524216254
 0.4863691445908432	-0.2608012628012144	 0.8339231118701911
-0.7126909915677255	-0.6159377443066782	-0.33569665723181275
-0.37441282338522824	 0.4852689506620224	 0.7901449760696333
-0.30155085806386916	-0.46183588764242167	-0.8341311005390464
 0.2950562730907281	-0.08416108693738271	 0.9517660989735495
 0.24726842079648417	 0.8867862449877194	-0.39047212932217507
 0.9892716271793711	-0.13948971128561388	-0.043408157105954935
-0.5565136186125905	-0.709924692641196	 0.4316242846238194
 0.2454088243962589	-0.6573865546957505	 0.7124727549974785
-0.5660738162949569	-0.741697099208567	 0.35978583564512445
-0.4840313899514946	 0.5637021837770659	-0.6692932552675182
-0.732874773279398	 0.4288174201841246	 0.5282141486530847
 0.705791880396558	 0.5196642566804279	-0.4814632715951126
-0.8113596401608109	-0.310501667552042	-0.4952617982093115
-0.7102233403881374	 0.6585380413710807	-0.2488181159703939
 0.5127103432990651	-0.5124579528979122	 0.6888504557491676
 0.9941661212009303	 0.09431586938842258	-0.05232819734906967
 0.5371444262918346	-0.05985354498540749	-0.8413640225587826
 0.5759263460542513	-0.6068459215079088	-0.5477653434362343
-0.7209005286191041	-0.5127603226636693	-0.46623950855600566
 0.5699744373690714	-0.08082425678519148	-0.8176775527437036
-0.8381717846323671	-0.2916096013131113	 0.4609033519819544
 0.3068320072370742	 0.062451492829414604	-0.9497125514481979
 0.6353623801336435	 0.4655975831857765	-0.6160629322094257
-0.28539328521619817	-0.24437341442796406	-0.9267320578647984
 0.009995600160439492	-0.9498411952652441	-0.3125728583139054
 0.4258551004256597	 0.41983416456222344	-0.801490304188261
 0.7433345674649691	 0.6544799161852475	-0.13823805598249295
 0.7788178469619704	 0.29310007927823006	 0.5545584773318465
 0.2721482764914337	 0.7692144941912731	 0.5781387182405329
 0.8529350765580652	 0.27868055724563595	 0.4414055982768558
 0.16093699334984932	-0.9849535240530434	-0.06297491267958936
-0.9353229453887688	-0.03619362318184327	 0.35193892860871295
 0.10430722927672448	-0.4741899066668518	-0.8742219022284303
 0.7992455557061856	-0.5325410579861442	 0.2785795456290879
 0.6053536445587822	-0.08005822016131091	 0.791920227298181
 0.822914036091895	 0.3607188491424786	-0.43896970405288016
 0.0992295836365913	 0.8686757942505766	-0.48534096696491513
 0.8285024581109649	-0.40458932996532604	-0.3871577856408124
 0.4059414974371461	 0.6405590725329737	 0.6518401454760088
-0.813960951897476	-0.3140113483008227	 0.4887376002769321
-0.8480521777222382	 0.25940376618882294	 0.462079203110921
-0.7824474205865575	-0.26138195873681946	-0.5652039505031317
-0.22334086211308277	 0.9016584298476951	 0.37031194309011145
 0.8693434833719627	 0.06679333413196299	-0.48967393072762005
-0.5553808729373773	 0.7499773170275134	 0.3592855548439565
 0.9300753281910141	 0.3601225203462264	-0.07260615834665193
 0.9593451399217117	-0.21538590484245348	 0.18238918417436142
-0.4909696153352949	-0.8284514984875249	-0.26947532627549997
-0.8017467398407845	 0.43632689949402165	-0.4084372680505624
-0.824794076887319	 0.03878756272567389	 0.5641012814286076
-0.0145593846809224	-0.79861790479928	 0.6016622528061079
 0.44526016188435885	-0.7981372443074001	-0.40585752116734763
 0.3744857441698834	 0.8412066243014937	-0.3900408217671765
-0.8767505924576068	 0.3735961911818248	 0.30287668209961155
 0.4687705434468675	 0.23087777952552022	-0.8526134109418487
 0.5854326124284353	 0.20244599247149583	-0.7850377547847291
 0.9624654961922262	 0.13697936486613727	 0.2343007090051612
 0.5581755297569584	 0.1849481580087589	 0.8088474867548925
-0.9086226891272937	-0.31314755826524593	-0.2763031225947324
-0.18540556348625237	 0.7854673108149836	 0.5904793651512501
-0.9225549216881586	 0.29859576679777294	-0.24440332346227525
-0.9741400947618397	-0.14392153989086467	-0.17417711139192843
-0.6339170321880294	 0.22373017517876057	-0.7403337119275347
 0.8511322813972262	-0.10915267639558685	 0.5134778795617523
-0.5814321246440052	 0.7952255943500832	-0.17190968129373901
-0.8520130118720425	-0.39762177743272625	-0.3405447837098232
-0.6084374672777613	-0.4982526014585581	 0.6176958746441508
-0.706706093607881	-0.26993775947728843	-0.6539878464206124
 0.8459487899900637	 0.3318529393956721	-0.4174257674470991
 0.7139367672439442	-0.6046382053226899	-0.3531386881119409
 0.718065369989449	 0.25357334981426327	-0.6481378562357619
-0.18161145662580738	 0.7313522355065555	-0.6573744643974364
-0.2245314385309316	 0.40106728108159545	 0.888105100287712
-0.403239018583457	-0.9150842207157858	-0.004377543698654265
 0.5558218038890474	 0.753004553096186	 0.35220202347223684
 0.2922788018355269	-0.010225995569315086	-0.9562784798437143
-0.011345412453711547	 0.2590345631159156	 0.9658014168179718
-0.3547807857242842	 0.642831707546327	-0.678894682446352
 0.8788409918321796	 0.4116355652626702	 0.2412357197562435
-0.10470861730045	-0.013482300887284656	 0.9944115511325341
 0.42579937183628785	 0.8494038528522568	-0.31178195859216157
-0.35339732907099825	 0.935457542009381	-0.005432762027911846
 0.30859699092722304	-0.9006859722929775	-0.30583112416056857
-0.7922393721012515	-0.4154259218696258	-0.44696541335028006
-0.6114638806152646	-0.5281385130669389	-0.5892212094946719
-0.5767385626780666	-0.5749755228650736	 0.5803238565026198
 0.672404883045921	 0.3142036507641474	-0.6701848544263611
 0.16058863959459316	-0.2664621934747408	-0.950373183692484
 0.8911290944890883	 0.37181443520326096	 0.260082607510648
-0.328705691487479	 0.10457493374468435	 0.938624872681325
 0.45875424329273884	-0.5899382490491896	-0.6644677618738799
-0.2219979371707967	-0.0993733331666997	-0.9699700286850367
-0.1379266381967	 0.7292792450113428	-0.6701701465086627
-0.1734625699396692	-0.896416774355268	-0.4078574548594421
-0.7844653597834939	 0.23139088875056682	-0.5753888736350193
-0.7751439635164934	 0.1532620199337737	-0.6129131986421574
 0.7310759277397761	 0.6578927397042089	-0.1808455996808199
 0.15150817873417752	-0.938014613649508	 0.3117272146550839
 0.39678126058977	 0.5223802200958204	-0.754773831619403
 0.6840977147878758	-0.5859914698639004	-0.43430900735392497
 0.8533504360912357	 0.34768640121656214	 0.38846775880627926
-0.3288745817929921	-0.61203908683829	 0.7192007130367964
 0.7337850127728678	-0.3746656869116989	-0.5667320161071785
 0.47616897666602465	 0.8238510952547088	 0.3074613447385664
-0.43442468229000286	 0.14264116974549637	 0.8893417184136065
 0.49231721781913923	 0.7811021282809101	 0.38406148236168514
 0.8968753820124938	 0.3331496184859897	-0.2909052781277484
-0.902675625786331	-0.39577465539547413	 0.16893530346807165
-0.9963720588243307	 0.015630895684535	 0.0836564133480724
 0.8163782186412644	-0.18531353218326543	 0.5469785177846362
 0.4716526541390292	 0.7507782396984206	-0.4624670892495487
 0.8584764307981888	-0.5108614468100573	-0.0451530721782875
 0.21627630876113124	-0.9676209122998752	-0.13013196513008293
 0.13459280285063166	-0.9905236218156283	 0.027344689540413424
 0.25672166106661665	 0.9133977175488982	-0.31590916149371284
 0.9268569685244651	 0.30322694263272526	-0.22133590119826663
 0.9508249447078069	 0.11437085809275194	-0.28783889824087977
-0.6526259882611978	-0.7056625410852262	-0.2758979839637037
-0.8591614703797056	-0.33516355387389224	-0.38666129877401084
 0.1005848241983637	-0.9606983374235135	 0.2587303569600625
 0.9822175467817883	-0.17555622308817587	-0.06654850358182302
-0.48360867359308085	 0.7724340056738803	 0.41166534673706107
 0.48066637390987077	 0.5090553911017964	-0.7140185192153865
-0.8211259687012781	-0.5640556262558992	 0.08714008270281204
 0.5769091100379911	 0.551318231465202	 0.6026807499906189
-0.7036411440488444	-0.3756134412510236	 0.6031614072146836
 0.08569648295743398	 0.1406901579403608	 0.9863378692250656
 0.5718081252024042	-0.06171789164140377	 0.8180625708366395
 0.6952089932477208	 0.6605071944258619	-0.28357486104936547
 0.603236279204898	-0.7184727538770056	-0.34626997182461877
 0.23281522137367475	-0.5402963283686668	 0.8086265826993723
-0.28117510740020457	 0.4841275341163926	-0.8285898199283313
-0.8671963967226352	 0.4865435575952223	 0.10604610352984531
 0.1863074068555033	-0.1259605259630282	-0.974383649313706
-0.446930794266124	-0.18890387190985308	 0.8743959013593998
 0.09208531026875866	 0.8892838153164242	-0.44798949926194725
-0.6200993339723685	-0.3261880619119239	-0.7134971368359987
-0.595993459455127	 0.07203048279996943	-0.7997520902344133
 0.3038864098832852	 0.20974592701080624	 0.9293329306500581
-0.519988756588949	-0.8509053095943265	 0.07464480641854396
 0.49371036078109515	-0.5535869881653337	 0.6706649880465175
-0.8338732976352021	 0.5262220626188776	 0.16657029838517867
-0.5308612686529944	 0.8385997842891448	 0.12221585508571621
 0.60090389652789	 0.6700050660979747	 0.4358987480374854
-0.23293883800590015	-0.17612501121803387	-0.9564096811366499
 0.4729781013113323	-0.84542384246265	-0.24809321287696576
 0.42095544826894205	-0.6399443974573115	 0.6428589882203507
 0.8102742529932117	 0.5632649522248255	 0.1618277742893913
 0.4748064578592976	-0.8367650857856108	 0.27273250408652494
 0.9637025880363551	 0.11059498118296611	-0.24299397512936544
 0.9320146908315002	 0.2662922351140766	-0.2458395037259315
 0.039378399966507646	-0.24213663342728936	-0.9694427225827095
 0.4035824428261605	-0.5776766926718717	 0.7095145175302312
-0.9380401312302719	-0.2795963423562736	 0.20471100982235338
-0.5250890322378077	 0.778590168739247	 0.34362604291024507
-0.6155458065494374	-0.39534890426857616	 0.6817643316667711
-0.1176260620015427	 0.40468889147989506	-0.9068577675968724
-0.5970457550679983	 0.7635577115889598	 0.2459999744477932
 0.08584580287461735	-0.6990800161795493	-0.7098715581759938
-0.22790195310841327	-0.8924070090215196	 0.38944887985284554
-0.21530510753380844	-0.18942193503053334	 0.9579994995818858
 0.11067319974711722	 0.8553275369336022	 0.5061286866211321
 0.4721524524342279	 0.571625035132241	-0.6710565407403523
-0.48154405391600624	 0.7350491554057204	-0.4773029051613614
 0.5839150644343494	-0.25272887031104996	 0.7714734704692895
-0.6199837710972353	 0.6739510455161337	-0.40175877317584646
-0.2186034708632472	-0.36701041611122504	 0.90416584595549
 0.20442459577907773	-0.2529151707558581	-0.9456450185149265
 0.06533611555175436	-0.854471845809269	 0.5153727357203798
-0.7037529581564695	-0.6985571939414971	-0.12942032560073308
 0.9387035291097459	 0.15337895741627877	-0.30872411609526745
 0.6538286924833409	-0.7391017379599	 0.1619773497442785
-0.7802731817448685	 0.36919292258142244	-0.504846855754819
 0.76772009758353	 0.26132612237327296	-0.5850764988714591
-0.8652067422659201	-0.4993891422530948	 0.045030853171041975
 0.29886994878271245	-0.5343982110707889	-0.7906296893735775
-0.3074508018312166	 0.24053517126405158	 0.920661086306093
 0.29266527185680724	 0.9513137501020406	-0.09669119668187687
 0.1464826688490525	-0.19587266165038358	-0.9696271077815704
-0.05457095064673531	-0.9831692719293424	 0.17435651430169855
-0.5095339184327572	 0.3113711909565554	 0.8021366263978079
 0.6478540512609567	 0.7457395970896009	-0.15542709415479974
 0.807242402529656	-0.5876156145384913	 0.05538585657638896
 0.153295436143019	 0.4540041626366406	-0.8777133527332966
-0.9204225910903819	 0.38877049007883463	 0.040984873481935434
 0.9497705599623086	-0.21814058962718536	 0.22438931923330532
 0.4879463200205128	 0.8311510287061709	-0.2666389998839502
-0.6597352261561412	-0.41920550893335434	-0.6237116101602028
 0.26042313887197865	-0.9654889898454423	 0.003286217779341641
 0.5309786844720829	-0.19901135938263415	-0.8236844756780185
-0.8866062010294368	 0.04316239521839072	 0.4605067338651646
-0.4474741243732055	 0.8914736421645858	-0.07100460085263051
-0.03476419729587931	-0.8687533020684458	-0.49402343135882204
-0.478790108930916	-0.8745064369263442	 0.07745013469524593
 0.28854748827688737	-0.7978371351432467	 0.5293356711912738
-0.32251056957700247	-0.606318758359868	-0.7268868521111558
 0.29994906732752397	-0.5614640910864137	 0.7712254089628116
-0.17152494339058144	 0.33215082777294547	-0.9274993376841868
-0.5055089492898035	-0.8616475669687814	-0.04499080489053368
 0.8762597876103918	-0.4740372665730823	 0.08635655456831898
 0.0075317691904893645	 0.4795754508711946	 0.8774683238582187
 0.11291834501030082	 0.6688239058560879	-0.7347952301937876
-0.025770766150690835	 0.053638032336928994	 0.9982278442815693
-0.021650188007960595	-0.33322687626962866	-0.9425980682617622
-0.5446907639837542	 0.6157488443019087	-0.5693551899927302
-0.8616071465775434	-0.4750873205880889	-0.1786761393777418
-0.3240830189544198	-0.05146104059084471	-0.9446279469329163
 0.014510802605109995	 0.545782412636542	 0.8378012859051907
-0.7898641438503328	 0.606391912691239	-0.09167051042860812
-0.7485601600934586	-0.5547069013527799	 0.36326015514015975
-0.6827571455351678	 0.6659572715511705	 0.3005721089668677
-0.6851021736388195	-0.35269268478759735	 0.6373718551777143
 0.4797650097781908	-0.10352249989426661	 0.8712684014746399
-0.5761607129505435	 0.5854981807576259	-0.5702900254974057
 0.5818141916143358	 0.3205199499040876	 0.7475019786927913
 0.2774916551334602	 0.07978989111976661	 0.9574089798024609
 0.2947328728354332	 0.16715691466903373	 0.9408459488930703
 0.5093981458987946	-0.6678348726210886	 0.5426878585946481
-0.2118363491557117	-0.5905797590340947	 0.7786789514271015
-0.32327884499368637	-0.8840901158836905	-0.33745437525139754
 0.43823489309508623	 0.7078680468677507	 0.5539611960215031
 0.4033601352037285	 0.3094149305170078	 0.861140524015439
 0.6777667327668871	-0.48439008877602074	-0.5531713096772625
 0.012712435813166943	 0.8907286106279546	 0.45435771830628113
-0.7428107793743159	 0.6597708560597398	 0.11373022263022033
-0.2033105527119305	-0.32573000643490185	 0.9233443464189771
-0.6947039291353942	 0.7190980780196966	-0.016864312385136464
-0.2249821096351444	-0.9605826376764939	-0.1632912935174119
-0.9192382734066747	 0.34012200261022807	 0.19828772035787665
-0.05811267912763112	-0.17608626208606945	 0.9826578981665822
-0.9997013909317893	-0.024143076766761938	-0.003773700210631856
 0.5734369787889162	 0.8192455276909861	 0.0026070511613642574
 0.8937719520655072	 0.26073678126868033	 0.36494935072508516
 0.3807425020065949	-0.15506596794462507	 0.9115863605556824
 0.2569673332821512	-0.54817046936071	-0.7959126372578328
 0.9531110121085244	 0.03599589242014983	-0.3004724518593027
-0.13344084175458162	-0.645774867860049	-0.7517768031750947
 0.7356667011503474	 0.6700579877409212	-0.09907975516296406
-0.012070315229439	 0.5141558362459497	 0.8576118489995868
-0.45997641427823044	-0.09789762210554906	 0.8825178490511231
 0.3173919679503016	-0.4995005525659692	-0.8060778725823742
 0.6241504884375767	 0.21012639352654217	 0.752517818079189
-0.5689691503469317	 0.5182438018050152	 0.6385119167597224
 0.9167181620689361	-0.33145285484621395	 0.2230847739027611
-0.23301948822560248	 0.9526315759912338	 0.19543540756868175
-0.6886804588405241	-0.2013678651725774	-0.6965416057114202
 0.6254107529165073	-0.31633999452018324	 0.7132954493079134
-0.3031552086469289	 0.6971791490858738	 0.6496446363590898
-0.26688698884696993	 0.8825359375159048	 0.3871713498919059
 0.703454132169153	 0.3640914277618853	 0.6104012747074302
-0.22494442594320452	 0.7320668001607118	-0.6430227098163319
-0.5669823070735788	 0.4324437234137919	 0.7010873622777251
 0.5312145950207577	 0.8168010206834795	 0.22504920939065387
-0.24427204279340528	-0.9632310242464885	 0.11188012798793788
 0.996970442111411	-0.02463106905931813	 0.07377837076794938
 0.8012181460988499	-0.5690306360389311	-0.1850773287332929
 0.6191020691739033	-0.6786271216357037	 0.3951934434236369
-0.6998722806343275	-0.7053907400960076	 0.11226172360386998
 0.36168296514252984	 0.39429200848685564	-0.8448190603727574
 0.770748120068808	-0.6034805897607317	 0.20434899851097343
 0.45617193147335533	 0.5444601401955784	-0.7038965298068172
-0.4353206821504248	 0.6027063916527762	 0.6687607263834945
-0.8535226872857397	 0.4507155705398564	 0.2614469291490355
-0.48224718788406384	 0.757626192198288	-0.43981837464234597
 0.6256698437734746	 0.004004530180673253	 0.7800776950602473
-0.3605346143142472	-0.9120454000911464	 0.1954174507403517
-0.38361097097896885	 0.9206249417983502	 0.07274846722342046
 0.9289262538933121	-0.07290277719625182	 0.3630168038876599
 0.38968402082160086	 0.8894850711195973	-0.2386685403895427
-0.3693184934596074	-0.9223027888537028	 0.11384821501195458
 0.27206365909145724	 0.24356086369289084	 0.9309454715926924
 0.4267416787155536	-0.0011030214003423606	 0.9043728893497536
 0.26753051593833566	-0.43299691562156933	 0.8607793527402802
 0.32945155203603377	 0.9216616642691474	-0.2049425565315168
-0.5397529127063322	 0.4879072811237258	-0.6860125933621657
-0.23779716282276023	 0.5677218880972997	 0.7881271262484771
-0.5547581869312084	 0.2441631436272299	 0.7953789746572808
 0.7417637635812456	-0.031461518235886485	 0.669922899972884
 0.5646348949161704	 0.05254512201020833	-0.8236664650184184
 0.1979166441257626	 0.5127012063001493	-0.8354438790465628
 0.23392809591960206	-0.625578713404923	-0.7442640118090293
-0.9277434125881404	 0.3732184692154891	 3.669274562595536E-4
-0.6863699975115722	 0.6089664469507704	-0.39756269065911964
 0.36858210559447446	-0.5202221135732861	 0.7704000155665149
-0.7334737916690747	-0.4949073022865945	 0.4659216233209144
 0.3646294162817063	 0.7581463201870465	 0.540610345784191
 0.3812802075095321	-0.29230465970846553	-0.8770310081600343
 0.2158988621575738	 0.07425775297279115	-0.97358793513606
 0.16660211038920142	-0.43095349799699195	-0.8868612176535972
 0.23276257856672344	 0.9385699091836033	 0.25477069610544406
 0.2934072378296681	-0.8170050479213219	-0.496401998847953
 0.16470312394201808	-0.9795759696607514	-0.11534210257724148
 0.7966185815159114	-0.2240270394830877	 0.561436301964898
-0.8994536815249237	-0.03321214262521612	 0.4357522557296791
-0.17524949210800367	-0.8149911377667214	-0.5523378140935054
-0.36921615678922376	-0.7738724026141232	-0.5145881207704275
-0.46526787929397156	 0.8848154538507941	-0.025048215986443013
 0.8131285333103538	-0.1005634441845651	-0.5733314765563555
-0.17786415164529074	-0.36488040618505696	 0.9139073436304848
-0.14659441847761656	-0.9889920177400062	-0.020121265312111954
 0.5738702209551381	-0.7608432231146458	 0.30296956834213296
-0.6374600592654709	 0.636811254080079	 0.4337235288962539
-0.38076802808048593	 0.24340486151653837	 0.892059292974303
-0.8023863357911648	 0.29498722241740943	-0.5188050758677001
 0.39233950420072505	 0.919071567305647	-0.03711020902488786
-0.9034870556365177	-0.35720011878358376	 0.2368949459955825
-0.1366433620073028	 0.8358221315545825	 0.5317235710619717
-0.8446837673226268	 0.009931770196335782	 0.5351735168731931
-0.5227862506784107	-0.6317587609299323	 0.572342034180512
 0.970262550226002	 0.14624502170197595	 0.1928807332429119
 0.41405742422013664	-0.902951132994969	-0.11504651611973196
-0.5187922594763245	 0.3132853640527756	-0.7954287348202663
 0.8558841046736413	 0.4440277272618132	 0.2651448222947379
 0.8713995191285077	-0.43406870476195014	-0.22857654649786052
 0.5961376859087456	 0.6978275460549433	 0.3970599141266988
 0.8037937866297418	 0.5823584596201713	-0.12154905628692683
 0.36095504352433	 0.20925400349171347	-0.9088037294031309
-0.6722741508589689	-0.5051215184913146	-0.5412021042493097
-0.5936323301937885	-0.6862717467923547	 0.42027579766537015
 0.9573587822312982	 0.28440371578345086	 0.05078078901683186
 0.3214794611593455	-0.8664726779390274	-0.38193723887291636
-0.5560304608935632	-0.5578568744232162	 0.616137837027764
-0.6470012567700109	 0.6069492220946692	 0.4615214139524862
-0.9523932341923877	 0.11613961792823957	 0.2818842255466702
-0.7188419932849518	-0.021380004244838158	 0.6948446474634515
 0.7090071795399943	-0.44970004017322845	 0.5432114627186535
-0.9916054875479622	-0.03596012279152689	-0.12419914103401201
 0.9651372341676917	 0.0533839505357637	 0.2562426058412876
-0.958392257038518	 0.08647876369189812	-0.27203989611624263
 0.6960168307805178	 0.5399509075508931	 0.47330073812028933
-0.7014827864003899	 0.5899555986600273	 0.3998428341156482
-0.534932231179959	 0.5173473563206398	 0.667981452551548
 0.7562567708032562	 0.6202105440840299	 0.2083616510330605
-0.3224732452061375	-0.2512430947200491	 0.9126269300660126
-0.46130835129557113	 0.8606111014179654	 0.21573858519309452
-0.4653615894893998	 0.7125210658904951	-0.5251212447522683
 0.7299663391486276	 0.36849520532638647	 0.5756391468284753
 0.10009341820879455	-0.9949486118770279	-0.007652931154453966
 0.7443826628155281	 0.43873834722229865	-0.5033916109514632
 0.6032879392143511	-0.36692427952664763	 0.7081032661217941
 0.920879483408037	 0.33791859169941224	-0.19440165231302137
 0.01261425508114052	 0.07888615949410148	 0.9968038194193575
-0.6042429386979814	-0.29229585490804283	-0.7412513772244905
-0.8849171249098899	-0.12558146198552753	 0.44849858243565444
-0.03388858448601172	 0.9899494493358925	 0.137301316822156
 0.4298348836795708	-2.2457306969772239E-4	-0.9029074827129889
-0.13397394554578299	 0.2536700100097968	-0.9579679054835422
-0.5760930608588756	 0.2660250596436762	-0.772882560853737
 0.780334034796959	-0.623761927599543	 0.044719702758414775
 0.38590219819794697	 0.2272968984836115	 0.8941004492593229
 0.2142046443313913	-0.20719190841555452	-0.9545616184584328
 0.7426588182901371	 0.6014507065111564	 0.2944739840005018
-0.7458887239378694	 0.5275376741567889	 0.4066374476700131
 0.34706567188363435	-0.9375227675074237	 0.02442293604755424
 0.5954958460131664	-0.7532380621779254	-0.27931544724112006
 0.5969254188993298	-0.6673100240457298	-0.44539575220240635
-0.3812794462728503	-0.7063959912583888	 0.5963477906255266
 0.7127553949570556	 0.6262725017350759	 0.31585202315340805
-0.7053608703360844	-0.3414111239685752	-0.6212121111417869
 0.5086819399074922	 0.6486099451001613	 0.5661694297020248
 0.9343255214805809	-0.2532129710660717	-0.25083662251340705
-0.9187458545201054	-0.023539597943101755	 0.39414710722114715
-0.5615808582270861	 0.1553889506078037	-0.812699953058898
-0.5421313595824596	 0.34777133837212537	-0.7649501193961176
 0.09157267683402391	 0.23733717829793732	-0.9671016020331186
-0.5459214281193956	 0.036905455307517314	 0.8370231667574228
-0.3889429631426238	-0.10004645405301041	 0.9158133425831131
 0.2643477825169929	 0.6703865123471767	 0.6933268882290209
 0.9219506580805655	-0.18395767668643664	-0.3408321540772536
 0.6201247501293639	-0.21452521759599316	-0.7546020310682883
 0.10157821398779791	-0.7281962202181969	 0.6777994772076623
 0.466849478221201	-0.01637967799017122	-0.8841850885609476
-0.6620273214276068	-0.01556178397428225	-0.7493181277420998
-0.4672476827981042	 0.8775692473791297	-0.10747938860186274
 0.9715300824899861	 0.19998920706387238	 0.12701817143607785
 0.5377113268165701	 0.7033690286843405	 0.4649070213503033
 0.7101008619818426	-0.6905929940252981	-0.1372518940336307
 0.14650961894981482	-0.14018146335312603	 0.979226270525539
 0.6337588106139983	 0.6325454204263359	-0.44523708411002816
-0.5781570515491775	-0.8051866193632985	 0.13194291092083887
-0.5903220043394981	-0.7324902968792885	-0.3390839072711791
 0.40692795288112354	 0.15194559124589127	 0.9007342440836335
 0.13399759467754946	-0.4365874227117271	 0.8896269257113134
-0.7785030327131338	-0.6276408392144381	-7.075767653151568E-5
-0.29865581963863014	-0.5364796943594694	-0.7892998409577621
 0.4666725742055563	-0.8820244234335022	 0.06518914749524947
 0.48712049833534704	 0.3603433596490335	 0.7955289330114715
 0.6785032543602808	-0.6706468942244977	-0.2997767120533937
-0.7174200655087007	 0.5753067101645223	-0.3928493844276276
 0.1451332064980585	-0.5601620458487964	-0.8155702512733546
 0.6756296022641262	 0.5337264588060772	-0.5085869716329189
 0.6050418972501865	 0.342825701828676	 0.7186061791674007
 0.9322373874953793	 0.3615585793817234	 0.01445154079190497
 0.9918665347966823	 0.05009144251373021	 0.11701121543388661
 0.29308669497794937	 0.43717209272182866	-0.8502827474270659
 0.9726059776215034	-0.13821084397356168	 0.18691007170036553
-0.4253880718411637	 0.33948349614564766	 0.8389254699792974
 0.9027067986448417	 0.4294073578107445	 0.027014010038800277
 0.566270372656175	 0.48721752864655615	 0.6647984242094582
 0.23655813989622382	-0.7917526745149959	-0.563176658649122
-0.2209941609351338	 0.8289147318202192	-0.5138695828748673
 0.6282006227710835	-0.3634390577488532	-0.6879506005903684
 0.9082187211752167	-0.09382032070504777	-0.4078437224350231
-0.10105256514193546	 0.5767461034530245	 0.8106493145805946
-0.17964482076897892	 0.9553405582017801	-0.23463195908825557
-0.16170722451945774	 0.9743036043863638	 0.1567904972182748
-0.0868379325515785	 0.9772707358358008	 0.19339359438492237
-0.06832424256432668	 0.9807702255493267	-0.18281565182974335
-0.2768140903199342	-0.9411456921927477	 0.19395552445697742
 0.38673556433090767	-0.5490074242134421	 0.7409631916905022
 0.28626729222032693	-0.7257053622735125	 0.6256219022479248
-0.05544756163660762	 0.38127345398501267	 0.9227979850405467
 0.5815754086740321	 0.41399380069073516	 0.7002707883492447
-0.964151654528885	 0.16847854425445113	 0.2050038223914729
 0.27556957756494965	-0.6094313209538925	-0.7434076088937138
-0.18694624888651623	 0.3705385085497157	-0.909808943520019
 0.6812961728310677	 0.19796091215047737	 0.7047318654256318
 0.8248802729140219	 0.5190935998367889	 0.2238623906907377
-0.9789560492274201	-0.026798674383291022	-0.2023039414651615
 0.297500608007194	-0.8879765021700459	-0.35070089795893045
-0.7662527270213587	-0.2347623342140062	-0.5981165478121487
 0.9475510325491671	 0.2263016247344293	-0.22568698535264467
-0.9040426564650026	 0.19192871024834507	-0.3819296341920956
-0.49741955737333615	 0.6798508613552223	-0.5388660225483478
-0.35010734816076977	-0.7604436009513853	 0.5469464091992225
 0.5328639009033778	 0.7603270212622288	-0.3714281678232565
 0.07645940916689188	-0.9863464777827693	 0.14585809718824244
 0.5323939194673815	 0.48648570077188447	 0.6927397617133347
 0.15765315075642472	 0.9848447652894766	 0.07229296188763959
-0.7960492512903684	-0.515580183697554	-0.3169900056759527
-0.16144085732566177	 0.9337090593147461	-0.3195688378730427
-0.6395663465440818	-0.28684339996102604	-0.7132150813513791
 0.05347032490951271	 0.7811444209516324	-0.6220565231313067
-0.9978847233637802	 0.06467283866534049	 0.006595666468101878
 0.26653100343488734	-0.3058883428454679	-0.9139986575040717
 0.35904619082773015	-0.576087343749022	-0.7343086580071715
 0.4197920549883846	-0.15966031884589318	 0.893466962542352
-0.018854648025068917	-0.37548269168497816	-0.9266376047262783
-0.7960081662413012	 0.5789314812865328	-0.17666165190142907
-0.8105800186913112	 0.08075127270143619	-0.5800338483704995
-0.7625679748799148	 0.3990422439736321	 0.5091712592164193
-0.6650440253754483	 0.2280710105676749	-0.7111259089999884
-0.7411507016667056	-0.618194183874026	-0.26178538622940134
 0.8392907655102371	-0.48932900970229415	 0.23695596889087303
 0.9386781817199755	 0.1719161121385387	 0.2988781048354829
 0.3479256267308982	 0.9056410639182119	-0.2424087902882257
-0.46418928430821366	 0.567308497622974	 0.680212743822249
 0.4604955996712958	-0.7822329468086514	 0.41958958472586905
-0.029985287316176452	 0.0965533853330245	 0.994876035657357
-0.4257437194087048	-0.48974263203234314	 0.7608511285094315
 0.35734995812677267	-0.3507584313910553	 0.8656035641301855
-0.8718668959857396	-0.43182786068841755	 0.2310255709168492
-0.9134900911712143	-0.38801913445253605	 0.12238057293014702
-0.21482965386900002	-0.1430511055089697	 0.9661183162693828
 0.7321901832360586	 0.12828065502406574	 0.6689107631959165
-0.07362836133262872	 0.40145737987165586	-0.9129133784505826
 0.9197364675573316	 0.2650903384849561	-0.28950292345172124
-0.3450719737659456	 0.3725585731597195	-0.8614670292509566
-0.6345424087760058	 0.7630308754091037	-0.12304395408617677
 0.7979055187724217	 0.3899941655321647	-0.45962085892981747
-0.09791258909080462	-0.9284696224857	-0.35826984944144663
 0.19479116255954282	-0.799779449168567	-0.5678109154254832
 0.6645575568856109	 0.6031907773682167	 0.44104890849445977
-0.21845167979338348	-0.9746795089022523	-0.047735924852394085
-0.7281925427340791	-0.6831671302005905	-0.054938992709786826
 0.14164070627037012	-0.9514172212220121	 0.2733919923652033
 0.26283877525170607	-0.645994894359967	-0.7166633621757412
-0.9318831572775101	-0.047712519856190384	-0.359607142075171
 0.752980607141811	 0.4405708339095105	 0.48879192462297105
 0.29934836360979344	-0.8853292513010531	 0.35578458931614204
-0.883349274737168	 0.3374020490171313	 0.32535198806886145
-0.18265893696942037	 0.17868662269025978	-0.9668023601630016
-0.8933861468597581	-0.3963233169685291	 0.21163416790806094
 0.7947901468917916	-0.5153597716387393	 0.3204885773006442
-0.44426414626282484	 0.09621904014158357	-0.8907139073011017
-0.9602013909347106	-0.2697340555381424	 0.07250398699377317
 0.7458085302278317	-0.6393459576712249	 0.18709992690769817
 0.334216608654425	 0.6515055603576028	-0.6810578267097891
-0.14564143455695275	-0.34415538465429346	-0.9275481894509031
-0.31496506985213907	-0.34907309013224874	 0.882578598493392
 0.0393993396940772	-0.7092462202488684	-0.7038589994411981
-0.9409821092078616	 0.29620451812080173	-0.1637545529002092
 0.13491690533012052	 0.7382167150066226	 0.660933816914352
 0.8778932240063076	-0.022438637404660313	-0.4783304242835
-0.542319121235463	 0.689569512943123	 0.4799831846656495
 0.19719074344005758	 0.4136375622360627	 0.8888305675487118
 0.6809971769069058	-0.6318109572312527	-0.3702131269516963
 0.08025915774737663	 0.5064323259596302	 0.8585364097234319
-0.8767649228054301	-0.45617661571058127	 0.15227004110076578
-0.7567191120527295	 0.6525644148207927	-0.03919017687794884
-0.1463575261018914	-0.9425375166046123	-0.30033731760496285
-0.7609869110227768	-0.2775150556714697	 0.5864165031167468
 0.37142792959398624	 0.094941856991814	-0.9235947904294775
 0.20317755136449678	 0.7567576510461079	 0.6213185497027305
-0.9528582118089498	 0.13456637044645395	-0.27194322961441475
-0.2740195333090215	-0.38842789205116934	-0.8797937644935836
-0.6073180712698788	-0.0498048547242029	-0.7928961071634388
-0.8593787441534426	 0.4661564359806891	-0.210157919886531
-0.2803630818092368	 0.9061790054197397	-0.31660093571390274
 0.3572224176036128	 0.8107438613213422	-0.4637742292227874
 0.3410292947566815	 0.24892080177174655	-0.9064973549674987
 0.7105120852277552	 0.6866236459733087	-0.15401475752546392
 0.8860540160258024	 0.2960140327534255	-0.35676879501660563
 0.11436698807375714	-0.6956877528129913	 0.7091817416043278
 0.1704974448887835	 0.07804218155340295	-0.9822627139338956
-0.06172170088770961	 0.47317003350556397	-0.8788063216840624
 0.4444826257735163	-0.8953998780659967	-0.026348695316433173
-0.26992930941110643	-0.7296824063116116	 0.6282529377887056
-0.46446172972859257	-0.6877785189983796	 0.557885302209979
 0.2428417643296318	-0.4704086419302736	 0.848377031215831
-0.6834372907851419	-0.6730849796897483	-0.2826129503053887
-0.9983072661640181	-0.04841062915290774	 0.03223372937069909
 0.9597866140655302	 0.23413070418206286	 0.15489502516167603
-0.20063553081602745	-0.778974529021537	 0.5940909584481532
-0.6564472426933866	 0.7524326377723444	 0.054056851325267295
 0.7361053383492454	 0.5455712820087125	-0.4006256445874537
 0.9833243235396337	 0.13559174555050774	-0.12119469160770927
-0.20880129899614752	-0.9775155300115889	 0.029417785839251934
-0.29155522570796844	-0.636280672331108	-0.7142425753063512
 0.7987878205540188	-0.3768311933400426	-0.46897363407816456
-0.6297765634988595	-0.3519728617987942	 0.6924569189666128
-0.9434232551821976	 0.18382059704415435	-0.2759756324093791
 0.34958525138970165	-0.268924331172447	-0.8974797246257162
 0.6643960493356205	 0.2447213623227381	-0.7061793996217411
 0.25022268703433936	 0.8953608567758472	 0.36839861976795696
-0.5022846202271496	 0.35181393442392744	-0.7898969020248305
-0.36397031147045367	-0.5467031586002835	 0.7540830648838192
 0.720190217388264	 0.5370495949515443	 0.4392081321430959
 0.3318203329823376	 0.8747568649312806	 0.3531227745063862
 0.8427294866856373	-0.26531905675042866	-0.46841521153312804
-0.5280135929442865	-0.4840397039154668	-0.6977873678274008
 0.9114640955963527	 0.39035503259827925	 0.1298312403234269
 0.9848433361069913	 0.022275100279567483	-0.17200995097141156
 0.009508305600002922	 0.9999250059381931	 0.007718459957866548
-0.1001694353563601	 0.3659945549413616	-0.9252102841914711
 0.6431387113216485	-0.7496956083960359	-0.15597785981102244
-0.2903851870520512	 0.40952993247641667	-0.8648477770952566
 0.11798129880643239	-0.9566967683910222	-0.2661046908307367
-0.732267499095238	 0.5634942756534543	 0.38243759108460357
 0.535762266747115	-0.7210353617856315	-0.439393673810464
-0.6863570343183709	-0.5570707841124745	 0.46753199134391193
 0.0960792645857531	 0.8437653064863725	-0.5280425006442367
-0.5555041145757028	 0.38149652455330463	-0.7388339329262119
 0.6487449506189585	-0.7254014142813024	-0.23004951033438692
 0.6638668737329568	-0.6978679886621253	-0.2688141446440461
 0.888563072789594	 0.32747847272613617	 0.32126860347016806
 0.8633815527992945	-0.031871897882431006	 0.5035439170631006
-0.49841980469707087	 0.8032883789826919	-0.32604520925339964
-0.4607302669976188	-0.8562621554418687	 0.23354387645654048
-0.253804106022581	-0.852686879920502	 0.4566273760710343
-0.5845734501523804	 0.7195548955092166	 0.37485281608341
-0.06219595953804529	-0.6199940471693306	 0.7821374841367313
 0.49555055818153776	 0.39479895696511097	 0.7736688101928542
-0.41427470519132686	-0.5191415704126331	-0.7475750788436869
 0.33456097294985643	 0.7306267241042804	-0.5951920239750305
 0.8539997702205158	 0.4972849394083058	 0.15294470079405784
 0.7044927114274758	-0.5196023235921466	 0.48342884157154437
-0.3458571762371401	 0.615894135863009	 0.7078539588466176
 0.15193124575807615	 0.7232606739598877	-0.6736548775637922
-0.4284401686794371	-0.693508465466007	-0.5792106958516215
 0.19640106355858067	-0.9292487539164392	 0.31292710904906185
 0.5328818993253605	 0.02625017880266823	-0.8457823653187765
-0.5767316942392541	-0.6758247241469714	 0.4589569643132018
 0.8946544645768411	 0.0016808745103680273	-0.4467555972493308
 0.3662005499513031	 0.73216700439206	 0.5743070911062484
 0.6671409510572723	-0.5740799515241647	-0.4747158736343362
-0.8492337612459475	 0.09850049264399739	 0.518748177547595
-0.378692092445823	-0.9249156027690175	 0.033517560672420545
 0.15755522186676854	-0.47045685167492013	-0.8682434582388949
 0.8056193031392624	 0.5558533388873126	 0.20495024776085485
 0.8837621571513333	-0.3678873458522101	-0.2891770225122291
-0.0850181568557478	-0.13695191213539948	 0.9869225333162219
 0.7713353145840319	 0.4177234254229069	-0.48015515443292456
-0.7554530566141113	 0.17251475045811682	 0.632083333213881
-0.6576846419954272	 0.746316824952751	 0.10228444884630031
 0.3148924869364738	-0.3560612636438262	 0.8798085577006649
-0.63834048377854	 0.44914825741340025	-0.625129802226614
 0.6690310502393326	-0.2947175743005497	-0.6823041881844603
 0.353743088190055	 0.9336503974405634	 0.056238446963270995
 0.6251078089359688	 0.06403492073230765	-0.7779072927631412
 0.5034289646062265	 0.8218409252994342	 0.2667147748034826
-0.6770171180695779	 0.5348932631777347	 0.5055066951562938
 0.999044932543673	 0.013103602805167999	-0.04168355014070415
 0.9426245851491069	-0.32874617763627495	 0.05817939637030465
-0.46471442320269	-0.8711211880864445	 0.1587084765671091
 0.9508530561731886	 0.1877318981598518	-0.24624215719369874
 0.06486269372597797	-0.9952765242581199	 0.0722320650631432
-0.986886744863453	-0.008868175072721146	-0.16117043241146137
-0.26009997831071746	 0.5968057955879253	 0.759059183223171
-0.8839769156067568	-0.021988256521193333	-0.4670132002947268
 0.07594076235282911	-0.9647130253142795	-0.2521146156061596
-0.06903214528705666	-0.993283829167215	 0.09285363553454203
 0.20843404025549886	 0.2654495405019794	-0.9413244883195471
-0.8508468238819983	-0.5226598573467808	-0.05372481557119471
-0.3387410844712827	-0.6701774537963076	-0.660391291670565
-0.3024227394758335	-0.8211690251462163	-0.483964790856055
 0.6683405722136623	 0.710523785048538	-0.22017454533486258
 0.40520208244469774	 0.9065800467773275	-0.1179995388452823
 0.26213192387192613	-0.45583214649318127	-0.8505903295421489
-0.5061969395834227	 0.6991952015871044	 0.5048670403521557
-0.3141010324089277	-0.9464990808505601	 0.07402723410131451
-0.48595991009133627	-0.5520544149937476	-0.6775536057537673
 0.9378818567146939	 0.2985189820794745	-0.17681640247339242
 0.15819594364487113	 0.7615741404068086	 0.628473445801761
-0.2659262814496877	 0.960949431744016	 0.07654673386366023
 0.3498909650162143	-0.4905374741304627	 0.7980910343273679
 0.5473187948199324	-0.8363182826052408	-0.031841278508839464
 0.6357917908021112	-0.6180855431732645	 0.46231921879676924
 0.6478269667122827	-0.7523259051834017	 0.11969107565035167
 0.33399098393395443	-0.9423960255699272	-0.018432407353202323
-0.32369222787057333	 0.4857707497625474	-0.8119421902397469
-0.09442384546167265	 0.17220963140055828	-0.9805243394536995
 0.5914909730209122	-0.5711454443289377	-0.5691496378432254
 0.6430144549382498	 0.7473315991058779	 0.16741532701134829
-0.654767803401937	-0.1100475608457371	 0.7477758072979533
 0.9876670355991949	-0.021263419130922948	-0.1551183219273642
 0.6896385490668687	 0.40749066166465947	-0.5986234478343143
 0.621708485632296	 0.7768065142042448	 0.10025067771664954
-0.6793572820955003	-0.45181675196932447	 0.5782173517836563
-0.11487663489601294	-0.9560586506449167	-0.2697317468930736
 0.6664870013850304	-0.6216932797330624	-0.41145175041496496
-0.6360279388102306	 0.7448241149965433	-0.20175603775953185
-0.012701645247073443	-0.5304337423911243	 0.8476312365297565
 0.681211750606062	 0.6514582654880791	 0.3339950286508589
-0.7888439836629151	-0.33099418669088804	 0.5178494161584621
-0.9567502336328685	 0.2649293507881434	-0.12017249907705316
 0.43241490888235673	 0.6632806349775198	-0.6107995954812687
 0.8426359485376568	 0.13001905562021354	 0.52255114908272
-0.11901843953190777	 0.17361700376199596	 0.9775948788000562
 0.5294418184278195	 0.05488948906202818	 0.8465686651951826
-0.5230748462915774	 0.16039347982149812	-0.8370583234206522
-0.0511922849095633	 0.6378671810273175	 0.7684431074152476
 0.8343187548614432	 0.5030048640740711	-0.22560656463027967
 0.3048180262957185	-0.9464188689902158	-0.10666440486152515
 0.8901841690621106	-0.25968914902989676	 0.374344348197389
-0.4746871738236349	 0.43553867708585703	 0.7648386416556318
 0.7051917194218096	 0.2971738801661803	-0.643733115355959
-0.019114417148697903	 0.28347558924676003	-0.9587889389006673
 0.4931386575468623	-0.811748090569941	 0.3128566794699028
-0.4166838287913059	-0.3172300518177628	 0.8519035632320816
-0.3914957028350199	 0.7197403393919884	 0.5733279676708778
-0.9752906577539738	 0.14815553335764906	 0.1638843214994399
 0.46969934061288376	-0.06120648304608373	-0.8807021606996044
 0.7947153403406908	-0.5667530595398134	 0.21729817608401758
-0.8022413384362824	-0.5967158495054268	 0.018412763317303796
-0.6460566458793247	-0.756690014811662	 0.10015503881225246
-0.9581454566887985	-0.272995024753587	-0.08620324985986293
 0.4875076478265347	-0.6268433350927872	 0.6077859216536617
 0.2932750903906884	 0.7398521087015278	-0.6054821042823942
 0.5618690232150115	 0.49162942332565146	-0.6652846840803539
 0.5908316028925159	 0.4518830655554424	 0.6683709389909738
 0.6295623427109241	 0.7227783473119291	-0.2850310812830224
 0.99140272140568	 0.1289711825192902	 0.022069845241582817
-0.7451616982983101	-0.39302866872748937	 0.5387601590202039
 0.206979605556555	 0.932610691165096	 0.29562939909321423
 0.729032969310281	 0.32885025980826565	 0.6003069517194273
-0.8429954458617602	-0.5272253149189485	 0.10673399442046515
-0.1896180325128514	 0.7388149758805401	 0.6466818639490302
-0.9818933517192165	-0.18788484040044556	 0.024181244742615227
-0.37093233439285883	 0.40077698672951145	-0.8377272886864061
 0.8799018375491005	 0.3659217208471025	 0.3031073250352283
-0.001885438827239976	 0.5335916595681403	-0.8457401409178512
 0.8585256346873268	-0.4985469674073493	 0.11993604909975204
-0.9139749654109767	 0.38880575734427514	-0.11610273751272553
-0.5460552163358623	 0.7115456485454146	 0.4421837748589153
-0.25600286010504053	 0.9346268048075059	-0.24685070660897662
-0.13632707429629326	 0.9591522121061278	-0.2478748934961638
 0.6289628558386239	 0.2600683039299763	-0.7326460286293156
-0.5726306775454331	-0.6657247287889321	-0.47843985265941325
-0.9208987164539463	 0.2717967768186	-0.2794137901831158
 0.4503913399130099	-0.651744830704627	 0.6102264469696154
-0.8880511355037521	 0.08877882116126307	 0.45109145596399064
-0.41262112320708777	-0.022499164413060855	 0.9106248383851802
-0.6175918452006308	 0.7686905428738063	-0.16641863488820277
-0.5243852916803291	 0.8233538979219741	-0.21704475263416936
 0.6565517000376955	-0.47062601308741403	-0.5894497612036645
 0.41417433390335406	 0.5511658078844107	-0.7243451341417555
-0.06949009819450135	 0.8166329704167932	 0.5729587401211046
 0.47503799401630326	 0.2847947108681829	 0.8326048744167155
 0.2870416779123632	 0.9346996530140422	-0.20962736891132422
-0.41578674844767793	-0.8964683043656276	-0.15318602770201925
 0.9359185425986496	 0.13615987333544036	 0.32483375827228406
 0.9014054259562728	 0.3317164906672489	 0.2782668285584816
 0.24388728547115054	 0.6987722765577506	 0.672485165263749
 0.9657863659550282	-0.023741295121377976	 0.2582499685214702
 0.13539767387936644	 0.6242052573265731	 0.7694382799379841
-0.8082430528336058	-0.45020567463895134	 0.37954975703996974
-0.06975525908262771	-0.697445626150146	-0.71323474564434
 0.1551843523139945	-0.47174316717504644	 0.8679724655889393
 0.4466484814877886	 0.1613345183862455	 0.8800433552738927
 0.8828663532618206	-0.37077374258958806	 0.2882253182568872
 0.2121590681850963	-0.639325623521981	 0.7390881387866147
 0.46651886058748837	-0.20220749310880506	-0.8610878482749622
 0.8738984248235481	 0.45294381352567	-0.17647505455373771
 0.4745231979123569	 0.6487666587884616	 0.5949197904654762
 0.4788536317097896	-0.7279105452231435	-0.49076006108004677
 0.3351182268527361	 0.49782597589042293	-0.799915665404689
-0.35423759054827875	 0.3178146560291184	 0.8794939305394002
 0.2373008381642911	-0.967696159505368	-0.08516134736537659
-0.46895280314400145	 0.3275011532146906	 0.8202598753239313
-0.8642587243577515	 0.1875816001071545	-0.4667654664526411
 0.4084099532625146	 0.870229887100815	-0.2755018215413713
-0.40889675997825675	-0.7702668180483141	-0.48937967744176863
 0.567932869309424	-0.5578609033017654	-0.6051805255667956
-0.37270758790914543	-0.2393189974359192	-0.8965575672432938
 0.019721629280854452	-0.9564604879470964	 0.29119476701086333
-0.7486313823801557	 0.6629483868339967	 0.007105611147462529
-0.6272664233613738	 0.6457451150987685	-0.4353734953456723
-0.13541901811123092	 0.8294691957379584	-0.5418879430801306
-0.26698085625898593	 0.7536114201309194	 0.6006588464673417
-0.2060948272059483	 0.1406758799019795	-0.9683672955096915
 0.02859596656170012	-0.3314415472537202	 0.9430422956848022
 0.07055460697869648	-0.07693096081736293	-0.9945369147004042
 0.4466132229785567	 0.8249631649575244	 0.346370330028382
 0.09395139896238681	 0.9342206930299617	-0.34410003101951064
 0.4402685498629696	-0.8330963055028905	-0.33483451100355865
-0.2816387071888549	-0.7500675571473503	-0.5983964391003649
 0.6406100297427868	 0.5105358673251068	 0.5735607360755676
-0.9048547477139994	 0.3542955560067728	 0.23603504937463454
-0.33846668563766186	 0.8471332889766252	-0.4096406881903967
-0.7166512788756091	-0.5895952159744329	-0.3725431864710663
 0.0673178618163084	 0.2742420278182433	 0.9593016291337246
 0.46402778568938086	 0.15339609397409695	-0.8724378788553945
-0.503796582154247	 0.3917750571512458	 0.7698709686719178
 0.8758987645260238	-0.06466026470335313	-0.4781426612113558
 0.23922339925134686	 0.5720215381494133	-0.7845785653099442
 0.24978200000653072	 0.575834709685775	 0.7784750089719237
-0.06096222706597137	-0.02220315427466651	 0.9978930938790047
 0.5415926939566253	 0.7919680198379652	-0.28189361363240817
 0.17578754438071192	 0.9286388908197952	 0.32669335729025695
-0.2730854727087325	 0.9485617264363536	-0.1601717070382043
 0.21275301766418664	 0.9483043995917038	-0.23548868165965112
 0.9308766298216978	 0.08462508889087135	-0.35539737531671456
-0.5237713839213151	-0.6474717819324275	-0.5535736888494589
 0.4188106956874968	 0.904845439781183	-0.07650053127235584
-0.9101640076332874	 0.36135029840463745	-0.20255231682652433
 0.10159167184979076	-0.2185908318521512	 0.970513874419603
 0.5741542551981667	 0.5971201158635238	-0.5601735967260244
-0.5790204148584867	 0.11415584677067052	-0.807281736338174
-0.7236405518847683	-0.36199591799514896	-0.587625141584971
-0.8335607291855889	 0.4748758115933104	-0.2822578153447381
 0.03529531200429619	 0.08503373354973742	-0.9957527329157131
 0.3317792065456362	-0.7817984543215649	 0.5279334569094484
-0.16812163688471687	-0.12344627255347385	 0.978006202947536
-0.7999613334321729	 0.554597878069868	 0.22909181271669113
-0.25015810448443104	 0.8003767653701916	 0.544810018461762
-0.2889631592287798	 0.7803765474715735	-0.554538309555679
 0.08416083681325888	-0.5104061152284808	-0.85580520627317
 0.018116868687158262	 0.8556213181309621	-0.5172851621966429
 0.6530729438454416	 0.749190505662605	-0.11049577477016392
-0.5991081418003525	 0.7899510422731967	-0.13056333803950784
-0.6761113197696007	 0.26672830111319856	 0.68682566686509
 0.3248309732342858	-0.03273918999821974	-0.9452052603884128
 0.9131181847548353	 0.2539346638223913	 0.31895511781353153
 0.1889424610711654	-0.5436923904816097	-0.8177403811337458
-0.819144677739844	-0.5187001174449585	-0.24485135305542732
-0.0072144551434352895	 0.577437420498225	 0.8164030726579485
 0.4495855418208907	 0.872404945892166	-0.19178751515284623
 0.9903110300531457	-0.13879071759019493	 0.00460439636392903
 0.5130147352745548	 0.8012755548492294	 0.3078528326850967
 0.12956323544122017	-0.7486256306775414	 0.6502099915524647
 0.8085669261512967	 0.037381638130762514	-0.5872155814221082
-0.18882806802826033	 0.9460631064633924	 0.26326518819158456
 0.6239647876868312	 0.5859065369339611	-0.5170894252496182
-0.10178180625469	 0.011260942126284451	-0.9947430095748153
-0.35015186043316715	-0.9279509981501909	-0.1276738801292422
 0.7397532179529502	 0.21174310434913457	 0.6386940067738591
-0.44487779886816564	 0.8062816790568598	-0.38986356343144835
-0.750704977785185	-0.6603909711890387	 0.018049972314192492
-0.7414406397584682	 0.47955021922149527	 0.46935846104994133
 0.7148139176090116	 0.6961581410275328	-0.06636946491834184
 0.7116316155159361	 0.7017560158974477	 0.033450529889972165
-0.8170392523019554	 0.33575485300883606	 0.4687382413233171
 0.7858035885396604	 0.28591474022239977	-0.5484208981810864
-0.4194487594425159	 0.8459796428020822	-0.3292129738734427
-0.3793764161667529	 0.34858133781612927	 0.8570674336263094
-0.023436966031391636	 0.8637608844548555	-0.5033565765031875
 0.7802175905241503	 0.012925976294046607	 0.6253746321794121
-0.7922051959851891	-0.44189352755663897	 0.4208812632532101
-0.6034504208041893	-0.7973954689292223	-0.0028382674984285326
 0.8954579608031343	 0.4102736303004284	-0.17271534012472675
-0.9879313695245664	 0.15470724636108157	 0.007568159134565147
-0.7525080949932603	-0.6043958571379486	 0.26160507419409584
-0.356976177234228	 0.38600676253056465	 0.8506272909846647
-0.19509279455478395	 0.9174336896962137	-0.3467769117504747
 0.8896314260439162	-0.29635970308556564	 0.34745769840673146
-0.052373534142231254	 0.6329539066719604	-0.7724159274316889
-0.49923451115465706	 0.8185563974881	 0.28413082726707845
-0.5940689767315904	-0.5985726652615789	-0.5373944689766827
-0.13717445248253005	-0.973468173120728	-0.18314716898470002
 0.24075926426556882	 0.3750274364666585	-0.895203551471702
 0.7011695765724137	-0.2666694091210259	-0.6612477985810651
 0.8026998060530262	 0.30942968163230045	-0.5098296710543311
-0.7286531900116658	 0.1574411618145695	 0.6665409284149786
 0.058376575295895114	-0.37736525154918177	-0.9242227233626888
 0.3659005066669248	-0.18110082874594965	-0.9128632477257577
-0.9848358082876901	 0.15799054741875157	-0.0716757814094513
 0.43818631201300956	 0.828323977513693	-0.3491019109663145
-0.8206744637967891	-0.4998676575337664	 0.2768135643778285
-0.2656880694434388	-0.09630024363164873	-0.9592372557568347
 0.9357411749341645	 0.11862974738488553	-0.3321376771283675
-0.023281487738388423	 0.6585953691885215	-0.7521370300763833
 0.47068037777222244	-0.7692822315942202	-0.4320472545146128
-0.7619141072667966	 0.5355717077848282	 0.36421125596044235
-0.49958529044008	 0.045330829507673	-0.865077830875377
-0.9202615797749278	 0.01940145056882264	-0.39082247697129663
-0.685801452252398	-0.3823322189762085	-0.6192725106293919
-0.28318002028303807	-0.27779058611381374	 0.9179550459467186
 0.30416213666930103	 0.9205672195838216	-0.24503344433868118
 0.6109406763182484	-0.7315201790934364	 0.3027040098824398
-8.100402314906574E-4	-0.9284375654879399	 0.3714875917519331
-0.7799400730320961	 0.14243799620811548	 0.6094299793371716
-0.50298517333332	 0.15040515811028132	 0.8511076335109862
 0.7166023877616207	-0.6712075075153299	 0.18963517529562504
 0.6611252395604248	-0.09667806717082138	-0.7440206777666095
-0.6283129843755744	 0.732629509273925	 0.2616807134775258
 0.972271916636468	 0.2138553723644268	-0.09462134976273344
-0.3753177549481621	-0.8202765556306272	-0.4316050916097098
-0.5621072616496159	 0.8158282931551691	-0.13586619332377767
-0.9160293581637833	 0.021104964771863906	 0.4005556084291238
-0.21403977591788906	-0.23412691236980263	 0.948352024951285
 0.8913278672587043	-0.12772948573218348	-0.4349940361920397
 0.14093022108155825	-0.8608118028415381	 0.4890211783497765
-0.0019943322561539662	 0.7963295997094502	 0.6048596459224561
-0.3751713502575483	 0.6666616052384775	 0.6440564897947886
 0.31629035169280106	-0.12103685201881537	-0.9409093972744769
 0.7603957574789565	 0.6263843392533974	-0.1715836575728851
 0.316989351916027	-0.5929749945898424	 0.7402015985952971
 0.3482172073235908	 0.9230841077320587	-0.16328045374835493
 0.7839632654891542	 0.5924709391332339	 0.18541786495957083
-0.8592006203927796	-0.2016491703444623	-0.4702253778945292
 0.830967998619579	 0.5265624628039398	 0.1795108855641374
-0.29561921824107096	-0.799117338195233	-0.5234699204369851
-0.3307873413387456	 0.41331238419604366	-0.8483823476948504
 0.5464810705874367	-0.6413763293315179	 0.538511693153303
 0.3035036598454339	-0.952740475894043	 0.01308105705285328
-0.5253486354188769	-0.6823097827296651	 0.5083917501837744
-0.5537853113559839	 0.8324640977742174	 0.018037595275260953
-0.145029044941603	 0.005404463955688922	 0.9894126378274527
 0.9962174302281825	 0.013386146634813228	-0.08585827151665412
 0.16317203434667546	-0.33097086648205604	 0.929426259983698
 0.4945240571921352	-0.8685612525381442	 0.03236212983720291
-0.07804098905168552	-0.6045520628522701	-0.7927335033470576
 0.1106390830344628	-0.9003577547349889	-0.42085021895427666
-0.8087559599269012	 0.5589833177126312	 0.1828973695865972
 0.7057638186507991	 0.0569087502314091	-0.7061577914535399
-0.9307474418823801	-0.30657375320676444	-0.19930311907775913
 0.6512273335150548	-0.6482086006450452	 0.3946245939277788
-0.40146668615082354	-0.8946836801838954	 0.19587141783240672
-0.48950231150102835	-0.7013723641080684	 0.5181354011265871
-0.8057375333813493	-0.5916641400022833	-0.026843485911805152
 0.9754486333610088	 0.20451193639300708	 0.08169964226924566
 0.1751949402776307	 0.9603790873499335	 0.21674579922578924
-0.09322056618608787	-0.4209401844433872	-0.9022855906866253
 0.5654367144564177	 0.8235769610175832	 0.044747192378671426
-0.047707214747468016	-0.5484053274743942	 0.8348506563803743
 0.6011565541157056	 0.6953996863152162	-0.39373858550620816
 9.762040469701688E-4	-0.3667361020644289	 0.9303245017026304
-0.21978805179867594	-0.8915060833432876	-0.3961188150649421
 0.31556366381117085	-0.740790455251453	 0.5930000636512739
-0.0730401098946479	-0.9560361832547082	-0.28400696937636577
 0.7628865796704429	 0.17243343048177887	 0.6231137766178972
 0.06970550764155833	-0.5483487483606491	-0.833339542068983
-0.8723857069265792	 0.2918233541018341	-0.3921508744743129
-0.5584652130729117	-0.2847104547436658	 0.7791383463461943
-0.4715788871652361	-0.8393717497888652	 0.2703117068060061
 0.8893374343028927	-0.07539868375864327	 0.45099220218869895
 0.9054247504395154	-0.18559285000801706	 0.3817870025517405
 0.5821293520721211	-0.6132328373065973	 0.5339203168123432
 0.08672877689846942	-0.7767583680912401	-0.6237984905864464
-0.40814113255403955	 0.7885589679156583	 0.4599951847979472
-0.39146783741299024	-0.9124405065695376	-0.11918579715017405
-0.23938524709494616	 0.970232195815379	 0.03666319239454708
-0.9676312459815042	 0.19178946698048874	 0.16403222901497663
-0.6997980537840827	 0.5147664082136756	-0.4952759118862958
 0.7373908549953982	-0.1731099768685735	-0.6529070859454027
-0.6413619792648193	 0.3365064425456494	 0.6895057836441876
-0.6226262696451705	-0.7794332207521919	 0.06942897619585378
-0.9926263798364212	-0.009646356452536146	 0.12082970603304259
 0.39901305015390204	-0.34479072727139526	 0.8496516581485274
-0.3145773863159601	 0.18361790655634316	-0.9313031366909946
 0.17408506012209396	 0.48397133086894906	-0.8575932268501338
 0.9239017290617962	-0.22087117698938014	 0.312444424197247
-0.40132331010455013	 0.3784206832340381	 0.8341087382754186
-0.8028533146341618	-0.17108328538949594	-0.5711016237424614
-0.009775342155405728	-0.18694884511851156	-0.9823210127013469
-0.5828267901249415	-0.6335163496372359	-0.5088909190140545
-0.6892987826031376	-0.2403534615874365	-0.6834452441891516
 0.31102063636973837	-0.42868094277655905	 0.8482327587710601
-0.29853832345816733	-0.013258587233406286	-0.9543055481822166
 0.17315248546403883	-0.22528361315459156	-0.9587833490531831
 0.0851501085660158	-0.9925603127027819	-0.08702577008307165
 0.3966851814699008	 0.793712729217922	-0.46115178659485784
-0.13864232727153536	 0.17548068559943122	-0.9746716544920581
 0.5309429666397711	 0.8457473338523012	 0.05301899147930818
-0.21631625219216177	-0.9210105365652219	-0.3239550440622573
-0.05822794460634097	-0.6650236685550676	-0.7445488746405305
-0.022759436101667273	-0.8692594290330496	 0.4938320089924007
-0.4599926160042789	 0.883343177135273	 0.09006455812416934
 0.6145960084443791	 0.7684244388301259	-0.17831328669743882
-0.3118733177940511	-0.760340859572229	 0.5697515343666
-0.8440016466215434	-0.01659005497336563	-0.5360839398602648
 0.7583020295943054	-0.3384972981587937	 0.5571333871276734
-0.8446804361985623	-0.17700572772615453	-0.5051573349517365
 0.42986745395512155	-0.2264285743111519	-0.8740389423621585
 0.1297575022282512	 0.9369228868854733	 0.32455892322608476
-0.60884592049868	 0.3623072107104905	 0.7057195832335242
-0.5147554372930089	-0.19211533987965124	 0.8355348801577402
-0.17942508283025435	 0.4080866487791765	 0.8951379372697471
 0.3554661079876246	-0.027548973509042902	 0.9342830942122031
 0.41604673438767187	-0.6104819821028055	-0.6739561293831994
 0.3768266200019417	 0.8386652346852647	 0.39324588057374754
 0.2867595352957498	-0.37294655433425505	-0.8824283747291742
 0.7712434855557385	-0.4043358582255607	-0.49162587375039024
-0.6686717682569921	-0.7429605393907384	-0.02979434920065436
-0.5613539477807586	-0.6616913680486597	 0.49703750236863486
-0.6568732984263848	-0.7519441443889168	 0.055654950666240925
 0.8277159478701637	 0.28528341047537015	-0.48321805155533853
-0.5238031866245814	 0.8402497269221324	-0.1400379166126651
 0.4324240310734993	-0.8628244870874183	-0.26180787198340455
-0.8829355642133224	-0.45756181479976343	 0.10517592445255304
-0.5966497534027626	 0.7507800179251222	-0.28344035783348787
-0.7084083136995596	-0.11445327794092675	 0.6964611319017906
 0.8992006978253615	-0.3600026264847713	 0.24866888417019312
 0.13765807825261642	 0.40989282356847184	 0.9016862684320207
-0.525365626772243	 0.42157362025653433	-0.7390985326125387
-0.4026482065719118	 0.7478445719512711	-0.5278284929287573
 0.7105013996589395	-0.4583624209805434	-0.5339397457724447
 0.38791270543271417	 0.8139086910465138	 0.43252326596707275
 0.9100763330697077	 0.03787770961190129	 0.41270612680326285
 0.6430944958192855	 0.21732378532151475	-0.7343022822928358
-0.6423044593474578	 0.6755505632461833	 0.36204477347440656
 0.7851390779982332	-0.1707408783087244	-0.5953185539477582
 0.5086143497759965	 0.8396268398287416	 0.1906258456798047
 0.729091898130942	 0.40524420289590435	 0.551545229422831
-0.14197963169092448	 0.09551871810098803	-0.9852502010541553
-0.18855589063728753	 0.8511515739845544	-0.48988536843795893
-0.04141232447627071	-0.966341031866204	-0.2539094907899901
 0.5146994143605136	-0.21497197284216685	 0.82998286955171
-0.6742000347704943	-0.18185026211517474	 0.7158105861777307
 0.7083701222390112	-0.6131603393513485	 0.3496371950545698
 0.7350780452531384	 0.04884546272363716	 0.676220665284742
 0.04000729331838947	 0.9981638465614322	 0.0454791369643491
-0.7732290323328911	-0.5685157133279346	 0.2809034482820931
 0.46453478378117213	 0.0288382951752589	-0.8850851865152667
 0.21264137315930529	-0.25208776497183777	 0.9440526495765099
-0.022556552522998624	-0.955962168612315	 0.2926218278261501
 0.7242569571327416	-0.5516740099094972	 0.41365160078887386
-0.438697193894005	 0.32296256626473063	-0.83859403340426
 2.761626847518688E-4	 0.8987272477388571	-0.43850799069790086
 0.9485583341513801	-0.10178811227593204	 0.29979370725760895
 0.18564448385830312	-0.8504978963754193	 0.49212747725967393
 0.8169180739247505	-0.5585740338992871	 0.14366596377901708
-0.15529256621296275	 0.9745636775848975	-0.16158544863691343
 0.6523894221062749	 0.18119225640634495	 0.7359058418997758
 0.8964404760106447	 0.437991982728375	 0.0675092292614543
 0.6385551135521136	-0.0951202454650013	 0.7636750001532884
 0.9508495722464085	 0.13378499868523616	 0.27926092652860174
-0.7285356622699191	 0.29382686314383183	 0.6187904033644885
 0.0022109344459355926	 0.9973335523226564	-0.07294448012253577
-0.9266294831372989	 0.051091906404365894	 0.37248814488607546
 0.8772199884999644	 0.007017705261325987	 0.4800373356198324
 0.040359639698782875	 0.6991031323198532	-0.7138808793236825
 0.6827996226067844	-0.5370364495663199	-0.49535495072244334
-0.1089893597703718	-0.7037847256438884	-0.7020031192289685
-0.5460881935696085	-0.32822808480003274	 0.7707489923395194
 0.6827329301172829	-0.2699390845918472	 0.678976168022991
-0.48257913793532903	 0.24330254176544405	-0.8413805612207053
-0.31241991835721694	-0.8401057356803576	-0.44341419405634147
 0.444769226544272	 0.45086116694066347	-0.7738892319086196
-0.7225080426672098	 0.024179299028550337	 0.6909395702807051
-0.8684276907310234	-0.2139587000768455	 0.4472751062075872
 0.5011875317969936	-0.7591945228634409	 0.41525261519392015
-0.5841986455182869	-0.6969443767594651	-0.41590921879414916
 0.08688083902180495	-0.9956559979449003	 0.033479151231946225
-0.22260256402336234	 0.2584077875404783	-0.9400391022870591
 0.4830879322861014	-0.8620685652641116	 0.1531791058304467
 0.6010650204019264	-0.3478915227198455	-0.7195083944394942
 0.006551878509206458	 0.33454063789777233	 0.9423585487928424
-0.8545248494952916	-0.25247357083670263	 0.4539211138777463
 0.2129531703023148	 0.6052420768891431	-0.767028666753147
-0.37616737256058125	-0.9121423849289991	-0.16277093547960747
-0.3629483789508931	-0.8740736676540641	-0.3228988970725848
 0.7453822714534147	 0.251481153924589	 0.6173835911519718
-0.2583597114664024	-0.4586119172339156	-0.8502501801599512
-0.2306866496848078	 0.9678303992646503	 0.10043897608212861
 0.47970599675793457	 0.1076992566520357	-0.8707944802254292
 0.18293080667315026	-0.9041677540329072	 0.38602719144769965
 0.8446281423730206	-0.4103711598762091	-0.34380054138025273
-0.12964731695024415	-0.1376528043120945	 0.9819588986676678
 0.6545941670257855	-0.37734604325669474	-0.6550697979103715
-0.47159379558593634	-0.07420456306354876	-0.8786882124994042
 0.08646754945824178	-0.6092413470553119	-0.7882565216532723
-0.253526598316248	-0.9667439397647606	 0.03362170243013974
-0.560115268789771	-0.6115361261641686	 0.558833116470995
-0.10437761942503614	 0.9880100694436945	 0.1137603412487321
 0.863068014535614	-0.4656115755122676	-0.19575357732245172
 0.7649318705439728	 0.051665597619326376	 0.6420357462390525
 0.9198458974724512	-0.39201100827709445	-0.014522199994364314
-0.6493631978339781	 0.6502027188032307	 0.3944158487684242
 0.18938126785091425	 0.30499160358848815	-0.9333353401257785
 0.17055059977683162	 0.8346890471249061	-0.5236474840247773
-0.46010290854003605	-0.8870506886142717	 0.03803142624127533
 0.2194704792941685	 0.5422458325232552	-0.8110500390417043
-0.9800588441228908	 0.1274169136608123	-0.15247816948552495
 0.8043200346799181	 0.29213410401524376	 0.517423373151722
-0.35557574894758154	-0.7857940767414213	 0.5060568700437372
-0.2469199574602076	 0.9246333148310365	-0.2899720119467026
 0.1254633991682027	 0.8992389447888364	-0.4190802496470341
 0.9436560878345147	-0.2787343609494371	-0.1783825773974794
-0.7097511668455984	-0.6712322307395372	-0.2137769248018511
-0.988853279266857	 0.09713850207796206	-0.11284194032908666
-0.06219042253817608	-0.9590433714987655	 0.2763479019801016
 0.6902407831578131	-0.7160817603110808	-0.1038969384316639
-0.5033905370788526	-0.6685832338747469	 0.5473521960868065
 0.9659005584384847	 0.21877217148389158	-0.13847327609487006
-0.12914331232020554	-0.8465092595334063	 0.5164727276509088
 0.5747901813810428	-0.6997386401606689	-0.42424295262743744
 0.9697772749501641	 0.1810801600276646	-0.16352985242636742
-0.010311761172526308	-0.904584990205629	-0.42616858527606505
-0.7726021759052932	 0.5055701301282236	-0.38403739571627293
-0.8018757027093849	 0.03572669295827244	-0.5964217977359612
-0.38023196614190086	 0.9043397989516356	-0.19388960765337448
 0.11541716613513096	 0.5964778334482203	 0.7942877765433966
-0.44627835101907937	 0.7632159293256774	-0.467265533326859
 0.17168071027489437	-0.8118087039232409	 0.558115007820051
-0.3785944414208451	 0.4385983165169339	-0.8150446402950885
 0.3106028638401038	-0.6568429283237008	 0.6870831306948756
 0.24448906058492337	 0.8381492989696447	 0.4875765087563129
-0.6895917884436962	-0.04044085373556708	 0.7230682558791826
-0.871540589185873	-0.38983787521969354	 0.2973944055387323
 0.32887633994535137	-0.9394720936463345	 0.09608609828649631
 0.4390986542106251	 0.5163053501291667	-0.7352694453725223
 0.6010459993769277	-0.6486293854271228	 0.4669300022416889
 0.8899870507317752	-0.17063427773116893	-0.42285575885036597
-0.24187286828689808	 0.2965707217741567	-0.9238740837219239
-0.2628047363027952	 0.04301264566044632	 0.9638898188538497
 0.9112315341109151	 0.40914320391218856	-0.04752820146331593
-0.15314068092973784	 0.98820018519215	 0.002885451537769188
 0.2066184810659302	 0.5300453923809179	 0.8224115060587167
-0.21758167953634322	-0.34822121746120055	-0.9118114917240204
-0.03517640398754059	 0.9640352659067197	 0.2634361909280223
-0.4568342166774913	-0.6618092317525209	-0.5943997301814673
-0.5077390970887367	 0.10447263262090031	 0.8551528976275371
 0.429865295932842	-0.9001153447743587	-0.07076859087411215
-0.24637595884789848	-0.42205891587911115	-0.8724477969647971
 0.9653624858178448	 0.14553516204019534	-0.21655204359581853