-0.6203832020140966	 0.5884560060509949	 0.5185018916081676
 0.21952532899486574	 0.39260052744374635	 0.8931256662869946
 0.6953609258350825	 0.450691032693706	-0.5597774342283348
 0.16559447194927068	-0.7295689956546448	-0.663556743194819
 0.15456979178460825	-0.9631567712328248	-0.22008455987647735
 0.11381256810134124	-0.8067793512938471	-0.5797877005146423
-0.7280554173180159	-0.6297850832213426	 0.2707509155400516
-0.5768072263638322	-0.6310711047548762	-0.5186932468790422
-0.061034395728609525	-0.41098458000826565	-0.909596876387267
 0.259600669157442	 0.9209473594858791	-0.29062596860740997
-0.35198944162692697	-0.8364297275545899	 0.42010563415183877
-0.2731182776293964	 0.7795126202080431	-0.5637077978537666
-0.8046644756617373	 0.5365618336652329	 0.25419771883678344
-0.3468452940813126	-0.2815913433912797	-0.8946533727096446
 0.02985604312807153	-0.9981223142385016	 0.05348329185748191
-0.7728205455579447	 0.15266476804232534	 0.6159885331417327
-0.5967995830116255	-0.6765350159282785	 0.4314285919362253
-0.8706023588234929	 0.32767300821419354	 0.3669903711254987
-0.2788387057316435	-0.5608177341747066	-0.7795719628238629
-0.1839520379485548	 0.8522452711677438	-0.48973426009091137
 0.10751363434620449	 0.1269152588840657	 0.9860696402851379
-0.7263210167133946	 0.6081001660998209	-0.3204246692590804
 0.776439402599755	 0.5302614340342323	 0.3405358507800538
-0.8160630150655773	-0.5314303532984141	-0.22720681115495212
-0.6636340390995853	 0.007290314205026914	-0.7480218669712551
-0.8145330235365735	-0.5266038513838831	 0.24336050886704896
 0.05381440252765674	 0.2919900966820756	 0.9549061700084378
 0.10018770530798488	 0.9738324504503201	-0.2039921129726472
 0.3041188696769319	-0.9519021175626436	 0.037337269399089656
-0.3620156379455875	 0.6994403662440932	-0.6162206195439892
 0.5667770182346517	 0.8025201199737325	-0.18634717233804055
-0.5597324863720807	-0.8280492941860977	-0.032154472435945713
 0.17967672258586517	 0.9656305251775145	 0.18781364222600994
-0.7850420796854735	 0.49571151086816156	-0.37145528817868656
 0.7306150108676537	 0.6702584034653798	-0.13021281994833922
-0.04723028954376671	 0.9510049957056093	 0.30554671965607194
 0.8603908860616843	 0.5088234377273113	 0.028744258580639892
 0.6190291744735262	-0.3619612639223646	 0.6969841637873482
-0.11716606732625444	 0.9611862942739817	 0.24978594909872376
 0.40968203754269844	 0.8472401191387682	-0.3381490923196291
 0.769539047927558	 0.6385649978216592	 0.006663127776950217
 0.9880610767625901	 0.01737912592617696	-0.15307930810136683
 0.7667321980674914	-0.5997934019367103	-0.22884407669804574
-0.9222511257471889	 0.33150478393600585	 0.19889052085402392
 0.535944430814199	-0.5393423038700609	-0.6495178568256452
 0.7992824259165486	-0.29350154336628814	 0.5244086647477937
 0.1323485322517714	 0.36211001756364397	-0.9226918235201065
-0.23692078452362395	-0.698838650386121	-0.674902276323925
-0.03741717035392137	-0.9966563078029513	 0.07263717697773253
-0.5632601786150802	-0.7911524119824824	-0.23836071866146158
 0.27936651647415894	-0.01578939764001701	 0.960054709063634
 0.8404831223434087	-0.4996711533989022	-0.2095634975774292
 0.1238658426180497	-0.9836786233382512	 0.13051290748383315
-0.10869051498885994	 0.6729350969501523	-0.7316725546609943
 0.3410622735435029	 0.001629621264594204	 0.9400392916787419
 0.2550940242752863	-0.43263498843543263	-0.8647277060210994
-0.3500700929054249	 0.9342186170044408	 0.0684580579296361
-0.3496589071457276	-0.8737401825515738	-0.3381075894569625
-0.702238900276498	-0.22510975577669076	 0.6754155201004886
 0.9711513392013256	 0.1464543315169075	 0.18819193698829806
-0.6320449593798713	 0.7739347681413168	-0.03929559752113798
 0.8820719144498995	-0.4175091508348116	-0.2182550038553155
 0.4358995748275475	-0.5251229752333479	-0.7309154681269512
 0.062295659029907906	-0.5857609187009452	 0.80808625590877
 0.8201733717268077	-0.5715902784029784	-0.024498856003606573
 0.7301016490540821	-0.49885541654901416	-0.46700626915301635
-0.26540345062043863	 0.9630958241779428	 0.0448044847060356
 0.08486623031110534	 0.8968137555807639	-0.4341921357577867
-0.28744972370526256	-0.8788519472176921	 0.3807780340479725
 0.5648320723710739	-0.22080025012795376	-0.7951175885140707
 0.2703071578227903	 0.42784727818306867	 0.8624852155145066
-0.6217952250343202	-0.5467792581367441	 0.5607166316384335
-0.38314246354496345	 0.6159339537789781	-0.6883510857192656
 0.6999123844816779	-0.08400269492346832	 0.7092715991034511
 0.8389722424312047	 0.036045549138767445	 0.5429790924310443
 0.22496690998677069	 0.2823021062180972	-0.9325746137633333
-0.46779443804481863	-0.08300454915947023	-0.879931024883863
-0.7288788163045471	-0.01507563190474944	 0.6844767318654117
-0.8666911982081458	 0.15942955724711305	 0.4726823280222332
 0.08197192083055622	 0.9746755256339558	 0.2080582224415104
 0.5632513525349009	-0.5382120288306926	 0.6269575152189775
-0.9825042512244984	 0.1629257610746334	-0.09022523318916487
 0.21223572708310257	 0.19156757463627283	 0.9582577213346537
 0.39543357731833056	 0.6442398528816476	-0.6546657909867148
-0.16376333802079132	-0.3974312258824257	-0.9029008748549756
 0.8204397836470446	-0.5712244776136308	-0.024107210212406027
 0.5796943939405084	-0.7088845826195993	 0.40179230724117065
 0.7245094543396285	-0.3242912517001988	-0.608211504859298
-0.9558472756773323	 0.14225753898720048	 0.2571357193808885
 0.3235388948809124	-0.6811380982683707	 0.6567902820433515
 0.6479674599947967	-0.7499131881058348	-0.13329809110724034
-0.48548948570393735	 0.4803661474808234	 0.7304439223002395
-0.12115601717561712	 0.5549141067443301	-0.8230380025480499
-0.10543883717924206	-0.9918192944545855	-0.07195233673687995
 0.9471383436578421	 0.3032619737149561	 0.10469543099671919
-0.9227115692279991	-0.38114003660515305	-0.05775493493569317
 0.7375156863946722	-0.11673927332810453	-0.6651635546124139
 0.2915913924844078	-0.2517281978989893	-0.9228257550651322
-0.702831375005944	-0.3590206380151072	 0.6141109344299933
 0.9659895764367401	 0.25612317931517714	 0.035567614947492165
 0.8857847522398052	 0.34222244495312626	-0.31347913944913675
 0.7767739021487834	-0.6119355722639032	-0.14885281434558606
 0.549305273398745	-0.24158856841688353	 0.7999366726351598
-0.7124920996424864	-0.3152315564152849	-0.6268844182040565
 0.19345765789954247	-0.9793473901862741	 0.05876073463936016
-0.38942936339342227	-0.11769820598260479	-0.9135052836385076
-0.9508256615157888	-0.24130502117515742	-0.19417118261657462
-0.008217321980759014	 0.12970743698289433	 0.9915182582337014
-0.9468799206903318	 0.07557364956551653	-0.312581252292615
 0.46753006915459444	-0.4390503556552705	 0.767235569844934
 0.9015849134177064	-0.42346565903792804	 0.08843912885798977
-0.7130603783835244	 0.48220808436368673	 0.5089403306418627
-0.9724180960181124	-0.07582886225006022	 0.22057431896385982
 0.31330254016100634	-0.9486329183642022	-0.04401254962482737
 0.9368957622307086	-0.1720138614481134	 0.30436419333398734
-0.24901120034593235	 0.6856827034820501	-0.6839829327167639
 0.09410789469647406	 0.06998974459829883	-0.9930987563212745
 0.5319595748883093	-0.7132171973736011	-0.45644303045965673
-0.3688668821244618	-0.8291937658761185	-0.4199701440625978
 0.8004117820182045	-0.5469063475572773	 0.24542702827521024
 0.10618703752330129	 0.09666394737957289	 0.9896364960625816
 0.6027952289604012	-0.3040913189676313	-0.7376763393732402
-0.8526292222025029	-0.4502267626509313	-0.265177811362898
 0.6235764338501235	 0.5190499970171024	-0.5845849226103155
-0.9787131219200877	-0.20352130791613252	 0.026451884725711583
 0.416854810792288	-0.021018776486748686	 0.9087300356840451
-0.6150967557219018	-0.5857525136245283	 0.5277783378303222
 0.8951364011978975	 0.05343519979177013	 0.44257824469091367
 0.28889004726038287	-0.0590109019488215	 0.9555418640986277
 0.5149429269106361	 0.8284622461604115	 0.22019102777259736
 0.14944773698119906	 0.8519455445677844	-0.501850737771999
-0.831444537828484	 0.4794436531061818	-0.28077351016678476
 0.15603262044681765	-0.9610205355545733	 0.22823968015860063
-0.5704319682373497	-0.7422197724202181	 0.3517345292139271
 0.5269802023173881	-0.7079925393875607	 0.47014724346429837
-0.9537259024170179	 0.29659677679251006	-0.04936856342996743
-0.726323185098588	 0.38185434084442654	-0.5715259339404561
-0.8386747626444159	 0.37211591500300745	 0.39768629383574083
 0.2672823947385405	 0.6538847888464643	-0.7078098645667819
 0.8117368373014144	 0.4656280825853718	-0.3525248866048569
 0.36701899586502645	 0.7848038587866858	 0.49937957498055074
-0.0019485058196803584	-0.42813903066422226	 0.9037107799218569
 0.8481407344369469	-0.5162225970745185	-0.11904421388037112
 0.29689949645519803	-0.5663741897275056	 0.768811398338475
-0.6734398949971765	 0.7392373121438311	-0.002627576936253595
-0.44948887730568776	-0.36676271358611334	 0.8145212465623122
-0.9678554876182468	-0.20856485691570392	 0.14055765915444685
 0.5799875149954433	 0.20214176958737723	-0.7891471266104275
-0.5155012622901249	-0.8346379357369103	 0.19400506386720173
 0.5768130253590212	 0.1522035250227383	 0.8025713804683205
 0.6563994929718882	-0.7343463794622304	-0.17284415117950025
-0.6610720181804387	-0.3511063373041724	-0.6631049137834002
 0.12948150617885068	 0.7452530527747011	-0.6540890053254562
 0.2183941151576448	-0.8793979454008726	 0.42304049934874244
 0.35037064758351116	 0.11668200755649642	 0.9293146498492837
-0.9668576866960886	 0.07616313711039056	 0.2436911779736639
-0.6614301831977278	-0.7485422644835872	-0.04684646237234791
-0.2624381885642695	-0.10170115458662339	-0.959574422511799
 0.059981411389337186	 0.9288452579238696	-0.36557997363105543
-0.7851848585694071	 0.6179415054273062	-0.04041081221126985
 0.8492806927413904	-0.4150387988946365	 0.3262899023089767
 0.15502974622979243	 0.17629646793597145	 0.9720521247223459
-0.35687133683790173	 0.7561457213564592	-0.548531217906373
-0.9187733189544186	-0.288259418866022	 0.26974450098659175
 0.3363549804538409	 0.6099240943992142	-0.7175360103821931
 0.8634486749625305	-0.4603744395836522	-0.20618380412507786
-0.38288823015295065	 0.8125724204576256	-0.43945723878663867
-0.7671128548618071	-0.08176573742269197	-0.6362799950410916
-0.7621562809917688	 0.578385819090229	 0.29083955649141147
-0.06686284357888136	-0.6619845924727258	-0.7465291417468345
-0.1801927632872682	 0.21751615174467337	 0.9592795691502487
-0.599687355635771	 0.800234001321179	 7.865240439020038E-4
 0.6951402810013092	-0.7100463658923652	-0.112312724178814
 0.5448655655108527	-0.40036664584747067	 0.7367686641092879
-0.20719081885540722	 0.8265473270085432	-0.5233464252262148
-0.7628079637963653	 0.20944838937604762	-0.6117641559920151
 0.8945407867464815	-0.313551263312723	-0.3185630018096599
 0.9620461306461908	-0.05021708303748181	-0.26822655923658845
-0.4580620931298711	 0.43426926017042505	-0.7756218979042
-0.7465396131526333	-0.3995932830260678	-0.5319810280022828
 0.9706461402528949	-0.06345228490698611	-0.23199111610628598
 0.06263532339426331	-0.9695731576624975	 0.23665313901080975
-0.2047112073450239	-0.8054110799029418	 0.5562430349738501
-0.4256917614318111	-0.4092700088290815	 0.8070220468624916
 0.3254314075077383	 0.9374967321823932	-0.12326506461632492
 0.7550211125615907	 0.3471458412279303	 0.5562669183983626
 0.3220885180749503	 0.31061986585039114	-0.8943010038367214
 0.08032425626657458	 0.9735898430148395	-0.21370734997552576
 0.055439052939710715	 0.3560633040947457	-0.9328158633333166
 0.775593290670069	-0.45944365182700564	 0.4328586123244391
 0.15294158676650998	-0.1783891787547287	 0.9720011172527301
-0.41165458819621703	 0.5644829022485943	-0.7154715599421173
 0.6699859938289578	-0.23915580306381945	-0.7027967486648776
 0.56815001997613	-0.8217568968391448	-0.043831008412106964
-0.3646455962454538	 0.8523951121504115	-0.37477481495010445
 0.7191715414421384	 0.5303943395139026	-0.4488587067122012
 0.2142908934148597	-0.6987790778253264	 0.6824860536253086
-0.3033071105493754	 0.5150237856747665	-0.8017202110957544
-0.7044279133093508	 0.37844351151850747	 0.6004680037605459
 0.5769113251705024	-0.6720737918805512	 0.4642091566926623
-0.638394797499107	-0.051517103277070986	 0.7679831186920802
 0.9066743632447993	-0.42142532236357866	 0.018501262264817964
-0.23219486371443618	-0.8011763927477333	 0.5515450416496954
-0.1393035199713587	 0.4754792178687436	 0.8686276778335567
 0.23028532044600347	 0.7404188741161042	 0.6314654084268767
-0.07358986577557454	 0.9971540061753525	-0.01638351682570094
 0.9609087033292578	-0.07850440439637443	-0.26550239614070326
-0.43237435073035085	-0.39571220896755455	-0.8102248258999016
 0.47155816313986026	 0.19303977137028933	-0.860446712728608
 0.19312040447328213	 0.49219122654332687	 0.848794619380832
 0.22777801989626306	 0.8302180729482056	-0.5087780704809375
-0.9588706237596243	-0.2832720372741996	 0.018002216234496604
 0.14592862660286557	 0.5482625615388051	-0.8234761681753209
-0.25218288819548457	-0.799962189894817	 0.5444853401516632
 0.5778422580556746	-0.14294281951060833	 0.8035332445863561
-0.8698041994041182	-0.4728981979150174	-0.14074071588452974
-0.7563308676599315	 0.6327227555514222	 0.1662093054921725
-0.4770199704090233	 0.8713880097730841	 0.11460752267926466
-0.5742789722452926	-0.6573300121440895	 0.48797634898788056
-0.816017039322542	-0.5198032298538602	-0.2528256192888054
-0.8536926869680236	-0.43073737821591246	-0.29270139600794187
 0.2707781431036709	 0.8516966233220967	-0.4486558358464383
-0.1412709668107032	 0.9847336616500414	 0.10169626123742792
 0.3225387705707915	-0.2538090241099869	 0.9118934810376804
-0.34794854795116364	-0.8666150911678754	-0.3576452037128024
 0.235527448834206	-0.004687047573954965	 0.9718563949631087
-0.47567177734241517	-0.12759529785675452	-0.8703193667871316
 0.004155654605818069	 0.979583225951553	 0.200996104363109
 0.919116856000123	-0.100842765963661	 0.38086079027545927
-0.8519463606551447	 0.517132314881861	 0.08222875088058812
-0.804277706497361	 0.2808728367409241	 0.5236867579120661
-0.8872175449835276	 0.11100113447570747	 0.44779881198871885
 0.2525410248580755	-0.9459671370731332	-0.20339421412934278
 0.7013862985678	-0.3407779235858518	-0.6260412661940715
-0.32960873631193927	-0.43711192891407136	-0.8368340591466543
-0.4767228339834181	-0.7104803919208104	-0.5176417219031613
-0.2537004469000069	-0.8396262690829734	-0.4802747250361432
 0.05474016913119552	-0.019903666312493584	 0.9983022377771218
-0.9387853767586621	-0.1533350442300018	 0.30849697015542943
 0.986704605995256	 0.16134838487577557	-0.01951202720695977
-0.6817755631753362	 0.7293923195701335	-0.056293211038751956
-0.6829738096531219	-0.6911953254953218	-0.23621134041641012
-0.6527092635169414	 0.6535752388145037	-0.3831579628922468
 0.3224863472226652	 0.42440388332922624	 0.8460992256644932
-0.9620319169439504	 0.14324486373163628	-0.23232627874533063
 0.6016070690660958	-0.04013619586509436	-0.7977831912438245
-0.3196386664844307	 0.521775327400339	 0.7909371849927931
 0.5834543191858323	-0.4473717473525862	-0.6778197231521745
-0.6552444580630145	-0.644370687555528	 0.39426021508253006
 0.8847090101644577	 0.44187555243656956	 0.14844515314654738
 0.8139409676925701	-0.1178403280039795	-0.5688705988250728
-0.33401849881776335	 0.8145524588117421	-0.47427411303092737
 0.7366646112494626	 0.676249777594083	 0.003389518643015732
 0.005606078640251523	 0.9753229618662574	-0.2207117847753266
-0.7692317565892433	-0.6183606139265929	 0.1609740842463605
-0.8752297709842319	 0.27479490806187296	-0.3980711073240004
 0.7184233773692279	-0.3108872127410556	 0.6222676207255924
 0.8918435288764531	-0.090650688046169	-0.44316765761723986
 0.058527081041036884	-0.8003244775781403	 0.5967037048436121
-0.25675961568503314	-0.9470193698385762	 0.19294769473569873
-0.5836889161134389	 0.8118900789464167	 0.011905835321397218
-0.13566940444242445	-0.155232174784621	-0.9785176465500633
-0.8647151698745863	 0.44605079683211546	 0.23088170484947534
-0.14447169338087396	 0.7992038431680905	-0.5834390686927102
 0.7227881351779236	-0.028451129969496357	 0.6904837759494993
 0.412290486454565	 0.2356348241708782	 0.8800527168397456
 0.5167338361416114	-0.3034812773842925	 0.800553094343887
-0.14667483713194446	-0.9879191395848803	 0.0500226528103751
-0.2307331055587053	 0.3340832676303493	 0.9138657474096858
-0.05405342774180071	 0.7441828975438981	-0.665785282168756
-0.5879991672593914	-0.17458654776143495	-0.7897952371615105
 0.21167481475597597	-0.4134723160870011	-0.8855701082509924
 0.2884062735766135	-0.21270703010800548	 0.9335831728904949
 0.898766518641646	-0.4280971467804935	 0.09461277866745288
-0.7294239447615212	 0.3629287209921658	 0.5798477837221869
 0.578027281270597	 0.5982915458513147	 0.5549159290106622
-0.931161018114645	-0.09282201725200194	 0.352594996358381
 0.05127773162467359	 0.22050177572118287	-0.9740377616618532
 0.7961598749401687	 0.32331481625115244	-0.5114655248672568
 0.9348242400380055	-0.2848997695074725	 0.21198056885468186
-0.052113819650430056	-0.4345492650327232	 0.899139080488087
 0.0638070030079945	-0.49166955874210116	 0.8684409659691816
-0.8002149144949998	-0.5994896644134109	-0.016377816742665585
-0.07754714466011335	-0.6218704145606453	 0.7792712158480093
 0.8265509432557268	-0.04558641758936037	-0.5610128489922819
-0.7573326609267111	-0.652743646996803	-0.01931248298330046
 0.6430102778492102	-0.5071224492611639	-0.5739029569845759
 0.26031072593378524	-0.20676291542850453	 0.9431264086893818
 0.6840252065059419	 0.48325995575900943	 0.5464149815152435
 0.8092204903003719	-0.37737053098949025	-0.45028177891042387
-0.37230288615660007	-0.8916083944165188	-0.2577305413905444
 0.06771383432742333	-0.796522082843201	-0.6008056326165783
-0.530152826776364	 0.7159880641772153	 0.4542015766339811
-0.9471618258060722	 0.2397566266257442	 0.21307565727870248
-0.5616409774359645	-0.8132702099632196	 0.15215445458860222
 0.24847583887752644	 0.22792779346383285	 0.9414396839207586
 0.4091629463270845	 0.5817395043947089	 0.7029685856277916
 0.08119246949288007	 0.8834280020615034	-0.4614788706661097
 0.8876363995766224	 0.4572307633944334	-0.055151166373835325
-0.6878625135712635	 0.652058369305078	 0.3188495655362036
 0.876795529669215	 0.3674533881412829	 0.310173510628442
 0.08833189886644117	-0.9477362220301527	 0.30658364127047233
-0.50267958596743	 0.780711514097525	 0.3712179489291476
-0.730096654104984	-0.6811144947519849	 0.05515361006729802
-0.8440484111234419	-0.4886424899913341	-0.2209316560727821
 0.9851386246772614	-0.16672748344751995	 0.04127755361271501
-0.4425119136584206	-0.44980571295066946	-0.7757950933508813
 0.1674229859087385	-0.33598400648591836	 0.9268680009446182
 0.39119051922032216	 0.5071912943017665	 0.7679368259542145
-0.6565745033622786	 0.17236706140005395	 0.7343020616060445
-0.7648035432604183	 0.6194517094987647	 0.17707376941649877
 0.7805007115700234	 0.5511867163933816	 0.29497769900480475
 0.8480669793944752	 0.46167311652002907	-0.26007754986429465
 0.7523429503139706	-0.6250613984701067	 0.20803445208778504
-0.7567722043451142	-0.3531090862815101	-0.5500998126850016
 0.11824316154362795	-0.9928798030933941	-0.014430916720377773
-0.8528951890530487	-0.3183910722664165	 0.4137594972821841
-0.2805370715896301	-0.20648401187837007	-0.9373704200061617
-0.4323512724623888	-0.21933847565395517	 0.874621638365958
-0.9201804324878456	-0.3820943657122	-0.08527524469312797
 0.08004281056766488	-0.9385547291292214	 0.33572037308689295
-0.19085083100225034	-0.9180667867287705	-0.34746127181494746
-0.36833517769498797	-0.0369263994467932	 0.9289594382406035
-0.34098299236218377	 0.9275361999912459	 0.15299410650587197
 0.27148937997420214	-0.7469638264720979	-0.6069090199555323
-0.6239184077961767	 0.7805767343353017	 0.03775953161149759
 0.08681984240499045	 0.9778454999695176	-0.19047438975919184
 0.42516375017836433	-0.654921244336658	 0.6247511098435865
 0.641696470785468	 0.490643350860018	 0.589486846026549
-0.04488670367861745	-0.9337386179795886	 0.3551300847949044
 0.4305440213814774	 0.17433298157253685	-0.8855731800301403
 0.8119090639369541	 0.5672987850756771	 0.13775253300277246
-0.19470014974119496	 0.9759872037479598	-0.09767717139124521
-0.14169463099650167	 0.8842393917463724	-0.44502059461419363
-0.46503708652380904	 0.39088651759405785	-0.7943225028416592
-0.34606071631865903	-0.002429713337627506	 0.9382089730513739
 0.2277130912281316	-0.8084373822036734	 0.5427483276243239
 0.2611022814385064	-0.17965060146162068	 0.9484467618280348
-0.9815598879589398	 0.06900729130459242	-0.17826435453235345
 0.3299701144629782	 0.7922265847106135	-0.5133193567741687
 0.31266021888801787	-0.7660322729020511	-0.561638802432145
-0.4573893939174742	 0.7426044010716591	-0.48921738096761036
 0.5687936008468595	 0.8224136209991081	 0.010472613370062556
-0.3413369937592205	-0.6788550552480864	 0.6501114294146315
 0.7601999059398864	 0.5958262050796461	 0.25901203900470615
 0.8381999035287241	-0.38531622455203285	 0.38594342697007433
 0.9036664222362756	 0.4256379718089239	-0.04710959856626884
 0.10195307028949893	-0.014231620076511632	-0.9946874043882039
 0.909382490831259	-0.3679568294443418	-0.1939877754777417
-0.2840725138875047	 0.7937768564363528	 0.537792812372623
 0.9297501172700559	 0.26834574264513694	-0.252101729150253
-0.3044341608840283	 0.7771421495688747	-0.550790269567561
 0.07736565070421138	 0.39609932202437914	-0.9149425573132672
 0.9963704194861311	 0.08485307537383072	-0.0067781098127719375
-0.665929950779736	 0.1608761823357738	 0.7284614983728139
 0.6247657305265967	-0.7576337316046249	-0.18883567113874244
-0.4119151695369652	 0.2243197034458956	 0.8831798026173825
 0.48705649503794557	-0.787572393106275	-0.3774992665664487
-0.6236765645311059	-0.47531697899120773	-0.6205653167373675
-0.2520592671103985	 0.7052068832213965	 0.6626834672156325
 0.9785111215556558	 0.11662864855013991	 0.17004041675219606
-0.431074517461155	-0.01602261986559234	 0.9021740608376385
-0.25520026611107394	-0.8672996496309755	 0.4273922576823592
 0.9992860462334778	 0.032158776144871185	 0.019829546639489992
-0.9482228948117722	 0.28314857701592433	 0.143875727934353
 0.7893571365930073	-0.4706720888991515	-0.39418662539588745
 0.7268851102154913	-0.6646722227562377	 0.17276826341459572
 0.43133403116641483	 0.2517461208950057	-0.8663572266519437
 0.43723488003404637	-0.48464640049383334	-0.7575906059145558
 0.467953719404533	 0.8738299888056359	-0.13206236087320988
-0.34536355067085545	 0.8644191394902566	-0.36538140230578753
 0.4342027856425953	-0.8985467041672779	 0.06388866386404435
 0.2512011225711493	 0.2347277446761932	 0.9390425346586928
 0.8940692170020388	 0.11245076988633361	-0.433583970600081
-0.12039690736454624	 0.8987148799347426	-0.4216825219059166
 0.9024999403149074	 0.36321865744708715	 0.2314434371805001
 0.44021203817821425	-0.6250275063261551	 0.6446347630858038
-0.8530923055625363	 0.2293197640938914	 0.4686640203663155
 0.9688216119553588	-0.24773462126408557	-0.0034988048474167144
-0.8569690917461988	-0.3732504451719761	-0.3553703434033526
-0.7994677324676783	-0.2728084063466168	 0.5351886753002233
-0.27420545232337973	-0.3019017053095166	-0.9130535199249474
 0.20053936996770963	 0.4171667889367176	-0.8864286949897222
-0.10093631967597587	-0.012508452671384685	 0.9948142530050708
 0.9234802400671098	-0.08438748075938765	-0.3742499155600134
-0.258724859704589	 0.6779241406866006	 0.6880990527861341
-0.20086069592560615	 0.8327492394616441	-0.5159299225750862
-0.5496997573408838	-0.48038543593615635	-0.6834178880595696
-0.20013705494839096	 0.3610015563581232	 0.91083644829552
-0.8002928489802715	 0.05568269844472941	-0.597018251785449
 0.6292878700946193	 0.22210257511891857	-0.7447598422829489
-0.7624490099667618	 0.502367497982325	 0.40779701344134867
 0.9098085849411999	-0.40065048802648034	-0.10829369885378681
 0.9921288673419334	 0.03890464719485806	-0.119024111059298
-0.06191889209077389	 0.5453501439736854	-0.8359182204439211
 0.7798566398800857	-0.5520125719810338	-0.295136818458535
-0.6096269409003839	-0.3915782216724556	-0.6892180273616448
 0.5946614905625208	 0.6762351259663966	 0.43483763182499824
-0.0638466890621585	 0.9385382319320232	 0.3392190848076091
-0.9584691894766881	-0.21133897040551536	-0.19150105068076573
-0.5205014156246578	-0.6205970007848748	-0.5864619671807758
-0.9182002186501711	-0.37711258613921544	 0.12122069066859398
-0.2675634437103774	-0.8366791503874846	 0.47788890225314984
 0.7625694007133591	 0.05382049822680066	-0.6446636821368856
-0.5903535482271256	 0.6754756123865273	-0.4418318516887263
-0.06623358041403425	 0.7089118890310592	 0.7021802093593588
-0.25847323598481026	 0.8448827978319876	 0.46836379472279166
-0.3473461641457192	-0.8329974175389456	 0.4306575723550006
-0.8503155326649353	 0.14234458292385943	-0.5066571963576356
 0.2533492907192562	 0.25569455670102326	 0.9329707554717441
-0.2591471482737006	 0.9654283438325325	 0.028122383725103006
-0.878333647028926	 0.425661637750856	 0.21758256971578604
-0.3181584591940671	-0.3633831080022373	-0.8756300084292974
-0.2568166181367412	 0.40273561970734123	-0.878549512132214
 0.5379822022753444	-0.6192588880219163	-0.5719209557629708
 0.23293010578763645	 0.3093433336132352	-0.9219817068504186
-0.5685387141508406	 0.817928475397955	 0.08807235460055307
 0.8526019896655507	-0.33094795339138977	 0.40440487059924823
 0.24087041218340502	-0.423707112393619	 0.8731859638368322
-0.934638636006816	 0.263018093236311	-0.23931590568462813
-0.20638151617086853	-0.20529740714944258	 0.9566920321612016
 0.9494481447031491	 0.003955966508125749	-0.31389898191732724
-0.16702965431245967	 0.9054182194737601	-0.390280594476879
 0.2563919445675142	 0.25792612210319515	 0.9315241737591657
-0.18833692349764808	 0.9008558580096973	 0.39113671054639343
-0.46976047757564077	 0.8244472526561883	-0.3156134048096959
 0.7335178049641596	-0.11165314285079402	-0.6704365782772457
-0.17546088004520272	 0.6694688991456841	 0.721820526620315
 0.09006723036663397	-0.33994892720349257	-0.9361210503494077
 0.021761110179625984	-0.9993235826686235	 0.02964508738555205
-0.01596385372924134	-0.3357868119561725	 0.9418027247202152
-0.6983490094090844	-0.5223753935121651	 0.489318515192672
 0.9337903937194503	-0.1425971875941493	-0.3281791320110299
 0.14034536723597538	 0.980426953705226	-0.13808028948293005
 0.7264160021393934	 0.6267620645429618	 0.2819381249240067
 0.01427382111130886	-0.858674566623222	-0.5123224050003128
 0.4727767365591461	 0.19454658337082278	 0.8594380630779761
-0.4689553854042368	 0.14330216267383925	 0.8715189823941669
 0.5269455990070085	-0.187156660072904	 0.8290360186852561
 0.8173217937504639	 0.44951965209598777	-0.3604402417045387
 0.309112855688719	-0.7146396649704932	-0.6274865669469158
-0.2165764058905264	-0.9491684085557087	 0.228416270461115
 0.5562127528035555	-0.8310391731655908	 0.0011252923805915582
 0.4029721681719515	 0.9087379413469377	 0.10866823655202218
 0.12904739774605478	-0.6632087521842123	-0.7372251488936279
 0.6999838336801887	 0.2863339684564514	-0.6542442136498925
-0.9763203356000802	-0.1922684036590349	 0.09915373542208616
-0.02730202076786289	-0.990611772738536	-0.13395116787025874
 0.6255486962094386	-0.5666772449445459	-0.536251553594701
 0.2544131413255101	 0.28940631264208333	 0.9227772969269448
-0.8124292228885729	-0.24261937438725947	-0.5301835502621752
 0.32426266166089807	 0.0011085961165528025	 0.9459664355923207
 0.6495259998007814	-0.6187697713690022	-0.44185964470943473
 0.18839220235590318	 0.5867784746003004	-0.7875273962455127
 0.79758512821473	-0.6017121902722993	-0.042431159875794044
-0.8788684106480528	-0.23821847759419804	-0.4133307074216339
-0.8958364098307977	 0.4407055471284748	 0.05705915835042319
 0.0637253174588076	 0.2751545976357328	 0.9592856880589287
-0.5960636530362969	-0.17397263065660334	-0.7838632822829794
-0.2608673709145706	 0.16393600030975317	 0.9513533531735516
 0.14567707670213578	-0.9892666059973093	 0.011391733058865983
 0.3029575216735166	-0.03987320472835342	 0.952169558222763
 0.18970322708556445	-0.24864508497928017	 0.9498359370696443
-0.5370777660289147	-0.7554151071124037	-0.37536047898486324
-0.232166100680098	 0.6491597469650859	-0.7243552475237713
-0.15244335491590025	-0.7545323001045934	 0.6383118608022702
-0.5425188217725656	 0.5259559328417986	 0.6550142629981583
 0.18465631900554677	-0.7935023229240027	 0.5798759413577472
-0.6509886224862077	 0.07437460399851221	-0.7554351273759872
-0.4995312153256486	-0.4457067328749124	 0.7428418897620488
-0.2607915087584674	-0.2519902023936616	 0.9319274257457411
 0.747837075291669	-0.6368772740934465	-0.18742210798756753
 0.7371111364100468	-0.5568605221553397	 0.38284922808485855
 0.40243893042943657	 0.6342088262440716	-0.6601682149186887
-0.19761673875276028	-0.28687785271089006	 0.9373626417714289
 0.28932497633520426	 0.8965783617137649	 0.3353182061494644
-0.7564373532259508	 0.16943062698166272	-0.6317402894268487
-0.39564709113574553	 0.6171975499072071	-0.6800959959184905
-0.12103947521941556	-0.28223691275197643	-0.9516783965809257
-0.962629997151007	 0.010407733611437445	-0.2706199690823381
 0.5554476967675241	 0.0026801259959176637	-0.8315471562577186
 0.9404775953341359	 0.15923708610761353	-0.30024230728276424
 0.9436468461735782	 0.12343178106605912	 0.30707527599844253
-0.7239286187704613	-0.687948802660609	-0.05151504482116254
-0.37833795647504975	-0.916752353073056	-0.12816206078749737
 0.8308696292625563	 0.48026388393900804	-0.2810734084770763
 0.6927457951538097	-0.06868422551614668	 0.7179037125283327
 0.5932331532995592	-0.568575689979367	 0.569908861653114
 0.3025214473493251	 0.7463894123137407	 0.5927761964515936
 0.5280333070951271	 0.17536901677133682	-0.8309190902577928
-0.054082785938648265	-0.2534608737620179	 0.965832613726058
-0.06569851405896245	 0.5803649266041399	-0.8117020741739025
-0.569814198535623	 0.38013434711093375	-0.7285668516297936
-0.41018287995839975	 0.14005198150986198	 0.9011855788150376
 0.7561521982489375	-0.18507416635314386	 0.6276793815571675
-0.18203577846162333	-0.4900018206933317	-0.8525028979875029
 0.5843673812878772	 0.7493616030820516	-0.31140319766027824
 0.9949012299051143	 0.09066607254702828	-0.04417245773316214
 0.11594801559498814	 0.8876306697501934	 0.44572172013309763
-0.4996602034795184	-0.5179703242965601	-0.6942956317066402
 0.39134302329200704	 0.7825444227184274	-0.4842260469996993
-0.9474503613846338	 0.1835240136519308	 0.26202432926202257
 0.6530277857115734	-0.18535853677417896	 0.7343002954742526
 0.20451770274675107	-0.12585790198196123	-0.97073801706325
-0.9434477002019587	 0.17887785747423077	-0.27912210426453843
-0.8031801887271607	-0.4822062662098195	 0.34982667317428406
-0.8306542022632301	-0.26502499213270875	 0.4896686122343299
-0.6805180748299681	-0.7243668436148565	 0.11039848595503532
-0.8584775597807663	-0.4904799816475319	 0.1498187803844948
-0.5259273316093803	-0.8502442147289145	 0.02202764595340123
-0.892338323004816	 0.35914241920516765	 0.2734027066881608
-0.003754426872949057	 0.9806432533939686	-0.1957669886670077
-0.7777031527369119	 0.17316749240103146	 0.6043102065980734
-0.29743637146922164	-0.8522802192945661	 0.43029063750728946
-0.8914089500322074	-0.1098605536296797	 0.4396825474801769
-0.9415918424578125	 0.1059803750531914	-0.3196450567746778
 0.21937032088443617	 0.607035619064442	-0.763796058841697
 0.4765989069749246	-0.7223875268569848	 0.5010087253848543
-0.4970431994982084	-0.3867745635723851	 0.7767583245810599
-0.8463299479738992	-0.13330556003870622	-0.5157084901620914
-0.5925539263086805	 0.5603801391057691	 0.578665658313992
 0.5078838317463984	-0.17340575545187295	-0.8437917144809857
 0.2226641743130811	-0.9657922520434217	 0.1329134732462045
-0.4751067853405	-0.8287105300401094	-0.295824948109616
 0.04991494946440558	 0.9981572968413981	 0.03450374736516193
-0.003293789128706084	 0.6885394254851612	-0.7251914302484137
 0.1467562646719543	-0.4043300049162455	-0.9027623418729673
-0.23511746873146575	 0.13830590419908542	-0.9620765316548272
-0.637788620355531	-0.7570150937422195	 0.14196416305338122
-0.9261524685004215	-0.3413174509619987	-0.16044937755996225
 0.39698570024160557	-0.600084885593446	-0.694478569781662
-0.6829757775935849	-0.4877245100695649	-0.5437544386005884
-0.8959997834851626	-0.07123596736867924	 0.4383033480907832
-0.5804886458592039	 0.2160157769929538	-0.7850924252078084
-0.40083391789087663	 0.7262959550915719	-0.5584141437014927
 0.6336966557906297	 0.7714947176919845	 0.05678423208195427
-0.6298604595805314	-0.16697678031661464	-0.7585476625051975
-0.025543643162367673	 0.043853440188648445	-0.9987113687535625
-0.38108702030192704	-0.7748515115896638	 0.5043588186446348
-0.7434543541419262	 0.30480354467606846	-0.5952902002051736
 0.9737637238781248	-0.15118096343561643	 0.1700838803463922
-0.9059170380868092	 0.10255060898282976	 0.4108499637352705
 0.7821241523135134	 0.2034060368491182	-0.5889887898264308
-0.8045216830366759	-0.2112710780595293	 0.5550760246123034
 0.6254317330045869	-0.29492390807712504	 0.7223953459120529
 0.2732897799853014	 0.8794244685617745	-0.38977596161182926
-0.8605536267069037	-0.0542283479602293	 0.5064649463083297
-0.7555572028807195	-0.35931143428196205	-0.5477486708056007
-0.48186641302212513	-0.4787125879929114	 0.7339203077298786
 0.17998036363211084	-0.12666635881097663	 0.9754807544244131
-0.17469843143705494	 0.25728069112079277	-0.9504141749941653
 0.8923824829284958	 0.4404520871941797	-0.09826221577322336
-0.13100319831122278	 0.22582419765859585	-0.9653194257778519
-0.054168387945382035	-0.9538467922091923	-0.29536770767914433
 0.43058319111993526	 0.4966334747039934	-0.7536267692488181
 0.027158245010431258	 0.5862287754352032	 0.8096902201334133
 0.4663696577190373	 0.13641396743717146	-0.8740083362571998
 0.9446700564827726	-0.19054306226571832	-0.26700529172141474
 0.9815431337642175	 0.163293379895719	-0.09954068837692276
 0.22256271023218405	 0.96816509708981	-0.11455210513641201
 0.5144522778666604	 0.3015063124016667	-0.8027657176161378
-0.12711799080189257	 0.7873322262735802	-0.6032818428276934
-0.42881500819271	 0.5054327290795174	-0.7487692869795857
 0.5426729342364778	-0.6731334747374139	 0.5023916914471285
 0.26570888084341415	 0.9152311698005637	 0.30290377426904413
-0.22781801962510195	-0.9507440920449243	-0.21020138290641444
-0.31522850783390194	 0.18845623937312153	-0.9301157098394546
 0.06723890520173356	-0.4036514647320769	 0.9124387237765181
 0.1653950631458413	-0.11285278242109645	-0.9797493161961379
 0.6721145027692853	-0.022137910091595936	-0.7401162125666298
 0.7885356767751872	 0.19357274011999615	 0.583730315072923
-0.8008278921792338	 0.3436160040506865	-0.49051272039367544
 0.7858055038168488	-0.17843185620380925	-0.592175466279051
-0.07415019038030585	 0.9971770949490911	-0.011814845553607789
-0.5949352938339969	 0.3933550965872481	-0.7009449080630321
-0.6379048034605069	-0.6924049632794728	 0.3371243517575735
-0.8931526956122423	 0.1739162485929662	-0.41476668236001646
-0.33780874292236474	-0.27155195716221275	-0.9011907610304177
 0.3266879191074956	 0.8986159695531404	 0.2928554981100473
-0.1333240585599204	-0.8756961937111636	-0.464091447592919
 0.2527156814523796	-0.6057785892400172	 0.7544316305447658
 0.6174043270536059	-0.21328467506131688	-0.7571799946640645
 0.5329666840260366	-0.8450039744115576	 0.043758392874539975
-0.5660805917134416	 0.8209802349498203	-0.07445950246340494
-0.17099142152893926	 0.06906191632839465	 0.9828491163330018
 0.9726248072714306	 0.20862972074915428	 0.10234561006873855
 0.0859263424791564	-0.7738096863598641	-0.627562931476839
-0.8109005099051213	 0.05313597540742146	-0.5827666180840458
-0.376927095271732	 0.7311205203433248	 0.5686727965912566
-0.2039658936493563	-0.617037636857471	 0.7600410968685622
-0.25529079223595086	-0.7868709850569827	 0.5618368662476629
 0.127469173574589	 0.8264414330444799	-0.5484032891363779
-0.9293717995527458	 0.2025766318808554	 0.3085948256401896
-0.5462050458464915	-0.56239926544905	-0.6207794407953608
-0.8815864853032145	 0.4135679060993556	 0.22752330864181758
-0.9026827541116857	 0.400507872306288	 0.15734449354849356
 0.48938926307667524	-0.7225119225661506	 0.48833868465956454
 0.06512059266799944	 0.5060715183089621	-0.8600296080758094
-0.34448712237635476	-0.9387528808190052	 0.00846470737102023
-0.10485204773140576	 0.8122146976236313	-0.5738582865574777
-0.18420024806951646	-0.35567980299657614	 0.9162762391066601
-0.9235928502990567	 0.36295721172091117	-0.12344354716325179
 0.93165207542222	 0.09227948238454715	-0.35143834095373006
-0.3349797834860141	 0.8525889484261833	-0.4010992765852339
 0.4186692396557108	-0.389334294917854	 0.8204479718829991
-0.7693553604757603	 0.01819461757308029	-0.6385618883072983
-0.49525289797787325	-0.7364926556381466	-0.46076364356966004
-0.9670957536697418	-0.25106114095467313	-0.04115952789442545
 0.769319199891534	 0.6349404578946983	-0.07070066199634018
 0.7279487299885435	 0.07782157211029493	 0.6812007409144156
 0.9237375650239031	 0.2462297050907552	 0.2933936660778995
-0.45300667498817204	-0.8485568498840411	-0.27337926938784785
-0.055303142749785275	-0.8290418303378634	 0.5564451508927382
 0.7290119561603734	-0.21541978917711885	 0.6497198490165677
-0.29012941115194746	 0.7620115578319719	-0.5789329067475051
-0.596934042634123	 0.27724546652223536	 0.7528643304323503
-0.06930594189322417	-0.12103936251942485	-0.9902253072605165
 0.1126894147324154	 0.7013338733930199	 0.7038692306379142
 0.451724403081179	-0.8316585767527392	-0.3229381912604339
 0.25811187630260585	-0.8809484436169756	-0.39662085043574913
 0.3530275011548481	-0.38040357498712624	-0.8547892743626218
 0.8136776088530683	 0.5351269983789464	 0.2270855443595925
 0.6680789462281269	-0.7286272491402421	 0.15090677061364444
-0.40075346167080894	 0.5001767075125932	-0.7676066207509713
 0.7849767864899504	-0.07822793706611521	-0.6145663792742739
-0.48243880905009406	-0.45889559983555356	 0.746101617726362
-0.1567766188829938	-0.9306686937437852	-0.33057052841542456
-0.006740080637439116	 0.3435360149931967	 0.9391153165163451
-0.19766340535033344	 0.09015103470436268	-0.9761157560079863
 0.030971441866458314	-0.998069229000697	-0.05383849840650057
 0.8127540225321571	 0.01995476081537517	 0.5822651512658121
-0.5911495986010236	 0.7821164679224042	-0.19706847205586042
 0.3793383970541536	-0.9154509568230684	 0.1343574567045458
 0.19110614412498098	-0.24682530870152145	 0.9500293198960128
 0.7239697645681664	-0.4758993293762127	-0.4993872328067517
-0.395450875650124	-0.5857811071845022	-0.707445474516057
-0.8155784731884148	-0.5710423352367524	-0.09350083122095998
-0.013189857697376378	-0.5916259922536266	 0.8061046538408241
-0.6607118717151886	-0.7482736892728679	 0.05955089014098447
 0.5888871080932466	 0.2869348766340371	-0.7555662449399012
-0.43811786926816526	 0.527985809875399	 0.7275188775544879
-0.6197132723294466	-0.4667433616650242	 0.6309564917174255
-0.2802838856334034	 0.6282452962802751	-0.7257746145711839
 0.9503734832722897	 0.2964887194372212	-0.09425858867695625
 0.9215403739771998	 0.3492987886992417	-0.16956914620061436
 0.14485009142696947	 0.9248802042153851	 0.3515893326938493
 0.7798832773048067	 0.4453957332751	-0.43977802873796423
-0.16766601114157514	-0.6245755568334658	-0.7627538806941854
 0.43849905368076514	 0.3467739217578459	 0.8291359521271267
-0.8337099650106476	-0.21823786566772693	-0.5072474033750591
 0.088662822244071	 0.1230202738243561	 0.9884355903041415
-0.550368141447516	 0.102443908247029	-0.8286133926884609
-0.11274121659547898	 0.9928451673962573	-0.039343254294339935
-0.7253975253228425	 0.6868317710363896	-0.04539326547531686
 0.4868005144962507	 0.22231454423936398	 0.8447493725986599
-0.0856424618081543	 0.18424704353693358	-0.9791416627247245
-0.7918486752921648	-0.4970564922863238	 0.3548387223994294
 0.37655977061626594	-0.5091335763585272	-0.7739416906833492
-0.9904626352092392	 0.12157335236595691	 0.0648358561975757
 0.30604937614439326	 0.6074602568319335	 0.7330251126198264
 0.8229040259371408	-0.5475188159852024	 0.15182921404857264
 0.15543843419656508	-0.13133200278152388	 0.9790765027411872
 0.7378083457160046	 0.27957199662729654	 0.6143926624672853
 0.533728353008615	 0.22731580182670194	-0.8145315042615571
-0.31236126030157996	-0.5310752541429283	 0.7876480924244231
 0.08435804727837966	-0.868024090918419	 0.4893034819461546
-0.8899587409048391	 0.24423778951513492	 0.3851250987144752
 0.6225905682830973	 0.028938915166495126	-0.7820124829399568
 0.8970514995892288	 0.35126691830943874	 0.26816069657223407
-0.2674380190429762	-0.49238562163436195	 0.8282712753549477
-0.7065480708137571	 0.2067534616013988	 0.6767886152597404
 0.5341336548179473	-0.742816645527343	-0.40363928193168674
-0.02496786385705908	-0.6589554583191883	 0.7517674572138406
-0.6161356695357344	-0.7389858193343857	 0.2725376956467478
-0.7396429876232278	-0.6526116143820675	-0.1643968723346565
-0.7430237429373195	 0.2899741107516929	 0.6031838297941856
-0.6738767076915186	-0.6911626255078427	 0.26112144288040584
-0.8582856834053396	 0.49772886935212246	-0.12494662170257764
 0.2989567061375735	 0.36753780131444896	-0.8806479730631946
 0.6706348822584979	-0.5888652601252702	 0.4510948460309965
-0.5352955624504053	 0.028418813569306898	 0.8441866096167465
 0.6969537991188393	 0.31531729263555053	 0.6440732930799127
 0.10989979667969563	-0.7600353078816648	-0.6405219476825008
 0.18928531458002296	-0.9583859291805404	 0.21369950966975582
-0.9581432643777898	 0.28624636940209347	 0.004949841572535307
-0.7888616193652163	 0.5496490278512188	 0.27492415622258193
 0.5732069161621189	-0.641741705186678	-0.5095109567889671
-0.4806285659931699	-0.6982661782290007	-0.53049083488107
-0.6881801666521896	-0.045714327953106496	 0.7240982381185306
-0.9753317635169482	-0.18523986659895153	-0.12005891427679294
 0.8357390221433986	 0.18511130697279793	 0.5169855809378232
 0.7556974821231494	 0.10894586446105159	-0.6457957216717733
-0.42262133859865747	-0.8996031051683206	-0.11002480326087483
 0.7600033452185433	 0.555043824464732	-0.33811428272137145
 0.14919265306959995	-0.01912720950731585	 0.9886231345292893
 0.21358180490225606	-0.9526254933503541	 0.21653517504943443
-0.840132082733974	 0.0521078510758429	-0.5398729993408937
 0.19404228844017082	 0.09727656881506273	 0.9761582143569094
-0.6298127611829276	 0.5451342249459022	 0.5533213918183237
 0.6179304325167086	-0.6602885240846963	-0.426826716047352
 0.2301920683855403	-0.5141277627721362	-0.826247090887045
 0.6442494265234758	 0.23716183197836962	 0.7271154941801448
 0.7466927365549423	 0.09013925608424724	 0.6590332857213437
-0.4590490859969792	 0.6914515319233728	 0.5578249865738885
-0.47626660614648725	 0.8688180577307756	 0.13537098075521792
-0.8206291206932375	-0.17561245475833415	 0.5438088929063187
-0.7734223265943889	 0.6333733592340894	-0.025614303383998394
-0.7709239271785686	 0.4604416353399198	-0.4400793098397986
 0.39913447991640405	 0.112311940450411	-0.9099877444087503
-0.8571001023468349	-0.4040655450853685	-0.31954725758783975
-0.5178553174261973	-0.6112425696994813	 0.5985051304713997
 0.9559794965924531	 0.15653819592977733	 0.24819144890565936
-0.08651996237147754	-0.9531854741397587	-0.2897442803580452
 0.07928189580625868	-0.40003882329931534	-0.9130626051102217
-0.921599117766198	 0.11835005223812232	-0.3696597506732364
 0.9362041142118158	-0.13242541431261698	-0.3255539374312666
 0.13573872563027972	 0.948992793736676	-0.2845833371793338
-0.46525322970060967	-0.6556474200052393	 0.5946981527578719
-0.4194135657792437	 0.36266456576699296	-0.8322059081605817
 0.09450164393516677	-0.7515601013256321	 0.6528605160284673
 0.12497005082441318	-0.5002773524096299	-0.856799309676983
-0.9367592385390741	-0.09531006279593622	-0.33674637480087144
-0.5325259238942603	 0.78878420567699	 0.30697820322473124
-0.35241536004904334	-0.28960099481470747	-0.8899071175149882
 0.45842611089321483	 0.7906454268122091	-0.40586365926535195
 0.0656963460006406	-0.7715845191840316	 0.6327253115513167
 0.31833060971705857	-0.526845637881361	-0.7880985323946161
-0.11578437584848285	 0.9098463519202545	-0.3984640438066922
 0.6374114069753749	-0.04684572123969087	 0.769098288035545
 0.8481868580940576	 0.524732980642947	-0.0723488270955348
 0.8744536965769505	-0.4524078169237203	-0.17509397399459603
-0.006963130167139896	-0.7247090387188755	 0.6890198284646378
-0.44729818374181546	-0.16104600692219714	-0.8797661726138877
 0.3137950162339359	-0.437683868990299	-0.8425945161300463
-0.8971876089720534	-0.33468888891124227	 0.2881627004772964
 0.7713375583655735	-0.5140091206151335	 0.3752772241678046
-0.08298082131538023	 0.9944684611807291	-0.06439458836468726
 0.5105019986984471	-0.6537760078303753	 0.5585379493913263
-0.7612684413423226	 0.04958384572203567	 0.6465383224988632
-0.9230383814039694	-0.2522279990885346	 0.2904843936099395
 0.3464227376966404	 0.6484560018161594	 0.6778614168953458
 0.5812386375884576	 0.7656209369947509	-0.27565599396638074
-0.9124627871153397	 0.39728664313760653	-0.09785185391273021
-0.8572407758496922	-0.48469372408524736	-0.17381094917464757
-0.965435265119165	 0.23953425794072386	-0.10275255781280745
-0.3167948002986396	-0.17062580065775898	-0.9330208414894299
-0.06392875388021098	 0.11841013071146791	 0.99090471558683
-0.474218611128317	 0.875992006713711	-0.08806084846976914
 0.21271347678468064	-0.8148246211333768	 0.5392715582978784
-0.23861541386687585	 0.970180634845761	-0.04257017777054273
 0.37069590789917045	-0.5459098247788682	 0.7513767411070928
 0.763670262179657	-0.1414336023769428	 0.6299240166727531
 0.08962288803739511	-0.23713182434117847	 0.9673346038597301
-0.5825033844682991	 0.8127490703443717	-0.01134705853234741
-0.8784411609998926	-0.1419826240560847	 0.4562697240967335
 0.12496789325039345	-0.7606170298334578	-0.6370594631460136
-0.3383233167879254	 0.8097845108311486	-0.4793603856552757
 0.38704203187250635	 0.8693838687775807	 0.30719725629199246
 0.1058219412871626	 0.18596321146769182	 0.976841543303129
-0.32765509081900046	-0.66513491762854	 0.6709975281710565
 0.19329388671510606	-0.3194158067747631	 0.9276912286644705
-0.8401149940552923	-0.28961353972219717	 0.4586183537245927
-0.2799456220718722	 0.4473145088393365	-0.8494352116934025
 0.37636311326450406	 0.8317334431828253	-0.4081302322360989
-0.5635085281344648	-0.5632749012339842	-0.6043008558322374
 0.2786896467018802	 0.6659336777673003	 0.6920003017604102
 0.521231261049152	 0.7415792051053022	 0.422348499536223
 0.2682624082373287	-0.7832046172103404	 0.5609151521461271
-0.28173814188526913	 0.9101249179985018	-0.3038029839307972
-0.6766885791969197	 0.7166356690907627	 0.16889607624598346
-0.3170645851088918	-0.6708784144527538	-0.670367214212543
-0.7093292875328268	 0.2832395164612965	 0.6454667599210229
-0.45026368395015837	-0.8903640670130952	 0.06718960550213415
 0.9408727492258494	 0.3380451028432705	 0.021999504718846374
-0.6753108588665199	-0.7309485977528817	-0.09833306331066516
-0.8532861788272254	 0.43395455385637427	 0.2891126808179596
-0.6503677442282519	-0.13315015078199002	-0.7478588333463665
-0.26014136017751166	 0.6556234883845242	 0.7088612799437572
 0.34226060398356506	 0.7666150547177375	 0.5432854101123328
 0.3896106441335411	 0.5498572147199078	-0.7388237877859052
-0.14986364552195047	 0.855224664069161	 0.4961165807737751
 0.3771471223981545	 0.8381488159751155	-0.3940388437023734
 0.7766636353973493	 0.41544901019142183	 0.4734931017262458
-0.9972519049172212	 0.07378098826649933	 0.006708495315075558
 0.43488332583549344	-0.8821882520212623	-0.18061113173315224
-0.12168024550413198	 0.6920185446657952	-0.711550596720071
-0.5163475449422462	 0.4776082182102481	-0.7108274071321021
-0.36573356188533906	 0.2057458937437198	-0.9076935545206106
 0.6198353878622125	 0.6816300471495083	 0.3888246015579
-0.5679961306300941	-0.6039480724528455	-0.5591306836239034
-0.9555763005460269	-0.1040323429339207	-0.2757738302639472
-0.8107095824529335	-0.5826738153226295	-0.05693151900626403
 0.14363044802172956	 0.7068384104197138	-0.6926397014006702
-0.41478619801001193	-0.8964768226522818	-0.15582591693190362
-0.9685987649696135	 0.17713974951827965	 0.17446472892805742
 0.12485865544103075	-0.8148950544715861	 0.5660003236387845
-0.8285254605567638	-0.4304617138743859	-0.3581176819113081
-0.8345214782909515	 0.3947772737934852	 0.3843498489231765
-0.17517423104084356	 0.9827945525305327	 0.05855643684138423
 0.06584042379618138	 0.8879599974351644	 0.45518356906777946
-0.06432999137673541	 0.12413475147143341	-0.9901778707316149
 0.769272701354488	 0.35983349769045514	 0.5279577302120142
 0.372786973530801	 0.8301162200602618	-0.4146527867488763
 0.20208476684418722	-0.753199768988101	-0.6259807145637968
-0.7996162813484065	-0.252642367237117	 0.544780356546904
-0.24768429639668507	-0.5607194299956314	-0.7900925326465587
 0.8141200376050809	 0.5806926994749824	-0.002133810291339744
 0.4410473523911414	-0.425623504991531	-0.7901404083753016
-0.7158096515658137	-0.41514321208592625	 0.561491456911152
 0.29816246202872204	-0.759025046228549	 0.5787746758754393
 0.02442899948748691	 0.502335308931418	 0.8643277511365797
 0.44240115619107034	-0.6698214325351285	 0.5963392201737134
-0.21533275892789908	 0.9414144754514626	-0.2595584487990068
 0.8326807107412044	-0.31558684436737977	-0.4550250296651406
 0.7619746368644256	 0.39453038684803127	-0.5135566440314738
-0.8643035325074052	-0.06525336570616307	 0.49871976295234033
-0.5306008662549995	 0.011216560099494644	-0.8475475853950494
-0.24417210682240031	 0.8726632706198093	-0.42289336523649523
 0.916319800862511	-0.40042034555484307	-0.004644288215461589
-0.8328897292036065	-0.10978535314121851	-0.5424406651632978
 0.033383487071402054	 0.3295619536282655	 0.9435435663029421
-0.6461561656560197	 0.698197394971633	-0.30822492962045733
 0.955195111563946	-0.21300040638825166	 0.20550699677329853
 0.7830042204734883	 0.5369550214220888	-0.31398040653886183
-0.6055342067789153	 0.7958191855293625	 3.85180492899595E-4
 0.3933706361669593	 0.9156969518464402	 0.08221091764929911
-0.04765066081613806	 0.6024214440563419	 0.7967545533380134
 0.16779468331164074	 0.9440651393451709	-0.2838766579441314
-0.3116653760064217	-0.7500483777592181	-0.5833456303252311
 0.34456740133389824	 0.878473555412567	 0.33099474071170354
-0.4460877361002946	 0.8888140316195444	-0.10495403230522271
-0.7703542083211269	 0.6017882436160019	-0.21072565949000466
 0.33391197290432895	-0.20789403331365353	-0.9193926610886778
 0.22612798536116524	 0.7235332147254627	 0.6522007523957161
 0.21555213871248272	 0.7527916099909087	 0.6219662912278849
-0.5552542919056717	 0.4696936992547701	 0.6863530434118441
-0.36269846754417545	-0.4848917202194614	-0.795820231775819
 0.4137624432216055	-0.18336182638299206	-0.8917281431046018
 0.9472467127205596	 0.050321248779409744	-0.3165303100200265
-0.020874396279105815	-0.5897706511163637	-0.8073009591606857
-0.43653043865967917	-0.15594129055445236	-0.8860719440450646
 0.8666040102711572	-0.43361135378089255	 0.24693862244341158
-0.8080350254437849	-0.4006858582144883	-0.43189146863880135
 0.8375212205121294	-0.5358844838265651	-0.10670531938853411
-0.8288832895287828	 0.545477553177548	 0.12412385475556076
 0.415891286712224	-0.1526853540498079	-0.8965052260280113
-0.815690731772065	-0.06407738869857679	-0.5749284462946016
 0.1519172518079782	 0.8487279356365154	-0.5065392777201885
-0.8789678031899898	 0.4383945009683716	-0.18768554146778538
 0.08832178658980246	 0.1396201852100122	-0.9862583160082896
 0.9482793237320754	-0.2525271307912346	 0.1923444108795065
 0.36682596953100527	 0.857651876806684	 0.3603775329950669
-0.5303400513283711	 0.6972008856806188	-0.4823384236852599
-0.3455810800016065	-0.920389145198583	 0.18291401954345976
-0.5465293159088961	-0.8362136004955328	 0.04530475911481524
-0.1444423830388859	-0.8648826035837254	 0.48074367390563166
 0.7700803274961089	 0.15971970599345015	-0.617629261548424
-0.32504882397629026	 0.8285521240946573	 0.45589981321542816
-0.16144787396259022	 0.6573764856160158	 0.7360643587024818
-0.520425039935071	 0.7128461814443601	-0.4701149853054827
-0.9697225975187821	 0.01891021907098782	-0.2434758457755377
-0.6538373704842215	 0.7195203612002087	 0.23406653493526175
 0.6779035948578238	 0.7274498611637507	-0.10612923994677104
-0.6354556818732707	 0.17358041397431395	-0.752373521769262
 0.3997143681587972	-0.870673269590794	 0.28662951960237826
-0.334140212078695	 0.9423876697950453	-0.01599370158123259
-0.5069717334890799	 0.09345913412535638	 0.8568810020601554
 0.33149334108144757	 0.4731455782422407	 0.8162385843664062
 0.15039378535911616	 0.8480081415452169	 0.5081967150605988
 0.012647603841184173	 0.6974853396117257	-0.7164874312531881
-0.6587507425215762	 0.744910636697392	 0.10562008597969541
-0.49326072261519227	 0.7528587523621391	 0.43577237007050096
 0.19059308666454874	 0.9458784866472916	 0.262655979969064
-0.49491739784616084	-0.17995969735522552	 0.8501007449926159
-0.3103735590916786	-0.3866354093881729	 0.8684361312290065
 0.6103879955553593	 0.003729841583485211	 0.7920937969481094
 0.04279219234774907	-0.6497661741038375	 0.7589286839120886
-0.5706409159974408	 0.6494206386845126	-0.5026149411231238
-0.16769721810488666	 0.985359348786624	-0.0307342935282775
 0.32954657367872775	-0.7181323929250161	 0.6129314170512075
-0.4055039617865402	-0.8219112288759729	-0.4000355844459442
-0.835931963577295	 0.29213279746957954	 0.46462477432053206
-0.8576787644295024	-0.04758235093253732	-0.5119795473711963
-0.06093865578834801	-0.10359436467117193	-0.9927510704295843
 0.6908479531968831	-0.5986188361760194	-0.4054437008253371
 0.9540361587103809	-0.2926128296862313	 0.06475136891338584
-0.38684484955778575	 0.6048209993859887	-0.6960909574706082
-0.8856954212867726	-0.4105672309916586	-0.21674447985470913
 0.5796076987375723	 0.747171598048146	-0.32525300711033434
 0.6287857613636689	-0.7716060780499454	 0.09619005469742214
-0.10010497360857668	 0.4068479246832731	-0.9079943614581205
 0.5216743790900299	 0.6439456874247762	-0.5596336246581903
-0.3439654350554256	 0.5791049672541512	 0.7391381578491942
 0.4576949066799177	 0.8883715609714399	-0.03621245719954169
-0.5334731119738733	-0.06418460204402054	 0.8433781925455281
-0.1431910562971768	-0.1985506724585273	-0.9695741084944283
-0.9273113263528826	-0.2715584008689362	-0.2575844306924697
 0.029727810391825524	 0.2978208266388307	 0.9541587983713566
-0.00412091825183205	-0.8536009845209774	-0.5209111030277429
 0.37171397719367333	 0.722045203180443	 0.5835061642544783
-0.9309602539161098	 0.3335144044508921	-0.14859726663777928
-0.5831470689862845	-0.7130468582501864	-0.3892347285022806
-0.9030528032113061	-0.2153912452867913	-0.3716211055174441
-0.6919666622749273	-0.14890009756309236	-0.7064070351049727
-0.03469981080081327	-0.1507982167374494	 0.9879553739715135
-0.4472668552822932	-0.8247799263882896	-0.3459630517740526
 0.2905335923476769	-0.4222687520125659	-0.8586497148379564
 0.5044097102309055	-0.19769648176823984	-0.8405277778403484
-0.8996184809540885	-0.11598718585880147	-0.42099116551587423
 0.21076606137727621	 0.8955614990371817	 0.39185107989360746
 0.9132044639690203	 0.029149518638154757	 0.40645776232004494
-0.9041792415372658	-0.32590301883224504	 0.27612881321789695
-0.21036424337169454	 0.5099389445192778	 0.8340918162727766
-0.9365435245127234	-0.34434345915963693	 0.06567959216728747
-0.27812061575474867	 0.08386690271170284	-0.9568778739848389
-0.6919728415205897	 0.5462755148069516	 0.4719710250855671
-0.6753817125557708	 0.38436701113337585	-0.6293818738235393
-0.32836090809223156	-0.20390057099267253	-0.9222817742890224
 0.7600972023840625	-0.6485907156791401	 0.0397784673252044
-0.152698530396563	 0.8598412470189988	 0.48719214765792684
 0.20337144714152144	 0.8374472747239635	 0.5072692741976097
 0.09324029697486133	 0.8336868262243291	 0.5443092161630603
-0.31650677464987614	-0.9440862680044196	-0.09232865300771853
 0.09929953148859805	-0.9160474755561655	 0.3885828426131568
 0.18431291634999092	-0.23557167169043558	-0.9542194382653997
 0.4652617995399014	 0.8768680003730885	 0.12097093787597846
 0.4408037456571268	-0.8940945801479908	-0.07929022363844829
-0.07337662486817724	 0.8085068692670433	-0.5838942654890174
 0.30869626043550585	-0.4032655113895674	 0.8614427120342043
 0.2753795948711196	 0.8464901481740058	-0.45565393422307654
-0.7677520813235812	 0.6406402993229402	 0.011693951715419981
-0.0685465743136962	-0.9967010939217511	-0.043454533998672495
 0.45314828725550066	-0.15774100486576603	-0.8773678847218791
-0.046170744508756564	-0.5461999831897885	 0.836381396681551
 0.18766384190686236	-0.7739712647986312	-0.6047733159678617
 0.022021098170268923	-0.5428416659667423	 0.8395463042178359
 0.743151109522512	 0.39469282889749424	-0.54031842392459
-0.48143898306104466	 0.6234557996239102	 0.6160514357620295
 0.8430115063426912	 0.227060062850139	 0.4876221160205081
 0.03385216333198996	-0.9366415249632196	-0.3486498024555853
-0.4085804536230841	 0.13008312448943277	 0.903404889094708
-0.56870756150075	 0.6792146092600843	 0.4639388149956216
-0.45358880532547263	-0.38055287218348516	-0.8058763597204663
 0.11017961153916749	-0.9588814184433124	 0.261547086707574
 0.8888879887101108	-0.44990093219713606	-0.08641351014188658
 0.05895920529051375	-0.9748289753229775	-0.21501693185017934
 0.4993726980876581	 0.015085630639318321	-0.8662559276292814
 0.9608319695790023	 0.10079727134888991	 0.25815080151638825
-0.017178755071835545	 0.7309172516106247	-0.6822498528194438
 0.5264085709280973	 0.8424578973492017	 0.11471141027552711
 0.4994708614934462	-0.8568285786882407	-0.12795954541214938
 0.7308741308817794	 0.4493864697447409	-0.5136874590820402
 0.7623220844389974	-0.4335521904490629	 0.4805179889800191
-0.9087674450293285	 0.274554883976997	 0.31426318037473644
 0.4017141420835946	 0.8757137510830466	-0.26786409653796706
-0.5798559313354589	-0.5354923660975164	-0.6140154922690233
-0.8066452858603642	-0.35018094991554694	-0.47612675320285924
-0.2534638331577826	 0.7591646936253135	 0.5995206862433922
-0.8450841852889507	 0.470280561554734	 0.2543008320833311
-0.2745292241689046	-0.6837029227433267	-0.6761538423387479
-0.12676215491219714	 0.374212488246347	 0.9186383236739548
 0.2596187664634426	-0.9539369776133885	-0.15034074245471207
 0.583957169534712	-0.8020101572545895	-0.1255935181825727
-0.5067267330082073	 0.6043524211539139	 0.6148057978746064
-0.5294777837825115	 0.8050508244821581	 0.26748167503841724
 0.13351942581900947	-0.49326363831107745	-0.8595717224578066
 0.15797200997527863	-0.42445297940783716	 0.8915629603882054
 0.7715201304042706	 0.279318229304891	-0.5716100201701837
 0.11962883985543243	-0.7911831034493051	 0.5997651519479683
 0.15263539766843837	-0.28105159615058045	 0.9474768787045986
 0.8347445484002433	 0.4647864308259097	 0.29525431857330386
-0.2386004641668615	-0.9312689067769259	 0.2753326020831306
-0.0495583700343556	 0.02125336452725466	 0.9985450728213572
-0.8945670502023919	-0.4455639764162465	-0.03496477673793663
 0.36359747311248125	-0.7997396354900519	-0.47771685439437594
 0.810976387093456	-0.5192219459853494	 0.26967734495880813
 0.22606670089714678	 0.4176437226458064	 0.8800383898899142
 0.15176245148368675	 0.9883071645698565	-0.014734543751079299
-0.005087055413737568	 0.700293022655936	 0.713837379440605
-0.45097636131999613	 0.2325618253206996	 0.8617048908611815
 0.9261808348160214	-0.2785786000737996	-0.2541319043339887
-0.7259330352970357	 0.6528319444248786	-0.21640628595968514
 0.7415850619279141	-0.49111595420190524	-0.4570084413374924
 0.611756499532221	-0.7547092365869906	 0.2369977921634827
-0.4379404756811389	-0.5269187060465301	 0.7283988035262194
 0.2531703891010255	 0.79952864468916	-0.5446638416527669
 0.31285897590387785	 0.48431090381931197	-0.817044802711637
-0.5304028282274389	 0.8442455935719981	 0.07695594546621187
-0.41024411751557693	 0.5196015272044289	 0.7494758281430367
 0.44410909208052557	-0.28008862003604484	-0.8510684339450709
-0.053236115930605295	 0.8721237049532186	 0.48638067315559996
-0.4542863751399505	 0.16160959947491635	 0.8760743271662292
 0.11681635163421268	-0.7814934975424596	 0.6128799664613991
 0.763790956466779	 0.07499029383263912	 0.6410926849141687
 0.11382555259343581	 0.9920344889899377	-0.05395661434219079
 0.334943613780308	-0.7914474271233525	 0.5112961428444514
 0.05704091832985832	-0.5223665251801299	 0.8508111112387537
-0.07695681938284385	-0.710782893135525	 0.6991890493824751
 0.048835101050749265	 0.8687746400451326	-0.49279382881669
 0.5082573378585045	 0.4384383696821241	-0.7412464330460331
 0.13745382453594607	 0.9245954854638687	-0.3552881005328976
-0.9436080547570811	 0.06885181448891815	-0.32382598203223445
-0.31208676310076766	 0.5093411892364433	 0.8019809257360744
-0.15259020236369394	 0.26097722718713207	 0.9532088527874272
 0.9319006066967028	 0.04997288747902142	-0.35925474214730446
-0.673309121596085	-0.1819156741375433	-0.7166320633899876
-0.18056445099586219	-0.44723630774893564	 0.8760000936459209
-0.7763660356414408	-0.401917635330008	 0.4855079743043649
-0.05633194228010557	 0.18963329474698334	 0.9802376884217188
 0.9462316945208796	 0.32320411533347554	-0.01358970623854816
-0.08057653181518798	-0.19388453537840958	 0.9777096754465173
 0.18385473123807108	-0.924699355413944	 0.3333594754891678
 0.5913596582723204	-0.718871480610557	 0.3654005322010767
 0.14194515085473539	 0.19886139748700596	 0.9696936210671603
-0.8221491510252769	-0.3051183168996896	 0.48059711418267703
 0.5830298917965469	 0.44575444430059025	-0.6792489386506089
 0.8705711300343313	-0.10530246589025694	 0.4806425888622219
 0.5443195383544891	-0.8310145623079973	 0.11459073870781844
-0.4652211531554417	 0.7244499276793063	 0.5086664731847077
 0.4383137622320309	-0.565439908752609	-0.6986835874899626
 0.7843033123923816	 0.19240936963418712	 0.5897855107132703
 0.24951984077703565	-0.9663044271644806	-0.06321078310642658
-0.7700531367299027	 0.5426566816990034	 0.33547264034472923
 0.2132331900608864	 0.9762212075295187	-0.039035376596959326
 0.9265596911009027	 0.06491145946611623	-0.3705045765668469
-0.41928492612405005	 0.9049986231673787	-0.07195583916749815
 0.34643120456619614	-0.9294349440717217	 0.12702797031051882
 0.4771830153265859	 0.763542757748107	 0.435084850315709
-0.7633706674014653	 0.5218133148962988	-0.38075725672398897
 0.3952952898800885	 0.884536525896868	 0.24766260951729469
 0.14318056311119584	 0.984743305658161	 0.09889362117244249
-0.07267208804796846	 0.34539676972386296	 0.9356387332101366
-0.5638170184575136	 0.7725971160330676	-0.2918973552382178
 0.8820308789858156	-0.42228791638021634	 0.2090321606709482
 0.039587449300684203	 0.7521799791705271	 0.6577675218440715
-0.9606717654384317	 0.264849718701839	 0.08345289445527815
 0.7163462086199727	-0.61937088819864	-0.3212908530410077
 0.7454775765354381	-0.4480250085729375	-0.493494452426843
 0.43289496429892543	 0.6746397254607014	 0.5978822548921665
-0.9540741226268904	-0.264300472992645	 0.14102421249414365
-0.4655686995540483	-0.8549582784885802	 0.2286747210327278
-0.23085630687346886	 0.7432216266548257	 0.6279545996720604
-0.009204960793736321	-0.38582772219744166	 0.9225249251270773
-0.5044095803684986	-0.195031113137355	 0.8411503076982612
-0.678802557140598	-0.7187931677367353	-0.1502114191210997
-0.711229642884809	-0.3634777293695273	-0.6016945531865148
-0.9297785898535742	 0.07208955761802012	 0.3609915089476996
 0.11431883044405802	 0.016775583957274957	-0.9933024638994887
-0.2443140442015793	 0.741150379191253	 0.625305336000366
-0.4217792838289714	 0.10470791353831516	-0.9006322715599151
-0.03207101724766287	 0.5278828133134063	-0.8487114852887427
-0.7790823920137572	 0.5246502255301546	-0.34318037138694324
 0.6557905961275026	-0.7176439465687876	-0.23436266764122227
 0.2880677177360584	 0.9511235259089511	 0.11127006992387245
-0.9530166625749273	-0.2578991838776198	 0.1588938381744387
 0.4287850657877929	-0.4292043420815458	 0.7949383624506403
 0.5952995422384192	 0.7774996806007164	 0.20276267328212216
-0.6084294164231836	-0.632609764463862	-0.47918527850500725
-0.4097801973231693	-0.13665559096937244	 0.9018899263982252
 0.19904676622529552	-0.7944393591555253	 0.5738000431159018
 0.9910783440163224	 0.11709363694399352	 0.06366157560956465
-0.9336007055446873	 0.01647324700112512	-0.35793624395931456
 0.7321256953903303	-0.3980255950544922	 0.5527816855058989
-0.7381920053437172	-0.6737869720659732	 0.032919287975121
 0.6557698105145248	 0.37207518482742835	-0.6569063955034835
 0.44405312614662407	-0.052368613415278605	 0.8944687526618085
 0.31954100441649946	-0.8126632310563334	 0.4873110088901902
 0.03415108399884396	 0.44217846620889345	-0.8962766913642541
-0.8029606187969668	 0.002211689093427926	 0.5960279801255526
-0.0808482320629959	 0.15965060579862572	 0.9838573308363463
-0.7632763547307938	-0.33992386344409153	-0.5494187595724356
 0.2701839505708879	-0.9596676625223577	 0.07770849607849906
-0.10396409604466583	 0.21957593802615183	 0.9700401404960266
 0.5536624542211006	 0.04380002484034282	 0.8315885067807594
-0.19900868842183872	 0.3617075813240669	 0.9108035834060564
-0.5885006013869009	-0.2554592168200098	-0.7670773303318013
 0.08693267705243898	-0.7937392677367737	-0.6020138574096003
 0.978012830006753	 0.06787646530522867	 0.19718947689937738
 0.2698699436496007	 0.6906219833785917	 0.670978009765433
-0.9631360819944029	-0.194433383518285	-0.18591542952133477
 0.016500892786706516	 0.6846004678052777	-0.7287317201947754
 0.7004850740849112	-0.5620575170272158	 0.4397863214533364
 0.21871935024644534	-0.6887918176432719	-0.6911784702777211
-0.884398722157039	-0.4626420768735369	 0.061653945154686696
 0.7076959720778792	 0.3946834391525447	-0.5859960699215183
 0.8031605775793489	-0.47190898047307545	 0.3636413078450649
-0.8265109084690173	-0.22669698164715146	 0.5152554674079557
-0.8657673757676185	-0.12273039368712294	 0.4851639944615169
 0.09133287777537524	 0.7289844995999343	 0.6784098354094683
-0.6479422738018854	 0.64390244373047	-0.40689120508849963
-0.1931927536841922	-0.3866465774180692	 0.9017654817605363
-0.3527290826042766	 0.14847569121790763	-0.9238707503771888
-0.9959577075557245	 0.0879426964803075	-0.018284608175134887
 0.22903300304345411	-0.8770331338576878	 0.4223230583719768
 0.744123686604447	 0.14071224586259795	-0.6530543644280393
 0.769174345340015	-0.5384472352126498	-0.3441589768734976
 0.846259257760583	-0.522338851641879	 0.10491612230706182
-0.04967885072755096	-0.908431975773899	-0.41507030390274835
 0.4020747879411732	 0.7959544895444246	 0.4525398496001596
 0.10830074343124235	 0.3035615777289069	-0.9466368456271799
-0.987497138973612	-0.13935757870902055	 0.0736808372325537
-0.8958446265087862	 0.4303253331163692	-0.11082649878805806
 0.23197534159889038	 0.522136949052367	-0.8207072848003509
-0.6858059670694454	-0.22857136762930982	-0.690959698847921
-0.7989679814211543	 0.22355924334166444	-0.5582754063903481
-0.12035265990696825	 0.9791486550174905	 0.16365557928392493
-0.5295091699869056	 0.8157003832103215	 0.23292257024666618
 0.9071396929235327	-0.12712739326358236	-0.401168547377041
 0.5398350866492208	 0.7876503165144012	 0.2969596910646155
 0.7447132015876882	 0.484412517172992	 0.45907162903749654
-0.948916579840359	 0.16239287598763325	 0.2705288863181541
-0.09997841456075687	 0.3660259296693479	-0.9252185338781358
-0.15015981382738	 0.7087804969430425	-0.6892620963497849
 0.004301748747047522	-0.9988014583137376	-0.04875594146428286
-0.13066580446956105	-0.854791475964374	-0.5022529045819142
-0.4560347868939426	 0.8316128222708642	 0.3169422454916422
-0.6744397154150397	 0.34926565864682735	 0.6504956340828725
 0.11965683580982546	 0.8522663591593508	-0.5092389367372105
 0.941783131581968	-0.19620178148789683	-0.2730373491093063
-0.9099447719765789	-0.07471963580841136	-0.40794299598982
 0.04147045628642692	-0.3804172063506134	-0.9238847062094873
-0.6414502262876484	-0.1334647444100776	-0.7554659285467991
 0.4779791345140645	 0.7440046733328372	 0.4668971974943563
 0.11388070461219289	 0.7807960692135663	 0.6143196915431526
-0.12874219744445403	 0.24985841540164122	-0.959685479128529
 0.9124909991528966	-0.164453043540598	 0.3745869364182133
-0.25831399667522903	 0.38479169170724226	-0.886120326544171
-0.03248105417153452	-0.07730718005858811	-0.9964780885856421
-0.8535471254141032	 0.5085302691218463	 0.11337667345703784
-0.7887783665704016	-0.5814401833422497	 0.19938907097797598
 0.7057910028154809	 0.6838685457636372	-0.1848861067247778
 0.024876227619773497	 0.5027054348091891	-0.8640997738182283
-0.7410275304260153	 0.5006523142954323	-0.44746559570691957
 0.5646417325453328	-0.26080692095828156	 0.7830449947790137
-0.018689257638672244	-0.9970640481004687	 0.07425628346760837
-0.33360009174896765	 0.8454695316378334	-0.41700389669304405
 0.7470772424818449	 0.037460303960125646	-0.663680886716604
 0.2653032438459095	 0.7528558764459421	-0.6023472570748953
 0.15960288542212714	 0.7253566998043602	 0.669615245505849
-0.692370626214555	 0.7021496645213758	-0.16615885341378722
-0.7488476691282473	-0.41613188155506436	-0.5158114244514491
 0.052814576309546994	-0.9792093355958871	-0.1958563187928961
 0.29512660398081675	-0.018172307621064997	 0.9552853264122063
-0.014818466578423587	-0.863447915359141	-0.5042202995816591
 0.1380720053419225	 0.9902539594745012	-0.018254234739720987
-0.9532835722492636	 0.22362379857250164	-0.203083302099627
 0.17257851792364143	 0.9781972416729491	 0.11552840142022847
 0.921497575219474	 0.20357156053002715	-0.3307579758796442
-0.39585907114608526	-0.9087950198025735	 0.13186056185758788
 0.28789306989025626	 0.012708833411662747	 0.9575782296306024
-0.637849693463279	-0.5315830489668598	-0.5572855915954569
-0.7201519609722908	 0.05311834278303078	 0.6917800190579
 0.028626666780074087	 0.7576718717729214	 0.652007552619738
-0.22140762774874823	-0.2705549163888648	-0.9368984467873165
-0.09389791179852866	 0.6047433224065188	-0.7908657889709232
-0.10140970704703406	-0.30580493135340064	 0.9466780948540938
 0.1081465443023943	 0.9348641726672575	 0.3381320801382419
 0.1372093511269889	-0.9860986830627156	 0.09371756092263972
-0.10871253938211276	 0.9731258025114922	 0.20299693659623808
-0.3816127440691707	 0.9217770107748897	-0.06854820180651289
 0.17302038852773396	-0.9067048577209262	-0.38464301129617184
-0.13372660191419378	 0.6870998411975402	-0.7141505472705301
-0.6546067498516516	-0.5679475382163981	 0.49892444005339165
-0.160626873676483	-0.6767745566184744	-0.7184533436255873
 0.8156986200567501	-0.5412538296922473	-0.20415693248329636
-0.4164785244504977	-0.3828661994680545	-0.8245963327449524
 0.8447433298618012	-0.04524799115329574	 0.5332554040519302
 0.6652238813771499	-0.7445820604435904	-0.05545036439102202
 0.446133239087133	 0.6297738495780951	-0.6358852344324486
 0.3839345143820291	 0.01292180006321566	-0.923269904063466
-0.9483846851633184	 0.31240895841161787	 0.054471383788568195
 0.07202013354296799	-0.9770991521404837	 0.20022574072980914
-0.07578299591182301	 0.4499445801870415	-0.8898352725594416
-0.08697982674220872	 0.3225040146067949	 0.9425633508164826
 0.03319121997433083	-0.191441691396688	-0.9809426189700348
 0.5733386539942705	 0.7706022787633653	-0.2783072327496119
 0.15702454340415545	-0.8887547074529938	 0.43064876958939524
-0.09817713414383568	 0.2972410232813639	-0.9497415566405163
-0.06798720545845825	 0.03984724102166623	-0.996890133002083
-0.7790533844647202	 0.0019103409359158662	-0.6269546831722157
 0.1525025660680624	 0.9116955894800165	-0.38151555599390896
-0.17254309810908205	-0.8235483323432495	-0.5403674893899264
 0.9634943017200689	 0.1779810163120212	 0.20000372092912921
-0.2880934530227827	 0.1891149178794813	 0.9387426218942265
-0.4462739657304211	-0.7144906400988464	-0.5388345504163439
 0.5216629555547903	-0.7939473924684759	-0.31227439663595336
 0.6365769886930046	 0.6431652909550716	-0.42556802743771116
 0.45124769507696977	-0.7252924323359338	-0.5199292310343273
-0.7966858749368467	-0.603551367314056	-0.031896139099339305
 0.1601031739040649	-0.8763920480845093	-0.45420694816359175
-0.5680499654781233	 0.7862615768756137	 0.24312953224439093
 0.8292946717614664	-0.27580311294868054	-0.4860071915886217
-0.4746918708119236	 0.6892858250791664	 0.5473140589551933
 0.512112719966439	-0.629975827761723	 0.5838416039342413
-0.3401307101132476	 0.6770759563682031	 0.6525942455660647
-0.563698788304448	 0.42257598576739097	 0.7096993816517068
-0.6404062522826837	-0.6211301958747271	 0.4517489477684158
-0.7659713534946685	 0.6368202175036503	 0.08802213473978604
 0.33765173295237827	 0.7046052257127903	 0.6241176036072718
-0.4187335410034317	 0.5762802474953368	-0.7018285388792911
 0.32690418287069595	-0.47741531410324317	 0.8156030119373912
 0.9827676268469188	 0.16841228485622153	 0.07619116701548978
 0.6522504879436432	 0.7401462790199401	-0.16356279109325733
-0.7570960397839942	-0.6439881505313495	-0.10993110805683948
-0.9323473349022697	 0.34720181338742184	 0.10089275435392131
-0.5360974455963892	 0.8102174541528662	 0.23695401623748613
 0.108601209250339	-0.5672923106775807	 0.816324207405033
-0.3748712186771216	-0.23324437964710926	 0.8972561667498111
 0.6633598122558242	 0.18382178304884567	-0.7253711543483521
-0.8094693859791603	 0.527685692334141	 0.25750169566113446
 0.10300230591304586	-0.06457904585148042	-0.99258252644982
 0.6649564393641919	 0.015500455328659775	-0.7467212797508183
-0.8857379612235879	-0.031592044300195646	-0.4631092816867486
-0.8165810957075688	 0.2618034546827002	-0.5144455901737612
 0.14067404400205719	 0.06944362688665899	 0.987617535298424
-0.6832130803769446	-0.37243562582177575	 0.6281015773110181
 0.9146649144997554	 0.3962409983431333	-0.07988219711044664
 0.7918174691064238	-0.485375035663869	 0.3707238465113829
 0.40826708549052915	 0.8179286932660174	 0.40535248813497415
 0.7620496261580841	 0.6254586367347056	-0.1675764333260732
 0.7223395966940149	 0.3767074427088264	 0.5799284521867367
-0.7575475434515576	 0.16868988975011195	 0.63060719985313
 0.3795970472634144	-0.8768682359190072	-0.2949714876817513
-0.5733479061054129	-0.5504271172349054	 0.6068790383404343
 0.6898474471664809	 0.7173211209068856	 0.09777990150730576
 0.30450493207773566	-0.8582805316892744	-0.4130753869011201
 0.46497926788383653	 0.8595695487166743	 0.21197752559463523
-0.7833754502364705	-0.3805389728681526	 0.49143971562670696
-0.916793554191221	-0.10893111969825678	-0.38421815437940054
-0.18844348623569473	 0.7640569556035725	 0.6170137932730013
-0.6389727089598641	-0.6835613108831767	-0.3527857869418294
-0.010002569359037542	 0.2415798897459895	 0.9703293798893926
-0.3008474209034667	 0.37692372750862246	-0.8760247330850528
-0.0695145329099234	-0.9836737797488534	 0.16599284547509696
-0.7649399872572934	 0.04793439697698204	 0.6423154283381842
 0.7015135186043672	-0.5813260884406802	-0.4122362940275621
 0.20791398462441793	-0.9373313494586797	-0.2796099360172448
 0.9410533200451195	-0.21034251017976602	 0.264905034386538
-0.7144107889862334	 0.6198106002424184	 0.32473380545794805
 0.6229790555471824	 0.13686385204952134	-0.7701723069233972
 0.8715192859403108	 0.4620548895289044	 0.16419321939873965
 0.5146388074091965	-0.8574070638628173	 1.5731046566935802E-4
-0.3842545738181218	 0.8026727513406915	-0.456141290342168
-0.44970631291325186	 0.8520830646083183	 0.26780344122819755
-0.5720671283993721	-0.6153977603602215	 0.5422405344019567
 0.9610902715620122	-0.24859803406132935	-0.1204346601676598
-0.5111749211460375	 0.2926007706429229	 0.8081367390550376
-0.34037994325946547	-0.9086823225737989	-0.2417393862583621
 0.8176939610322991	 0.4415446715648992	 0.369343862956939
-0.2163813587866964	 0.8613193278589654	-0.4596826329395127
 0.16441620099965823	-0.8481688889847907	 0.5035641454741844
-0.9142893469300548	 0.08873875275218958	 0.39522199312563533
 0.3135531599664759	 0.11511742572631982	 0.9425669176080724
 0.1697798783662664	 0.9516962030925653	-0.2558302756147728
 0.6922976557081555	 0.48299280181739224	-0.536136092138533
 0.028383019748129318	 0.9117711659105967	 0.40971666454271594
-0.5738526868492821	 0.7732190199145748	 0.2698618925269072
 0.9932072814260235	 0.049751452587908924	 0.1051859738164771
 0.5039291050047067	-0.7293841927264312	 0.46265987132013886
 0.9774454788649103	 0.1790217494064545	 0.11203369620787695
-0.7729262876848236	 0.18593523938500142	-0.6066407837926822
-0.8492589209741594	-0.1827691871832942	 0.4953329277992373
-0.04489512502211162	 0.9522377177211931	-0.3020393297211179
-0.678259453513234	 0.09981500013586266	-0.728011730309208
 0.24105387436341794	-0.7837588914423532	-0.572376650239542
 0.241520084470077	-0.7829802030916103	 0.5732451921858461
-0.7551090351045157	 0.6355900110839574	-0.16073482172143705
 0.8624759267379307	 0.505052655476352	 0.032512935792279096
 0.48401266584117847	 0.11985959070539787	-0.8668133696599576
-0.5706266560578417	-0.7272309200594355	 0.38147137285221366
 0.6806432447690185	-0.1897962313553101	 0.7076031118597654
-0.5134206945491917	 0.6571301398219654	 0.5518869175349148
-0.6403767478665277	 0.4022133464013898	-0.6543256412280396
-0.754055531403753	-0.37028301350418336	-0.542485709922081
 0.29871231055722636	-0.9410347505571697	 0.1588223969261533
 0.0767728562041903	-0.35923293134266576	-0.9300847432299952
 0.26159616150947657	-0.29444689750009456	-0.9191672714125958
-0.34945919269355386	-0.8453877987682025	 0.40397740324902176
 0.8100348690590331	 0.5348214160690676	 0.24043619490915336
 0.4683229228632737	-0.654663940177535	 0.5933706812373063
-0.7052254908452549	 0.3137672143230264	 0.6357728700393226
 0.6064008956541126	 0.4761040511875154	-0.636869599048915
-0.21298163189405678	-0.95793708812934	 0.19234177825429866
-0.4397857380432969	 0.06125935889558876	 0.8960110465621582
 0.025090368813425436	 0.8695218339196138	-0.4932567827510108
-0.7192020231339125	 0.605249401056356	 0.3412061143077736
-0.6256837660938828	 0.6911404702942687	 0.3617245846883961
-0.13651844201771102	-0.19369870897399702	-0.9715160961769309
 0.8260064236675869	-0.09105484958527409	-0.5562574965129783
 0.21614391925799786	-0.5178087858096807	 0.8277414255104647
-0.5218126996784094	 0.7547663272812118	-0.39754156720619904
 0.7721999648495795	 0.6344994299173132	 0.03343183693596208
 0.013136666827918923	-0.8430251463544794	-0.5377137069097835
-0.7172706995121263	-0.2369343511515266	 0.655274642318616
 0.5304270778775294	 0.3531197965723595	-0.770683803075555
-0.47397349832963875	 0.8784160174603824	 0.0611099267730304
-0.5794851120088352	-0.804116823449639	 0.1326391315011135
 0.7564362883306014	 0.36206805407181675	 0.5447117273542688
 0.3369268805006644	-0.2676127711381393	-0.9026980015042998
 0.04464674826618481	 0.8128003923208974	 0.5808288819542733
-0.2551476451234299	-0.012191825586155966	 0.9668252368328234
-0.33919991108672265	 0.6074136053211003	-0.7183259235121493
-0.6171984347412043	 0.7770415673051193	-0.1235819357066843
-0.29163720703111706	 0.3664865348145861	 0.8835357147703122
-0.5559696727397353	-0.2971571051621116	-0.7762701706528117
-0.22023938631153664	-0.11073374266980689	 0.969140160632844
-0.9061203990705421	-0.41285454784551934	 0.0921788734554363
 0.002270882871297049	 0.8210551124321488	 0.5708444143897848
 0.1389735966859873	 0.270614748427879	 0.9526037987313909
 0.2931836241084034	-0.9072068692737182	 0.3016936507406829
 0.06563846593062984	 0.007484122925984612	-0.9978154036164717
-0.8202570645145654	-0.5255276589927608	 0.22582964319932963
-0.9144253592790074	 0.005617720778975139	-0.4047155834913052
 0.16520900469645436	 0.9373616508819486	 0.3066905936331843
-0.1156418953641952	-0.462459334010871	 0.8790667303582806
 0.1256006140758391	 0.24678868642465482	 0.9608953272841769
 0.43064486990876905	 0.9019340870069985	-0.03255608570008395
-0.18872433010515155	 0.8438218698347082	-0.5023422928790873
 0.5817631573724887	 0.2616662709310188	 0.7701184268546284
-0.694358879397499	-0.7186232518362401	 0.03803115199619023
-0.05574493926634444	 0.9965908704338233	-0.060820545164820494
 0.951645244356553	 0.28495673003295957	-0.11476493760064321
-0.9523212806806013	-0.026754207953232988	 0.30392168517507034
-0.09211059757492811	-0.9620733766091097	 0.25676926575105474
-0.4479825134063543	-0.6290958522209245	 0.6352559141012026
 0.9777514007195648	 0.017626256235110483	-0.20902515035771008
 0.35559226079995404	-0.7044211977192363	 0.6142840713081972
-0.6085902917268671	-0.383152704351005	-0.6948466463647345
-0.30146026325775976	 0.826557663738855	 0.475314778006247
-0.48896138909029346	-0.8675782075957984	-0.09069075853554454
 0.21931336793277137	-0.974463035084443	-0.04820207360685291
 0.9722573961007697	-0.03701376170030458	-0.23096652825061947
-0.4088558143115739	-0.26139861607339476	 0.8743613021048757
-0.8857707036279351	 0.15633647894828806	-0.4370001898678353
-0.995586494227029	 0.07722088661699393	 0.05333354650517075
 0.03678571431058593	-0.09287594449581994	 0.9949979246996796
-0.5707154267690716	-0.8176086621252819	-0.0761575817992084
 0.23029888974645854	-0.7681789082496162	 0.5973806042231169
-0.9463719491018744	 0.28055239594815523	-0.16022012071169067
 0.2780229953417446	 0.8188053523244977	 0.5022559198914032
 0.002850655916252618	-0.4865860070579485	 0.8736280281082156
 0.11170875454251916	 0.5001418391480104	 0.8587079217593168
-0.8579800871019332	-0.16143871924602995	-0.48765531891363656
 0.4681312172292714	-0.1978827657772695	-0.8612174954468697
 0.27487807437903217	-0.6196054966244817	 0.7352081832912394
-0.029530029965334537	 0.9540867868924559	-0.2980710995844378
 0.7821320926978806	-0.08175022595326051	 0.6177267115226803
-0.06728427937028755	 0.7328649683444716	 0.6770389678025024
 0.011781181829452437	-0.5629333876751594	 0.8264182989232935
 0.044851475459062706	 0.8798224095183044	 0.47318164890298764
-0.9203180026418324	 0.36023180045580794	 0.15247237111593415
 0.2728689256915114	-0.11276780518343316	-0.9554192647765021
 0.15838268061983368	 0.8926565292524945	-0.4219943687569374
 0.7688658663966984	 0.25199233805764426	-0.5876607363524438
-0.6842054967021214	-0.09427338754519717	-0.7231703579955118
-0.42944619729736727	 0.18052379748574865	 0.8848655955387548
 0.7852483462712666	-0.45277657999831716	 0.42234867501066975
 0.17121165863391327	-0.35015841236627854	 0.9209102313455702
-0.4099900348937255	 0.8642247065503819	-0.29158845634858044
-0.9224487893448202	-0.14848961279581405	-0.35642540022846925
-0.8486373019950829	-0.5221593281933847	 0.08464257583001311
 0.9184619893573795	-0.16512065694093708	-0.3593921851641715
 0.6340690091790815	 0.44269280771051467	-0.6340185877401696
-0.8232097274982773	-0.5539762583582603	-0.12424190004822999
-0.16765816571948403	 0.3952646509040307	-0.9031370855043506
 0.9263564522842983	 0.24285109268802413	 0.28790114638792486
 0.3059526180246782	-0.6800012130111176	-0.6663267560493529
-0.24529226740087923	 0.02528301219988577	 0.9691194316736385
 0.08956036186171946	-0.5111374797801846	 0.8548201087639196
 0.10905874785453122	 0.7156813261144169	 0.6898597168754756
-0.6036974326822678	 0.3506461263641524	 0.7159585908686714
-0.14068382881996275	-0.9898264810113956	-0.021250830505007867
-0.9528066123019019	-0.3011117077166308	 0.03861734104968062
-0.6510592355677948	-0.758291915239914	-0.03339525510700336
 0.764186673012448	-0.45847508702661444	 0.45367314596094865
-0.818359540654491	 0.5260718511633343	-0.23137862829862432
-0.6648097944733011	-0.6912592445460739	-0.2831759064644419
-0.7355561256416231	-0.6045801856927046	 0.30567954641889195
 0.08364458317728	-0.9407635554598401	-0.32858410859878684
 0.4848669328872346	 0.2261838490452828	-0.8448342581971844
 0.013958800574509609	-0.29731201086312764	 0.9546783333055404
-0.4618254560246174	-0.5090523089460651	-0.7263490861316853
 0.7192924951860358	 0.2999176142254272	 0.6266320539570047
-0.6243383976998492	 0.740665142304534	 0.2482271381871639
 0.008787280643035652	 0.6575371433908211	-0.7533708839345594
-0.22276950558471595	-0.9686163494988044	 0.11025477252777427
-0.5566942153265151	 0.0062856486084285155	 0.83069371084869
-0.5586637148181843	 0.4680238014617782	 0.6847251821065241
-0.3937759078533313	 0.7018969525096617	 0.5935328149748205
 0.04999349613239185	 0.9975170807247402	-0.049601653267331125
 0.4012983507749524	 0.702535495278162	-0.5877103976786278
 0.2767630696481756	-0.1424121208281909	 0.9503267812285077
-0.20603259221587814	 0.8128512121801843	 0.5448150858796135
-0.4488574798353094	-0.7891061790386075	 0.41933089678556246
-0.44260684667405725	-0.5521489748252549	-0.706562586666367
 0.8046319561921108	-0.2945661505043746	-0.5155562026117921
 0.6501614234219192	-0.7593541636535698	 0.025910955906168764
-0.8102805974015957	-0.3709426595629028	-0.45370353402956165
 0.5611376583439496	-0.34679556257095523	-0.7515699343170692
 0.29042331212628836	 0.576332816238431	 0.7638683032436124
-0.33021208958159654	-0.9040787452190472	 0.2712961450837603
 0.762161516297525	-0.4730366394230608	 0.44197981949224174
 0.8021009120910636	 0.4284313860663257	 0.41602965550062754
-0.8248507291740833	-0.5621193511418884	 0.060358178010981645
 0.3668424637903444	-0.8747597031640258	-0.3165786923982963
-0.6257637127130112	-0.3729785563513039	 0.6850596852491944
 0.8733311165092211	-0.3534401157332942	 0.3352205923376317
 0.3279255810416383	 0.15126529875984365	-0.9325146769298589
-0.8405814557318346	 0.5381093915341134	-0.062137742335361956
-0.5036197548182587	-0.035876799126439485	 0.8631801653428084
 0.4921891104742947	-0.8672655949478173	 0.07483493402369623
-0.36932392982536233	-0.19809823548663902	-0.9079410355058477
-0.44279331932121946	 0.2998447196446719	-0.8450013138840109
 0.5105017483151827	-0.3479200324004264	-0.7863457356796868
-0.5954115700234399	 0.6061139377603497	 0.5273622632829023
-0.01742468332972944	-0.10266756721662072	-0.9945630955614024
-0.7840469707006146	-0.41835108291177603	 0.45853322579910594
-0.9813757550321188	-0.022384230921779436	-0.19078934362584077
 0.8763064387017986	-0.20222160992081303	 0.43725672775933977
-0.8692917653018607	 0.34908101473044434	-0.349963243688731
 0.06018979085737618	 0.6686198960671251	 0.7411643702038921
 0.4476058672867466	-0.8630453745741242	 0.2340975629875055
 0.20871155060061483	 0.6080834029969758	-0.7659465148726148
 0.3108891400292317	 0.31604853065437627	 0.8963600107563336
-0.08557441732738878	-0.2746633565726337	 0.957724939455652
 0.10533454764202607	-0.5850263509019298	-0.8041447642206108
-0.9257156493884954	-0.29181964007308586	 0.2406072196440725
-0.6989140692153707	-0.7137350450518611	 0.04584113128653988
 0.7403497897924379	 0.6302162035066573	-0.23390110216061077
 0.08525428197015866	 0.16895289086145082	-0.9819300525369978
 0.9250963919381249	-0.19344487468771085	 0.32676558276556467
-0.02324745402813933	-0.6317364505851889	 0.7748345713010207
-0.09173703896699262	 0.5406529508731263	 0.8362288576662189
 0.8878458142384826	-0.025720119533744975	 0.4594216860253504
-0.046860051384808324	 0.8141297207275883	 0.5787891960051019
 0.019563973581108555	 0.9488728695173674	 0.3150516282001965
-0.5793150591318462	-0.4950782768908554	 0.6475272673902213
-0.8799946153032185	 0.43281200224831723	-0.19566105321995741
-0.24336006749547842	 0.21779003264382188	-0.9451684396072475
-0.34349210109695655	-0.09596840078387223	-0.9342393925193822
-0.8049348197048386	 0.585708424786993	 0.09500303763711027
 0.7219879828723059	 0.17049031642887316	 0.6705716998143909
 0.5717195495625396	 0.16730785780122556	-0.8032090869543071
-0.7371197398330976	 0.10884623485612027	-0.6669385176356457
 0.6406979225958014	-0.7166310099163475	-0.2755833224411457
-0.6564973118085421	-0.545496493285297	-0.5210036999883989
 0.26443505852112753	 0.9639001877861657	-0.03115329534290745
 0.8136980022800295	-0.42963383763675367	 0.3915486261538976
 0.23708792127273842	-0.32141937220609895	 0.9167763657278742
-0.9989569397334475	 0.03355965505682997	 0.030964206930780502
-0.8091479491687624	 0.5093472619901793	 0.2929931109413555
 0.5764957991913827	 0.6908487647724478	-0.4363262285573395
 0.9213881092774326	 0.3552936645574463	-0.15751305979981023
-0.5077330560901628	-0.00608961949824375	-0.8614929252685191
 0.5193539193761539	 0.06758967313704417	 0.8518821177333487
 0.821698067939672	 0.29459624612435675	-0.48787840381968905
 0.5283582681967304	 0.6901252158809428	-0.49453485906802785
-0.34263640517573873	-0.9063379111066586	-0.2472890712083038
 0.1279323386273065	-0.5439794325576418	 0.8292886672851705
 0.8292165858155534	-0.3440210612734765	 0.4405103440427567
 0.5163301923675564	 0.8011971163078663	-0.3024670449315785
-0.6698183085294468	-0.5143019627527112	 0.5355715868746769
-0.5014733218889179	 0.7949272889924239	-0.3414895498384236
 0.5924290033295128	 0.7005986551051698	 0.3977303112396984
 0.5346669356844654	 0.21748269888737828	-0.8165981530535358
-0.027938790155425726	-0.733277062122379	-0.6793557051867776
-0.9364249662972193	-0.036013646702304336	 0.3490147557718062
 0.4542915137539172	-0.6408948061821131	-0.6187673778892726
-0.23832218424561885	 0.2570165365248329	 0.9365602150685115
-0.7632380704192032	 0.5011657261993249	 0.40779966006100943
-0.7570538094600707	-0.3701930869157818	-0.5383554661947432
 0.7671789155262161	 0.3028816328339019	-0.5654195151070471
 0.6408893854730566	 0.7245247337496725	-0.253623157012395
 0.6063392742171638	 0.783246060457177	 0.13739830173664935
 0.4948047886221906	-0.5185915431319122	-0.6973026835948728
 0.3609087416153533	 0.7416469732849542	-0.5654243072621554
 0.2864605975332243	-0.9579459017857375	 0.01673246284378016
-0.8792039704797004	 0.3611124069120149	-0.3108025222982296
-0.4159346407696668	 0.8131398400600477	 0.40718788674876905
 0.950153082482522	-0.2029024790868356	-0.23672706611069638
-0.6628381512522963	-0.7448452945792006	 0.07649230280009922
-0.6832593140173594	 0.47877315232870843	 0.5513011685256606
 0.20808523051616323	-0.42363542798972953	 0.8816085077816536
 0.14102436285834524	-0.816268708751611	 0.5601941843623295
 0.5706118035822871	-0.8017263370898277	-0.17786806916672115
-0.6710046219111606	-0.4293862733007577	 0.6044668937789293
-0.8875082559457828	-0.32813999993958387	-0.3235015240578083
 0.011196155028659907	 0.968195514225603	-0.2499441784598999
-0.15961962119562056	-0.0037987070366319476	-0.9871712852155985
 0.22293325509306994	 0.6427525864082203	-0.732918737950635
-0.21971398941898063	-0.7355399980590537	-0.6408640059395465
 0.7666992326088966	-0.4492058884893639	-0.45867892524445697
 0.5952720449287321	-0.8026093979420459	 0.038332060490822606
 0.011748388656344982	 0.7631477435546962	 0.646117247000384
 0.786535427025437	 0.4157159114847653	 0.4566643219831217
-0.7301142507311004	 0.34319437273501874	 0.5908898403276037
 0.153721960639129	-0.8401728438279524	-0.5200761014614237
-0.8687065419535702	-0.4753112137542434	 0.1393850567547965
-0.7102863878451832	-0.7013480440334482	-0.060034726386470894
-0.36106512569355126	 0.8055784112219838	-0.46976100134106935
-0.5387780482687952	 0.4451771630860289	-0.715217105619226
-0.37617881699478906	-0.8184100843502629	 0.43438972303473844
 0.3234798253132985	-0.227045221860222	 0.9185920040179538
-0.9872299859142092	 0.151794653638103	 0.04832533537099004
 0.48017872839989933	-0.07375469389171727	 0.8740644335065892
-0.19530997764418698	-0.7336164152918192	-0.650892439537446
 0.4098350133904263	-0.22907911482801235	-0.8829258298118157
 0.5968268382646579	-0.7697185260700554	 0.22656371234501194
 0.6848658943929802	-0.7286519193217615	 0.005008709016906199
 0.03457864439310245	 0.8872484582858811	 0.45999401150587005
 0.9228126566974555	-0.3274833825177894	 0.20290745381501196
 0.7343152037472681	-0.0013203182072303568	-0.6788073646517396
 0.6773186499727528	-0.2020866522562823	 0.7073898722620617
-0.7499794097989293	-0.6603993487200297	-0.03746445098770845
 0.2172358805579284	 0.8154343627790991	 0.5365401869359518
-0.7958744655824693	 0.5190878302840618	-0.31165952493835936
 0.15677778608574552	-0.43762998929913777	-0.8853816794219818
 0.5069260337556664	-0.8116202472734497	-0.2903421611074306
-0.8369509594980866	-0.35831635564970143	 0.41366953074785306
 0.7730048042991933	-0.6326490139234703	 0.04710411565910766
-0.0017995088167880313	-0.8602857474357938	 0.5098089784682651
-0.4866239254272558	-0.023214723013961682	 0.873303058415092
-0.733434066867739	-0.2556870844703552	-0.6298401260581119
-0.44781452712366504	 0.4442517221718238	 0.775952676807276
-0.35623644791453396	 0.7222175048958624	-0.5928722196217584
 0.23311524070363185	 0.5139924529666297	-0.8255113826259664
-0.8835221649418153	 0.2736955704634088	-0.3801043524681571
 0.5067986637921196	-0.7426392870863265	 0.43776934983440174
 0.11179789155119484	-0.09958081046132926	 0.988728928287512
 0.3718152208316713	 0.3160743891254029	-0.8728404333535993
 0.25937051035462727	 0.9457047649929775	 0.19588117782971737
-0.38656588709121215	 0.5058494276708627	-0.7711570342429905
-0.5633334324773791	 0.40952640784000127	 0.7175956836094537
-0.3660243860659612	 0.5386739357346093	-0.7588521198265326
-0.36281379929652346	 0.34686261896100734	 0.8649002662778715
-0.32897220591422494	 0.8286611723454747	-0.4528774107669229
-0.5199800595151467	-0.6506654356757636	-0.5534033145216002
-0.7466135901534989	-0.21502220692828627	 0.629550313736553
-0.7748360801651536	 0.1506380567947451	-0.6139521355280089
-0.9119392240265245	 0.16645290634326962	 0.375047039252117
-0.3713679350376064	 0.9152988480039873	-0.15592907255697286
 0.8673978858134367	 0.49644120119016977	-0.034161988338528904
-0.16103122204726286	 0.9697507670075249	 0.18344589233417663
-0.38380782127008184	 0.6330518873708441	 0.6722624965206114
 0.41495354230861636	-0.787176370250387	 0.45625313132619394
 0.17626703537523702	 0.9556303586557781	 0.23600963932740937
 0.056133860070347645	 0.06124206063478235	-0.996543225235518
 0.6383417583285583	-0.561568761085477	-0.5264601847689214
 0.35339662078774664	-0.9075508663580307	 0.22685293339207524
-0.6079796208513322	 0.19787854002127347	-0.7688984744610432
 0.3494509029241778	 0.6965080944822789	 0.6267061039802801
 0.25825265870752717	-0.38232597095746973	 0.8872048332836795
-0.603747861462281	 0.06996154974752017	 0.7940994278657099
-0.30815089086538955	 0.924258110591662	 0.2253663095149716
 0.5980435708030432	 0.10334688365903118	-0.7947724888665386
 0.6698100904375459	-0.27584480579919396	 0.6893939990032198
-0.9149196411002561	-0.1194240942685424	 0.38556443824232134
 0.30595760776907854	 0.9275510734969077	-0.21456688538298918
-0.707849211613894	 0.044537996665468024	-0.7049580558236181
 0.26660985619919125	-0.9189658782828275	-0.29055274758521565
 0.7861859788407527	 0.4957890571596733	-0.36892386406266775
 0.48061255526744134	 0.8629888842435129	 0.15576186115810597
 0.4660444179405286	 0.8711700026321697	 0.1544843908630884
-0.9406912839492784	 0.16170258850007535	-0.2982485225013418
 0.8975705826004468	 0.42586698564649195	 0.11403665983649791
-0.9643690800409129	 0.20623907780233072	 0.16570371223448022
 0.5823190437875115	 0.719426374459267	 0.3785897819207391
 0.1570157923549198	-0.9824535335245737	-0.10065334279712768
-0.0065067550494793056	-0.19158367224008502	 0.9814547155471463
-0.4185059003864906	 0.14527942420813245	-0.8965192135383637
 0.8969639344593596	 0.04457136600342495	 0.4398512175858724
 0.12481840540258639	-0.3035427910294971	 0.9446068704422907
-0.7326588613544863	 0.37647067514004223	-0.5669927897586957
 0.055781642565080856	 0.8628356540251381	 0.5023972954701825
 0.5843056180120045	 0.16617757025451177	-0.7943374345351704
-0.7933650209962654	 0.03583471518636697	-0.6076905599456908
 0.21859311280077384	-0.7768253010029816	-0.590558636172307
 0.6714103311296221	 0.1933974017044113	-0.7154059073465873
 0.0033197284580380013	 0.07414937048247794	-0.9972416208021089
 0.6820789360636887	-0.5513442618679586	 0.4804038195971201
 0.6882902809614657	-0.19271309562548292	-0.6993698248483631
 0.7342118624413905	 0.6463822926365465	 0.2076604748532247
-0.8514221137805728	 0.43093096391162394	 0.298963021973655
-0.33036744534384177	-0.6972078390224333	-0.6362063975335774
-0.9558502462391171	 0.2937843886324791	-0.0064062282553611904
-0.0244837275505638	-0.9979331035867698	 0.05941437411020423
 0.20472945203790027	-0.8805583055600723	-0.42743762349310765
 0.8083581551603902	 0.32087235608590386	-0.49355650546373253
-0.028013248882090957	-0.392791013141264	-0.9192009997179775
 0.4282884709286093	-0.7199123436243676	 0.5461640808098829
-0.8980753490975327	-0.014285403054090472	 0.4396095933927362
 0.6815535621227816	-0.4552995938725799	-0.5728760963569794
 0.7032937849460437	-0.5495651715199454	-0.4509500796191539
 0.3453416740487675	-0.6465433813608339	-0.6802358298294013
-0.17223528221694406	 0.7738677856302382	 0.6094781849446307
 0.843107210880929	 0.18232253619114816	-0.5058939847017436
-0.9200752052593849	-0.31659224877022224	-0.23071836659770795
 0.304472690799597	 0.27743468198504834	-0.9112224633914092
 0.9652649212675841	 0.011377316038386393	-0.26102526400723614
 0.09340865122024636	-0.24849348978135485	 0.9641191883856985
-0.3713933799124997	 0.9222232425916415	 0.10756973636171185
 0.14193386612751877	 0.6563973936202061	-0.7409434791498579
 0.025286391434019322	-0.9692750090125628	-0.24467642982506876
-0.9943043303598508	-0.09914048118426776	-0.03911602763830402
 0.70394003220479	 0.7099082555621802	-0.022331586244187962
-0.021402626475708963	 0.30862064920222465	-0.9509443845283165
 0.94444105080909	 0.16940036812475098	-0.2816640140767377
 0.1980520056052366	 0.88964590159774	-0.41146758419842455
-0.8848284109023832	 0.31356329316369125	-0.34461100452583393
-0.4004523589530931	-0.7837036194003979	-0.47481211562850767
 0.3561120331743794	-0.9110170360920492	-0.20792349501311191
 0.9768247705809798	-0.17391235943973507	-0.12477122590373413
 0.8084061638853908	 0.49085678000449545	-0.3248678126803657
 0.8317868169052057	 0.23576746091717637	 0.5025379543829236
 0.15469853738239817	-0.7820881004181228	-0.603660969183961
-0.2637617342410568	-0.9295278271366522	-0.2576970433062129
 0.3949055995327977	 0.29190691665811036	-0.8711141827939646
-0.6397912663296806	-0.13697549695547778	 0.7562439082479036
 0.45199110401082515	-0.02182539599265501	-0.8917554003115649
 0.8634712890445781	 0.4011350018981108	-0.30579084886225294
 0.43248564644578946	 0.5827611487201662	 0.6880011694472037
-0.7190792372020293	 0.49390316935235673	 0.48886062423623877
-0.6790815750769702	-0.6254452107050497	 0.38427399443248467
 0.8533627390572232	 0.302437327255428	 0.4246218301869873
 0.5509588139840585	 0.500140475985579	 0.6680597949092566
-0.8182974418391324	 0.281789930990089	-0.5009827656438217
-0.30632852975956537	-0.8940161000803649	-0.3269526642381706
-0.0372487575034251	 0.2557787219753631	-0.966017481958324
 0.2892486695109449	 0.014504913045864614	 0.9571440929576278
-0.06730022192990398	 0.04580884593511762	 0.9966806056918527
 0.9807521116250991	-0.19495605564658242	-0.010836600464887658
 0.26433304089683823	 0.18668204151367618	-0.9461912379992305
-0.4385687373738703	 0.889560940388366	 0.12782329965094497
-0.31048363885175045	-0.8147584346363024	-0.48966172322775847
 0.3007837201255197	 0.8231651719224395	-0.48158929955030505
 0.18197234612694746	 0.141436197355878	 0.973078551465689
-0.8830593058082087	 0.14334396449992504	-0.4468319261948155
 0.9815434988887949	-0.09028075484915662	-0.16858749981243792
-0.6226983953072412	-0.39517989515101815	-0.6753366263947316
-0.883371736115055	-0.07879192177282868	 0.4620023905743542
 0.5153629050063112	-0.129664872513275	 0.8471057177115333
-0.8972269994705453	 0.0176095219716789	 0.4412183316194047
 0.008337729604194504	 0.6847033520984991	 0.7287741775681451
-0.9254874668024339	-0.3786034786523537	-0.011504553183443678
-0.3347974417506998	 0.7647104358727478	-0.5505711781999663
 0.7730692765282067	-0.011243710380934437	-0.634221942749559
-0.3650442120676492	-0.735926803801094	-0.5702231691916906
 0.9992576251521965	 0.031154519883122463	 0.022662622664742393
 0.8165901155336199	 0.47755138296746497	-0.3242302574385232
 0.3602264121259117	-0.23102740569993319	 0.9038048848188702
 0.526786514697269	-0.8477850999514042	-0.061289413714698426
 0.30516506879958866	 0.7947704881382122	 0.5246085702398411
-0.15453604216846092	 0.2811259470560072	-0.9471466695094117
 0.9702686496624229	 0.16909082170374318	 0.17316766874278677
-0.3630064394856478	 0.8437425194678104	 0.3953794199677878
-0.7775426300242332	 0.6224838050764228	-0.08911436984334609
-0.8654523972703566	 0.42864279694491664	 0.25934051107806466
-0.1275748164348807	-0.3677058185856675	 0.9211498777016967
-0.9296287164096211	 0.1459598156242658	 0.3383580675106337
-0.2994849921246212	 0.5119661280194986	-0.8051083301350432
 0.5531327025100525	 0.6607301234463914	-0.5074247898796846
-0.8391961292307117	-0.00389767019162094	 0.5438149178270748
 0.17883859145834724	-0.848207983173225	 0.4985578958219441
 0.6089081591312395	 0.6129844501611244	-0.5034688844447779
 0.027213939504336832	 0.8130574491626218	 0.5815470624616936
 0.1383135475896985	-0.6352858596480018	 0.7597902599299702
-0.7503907034721194	-0.6340899519736904	 0.186664739435761
 0.9173522922477096	 0.10655789587758606	-0.3835494580025036
 0.2108176303044376	 0.7151855495071298	 0.6663824401415499
-0.41629679832811656	-0.2135977422906215	 0.8837833332837346
 0.26436341783715145	 0.9006951663951296	 0.3447610774752705
-0.16743252627135247	-0.4634473991589	 0.8701625465160197
-0.6586068347458631	-0.7147445794518934	-0.23532365663097177
-0.08478726726586476	-0.5118859233801102	-0.8548590063600423
-0.307868271440543	-0.4607071412880531	 0.8324458285116227
 0.4756776167801594	 0.0628807802550937	 0.8773692565669591
-0.2714648362861376	-0.11932741260196042	-0.9550224140101959
-0.41566185373132647	 0.9095134758740989	-0.003234278289226067
 0.1809166741641146	 0.04979633629359876	-0.982236978483874
-0.8377019700909986	 0.2155292796583611	 0.5017993014299718
 0.16899378701940126	-0.4589151843020259	-0.8722602556381203
-0.28082141789764187	-0.9494500627480355	-0.14029935708231078
 0.570317296585841	 0.3194879562184394	-0.7567467390391469
-0.662962407546834	-0.3935465081190754	 0.6368688971263929
 0.3216479791683283	-0.9174763840976785	 0.23405055462437918
-0.48596422980878456	-0.8378478949281806	 0.24869594349480528
 0.6120094232411799	-0.20963158300914933	-0.7625608600427092
-0.750635314014042	 0.6599178397256144	 0.03248184365024409
 0.6034888039196947	-0.6191471936963837	 0.5024520037590348
-0.8095911053873258	-0.5180970666855574	-0.2759305557011562
 0.6860356824240894	 0.7263512681497263	 0.04205802774974776
-0.3092458705036977	 0.9403627140942725	-0.14172140811346567
-0.12520053366429584	-0.697223199205596	-0.7058361260658805
-0.35856792771170515	-0.7021330760841499	 0.615173296466242
-0.8054220537508778	 0.2744048543560858	 0.5253544434356041
 0.23221685032735812	 0.5512820386379621	-0.801351014412045
-0.5560484958585866	-0.19880691018985075	 0.8070228514200624
-0.2772662520502672	-0.005040185729180469	 0.9607799029964215
-0.7341419551682468	-0.6770214999871733	 0.05174435444434344
-0.624248088317533	-0.7614148123962058	 0.1748193573250867
-0.031130170930240886	 0.9828889317639277	-0.18154960829982292
-0.7542229375175253	-0.23868777974100297	 0.6116991943142851
 0.782210673286205	-0.0382998275913624	-0.621835658195647
-0.7570414356555852	 0.6439254359810699	-0.11067202716639613
-0.795357245395576	 0.5936871752789279	-0.12223906947489938
-0.30434834435263536	 0.14833866055606434	 0.9409398105480724
-0.5144728805732551	 0.7839763359948692	 0.3474172703748579
-0.23751245335270732	-0.39330425098527255	 0.8882002030281753
 0.5206781343828033	 0.37266640720422173	 0.768123707040175
 0.9639617297845141	-0.24369488488004365	 0.10672669110466004
 0.43592881308833115	-0.7114603136620152	-0.5511717445618431
 0.22207688571909734	-0.9152562066097216	 0.3361367773566135
 0.7918154424916201	-0.24721828079800323	 0.5584903102750125
-0.6342597153525555	 0.7066219533955904	 0.3136877881912128
-0.5202173570487846	-0.2503310925186015	 0.8165220422888906
-0.5487900223100677	 0.5820629094650408	 0.6000269000953267
-0.9258201390967957	-0.37219262030664435	 0.06580063397919256
 0.5737037687519526	 0.818875425210588	 0.017522091940884055
-0.14337180681514372	 0.6620310328271946	 0.7356353965004125
 0.4701318484276293	-0.7673288235783778	 0.4360992107305899
-0.8706050302716515	 0.4896570278340108	 0.04777945540145501
-0.8504096463873889	-0.08944878834475412	 0.5184615198786999
 0.5774558230007389	 0.7842941322254725	 0.2267762920572438
 0.13610439101254976	 0.8688369416708126	 0.47602307038127045
 0.6571589886532103	 0.7518606353616557	-0.05336336407927322
-0.20901380770570757	 0.40777166637988893	 0.8888394097282872
 0.036402288357784245	-0.6259129055132282	 0.779042943690722
-0.5455920080128366	 0.2718676558046882	-0.7927277833656294
-0.14492438661473833	 0.8561330773732418	-0.4960172134026848
 0.9460461048026141	-0.05144593577841852	-0.3199219956171879
-0.2302845547822695	-0.5512730201742447	 0.8019146345195969
-0.505291232806855	 0.8510073271087952	 0.14306396910358954
-0.11712226604686252	 0.34103353937518527	-0.9327263799299781
 0.3404244040465011	-0.870922958498174	 0.35440714650014105
 0.0013638416827002613	 0.4994749063651436	 0.8663272810245535
-0.6835964399446343	-0.3805240251941568	-0.6228140762258498
-0.30226995936172363	 0.2898219855698395	 0.9080947573617071
-0.896533985242816	-0.42822117767561857	-0.11337299632073039
-0.597459645242584	 0.7415301118293373	 0.305245909975836
 0.1545052194376731	-0.6051467638188159	-0.7809772925035214
 0.890248768650742	 0.26196615847499294	 0.37260013651324986
-0.8667337000162291	-0.13112114374956257	 0.48122753341634983
-0.8544760206400528	-0.4585976022374524	 0.24404706384875707
-0.8981238483523699	-0.4272441793377578	 0.10409593768603598
 0.977194317576996	 0.10527091756116114	 0.18441610453282076
 0.5257809975832586	-0.027469032708747808	 0.8501763316056259
 0.16961126814768027	-0.7569956220633077	 0.6310226983986562
-0.4525082539434523	-0.7211527693420652	-0.5245712185998372
-0.7925848215658629	-0.5418400445588372	-0.2796760031462955
 0.18493778212492892	 0.9827446517769733	-0.0033115172455575603
 0.7336731037923355	 0.1546039275042302	-0.6616807405176515
 0.49909957537755806	-0.24547501762843968	 0.8310485121689699
-0.8909044961571195	 0.1705171291693131	-0.42096684832286346
-0.03727870023362926	 0.3091266841200056	 0.9502899513695078
-0.9771625445700064	-0.1893803525058722	-0.09637657170818081
 0.4018252000505797	 0.6617584645412726	 0.6329393677219715
 0.7660203483866587	-0.5863919410699082	 0.26335777434100427
 0.91528368170751	 0.05884969844408028	 0.3984877601545451
 0.09750443820649955	-0.15615898842398854	 0.9829075515349506
 0.47329654274256716	-0.49710068786003697	-0.7272422490181736
-0.952714268160327	-0.06822684322997	 0.29610913715487674
-0.70475812811008	-0.25931128867094655	 0.6603587179939319
-0.17065689178509816	-0.3644479569405668	-0.9154528453001258
-0.6058508387329866	 0.09716072439686159	 0.7896230460423592
-0.235788592526639	 0.8810886217791051	-0.4099836340705607
-0.13908447365250265	-0.2883499113375744	 0.9473699582636232
 0.7500374344618337	-0.09087165684915162	 0.6551230333970868
-0.49731629897306096	-0.6827407941706022	 0.5352957189731975
-0.7458738473832744	 0.5385327030435642	 0.3919881778093113
 0.7452467251123754	 0.17557911730376527	-0.6432567856432685
 0.9807182215744059	 0.17488382343554268	 0.08722051463102298
-0.18063440470641814	-0.857317480871225	 0.4820559602670369
 0.7241367833276865	-0.29783858914375966	 0.6220274060270061
-0.18095025041555057	 0.8706959448739157	-0.4573243689709401
 0.48580247584960884	-0.49624713640660834	 0.7195378614545807
-0.20930620380608322	 0.9057200407914296	 0.36859479209161017
 0.2009257793168618	-0.3163734600589099	 0.9271120023903612
-0.5277928639489287	 0.6786678868488623	 0.5107294705856393
-0.5637969046377028	 0.7227993851262297	 0.39961744103841257
-0.6464911980339189	-0.4435023284224992	-0.6207695349713047
-0.6278597738811967	 0.27094016544741434	-0.7296461684194473
-0.8542127335505538	-0.19810331934681882	 0.4807033187984693
-0.6782305236606573	 0.6612791196628077	-0.32048913035073867
 0.07693804222524664	 0.8905974180521463	-0.448237410997115
-0.6571025087049652	 0.422524039248814	-0.6242513350490391
 0.8483909605042105	 0.45924660487333224	 0.2632970452683825
-0.22967815520215124	 0.5749246614895895	-0.7853085881575581
 0.23658357380511666	 0.7568424726148362	 0.6092763611464505
 0.3962260176257498	 0.9056226328114082	-0.1511707309507111
-0.9860877466711024	 0.1357839764720846	 0.09588361485955765
-0.4260399779599518	-0.707804434100622	-0.5634738860385473
-0.8802597547188733	 0.23674767782803344	 0.4112095588204421
 0.6928394560706146	-0.14449808809876463	-0.7064657038013782
-0.29283102956828944	-0.8762369195399087	 0.38269942377430755
-0.7444897869871147	 0.6640980950616554	 0.0686198018604045
-0.9449959373428002	 0.16738783102204507	-0.2810053245604751
 0.6412530965452596	-0.14029874938357967	-0.7543942782739801
 0.6257261973400448	-0.3112995299918434	-0.7152337580044896
-0.8088699566139327	 0.3870203771665337	-0.44265632373800856
-0.6799534200362781	 0.5614867881706008	 0.4715887332102322
-0.6393194346801324	-0.1340132405147926	-0.757173105575601
-0.4186865298176868	-0.6773841528608862	 0.6048572552281759
-0.16069289738724946	 0.01681637009533563	 0.9868611870096562
 0.25291530277240226	-0.630536774219943	-0.7337964472385055
 0.0326749193312421	 0.521845610980144	 0.8524139299351325
 0.20010867773147625	 0.9758873041768706	-0.0871807699149314
 0.8517445224726461	-0.26664017576668725	-0.45103689993719365
-0.5176181771892282	 0.8213939716945171	 0.23954825381790545
 0.6727295212483735	 0.7394950174337898	-0.0241269648222302
 0.7162500806238801	-0.27014029199444956	-0.6434361232068331
-0.40340404017578424	-0.3070250233763695	-0.861974950558654
-0.6844751087215136	 0.7276524264232611	 0.04489734803986378
-0.30965236066316243	-0.5865720260103561	-0.7483639982240173
-0.11402413679346748	-0.9880152044309432	 0.10404062688097526
-0.9898326016134835	-0.015416783836531887	 0.14139923464863768
 0.19506520439157868	-0.9733850001273301	 0.12029633229150916
 0.3432961637835277	 0.33933078647348386	 0.8757867099258816
-0.6036008550531196	-0.7851653767646901	-0.13849671082413884
 0.07742601866561498	 0.053647573857300325	 0.9955536898896098
-0.9973559412771015	 0.04535285183811698	-0.05678243768469793
-0.5474082582556925	 0.5130019449049521	 0.6611907465453564
-0.24790817610042434	-0.7709877858072279	-0.5866168855041842
-0.6643206282198859	-0.47358338808222666	 0.5782705918980275
 0.7695111152862666	 0.351768281659496	-0.5330213123968044
-0.7544169463975877	 0.03719315294700496	 0.6553409344471013
 0.4700310022288624	 0.6191349472306646	 0.6290808962775878
 0.11657700867208233	 0.028139126758952315	-0.9927829524091925
 0.31549268633303446	-0.7618241679453693	-0.5657634682486237
-0.7990435572190212	 0.5854032400426434	 0.13723133830997858
 0.15615690170243035	-0.4446434233587811	 0.8819905034151339
-0.3150582321015789	-0.2512903661530204	 0.9152002306947418
 0.6173501568772513	 0.192121221431821	 0.7628684159664618
-0.5419090891645227	-0.48492341759881485	-0.6864283051748106
-0.0760428963877638	 0.7348679731044981	-0.6739336317577915
 0.3531745770897983	 0.9074551912156354	-0.2275803023840961
-0.7107874143279911	-0.07352401701634621	 0.6995537653066479
 0.614489300611699	-0.5801260490943043	 0.5346556523557735
 0.21096209250739556	 0.06623954898693102	 0.9752473110318782
 0.3146430792404257	 0.8914621158393311	 0.3260291838307825
 0.8273269559360729	 0.5581049563798561	-0.06363148313366729
 0.9344067635698268	 0.06517548764160917	 0.3501944545615201
 0.24555133776821353	-0.028969842127502747	-0.9689506121404476
 0.621315064098248	 0.2915001305402759	 0.727320606761277
-0.08293294558749123	 0.7847057817475598	-0.614295501064539
-0.9740842701646087	 0.018481454166190014	 0.2254290807987831
-0.836795564222924	 0.36992929887868314	 0.40364030711509
 0.6146582600038312	 0.6696548748393631	 0.4168423826975125
 0.9406872162213019	 0.28028620090319595	-0.1911732377218922
-0.9395628393036366	-0.2462864921543512	 0.2378332079041814
 0.48719642451344697	 0.8638175192429043	-0.12829239022774463
-0.7690340830016399	-0.5426797199073582	 0.33776515625963865
-0.2057775574551328	 0.978576407405952	-0.006619041944257331
-0.6855763273439177	-0.4468584905797405	 0.5747195740380011
 0.4587810467959055	-0.32638644489518853	 0.8264332034045663
 0.7484715355098258	-0.37376205543566315	 0.5478067966428235
-0.8878262341922354	-0.32595347045211437	-0.32483674819862474
-0.783698737882115	-0.602240369040612	 0.15206191548118686
 0.2223184565286683	-0.19579083927167223	-0.9551127949849718
 0.3980141663942812	-0.44892887152423644	 0.8000297442354509
 0.8597294820143506	 0.5007575558045354	-0.1005340144428939
-0.9684640348663774	-0.17750052623453016	 0.1748455786023797
 0.8091499452371778	 0.39153330664431024	 0.4381529823142194
 0.4741926121743717	-0.8652341679296041	 0.16282260655821656
-0.5957762674481379	 0.8029638804523057	 0.017310281180267673
 0.07749290959366704	-0.2716942712052733	 0.9592586053598597
-0.3824672144496372	-0.8975189658528162	 0.2194960951944851
-0.9643473786119979	 0.08856747056463302	 0.24937910201528712
-0.11857449193128197	 0.09776392631369865	-0.9881205921217147
 0.09829360000167672	-0.5382458704056338	 0.8370362902467205
-0.06475652905865117	 0.824523276426916	-0.5621102726107212
-0.2277088735637414	-0.43127247548966274	-0.8730135856820043
 0.6276884808310702	-0.4290815900748415	-0.6495353416795955
-0.8726078195189734	-0.15767200719538327	 0.4622717073987135
-0.7237115848983892	 0.1297740433295971	-0.677790704835755
 0.8178226108087323	 0.2388443974575245	-0.523564256852147
-0.38548230956304985	-0.9209383163377797	 0.05723640899700677
 0.15019312860561806	 0.927986052700953	 0.3410042669999309
-0.2652896724613717	 0.8855220376199738	 0.3814080630698675
 0.3507701776721831	 0.12461848391785851	-0.928132811574852
 0.9770170425707686	 0.06761585596558686	 0.20215289893620114
 0.564827278150995	 0.8195942861828285	-0.09610073835823751
-0.6822592643103621	 0.6693868277011108	-0.294012875845475
 0.5430072403448234	 0.825973765748756	 0.1513620666743103
 0.8156483129470335	-0.2887853875552863	 0.5013190895240287
 0.12612373761045623	 0.310008802628568	 0.9423308044970038
-0.765238557800838	-0.4912172452270665	 0.4160715895689411
-0.4825927443891157	 0.45465421196361855	 0.7485945435325605
 0.12454969479275307	-0.6184494532566159	-0.775891517735324
 0.6778599338851186	 0.10128849955267112	 0.7281803004006846
 0.36458748522149315	 0.881996275468162	-0.2985942659867358
-0.69827805869376	-0.5613761361325982	-0.44414478104297106
 0.44004389727260673	 0.024568106841042978	-0.897640115301997
-0.3122256713733838	-0.7042018251141404	 0.6376636414610397
 0.8955902844727338	 0.19761627540818866	 0.39857979132394883
 0.03531994072909752	 0.9206619106755839	 0.38875975617092395
-0.8679226846380342	-0.23616633990369204	 0.4369618672003326
 0.7679956439798556	 0.22535261378479612	 0.5994988659608351
 0.2881368578488548	-0.8456930440067483	-0.4491997623191588
 0.45825610184438625	 0.33577989001895037	 0.8229539541075486
 0.6782414081824628	 0.7283905847227771	 0.09713778005431606
-0.7398876589078566	 0.6460067587171617	 0.18772724865505808
 0.5928526940820216	 0.798504243372887	-0.10448280449520042
-0.5147321483152937	-0.8542265254851811	 0.07312905474732867
 0.4889537841592136	 0.6257576978973755	 0.6077429559267324
 0.26614950714537156	 0.9090899142210512	-0.3204995596063085
 0.13477940669213276	 0.6751965085002343	 0.7252200951716725
 0.758832591352422	 0.5698533253865374	-0.31534153841077317
 0.4149162247286729	 0.9096422497600607	 0.019887280064422752
 0.21264326475748324	-0.38486028064511874	 0.8981455373908169
 0.35210745807719557	 0.07071075354683348	-0.9332846978812279
-0.24822393413769642	-0.3781841947141128	-0.8918304734587412
 0.38022724515590994	 0.8932643627304242	-0.2398041290656956
-0.9209952058492952	-0.35437511719467446	 0.16182121960940465
-0.7221382710916538	-0.29815090674650147	 0.6241973680103081
-0.14048817788593398	 0.6717195715855488	 0.7273622818260628
 0.9850156510511854	 0.07760319578715691	 0.1540191909725197
-0.47714058540064386	 0.8644931902188879	 0.1580771515074224
-0.7509500182511618	-0.4999449113499593	 0.43142688338102086
-0.37675988454508313	-0.7144292360565719	-0.5896124626101442
-0.6173087437887346	-0.7653573723046836	-0.1820934032326389
 0.2899318652618884	 0.9548625911659077	 0.06462929287630303
-0.5629437450218132	-0.7525650000824871	-0.34167273902326767
 0.9345335055086416	 0.3202998279827707	 0.1550972187885309
-0.9125036587189768	 0.14277037477080903	-0.38334539636245
 0.7141395354700648	 0.6485818945417748	-0.2633367614884068
-0.7920286840712074	-0.37376947105737074	-0.4826872135388762
-0.635656953930781	 0.7652671513448044	-0.10152055945496552
-0.7681513903314878	 0.5151298397440444	 0.3802429351573511
-0.2153199678878669	-0.9352476766168525	 0.2809788155921138
-0.8534710415407145	-0.4360835366966007	-0.28533897433332234
-0.3050062999200936	-0.9504209480389022	 0.0605902511786216
-0.7706070621044369	-0.6327662832790422	 0.07597095879344673
 0.2691851325715603	 0.9492439295815974	-0.16271240442854573
 0.3651995351808877	-0.7051655820475795	-0.6077588349001286
 0.14539337817353087	 0.42530496957369135	 0.8932952750570273
 0.043994520455678816	 0.774447450908039	 0.6311066692342233
-0.9274662587572988	-0.35641552770504203	-0.11302349524535038
 0.06412601523643194	-0.0754132906761538	-0.9950882823947285
-0.4213626251447096	-0.43479837360046814	-0.7958667680243638
-0.4365356099986332	 0.04340805946416697	-0.8986391943247727
-0.9879038739766809	 0.1260266991994705	-0.09035046690943171
-0.9289912419976674	 0.361593906623774	 0.07889942321835308
-0.8505236743969498	 0.22708508613975753	-0.4743857533096987
-0.5858001928266877	-0.7155828131245031	 0.38049884578673576
 0.7012052222964266	-0.08594289795213905	 0.707760591242411
-0.7324745842677357	-0.6128500798895801	 0.2964721959664063
 0.31529570842681054	 0.641061237053327	-0.6997350259886195
 0.15096907263882808	 0.4985784301383613	-0.8535970291111254
-0.6253396980225964	-0.0016739054108872178	-0.7803508570621829
 0.8604162468345822	 0.48769306686047775	-0.14778144240503588
 0.5192633229665568	 0.10396845267800935	-0.84826656321552
 0.5203501263934311	 0.38724400772904044	-0.7611030314223504
 0.6304082177143808	-0.7632967622043595	 0.14129236301555492
 0.2175901637686916	 0.8533530455048516	-0.4737542615731374
-0.8981264935048588	-0.3976490129276747	-0.18773402510550086
-0.5002201697096971	-0.2279555464541071	-0.8353538475738358
-0.9539209394965823	-0.2422308413592536	 0.17708489682732975
 0.4297979110205318	 0.6916797646203916	-0.5803902643024492
-0.8391120008320051	-0.49608809507730056	-0.22313146793378147
-0.12767955605517814	 0.3593037517662104	 0.9244451010916106
 0.6282997760736073	 0.1660686469199896	-0.7600398646755435
 0.8773975796810618	 0.4348352382996275	-0.20271113117616646
-0.8188123558778678	 0.5145810591555097	 0.25446543855724224
 0.8114449568525103	-0.5669668113509845	-0.1417946290418819
-0.4078080410993797	 0.7061456172822591	-0.5788358738085813
-0.17755557364940255	 0.9839809270145358	-0.015986041963110154
-0.7635701197761852	-0.4247441279618847	 0.48636724596428205
-0.2685189616968757	-0.9163310280355046	-0.2970437918365356
-0.20187768502651623	-0.23819646515749374	-0.9500041285567182
 0.8168467213506357	-0.5237621150505739	-0.24173266361099488
-0.04046461738943106	 0.05548956131128081	-0.9976389744416607
-0.8709197554860689	-0.2171818074669716	-0.4408297199707223
 0.8771398774931048	 0.3429466780053685	-0.3361743764126932
-0.927202126827285	 0.32293343613481684	 0.18976356824511775
-0.3087463300431811	-0.3491697674568752	 0.88473508870112
 0.9725787002161393	 0.22923418575693777	-0.039272890983966136
 0.35611689560083687	-0.9108366417499121	 0.20870402179489767
 0.7575310987864886	 0.15440304444393319	-0.6342762286557648
-0.12227833835788517	 0.9128950305731551	-0.38944918939865936
-0.9337969229949334	 0.24979700246875672	-0.25617330884153056
 0.6868647099283154	 0.1592430848934241	-0.7091251724263614
-0.24059368024273936	-0.19293878374849754	 0.9512566986638806
-0.12920311816049576	-0.8300774676063025	 0.542473918294615
 0.15497736426797665	 0.9838251181565343	-0.08983403279844593
-0.6001448616410096	-0.024919489981855374	 0.7995030732054367
 0.2962161961979189	 0.9546757271314968	 0.029158551678433176
-0.6567745831363471	-0.6617771937013329	-0.3615219119816475
-0.46253738561468694	-0.33637923954234505	-0.8203098037410279
-0.41935180820807444	-0.5517258193046403	 0.7209318145741952
 0.4938532391798698	-0.24073941451620612	-0.8355558104937963
 7.043470609417217E-4	-0.8356464521516183	-0.5492672490706423
 0.24666063363215188	 0.8693535977506169	 0.4282322429409582
-0.27934461649573317	-0.7971861289928959	-0.5352203854265773
-0.9897746357235303	-0.03235214206261545	 0.13892267411158365
-0.10406605133850931	 0.14469663502799662	 0.9839883844692403
-0.4261658081371788	 0.8553159214121122	-0.29464788910449524
 0.8469369378767057	-0.10006996998801679	 0.5221913675719148
-0.52866032850057	 0.4817646323335349	-0.6988713015299768
 0.7894067658643432	-0.37789221361577324	 0.4837710542148723
 0.5319139782792277	 0.8463455788231031	 0.027689003552885616
-0.5949185222948844	-0.20744764495012818	 0.7765548444476518
 0.019990282452515783	-0.21265221318639316	 0.9769234488097813
 0.4918627255454824	-0.48257871332444896	 0.7246991407922938
-0.7477303940522568	-0.16514263965710715	 0.6431385281395756
-0.25085504639041367	-0.9245026652609379	 0.28699576238314983
 0.7118987763081802	 0.6929802261975295	-0.11392338824901715
-0.4640322080431843	-0.17060206555109983	 0.8692347468482062
-0.1509742230429544	-0.2310040491044531	 0.9611679943037656
 0.6894793944452335	 0.7116061366524358	-0.13503655399198022
 0.9984450940634234	-0.05481353213148666	 0.010142526112954409
 0.018271471053810894	-0.8460325011094862	-0.5328181307087405
 0.5260080497082754	-0.09998949515399003	 0.8445813356337841
-0.3616168578479692	-0.5725915737655451	-0.7357799520052568
 0.6742441923583801	 0.7245200570962519	-0.14305752666756022
-0.7658463441384159	-0.5496241123270426	-0.333755467848144
 0.2278634235621609	 0.8089284957862042	-0.541952902850054
 0.7142999978837098	-0.0782190503435021	-0.6954547384170253
-0.5409856785417608	 0.6211953337827376	 0.5669663595834094
-0.5654281262033491	 0.7991825311285582	 0.20395665234828786
 0.4805903422909259	 0.6086833650745723	-0.6312982527919635
-0.5555359609572312	-0.7928520782649776	-0.2505301939372404
-0.547119199149739	-0.8145021280245954	-0.19299446977868007
-0.5902327287338096	-0.7671214243680096	 0.2512967293998021
-0.08499925426763578	-0.4149616072828883	-0.9058598077269726
-0.2419244750227568	 0.6256410009172714	-0.7416507846393734
-0.0036957923801292096	 0.4433731551788242	 0.896329507706545
 0.4000550110311253	 0.6163326151053714	 0.6782994144964747
-0.9319915327392166	 0.29763571006290185	-0.2068931294116798
 0.9685470444353427	 0.08709201958780478	 0.23309140447403842
 0.4255185457611254	-0.1676718862885017	-0.8892806675970151
-0.18728579275386287	-0.5528270633185673	 0.8119767668444251
-0.6987486692014342	 0.6520712658666935	 0.2941995267165338
 0.9920004381581011	 0.03871759682683432	-0.12015023258441992
 0.07725248483718909	-0.9174281785381875	-0.3903301049247718
 0.1890636569844527	 0.9477748152039392	 0.2568615060159929
 0.4949424396075051	-0.2142340495639119	-0.842101985202991
-0.4160105940959381	 0.5876153755157908	-0.6940052997329205
-0.14498953153055846	-0.9870987890686204	-0.0679265512580498
-0.3939221837484117	 0.9065696271821176	-0.15151509568936916
-0.23701699717364869	 0.09103473644250744	 0.9672309030483
 0.009907985425902403	 0.23195534546367136	 0.9726759735572936
-0.46853442750713087	 0.7243933956383569	 0.5056972400518871
 0.760627882999112	 0.5703350952111425	 0.3101017619665942
 0.19304725313432244	 0.81764506108727	 0.5423922124596623
 0.7342073493868186	 0.0547802739062468	-0.6767116739772845
 0.44120158367803725	 0.1532132462911682	-0.8842323584448342
-0.7573677071805016	-0.5708670225595315	-0.317025233497533
-0.560431337468928	 0.39967721323698896	-0.7253791017129614
 0.9915322436583522	-0.09180382061404989	-0.09184698311048356
 0.7174228463522363	-0.6603094434928881	-0.22202679650431412
 0.43219076564506065	 0.06455288184316574	-0.8994687696284283
 0.8904533123177898	 0.36284597202485197	 0.2746556010126444
 0.24616137705486407	-0.507522065908029	 0.825727515021087
 0.13476472797573358	-0.24069719259660738	 0.9611989021892078
-0.2040390372155824	-0.06646128677014815	 0.9767041356792723
 0.6578995493004314	 0.5893040675609514	-0.4689231269476979
 0.599079188417605	-0.007333588756796058	 0.8006561961796399
 0.627553541070657	-0.4896760399781637	 0.6053048231767058
-0.9594501451731914	-0.21793713075319643	 0.17877031623344553
 0.3308460062386498	 0.5400901269999274	 0.7738498400033029
-0.6889836475338234	 0.09152955253247548	 0.7189741820428555
-0.24110387952175374	-0.9629594670456932	-0.12073932295086842
 0.14290689472400744	 0.6515751342826224	-0.7450016535719395
-0.37259124943274013	 0.8968561887283835	 0.23837939840881361
 0.43671725912557835	-0.8976473196672232	-0.05922267366551792
 0.3104194736638616	 0.9423519928297265	 0.12494987787146616
-0.32721719287999773	 0.620609559041988	-0.7125817033221129
-0.997729100206934	-0.06238552865956979	 0.02539071511651514
 0.12382575874035676	 0.6013527879686414	-0.7893300994354118
-0.12414815828751347	-0.9899278044003231	-0.06804540299663264
-0.05394638015039499	 0.8963630831163449	 0.44002614842169274
 0.6620591213542851	 0.045770226621745215	-0.7480526760774175
 0.159234764570502	 0.8591582000513281	 0.48630389370921034
-0.5579363387389783	-0.8025159759066057	-0.21136496949403005
-0.46986430295603965	-0.42674054281448603	 0.7727354307432996
 0.7167464147062669	-0.1080028186439688	 0.6889194206659224
 0.37848832577855857	 0.7754981289489148	 0.5053209269821268
 0.006484052205734909	 0.9669681001147821	 0.25481493368207886
-0.41403925798934677	 0.8218192109944474	 0.39138814147096346
-0.2490925181529255	 0.30322995812474707	-0.9197850346118372
-0.650356369091471	-0.4797165121678669	-0.5889895254889133
-0.8610847275824752	 0.49825084080251286	 0.10138634801492508
-0.5243940785470466	-0.6861894060954677	 0.5041378277288298
-0.9580352094446313	-0.2372239704547065	-0.16091403079311006
 0.9663654831112374	-0.009524499386088812	 0.25699618083276876
-0.37294565919326556	-0.6738345638688155	-0.637854619662368
 0.06501015900151796	-0.8355971240133024	-0.5454824704491381
-0.5271477211298071	 0.505354824428984	-0.6831777086044317
 0.7958976175181927	-0.5321445665729303	-0.2887371515682957
-0.00727015840181682	 0.6690604913701282	 0.7431723916322344
 0.08791278157791325	-0.9494032290809034	 0.3015043141415854
-0.47233972834496324	-0.8135571745514132	 0.3391458458582792
 0.41250304229726603	 0.4708450586172008	 0.7798372720454343
-0.6965463618487675	 0.26960888158729973	-0.6649317384246982
 0.042906065632093926	 0.17793566982824846	-0.9831062846583511
 0.4571406807070154	 0.39997313257496514	-0.7943827108270272
-0.4889073466764847	 0.05756571949230172	 0.8704342561647567
-0.23849359920143956	 0.29061787392029387	-0.9266401968930504
-0.3547679319972685	-0.3416492710293567	 0.8702962082138992
-0.355619654776626	 0.3943371082410622	 0.8473682235018198
-0.1462922974470123	 0.10532360517114364	-0.9836185754149969
 0.26588938371435994	-0.3646219193131813	 0.8923865146809256
-0.3691731958793163	-0.051511354533773125	-0.9279319650698254
-0.20861260911236898	-0.7203192680655753	-0.6615292369750589
-0.6938658103311561	 0.4252443481327607	 0.5811346501755263
 0.014737235214969398	 0.9997297060871101	 0.017981342141206724
 0.9215926795190307	-0.30148281094790275	 0.24448936124069776
-0.6581997317831908	 0.5206891778497764	-0.5437424879027384
 0.15669450456305964	 0.9517934959003256	 0.26369674514785757
 0.7754084978918561	 0.529365834051695	 0.34425786140021364
-0.9705420139501756	-0.12073430703267868	-0.20849802460185596
 0.5198671725961364	-0.6822341634019702	-0.5140959726978156
 0.3585718815299189	-0.5877376705917355	 0.7252521191582237
 0.6090345185886816	 0.7166601115759168	 0.33981647935826675
-0.6346195203073587	 0.23155775776879345	 0.7373188382660154
 0.7596759920037931	 0.6493368079004462	-0.03541323310165012
 0.485067795814537	 0.5767380834686322	 0.6573297624028258
 0.49192428018260115	 0.6569672452157297	-0.571318248684991
 0.6696864049764815	 0.7352949330291197	 0.10421842664029368
 0.20544315627816467	 0.8744472453365065	-0.4394714150679897
-0.10741192474365914	-0.7836804722107961	 0.6118068289078884
-0.7911011282574381	 0.5378777107135645	 0.2912843510855738
 0.012709566220333843	 0.7997760493424843	-0.6001639257941278
-0.9581260957081565	-0.18594843081677667	-0.21775574802935216
 0.8075609553630322	-0.0579109163675963	-0.5869340926702178
 0.19640790464915522	-0.14856795336489959	-0.969201474526475
-0.5770683941190585	 0.7656275730445599	 0.2842648200230691
 0.2876116883334652	 0.6391277067469133	 0.7132988792942305
-0.5156400652318311	-0.7146662957855765	 0.4726176137173008
-0.8854697573768366	-0.3058560806635787	-0.3498504919135035
-0.1572923319128016	-0.023245716837747323	 0.9872784607040368
 0.877880641099776	-0.101995000392551	 0.46789165399392396
-0.620758853950029	 0.7645632344786053	-0.17349785510564542
 0.8514470657711897	 0.47834455555393285	-0.2149985589755008
-0.8426051790657945	-0.2896386145553838	-0.45401099675001055
-0.6895673245800545	-0.5771983379012335	-0.437423117353849
 0.9741900881388013	-0.06627403205460494	 0.21578096497916532
 0.0767836869684709	 0.5011278426625201	-0.8619600632998818
-0.5996744517890545	-0.6728177828877462	 0.43325140842415566
 0.9832249454477712	-0.15216936016162416	-0.10056436981967964
-0.1434094763108769	-0.989195427143578	 0.030432368006355626
-0.8282496342319665	-0.023632567235737967	 0.5598607372913929
-0.5733778525787909	-0.7394044693250146	-0.352872312479072
 0.7088979229365031	-0.43395489494104	 0.5560097876953449
 0.51877693698798	 0.7348022160534265	 0.43696246169704644
 0.021230742026717476	-0.9748661457220418	 0.22177748649952256
-0.8419583558386855	 0.5126295200062413	-0.16827686190200986
-0.10640393887659136	-0.3705725205337591	-0.9226885762903989
 0.47058269431194405	-0.7200042672968939	 0.5100448832096782
 0.9607810022082712	 0.21581326127694078	-0.17413931794020754
-0.7222424979156467	-0.47756988138450357	-0.5002926969274673
 0.7037152416100009	 0.46775534671572	-0.5347801364529492
 0.026943213393698522	 0.7247348336803376	 0.6885008962248016
-0.10309695304740644	-0.9491323641875051	 0.29752104719528316
 0.36667822090604	 0.08080882540076079	 0.9268317085914415
-0.17657131610142662	-0.8090573396495264	 0.5605789788151541
 0.3283917633706291	-0.7090128698307722	-0.6240669837162203
 0.3333896401554584	-0.2609755018090544	 0.9059487487118276
 0.10456501039625617	-0.9718244292913403	-0.21124260278975826
 0.06398885150892426	 0.14947336558905913	-0.9866930322354812
-0.22780540333543914	-0.9736861391648717	 0.006324603496187686
 0.5978975802278437	 0.7590110580258047	 0.25772213205745054
 0.9884907149172255	-0.10331912226496003	 0.11050459491274878
 0.10906101909483407	 0.8790070953999	-0.464168310368801
-0.8918896830738636	 0.22039266946962296	 0.3949175413557324
-0.14845601513195872	-0.9829049587221789	 0.10889744574824323
-0.4722679306454563	-0.6468058533034703	 0.5988365301284051
-0.7731986499007444	-0.5187080479757207	-0.36483668778904854
-0.7082838332228207	 0.12550993921205938	 0.694680694099219
-0.8290708885960649	-0.00637650418252361	-0.5591071470451272
-0.2716677077631898	-0.2553724657557958	 0.9278909204709889
-0.5414557433312494	-0.6614758314636037	 0.5189175294814565
-0.21183653643258332	 0.5905755263176307	 0.7786821107145716
 0.6396618698032496	-0.18733448302538835	 0.7454786943900014
-0.233290236041858	 0.19994255671253588	-0.9516294655919333
 0.553376029427938	-0.7459422226028972	 0.37060109362064697
 0.9268200120542177	-0.07129094091478845	 0.368676371631413
-0.2565347592629689	-0.06733457791713278	 0.9641866893432061
 0.2323573015353522	-0.34498224179839293	-0.9093939395371868
-0.4065411118983532	-0.5994593238891792	 0.6894728735336719
 0.7123007013601733	-0.6479560123133864	-0.2697790150266324
 0.8911335277940756	-0.45291003060470025	 0.027450679753603824
-0.3642528746253601	-0.9287998095618164	-0.06819645947624497
-0.10071781386322098	 0.4441119867749756	 0.890292348149414
 0.3883133419960886	-0.5418863676575816	-0.7453669653095052
 0.8383535581845903	-0.32345875551152964	 0.4387912316377449
-0.04130724416590988	 0.05207034625680067	 0.9977887504978771
-0.4032184707009245	-0.3174743391457582	 0.8582685528839862
-0.14601291551624337	-0.6473234435412123	 0.7480993168987613
-0.48243606145015583	 0.862880119581277	-0.1506431075219261
-0.8090408793020999	-0.45703098192613445	 0.3695612766209664
 0.7809701394544663	 0.5203174036066246	-0.34547856776438746
-0.313206780903189	 0.9157099787109404	-0.25174738784239836
-0.31650680239684387	-0.17733931583410734	-0.9318659834418337
 0.6402096892454743	 0.07036653766625629	 0.764970655759472
-0.31652917564771027	 0.17322804750300264	-0.9326313979928396
-0.7197048505248441	-0.08920290065374922	 0.6885257951928665
-0.7972197209876911	 0.39888133184889213	 0.45313838898372083
-0.8438628381880091	 0.05054404694941951	-0.5341730147089545
-0.29320182522963284	 0.530669278626926	-0.7952501533502461
-0.055151253104753384	 0.6363782585764753	-0.7694030486631491
 0.4816165945279499	-0.8668506822121762	 0.1289005454743497
 0.21112490222799468	-0.6137365444494373	 0.7607586540201061
-0.020481095910061857	-0.9840159739234341	-0.17689852394477024
 0.4850661548261166	 0.6497748489045589	 0.5852379611519263
-0.9909867374341289	-0.13171128250031966	-0.02444226445691733
 0.33532825818911666	 0.9417460858054728	-0.025870236371631217
-0.30268824455385085	 0.85943629625748	-0.412006164133661
-0.1586161126770892	 0.4883328354159121	-0.8581211864613674
-0.7138956497904584	 0.6805022609243677	-0.16513532053162616
 0.481478207243075	-0.5864715046762958	 0.6513293407737104
-0.02459384709165317	-0.9989690880824753	-0.03815630669889325
-0.042577378733589036	-0.6332198874637789	-0.772799935908729
-0.047896841487308994	 0.47545368329004994	 0.8784359325650701
 0.178506190487164	 0.16058870653145904	 0.970745490482605
 0.29964393513688287	-0.27348000941417394	 0.9140143306242561
 0.6245024444905127	 0.37164343562528107	-0.6869336602482161
 0.7487692027662073	 0.515654006765017	-0.41646803754435013
 0.5537429971839316	 0.831345190160752	-0.047263811381853316
 0.9575058723880338	 0.24717560141955897	 0.1486160368375824
-0.6970978446864035	-0.5195255501238343	 0.49411314261219386
 0.19195833129283574	 0.9458668624122302	 0.2617018869586405
-0.805750374954923	 0.25212433309877647	 0.5359101173886329
 0.24622546973966808	 0.9681524631294443	 0.045319159169935785
 0.40008765295837956	-0.7290902692455583	 0.5552992429687749
-0.7364567997933166	 0.33868842772816976	 0.5855950229990068
 0.03962844750735053	 0.4149718197875663	-0.9089708328270785
-0.05620653859230486	 0.11727449471476449	-0.9915076993694343
-0.3294742998377307	 0.7672406550775717	-0.5502621765509381
 0.11676127502272246	 0.3183766839742907	-0.9407460293599983
-0.4290440453567567	-0.7109854346942698	-0.5571543042968523
-0.4717038979067299	 0.7753152075307591	 0.4199782871424822
 0.3697322609917922	 0.7785431626038771	 0.5071179341579728
 0.5610765629016811	-0.8186046984667166	-0.1227983640389887
-0.9416843904262964	-0.33517411296496724	-0.029813131764409917
 0.3295782978397676	 0.3127574750507664	 0.8908203564091419
-0.9307455280405672	-0.31056771724401483	 0.19302967398389148
 0.3932686735142972	-0.25840076066286827	-0.8823654556481437
 0.19956027128286816	-0.47941318444314	 0.8545985588026672
-0.0121221999367872	 0.9999002324531782	 0.007251028118334002
 0.8146197965983993	 0.5182055020446156	-0.26049499926230935
 0.12443045188066076	-0.6879254613731584	 0.7150353992910434
 0.2835049797246161	-0.11426595775005091	-0.9521387595150239
 0.05494954608662796	 0.9623347943082189	 0.2662560629330937
 0.6100283699402232	 0.6400743939670148	 0.46708688491096884
-0.4197792098307493	 0.3376496439109414	-0.8424833131645315
 0.016232886101191255	 0.23726409283323757	-0.9713095508955147
 0.45878115593948876	-0.7954138097293196	 0.39602616358861487
 0.2164273917889051	 0.4201651420932642	-0.8812607091282345
-0.540531508813858	-0.7631264239532236	 0.3542086236157711
-0.7314071143701963	-0.677105618066652	-0.08106549840246302
-0.532558917851195	 0.8106428853327109	-0.24339086153062794
 0.16755920789753714	-0.9855214647576639	 0.02591050656893379
-0.19521875435532268	-0.7615519812291095	 0.6180034124776126
 0.8423139080127346	 0.5381748861174235	 0.02958162133509079
 0.27996847068546443	 0.9598746142686773	 0.016074212409947997
 0.8137309216884425	 0.09789961265076923	-0.5729377391400459
-0.819714650587006	 0.5332918504134045	 0.2089681647899264
-0.6284397459540956	 0.6629515735401029	 0.40688904734073805
 0.19994083025692388	 0.5692222719850498	 0.7975021438669303
 0.6634491552669921	 0.7083383653619564	-0.24102277596083366
-0.8673696187032058	 0.31688128510562286	 0.38373974996143434
 0.2616875868759347	 0.7923762636588861	-0.5510530497738246
 0.8702809625101647	 0.020888122823087628	 0.49211252028099106
 0.9614446319907003	-0.13216449941861289	 0.24115713696611651
 0.690763127587586	 0.3978540422604318	-0.6037867691680987
-0.020112925334376294	 0.5468166584633609	-0.8370107599436569
 0.8340550464438892	 0.547699960401435	-0.06615839234555465
-0.7704732375242077	 0.278075192248109	 0.5736245965046678
-0.7881994106934934	 0.11188936388419718	-0.6051631674449622
 0.3439954864797732	-0.9293945716425919	 0.13376410386507787
 0.4611954382609385	 0.17772481178625513	-0.8693173522959501
 0.3350027780508896	-0.14131413117347177	-0.9315596894611065
 0.6443871750972328	-0.3830815293832119	 0.6618260424126778
-0.6091594440684411	 0.17597847244267364	 0.7732763729346519
 0.8224392805320254	-0.5100400268421704	-0.25189839391469415
-0.25664583954129877	-0.05820840496543619	-0.9647511050201092
-0.9297310273592759	-0.3407486036619372	 0.1396087599970186
-0.258278160896854	-0.2877715310291064	 0.9222146916704932
 0.8324922053925643	-0.12461621124480197	 0.5398402799491859
-0.9261073132979679	-0.27446291799197553	-0.2588346014414411
-0.9470054524748432	 0.08346188279874121	-0.3101850852355843
-0.27004801630769354	-0.8875047762737549	 0.3733756030856219
-0.49890748300813137	 0.6452413990715106	-0.578580037957352
-0.5927619747093114	 0.25085033903234405	 0.7653151956848079
 0.6512679495961037	 0.7582497757567297	 0.030122008461523686
 0.2547539640895298	-0.7482101454750419	-0.6126026411866727
 0.5813957604763366	 0.7185516073220996	 0.38165764411966063
-0.3340739748324873	 0.1428411146520017	-0.9316603433143413
-0.5025297858797413	 0.3414662433583378	 0.7942698653168241
 0.26009061368487185	-0.5811484642791203	 0.7711156431684205
 0.5022655310744609	-0.8616693829273749	-0.07249283288744035
-0.17154998218523262	 0.7835472875972167	 0.5971802506038617
 0.9296295880358566	 0.1434130745223224	-0.33944295412386793
 0.7344045021313674	 0.5400082401437508	-0.41114611493485786
-0.6853625477532479	-0.6811402678037113	 0.2575385674291628
 0.5254622645513726	-0.4101083767128362	 0.7454532365497555
 0.9938859048131622	 0.11025587743693847	-0.005869387049127761
 0.17963967226019079	-0.34018861753983903	-0.9230391609496231
-0.5057427459915043	-0.07557927452750372	 0.859367237063916
 0.7779931855012566	-0.3935648147047803	 0.48972782230541
-0.07071628512763732	 0.3091422733006545	 0.9483829721564228
 0.7973892633996398	 0.579581955752745	-0.16809259109432206
-0.6872883749797069	 0.007508382458233105	 0.7263458637664393
-0.867581881346591	-0.1372482238002762	-0.4779797110995183
-0.4869659626087945	-0.7356918036054408	 0.4707671625849277
 0.29021172342778295	 0.9438717820436707	-0.15774414298724815
 0.8969762765478343	 0.4278728201527439	-0.11116838167806842
-0.042156559586839316	-0.9791296926309859	 0.19881617009728458
 0.9532807797081768	-0.25726045143352694	 0.15834397736317052
-0.6212413254279322	-0.5427921105953752	-0.5651866419652571
 0.7613867039973384	 0.3516206189452434	-0.5446588173422267
-0.5376031263176954	 0.5638593847672456	 0.6269333878358556
 0.7246241351276185	-0.35340788367005976	-0.591627188819446
-0.44353787306023096	-0.8464135628626793	-0.2947172132117697
-0.9688425692017558	 0.20355931387391132	-0.14109458472146752
 0.24035451789606324	 0.9252621752156587	-0.29346143331303143
 0.5726070630839423	 0.13122942170647842	 0.8092589141831961
 0.8653835833469997	 0.06942849485754807	-0.4962770776243064
-0.8653236640842268	-0.0716728419046679	-0.4960624558552651
 0.8302272323548774	 0.10006333631809662	-0.5483703779210289
-0.6141732592783093	-0.09984075729783225	-0.7828301417099714
 0.47805895733580095	 0.6886886452923091	 0.5451307945405863
-0.7569870458735487	-0.4098353902051228	 0.5089258937360652
-0.49117059365479226	-0.7694451584951745	 0.40829596617788777
 0.019082965617089255	 0.8437691218798392	-0.5363669540392866
 0.498840638091115	-0.4891592637651156	 0.7154587566461252
-0.6044273137988728	 0.2944082995526164	 0.7402643956644246
 0.42472301571428944	 0.7605659593694042	 0.491070037134274
 0.8311708880046622	 0.538251716826244	 0.13942755920958438
-0.06220514448581876	 0.9877110898735431	 0.14337825128071602
 0.5295513117810837	-0.8315831131210384	-0.16746621797501682
 0.23310934114225004	-0.9707382789511663	 0.05768213632619523
 0.6198417276229056	 0.5058605482298764	-0.5999177764010837
-0.452064165989063	-0.012596226994246817	-0.8918964765566251
 0.19020589476299915	-0.7696662022564322	-0.6094552113991376
 0.35290218248358174	 0.7623125399347037	 0.5425307742945331
-0.5213128561818449	-0.3847530179864766	-0.7617073067325961
 0.6883533779364405	-0.32912028345469896	-0.6464127675890927
-0.7963463731739155	-0.6009543155495697	 0.06845702706880297
-0.5891448853876439	 0.6578578359506838	 0.46918159778476287
 0.10257358460518132	-0.5460793330807767	-0.8314301063368452
 0.04667020413107602	-0.473789418710703	 0.8794006360949131
 0.2904219815757575	-0.6288103351851785	 0.7212854046644184
 0.45448070369325727	 0.3025731632135506	-0.8377927971004693
 0.16153309024473853	-0.6179647424208783	 0.7694326727405607
-0.4288221099078977	-0.45812301338013445	 0.7786108801356708
-0.436510945853251	-0.5938237385125057	-0.6758931585164412
-0.07655141516593635	-0.19059284981648997	 0.9786798487937316
 0.09943377862924437	 0.2149791763085961	-0.9715435540526158
 0.1849155484221033	-0.560807624444446	-0.8070322473834177
-0.12245082561153751	 0.9817185212377125	-0.1457207616158107
-0.5935288547473305	-0.5127038250386474	-0.6203694756941722
 0.26402896146562627	 0.2348297683155499	 0.9354911476974264
-0.429331179385165	-0.9020606330930964	-0.044287161022417365
-0.6436356289586284	 0.7466623213673975	-0.16801355595689338
 0.07050855224754833	 0.7463697885302804	 0.6617859796257544
 0.8382057172938304	-0.47418983665756564	 0.2693606769864645
 0.9052346902270284	 0.4248425754084416	-0.007677351750344563
-0.742056282814778	-0.6064623954696579	-0.2855798242458987
-0.8275269973588945	-0.45412646862344974	-0.3301033461474865
-0.019102600740133226	-0.9995446916363577	 0.023355942852764988
 0.6012365294467641	 0.797536481076574	 0.04949946475272027
 0.9089862284054598	 0.3844409413938543	-0.16108755119320728
 0.8954159986123332	 0.3196091618031197	 0.3099680195126351
-0.9006094668475022	 0.12967194340194685	 0.4148346361130182
 0.006431823779754516	 0.9841396886690373	-0.17727860792909156
-0.3307184917428584	-0.3148234000203783	-0.8896693239732039
-0.7964628482329846	 0.5761062624138659	 0.18370766394499594
 0.3080872147430723	 0.22552857200765244	 0.9242397585691957
 0.21595161919851383	-0.2364746940492984	-0.9473355357210194
 0.9913342567727251	-0.029326855198879304	 0.12804814295026978
-0.40311549011185976	 0.3734151528253055	-0.8354992670686963
 0.16801643695191487	 0.7029096805122744	-0.6911500979932763
-0.7400340034606915	 0.12522141190315625	 0.6608095578326039
 0.8641502427247987	-0.5005194233248877	-0.05219832251321321
 0.9400206706456523	-0.24704219907358285	 0.23522604157657834
-0.2201132487534357	 0.15283602773906257	-0.9634268557332999
 0.8379494350308525	 0.2307920239787961	 0.49454604032308835
-0.9782329542013323	 0.11345126932772782	 0.17375009871209168
 0.7839251492583139	-0.1877889264345779	-0.5917741794543583
-0.3005487326850532	-0.2694879023119156	-0.9149025793979007
-0.5943767544731647	 0.2847523448250281	 0.7520853514452968
 0.48865661557617873	-0.6552762741570779	 0.5760448911156602
-0.9988333661639595	 0.007260111319087609	 0.04774094072395374
 0.226367989946822	-0.8027287712434051	 0.5517101167692038
 0.7078588671503254	-0.25813627656696936	 0.6574963778735203
-0.02897805017028989	-0.36837247779843213	 0.9292265548341652
-0.6013659687628103	-0.5443159073591511	-0.5848753410853891
-0.1366243596229079	 0.1384435865346417	-0.9809011967089527
 0.22860829772189942	-0.8600244769506232	 0.45617556407429616
-0.6183771316985057	 0.7392224797445324	 0.2667580334922892
 0.9577452711832433	-0.15409916099927834	-0.24285272101719269
-0.9565584573356712	 0.2645805228775908	 0.12244617026849647
 0.15378587173918604	 0.6984542081225033	-0.6989360663246571
 0.35860574012784646	-0.5517302530202532	-0.7529911361029202
-0.6511793614396281	-0.04301927372906456	 0.7577036236701671
-0.2653114826640226	-0.9275623121482	 0.2631310970769196
-0.9918214874472413	-0.07940618080746643	 0.09992394851842934
 0.3457040053789906	 0.9220701739776282	-0.17399808885671497
-0.540591350045394	 0.504492500135891	 0.6732371867052029
-0.1175875576653188	 0.3874779971167327	 0.9143489312252246
-0.05076411831501789	 0.4452059525552815	 0.893988067090967
-0.24751709391934257	 0.2639568812994131	 0.9322349773701966
-0.5506925198390081	-0.8342448378188367	-0.027808257154780636
-0.8431683103028446	 0.04161498336513469	-0.5360367465580747
-0.524216720053881	 0.1498769384044521	 0.8382921529815599
 0.6887151498094455	 0.2976673209968799	-0.6611093770576042
-0.9334918218196002	-0.2968388200097279	-0.2011957592275646
-0.6319291142489504	-0.7739983775261321	 0.03990120488722115
-0.13491508655252618	 0.7513252744363277	-0.645994002614344
 0.3147145972612519	 0.7580391014822336	-0.5712542716642879
 0.6212551956521717	 0.779353204504143	 0.08155099327602056
-0.3788739105232327	-0.8871707789675527	 0.2634057115381885
 0.6236761710926388	-0.6193292471507749	-0.47692695167591426
 0.17878385940914945	 0.9827606470829187	 0.04709397158801254
 0.7038672669143551	-0.3696705038388618	 0.6065596336371537
-0.9213402014218869	 0.1008202660741229	 0.3754563985240096
-0.1334580137584969	 0.6970151762028469	-0.704527361219244
 0.4147738954648463	-0.2913887885149614	-0.8620064904446485
-0.4345793552059425	-0.20794363766303064	 0.8762991655731811
-0.9471082492177698	-0.040660222828932606	-0.31832799208230544
 4.654408787641279E-4	 0.815031456995047	 0.5794165233002242
 0.6348760740636996	-0.4315628916273175	-0.6408477519284375
 0.11783125938747155	-0.35830561458655247	-0.926138694185118
 0.041437192703361624	-0.9701366994830152	-0.23899318688420013
 0.38358521897488446	-0.4867884358398107	 0.7847925831177436
-0.9213932157211723	 0.11648626307313803	 0.3707633915831674
 0.03651504565900854	 0.30030237554643063	 0.9531448655276338
 0.8232410730362758	-0.41852238294239474	 0.38355332177195467
 0.9559016598171776	-0.2723765075581364	-0.10983193929453128
 0.07652499982776287	 0.9970471469790285	-0.006396178729541013
-0.9468917661827538	-0.3205989726017717	-0.02474433070409421
 0.4699308360735941	 0.6629864584825604	 0.5827640733400825
 0.7138022404588957	-0.35507053549631135	 0.6036648708830286
-0.3617884464537304	-0.0321079422482708	 0.9317071428604473
-0.856977139891809	 0.06343381374995878	 0.5114355609223808
 0.8820960482422506	-0.4383121064088486	-0.17259507249873418
-0.2641036782409506	 0.912643076925557	-0.31198054631571503
 0.9641548828220279	 0.07361083513467771	 0.2549251005319346
-0.3314355910165948	 0.8383361529161021	 0.4328313109299169
 0.6490199954596136	-0.1825206830356542	 0.7385521279894882
 0.13248159254371839	 0.14940787980322823	-0.9798601497610688
-0.39079728090731136	-0.6381972513267574	-0.6633112042129421
 0.8076580806898801	-0.5823374681627309	-0.09258238423242049
 0.6526770949121677	 0.282360686325136	-0.7030540893807613
-0.5567546358316117	 0.6273067294376006	-0.5445278162613096
 0.6971604776729212	-0.5642279879969507	 0.4422827669396323
-0.6485315832531399	-0.7095374879286613	-0.27561447485039814
-0.15526344224795371	 0.060592748122180386	 0.9860130741406619
-0.17633553634006607	 0.31516568436193515	-0.9325107881543968
-0.04590469677063718	-0.7472602765585777	 0.662944068449212
-0.24371930497047722	-0.08275000133112666	 0.96630913152283
 0.29722132749975794	-0.9368862939772649	-0.18412917921075866
-0.20770819684578815	 0.9637629720537906	-0.1673864948588022
-0.9106129797509448	-0.13351217434806342	 0.391099092826815
-0.6125735522417042	-0.7089928417395885	 0.34940348231808316
-0.14527525955340884	 0.9340098449792243	-0.32637510389669
-0.41216929508351763	-0.6183892580932867	-0.6691122459387442
 0.9852108569771557	-0.16832203104810056	 0.032050915091160315
 0.7551097149151488	 0.6535181847920748	 0.05218525257996198
 0.7536717186686119	 0.6549686900702109	-0.054726186664271204
-0.0035506255489277097	 0.8462938631331054	 0.5327045055952275
 0.4889083389405909	 0.18463778533443773	-0.8525711256787591
 0.5891553414962006	 0.4838310638975792	-0.6471502802241778
-0.9801961638609494	 0.13436747699481336	-0.14546773346116004
-0.12814443457473296	-0.6394339595587674	-0.7580918250782807
 0.5858363867579996	-0.36074285273794454	 0.7257136640224029
 0.7083497353994197	 0.6981096719352202	-0.10432419810413673
 0.8007014695497909	-0.37906084010850444	 0.46388580077109487
 0.6650213180156244	-0.13555722774509266	-0.7344187392699255
-0.8490962617278792	-0.4779936789069909	-0.22485013063083037
 0.36206226276778974	 0.21604516059496598	 0.9067719704881505
-0.8281008028289975	 0.5169548399519063	-0.21681040981527833
-0.6834885301685139	 0.7201676950261293	-0.11917180945524208
-0.9965758500347761	-0.050277571381752234	-0.0656410004754362
 0.5712720226774529	-0.019695658810020545	-0.8205244403002576
 0.09625088217549413	-0.35177379305272166	 0.9311234967509627
 0.6056388148950725	-0.4310650902453721	 0.668868084052634
 0.925803884039747	-0.2351423851526019	 0.29596490839568146
-0.4300661774285701	 0.3034192618806622	-0.8502822087705773
-0.26273649433853347	 0.9427986118857635	-0.2051836055073002
-0.5999748250184249	-0.36236011380582783	-0.7132498561280876
 0.2854882560389216	-0.4199895428813791	-0.8614553032712409
 0.039196627378225074	 0.47024114046985876	 0.881667110769013
-0.3003773165549027	 0.3974923387460141	-0.8670486193619709
 0.7541441064219883	-0.6084866513532801	 0.24700336409420176
-0.8247090722723689	-0.5131414801582859	-0.23778302599767742
-0.15483671009482314	-0.9462506401122427	 0.2839635879724416
 0.06867485022580172	-0.8203898733699324	 0.5676655887215025
 0.6244140224956177	-0.2919845076363221	-0.7244668217463217
 0.9672799274281418	 0.22180180499886493	 0.12318076673675238
-0.7858235762660202	 0.49036801447485	 0.37685609636103234
 0.6305147065210472	 0.6587070846826624	 0.41055594192453904
-0.7183402213107113	-0.6187193807544887	 0.31807806325815724
-0.8383165138821147	-0.28862394465428315	 0.462516638754477
-0.3528209747378852	-0.09789173251515323	 0.930556053384314
 0.9571650327446131	-0.17337636486012808	-0.23189595985892364
 0.44250819768172606	 0.46705288679714657	 0.7655377821629199
 0.15326425581571626	-0.9140882730277374	-0.3754366750897189
-0.29684423652741715	 0.9081786238975045	 0.2951187664925594
 0.9410036638992686	 0.31318558169428695	-0.1281674527599086
-0.1801814507196442	 0.17195486354584386	 0.9684865356418202
-0.19212582564302236	-0.6447921360062872	-0.7398180644357344
-0.5769025520566338	-0.7750517188361415	-0.2578338196584875
-0.2635703418033185	-0.961440364004462	 0.07850542264486982
 0.05380887757805428	 0.7896581514229248	 0.6111829583562676
 0.8551006959166592	 0.3418694592534536	-0.38977951802601996
 0.16693100131655167	-0.4800041285574319	-0.8612375266831291
-0.2750452487278402	 0.8297352023651106	 0.48568467662504
 0.049298810441151246	-0.16766816049442038	-0.9846100828477762
 0.2257932995832176	 0.2717353125616267	-0.935509115813608
-0.6213432096402146	-0.29411220243324476	-0.7262441932393418
 0.8483439335729287	 0.3558287213808281	-0.3920439916775864
 0.2782753373106566	-0.17558541079146597	 0.944315942977684
-0.9234870810423003	-0.332373330230145	 0.19157134571666723
 0.7109415262638343	 0.25109119466514584	 0.6568982860346642
 0.8862984644084546	-0.45932339441195413	 0.05913587179619406
 0.09615815778567614	-0.9951001134352229	-0.023008105799294132
-0.6764028922980619	-0.4721943291375361	-0.5652536092951277
-0.4580032023790633	 0.0035677522818367883	-0.8889433827607798
 0.6421591971603183	 0.6992086209055635	-0.31422741757166195
-0.004166306725871188	 0.999717638376939	 0.023394131877498836
 0.6525672705219902	 0.7385530505753066	 0.16939701570390264
-0.014948683844854222	 0.20888333415519708	 0.9778263084840348
-0.09137546558702275	-0.9910561074493498	 0.09725387486418002
-0.5028953906665625	 0.862863310252978	 0.0506274023192832
-0.023062288758940275	 0.7301979453941538	-0.6828463160765792
 0.3231118721099295	 0.5859556439171233	-0.7431384133950323
 0.01674995718076978	 0.2719457865473458	-0.9621667880952802
 0.20062919697998832	-0.889966979664107	-0.40952008549851615
 0.8604076486088521	 0.46335941387838003	 0.212124330961043
 0.11947897506486659	-0.8581903699448781	 0.4992334758921142
 0.8896540645957233	 0.04793355882615354	-0.45411234214296403
 0.33044138512272764	-0.2800002423238621	-0.9013369820975681
-0.38303815095843935	 0.13020287481409493	 0.9145102439560122
 0.0826724678887025	 0.6263707346381614	 0.7751289994846287
 0.1488251844526113	 0.741463910616776	-0.6542800117117471
 0.9599513692773445	 0.0939283989569469	-0.2639523148069287
-0.8373795008914251	 0.4334220297142573	-0.3330779422975969
 0.5488567804907591	-0.6954488770577124	-0.4637963927290569
-0.8612030230597035	 0.2902752155022727	 0.4172165532885017
 0.2902802934947071	 0.8875383097336282	-0.35778918368754664
 0.22288274102980926	-0.9238077704961839	-0.31129164287193634
-0.6597932189259108	-0.2907984843696368	 0.6928990905952375
 0.17001251546579382	 0.5593275555068735	-0.8113251076083485
 0.8595531576203157	 0.43289707665751953	 0.27160355344935794
 0.9944356577023051	-0.10528387019589797	 0.0036096214146581485
-0.14282527226599964	-0.671575179425926	 0.7270403840098418
 0.9069826238986175	-0.29750912585524014	 0.2981121265209281
 0.20978935601206686	-0.46023535677777483	 0.8626539529125665
 0.27695993747419095	 0.818124314787939	-0.5039501945500744
 0.7158174497068605	 0.6797044046409695	 0.16002281401985008
-0.7663377914651548	 0.11733341825171105	-0.631632217618511
 0.9132133837976737	-0.1184599754717853	-0.3898827386074264
-0.9869211513325149	-0.11911315357025577	-0.10862181042061492
 0.11819399991150915	 0.5840074648315396	-0.8030974158879831
-0.42164223581949956	-0.5221814432521573	 0.7413125962077183
-0.29061667071788966	 0.736368864254847	 0.6109851442194616
-0.617305552787427	 0.7733156380519193	-0.14462634076184755
-0.2553879963782469	-0.428488053416125	 0.8667035014268516
 0.4145521128729126	-0.6694048687925314	 0.6164768181768538
 0.9838579428200832	-0.09069269420333068	 0.15426724723017227
-0.36528316416471207	-0.20375154236281387	 0.9083245669707445
 0.4704757969769889	-0.7123718451984684	-0.5207483832211066
-0.16731138582184554	-0.8252541030139221	 0.5394094600885866
 0.5142691754985388	-0.744941836768563	 0.42495749783235137
 0.888083291778994	 0.29918212690680024	 0.34899587648353303
 0.6599848192457068	 0.21834267865681412	 0.7188508280875656
 0.7224592907734279	 0.09335718021108003	 0.6850817543025005
-0.5786206213860531	-0.11461873197456174	-0.8075027695230286
-0.4678661631766813	-0.002005095683477509	 0.8837970541621143
-0.6505161932757173	 0.734002718310074	 0.19511199809210034
-0.44969919635808264	-0.1430706329845035	 0.881646996689893
-0.5386259622736671	-0.6347542161990826	 0.5540479742605819
 0.4993990346460078	-0.19759619380192595	-0.8435379946330974
-0.9104326729909699	 0.3446514119633479	-0.2287526003834457
-0.6927292931497544	-0.6983402189830702	-0.18013068856505088
-0.2212265614578416	 0.9269944429698581	 0.3028863007937832
 0.9453543750151587	 0.3005272995418077	-0.12644543435730382
 0.01274278802023818	-0.8601654374451052	-0.5098559027591443
-0.6911418763610823	-0.39309269146122394	-0.606466027622202
-0.19507459766307672	-0.9807576553812273	-0.0077667726699388595
 0.10192290445689965	 0.6852805185642195	 0.7211118723356482
 0.8126558881380842	 0.038473890947600224	-0.5814724130944249
 0.712886933195251	 0.5869007067569338	-0.38384864320156353
 0.29721689096323967	-0.9173476901223452	 0.2648307670066743
-0.012048867043764714	 0.9725785023464983	-0.23226252727550367
 0.20491332042755264	-0.9514866602830717	 0.22952922780056095
-0.9832280457989327	-0.17248166975058754	 0.05926789649094366
-0.7626929645395493	-0.38649239963537296	 0.5185779274766378
-0.026481320714511272	-0.8923620646073391	-0.4505426564743258
-0.8301655232868508	-0.5352378646919661	-0.15603086920816045
-0.2723355698738624	 0.9270525429221271	 0.25769540167239335
 0.09868743123494227	 0.8725029260930448	 0.47853885409162245
 0.570494533212957	-0.6260054562742988	 0.5316513484314107
 0.798269166470722	-0.6002771441465855	-0.049332424199081126
-0.4605745352027623	 0.8872111377402463	 0.026972107674728685
 0.6928796496196985	 0.6746973875316402	-0.25436435756776854
 0.4950387961252388	-0.1453445206596827	-0.8566280176629069
 0.4308099184669702	-0.535897146591525	 0.7260971439315431
 0.4498736357716008	-0.23495433874847788	-0.8616322710651607
-0.2852383451251551	-0.9523906618034753	-0.10766203499749194
 0.9868291154377092	 0.14096006404611736	 0.07936345045764437
 0.028997944256304208	-0.8185601945680954	 0.5736883536359703
-0.7920442631226122	 0.5334870542316849	 0.296744752644015
-0.9575642708881448	-0.22850248365666617	 0.17566240941416833
-0.19173145668301433	 0.29864539949488095	-0.9349063984585582
-0.8176493871418087	 0.5387017690820112	 0.20310067379143804
-0.08897550433153986	-0.987058679770952	-0.13341110267805156
-0.12331839125407631	-0.8905778438721952	 0.43779410501108673
-0.6246279068233335	-0.035593445371515375	 0.7801109438176637
 0.48146021145574847	 0.10812849750235816	 0.8697725523450763
-0.1314945572001049	-0.6933732121621454	-0.7084791952363152
-0.5972576181968762	 0.3202069267796917	-0.7353576419322094
-0.05198414917326996	-0.4991397541287485	-0.8649607818178946
-0.27806542006866336	 0.32212732320664955	-0.9049384563636118
-0.6215288545081886	-0.43337355239765235	 0.6526019055258558
 0.01864421371957947	 0.9994518740486078	-0.02735589069112354
 0.04662702461265318	 0.9142416510026703	-0.40247748278342566
 0.6737949213944122	-0.27135804159077	 0.6872883071660101
 0.8450393369283962	 0.4351381162347734	 0.3107464220924667
 0.419992244652827	-0.7534575082080052	-0.5058737962737976
 0.9549474643707043	 0.1778680544577196	-0.23756745462160445
 0.7217977050231106	-0.31551091336003595	-0.6160040069464536
 0.23002409709636581	 0.3130873426721775	-0.9214473563983328
 0.07776624314324225	-0.9601467687938378	-0.2684596688557497
-0.3605452085947009	 0.3571601625127966	 0.8616517689143546
 0.9077707537339311	-0.4145150358493451	-0.0642615259711965
 0.06055211735831477	 0.989246505610934	-0.13313448922041649
-0.5341460802227549	-0.6427733022007207	-0.5491178807511621
 0.3768482130894965	-0.7130227603885204	-0.5912562620887731
-0.9450827628224157	 0.3232437432001979	-0.04829134392284207
-0.967763146833843	-0.015526166289694983	 0.2513830340150309
 0.6347032202003167	 0.2921738768655625	-0.7153923734180394
-0.6417404060458786	-0.3662388954139145	 0.673823658484968
 0.24271525734555982	 0.6991861668419848	-0.6724790018643636
-0.5317779564424715	 0.8414955315754215	-0.09538068662191423
 0.02152921213491764	-0.40433134805729887	 0.9143591493516194
-0.9698419049294148	 0.1599125016419873	 0.18394203234031448
-0.5000981997622459	 0.6471079376157434	 0.5754590408267646
-0.7274146167369524	 0.1825762276024883	-0.6614634505941179
 0.8885795288752072	 0.45870674803665284	 0.0038131574257396217
 0.9960164787743093	-0.06962686570074063	-0.05570703351208883
-0.4030677532752761	 0.9069347057986792	-0.12249826809993847
 0.417070103720777	 0.10177375636319291	 0.9031581429063604
-0.0981112382289305	-0.2900700344229026	 0.9519630035159361
 0.812679929977708	 0.09100153874957177	 0.5755606409029701
-0.13637780275910555	-0.5579977434712922	-0.8185594744400337
 0.1726365086877142	-0.8405296406549093	-0.5135236694142209
 0.06588039855391616	 0.9971357839217586	 0.03714837155404194
-0.052138659542675096	 0.3446440701684541	-0.9372843885816164
-0.4452175314172924	-0.8809389010492591	 0.1603995085304688
 0.5085167971910693	 0.01220218502551875	 0.860965605384524
 0.9925866466875242	-0.11950468387460307	 0.022144510598505418
-0.8473609503048538	-0.43072396520298695	 0.3105741227119079
-0.5218102981628877	-0.559527084601931	-0.6439281437614153
 0.9804879134972512	-0.1541285989508745	 0.1220156812514166
 0.8527959984618345	 0.4784355025248473	-0.20937634759274903
-0.5395346979606314	 0.26681827080884807	-0.7985676678022386
 0.8116120836747421	 0.48478884394343613	 0.32598405240307415
 0.29234460630737097	 0.4636400557743912	-0.8364045252415291
 0.32755511721891595	-0.23671183145263103	-0.9146994883753043
-0.7419754226842666	-0.5717609526744869	 0.3500883961648358
 0.13719200636639828	 0.44512083245963807	-0.8848987500836472
 0.5293796990559506	 0.5609582609810159	 0.6364612821410158
-0.1470495638529268	 0.3681219846935251	 0.918075503515895
-0.3356061953000888	-0.5720255668315098	-0.74843518928982
 0.6571063342538884	 0.7428655975034659	-0.1279139145254946
 0.15904296931146045	 0.92897878317906	 0.33422111590344916
 0.4798471198563899	 0.49775406417682116	 0.7224871162595112
-0.1514964500890295	-0.10223272452778086	-0.9831568011492617
-0.7923155938653984	 0.606142657541733	-0.06947717917393037
-0.1840466818529057	 0.8725299916301856	 0.45256848388366966
 0.9502703440124652	 0.2532742609303176	-0.1812137468312831
 0.7908477618874599	 0.06931081347615838	-0.6080755122950343
 0.04213212031470754	-0.9835916902562455	 0.1754202704839123
 0.7396617555323463	 0.0895284238582417	 0.6669971129804586
-0.33446363276339536	-0.5860118786731014	-0.7380543045147387
-0.3686154246341714	-0.556670870594689	-0.7444731093552812
-0.1561631652181668	 0.07739337940852192	-0.9846945367233293
 0.38607185556821255	-0.7911882000545198	 0.4743097663264024
-0.5888687812342399	-0.4897883407851961	 0.642915966296207
 0.9255506078084677	 0.24254901153726774	 0.29073363993124435
-0.6171234200889559	-0.10205336603862329	 0.7802203501946721
 0.5513851042476039	 0.37891702660248733	 0.7432337140930765
-0.22257264750596842	-0.340714561607344	 0.9134412975615342
-0.9767890221796863	-0.21263157636841026	 0.025904032125079413
 0.8060868031917424	 0.5764117803639963	-0.13406537650611083
-0.3437848908013158	 0.19082624484781938	 0.9194548891239893
-0.5921107461315597	 0.04227000696416227	 0.804747234121856
-0.017577226296457766	 0.34028204275933205	 0.9401591208360738
 0.41740187365851433	 0.7924829986693083	 0.4446868254023979
 0.4277732723389285	 0.3570337567828598	 0.830383600506394
-0.40941247366333455	-0.05940544644320877	 0.9104133233547016
-0.5572397487279719	-0.051462667269265155	 0.8287553657836066
-0.725947330672462	-0.6848802054935976	 0.06276605143367342
 0.8446142361415848	 0.02097750024802407	 0.5349642386088169
 0.27193316594253203	-0.9623088634878625	 0.0037422604358414713
-0.42226150498411785	-0.8979998852675748	 0.12365851150636686
 0.4383384810085333	-0.8971407498682447	-0.05475263457565682
-0.9848749966817274	-0.0563673777061314	 0.16384126355012585
 0.7367641939542795	-0.1471692441827073	 0.6599391911938488
 0.055984821587231226	-0.9294679202533213	 0.36463006591861213
-0.5745244174178729	 0.46754295879002405	-0.671807469053838
-0.12177116583475608	 0.9731757104243647	 0.19519431295833756
 0.7801738686924314	-0.5749116045718492	-0.24658747238679113
 0.8285671687787888	 0.2169724554384773	 0.5161389351743384
-0.8972984813481548	 0.25350899547402955	-0.3613704810634697
 0.4571889145652893	-0.040537095564677945	-0.8884452939161718
-0.47215204391049503	 0.875884794966404	-0.09949006672930905
-0.9177330754171277	-0.22775818001963297	 0.32541083835601614
-0.04464853036664259	 0.5366503791866427	 0.8426226197147402
 0.20506288820809407	 0.9717203799396832	-0.11708422220620696
-0.584294071041357	-0.6956117839564065	 0.4180008188591302
 0.41569882540279257	 0.8083102856655279	 0.41692801374584
 0.5124112718873468	 0.3553985086610267	 0.7817458592690527
 0.06804445974362194	 0.6238826824830154	-0.778550158946741
 0.02307778450000653	-0.49669408494820594	 0.8676188113682388
 0.5248981831229415	-0.5101964112759569	-0.6813086813444913
 0.08147707820807072	-0.5690270375518862	 0.8182723973479737
 0.1340291497361834	 0.9895513647966229	 0.0531439879020823
-0.4916231077582154	-0.4304579093451008	 0.756976028814915
 0.9374166113543415	 0.3284759977467133	 0.11555784552008874
 0.21349224847086612	 0.8954587655045636	-0.3906080633114184
-0.9708134967687113	 0.18579069778727386	 0.1516673040158134
 0.10654718218527155	-0.8394828226309166	-0.532837957052618
 0.758708820119153	 0.64709413841014	-0.07503400768079338
 0.4232023209535702	-0.6107619196893516	-0.6692306575440856
 0.37313821758193	 0.8464829308425006	 0.3797821985981842
 0.17517587860987097	 0.11882707050339666	 0.9773400323678758
 0.9916249097731195	-0.06825923173011103	-0.10963902407932857
 0.3304653036950383	-0.44887425203086495	-0.8302436924888243
-0.07848710179179982	 0.8717564960802552	 0.48361181374548723
-0.6029719701052979	-0.6541357308618795	 0.4566522187366777
 0.633953571392433	-0.7651643364636598	-0.11236728849138733
-0.8001054871719968	 0.10020187789133397	-0.5914311397485861
 0.36733545052910604	 0.28583836934800916	 0.885076885582857
 0.9507221485958136	 0.09919554058624422	 0.29374758024052294
-0.7664850400873195	 0.05527457968299851	 0.6398792106040077
 0.9928464791155144	-0.08654320058791955	-0.08225657019305821
 0.5508074597531059	 0.5980554602558232	-0.582186232007015
 0.7814153867205047	 0.5055815261754681	-0.3657558116920747
 0.7015999492626273	-0.563763548125781	 0.4358074953454898
 0.6013199414574938	-0.5042238156639565	-0.6198166436316765
 0.48135591490171037	-0.7510628096936852	 0.4518862014757308
-0.8739292637279428	-0.486040076929148	-0.0035616876117399165
-0.16593778470366036	 0.9751055048732329	 0.14708468979999045
-0.8194421534209079	-0.5693365982504657	 0.06610896376054454
-0.83097669093713	 0.4302885463035396	 0.3526038939648344
 0.9797830143263565	-0.19687501562888776	 0.03557348814333294
-0.5966775502521323	 0.310558965010887	 0.7399520459303297
-0.580469259913566	-0.6259770683514008	-0.5207764858301331
-0.19257689559670352	 0.9401160677924343	-0.28123996579580846
 0.2187203200725849	-0.07345835936819237	-0.9730186488584274
 0.987649460213965	-0.15489426632402165	-0.02358622477223582
 0.69891932693861	-0.17120239016020122	 0.694407312774797
 0.7559820690591241	 0.015859903279303894	-0.654400164065579
 0.4431546028197949	 0.24753121926796282	-0.8615928815208176
-0.3148500987427126	 0.8069592076371467	-0.4996861540320412
 0.27282039091405774	 0.9164431194745742	-0.29274740488894513
-0.5651903123677554	-0.5178630839829442	-0.6421664403044689
-0.33900081162667023	-0.07014233623464021	-0.9381676302154138
 0.9333491229222283	-0.358951753089826	 0.0036129896274215145
-0.3272792956212565	-0.7167549397945974	 0.6157520758695803
 0.2645447616075833	 0.7976578405473421	-0.5419945004511928
 0.9833822614456698	 0.16528239213941676	 0.07510698185037445
-0.4306634337764885	-0.6066851109711336	 0.6681782568550008
-0.7549970429445381	-0.6541444161133737	-0.04554720642033683
 0.4891811485586858	 0.4687150627214466	 0.735532456029532
-0.7589544290155231	 0.6428326040877754	 0.10370350909901971
 0.11405772154492579	-0.8995790656619973	-0.42160211192387087
 0.878659613289469	-0.477446704049123	 0.001388800428489212
-0.9486942686934788	-0.3156661737267416	-0.018277070686081753
-0.3476776649877112	 0.9260040777861586	-0.1470941507745933
-0.40236852250115823	 0.8649504558438598	 0.2999337944209257
-0.6756525551598774	 0.3959031570316414	-0.6218957428366174
 0.9857732954783847	-0.16224371827065595	-0.043908835140519686
 0.2760725342066197	 0.8648753500553673	-0.419254796899619
 0.9041469002732262	-0.2831374892680539	 0.31992427994339456
-0.6722222041895318	 0.7014173220702417	-0.2369199200033174
 0.47252246301494777	-0.7573446719396164	-0.45072338505003495
-0.3070603811936478	 0.8549772917927718	-0.41800448899492615
 0.6211921120299939	-0.6372897416962752	-0.4560505948690454
-0.12798063589739106	-0.9910144185320218	 0.038876459418756726
-0.6854537744215016	-0.6687871726801271	 0.287883380537743
-0.6902250924516398	 0.722101708690329	-0.04645905785347337
 0.30477449953696056	 0.8367513033888245	-0.4549283028226516
-0.8942725618052674	 0.325904613317033	-0.30669654093406296
 0.7790865450391428	-0.614010742341402	 0.12655024151826932
-0.765140681252779	-0.5755743786173608	-0.28857212715588476
-0.5369645281559808	 0.36560520056811685	 0.7602643835007477
-0.1485491703891839	-0.9674091581239074	-0.20506746391048458
 0.44642049839388137	 0.8944026323065989	-0.02743483072274322
-0.3071754398379969	-0.9363301259656699	-0.17008569713366817
 0.6101405308141512	-0.42215128245159717	-0.670460160921063
 0.41339545540835737	 0.8349522344330665	 0.3632615637016203
-0.14430367107156192	-0.43593063404977145	 0.8883360472322592
 0.38894184732172266	 0.5656372590940375	-0.7271717338610943
 0.219472392597877	-0.948864656526281	-0.22690908417828104
 0.7213042242886182	 0.4259523562067646	-0.5461545626151081
-0.4396425848701645	 0.795487280641977	 0.4170304352268699
 0.4667303720885045	 0.7823341768684825	-0.4124512037485646
-0.4343778463284833	 0.877843923149111	 0.20175711439551858
-0.6576836224092987	 0.7200560949883072	-0.2212949906454571
-0.03082479030374657	 0.21239905906451956	 0.9766967144468321
 0.31085171452958554	-0.9412587283576114	 0.1319212563032559
 0.30492261454214187	-0.5947083292164352	-0.7438710925297343
 0.521126930195309	-0.24461757223683187	-0.8176728966880167
-0.4915217638756699	 0.8394435314863978	-0.23182086420811077
-0.28243693290650707	 0.8159596379161539	 0.5044197143471936
 0.4514335673781915	-0.7587369936702965	 0.46960186187914577
-0.8934144224357524	 0.39899410355684267	-0.20643249528759378
 0.5165240246970113	-0.8443928486998493	 0.14213954050634436
-0.4310195555997987	-0.49851907799772777	-0.7521308872549028
 0.5018446765815463	-0.827831282215007	 0.2506936153415573
-0.06375940624373387	-0.5597130614751528	-0.8262300084901046
-0.49100857451757524	 0.03382813916108254	 0.8704976948568659
-0.355761869095811	-0.8460458015703181	 0.3970390335252858
 0.8711269504427341	-0.456903547928286	 0.1799360555944436
-0.6921192703935759	 0.06785725007308539	-0.718586326868514
 0.13741551349144773	-0.9536799293070033	 0.2676033801895463
-0.18452299488599	-0.9810207972360455	-0.05957734257801728
 0.42414629892984684	 0.39137455869908444	 0.8166552956463393
-0.3567404425857605	-0.8312160678036165	-0.42639899771084044
-0.3321588362337293	-0.72241697015719	 0.6064521652535839
 0.6418045995048342	-0.023361734041129848	 0.7665122865532104
-0.17437680046573373	 0.6812787110005778	 0.7109515098772383
 0.2418620006457097	 0.2582932232421751	-0.9353006914735082
 0.3932637540520804	-0.4942862104414596	 0.7752578680131443
-0.36006325424267766	-0.4158567839412087	-0.8351153143094958
 0.31691517734262714	-0.4831102481296044	 0.8161919250531968
 0.6950761487744348	 0.2793417295474787	 0.6624479945915174
-0.8856645359208419	 0.26639350531200984	-0.3803062320547741
 0.3596225648283647	 0.8160871741290129	 0.4524083720361405
-0.04595276492390611	-0.05678140727683587	 0.9973285392404603
-0.9173177772202896	 8.319845054774738E-5	-0.398155859775597
-0.09890086913195556	 0.38852455978070094	 0.9161153227253414
-0.7969836942983501	 0.5681065967289521	-0.20511432367243776
 0.5857704500255314	-0.7925233204610675	-0.16964600320152057
 0.942405002068288	 0.15360073056847026	 0.29711887796890735
 0.6371076719345149	 0.508863382282161	-0.5789230281605162
-0.04716837133116247	 0.605506141622557	 0.7944416008765713
-0.5471735547958588	-0.5712360661871002	-0.6117928224645577
 0.9003015111549071	-0.05226885949180227	 0.43211706207880396
 0.9982509799387075	 0.013548427241722576	-0.05754494913270802
 0.07512308112106278	 0.4010459600250222	 0.9129724314734189
 0.416407534073493	-0.44725899447006146	-0.791558056893152
-0.8580697940667751	 0.3333802255602623	-0.3906070323427253
-0.5534603082643074	 0.8238161138914349	-0.12250999007751129
 0.4169483800051576	 0.5821538242276509	-0.698033647719217
-0.9322998126956803	 0.3343368233578293	 0.13797082225816792
 0.07868442325885328	 0.9223189491344312	 0.3783338705481969
 0.01217197853949803	-0.9865410723964467	 0.16305997489667035
-0.38326682258770306	-0.2433948639366942	-0.8909912922766217
-0.4810700271751584	-0.45427517364139114	-0.7498037713740684
 0.6895357274301347	 0.7232866615715449	-0.03737493531880376
 0.9264116688120899	-0.3671368949565189	 0.08349802542865681
 0.3237041972445734	 0.45186514948607354	 0.8312842350039935
-0.7319511887783725	-0.49315243509937373	-0.4701575618890812
 0.2671767665753753	-0.8282088208635453	-0.49263244355822033
-0.9927716906547175	-0.01751194938841576	-0.11873374357440047
 0.01015993419869945	 0.9768659372721128	-0.21361113345178118
-0.535810654930235	 0.6645861077421263	 0.5207996231367715
 0.7475126038778723	 0.6431291273475943	 0.1661620672742279
 0.8862265729026558	-0.2588275850195489	-0.3842014350756149
-0.6839515565758778	-0.02060614968651512	-0.7292363504739261
-0.2728321319567692	 0.7250983751030698	 0.6322934241274474
 0.8464759749434171	 0.5104090515955804	-0.15152895397544275
-0.5246154818404161	-0.33143337323430994	-0.7841750540025325
-0.8405231834669795	 0.13788104474400018	-0.5239366331483584
-0.31808776406160577	 0.8997794958190645	 0.2986922048830172
-0.15960271213267793	 0.27682975507623625	 0.947571770888266
 0.5532735973458549	-0.07616456187148452	-0.8295102687700144
-0.6379097620953738	-0.23377320649949282	 0.7337719150705955
 0.665886411011528	 0.6778025150004032	-0.31173552619057476
 0.9858287047797153	-0.10530267332448702	-0.13058756381472736
 0.4776402633392116	 0.8565450112954874	-0.19542369984743901
 0.10848976738382551	 0.9814002871348005	 0.1583775450773699
-0.5366503142451001	 0.0024585823060506275	-0.8438011588008634
-0.45742142805031466	 0.8307084266736833	-0.3173155322604686
 0.7664992446123517	-0.4885852079688843	-0.4168493763491752
 0.6713969734126904	 0.027701567321532738	-0.7405799938293025
 0.30341073275411873	 0.4043726013638259	-0.8628005137433921
-0.19838300866458844	-0.9363702306219809	-0.28957723162936033
-0.760562424269848	 0.22491435467254195	-0.6090634875372236
-0.3943092547014207	-0.7022823939735374	 0.5927222374532672
-0.6836246873674086	-0.2824357540346219	 0.672969042129508
-0.7627977823850026	 0.5206802436212515	 0.3834470329667923
 0.14469263044319483	-0.9619579852019041	 0.23173449765134735
 0.1406078601119092	-0.9898400863495228	 0.021119496450417774
-0.850048972149297	 0.45229987655848497	 0.2698917683314981
-0.909440539430466	 0.37677219501103215	 0.17595629658239442
 0.08389021493062158	 0.9523643016762453	 0.2931973204714047
-0.8908113958899537	 0.2956826621527343	-0.34500263804044184
 0.4449000321383317	-0.5356019304457161	-0.7177705298395398
-0.003429772109739752	-0.9984017578133199	-0.056410696313272
 0.8879212752224535	 0.4242751413914699	-0.1777256689524065
 0.26643592075128375	-0.11433226844280905	-0.9570475602216104
 0.8497545501133362	 0.1073033950361209	 0.5161426023643114
 0.8654488612281149	 0.12840333772929394	 0.4842632047336821
 0.24747822167289316	 0.6051894607317755	 0.7566374603578685
-0.6957744519787947	 0.22262656175899825	 0.6828874914456808
-0.5617530246858671	-0.34886513863389246	-0.7501510876498376
 0.8833575270661465	 0.3026372501024385	-0.3578968765245323
 0.43004782878818965	 0.7101852578655686	 0.5574009010263437
-0.24758785727633842	 0.871233995764721	 0.4238532500207466
-0.00945540485909002	 0.9308682809947294	 0.3652325817295987
-0.754840610173218	-0.6160270374995985	-0.22522509252477185
-0.9491144008465942	 0.2523280794529597	 0.18844732533307917
-0.29133267322968204	 0.9412052613547703	-0.17104949431946803
-0.06496343633735858	 0.9747184271629735	-0.21378432984711737
 0.3808260852336219	 0.19180717275956	 0.904533858561203
 0.24323160497508992	 0.6840642844300514	 0.6876732080781129
 0.9951389863922414	 0.06966887518666648	 0.06960348836406904
-0.37340350218908724	-0.12502676895818549	 0.9192051629515583
-0.3962118257773808	 0.6710181862600723	-0.6266983188284434
 0.6618147578932486	 0.19248588017175347	-0.724534617647222
 0.02264290135818114	 0.8153811301611322	-0.5784815568324009
 0.5444955799390067	 0.4480409246139343	-0.7090725585565807
-0.31180307425188636	-0.8938906645412255	 0.3220843410243954
 0.8493915577013704	 0.28260593316629873	 0.4457217385823189
 0.22950220805606458	-0.2784124589858664	 0.9326388578537965
-0.3862374848419822	-0.050114105372548075	-0.921037014318995
 0.25320627941144525	-0.5211441732374239	 0.8150431465678949
-0.9624363803867189	 0.2710774406877149	-0.015272028624565781
 0.6364758063242539	-0.38801705573167006	-0.666589313164573
 0.7711898416726718	-0.5766496696410455	-0.2697061115431989
 0.3493669819199911	-0.1255856613035978	 0.9285316115346072
 0.5140789074367798	-0.7770494239286058	 0.36320389549236487
-0.5946064011283085	-0.26333652075206687	 0.7596690757003588
-0.5278229326408579	-0.562013081643081	-0.6368235609966484
 0.5215511863554817	-0.5803840749975593	 0.6254108133862231
 0.48533631254947934	 0.7515257836202172	 0.44683068412419114
-0.493825960171112	 0.5869945035987295	-0.6415398458443251
-0.6400586144973086	-0.7540053101349898	 0.1476514893119043
-0.6745065732791111	 0.0698663426919054	 0.7349554930484758
-0.22435575174428024	 0.08748796165981755	 0.9705721782659285
 0.009037456361051374	-0.7573985222442887	-0.6528903452224499
 0.6637064519328932	 0.3871692959619839	-0.6399950639863965
 0.3238832516242993	-0.3972364872350425	 0.8586633872050413
-0.34001616126477174	 0.8984220729784967	-0.2778970832228891
 0.9052964567095909	 0.13077515584444743	-0.40414871530529495
-0.15506520967452483	-0.9391581538561383	 0.30649101584569416
 0.7658541706977884	 0.4304085239435998	-0.4777194697115603
-0.46611758296106076	-0.09456237609451215	 0.8796546799067795
 0.935939694173733	-0.17720623746787814	 0.3043268609118446
-0.545104369835258	 0.8169321813970261	-0.18836941626602477
-0.8179515271492988	 0.41885526948955515	 0.3943546151054429
-0.07138518575346382	 0.831840237160899	-0.5504052825827916
 0.9748254737327506	-0.15759743988077893	-0.1577286996863363
 0.8325441081110859	-0.1487905249861969	-0.533602555957005
-0.42714068324768245	-0.15015780668093737	 0.8916296707756384
-0.19344539178754303	-0.9489752060515222	 0.24904806503089882
-0.5287865019239419	 0.7841927353408717	 0.32469460916627835
 0.347605459974346	-0.877045584874513	 0.33160441228690973
 0.24024229267494407	-0.9706765533228449	-0.008406523631609764
-0.6192208696762186	 0.4803856612447814	-0.6211240866588912
 0.11796701611353246	 0.047655390952440736	 0.9918733522090608
 0.6365112164714242	 0.30546646172082764	-0.7081975092231163
-0.3782980208630166	-0.7274232692263523	 0.572491043422664
 0.46500800596228237	 0.6196246813217353	 0.6323233418812877
-0.08288006574391879	 0.25087760171654516	 0.9644642676943704
 0.4744008385024492	 0.8455301679471577	-0.24499506019392392
-0.638202864996588	 0.7631988622668248	 0.10111676292668426
-0.5019393671562817	-0.8376636739136394	-0.2153519006283795
-0.5515800100821228	 0.6218374355847596	-0.5559475660376394
 0.9384038168497336	-0.32873474795584817	-0.10645065527396547
-0.9348460094995934	-0.35487346145438764	-0.011303312703255575
 0.4040462336324032	 0.8905320661816276	 0.20904372793688597
 0.8081324708302	-0.5847598861343641	-0.07055342059745606
 0.7755768044238196	-0.6194677919356557	 0.12140953502134555
 0.862788780474494	 0.25732957309815047	 0.4351746903215523
-0.971792221699599	 0.0018790398275914722	-0.23583118337803355
-0.8647682309233528	-0.144386484522715	-0.4809661629188342
-0.984586610829047	-0.1748671215175881	 0.003270411032876508
 0.9852637076748345	 0.14998748914523613	 0.08221422893116337
-0.6482249314327017	-0.46702987931268614	-0.6014046309251757
-0.055667848349146676	 0.4907742831196776	 0.8695065805895565
-0.5901228076943783	 0.3855091759346693	-0.7093220334298631
 0.15321836579033793	-0.943061138780422	 0.29522842157677154
-0.8713987846889145	 0.2576188718643906	 0.41748853265928343
-0.38888054247730613	 0.2685669225550515	 0.881273925514573
-0.8800357580428846	 0.38316265708414604	 0.28057698191780234
-0.8123479148802515	 0.42925821814967835	 0.394750867434982
 0.4730057104323412	-0.8693492021527036	-0.14316969866160134
-0.5351050931800214	-0.5000780329621269	 0.680870398975848
-0.5084787003310658	 0.29640510733649744	-0.8084512500172596
 0.05345347301389192	-0.7515907979413745	 0.6574602639495417
 0.6042927911522196	 0.7917196054135819	-0.08950021768254124
-0.8346339998520126	-0.5500236848501012	-0.02932630892129562
 0.6041481420693274	 0.2605820215448425	 0.7530617720225765
-0.8466884017321593	 0.34253672216632847	 0.4071699207208077
-0.1377257289989621	-0.9798764029033699	-0.1444778827532338
-0.5517544211738009	 0.4775420278062511	-0.6837548320808107
 0.5174812193390362	-0.4877880985916975	 0.703047621789364
 0.17612938119577673	-0.030208711579652364	-0.9839033869360803
 0.8127789669116823	-0.0625836591060796	-0.5792008602884431
-0.18734754694818048	 0.8774317558667524	 0.44160435963550815
-0.6443191096508707	-0.4600773703780803	-0.6108859944414344
-0.6739248204828298	 0.7260393171265174	 0.136719590123896
-0.21988835770392728	 0.19729337747460696	-0.9553661252896357
 0.4077136843103601	-0.16945109787958126	-0.8972490607704622
 0.4910800313138853	 0.854621389693964	 0.16870887090580422
-0.5255736025472014	 0.8506077082036373	-0.015456877113830592
 0.08362597163952529	 0.24321250204658082	 0.9663614105062284
 0.9048991375140665	-0.16988041707631787	-0.39025401320201025
-0.5034541712884139	 0.3175639550708607	 0.8035465337191423
-0.08580200725570186	 0.09179085984763334	 0.9920748225811018
-0.888787394188221	 0.21901892520953153	-0.4026011405003387
-0.6612808133997555	 0.49037084120511754	 0.5676655035539355
 0.5183575920005205	-0.6601473272437541	 0.5436091547687085
 0.3884818496959396	 0.6487919411002453	 0.654332384664092
-0.8125450474545522	-0.5710300593771773	 0.1170265659787415
-0.9942668447460163	-0.0523039116858623	-0.09326168699502757
-0.7686406440580736	 0.6324307296531847	 0.09603609994335627
 0.43617929794665183	 0.8926338214540449	-0.11380896642670213
-0.5907827985425114	-0.3256017690623702	 0.7382135009126651
 0.8781146712349326	 0.42062111600844776	-0.22801864162777163
-0.306989226152255	-0.9356320472227492	 0.17421333828443486
-0.20089998391145517	 0.9362844266722578	-0.288115721256891
-0.2577943354813379	-0.766066536985952	 0.5887988973359974
 0.9347585082098239	 0.09392322115198709	 0.3426440716804824
-0.24964085131463984	-0.5112512666176482	 0.8223755758391371
 0.31237927538746035	-0.8648393776694051	-0.39302931079094017
 0.14650744831443296	 0.9264796200575018	-0.34665700801584953
 0.9333148832263998	-0.3254036804668962	 0.1517754047488915
-0.004564260813574968	 0.9774681660106641	 0.21103353278323933
-0.6410053907510341	 0.3424196224816431	-0.6869213136652865
-0.8807364140449156	-0.38267415200746285	-0.2790409689645452
 0.15082081279718185	 0.1556857640824369	 0.9762248845882107
-0.3230650460763429	 0.9412327194870157	 0.09853904693453863
-0.24687576673485628	-0.8604452710259445	 0.4457424047229135
-0.31941973248497485	-0.9227700934562728	-0.2155606390831324
 0.4179875522704505	-0.8987220276932224	-0.1326089102810979
-0.5626307128607483	-0.7508661395253037	-0.3458998720152604
-0.16261101401083344	 0.6792760616815156	 0.7156407549523842
 0.971691488965689	-0.17004625529005318	-0.1640119548492498
 0.665053551459546	 0.4350755333074769	-0.6069703897293997
 0.06463156481709789	 0.9845992673546946	-0.16244089249290572
 0.8502997321528782	-0.5196242562575203	 0.08355236567304614
-0.7172958357675555	-0.49023975275585285	-0.4951279317594639
-0.940399161857143	 0.018538477375497554	-0.3395669907911858
 0.23124572661992313	 0.08966665201197922	-0.9687545124730963
 0.5563021174494707	-0.4924567142488876	 0.6693387324161248
-0.47619484705596704	 0.7352692428922856	 0.4823044765435518
 0.18040939798365846	 0.9648100950351889	 0.19129539889229852
-0.3239458521658029	 0.34536972002773675	-0.8807830841657522
-0.3879386372678577	-0.5557734678438565	 0.7352682953559002
-0.5122085899596801	 0.840028289588399	 0.17887099558817532
-0.7571724864344982	-0.615560881777151	 0.21857407580117072
-0.23204960227147822	 0.9282178669837154	-0.2907998856565286
-0.8555882481878276	-0.2790474204229631	-0.436006062708048
 0.8085543509049578	-0.18124215712485678	 0.5598134886847506
 0.3781294417345966	 0.7942070992624441	 0.47566081273804395
 0.4423448276762591	-0.5698359588551106	 0.6925446075335056
 0.7542020039387601	-0.3564147650479599	 0.5514960131411342
 0.19885989978139196	 0.7721814269074616	 0.6034820496071869
-0.9963348561121939	-0.07068251777147012	 0.04817505762715424
 0.9488309290039512	 0.27076574626277156	-0.16249855019741966
 0.2315783427461697	 0.9132046484244033	 0.335303953551102
 0.7374721174761737	 0.07008570247051099	-0.6717312485320479
-0.625860286805115	-0.6925597651815621	 0.358691891533498
-0.6929474320892465	 0.38253316227141526	 0.6111401116957962
-0.8410847590026768	-0.4638111883697864	 0.27830847941882
-0.536481230221037	 0.13319236551977193	 0.8333352766970628
 0.13610797430234856	-0.5009328876620538	 0.8547168311141811
-0.6275390501211195	 0.7749851246334547	-0.07478500631778906
-0.32031119382769485	 0.3712804071879784	-0.8715225747776163
 0.3747193582954529	-0.606142294844264	-0.7015532203044705
-0.08234351017523682	-0.844128655891349	-0.529779537765555
 0.9598165980995308	 0.28062505446208136	 0.00129492115500085
-0.33720013108131225	 0.9250651431997231	 0.1747871632461082
 0.8155052746468759	-0.42922289150869913	 0.3882252650563005
 0.5662258025850491	-0.5963878086821371	-0.5689551143475517
-0.13644081980716327	-0.2824407322768194	-0.9495320613024518
-0.13500824354208169	 0.6810508573058498	 0.7196822242758598
 0.9784637759698385	 0.20632745095265112	 0.006133685533754152
 0.8548885471082313	-0.2098095829702236	 0.4744950062087463
-0.8951825778819344	-0.4441556427442737	-0.037066390100404245
 0.4535929845081367	 0.8710727947203759	 0.18837619462935096
-0.47852476232055696	-0.8640157528023052	-0.1564954656068991
 0.10491602395628043	 0.3049448690627698	-0.9465734280812532
 0.5450958567715023	 0.45710932120509834	 0.7027955430976751
 0.8802735656741021	-0.3637026926889394	-0.30469460268639015
 0.38115907102724056	-0.8631957027236402	-0.33107543154557995
 0.2625474210150617	-0.7595211343250254	 0.5951440987122083
-0.15270995808555488	-0.7827058039597422	 0.6033666324460125
 0.7682603670732023	 0.5091111172154319	 0.3880488097033714
 0.13582895824109695	 0.5798946011342959	 0.8032887063057927
-0.7524633656422337	-0.23683556257169464	-0.6145793680784535
-0.31904404824802846	 0.5899926851846614	-0.7417004292206544
 0.5109430065650478	 0.7665480972807457	 0.38902603845698813
 0.46159057509354856	 0.8436633331681005	-0.27416477026142116
 0.24544877565944803	-0.9580527272813141	 0.14795225674559354
 0.6049727934192105	-0.012688346051639123	-0.7961450402389199
 0.059843178928360025	-0.7530064288390753	 0.6552862825229679
-0.06768998669376541	-0.6652732131708077	-0.7435251290567029
 0.8797580525916094	-0.46241609581103105	-0.11044058690129388
-0.6509556282661988	-0.7540421487162391	 0.0876196780863494
-0.8121998795573796	 0.08802146000839338	 0.576700596692052
-0.12446622946574395	 0.6606840601921662	-0.7402734159285844
-0.28419129204813687	 0.2747688464292876	-0.9185517898060671
 0.8123045291038109	 0.26610705643797755	 0.5189878481345696
-0.6535479694863375	-0.41515183921038745	 0.6328696563910439
 0.3983904033374629	-0.6106090425499043	-0.6844279974437799
-0.9481773020344103	-0.19201958656605492	-0.253156635863546
-0.30657823185091143	-0.9044162462268188	 0.29671710654453154
-0.17487839570180266	 0.9820311234864618	-0.0709395462396063
-0.0044303510549570145	-0.9531259118009466	 0.30254151490852266
 0.39560094629229114	 0.7533614872421598	 0.5253059687771735
 0.7967781765246245	-0.5670245381381679	 0.2088724744031436
 0.3115585205529979	 0.18780330965642852	 0.931483335950203
-0.6877679835633508	 0.6422604256386227	 0.3383441242931484
-0.5336193157165328	 0.4501817831921255	-0.7159516659497185
-0.385609627211449	 0.20530986385219463	-0.8995293631710088
-0.9498737689206727	-0.2199022410809995	 0.22222247294994824
 0.16533382608370328	 0.1372125262954615	-0.9766460201015212
 0.9361352240358455	 0.05956745578948584	 0.34655816327151356
-0.7347257634136476	-0.5448409393767663	 0.4041366147174439
 0.09662113736001543	 0.7985433197021161	 0.5941320748574184
 0.04733493552463718	-0.9005030780852196	 0.4322656708991861
 0.9954845407897195	-0.02648239946614954	-0.09115487681521284
-0.5578176770592153	-0.038162405399410876	 0.829085683131962
 0.8450412056360476	-0.43847736697951833	 0.30601137139636503
 0.7562206868346971	 0.6227536497134215	-0.20076893328369305
-0.6720431690055533	 0.682894917698973	-0.28637826449276194
 0.2634580151388708	-0.8761170964385633	 0.40374336847451464
-0.36172531429899063	 0.9144207030203202	-0.18163032478944618
-0.3275495498652802	 0.677842750303924	-0.658210071514759
-0.6101393404602483	-0.6539731514081166	-0.4472684903501136
 0.45624780664176634	 0.777574241547916	-0.43268491748125526
-0.5382370339051272	-0.14574836695018323	 0.8300953613075823
-0.1236930303360774	 0.5422036590637441	-0.8310927904537286
-0.45212251934737807	-0.8279202037477192	-0.33186347151398676
-0.25857140881564683	-0.829896434265838	-0.49438116361360196
-0.04814978212348283	-0.3477760020632377	 0.9363404567091886
-0.04936877523862333	 0.9582695894199964	-0.28157080463760753
-0.11813913041178235	-0.7742327759413357	 0.6217770939200973
-0.8674722285182468	 0.2561164931552966	 0.4264929948820022
 0.818152319580658	-0.5065635833279144	-0.2720663853010361
-0.3508010220964577	 0.6549923767178024	 0.6692709685453606
 0.4071938283413721	-0.5811276359234229	 0.7046161060653886
 0.24200610824691118	-0.018837683791498357	 0.970091843714066
-0.19520031341141544	 0.7320971662837076	 0.6526335700555486
-0.9458625964630188	-0.23261289027391124	-0.22635192044834485
 0.4992219254171697	-0.6737573164298784	-0.5448197387576763
 0.4761517540327887	-0.7558678056044463	 0.4493810939305498
-0.354442039313275	-0.7623570276761473	-0.5414633903785524
-0.1439282908459061	-0.8837198872131895	-0.44533561281137635
 0.585922376321086	-0.7270451319707142	 0.35791108533257043
 0.8918219018384479	 0.43722269646498674	 0.11614649842823432
-0.8206907166296372	 0.18687345590307192	 0.5399491264154199
-0.7338823309138803	 0.6020490301988606	 0.3145690538006265
 0.24317682568149218	-0.9251012917423063	 0.2916378429974231
-0.6542532533005023	 0.7416871278411677	 0.14782721312541902
-0.10343329103553602	-0.036647723923900706	-0.9939610146463269
 0.34478931112391065	 0.8496607923187316	 0.39899482318822677
-0.9692869875615259	 0.14097686040495477	-0.2015149140244077
-0.42969676775277726	 0.783134033359349	-0.449512818034296
 0.4971600074297084	 0.3530621509314294	 0.7925774691423955
 0.20857739780157142	-0.505047663838246	-0.83750959778253
 0.1370017615785602	 0.6545209670531575	 0.7435272833004656
 0.7391389999698583	 0.020641833601899133	 0.6732365508713185
 0.88163055221298	-0.3016952085434304	-0.362915376563975
-0.5926811602872053	 0.558179116482392	 0.5806592082827484
 0.873783896436563	-0.21642279809341233	 0.43550301352982146
-0.2501881018018755	-0.8106323357065477	 0.5294158384707823
 0.6489439250962805	 0.7227551412007442	 0.23769052978300498
-0.7471960036864078	-0.6630249206489751	-0.04578303914641357
-0.9525532615894712	 0.20918322241654835	-0.22109876366612569
-0.45420645348276406	-0.8057211229597175	-0.38014466934463464
 0.5245409475676314	-0.6195397374007736	-0.5839754345057946
-0.6169672986783831	 0.4432674417147893	 0.6502809604141311
 0.8203102998217285	 0.3225740139749017	-0.47226795097116825
 0.1168756064351318	 0.8292779675358058	-0.546477945739902
 0.136557932459604	-0.9082339283949863	-0.3955541206896589
-0.9440566622247083	-0.04846209777548852	 0.32620307108968505
 0.5075134708792779	-0.34694966727449517	-0.788705271476098
-0.6175564385305317	 0.6373583251979389	 0.46086702044121575
-0.8474690693470922	 0.09610426446561743	-0.5220729325022473
-0.6980697551194496	-0.4181342890044296	 0.5812592651702266
 0.6671835583921792	-0.718166417707122	-0.19774502746938816
 0.8573980905057718	-0.14021407611900039	 0.4951853463655316
-0.21178954476826733	-0.23315397525517423	-0.9490966297219476
-0.21598021242503937	-0.8494130376323809	 0.4815080885519645
-0.7838636898775254	 0.5421784578322906	-0.3026553081546559
 0.7195331493079156	 0.3181373392339454	 0.6173011262197554
 0.33948727303260834	-0.0046081533499158995	-0.9405993601802984
 0.387231206904485	 0.18549099756870452	 0.9031307115917733
 0.964576628603321	 0.2510609050771573	 0.08099598443188194
 0.5799041811244873	-0.502682337718372	-0.6411096692924938
-0.1918761255774066	 0.25109708125922664	 0.9487538185517361
-0.40118556617238543	-0.3141672861107468	-0.8604353885288254
-0.7843862637565067	 0.5710223694609272	 0.24222230038816872
-0.3939493656446875	-0.3725461998580588	-0.8402459320219691
 0.5769460172324217	 0.7646128564941312	 0.28722895551028826
-0.5575487218823248	-0.7806862131640439	-0.2822560173016173
 0.4798286574554021	-0.8732408162049548	-0.08494078171438524
 0.5457529064579228	 0.1430470698393414	-0.8256459900605757
 0.10948610637058309	 0.36165528970165195	 0.9258608124025034
 0.8913917133222915	-0.4338163168166597	-0.13124106325375884
 0.9067969894161343	 0.3638714797098515	 0.2128773502268344
-0.5095867979016789	 0.07576874683057316	-0.8570766549195223
 0.9553058922980381	-0.10800938433297876	-0.2751810768142682
-0.7060222248096715	 0.3789907352789725	 0.5982463043325095
-0.6342506545434761	 0.003289342432030278	-0.7731204870119126
 0.3361746886078326	-0.8117558056857545	-0.47753438690307815
 0.6579991751485982	 0.7343545898108372	 0.1666145909802661
 0.5938886413415871	-0.06613900739359936	 0.8018241162414816
 0.49045436460050335	 0.1463196310115415	 0.8590955021561706
-0.8667509025443452	 0.2576314115667635	-0.42704675237341383
-0.594286832191709	 0.7363053124023882	-0.32353925265965033
-0.2637949655914567	-0.8904257838707852	 0.37088291892010883
-0.9220451443709402	-0.38502932996894357	-0.039814153333185276
-0.8704128646031679	 0.27852707403850685	-0.4059607298259962
 0.44332427908126665	-0.8958624240988678	-0.029901516094929415
-0.5571157557851177	 0.3883286467082085	 0.7340455686139304
-0.5048774682644851	 0.5591233091514872	-0.6576320150375394
 0.18390620506831565	 0.9829144625130152	 0.007593887023187085
-0.5932692293383709	-0.7653958972433174	 0.2494007658435573
 0.06235208817801876	-0.9734166694720434	-0.2203910267996294
-0.5048564904364926	 0.4481125865339152	 0.7377770895426559
-0.8032480568071082	-0.35080896836034636	 0.48137888087612857
 0.3614045006424494	 0.8252816926073905	-0.4339319241107553
 0.7496099215574163	-0.2700584669189486	 0.6042792317696111
 0.5225842963746212	-0.8078423660087586	 0.2725735953169588
 0.5384430306324638	-0.29544248778246907	 0.7891722493703344
 0.2967803243877528	 0.4787418009188965	-0.8262733973142495
 0.22992145584390597	-0.9726319720277695	 0.033513745418723984
-0.6494693491566594	-0.5954538048406804	-0.4728893430886152
 0.906973789355104	 0.1396991009481577	-0.39734456913001814
 0.5676417078895144	-0.8013483071695475	 0.18874263445436945
 0.28464561074288813	-0.7126122390571566	-0.641218116580274
-0.5702843394228714	-0.783266472909121	-0.24752657357448404
-0.9681706528735711	 0.23369445683225687	-0.08962414719393297
 0.45617898245101124	-0.8046435732515196	 0.38006506810674723
-0.2995721249172798	-0.9241538445389816	 0.23705740569820977
 0.7273214433735117	 2.7270845547530003E-4	-0.6862969063307585
 0.05087559457134809	-0.9645104369551348	 0.2590970684543281
 0.66952213640464	 0.6204371056842419	 0.4084089944581626
 0.5953067966916359	 0.04660880944142049	-0.8021455208970483
-0.36613042165540344	 0.031863582856751005	 0.9300178634983134
 0.8593766869724683	-0.15542092917484246	-0.4871509464864592
-0.8639568199391405	-0.3758879807933321	 0.33509228456614615
 0.21499476729622646	 0.6777897105200261	 0.7031204436996699
 0.9725525336239877	-0.08226341204408513	-0.21765638143740929
 0.7318896654197056	-0.09327901672994415	-0.6750085500863867
 0.7880667466776076	-0.548652469582399	-0.2791617280396905
-0.08085191358113056	 0.601590325170868	-0.7947024907039608
 0.3533992319760132	-0.9336437523199703	 0.05846645698731656
 0.1527827011322201	-0.11625291348836267	-0.9813983423361841
 0.3133109806038863	-0.39161589122245877	-0.8651434697060776
-0.3599641377111966	-0.38209409825534685	-0.8511344897489868
-0.0644199967499813	-0.997904108688601	 0.0061199576094319585
-0.3584413197403209	 0.9308863792729161	 0.07050084529264655
 0.6133232978271754	 0.5071707094074229	-0.6054852631250154
 0.8828211929756888	-0.3008940999749774	 0.3606791951765862
-0.415364379998204	-0.9073783175771383	 0.06431967521365034
-0.18434561069344127	 0.977153738576487	-0.10576987758363354
 0.5703778799284378	 0.5097270611714155	-0.6440864827008037
 0.5074546494955594	 0.3778579010460142	 0.7744115090327877
 0.500411695046286	-0.12481642008585064	-0.8567432501851737
-0.1707301998270278	 0.4378049013902298	-0.8827106361575769
 0.8946598332128878	 0.13976430079729799	-0.42432266385161443
-0.3553808647227685	-0.023898147189434442	 0.9344160312996612
-0.09139825866850491	-0.7768125063594716	 0.6230639519952033
-0.11768244327635002	-0.28240751460479535	-0.9520487583308173
 0.24446102819000481	 0.9096849994759554	-0.3357260898779193
-0.574883120075197	 0.26044397740923303	-0.775679271918404
 0.888235955893723	 0.43696589560339916	 0.1417663314651385
 0.7878994298147218	-0.31862912150935396	 0.5269629696893452
 0.5253522236707795	 0.7760961909270216	-0.3488262368468509
 0.6573324246035701	 0.16931431174644432	-0.7343342205035932
-0.42584015950193416	-0.8674511869027884	-0.25727144594049056
-0.2963733057955316	 0.944673541738032	-0.14055163873804877
-0.12410104369448251	-0.9754051684855204	 0.1821639048924728
-0.45337795206070064	 0.6868103052092057	-0.5681021362780487
 0.01942473755270405	 0.8361952651574575	-0.5480877284698662
-0.8236923057028148	 0.5665974835051473	 0.022322123815067263
 0.4691331387178401	 0.15662908078757118	 0.8691268199799085
-0.036657527471306815	 0.3829699697330111	 0.9230331673143641
 0.9803815891028191	-0.13379421990294893	-0.14474476318261842
-0.5487005283693568	-0.8210547814397201	-0.1574699210711752
-0.7903759709292958	 0.005454070662444132	 0.6125978107133441
-0.7274423148564746	 0.20858272351766705	-0.6536978858817015
 0.17655310299377808	-0.9510831723694035	-0.2535148931700457
 0.8475789624719744	-0.4062486039231442	 0.34142638179471096
-0.8071394045463307	-0.5488691434375371	 0.21741353456199297
-0.4281153755188337	-0.501343462732387	-0.7519122007388015
 0.7364476650075481	 0.34090392029227073	-0.5843195648224448
-0.8829619998671759	-0.4656714627751636	-0.05939861570269511
 0.12740176223231844	-0.9843487674884609	 0.12176327411846155
-0.8023190814645309	-0.38334251546895975	-0.4575288049422044
-0.31993269225101123	 0.690350465607324	 0.6488908283099482
 0.6274196167422353	-0.2854555162100571	 0.724472064880542
-0.08388229905173632	 0.8242646816009329	 0.5599566899065567
 0.8913012279945569	-0.3552888392286807	 0.2816948023924677
-0.045734844685249625	-0.12682516015086207	-0.9908701745104271
-0.15650289071590398	-0.8766582451128045	 0.4549474326483265
-0.45387948426575614	-0.8908207286060001	-0.020780838494299347
-0.11050589602901718	-0.9517938044563594	-0.28614157464673573
-0.811292798611761	 0.3489906625568246	 0.4690517160919947
 0.6616030273788911	 0.5870626088532461	-0.4665178747374068
 0.720608697548309	-0.692656261672049	 0.03082869092633489
 0.3382541872347901	-0.1629356777311498	-0.9268419874716631
 0.1479574969465551	-0.2137187862008967	 0.9656256311439364
-0.3617289504946098	 0.7086061320449306	 0.6058296097108415
-0.7229765112969977	 0.689464031924971	-0.04409436239004716
-0.27620596965353966	-0.13180200363296024	-0.95201811651149
 0.9689658008984985	 0.24147244098065807	-0.05288040219186829
 0.0951941718503048	-0.023069935622243035	-0.9951913623600841
-0.22544062499329243	 0.9223265054524489	-0.313831709587332
-0.9242950502005709	-0.08464190173020182	 0.3721752391632456
 0.20652124665359625	-0.8305154199248621	-0.5172940285250494
-0.5870491621875571	-0.35738562785748024	 0.7263943792292187
-0.8362765209352705	 0.17380268824526643	-0.5200328894321191
-0.8091827022439716	 0.2824503566364479	-0.5152136939417349
 0.059248330489020805	 0.08042760542088379	-0.9949980078475165
 0.30907036512812974	 0.39407456889557546	-0.865552276612644
-0.8006755095535996	-0.4331256160264176	 0.4139093247836054
 0.701794965712814	-0.11145208862119377	 0.7036066074463228
-0.34887177677573117	-0.9015684002297604	 0.25585719273941687
 0.16419243802642802	 0.9823693280395778	 0.08939433215817338
 0.7912990442837661	 0.2663073933343323	 0.5503873134176258
 0.32765885956530955	-0.3959659788370985	 0.8578173554737274
-0.868153827840195	-0.044460389170387804	-0.4942997117146992
-0.5169676299499785	 0.800268650092066	-0.30383310758329896
 0.22497363800071646	 0.9690823668766231	 0.10132239838024337
-0.16342048967959416	-0.54090468466129	 0.8250550682617204
-0.4728449505334277	 0.6293065251681262	 0.6167584212119512
-0.33887514150979176	-0.6957891643929834	-0.6332780409741305
 0.6630048316342793	 0.4587788553472475	-0.5915628074142849
-0.21169397078192345	-0.3347818750944276	 0.9182084506487844
-0.19336885001562545	-0.05577788149703893	-0.9795393385563118
 0.7798060049766076	-0.1509295515764061	-0.6075548247387785
-0.5151842657023982	-0.8549507440983962	 0.060368845759045886
 0.9007847724599165	-0.036364234958345946	-0.43274061066674885
-0.5643189831707334	-0.08977295118079832	-0.8206612592717166
-0.6909558248047462	 0.04060201154767091	 0.7217558623431304
-0.9832635221089353	 0.17916350964461714	-0.03306482877249772
-0.6375386776087575	-0.13487762921531077	-0.7585199138388747
 0.3274727552910261	 0.7268168243152916	 0.6037374416369572
-0.2157530834160163	 0.45912427774179887	-0.8617746251686418
 0.9560214541307951	 0.0492465007472917	-0.2891327747001142
-0.6337233614986482	 0.7714346690893765	 0.05729967205680886
-0.5154889005655984	 0.8568727032052563	-0.006353258643207571
-0.417704143297118	 0.7347191748837201	 0.5345193941575987
 0.1523612972957641	 0.9883212285628478	-0.002680346689317048
-0.16307237600008795	 0.9864650135551207	 0.01715159518474696
 0.9056428658746025	-0.002961334355660097	-0.4240309304629448
-0.6875180734086331	-0.5471129680275716	 0.4774791083938048
 0.8523521068855566	 0.03952920314078665	 0.5214722696240013
 0.5649449256866557	-0.47401810822092766	-0.6753843824220043
-0.34370606227814665	 0.9158582176351348	 0.2075328117273143
 0.3361238516898544	 0.9106335605036326	-0.24034823654367354
-0.3270595252246441	-0.19116980233340225	-0.925465382191921
-0.4321162103927518	 0.5414755251815877	 0.7211656095136061
 0.10881640547263845	 0.9431110600847562	 0.31416638624433024
-0.8919841549773008	 0.43218707922138155	 0.13258429704728236
 0.5861388221264234	 0.7829322882027931	 0.20846657594393214
 0.6381846981624962	 0.7132424863696356	 0.2898369311673439
-0.9545053629765201	 0.18208726321002763	 0.2361434746626374
 0.029151025619100643	 0.3973778218408826	 0.9171919561435056
 0.34651563165685917	 0.6009442483157561	-0.7202728145874027
-0.06250779157594406	 0.9423024191031995	-0.3288752452595918
 0.6937455523706856	 0.7184606156592439	 0.05031354005069466
 0.6371736737811347	 0.7040858218418461	-0.31348503141544826
 0.5251975317123347	 0.8289532646187406	 0.19236433599085734
 0.4920918918472265	 0.10993811815001253	-0.8635734943569373
 0.7205694051284953	 0.4078179587955595	-0.5607711163002154
 0.27142669356562354	-0.6429784232698171	 0.7161747672387606
 0.8515913447562309	-0.39963352050974443	-0.3392421418710565
 0.6308088674605772	 0.5613817723908744	-0.5356591064850711
 0.43668050667586583	 0.5917714527734897	 0.6775814952990249
-0.640390758368918	-0.47676782460698225	-0.6021562239279836
-0.7244050608405589	-0.0484218043744176	-0.6876718961028665
-0.26159882563344955	 0.23998932389149602	-0.9348642569086181
-0.8792800420925996	 0.36478777210481866	 0.30626212449540535
 0.5194404815960024	 0.5054848858497957	-0.6889605331633533
-0.41517964792599255	 0.7250526268875395	-0.5494766129613957
 0.5401871639773346	 0.46515826402611293	-0.701302799996077
-0.8949703068336078	-0.09612677607839967	-0.43564640800416465
 0.4830730092513944	-0.20416953415958336	-0.8514430509751436
-0.3949432769636317	 0.4545118555868451	 0.7983976334585612
-0.2925573372089715	 0.7687391098425006	-0.5687269867377103
-0.17039267173191347	 0.9739889547681438	 0.14937152810933907
 0.5495345844477374	 0.2080620627595588	-0.809148885271487
 0.05142076603135386	 0.285802002727559	-0.956908104290932
 0.1615045381082986	 0.5435726646157123	-0.8236777540112392
-0.7075875303351683	-0.5982437203283423	 0.3760642737643147
-0.8215566011541597	-0.3148290233084526	-0.47531824831650504
-0.8606806103917319	-0.10372033424448614	-0.49846863407834197
-0.29138520393319556	 0.6120064139821326	-0.7352161669696475
-0.21283835857295533	 0.6858589925156504	-0.6959147041882265
-0.26390912284352913	-0.6621801180254321	 0.7013340617507351
 0.90040646398838	-0.33925521720751456	-0.27234921921207067
-0.12049659563519233	-0.07230756934288021	 0.9900768585600077
-0.09830444525536262	-0.4142259248841033	 0.9048497771436674
 0.19039032336339695	 0.9812583082273469	 0.029726373885594626
 0.38799183814542554	-0.8390173623129813	 0.3814606129994307
-0.6640204182914418	 0.7273911983983286	 0.17314424213557356
-0.010585636551924923	 0.5457387097330716	 0.8378885397221236
 0.5314059580383771	-0.27777177749401655	-0.8002815425768166
 0.2673175623212219	 0.5065360470804465	-0.8197332211657371
-0.8499996861393407	 0.14248844561608476	-0.5071465039107876
-0.351461356539179	-0.23195923200150972	 0.9070114825893385
-0.7261283259569593	 0.38587524920439886	-0.5690676113559681
-0.6517274187502806	-0.1275917204200868	-0.7476441162273255
-0.855337411977519	 0.35960840103149855	-0.37293392119672997
 0.34489852138500376	 0.5416458193727469	 0.766592992599374
 0.19297622754098892	-0.5031151428490567	 0.842398556883867
 0.9465379134931903	-0.14818972050039558	-0.2865410704558293
-0.5624449766530606	-0.8131722527855392	 0.1496881275767361
-0.3046764810351138	 0.08896391390079535	 0.9482919718776026
-0.0044462336189519955	-0.6479612106800786	-0.7616603576795975
 0.1882702263849685	 0.5884533479871563	 0.7863059068197691
 0.33540284441086327	 0.8659534228265239	-0.37098463776298063
 0.8005276610139281	 0.556867713291247	-0.2214809559428237
 0.9971772323869565	 0.07488899149731693	 0.005404272532393506
-0.8458958931042818	-0.4517083914156847	 0.2835836158066327
-0.22665511589213536	 0.4324922735669494	 0.8726843024512436
-0.12628998534300184	-0.6572268782176346	-0.7430367892307668
-0.5842718931853386	-0.4378105937947228	-0.6833361096815627
-0.6276410989214208	 0.07776326266286811	 0.7746092730691629
 0.6094607064484809	 0.7570452088899796	-0.23545742500937528
 0.6746167001301446	 0.5101567984658409	-0.5335094646626226
 0.7159811182373512	-0.2207017214768742	-0.6623154750303939
-0.468216045011119	 0.4767453604496366	-0.743967470044149
-0.08297991922748717	-0.764926426603231	 0.6387502601870403
 0.48275952719660875	 0.771033081308301	-0.4152724725154966
 0.4814360730377789	-0.6093737935680174	 0.6299864183381145
-0.8366985778505708	 0.41861743002856033	-0.35312170295680745
 0.5632443867687943	-0.7420037692419189	-0.36357415640310564
-0.46083255715270516	-0.8849056212341222	 0.0676416718920434
 0.6990863921913782	 0.453535506326732	-0.5527963103655789
-0.23297377222085158	-0.28998038681486243	 0.9282427466562233
 0.9249577839668123	 0.37994214798660475	-0.009852008045510008
 0.2865676135439688	-0.25110018730253075	-0.9245689259348642
 0.8592432222266403	-0.49747251333826165	 0.11925679657987365
 0.12925652831272028	-0.9601097960604246	 0.24795549882459333
-0.3871205874752486	-0.865318471737777	-0.3183733550757921
-0.4216992212507728	 0.5626690489921383	 0.7110367839308838
 0.4774844925443958	-0.40419660563789384	-0.7801497698329634
-0.5856861097731864	 0.005454753614140586	 0.8105196027745165
 0.5255681553724998	 0.7410634770104852	 0.41785528248363457
-0.2635099222674795	-0.44010659000691454	-0.8584105721035082
-0.2577731838772512	-0.6524900297066409	 0.7126077089164919
-0.23400739567017578	-0.4286432818646987	 0.8726428110538254
-0.722480419412921	-0.2871470594986057	-0.6289424534774497
 0.4985916043313176	-0.2600903506520051	-0.8268974673972824
 0.8255860036653629	-0.515789684651337	-0.22884219837942843
-0.6965947616400736	-0.27012407033591634	 0.6646718925009285
-0.9092527351274537	 0.1862306274443428	-0.3722601470274931
 0.727139511500317	 0.5913189646191548	 0.34872627216315544
 0.8300867316410877	-0.1686560928684808	-0.5315177704383509
-0.7198069887753545	 0.41260493216484456	 0.5582428404049629
-0.279170290533297	 0.9374794976113996	-0.20783681204693383
-0.30761374205198533	-0.9410253866932187	 0.14087230849124643
-0.1869757523916623	-0.16052174558426371	-0.969160893356801
 0.477236583584002	-0.825814318853028	 0.30045957143412694
 0.6541531980604129	-0.689711590789061	-0.31045372440761154
 0.31299152099736166	 0.8985906849400903	 0.30752412705779264
-0.11327820096959136	-0.5118492498516354	 0.8515740687758235
-0.6217012624486856	-0.6929639734422982	-0.3650869372913421
 0.8369336202651977	-0.3883137389634434	-0.385687121125428
-0.15409462999462228	 0.09939899466173784	 0.98304358238435
-0.08374140090229379	 0.9956896628692345	-0.03986819572380185
-0.2624141116233942	 0.4171152224964249	-0.8701458068523129
-0.17923386788089005	-0.3170909037513595	-0.9313047725436618
-0.5581945358878719	-0.7118721775913328	-0.426212227506787
 0.13732886945061326	-0.9803550139287959	 0.1415797594293997
-0.7727881705901612	 0.34325156144359886	 0.5338321917629576
-0.6174664293201946	-0.5493392934054274	-0.5629933830724787
 0.4403319877414257	 0.8973714765995052	 0.028847418555366655
-0.7719624408552856	-0.21545113879493713	-0.5980424706496308
 0.8115438887837543	-0.3344379996399848	 0.47911140768567284
-0.8466798593472391	 0.26899098849696923	-0.4591046328269437
-0.5841769882164963	-0.591063817861212	 0.5562201089978962
-0.9764244083199931	 0.2143793452406969	-0.025236306606185366
 0.9263340363221536	 0.3469134039256327	-0.14682078642970797
-0.8625771247497429	-0.16253309218804146	-0.47910718821810616
 0.7109951613043611	 0.6071672878620588	 0.35473055288770583
-0.24844553324220117	 0.7875910375525825	 0.5638928750913996
 0.7333159547012792	-0.5879900672168491	-0.3413435094371602
 0.03001421064721389	 0.1409080958304578	 0.9895676104686628
-0.49893965697991943	 0.75128301660402	 0.43201047169614304
-0.1295984200666978	-0.13978313367607986	-0.9816643647682801
-0.725189534696011	 0.09528136965244555	 0.6819249220878623
-0.48876111001114253	 0.8668505294729678	-0.09840089884300518
 0.9896510298428366	-0.11988943126831506	 0.07885025936021361
 0.9502644477158927	-0.28116547218919935	 0.13395318830036773
-0.3544916303426344	-0.49899885073172895	 0.7907817846823704
-0.06330930496724166	 0.40093118936550376	-0.9139180014085111
 0.34210711342270367	-0.1360180954295696	-0.9297643791097279
-0.938540977871136	-0.2640020473820845	-0.22235951033126433
-0.9815142850432709	 0.0609153981058704	 0.18143600119491188
-0.5919844157276186	-0.7978996489388902	-0.11362482897160198
-0.9825498331110242	 0.0888955762236058	 0.16338115552710275
 0.20386545263277833	 0.12634978674805533	-0.970811314628931
-0.47992584049280956	 0.6354813027676003	-0.6048427080324801
-0.4875394794795925	 0.18715164541817825	 0.852806846575493
-0.024005362283761458	 0.2681675575420402	 0.9630731559251156
-0.05562845016741051	 0.842280789644807	 0.5361609337944087
-0.0082006997201158	-0.8180359268775813	-0.5751086600475053
 0.8212950388123812	 0.5666203912581036	-0.06645142160016504
-0.43478418459473606	-0.5346650286080874	 0.7246350943818576
-0.4863379483793988	-0.8448596961963131	-0.22290691714074473
-0.916938822582352	-0.2957722563785376	-0.26784691149617257
 0.4517846713650003	 0.044246540883063394	-0.8910290984807971
 0.9798264720501074	-0.11301368258395879	 0.16482715861972608
 0.6281773742787583	-0.6495573117165173	 0.4283322136377974
-0.3045844280652428	 0.8140559354338108	 0.4945111324987055
-0.2137719959152079	 0.3427184901154309	 0.9147926378668707
-0.014581609845565712	-0.5249743280698758	 0.8509931442273164
-0.8168279174805271	 0.3342569832696975	-0.47017488486718073
-0.5273725534759959	-0.8441903725725443	-0.0960250211977951
 0.5809949399225937	 0.15331322505658207	 0.7993371846768369
-0.6352582477335312	-0.13027284379999976	-0.7612331737744908
 0.38559927790071424	 0.6595977531037863	 0.645169745867616
 0.7531025248981541	 0.6372884274924899	-0.16340149074036803
-0.4099602513604043	-0.8800181417730699	-0.239792957475375
-0.3522052541052121	 0.11644777499741414	 0.9286502973018609
 0.9544556131307635	-0.07505439693332415	-0.28875823808880874
-0.5878862544624772	-0.7565523865355153	-0.2863882648459877
-0.6067907270972989	 0.7677867578967545	 0.20569032040210744
-0.5669638040517098	 0.23928411083013637	-0.7882227852577248
 0.2123249264330198	 0.5981966604548434	 0.7727087944600382
 0.47817172829768206	-0.0823909242639739	 0.8743932375400303
-0.2998152729756444	-0.8207982082883278	 0.48621096589979396
-0.7804964385108724	 0.4062466186414519	 0.47517259423732616
 0.6788795929318702	-0.2110794923538777	-0.7032552496841296
-0.7455923400386607	 0.6039832995609259	 0.2815958741302351
 0.8947974977434079	-0.4445731823400403	 0.04113542969491313
-0.8430284265075109	 0.27344073679060305	-0.4631773262625045
-0.0743099960104427	 0.6720773867891074	-0.7367428388926847
-0.4766549679339374	-0.024871735130659264	 0.8787385494761724
-0.6845628770367367	 0.6134601932186091	-0.39375151900579697
 0.6152536998850044	 0.624684086199369	 0.4808665898428297
 0.5455415779195883	-0.4188037742114498	 0.7259392436473253
-0.5014824891769999	 0.7560628948166924	 0.42057604797496895
 0.7957221226982039	-0.19681995475884848	-0.5727898470271529
 0.3211306054580787	 0.13900865029920492	-0.9367773104533015
 0.13387830636731488	-0.24380234684962587	-0.9605399599989759
-0.39779810123441184	-0.15985209661249417	-0.9034400798408748
-0.2825467931639737	 0.25656198204043684	 0.9243069073874961
 0.34876528274575014	 0.5724876319391968	-0.7420381990355533
-0.46879758789245585	 0.6896669488267743	-0.5518952086059299
 0.3180686656074508	-0.5562959654037262	 0.767702496305849
-0.4068698928848085	 0.8796856755922224	-0.24619098769402514
 0.10786502998072073	-0.13277221236426662	-0.9852596992322158
 0.11035489717426465	-0.6298680121156207	-0.7688225308763874
-0.43209258891914937	-0.2622927641594049	-0.8628432652983773
-0.2671162374593512	-0.6502126540347952	 0.7112470880211652
-0.004419071167760404	-0.6031639128308309	 0.797605018833643
-0.9894711222790357	 0.1041672134614965	 0.10047930043313658
-0.4432920118695033	-0.5900032924581605	 0.6748246491505911
-0.28064741336697024	-0.766198791181962	-0.5780799613909213
 0.08054880245015075	 0.20480482706040276	 0.9754828923341532
-0.5128802365130279	-0.8572707584955772	 0.045174214135478064
-0.7822466909705807	-0.09086721886436835	 0.6163061438939512
-0.867897836570948	 0.420815291195978	 0.2639466536463615
 0.07915280086533812	-0.7687209047270132	 0.6346676332938797
 0.9466540375513192	 0.04310964517210365	 0.3193551184511074
-0.20508440170918674	 0.4736513294814616	 0.8565014922672516
 0.7388740240350432	 0.48367417182891237	 0.4691742449366525
-0.009889212628413595	-0.46810834885568586	 0.8836157406956904
-0.4432648083332416	 0.8657464514096066	-0.23237769162500976
-0.27474634279056687	-0.19362034437649606	-0.9418203700105108
 0.2640003226379145	 0.4609359743931202	 0.847255485173948
 0.8572096121475851	-0.46543622742270113	 0.22036514934151996
-0.36282821335597576	-0.44997727872273835	-0.8160123382806106
-0.46350008961919326	-0.38965531903537487	 0.7958243520214998
 0.8486594830560522	 0.5231258789800607	 0.0782073945376851
-0.9109838885714197	 0.4111286319961151	 0.032887728962306184
-0.3717187403578594	 0.229948267357459	 0.8994159062447522
-0.13155004740728857	-0.2996761110571328	-0.9449279408975126
 0.04066803032247796	 0.9989965125115424	 0.018763776258142073
-0.5960116257009023	 0.02144278862572589	 0.8026894473240072
 0.2897985430287087	-0.6454575616330951	-0.7066833382704709
 0.25556556361747185	-0.9624093789257402	-0.09194797468490057
-0.6793565094822686	 0.7331030636005873	-0.03216568301002809
 0.7608691527568248	 0.6437073029614869	 0.08196975355068559
-0.452271274038481	 0.7844878931340721	 0.42429876290848867
-0.9270887347688602	-0.20309017424113043	-0.31505691389236534
-0.5826676428520674	-0.7398277839155413	 0.3363826216079464
 0.3257989086022662	 0.9270931231935741	-0.18534673474533303
 0.8512874221725092	 0.014470577872478461	-0.5245000736195569
 0.8118822137172769	 0.22686168056985692	-0.5379414921146666
 0.6827810711811866	 0.298116397658468	 0.6670356979081475
-0.12790023995629074	-0.34889194002916146	-0.9283942819738882
 0.46928057280891866	 0.39416526638890764	-0.7901958534165405
-0.5484451876222173	-0.1945942768295637	-0.8132287154295585
 0.7113575196942057	-0.4359813961079107	-0.5512628242701523
-0.4846574867641192	-0.414333213207954	 0.7703473949824584
 0.13740232753201617	 0.47399553990682736	-0.869740667404497
-0.4921134418519805	-0.8309245350525054	 0.2595934848881518
-0.6223267960480733	 0.7106097276384393	-0.3282425534664313
 0.7545754787114382	 0.35728002394681246	-0.5504242285873406
-0.5522822766767991	-0.6959238888211858	-0.4589926228565
-0.9823161253711867	-0.15414183782957158	-0.10627946022755697
-0.6779510213685279	-0.46619259523198575	 0.5683721287820469
 0.012307861463429128	-0.943483929340945	-0.3311896611030718
 0.43181656635611104	 0.42424259809206655	-0.7959602194736315
-0.3626636976976993	 0.08915979730739945	-0.9276451761941822
 0.7348886412737619	-0.47452779164618014	 0.48452250709559785
-0.3507512088196629	 0.27057639994138744	-0.896527747092249
 0.6980019943507244	-0.6837125301204022	-0.21290935169402347
 0.2749700311131341	-0.8628525016767304	 0.424119136964898
-0.16633391624024665	-0.9300000303717746	 0.3277696932553116
 0.15529506497068063	 0.3944262135329775	 0.9057104420695337
-0.5895220389571314	 0.12526537015565334	 0.7979801705704181
 0.372581448154454	-0.4010297479054466	 0.8368740680568516
-0.8806053566765988	 0.10015505037546767	-0.46314487115455316
 0.1815628299073582	 0.8977765912942546	 0.401288089681342
-0.4688768211391017	 0.3759080533869486	-0.7992794642659886
-0.977681468459748	 0.16484415023377189	 0.13025111271730605
 0.07473824859547333	-0.1744828400003482	-0.9818197048044484
-0.3583151998246595	 0.881625314378094	-0.307159604476795
 0.822475659290848	-0.39560127651176297	 0.408697222765642
-0.26855941073229395	 0.8795424520802301	-0.39278609687184596
-0.9906645041501729	 0.13621227649019496	-0.005482330731613638
 0.9406155493818291	-0.2402705138374641	 0.23981757325392317
 0.798340429275222	-0.5832871212683572	-0.14976212187040794
 0.5828888557550432	 0.11081158323171168	 0.8049604803083552
 0.9168353430646475	-0.3387916593628382	 0.21126562724140574
 0.5996195073323185	 0.800152486470009	-0.014575487038503754
-0.2757975243341144	 0.5300204651185885	 0.8018815574177078
 0.22403602795939342	 0.6405359078838215	-0.7345213467882514
-0.45890831109909697	-0.6942618288324216	-0.5544399652175478
 0.05810065484178738	 0.993201669228284	 0.10087000619166164
 0.46730689525356	 0.559342862528912	 0.6846603740442709
 0.7295340026702648	-0.224447930452547	 0.6460675393977557
-0.24024294304439525	 0.5993898769927924	 0.7635542571919383
-0.16075362827522385	 0.36446143433190714	 0.9172383190213327
-0.6793221995204122	 0.5191000437372321	 0.5187065584998449
-0.08121557197885995	 0.11416143538894787	 0.9901369589799593
-0.3591973345586168	-0.8055839075666964	 0.47118132678997116
-0.44280925111949104	-0.14566146532806626	-0.8847048686660857
-0.21342946158174622	-0.647579861037275	 0.7314972238552033
 0.3404951950234473	-0.782434047610132	-0.5214019402594992
 0.6596046257390265	-0.723480604989428	 0.20370947918005733
-0.6309171937176485	-0.22156455390552876	 0.743540612962124
 9.573733827712251E-4	-0.17283281417012764	-0.9849507103313546
 0.6285062489948997	-0.6103315020202394	 0.48215697922572853
 0.41538949630282884	-0.12798051586240586	-0.9005956661681616
 0.07253906627758747	-0.4961905444755628	-0.8651780322203173
 0.06146746700916078	 0.9019815584788692	 0.4273769046912901
-0.5400092822805082	 0.8082372128006227	 0.23482457898433773
-0.8523838070541176	 0.1443084370469523	 0.5026101078062346
-0.4133585769269458	 0.5723751124692089	-0.7081817686913374
-0.9009984463903563	 0.016072188386765933	 0.4335244910759073
-0.9944214581191523	 0.09230544451964989	-0.05104574952147356
 0.29867916693636926	 0.9437960094254951	 0.14156216948997047
 0.5523712993255068	 0.1897728903034468	 0.8117094294064393
-0.708228697538895	-0.7012645629251467	 0.08148696072233563
 0.9012331525683283	-0.3049411130407607	-0.3078793956880106
 0.5487902411550698	 0.31643352057664154	-0.7737564851220522
 0.4549324491973192	 0.8869561584947536	-0.07965701209283504
 0.1283974595160326	 0.010290359487098612	-0.9916694010059275
-0.8328917445681102	 0.5316220984343017	-0.15384825734014473
-0.7466445753525982	 0.5225984740019712	 0.4115977563925115
-0.9471694103094	-0.0663758415867829	-0.313790305503197
-0.8671355661309043	 0.15954872551822513	 0.47182636015418455
 0.10633455311031967	 0.8404377746254921	-0.5313730420310943
-0.36676209995111303	 0.0566401865015688	-0.9285889571347041
 0.3661227046750531	-0.930438176648764	-0.01545847844864423
-0.3295413496215915	 0.2943284994873411	-0.8970915411924862
-0.6236234650152018	-0.4723931643251661	-0.6228470696577852
-0.5304543634453281	 0.1809518787835874	 0.8281754559672132
-0.26356888315947324	 0.6440371171004186	-0.7181557182304197
-0.6547966856661008	-0.4913802988748082	 0.5742705828426125
 0.9329234060695966	-0.23037781962868498	 0.27673087762415594
 0.6187217390781565	 0.04627329640091439	 0.7842462570087885
-0.07596613592035316	 0.5798453630953679	 0.8111772316147263
 0.4740852798240303	 0.01081496516279858	 0.8804125078522558
-0.42972143065270146	-0.5020449345006774	 0.7505267322221147
 0.7083507090083593	 0.5818544582272719	 0.3996056337045346
-0.8818638477305807	-0.42290325124506434	 0.20849219206524094
 0.6980043442519981	-0.42606453638212877	-0.5755509936077079
 0.8769393011181275	 0.2056964394104495	 0.43435749903542975
 0.8090892217604209	-0.36380001617800944	 0.4615454251316946
 0.4832808757423234	-0.8566885521469549	 0.1803450020435473
 0.37677595315374596	-0.6997124801848326	 0.6069945026099302
 0.45744629959221966	-0.8675469424309095	 0.1952054959988716
 0.11880696474272916	-0.4008245021459485	-0.908418749040371
-0.7093602370656115	-0.6497076803550443	 0.2732910246566598
 0.28643152091494195	 0.3608116929765286	-0.8875651559394186
 0.7392050876087385	-0.5653971126145868	-0.36592614487140107
-0.3621089190084007	-0.9020499819150282	 0.23491053808134033
-0.5799146107335115	-0.7511981175692453	 0.31527834118160136
 0.2404221830217111	-0.7723801513063039	 0.587899715750166
 0.5953227620164374	 0.3279875753403297	 0.7334950302813863
-0.7026167265222183	-0.4154046249746987	 0.577727213450113
 0.6457880630735885	 0.47300874348537675	 0.5993500698073273
 0.9078095119413081	 0.40966619281533034	-0.08975244003968097
 0.21562853602962045	-0.11222282143898345	 0.9700053467883549
 0.2712820642990393	-0.6984062869077498	-0.6622950248925186
-0.897717100982671	 0.2229968143769471	 0.37996898213012376
 0.818686501698092	-0.5101515278800942	-0.2636244118797526
 0.93616440089147	-0.20147762770305871	-0.288102377703938
 0.9499088942088126	 0.2855425253987132	-0.12703762785850503
-0.6143821040517251	 0.23793844801664615	 0.7522764951641152
-0.721920872511038	-0.4422981797474081	 0.5321678062651207
-0.3945302207166366	 0.8915216240088631	 0.22256481947037643
 0.24449246732088742	-0.7952336355878717	 0.5548215012533679
 0.8172487463831839	-0.31187867357151805	 0.48459898834643167
-0.9530085090109187	 0.20328908073609764	-0.22460706000982733
-0.993058145987243	-0.07603280185482006	 0.08974704301805825
-0.3048779149783012	 0.43023742082837946	 0.8496735953749697
 0.6406170289634812	 0.75753742327897	-0.1254865512071348
 0.05698585029907259	 0.8474143648350438	 0.527865046329941
 0.7168983819701507	-0.35671919501657245	-0.5990059480800742
-0.29224513207618136	-0.14854143074607498	-0.9447371201184402
 0.8684786529736526	 0.4541246289024593	 0.1987854389870487
 0.9644195341845948	-0.25433258157450506	 0.07217963724498166
 0.18010858057635518	 0.855393893502908	 0.48565644869671654
 0.4633345412901598	 0.6163852465093925	 0.6367027019991296
-0.48614491241905455	 0.28092960672903433	 0.8274911964438896
-0.7594969200887116	-0.6216347593302675	-0.19166286642999353
-0.7877120848557086	-0.4139034027940374	-0.45628241750892595
 0.7512813200030727	-0.2578327978851743	 0.6075348768170792
 0.29082132863075283	 0.7664915408653304	 0.5726374704779065
 0.6362830697604883	 0.7641986013596377	 0.10556681683248414
 0.04859971213637221	-0.18370860953201554	 0.9817785976298705
 0.11461606595290522	-0.9884791454416196	-0.09885411702344316
-0.14872114128847674	-0.9280075930300355	 0.34159029466958346
 0.5122798123254684	 0.8029631146486923	 0.30466314249914417
-0.5654623111570354	 0.7939171181977809	-0.22349045638119547
-0.7401908494906616	-0.6484490763685574	 0.17785190942763962
 0.6895921046302238	 0.285314941161741	 0.6656261064453006
-0.08463521523728135	-0.819947424410554	 0.5661475969605787
 0.7001734649395965	 0.6411590041793874	-0.31412139429554276
 0.5171824294242459	 0.8557769782492228	 0.012965268738591051
-0.8624190006570017	-0.47538001649365225	 0.1739175299510467
 0.6356168028843394	-0.13801332579261752	 0.7595680363171897
-0.4976479912338942	 0.7837816862097737	-0.3715275833407714
 0.24338432549103747	 0.9658522818806603	-0.08884503188808202
-0.6853546750903083	-0.5971781683724032	-0.41673397335859197
-0.4257814388132914	 0.9004137494944363	 0.08924822734068227
 0.29202131189748265	-0.12057610007970743	-0.9487807741977288
 0.5293823732349329	 0.8433350787063546	 0.09241346185214017
-0.07575234692971708	 0.9587718646195983	 0.27389431090933325
 0.6099619721318155	-0.711830957495356	-0.34819977097107824
-0.7496976487531223	 0.5315846922743525	-0.39417147333821867
 0.6395973478591924	-0.5795102543170685	-0.5050575192518711
-0.023773537624916966	-0.20539975969380472	-0.9783893691299614
 0.5402898517259153	-0.5681582152815697	 0.6207117837853975
 0.007616683403897743	-0.29888580732562353	 0.9542584871580839
-0.3403289694082432	 0.008249757784300697	 0.9402702452369869
 0.1768390234349014	-0.23137413602795404	 0.9566577073164195
-0.6651827243281164	-0.0017865014569887704	-0.7466784794461196
-0.11661757024793455	 0.18137142042824977	-0.9764756782231225
 0.8138970890752562	-0.5733403426195997	-0.09408708689115919
-0.39629973528962026	-0.6163978077035506	-0.680441226313951
-0.8633304859875307	 0.2863999502381821	 0.41549433265461166
-0.8603948448193312	 0.19741125743813434	-0.4698398731961919
 0.3580453790801831	 0.38442994535881897	 0.8508919576719147
 0.28072946822684386	 0.28746438083791837	-0.9157265942510056
 0.3744378676749247	-0.9094763432833747	-0.18069052066712543
 0.8073261880260387	 0.5824658548666237	 0.09464646872355242
 0.34097764409947307	-0.8195127326920778	-0.46057912151978386
-0.9998037404141781	 0.005695621549916233	 0.018974734490345257
-0.8566878902691674	-0.39569389920715314	-0.33092627093720184
 0.15988557541757759	 0.6224970789000199	 0.7661161723487715
-0.5746350062788824	 0.7582120284305466	 0.30807325346758807
 0.1289621070734739	-0.6542088224729126	-0.7452379428999674
-0.319218719561499	 0.26120600108896663	 0.9109724661462759
-0.573163530523034	 0.38690534943070354	-0.7223488200725992
-0.7305326389941583	-0.623615340509846	-0.27825522536876024
-0.37150630174760085	 0.9259821836085257	-0.06737999258984195
-0.20804403522274165	-0.9534411286644898	-0.21832932368150293
 0.9476580828164151	-0.28316553040193976	-0.14751759374699902
 0.40580249690176123	 0.7194042243191314	 0.5637214698236044
-0.045492468184594265	-0.007383952801087564	 0.9989373917215758
-0.08625808812118423	 0.5177425335991873	 0.8511769564173906
-0.3762189246148506	 0.2856282507433349	 0.8814055951370787
-0.7841308387479919	 0.13751806224219063	 0.6051674233478894
-0.31905952867083304	 0.9053971520428767	-0.2801017926343812
-0.6587602080727069	-0.10691513532498266	-0.7447174914680361
-0.11004890808426414	 0.69730685995661	-0.7082742271796383
-0.42611432852612535	 0.08511303605726349	-0.9006566216476979
-0.1717735975544326	-0.012501242858163907	 0.9850571303788471
-0.4183858969976076	-0.5939949034675881	-0.6871122876561284
-0.2095415906744025	-0.9751483677052549	-0.07195820133534503
-0.892935741832566	 0.062178664342904116	 0.4458694592125114
-0.6742361627221732	-0.7379228636469735	-0.029587906055167368
 0.4472993388420951	 0.44386550955121906	-0.7764706761380376
 0.49641294386059726	-0.4099585614752305	 0.7651850541148952
-0.2415302643951771	 0.009726086271195053	 0.97034454428674
-0.49344374267165086	-0.40693086875785917	-0.7687135623040404
 0.9587368988058889	-0.2814068024682231	 0.04041992568866437
-0.5969789728018243	-0.3405774623213502	-0.7263766916629606
 0.6674077682671942	-0.11749197083654585	-0.7353655605517215
-0.19932743077459117	 0.9583214900511778	-0.20466679517423114
 0.6372137129751392	 0.6672361129010217	-0.3856872484762388
-0.7714535032534198	 0.5883219586460504	-0.2423566902169212
 0.2295542974643388	 0.11175436063213254	-0.9668587215283095
 0.9189251943738349	 0.2220756599236377	 0.32597375418044106
 0.5409761227201489	-0.4608975317803273	 0.7035042998059617
-0.47869929757860513	 0.8778770224169756	-0.013375948940349103
 0.12082004979890117	-0.9866018312272286	-0.10963276054934656
-0.3460984957080979	-0.14716690595435544	 0.9265839050298756
 0.11153052142508042	-0.3065833581438	 0.9452870396339517
-0.08947568082435331	-0.9941627708128316	-0.060286712223937666
 0.5813714565939271	 0.8117714699807242	 0.05508457119003185
 0.3796521503791758	-0.6525875135495067	 0.6557391111347104
 0.2827418549639693	-0.3719004369490803	 0.8841646387684914
 0.8812940037871666	-0.47230484873504136	-0.015780011094906454
 0.566355997242609	 0.5502416865512725	-0.6135755623951635
-0.3378792172354155	-0.8837252651214994	 0.3238321947341225
 0.5156126891785184	-0.4103957947865691	 0.7521428364211127
 0.7100856801059363	-0.6331609095138999	 0.30803504601265885
 0.74071399021495	 0.6046564321595126	-0.2928026361697853
-0.3307991280527115	-0.6922498198509183	 0.6413751817742381
-0.14248305990601037	 0.5778734618441295	-0.8035924587352108
 0.929619795597762	-0.3610942317615994	-0.07360700660450537
-0.912303547582903	-0.3847522438293273	-0.14024246124461648
 0.9425502126866031	-0.16704903223540707	 0.2892986646938649
-0.8192651081688924	-0.45397903225894853	-0.35029661831973447
-0.07103344133884286	 0.9939907502445179	 0.08328648533766936
-0.5048797724436198	 0.6566481025689619	-0.5602764360294485
-0.17479770665011787	-0.07736205996544916	 0.9815604278024668
-0.717929808264787	 0.4408540632042605	 0.5387248698187046
-0.7427746012403306	-0.22061039079811462	-0.6321526296901492
-0.5067104819069711	 0.7891413527785012	-0.3471316938289015
 0.3624153202125943	 0.20307572717289846	-0.9096237599735404
 0.5894749330898481	 0.8073734932575297	 0.025833033965306562
-0.6145687583162152	 0.6988169502314429	 0.36600561658380437
-0.24286745980701444	-0.9397765510858674	 0.2404899810720611
 0.4114772127569656	-0.9063908161742732	-0.09561480919132714
 0.66161662323078	-0.576567839328368	 0.4794089804299846
 0.8112247979066526	-0.5601588688846387	 0.1677389903129054
 0.7487235969596064	-0.6578626705871371	-0.08142285922164905
 0.39070260121957634	-0.13915735441895688	-0.909937749580362
 0.14370527141160908	-0.918590200135482	 0.3681587146647096
 0.6305630790889882	 0.632529746611761	-0.4497736352222925
 0.8399609247417865	 0.4671671678999838	 0.2760805718322663
 0.8596321336763432	-0.28101288239972033	 0.4266899983318786
 0.7084640584607349	-0.6688119867068878	-0.2253202261372249
-0.8143424065931927	-0.5586854018615066	 0.15721662307419648
 0.32302727679853915	-0.8468969727001084	-0.4223966099242653
-0.16544810224615417	-0.7711365871754812	-0.6147969497179515
 0.969763242876944	-0.09777902052545372	 0.22360347919895207
-0.8595309564592316	 0.07814548818523917	-0.5050740713643582
 0.6854166529701684	-0.43467421609712004	-0.5841766322710333
 0.5862194251369511	-0.5200355853955879	 0.6212163677128693
 0.9470666180160758	 0.32043671275888647	 0.01962483518074465
-0.9971481880736772	 0.038724219429146035	 0.06477596661560492
 0.8629369726068782	-0.3728679037587981	-0.34104150429910374
-0.5587974835556454	 0.8279456407911593	-0.0474487962628638
-0.11772963991077051	 0.6007342667416462	 0.7907326176710159
-0.24845539472880912	-0.7996079318587587	-0.5467147996338773
 0.8071875294032229	-0.4667235066300841	-0.3614103771820052
 0.9916384349690531	 0.06997286501584486	-0.10842975815522826
 0.7620662108019849	-0.3107676236999709	-0.5680480388257476
-0.5457997067371612	-0.46141692247442434	 0.6994262675792637
 0.7149013963633216	-0.6988418976746121	 0.023151577318182515
-0.007835017521421291	 0.9530743027566624	 0.30263507054758376
-0.8804309883755792	 0.45148824967200907	 0.14491250848738502
 0.44008944077307804	-0.47862696203224364	 0.7597614858202701
-0.6893880459187001	-0.648689872041594	 0.32240591194185164
-0.8063529498231129	-0.533639358111074	 0.2549979525140651
-3.8653043019653183E-4	 0.9728476473942403	-0.23144611803553383
-0.7114648006436411	 0.35178341554092857	-0.6083307209039028
-0.5713171852241075	-0.625134762734827	-0.5317924428647649
-0.7623184209543455	-0.5388005546329313	-0.35855904311691655
 0.6930021174537762	-0.714477364604436	 0.09628167360657214
 0.3617274062107024	 0.5860804960816537	-0.7250261620857279
 0.4729411738503942	 0.6605266468680319	-0.5831219382378661
 0.9206298609224036	 0.13316481124440727	-0.36702560159236497
-0.6771289620627369	-0.38823789726901337	-0.6251141526633162
 0.32118411511893225	 0.6461999732995651	 0.6922906605631118
-0.13122975432357417	-0.9669734033202749	 0.21849757172879314
-0.51333222087014	-0.7244343145850635	-0.4600923329813258
 0.6958634478710181	-0.6432075183479015	-0.31946541324186084
-0.31586493136258637	 0.7443212431190318	 0.58840057119028
 0.4855354964828601	-0.716017535985904	-0.5015716995762591
-0.8843326028911066	 0.4422379805951612	 0.14960419774509792
 0.7539934646493581	 0.1760732887656145	-0.6328444139354614
-0.665962522461614	-0.6695345681701871	 0.32896410245150687
-0.7795692280867267	 0.5922934836457183	-0.2036178966866229
 0.009860511514375218	-0.9937453391495654	 0.11123385829498966
 0.10931372610871586	-0.9530132216058839	 0.2825178024985382
 0.0631105331368521	-0.19440129869994505	 0.9788897770796041
 0.6893837349414726	 0.6630890235994822	-0.2916556407478357
 0.6855365477632643	 0.5816703023719859	 0.4378347873562676
 0.03755043624644391	 0.997905495484981	-0.05267434687375139
 0.2834169471250963	-0.7642309672174101	-0.5793322559880749
-0.13035029039214238	 0.678083900950681	-0.7233332738552756
-0.4858001978599878	 0.5287588278910507	 0.6959973201719092
 0.3993191679511852	-0.6867724280126181	-0.6073613703788101
-0.018697778128257986	 0.4979259141453917	-0.8670179796956592
 0.46880483210579776	 0.6716825877838766	 0.5736414652570103
-0.20762406970119213	 0.21854859513212424	 0.9534824367792463
-0.37009481664787697	 0.9169555600220215	-0.14907155206502476
 0.09566477213167156	 0.994152692225864	-0.05008668398947891
 0.15923114406142402	 0.3480085989608355	 0.9238698273080501
 0.09881950702653847	-0.9935794290497743	 0.055087414171992366
-0.9380415380602298	 0.34650073096421374	-0.003913606375716805
-0.6956349673804998	-0.6103158843896027	-0.3789545004605013
 0.25597978006985433	-0.655231215315523	 0.7107365240871837
 0.5138619690917301	 0.4917684981123718	-0.7029293143591837
 0.504073987925233	 0.8606283713401222	-0.07230643914341806
 0.7264907411066133	 0.47892768259848745	 0.49278745715288474
-0.5338838622124839	 0.8184712911510061	 0.2123034790828604
 0.018245867080646544	-0.3682430605962554	-0.9295505024780406
 0.10318865953497572	-0.797174094224598	 0.5948660051142329
-0.48358966334040693	 0.10662533950358856	-0.8687761935539304
-0.7288612543879414	 0.5468737188723578	 0.4119349553737264
 0.6904061572249679	-0.47745949274119354	 0.5434811596156532
 0.4102968911065777	-0.9003487818382642	-0.14501217945617828
 0.4689147753513267	-0.3885383032894395	-0.7931941252519326
 0.024766925745661538	-0.636312618656894	-0.7710336249004417
 0.27747106043393605	 0.11651733662231689	 0.9536422394630539
-0.16668784206746362	-0.477556314128261	 0.8626442662784712
 0.5762663617840283	 0.6746962279651141	 0.4611963575808531
-0.19527917238339618	-0.4220937739383741	-0.8852699536501374
-0.16825575394349324	-0.8915154549101434	-0.42058316052983713
 0.17454468964375455	 0.03383658364837032	 0.9840676993602484
 0.3197387164203806	 0.21227852971520464	-0.923420261334891
 0.8780695031861624	 0.13447658921215297	 0.45924938163079965
 0.051919129135084265	-0.9979359190310558	-0.03779292972893655
-0.7113665745099159	 0.699563432167301	-0.06759142729913536
 0.6807833505872264	 0.018582559798586903	-0.7322490819622525
-0.38538236437371837	-0.8893382438223136	-0.24608519115291272
 0.1346663587408344	 0.883489055476359	 0.44867812591765155
 0.7575941112648079	-0.5693839628180349	 0.3191442706089467
 0.10167207342374687	 0.903065841303615	 0.4172947109134144
 0.08533689245415613	 0.9953558336909448	-0.044546370488200315
-0.43158461803759945	 0.81990622703086	-0.3761495664617458
 0.9172945965660901	-0.24108282818135676	 0.3169379956185947
-0.8163694305276109	-0.062217420792064264	 0.5741689171750832
 0.019373819143967727	-0.08124097989847538	 0.996506175754527
 0.0816212432328384	-0.9520825095659697	-0.2947488212558125
 0.3992108683948602	-0.6668296920288991	 0.629260553653306
 0.9193348775004782	-0.14942982584811157	-0.3639974040541829
-0.3625889709813087	 0.2824361861834504	 0.8881210721837778
 0.3115790211831288	-0.7876297749693822	-0.5315617096257439
 0.8729285200583544	-0.1564332129639889	 0.4620870575448901
-0.9039937807195354	 0.42607561511360864	 0.035423362713902895
-0.7718987293139093	-0.524352084430817	 0.3594819094706012
-0.0031739776058166366	-0.6329225198325918	 0.7742086345132817
-0.9478181089821351	 0.08590999939301835	-0.3070184103434528
-0.2979237813106855	-0.591463004193075	-0.7492749396586311
 0.5943442629156774	-0.6451234977658796	 0.4801776439709968
-0.6497324321393245	-0.20429377112709862	-0.7321965731311413
 0.23300646927365132	-0.2746622793476962	 0.9328818883332204
 0.1221914603674328	-0.24735646262317884	 0.9611888614688697
 0.4848014558092922	 0.3760168832548206	-0.7896700905774015
 0.777636688342195	-0.5409345398595864	 0.32042316478538413
 0.9385507356726756	 0.11865758823499827	-0.3241032139959943
 0.8054707614054636	-0.568510347223163	 0.16737036064100885
-0.5558392220896257	 0.48364887735090606	-0.6761113241353143
 0.9598167097635569	 0.17838470144369378	-0.2166351355378533
 0.19392915899509308	 0.6109223576112858	-0.7675710744042692
 0.007569859893044371	 0.9952882261366698	 0.09666459607799038
-0.4440433783878919	-0.6162729571179978	 0.650409963357655
 0.45038864995791583	-0.8103055550865295	-0.3749066168861219
-0.624114632019444	 0.6939403453138691	-0.3590650682604788
-0.5500216653308724	 0.28356078711260696	-0.7855376806231085
 0.9250120309138977	 0.3712843037195319	 0.08062697114519879
-0.09325370685048329	 0.1842807815711316	-0.9784397476095179
 0.9242834273844814	 0.2852522603374989	 0.25363614457475037
-0.24714967991189166	-0.4851259930332999	-0.8387906810420012
 0.46625639747283537	 0.5155853131516367	-0.7188718638797751
-0.9470216379602594	 0.31977324825914755	-0.02991800349055751
 0.5149626868065156	-0.8355503563425223	 0.19149160089387318
 0.14122119782803108	 0.32335158741052716	 0.9356817430104685
 0.7900633211875127	-0.2414953528530729	 0.5634535855458966
-0.05178316236371408	-0.055941316494669206	 0.9970903034351786
 0.7585230112552105	-0.1407995757570444	-0.6362533464453952
-0.37525528029918614	-0.3574890095496643	-0.8552105487298314
 0.9615778955905272	 0.2318113110315146	-0.14707639779904724
 0.013283199488110194	-0.2430090518871919	-0.9699330684703182
-0.30718674428476495	-0.5823941571199487	-0.7526309519866101
-0.060950243511296937	-0.7657694238957381	 0.6402204754944214
-0.4944262682091637	-0.845300016261957	 0.20251061160417083
-0.8318364899829107	 0.5550065283552383	 0.003975854119155464
 0.04836350045643064	 0.4756299328063459	-0.8783149428549144
 0.9231194234071323	 0.12897096055560903	 0.3622389010885596
-0.08341431935517046	-0.9756334377852593	-0.20293212264653926
-0.6773753864579294	 0.10914632913765912	-0.7274954739768109
 0.9956902285079955	-0.08025827009228782	-0.04647127000081919
-0.5026187206788648	-0.8147535430726444	-0.2890520466520068
-0.4455584381464902	 0.06019401467175304	 0.8932269357750902
-0.6374389565003463	-0.47639666484296256	-0.6055722867356561
-0.5025354145072914	-0.593972184856972	 0.6282158870819965
-0.2681381513702438	 0.6231895314848369	-0.7346677750027271
-0.6858998766560045	-0.3458137381249631	 0.6402766727964695
 0.7704624639420627	-0.06064184530851433	-0.6345944833150567
-0.6304729943498125	-0.7245885266265943	-0.2783437990627462
-0.9321409913497234	 0.31950021382722804	 0.17039009833294494
-0.6328100870591417	-0.05041883365219695	-0.7726637916515524
-0.9906903368232735	 0.021216285700963212	-0.13447128223544214
-0.848289689659204	-0.14632185473781548	 0.5089150393179367
 0.003300478302202639	 0.1586441340378212	-0.9873303122959238
 0.037626265036569274	 0.7152396279899671	-0.6978657025045516
 0.35512063784626463	 0.8415331335897988	-0.40707655010599186
-0.7994603883554491	 0.0793015868011706	-0.5954614561677112
-0.5123640739379894	 0.701415360356466	-0.49547910954315255
-0.4109820874640834	 0.18199508778084322	-0.8932925118947923
-0.6918863135572617	-0.6759551056287276	 0.2537282488935717
-0.8065588150270462	 0.26193950753613	 0.5299533680371289
 0.5070032028483188	-0.32732369163826097	 0.797375039234266
 0.8729287097360623	-0.4027266180246877	 0.27533023599476136
-0.6864869621379893	-0.671588481121417	 0.2787553817230848
-0.7788148114301484	-0.48583992146473565	-0.3967455862491249
-0.0998018763096576	-0.660271413940603	 0.7443663381816434
 0.359469141758815	 0.896200772904906	-0.2600117512110369
-0.2902567984841476	 0.9429902985004491	-0.16285050772953302
 0.5301267478018239	-0.04557266480126014	 0.8466928389256481
-0.3599864111821973	 0.025620267308190118	 0.9326056967803804
 0.18295222280123605	-0.9325375486706009	-0.311291189228853
-0.96326110294229	-0.15774863155363542	 0.21735550786984525
 0.11241772400613127	-0.436151561616513	-0.8928236503524973
-0.2903107772267849	 0.5167364450715611	 0.8054210693548969
-0.1970808969455116	 0.9801390107389667	 0.022059911305180924
 0.02533417397701622	 0.5191772645262802	-0.854291020453751
 0.12168542839765069	 0.9858953070480905	-0.11490474340179224
 0.006380473611072139	 0.7191015834571727	 0.694875673934471
 0.7796231987699712	 0.5728110688082516	 0.25313069231214613
 0.5374281955682627	 0.8357097516404108	 0.11296081453922002
 0.19455752288408754	 0.8627041365149911	 0.46678575720466386
 0.8028202302059728	 0.5901487344312226	 0.08487725974167049
 0.8522400959219358	 0.4311491270281758	 0.2963060059563616
 0.34681385877578447	-0.8954618305956876	 0.27904884394541063
-0.9102970738828576	 0.38808113620241197	-0.14405647852197467
 0.15861656617275324	 0.9845020822739863	-0.0748093238423515
 0.7546251908986279	-0.6499340562733898	 0.09014734470425356
 0.9779704500910651	 0.20706346028868952	 0.026429569840499267
 0.37023251264140833	 0.8789241051630337	-0.30069969063268087
 0.7494141725045487	-0.5814645000338844	 0.31666612267444627
-0.5646757993954824	-0.6568473685274375	 0.4996926815910492
-0.28390296897568124	 0.9207202532845266	-0.2677187318781984
-0.184099687677608	 0.39080479550730124	 0.9018752224146662
 0.46803224098468094	 0.6374925751972524	-0.6120041159724605
 0.6628002455320029	 0.6033360010908451	 0.4434878851901418
-0.9549327749325394	 0.24324214222904791	-0.17010777643442276
 0.46407752839257993	 0.15067236610449508	-0.8728859523062031
-0.1678427464150631	-0.9339003301866096	-0.31568811468471636
-0.6911895181243664	-0.6531209350231485	-0.30933815521124175
 0.484692344071348	-0.48253119250326804	 0.729545735276409
-0.47190310007982594	-0.08818766565938217	 0.8772288183596106
 0.37797198465423165	 0.26211880993237885	 0.887936319955533
-0.3601338849424794	 0.5850602421365435	-0.7266416572061953
 0.910735192127366	-0.247270125847863	-0.33078526975050115
-0.7642880179608105	 0.5422436529627018	 0.3490496331801549
 0.8887054623201155	-0.41652448720588514	 0.19159841544298928
-0.4674371895195888	-0.8831134534500139	-0.04016344344821765
-0.841391028359303	-0.536457615505662	 0.06537862160105568
 0.08574400470403848	-0.9671528502662718	-0.2392975759992988
-0.5799033354862851	 0.8017806822579531	 0.14442942584477847
 0.9500426734009515	 0.16255801158977037	-0.26644663928290213
 0.8245931072686534	 8.868300312558529E-4	-0.5657255703762405
 0.0937831442198252	 0.9341184138411441	 0.3444234469125882
 0.6874284100348178	-0.6653819333645083	 0.29104821564323546
 0.719570765178215	-0.6370144247730068	-0.2764607323508228
 0.8871889712546671	-0.08291403557779939	 0.4538953535654322
 0.8796336718468383	 0.3697822443965501	-0.2991750241619424
 0.8162960585925345	-0.04407883614225671	-0.5759494777588028
-0.010546738300170411	 0.8470673971457359	 0.5313808342460009
-0.7164975108923485	-0.6560787604882223	 0.2370484695611994
-0.9537190236087209	 0.07921657254202676	-0.29007715980670024
-0.8865439008662741	-0.4015447504862731	-0.22978625980185763
 0.13082103579741955	-0.7893241736760892	-0.5998776587300525
 0.27808490423305066	-0.7385178929528596	-0.6142150338653098
 0.0050850107722914635	-0.9520949927915424	-0.3057601467927411
-0.0751369422977153	-0.35790430817710883	 0.9307303294136358
 0.438882673052795	 0.3451712307945012	-0.8296016036181721
-0.24748904755095102	 0.36498855734311975	 0.8975146374020377
-0.9972361739796688	-0.06827695222143011	 0.029296264296736707
 0.08290352619427115	-0.9910930973080646	-0.10421841398170906
-0.3368040160078697	 0.8163932258681912	 0.4691110268982166
-0.35329432578202447	 0.7862907565879803	-0.5068825953556959
-0.9631443295101316	-0.24840085581344049	-0.10319891163975203
-0.6844731423257082	 0.7275705302008777	-0.04623463007297124
-0.3482724395057443	 0.1576758954809356	-0.9240371312155171
 0.8968832195866887	 0.06567023737433336	 0.43736473377149876
 0.7284441711969147	-0.2825117148223791	-0.624144390696062
 0.8880973033995582	 0.4209974476090355	-0.18451105333044548
-0.39371490021342237	 0.10549313445918475	 0.913159228137082
-0.28100768356132827	-0.7660990524044483	-0.5780371300223739
-0.25646534710173186	 0.7824253529225594	 0.5674822401097648
-0.1929846654212342	-0.6035204154605055	 0.7736407609702536
-0.4554543551868941	 0.7971336657421378	-0.3964079329198549
 0.6957255397807605	-0.5838230073610741	-0.4184694366051611
-0.31626271336393263	 0.040862096042592604	 0.9477912139509888
-0.9756336951991949	 0.02606040968634361	 0.21785258281449082
 0.11515534796653759	-0.9924242649774694	 0.042817334324260825
 0.9475445148366473	 0.23846435789999015	 0.212824205423932
 0.7592443300279601	-0.08600913809053685	 0.6450972604850502
 0.5388438349841285	-0.7769101747241821	 0.32566532193286757
 0.9683769602027976	-0.23951101264716892	-0.06986084575151685
-0.4299683401556602	-0.8622987479778268	 0.26752214057841783
 0.8369523629030767	 0.522219103004613	-0.16370079623512468
 0.6536167517758287	-0.0992499059949053	-0.7502896760305431
-0.9535751678819893	-0.056082320085481495	-0.2958870942989327
-0.9722151346874578	 0.13828070631767	 0.18888138644380636
 0.08381419609874291	 0.2748242381944613	 0.9578344421835934
 0.7631960845244106	 0.17711473505901656	 0.6214194293644053
 0.7781757637388261	 0.6039723331485027	-0.1722205026140866
 0.532186551267631	-0.8308704135089218	 0.16257869050210294
 0.31044641296154474	 0.21255794291567842	 0.926521530015771
-0.6969341057528194	 0.6474233534666406	-0.3084247941144278
 0.21133747029222788	-0.4475188588818177	 0.8689438098033713
 0.46939839588646676	-0.5998536217162633	-0.6479512161058838
 0.35599585160788605	-0.012972303866468715	-0.9343974919542388
 0.37055961800555287	 0.03838321552532993	 0.9280152467872038
 0.9079297494430139	 0.2697122483109767	 0.320809714920518
 0.1809983466997865	-0.5558071518912682	-0.8113679858106682
-0.10290537780360355	-0.34941936237241333	 0.9312983369567207
-0.9177621116109319	 0.07061655096082817	 0.39080175181521404
-0.6604204062803654	 0.44026806210563924	 0.6082835855571167
-0.929311349181597	-0.23259546190037272	 0.2868445003580027
 0.18092477745473054	 0.6532709662074703	 0.7351892746859916
-0.22034431383198327	-0.6739319587708279	 0.7051695528801762
 0.14902170943298923	 0.614467440003386	-0.7747401469482236
-0.31578249945159687	 0.0860926100591355	-0.9449177083393601
-0.7903207067093245	 0.42402014259462767	-0.44226699992256435
-0.2753299255914635	 0.12966537445777704	 0.9525651278209399
-0.1083254599089672	 0.8873457829187786	 0.44819979503762664
 0.2800174549948341	-0.7709233367378362	 0.5720729269692957
 0.2702876611953387	 0.1452038140542691	-0.9517670054113281
-0.9282606036624559	-0.21972483308501828	 0.3000887358998563
 0.626726173290825	 0.5299156552262432	 0.5713175142233784
-0.5243241569980621	-0.29336892678420856	 0.7993865467880688
 0.45342384901298477	-0.3792788771865028	 0.8065694926454854
 0.538837878858677	 0.4851920745864194	 0.6886525909815546
 0.4458696481979078	-0.08219782387280686	-0.8913157546944006
-0.4964476328033429	 0.814696910231884	-0.2996809842859216
-0.9564612702941678	 0.25498269654353745	 0.14200585512806518
 0.700693989636793	 0.5906727681116183	 0.4001669825188383
 0.39501889896777215	 0.13590593150603417	 0.9085646081813699
-0.7324704465515315	-0.14789535383179855	-0.6645404496669614
-0.5544073424044709	-0.5812676310977396	-0.5956176959476891
 0.39691485709171365	 0.40419201113526565	 0.8240676030243477
 0.7139760981940614	-0.3150278324161643	 0.6252964065231441
-0.31911246519562725	 0.8083286137019142	-0.49474446619190293
 0.26705936793534113	 0.7673189347896815	 0.5830102454598929
-0.6287067354765283	 0.18008218821532102	-0.7565039631449582
 0.5153319562825607	 0.6916821861465019	-0.5059730508649496
 0.5299800548684178	-0.8479524684361442	 0.00988699725491271
 0.2555930069923962	 0.7321063299055984	-0.6314210453324627
-0.24675831932303444	-0.12137419293190843	 0.9614461176451852
-0.08449391453833158	 0.5139999950636602	 0.8536186405418678
-0.3757290913675581	-0.20734058444386333	-0.9032372511929445
 0.29221515645318896	 0.7224729490508789	-0.626612432232847
-0.6816123223311097	-0.4365940894606611	 0.5871884221392718
 0.6075487480085382	 0.4745112477124378	-0.6369643589618208
 0.6990520769818439	 0.6955474395470093	 0.16595165864482864
 0.016941627985146875	 0.9554133746394159	-0.2947851163158277
-0.5570758998197932	 0.21070919056261403	 0.8032858014756739
-0.32265631165103625	-0.6941413909315246	-0.643475433833645
-0.7054815496517395	 0.13298713955687785	-0.6961395002536916
-0.787113221535802	-0.4609413122547873	-0.4098608094711742
 0.20014398322097135	-0.7993960402091084	-0.5664877376240738
-0.31320131965088627	 0.906571285720072	 0.2829018156124117
 0.49016131686016623	-0.49783759804682104	 0.7154715993139626
 0.9694133798977265	 0.053099165716072545	 0.2396209036697825
 0.8261776648419903	-0.5477314968471162	 0.13198739893585842
 0.30795138999682903	-0.8939010404319185	-0.32574049688940154
-0.5454321795970343	-0.7498120291836279	-0.3745472711842377
-0.43055886892503076	-0.6186754538515357	 0.6571603633753291
 0.7994741197276005	 0.3111433016277633	 0.5138394474327104
-0.48012136497401064	-0.6496825044012707	 0.5894031882933666
-0.6570868443935747	-0.22817723471924503	 0.7184511315884836
-0.4046000338511905	-0.7071638197712462	 0.5798432069224886
 0.7879305410103027	 0.6139131297140911	 0.047708822117731975
-0.05528677464706857	-0.204359638756637	 0.9773333671764108
-0.5391319433594727	-0.48453517348393255	 0.688884905703655
 0.37749882555045694	-0.891600531172846	 0.2500862441645373
-0.5094610045985405	 0.6775835535019896	 0.5304055173327877
-0.060258626756857774	-0.4187858723770685	 0.9060834900817669
-0.8823266593045475	-0.46971481895303463	-0.02945598642712488
 0.32344898772286507	 0.5252118872679087	-0.7871043296879618
 0.723161544130181	-0.5115780112855365	 0.4640315931705379
 0.5798339984299805	-0.8082958931442996	 0.10222662760142409
-0.09030304344806024	 0.6145571160721492	-0.7836867431755501
-0.23372352219766118	 0.4998995203162643	 0.8339507088306168
 0.535919570763945	-0.016005188023427395	-0.8441173186403199
-0.08450295744857007	-0.6601513007385086	 0.7463641941543688
-0.5669729023224106	-0.5661654529348182	 0.5983296816431678
 0.7453953571245495	-0.6111763973295014	-0.2661750794580455
 0.3822048732984725	 0.33442614897019435	 0.8614398329029509
 0.21575307616028194	 0.112823741124014	 0.9699079407686881
 0.6886847357314269	 0.5261414749884454	 0.49888724484347935
 0.7680774264561026	 0.6183746789867433	-0.16634248812799646
 0.5196715384875004	-0.8283490784761095	-0.20923502640288194
-0.026679952412167047	-0.04845572062380742	 0.9984689395660298
 0.21001683254883186	-0.719108887618558	 0.6624011909667404
 0.2727822834506683	-0.5455937768256576	-0.7924123021032383
-0.1538445661667912	-0.6959788664273315	-0.7013881000897282
 0.3651412028261633	 0.8466257138425073	 0.38716508450443654
-0.7388284067791758	 0.26110069016775794	-0.6212559979026884
-0.3140180281206821	 0.8427294537077435	 0.4372639315889737
-0.250146978843189	-0.2972974526985582	-0.9214340527648053
-0.5307967319562266	 0.4675815233931211	-0.7068396906837913
 0.45846778915105874	 0.44673698648802307	 0.7682664584729313
-0.9237879384830043	-0.18315473329968623	-0.3362591089966811
-0.7310072584120365	-0.033958337036201595	 0.6815241884883132
-0.6384373263166501	 0.02546971961708792	-0.7692522822509362
-0.43448595338766316	 0.5151442962606841	 0.738815477869067
 0.8216750162331807	-0.5690529318297934	 0.03207691497196796
 0.5866544072528201	 0.7898460349703371	 0.17882910135791485
 0.2924719287012637	-0.5986445782010267	-0.745710962714293
 0.6633458583459232	-0.3011029677120208	 0.6850615118734407
-0.713111119733648	-0.6444109799932242	-0.2760561895274134
 0.08621128150938266	-0.6992780705461092	-0.7096321547068036
 0.9717838640548955	-0.23543782074172145	 0.014323202397690249
-0.6832910452724175	-0.531662497284792	 0.5004481356059045
 0.6162024437642968	 0.30427354181113914	-0.726437994637267
-0.5655586879198163	 0.2083713647303987	 0.7979503398575671
 0.5974887123669694	 0.4933416378389262	 0.6321560463749964
-0.22660940207386704	-0.06095827622356573	 0.9720762662731643
 0.7058672211791435	 0.3083117544768322	-0.6377266876305643
-0.5915742903422263	 0.5758737988764074	 0.5642776149855198
-0.5457532359378174	 0.822185234665947	-0.16175551106748376
 0.3626207379586691	 0.922988475648137	 0.1288350659682318
-0.31334528140206513	-0.5313611522845809	 0.7870642035220907
 0.20455923592715494	-0.045122112946935855	 0.9778136396676529
 0.626937944915807	-0.3796346055120317	-0.68031344211508
 0.3260177365316605	-0.7196036282117741	 0.6130930220865538
 0.6021076580265148	-0.010084513019204459	 0.7983512201675345
 0.40671257470068495	-0.31879776889539274	-0.8561266636004625
 0.6506775918548032	-0.7066876091517303	-0.27786920399613435
 0.884705066767205	 0.30358743820090617	-0.35373946938820144
-0.5278294183259951	 0.684871244315363	 0.502341998900717
 0.19942229137842213	-0.9122704547513163	-0.3577616065052345
-0.8548086483209469	-0.4539732158371214	 0.25141697249433625
 0.8438287270429904	 0.4139521631152438	-0.34146256906023686
-0.4331533464867527	 0.7338610236773142	 0.5232840302881521
 0.6365275644506836	 0.7519183654282002	 0.1716141935454769
 0.7203411673304672	-0.13806860672159796	-0.6797394077784049
-0.36878158795333355	 0.9168113154539531	 0.15315727942938095
 0.7422669669336946	-0.25200487115450015	 0.6209132747119015
-0.364657559434465	-0.23407584863412204	 0.9012399022643833
-0.927100288305895	-0.3258083795000335	 0.1852942397126487
 0.3868406119243576	-0.9136955415645998	-0.12455841316812588
 0.6090895712460497	-0.5793930707450876	-0.5415843090155783
-0.10565476651057562	-0.5161365011984282	 0.8499648124741639
-0.9725269101115587	-0.2319488482537588	 0.01977728248822541
-0.36056885402599115	-0.36821513997798366	 0.8569759110951587
-0.3772072380402106	 0.4933502130746776	-0.78378585521126
 0.3849198633664319	-0.25543860586170547	-0.8868978618879377
-0.595492783956146	-0.49503876382928913	-0.6327123885009114
 0.4810484191828846	-0.7774245781680995	 0.40522024093300213
-0.27150676111451894	 0.9302302069336191	 0.2468923667862979
 0.6449793723864906	 0.18030307226110798	-0.7426253505834111
 0.20318409866872433	 0.7901224700270275	-0.5782929226668496
 0.4907321796392758	 0.77858657167145	-0.39113281411738354
-0.20344735439537812	-0.8210125846891183	-0.5334299483265021
 0.9486493710047817	 0.11226706021633963	-0.2957371773764885
-0.19019850020982243	 0.3394690160238749	-0.9211869070268619
 0.370012862493644	 0.7330382541443059	-0.5707410967771005
-0.7335038068712555	-0.047266851467872975	 0.6780398292561358
-0.2973792873436223	 0.75997474495318	-0.5779307454118947
 0.27932684643644096	 0.9381032315027676	 0.20478974560250252
-0.7015510412991497	-0.7107323568160546	-0.0518232903893141
 0.3804693787880785	 0.791064226709628	-0.47902029291556314
 0.4383909064475593	 0.4997874676256722	 0.7470113120618755
-0.7980982154066876	 0.5987940083477457	 0.06696994946616197
-0.3902637583251689	 0.3717523729404314	 0.8423148889525061
 0.9629600632378325	 0.11358480377413516	 0.2445534889560581
 0.8929579342764511	-0.2875254074417866	-0.34634558996494813
 0.4245215941330855	 0.8254131836045783	 0.3721216097547395
 0.8771003913610198	-0.3339140931100463	-0.34524814539232707
 0.7416394638220203	-0.6707948015237525	-0.002289093815373233
-0.0995624845341814	 0.9502962528570406	 0.29499888725086487
 0.2892051235342924	 0.42532243639760065	 0.8575903576990145
-0.18745065229101585	-0.3049744279451779	 0.9337306095738664
-0.4486283832409198	-0.32507678576344534	 0.8325008451096885
 0.45087172370883816	 0.21027346469866395	-0.867467439621477
-0.7528770034252282	-0.647242237956658	-0.11938887351133642
 0.9754477068771039	-0.10974639539925457	-0.19093847135941444
-0.9761205459135138	-0.1838477510403858	 0.11570948225143973
-0.4024730631577915	 0.7816038854859646	 0.47656143321257916
 0.3020649988128822	-0.06452448194325751	 0.951101113300856
-0.7580609320050821	 0.6476863145605029	 0.07645954027209156
 0.7885237793886852	-0.28661099509849636	 0.5441363678594124
-0.5121638583706377	 0.8238344407032671	-0.2428682698296274
-0.14528796324591603	 0.7430746328738491	 0.6532468887910969
 0.6769715688579898	-0.36369462309368245	-0.6398716403238203
 0.39746680755471736	 0.741043057682422	-0.5411795668287449
 0.7250309693140553	-0.2154622565783677	-0.6541453275272087
 0.5858561322340257	-0.8043697638562995	-0.09880220299947129
-0.722028318367701	 0.5467907181926254	 0.42390449157033316
-0.33110564160164796	-0.8776826903809318	-0.3464709931657346
 0.6737701865226795	-0.6957434602948598	 0.24894733019281112
 0.1018629987576046	 0.20149567221264167	 0.9741783325262803
-0.4045845394996393	-0.8920764970040203	 0.20127313256095847
-0.5936859473892093	-0.7131206151502832	 0.3728216518930445
-0.782488976536034	-0.3597857150976289	-0.5081980330651408
 0.563046442414706	-0.3991029051481554	-0.723668138573508
-0.2679929277681482	-0.7419468773840626	 0.614568646943769
-0.6937257600942682	 0.6524728608376301	-0.3049979272912988
-0.7793953076429524	-0.3971167569471978	-0.4846042052808539
-0.6631649304734963	-0.14949690250164724	-0.7333914037759754
 0.9577209393144409	-0.14863773790786	-0.24632788162995123
 0.6799428199013258	 0.7332498811946173	-0.004730052083543601
 0.6179563929726041	 0.6739604486305156	 0.40485455421180894
 0.8635138450613624	 0.017835133710711167	 0.504009669939836
 0.8654377980445255	-0.12751121051770092	 0.48451863628569924
 0.20695088844423973	-0.6991334665799516	 0.6843856556650203
-0.9290847431717227	 0.2522724029212679	 0.27048137593901633
-0.6888728540391325	 0.6791110194857657	 0.2535003238281641
-0.9326424531831631	 0.3561540514857256	 0.05772647686109478
-0.38453682330718175	 0.0954656986102144	 0.9181599707620045
 0.5633692617768693	 0.7237845576959862	-0.3984356772752802
-0.3653229812274283	 0.8395584201691801	-0.4020954843195015
-0.6157916270243793	-0.019775084501136228	 0.7876608522198121
-0.005135924149610214	 0.8499004127966466	-0.5269183149324181
-0.9063015939279372	 0.4136377288390763	-0.08672514124826347
 0.7931780825547711	 0.3460835192657579	 0.5010935312367988
-0.7129334466925155	 0.5942724638315312	 0.3722447304109646
-0.843922366845794	 0.14461880003866834	-0.5166047245358569
-0.5610429124468229	 0.6649446537539507	-0.49303088933374695
 0.912505122169194	 0.33676204274758836	-0.23221913913253522
 0.19302113786837397	-0.33057827750512936	 0.9238294446366926
-0.029776673506601285	 0.9715533650218878	 0.2349412876220942
 0.8478885000223143	 0.4102768578873592	-0.3357945672758651
-0.8505986160342572	 0.3966029423932456	 0.34523629659354493
-0.6638408245964601	-0.6928986702927428	 0.28143701303425006
 0.55093216736731	 0.43686419713325875	 0.7110720218255473
-0.05743458856001698	-0.4210660550613366	-0.9052097244904216
 0.3755843680287177	 0.16361747159973894	 0.9122311688819766
 0.6938896779418605	-0.6424086184235275	-0.32531259093511267
 0.7913194661462593	 0.605330734083884	 0.08595466753740144
 0.16968389564375924	-0.22629856142968996	 0.9591643950095368
 0.4904011936793581	-0.3469161899216628	-0.7994722174085211
 0.7873680880014454	-0.5330323607998849	 0.3097224504892233
-0.3455300854986896	-0.374191707103962	 0.8605751137175017
 0.6732443711247191	 0.1901327829313485	-0.7145568847920103
-0.062226142973106975	-0.08743161460501003	 0.9942251354186593
 0.568164822868762	-0.8212345356808528	-0.05256016989662804
 0.3978404818946773	-0.37625276424653803	 0.836753732207183
-0.6282146535613701	 0.7714013088255605	 0.10142174221033695
 0.234344492674886	 0.6212794225196229	-0.7477262452974578
-0.26878606463164434	 0.1203517173967033	-0.9556513567088667
-0.7623962079358533	-0.1696110104364357	 0.6244870913507841
 0.23977050513410506	-0.36858379698033333	-0.8981403506531129
 0.13688353925884827	 0.9442349298928011	 0.29947169123359285
-0.8433897593960356	 0.10788395461357375	 0.52635992066535
-0.6126594205808643	 0.7808627158625026	-0.12207314753604148
 0.965157199384925	-0.19775992972980488	 0.17135515944584423
 0.8451504349772161	 0.05906853114739153	 0.5312547890475079
 0.9648570669130412	 0.11921585227444664	-0.23417604701258532
-0.8900756067014061	-0.45361672773573014	-0.044690923837533925
 0.908900516165223	-0.010676625193600003	-0.4168763142576781
 0.13216359095250976	 0.8967191456928216	-0.42240686426060114
 0.3274242321569515	 0.9298452186797938	-0.16787269430957874
-0.25204115429256996	 0.5417618613089995	-0.8018536912516381
-0.591764855568925	-0.012843656696279935	-0.8060083102525417
-0.34953622614417457	 0.8602068224331847	 0.37130667816818463
-0.2494809975002212	 0.8754983158410667	-0.4138380490551228
-0.8784038707453439	 0.052692219597883755	-0.4750054419198224
-0.8298128364515919	-0.3217897416759085	 0.45591887284067956
 0.13517053036482166	-0.33103203771227907	-0.9338879578027275
-0.7050545372248298	-0.16794709147259337	 0.6889788632495031
 0.25150743359478217	-0.8488932905885488	-0.4648915917074774
-0.5904628371896771	 0.6793914082324722	-0.43563855696875065
-0.8579341711197628	-0.4489900534372536	 0.24971361584714957
-0.9766998593455165	-0.1924682371192166	 0.09493873000345632
 0.6807815535484187	-0.7093346392727012	-0.1827042579582323
-0.21382234737669711	 0.7977609266937371	 0.5637885309254427
 0.5053716675987304	-0.6174889994199758	-0.6027493784184232
-0.43244510696143723	 0.04900079180611123	-0.9003278024516876
-0.2748165585892017	-0.6998700717509243	 0.6592857815792359
-0.6944247274113488	-0.6672575108518909	-0.2693356867765815
-0.09253775272563158	-0.11025243445361504	-0.9895863605656361
-0.775711498605587	-0.3673365013871292	 0.5131623190372985
-0.18430620854233057	-0.48842138553954906	 0.8529219024274017
-0.31443911099293753	 0.0812837358419068	-0.9457912030493592
-0.06706204326532954	-0.7876536281996794	-0.6124577082027463
 0.7917623647083857	 0.6101750986717647	 0.02826140110269848
-0.3142016347713525	 0.5257368397854629	 0.790492320012917
-0.4111935475441486	-0.2883150706499665	-0.8647509968159406
-0.8300130228851396	-0.17377075542553327	-0.5299831189763617
-0.49266141822451526	 0.7945386331840845	 0.35495504978937253
 0.8917356814960868	 0.00781551061528323	-0.45248910720649604
-0.39441833008769084	 0.8601156373151589	 0.3234737567976349
-0.6143688008610007	 0.7338934765044506	-0.2897435791744618
 0.5167926649088981	 0.27916946137785337	-0.8093143723735288
-0.9425678420434825	 0.2998001774627092	 0.14726071009885988
-0.6643625737815749	 0.4631715343472253	-0.5865956872742575
 0.6089659194536995	-0.5263834634533074	-0.5933641026779517
-0.7804537949192354	 0.18554127168913456	 0.5970479968110962
-0.1366145311377498	 0.944869452635341	-0.29758727687622
 0.4862726852488066	-0.8275256001775004	-0.2806069433064384
 0.8032779034518583	 0.23009205571243663	-0.5493653208239593
-0.9684191375235975	-0.20150742339268102	-0.14683028432749934
 0.9262840693851438	 0.06618725072333478	-0.37096774879359073
 0.5124457106167853	-0.12231794575366867	 0.8499633602791714
-0.5637775458275963	 0.8230835894022269	-0.06847104261918946
-0.9320190698399364	 0.0673916356763547	 0.3560882206638758
 0.8123751394761021	-0.4493050911137123	-0.37171436326900564
 0.04155198120393018	 0.04330099850832631	-0.9981976038772133
-0.5994694590600462	-0.5871667850746595	 0.5439407450810649
-0.0134927955081991	-0.9322503417814064	-0.3615622280020754
-0.9160047403554972	-0.1577718711599486	-0.3688405513456279
 0.42266472124726834	 0.0033412005010529005	-0.9062799621486624
-0.948864453039288	-0.20084061946687579	 0.24355552822839854
 0.37601935009939663	 0.9236715664065195	 0.0737582928419176
-0.8927419109031811	 0.2044642161984095	 0.40150499973388465
 0.5368204254972085	 0.6302624055912969	 0.560886023062857
-0.3005944821571184	 0.30497330710601156	-0.903678172387447
 0.24440528357371025	 0.9082089628904457	 0.33973892489191626
 0.10443523586390216	 0.9945050499307215	-0.007279228828946938
-0.49168675335535955	-0.02736335766070829	-0.8703421070087314
 0.9328537433173968	 0.274291088559711	-0.23355575847203824
-0.9649045809984531	 0.1580552675664238	 0.20970856435230711
 0.6681763393373745	-0.701940977732203	-0.24661557803606904
 0.7943471764384256	 0.030700373336438977	-0.6066877700772482
 0.19213305926619434	 0.7853485809084189	 0.588483214715718
-0.9661250864514852	 0.019792672097971874	-0.25731414158637356
-0.3714621138373584	-0.925237292018707	 0.07714824328117387
 0.3875806848845003	 0.7801872474465065	-0.4910082195099237
 0.7385134102984359	-0.0848882643046355	 0.6688736243811086
-0.7342400370869481	 0.5150347940064252	 0.4423016266093944
-0.7816897303487079	-0.19557430017105804	 0.5922093030170712
-0.3519528403705272	-0.9215706777741625	-0.163819058787398
-0.4346242023699918	-0.8998172398231802	-0.03782509261379263
-0.8648687863323873	-0.21228049281656913	 0.45490545698804064
-0.2376599855876745	 0.9712426613775088	-0.014332619118647694
-0.33698741598836457	 0.9272958560439062	-0.16297814831836854
-0.9706955290599557	-0.060259047024462574	-0.23263498686722994
 0.1828752023500908	-0.9079095366013784	 0.377169635195735
-0.5164745572235373	 0.15630161079180885	-0.8419167644159589
-0.3148655542584365	 0.9473141594108543	 0.05878406349712639
 0.22413379334920697	 0.8838814331038329	-0.4105090192592722
-0.24125679556530483	-0.6236980687873551	 0.743502439528267
 0.437079348742262	 0.8942365161353598	-0.09645048529237354
-0.32729056386069044	-0.7897642202208311	 0.5187999260473481
 0.5710450046145752	-0.12075851150984777	 0.811988290927071
 0.44832411853855597	-0.4646991677739536	 0.7635837663326936
 0.9818227516790249	-0.01211070037873372	-0.18941334488827422
-0.4543495772049996	-0.5660985653377653	-0.6878218345008842
 0.3275647902549509	 0.9365259785386337	 0.12498159747532656
 0.35928066658135815	 0.8522104665864336	 0.3803350145087723
 0.6905596101568287	 0.4332223934971076	 0.5791768146194096
 0.9406464823629651	-0.24254795949761393	-0.23739141214821546
 0.9873948515286571	-0.03261382219666061	 0.15487977846195977
-0.3658727579150225	-0.9046188452631128	 0.21863638720599066
 0.7541997878936518	-0.35756776348448144	-0.5507521896986671
-0.35028602656841	-0.011692173716826513	 0.9365698012773478
-0.265829895873333	 0.5938106878997587	-0.759423026643246
-0.7453676004616704	 0.44643001488155126	 0.4951034053557597
-0.8781406691360032	-0.4740914344594233	-0.0640802386198649
 0.4915722916322376	-0.22505640377117217	 0.8412528140939664
 0.1428980244516441	 0.5805695982429958	 0.8015728888902018
-0.7118929190039421	 0.5313294398951846	 0.4592357762334247
 0.8226763218074677	 0.04371496569847075	 0.5668268442049276
 0.52814957964496	 0.839674004258498	 0.12651319335686706
-0.3110190263281581	-0.5750732303734802	-0.7566755876660056
-0.841443207959841	-0.31883959142037505	 0.4362506650093958
 0.25430139930273915	 0.5178073152239034	 0.8168270212311062
-0.5880297534362958	 0.5298111950895534	 0.6111637314430793
 0.8577126744433128	-0.49025271181718116	-0.15485879585996853
-0.11051492892941446	 0.2643030007383856	-0.9580868302426515
 0.2668931337450491	-0.9615593552972688	-0.06458839988765996
-0.7251881148703498	-0.41940367439437676	-0.5460794410663012
 0.31406924844371936	 0.7547557620366582	 0.5759377109153914
 0.6824655892968775	 0.3536313613765039	 0.6396761521869221
 0.48297533634016765	-0.15320046356140485	 0.8621278573690057
 0.5038093450837723	-0.8139243454747686	 0.289315232315428
-0.4896709944455401	 0.8246490683300465	 0.28315407696358963
 0.7898549171315171	-0.05907029903423163	 0.610442388481641
 0.8332719928308768	 0.5477970975115105	-0.07467346196356406
 0.4228955450830003	-0.31106642096786774	-0.851115174165749
 0.4155512547535732	-0.8872731519474875	 0.200158708293948
-0.8439349135480653	-0.18023596782126128	 0.5052611776083265
 0.8639867217587346	-0.15063894644229317	-0.48045275776016805
 0.3055329306355378	-0.8027811516974646	-0.5120469224363644
 0.7451742599631486	-0.6304230297204305	 0.21744453519573037
 0.787397539049605	-0.5083245569618493	-0.3487280606549541
-0.7357103402370919	-0.4046265226430836	-0.5431460875694389
-0.4811033753865	-0.16136382172296698	-0.8616851276601418
 0.972945762332636	 0.1859808075228976	-0.13706816841300773
-0.15742371647985443	 0.9466467328611969	 0.2812076397484462
 0.17642497715942046	 0.5555261396496255	-0.8125668806936959
 0.8605228738577189	 0.048096000827673506	 0.5071362324583377
 0.8977188113559522	 0.05833327618192685	 0.4366900097638362
-0.1853712701405829	 0.9520906387864937	-0.24323015384938107
 0.8320985663272294	 0.36768715383336276	-0.41523262494906454
-0.3365727368118557	-0.9283726362555126	-0.15761675382701856
 0.6191014107066809	 0.21743591849305835	-0.7546092131759841
-0.9643883858603318	 0.2608363855713385	-0.04381119925069177
-0.13074945433654875	 0.8505965074974108	-0.5093036045659818
 0.9387807331964433	 0.32478710046705556	-0.1149089828923362
 0.7853723249068557	-0.032026045128940216	-0.6181946648943191
-0.7921485980598719	 0.46417930582759254	 0.3962804191897371
 0.6375156611052831	-0.2852690974955302	 0.7156782264814121
-0.23602907511284904	 0.6427755005380468	 0.728786615964808
-0.09855874864612049	 0.030687806764567477	 0.9946579470256554
 0.8407588446375015	-0.5174398811655938	 0.15931269423103056
-0.2419858296154763	-0.9192779678707019	-0.3104365894233836
 0.754615795162257	 0.6228670368097402	 0.20637746036689242
-0.5934034233414972	 0.635365832694506	 0.49414839452436654
 0.2070749211786124	 0.9586955801941848	 0.19499426026169808
 0.1262268760250474	 0.8798437227142779	 0.4581940630008623
-0.9171002305812707	-0.13478065578462645	-0.37518174515032876
-0.7296773098245533	 0.24483627321175608	 0.6384561244494262
-0.6945062386226305	 0.7162757641052893	 0.06789782227457541
 0.9720650346513227	 0.07865293437891303	 0.22114086985880554
 0.5354025517051193	 0.14457237560974265	-0.8321315616164324
-0.15013937973007466	 0.28552401962640805	 0.9465380081489845
-0.03756520159914439	 0.9594484479420146	-0.27936988271908425
 0.38522087659535964	-0.2284125939804419	-0.8941099278870739
-0.28358933204985676	-0.9350486564768611	-0.21274656464519737
-0.8753363393488712	-0.29572775179931576	 0.3825328611126635
-0.7121908295515357	-0.1858466916611922	-0.6769381282667459
 0.25652692463273336	 0.8913318791008439	 0.37379328276071333
-0.42913841760847804	-0.03549324500550457	 0.9025411060397586
-0.33787973935548843	-0.5591601536662913	 0.7570846744486093
 0.6096659868871765	-0.15209487039541048	 0.7779296464541561
 0.26596463495545547	-0.9318259151472116	-0.24690742559322287
-0.27693125243796857	-0.9221900968770756	-0.26995278595522554
 0.9510732196194361	-0.22745507094493872	-0.20910265809920436
-0.3025697858686451	-0.0030753858845218927	 0.953122272681246
-5.413211312571737E-4	 0.42398921563292574	-0.905667075695263
-0.7520810560876899	-0.3457777275801109	 0.5610809640181704
 0.09970590246373989	-0.6928383800890472	-0.714166445647985
-0.4579658856261694	 0.4094999740355118	-0.7890354991174691
-0.8997260344936021	-0.43428442688224594	 0.04347527368489845
 0.44674630659921144	-0.38022292926186024	 0.8098445910194707
-0.0928366411543122	 0.9325616904902965	 0.34886967694121274
 0.9494659565872685	-0.0748689607523314	 0.30480983579551535
 0.7936114932277457	-0.6041522883759014	-0.07197784566788235
 0.19934645528372102	 0.4898635808892008	-0.8487017514322832
 0.49239336258888255	 0.8628456130576885	 0.11422007050214544
 0.8553522930103625	 0.47211687798967694	 0.21325596910566302
-0.6917726804832575	-0.4661903913984506	 0.5514681110497401
-0.5372650308984671	 0.7251528901668676	-0.4306966130077041
 0.3495480754308876	-0.22724325424829506	 0.9089425979462109
 0.1867942114692069	-0.014343304709793654	 0.9822943510840318
-0.3789478283520424	 0.17556704896646022	-0.9086114431947683
-0.3632460804457368	 0.8573726152366226	-0.3646429537000868
 0.7021162801399827	 0.16508187170098124	-0.6926620422674352
-0.4545328654534085	-0.2521578839100251	-0.8542928513131383
-0.013434451719524228	-0.604518020956935	 0.796478171606295
 0.6874824693425642	-0.7079534591177726	-0.16177068359202296
 0.190636398693847	-0.04680806627993238	-0.9805441185506005
 0.15718113338442147	 0.5872146544684452	 0.7940233251520343
 0.5090004229389846	-0.7982101480335385	-0.32214768200968225
 0.391913003149883	-0.5787202179671374	-0.7151832683152681
-0.5293860234069009	 0.846325644650906	 0.05901983927169385
 0.4902754362382411	-0.1264393305658043	 0.8623474313218968
 0.9937966867968815	 0.015853109243076115	-0.11007644724857424
 0.789222692900415	 0.45944615220948004	-0.40747610265010703
-0.24177527771550003	-0.44180613346445885	-0.8639166947795243
 0.5070522365038137	-0.49246548976544435	 0.7073724413960172
 0.06501589586618978	-0.0585344197461724	 0.9961659776310852
 0.5389649517708297	 0.4586444845595803	-0.706513989632013
 0.6275612419232687	-0.29690949609184475	 0.7197302541690265
 0.8387562086355401	 0.025920746032192406	 0.5438898210120031
 0.36050569196030124	 0.4535206901994702	 0.8150795234976895
-0.6077836476732398	 0.668214442819119	-0.42905535310603593
-0.14800742329301056	 0.6820918325823572	 0.7161316461200449
-0.790717738571859	 0.5823107111226175	-0.18889069225262722
-0.8953620699594198	-0.4433854007527395	 0.04166713425849511
-0.33072593754728763	 0.6860032357883292	 0.6480894341997943
 0.09621463910314793	 0.6019334321083886	-0.7927287597485453
-0.27473503483080386	 0.03453639021203638	-0.9608995256464845
 0.5158492412600104	 0.5458503394223979	-0.660262801650922
 0.749295266323779	-0.1283560003140355	 0.6496778748334906
-0.26482356777220606	-0.5318777373845383	-0.8043472822277105
-0.43012823829698127	 0.5520155413363481	-0.7143308342376617
-0.8995870437449686	-0.4250580782505503	 0.10034331487516801
-0.6562473570900699	 0.13005172960049521	-0.7432536269270524
 0.482388924464426	-0.3561180355499118	 0.8003004875108637
 0.9562011550377516	-0.062228108468899236	-0.28601925393380867
-0.531210753628188	-0.6343000768482994	 0.561674770432155
 0.1401066009265823	-0.17402136656433684	 0.9747239118621642
 0.0047165262610739484	 0.5277806709958275	 0.849367598689297
-0.5680198157106884	 0.7293881751406752	 0.3812432018081784
 0.8537398889467932	-0.08144470008687209	-0.5142907376658425
 0.09012068924810523	 0.7416213739188294	-0.6647375415276273
 0.6990273451788365	 0.6421438443983993	 0.314661808603256
 0.9089863258637209	-0.37036721332125416	-0.19123803672235784
-0.0652334013294993	 0.9940753701464153	 0.08694113996982078
 0.001683247815034956	-0.9890001085331862	-0.1479052128835865
-0.6278939344505556	-0.5667713581838705	 0.533403631992333
 0.09381972855205067	 0.7972451520494361	-0.5963204055439413
 0.6803867513410142	 0.4326640213984673	-0.5915029274542329
-0.45691917783743063	 0.8880315127148881	 0.05123375205539671
 0.34834216159349196	-0.874511583121228	-0.33747182022085487
 0.6054745925194964	 0.3836542891942761	-0.6972875333721267
 0.3158550307735851	-0.4393575553121564	 0.8409521616151201
 0.730810197837512	-0.3176295246134826	-0.6041754214054968
-0.618477847317029	-0.3775557477503609	-0.689156593031482
 0.6096621654994321	 0.35604680513259845	 0.7081968063422854
-0.9409913552414997	 0.3377882516275789	-0.020841459237520343
 0.5247544190999132	-0.737013075022593	 0.4259630581175491
-0.9570755620115194	 0.20424856462987828	-0.2056426328536194
 0.16749906028199427	 0.9432467096184342	 0.2867572311183213
-0.8270108165451537	-0.2313007767539702	 0.5123993169299976
-0.02396019770763333	 0.35701277750876903	 0.9337921533303251
 0.2396071311027428	-0.14429700295533565	 0.9600868698523175
-0.32591050841833724	-0.634435390614894	 0.7009094632246222
 0.6783136076399997	-0.3293604317045878	-0.6568198807266543
 0.7612418112560866	 0.40579096681946564	-0.5058108302945636
 0.9930843911650054	-0.11499389034888444	 0.02366003395727523
-0.723106324126001	 0.6728693781056415	-0.15608985878880843
 0.7210044860576635	-0.288598771268453	 0.629970856712486
 0.3911561062917037	-0.40043318641459413	-0.8286435685676732
-0.5112402163254969	 0.7775980775948127	 0.3660255058494024
-0.5123556003492667	-0.8452445649266074	-0.15183334367908996
 0.13468884077385165	 0.28435660648201483	 0.9492103225950657
-0.0269628262397998	 0.691755773001372	 0.7216279903942451
 0.9494982356986952	 0.16734822203342029	-0.2654198051904155
 0.09908624037594783	 0.8208509801245264	-0.5624816311638667
 0.8651316329194789	-0.4214563539488874	 0.2718856366897413
 0.23070267764173574	 0.3995744093815255	-0.8871959005182217
-0.5668701264143792	 0.21949027008318076	 0.794029143745844
 0.3007991826735202	 0.9031622257502638	-0.3062969893433036
 0.9617910041447112	-0.269180320071857	-0.05000019632282293
 0.5145378524211452	-0.7956506500236087	-0.3196730228574889
-0.8271688993967771	 0.19316340038172625	-0.5277115809073107
 0.9807414815045168	 0.03194448094238525	-0.19268029632956019
-0.29762783711074736	-0.7491573280474968	-0.5917609047660328
-0.6523321855762324	 0.16112036807510682	 0.740609847796178
-0.07020653685360094	-0.2938990458264387	-0.9532546317985204
-0.5938779299413349	 0.7960907540084623	-0.11639809152573255
 0.764211074018172	-0.588529072626808	-0.26384648002393596
-0.1087818845056477	-0.9938995948442437	-0.01816857099080571
-0.16093377869235942	 0.8949237434085001	 0.4161872323360192
-0.8813695721540477	-0.28952669071967674	 0.3733121651405211
-0.2907304779207098	 0.384468081638738	 0.8761621330604423
 0.7292397905289443	-0.5132687145235293	 0.4525091762612836
-0.8677338601624092	 0.027119378469237215	-0.4962887135922871
 0.7889086999272257	-0.5813721883892854	 0.19907144884836692
 0.3550078654399529	 0.846238151107381	-0.3973039228174442
 0.86602105513056	-0.17558662770019753	 0.4681632922853134
-0.5799401781365093	-0.28260458240528696	-0.764070703394998
 0.9738423031559799	-0.17289827046585265	 0.14743594084813028
 0.35890772311703484	-0.9332932095785725	-0.012207835249242294
 0.8453038086781707	 0.4687524638540331	 0.2563836942259625
 0.6079067308222433	 0.7928006746389524	 0.043777813022518375
 0.7650843125417935	-0.24124241058493162	 0.5970327411772511
-0.45632096885559786	-0.7006961872652198	 0.5484487455858318
-0.5941174863219852	 0.45892774493201105	 0.6606131525923964
 0.6718447694844435	 0.31631765798080286	-0.6697520025844903
-0.3757395100530391	 0.37620008354521295	-0.8469317078287228
 0.24709655969926603	 0.586868354351964	 0.7710569530488682
 0.6908968026035935	-0.667764732327751	-0.2770412792552368
 0.5246612493612396	 0.04051510788200201	 0.8503464584814904
 0.8864198012888087	-0.38396209829845146	 0.2585208752757877
 0.11833085731793226	-0.9708977078121784	 0.20821971369555992
 0.3308005316543762	-0.7783200225408722	-0.5336562102788258
-0.39340464829615973	-0.7356570230123324	-0.5513996075366825
 0.21869669717678417	 0.7298602319725889	-0.6476695117333258
-0.9870637587450433	 0.03377977814138304	-0.15672926580835522
 0.9324873147872755	 0.19555568242008733	-0.30368632309346855
-0.17152496757048083	-0.39941546495260105	-0.9005811855999675
-0.6568371055907725	 0.3907317438696771	 0.6448982253438891
 0.9914811969800101	 0.10104082576603164	-0.08219359806946502
 0.8286234336802137	 0.5412849581697329	 0.14280685983244235
-0.698622046145676	-0.16743961601650018	 0.6956228946976055
-0.4283264201247663	-0.8999676745022105	 0.08120752843293255
 0.3394658059693304	-0.2070704712732454	 0.9175427981866944
 0.5897002720880067	-0.2670159361267732	 0.7622047487084254
 0.8196764765112362	 0.21620526030790999	 0.5304580655144322
-0.10229504002318922	 0.893077231557405	-0.4381195992653324
 0.012354537079310434	 0.41042567733204444	 0.9118103579144561
 0.023106137774509893	-0.8538707646633403	 0.5199719450608733
 0.10625971723064129	 0.3811187635139086	 0.9183993470117962
 0.06159142767772291	-0.10578074829886941	 0.9924801908985141
-0.004800302259024657	 0.3355817219594396	 0.9419988667641588
 0.6147123883230551	 0.5879313513886001	-0.5257997771933152
-0.4007065618043643	-0.1712294483556268	 0.9000637351558793
-0.1696086584860285	-0.6168045367591416	-0.7686254395997512
-0.5454675000323085	 0.5238346758015964	 0.6542648078846516
-0.823637695085747	-0.22716414248930658	-0.5196319847747404
-0.026637869991221218	 0.8516346056101308	-0.5234586157564014
-0.5412118425699818	-0.6808213157392587	-0.4935302194365301
 0.4412917852293891	 0.2126048312101811	 0.8718146282525598
 0.7257455138457827	 0.18589551523512987	-0.6623717283732651
-0.9185621258834087	 0.23415392302734966	 0.31845809963550153
-0.47184162236686095	-0.6179711984408474	-0.6288696854673401
 0.9119496897781951	 0.27766651358542666	 0.3020746108940102
-0.6837827626191741	 0.2161469647024049	 0.6969373165463502
 0.7919058145575264	-0.08342162472928523	-0.6049181873588421
 0.036343741575818544	-0.9724159126172933	-0.2304049160433579
 0.9557796580029623	-0.28460508624408526	 0.07406207012862365
-0.8859640380275435	 0.11734213646270965	-0.448663065487116
 0.8062637566053783	 0.26028844950519686	-0.5312143426515925
 0.8347913829543573	-0.47274170381183034	 0.2822031686963118
-0.6144924644400707	-0.729133947284829	 0.3012684816956672
-0.09272438298003129	-0.7720983559128062	 0.6287020897036322
-0.6136414134973169	-0.7832497437743162	-0.099820110791778
-0.43778098624681405	 0.8909372273847718	 0.12074214235594116
-0.728540265061916	 0.25782051523204086	-0.6346319122995614
-0.06569982865669374	 0.8592807782690758	 0.5072672634930946
 0.6696179606459977	-0.22048044602205186	 0.7092250416491315
 0.17392554959374876	-0.27960510037068226	 0.9442303167369777
 7.304510561891678E-4	 0.4676077308602582	-0.883935787532655
-0.6672113648398053	 0.7098330411785978	-0.22575661292583948
-0.27651980230624346	-0.8997423671201988	 0.3376395589107668
-0.8746313843373196	 0.48035061031242077	 0.06544641093802395
 0.5397408064890312	 0.779615935391026	-0.31761431815166286
-0.18379680513817556	-0.2441451323941473	-0.9521616925445193
-0.32576929174430713	-0.07966715395942289	-0.9420867864142974
-0.34748752053374937	-0.3197555749673761	-0.8814810238176372
 0.9410334396135134	 0.32591598893520946	 0.09074598440451487
-0.943792400259287	-0.27526270903449185	 0.18299274911265373
-0.5980151913319738	-0.6461224688899626	 0.4742400089951524
-0.8664902690929441	-0.43655016752566433	-0.24211271094379083
-0.7885432845734478	-0.008363297052437157	-0.6149223882869539
 0.8385179102279773	-0.25570922980675376	 0.48114499271897504
 0.260343474459579	 0.9636072541003258	 0.06068224741672634
 0.640940841998874	 0.6152739987281997	 0.4589474300470433
-0.7484333786273994	-0.36208455388383604	-0.5556457986839451
-0.9346721784266654	-0.27579210828328504	 0.22433597991363863
-0.04822063297619626	-0.9821379324245745	 0.18187867452826056
 0.10015313218098616	-0.0921548562139766	 0.9906951259547607
-0.3450864980546325	-0.4789195309068931	-0.8071873337561186
 0.776190283343293	-0.5217615706300952	 0.35396822944591344
 0.7189760757278595	-0.5224470784062945	-0.4583911569780712
-0.9166585797886272	 0.15276941992073148	-0.3693217464988763
-0.6080618774629531	 0.6868092139889845	 0.3981882177514322
-0.44038018797513345	-0.8108502284094328	-0.38547009887584904
-0.8203947230490438	-0.2854098911173175	-0.4954732005322626
 0.10488932768495841	 0.7136829333623351	 0.6925712234601797
 0.8627707383989375	 0.44130840913044905	-0.2467256391081083
 0.04364951551305272	 0.18054394723656836	 0.9825978846464687
-0.8679014622336064	 0.43689068906332895	 0.23637592445623024
 0.8957395119120555	 0.08341188892672007	 0.43668430654791
-0.6335934865278697	-0.6390288140691388	 0.43612093347929104
-0.7744663300808736	-0.5577262255391203	-0.2985688545661618
 0.37226059193834465	 0.9218235029132876	 0.10799759796583097
 0.8116760800301146	 0.5803351182986917	-0.06628040114687317
-0.17500260210189042	 0.5066861111571396	 0.8441820147444639
 0.5737401957964018	-0.7771636287447123	-0.2585321679866115
 0.8501997583176728	 0.4266389833441211	 0.3084469951996054
 0.7964890691548863	 0.6027516132213598	-0.04791299902772961
 0.29464012412497254	 0.6529661676460663	 0.6977265805207868
-0.11452711923472841	-0.9933951921475574	 0.007037839008654068
-0.18832308018040692	 0.42062526962804697	-0.8874732672152423
-0.8275266456941341	-0.024116659277909305	-0.5609082254803262
-0.23198019349401125	 0.5644849818844789	-0.792175419369574
-0.8370146987026161	-0.5360908376374245	 0.1096038683485816
 0.6635859825380476	 0.00837997736867968	 0.7480530861899537
-0.08566092820473314	 0.9387818436141113	-0.33369275610896
-0.7561199682942922	 0.41718633185675535	 0.5042203467320054
 0.9990580619245216	 0.033282627017738826	 0.02784341290892023
 0.6911247519521352	 0.6537435931475765	 0.3081653641433373
-0.78688907592732	 0.09686923953296694	 0.6094439536319587
 0.8418863669636925	 0.5393408378455278	 0.018406676852678272
 0.1305446998007317	 0.8703122781134314	 0.4748837962269783
 0.6449029360863194	-0.39546758438887125	 0.6539920433192408
 0.2853526878647601	 0.7196167734497316	 0.6330288641903736
-0.8034788492445746	-0.595084462737882	 0.01721107273183775
-0.29420040058369884	-0.643118803461044	-0.7069966965490193
 0.3265443271124915	-0.912333707694942	-0.24701418630161753
-0.09536231374627199	-0.29799042573409096	-0.9497935224498917
 0.11535695933402698	-0.1481931724441276	 0.9822074911006089
 0.91807061745559	 0.25455340524105513	-0.3038896267477633
-0.7949281221922155	-0.07729392491684589	-0.6017598605082488
 0.8109789417666263	 0.45156405950136724	-0.3720256122604042
 0.7765612220135165	 0.6293144219548291	 0.030265934390551363
-0.5724504310099595	-0.4576827951929953	 0.6803138709601901
 0.42354275682266224	 0.5019416160653355	 0.7540995605387784
-0.36936259397592525	-0.8426372183489524	-0.3918338837115998
-0.901699129511148	 0.4265690141556684	 0.07055179658307265
 0.9061643649594278	-0.004975464135040693	 0.4228964275497229
-0.11787279378893759	 0.7298424002273395	 0.6733766221920587
 0.3982841857841249	-0.6094673655953622	-0.6855065554963904
 0.8575736649365971	 0.5031699583871426	-0.10671177153385791
-0.9432728987752259	 0.3318679186335336	-0.009996150160374695
-0.6268717287253438	-0.12814375899998043	-0.7685122072903292
 0.8095454664964253	 0.5810107819766503	-0.08403932949498394
-0.21174473307447916	 0.9706056654133381	-0.11440633847278114
 0.37778639107205253	 0.4170708021556302	-0.8266373985672395
 0.7664069729010478	-0.28192943566398593	-0.5771794739895373
-0.5836846040823354	-0.5651380312596141	-0.5830362669519407
 0.8211285201694816	-0.034378677285350906	 0.5697069947897666
-0.4737662754931477	 0.4157454636097606	 0.7763383448556795
 0.5229814558315884	 0.7145598859967001	 0.46464455897024703
-0.4280304523560084	-0.712799482566749	-0.5556139212695141
-0.08953872460388708	-0.9357576309063231	-0.3410871926603152
-0.35077965393705857	-0.9209632454936729	 0.1696476785386647
-0.5386293192225168	 0.5313377337537738	 0.6538797054224057
 0.2918199478827596	 0.9514399426697078	-0.09799568108017098
-0.8463730140489378	-0.503530911621561	-0.17352043721497545
 0.3217431246855608	-0.7612833961771261	-0.5629644326443657
-0.9166659829457039	-0.33230279552596964	 0.22203226746536675
 0.20821146896639608	 0.2788755892862999	-0.9374840744733077
 0.32283761130984906	-0.9391852037090574	-0.11707702531977393
-0.9938934676958928	 0.08629396890027327	-0.06876863967588709
 0.3322009617260915	 0.37284881201876635	-0.8663869138003266
-0.06395783713750017	-0.5503231568773795	-0.8324985393820268
 0.1281310882786868	-0.8206323218311027	 0.5569066497920572
-0.8844072464342854	 0.15703378545170343	-0.43950450814665554
-0.5515417306099123	 0.4096109096157475	-0.7266502749738577
 0.9740345205260504	-0.20024547554857478	 0.10563381251243431
 0.08406030482130618	 0.8137575353274208	 0.5750935044418348
 0.899785808337708	-0.22485871299325652	-0.37393055278363363
-0.1784570702280043	 0.17913101863754316	 0.9675046006337713
-0.355485678563037	 0.9034904489829254	 0.23944715687017237
 0.5766114062868269	-0.29020633866120915	-0.7637405103441766
-0.7488596965396993	-0.39675728072151084	 0.5308416101747693
-0.6632466285471331	-0.6921701398529128	 0.28461273200062664
 0.7383431601823282	-0.6726412133995778	-0.04902219750599457
 0.4315847287784871	 0.8849382296392609	 0.17498271802703935
-0.9834384414183882	 0.02477239193972405	 0.1795415287284703
-0.9889932554495298	-0.13482362957334576	 0.0609502221817968
 0.875886276735829	-0.48194936908035263	-0.023410165930569216
 0.8263648475156421	 0.27791503761325437	-0.4897799206366804
-0.693318721567322	 0.38490759942675246	-0.6092251556098032
-1.0857972950123376E-4	-0.9953767672244634	 0.09604727731809293
-0.09821843799763583	 0.4274191709647467	-0.8987023927469611
 0.9799947030975055	 0.18472114721956814	 0.0740842741121126
-0.4555748328987542	 0.23437976897348806	-0.8587885045371801
 0.14417571066098073	 0.8742585818290151	 0.4635572203662892
 0.25566217995187857	 0.9244488226174924	 0.2828979040279114
-0.8747389428682248	 0.47728207552684254	-0.08386657385734808
 0.2445505054888404	-0.11953717061166604	 0.9622400506668334
-0.7114659880638792	-0.5893082866626645	 0.38279484204858716
-0.5159462035688803	-0.3623196060636855	 0.7762242060672389
 0.8770335117015348	-0.42631407722290704	-0.2215141686530573
-0.15419101197008936	 0.9383478969139326	 0.30939999383458217
 0.740982246170286	 0.5365967088598177	-0.4037440809488728
-0.7512443769035605	-0.5728488252209043	 0.32783549169333503
 0.6043673031843325	 0.30243043431391986	 0.7370725847855086
-0.13690467024915512	-0.616834629156362	-0.7750949306617245
 0.1693897693042279	 0.9382766519922786	-0.30156927957141266
 0.0071090546320452044	 0.9999091524008118	 0.011451999272121816
-0.8254366533170019	 0.48087379085634646	-0.29565981909666794
-0.022640763735498975	-0.46230832568061214	-0.8864301483049086
 0.06537831221147003	-0.7666100807527072	-0.6387759077960811
-0.21313434950694818	 0.5956505882042118	 0.774450854368582
 0.003745352700178508	-0.14975512574852404	 0.9887160232570296
 0.25549137804161626	 0.16600933893391118	 0.9524521274757707
 0.7189339662321094	 0.6880342728321331	-0.09870558042038913
 0.08769802492360916	-0.6731728228191858	-0.7342665776420354
 0.0593944563376208	-0.7931303228259698	 0.6061489829821802
 0.43306902157206867	-0.4930974510864022	 0.7545237745006477
-0.6295050982876114	-0.7652448985493442	 0.13462383323211657
-0.14764240091983197	-0.09232063212200563	-0.9847226118736285
-0.04204782802102049	-0.8412314675484751	 0.5390376593197859
-0.7556831191644007	-0.24673861194248148	 0.6066820260949386
 0.09299088354107021	-0.9950025732584638	-0.0363672213302948
-0.8744123951483779	 0.14076765700733074	-0.4643139346945593
-0.7141830636547618	 0.28823338102371243	 0.6378589731690993
 0.9367149200678442	-0.3347781401442119	 0.10241462495110087
 0.7042666485852992	 0.3027391601521155	 0.6421506743754322
 0.9070789367515789	-0.0641312874526806	 0.416046848889986
 0.7330174624187876	 0.5766299342879095	 0.36080925524748175
 0.1232077112243722	 0.8509632923386777	-0.5105696181589439
-0.9439673765135066	 0.2866620890034498	 0.1635556138027241
 0.0938895449496398	 0.995348543873891	-0.021587717741212487
-0.031456722731735214	 0.3006066274362415	-0.9532293166580577
-0.3979927285047506	-0.8469341563820492	 0.35256818179009075
 0.361716810900373	 0.5954028100824797	 0.7173955969044905
 0.28914772432190117	-0.7711423043480778	 0.5672152501160403
 0.6314695006017931	-0.7709365753569357	-0.0830846952611719
 0.49751908251228566	-0.8539791679578644	 0.15229689172838357
-0.28074128779611346	 0.8974690647746929	-0.340196424288995
 0.19206876545215168	-0.2126361659489316	-0.958068604155373
-0.21004571558419144	-0.8403214763775698	-0.4997405463871689
 0.8244367920143546	 0.07560290027421468	-0.5608816073318923
 0.9862257912498839	 0.15527999655226157	-0.056980798031180724
-0.8840673922361572	 0.09925294008140166	-0.45669869703115906
-0.7231773684025352	-0.12914581811726814	 0.6784805461420433
-0.3257132401677008	-0.13477506940622766	-0.9358133178396235
-0.15689998968475133	-0.8794804341187306	 0.44932901001299075
-0.7968006688557183	-0.5953252169565012	 0.10342427261902731
 0.5675416143730813	-0.82209706020417	 0.04530937605461127
 0.10274627880796738	 0.5997746318952581	-0.7935449534374364
-0.3181511070752528	-0.4666086491621329	-0.8252613171558938
-0.17297877622835628	 0.5303208474874862	-0.8299627351241108
-0.4275717125203849	-0.4640058371129699	 0.7758099082748797
-0.8196395864483375	 0.20045544225535383	 0.5366642935737471
 0.7049358688461457	-0.04735015182156316	 0.7076887620533512
 0.40912962823574356	 0.6738180043772994	 0.6152903739509306
-0.7044317428086599	 0.11212551943010148	 0.7008593208455489
-0.23726780023389032	-0.9105671266339734	 0.33848411907461795
 0.22994099803230206	 0.9718211431098974	-0.051872952764239644
 0.9162337922179207	-0.2663001950253166	 0.29933233057497577
-0.8861550020363858	-0.40898253453887135	-0.21785912606098035
 0.10226371002312745	-0.40825820075929353	 0.9071203752121821
-0.15526639163633058	 0.844684807093473	 0.5122498650987581
 0.8896144859858871	-0.3879607728836963	-0.24098237493134422
 0.8012774634049776	-0.5073865723788956	-0.3170383144178013
 0.9792943871443449	 0.1972155134660905	 0.04570059688766026
 0.6204774006899855	 0.15760198569294095	 0.768224842958519
-0.40330908290700496	 0.11386812307504822	-0.9079514492482934
-0.6784181563660056	 0.3776056088912224	 0.6302085442509004
 0.4903746350641149	-0.8712764618543105	-0.02024955072021495
 0.0727368245544719	-0.30921144862195954	 0.9482075903486753
-0.10379959300451998	-0.9136027065492353	-0.3931357768990351
 0.5850047652495278	-0.3379897982609475	-0.7372464451639416
-0.5223973921028557	-0.6979061243608072	-0.4899265315369361
 0.6780032837931826	-0.15727968018110755	-0.7180352702811954
 0.5403466279064328	-0.4795585746274456	-0.6914109452499575
 0.5518500004864649	 0.7622089629131634	-0.33837711775167145
-0.2016431941971026	-0.6592890696804979	 0.7243465640381082
-0.6105297710269998	 0.6820407171789997	-0.40258397732606666
-0.29783439129818357	-0.5339047768165502	 0.7913535016997841
-0.3673645117770927	 0.8937956645696657	 0.25724040406446247
 0.7494142316490504	-0.6562616374039536	 0.08774378994404763
-0.5996842175692508	 0.4427571894106445	-0.6665920119709974
-0.9191186422682674	 0.03173279882113749	-0.3927008414988613
-0.07619724871187271	-0.9786396211745255	-0.19094101486093096
-0.7494967056399324	-0.6196867819111173	 0.2329012248991662
 0.23620483921590002	 0.7721036372375929	-0.5899688528180707
-0.6856183931936675	-0.6551126758814011	-0.3174189673192891
-0.12844809782437377	-0.9798596990365467	 0.1528923031722278
-0.4536775276038309	-0.5104872208625689	-0.7304652615171279
-0.17341059927338806	-0.97994099919054	-0.0982059171592542
-0.2652536784028017	-0.45385554997702204	 0.8506795083042955
-0.34371055354746644	-0.9348733101644213	-0.0887409112096107
 0.2950329920733495	 0.20138181253497264	 0.9340240356481069
 0.987755680718777	 0.1505156194478637	-0.04103368750199787
 0.2427874108667579	-0.9673036664248803	 0.07333409879176278
 0.9626415902619199	 0.23300577907888442	-0.13794736537478358
-0.048851661126677486	 0.7979613524948123	-0.6007255572470798
-0.3592747228626594	 0.14175872435850786	 0.9224023729263753
 0.27447684345944884	 0.8653068354848203	 0.4194121396285322
-0.543137130773428	-0.028738622134667203	-0.8391520415115541
-0.001797464157677549	-0.3550920293085318	-0.9348296207567188
-0.5609581417670106	 0.8242404008385668	 0.07716038368736444
 0.5749920549112003	-0.7286852640389014	 0.3720240889533253
 0.8887951671211766	-0.44436860057875743	 0.11215925161000584
 0.05898164031017042	 0.9869355581497639	 0.14993121811662724
-0.08977648734356057	-0.10673266951815945	 0.9902263981422526
-0.8325648575148461	 0.14651753897869366	 0.5341988101848514
-0.9488634533537105	 0.020196447173020462	-0.31504007746834084
 0.6372349636335497	-0.4869748677451592	-0.5973165654052577
 0.00478167483050022	 0.47926296407944347	 0.8776583314978565
 0.007666066349374906	 0.7174486490521328	-0.6965692122108158
 0.5453974316269355	 0.6955036698586661	 0.4677780315361868
 0.9543012331522392	 0.17473578629181014	-0.24243877864957653
 0.19898143824137904	 0.9785396961592345	-0.05353924052491821
 0.7806085290666871	-0.46772526644801893	-0.41458822881803203
-0.8979123448676384	-0.3561439622799991	 0.2586791430823172
 0.015487797839708486	-0.6608565763797482	-0.7503523929286253
 0.307659700669481	 0.9385371226008935	 0.15650424302235555
 0.4682414195824339	-0.03898407722968274	-0.8827401739526628
 0.8262847465499141	-0.5630646487760057	-0.014550564171105673
-0.6721341908304691	-0.7403140084444259	 0.01306898686268898
-0.6498881817680905	 0.3902321210525014	-0.6521995422392071
-0.5631973444881619	 0.6344282956589263	-0.5294426209031464
-0.6128984711994436	 0.775542544159771	 0.1512918576777167
-0.673689050655931	-0.28570116999265227	 0.6815555036027074
-0.45677409392661916	 0.34118603591298696	-0.8215531121087047
-0.44929653744678527	-0.5607398518129244	-0.6954879150834679
 0.8183041307636637	-0.2811222089840266	 0.5013468392151943
-0.8794696310754484	 0.47580920960583495	 0.011779816224591455
 0.785170624170166	 0.5921012629114851	-0.18144747283678653
 0.05561923754717837	-0.9966205394576154	-0.06044833120841231
-0.7220369091263654	 0.6837863616265135	 0.10535138116237319
 0.32799216300010997	 0.9433676025420988	 0.04978661953258201
 0.280297136434355	 0.45457076599117385	 0.8454578250941309
 0.7400938629515011	-0.6484273877868538	-0.17833394738367025
 0.054373213007546724	-0.8922519397619373	-0.44825219430393903
-0.5437567073527813	-0.7676517427313656	-0.3391746527828383
-0.7500875182255997	 0.5965096715641452	 0.2855607233717483
-0.17729143186547924	-0.265001472950246	 0.9478090353659265
-0.7914564059878526	 0.2636395541208474	-0.5514444150807516
-0.13432145050510155	-0.9570040966597827	-0.2571009663742996
 0.575134286987807	-0.7795420502010998	 0.24806197592394752
 0.3808584069466917	 0.4220870542676384	 0.8226721050805696
-0.9680191401655611	 0.23981222342450859	-0.07368203152276354
 0.17154417894130966	 0.98360290988166	-0.055658874797134494
 0.9953763796807586	 0.0045851955269971675	 0.09594185090775342
 0.6674835380313855	 0.7444271960753729	 0.017142817751532258
 0.7182726190339973	 0.6079021398302337	 0.33843674909185784
-0.6054775308267522	 0.05037358154521845	-0.7942666189298444
 0.34424187635189507	-0.7225790991512125	 0.5994805885394028
 0.2826014063528375	-0.9538799269334267	-0.10123996306241345
 0.295967577782464	-0.42747363545072564	 0.8542069327136845
 0.20133722548823454	 0.25227918302739544	 0.9464769069785748
 0.15838692745782068	-0.09936586842484334	-0.9823644972222112
-0.9150051326333078	-0.07955337030878136	-0.3955210089580785
-0.946297441162847	 0.29147759121066713	 0.139864100721649
 0.8558935103459702	 0.4697318089873315	 0.21632920878407003
 0.767169403305707	-0.45964405530022107	-0.4474130631292883
-0.7174486470988563	-0.674545578086943	-0.1739416622301071
 0.8421870761726452	 0.5092904628005228	-0.17704280055455657
 0.09188627853550711	 0.769321494615183	 0.6322193841855501
 0.44286959170960105	-0.8881413853922662	 0.12276564785182131
-0.8022686200170035	 0.2903093259174539	-0.5216182096336042
 0.13668221557692867	-0.32622397749790716	 0.9353586950739416
 0.6092649093004038	-0.5414376098006166	-0.5793458250376591
 0.4354226163528816	-0.03151772876986157	 0.8996742621313565
-0.6748424333625906	-0.7159303197242904	-0.178973370736355
-0.8277406409387459	-0.5602962296090468	 0.0302252613586822
-0.7728259934684258	-0.16055436593430217	-0.6139725396131124
 0.6283981110399135	-0.5462643632590506	 0.5538150047395363
 0.2076745126065643	-0.3911083723270516	-0.8966077949188878
 0.4949687703762396	-0.25129541324524124	-0.8317791363301539
-0.48196581277664086	-0.048357784864176544	-0.8748545478864369
 0.7477104668385619	-0.1088863196292017	 0.655036508278483
 0.368380782659883	 0.6160048261201106	-0.6962999735484876
-0.8434701127776512	-0.2631328910952315	 0.46831533230796674
 0.7002029351711034	-0.17674689871375254	-0.6917198734840875
 0.14425648579198405	 0.5427881997581835	-0.8273880809573082
 0.21090604771220536	 0.1372618153142248	-0.9678211782633508
 0.8639232851390723	-0.2802128873359164	 0.41847018432067773
 0.08813997097820885	-0.7522669351002921	-0.652936293883847
 0.8501065956145804	-0.08088892097467136	 0.5203611808697319
-0.5533310733468045	-0.05331239422533163	-0.8312535785732509
-0.8389333791776694	-0.4094957201115956	-0.3584746023246592
-0.36463127740972057	-0.5774659988500735	-0.7304635868451228
-0.49731451983887237	-0.8626647203961214	 0.09212952046610079
-0.3885131621938191	 0.8693253011074772	 0.30550129894413414
 0.8606221260543713	-0.40278568209025345	 0.3115978986590622
-0.9778281214230142	-0.1697255116652864	 0.12265975560181053
 0.8497769051079204	-0.4544838050874071	-0.2670649405265999
-0.47991652336780244	-0.7614966212268117	-0.43566389161681873
 0.8593616208952257	 0.5044729396130281	-0.08369383328848357
-0.5712575108330019	-0.38923237837996505	 0.7226084776264103
-0.4158346628183564	 0.03127558929879604	-0.9089022888697975
-0.14719517107268615	-0.4886283254442595	 0.859986012203932
 0.48177847559082415	 0.6739004693467261	 0.5601318218702129
 0.21373833420425536	 0.3086602918538763	-0.9268466694789759
 0.46728780445875573	 0.8328467083466966	 0.2966622122889737
-0.4719714383992178	-0.32080009203707355	-0.8211761457107594
 0.2577509270268642	-0.829324163117006	-0.49576798211166295
 0.42390206240599027	-0.539419363056152	-0.7275532916893739
 0.7073997224216945	 0.7012421359446592	-0.08857256625773902
 0.7720987148483985	-0.6330051723931316	-0.056285222332270735
 0.4315602722014155	-0.26596176078893474	-0.8619861212661661
 0.3505604802761411	-0.5309739046924112	-0.7714752505455087
 0.14814670478492775	-0.7892794898918281	 0.5958946557047338
 0.017769331045800134	-0.26254357107252757	-0.9647565102981526
 0.29136854427682607	-0.2542115784161737	-0.9222151835689765
 0.030750243485819548	 0.08194164137694063	-0.9961626322714658
 0.6952089983550862	-0.4487127600403468	-0.5615525866587134
-0.6385630709448531	-0.6166785174039445	-0.46037464156700825
 0.2369845943684905	 0.8797279006757395	-0.4122100469477403
-0.95544449502275	 0.27426057327078796	 0.10911899412980808
-0.17473234929455705	-0.9031863979763476	 0.3920751670541196
 0.8764376785457405	 0.4350428892649229	-0.2063847865647599
-0.340984141932537	 0.9398780283604125	 0.018950112291886034
-0.10034233744496857	 0.817643586366986	 0.5669130277114942
 0.6452460938849932	-0.005698451570789066	 0.7639535365294501
-0.05531452756188544	 0.9775580014067902	-0.2032748310198964
 0.38825037856943795	-0.7981841230152867	 0.4606123633892232
-0.15099808148665805	 0.32107673402052433	-0.9349381317809549
-0.6378746230863225	-0.7428515955604417	 0.20319318934400332
 0.8603764455128534	 0.25901445949442087	-0.4389349402582128
 0.14523949626590332	-0.6998436723449981	-0.6993742367310176
 0.6368483569720866	 0.7707171552073271	 0.020475275116069724
 0.39755683000740355	 0.2977367983225897	-0.8679293553274241
-0.5386840097634407	-0.6542038547746212	-0.5308830888465064
-0.4582194713860427	 0.8818877964459017	-0.11094516899120777
-0.9905000805483201	-0.05389513520434177	-0.12651049298408878
-0.47411246525428097	-0.8779831556212878	 0.0660526209608201
-0.6102180839665808	-0.056124586920514474	-0.7902429504545778
 0.9627293713783245	-0.2704652410913083	 8.43117380177727E-4
-0.7829005912587195	 0.25636881067331874	-0.5668700883982991
-0.9716554248136904	 0.04503140939113603	-0.2320730652151921
 0.24621297642959616	-0.8987371148752233	 0.36283711026222054
-0.955696117860749	 0.03079507014381781	 0.2927398059040325
 0.7819064501160745	 0.4727078713754239	-0.40641059485032405
 0.2035154423745384	-0.7030932865486467	 0.681352548336996
-0.9350084551700222	 0.29102763738112913	 0.20263786181493026
 0.36061176625657115	 0.8170913911304188	 0.44980085880072873
 0.59798829991261	-0.764023749186764	 0.24223481138396918
 0.27047926168535047	-0.7614159555856466	 0.5891406551730618
 0.6096833921724404	-0.05818062978054841	 0.7905069105500881
-0.6858311240463608	-0.694724920540889	 0.21677858304906628
 0.3630348040414413	-0.637610409152223	 0.6794547057717144
 0.35238424873344976	 0.934030228210056	-0.0584198085792218
-0.7721072872366089	 0.6312847712767445	-0.07300598982407625
-0.13896696320617646	-0.003983885649948861	-0.9902890041762462
 0.4280101725657389	 0.8242684484395187	 0.3706599750274566
 0.4443397906127944	 0.4029528936536484	 0.8001194385679737
-0.17234427735582192	-0.19169329460825138	-0.9662044974356794
-0.14531922538226194	 0.9418380697270918	 0.3030237171362089
 0.6932743386792699	-0.31280325157720684	-0.6492494259770643
 0.45505862263217245	 0.8762807934075222	-0.15828335690524642
 0.8164056868500814	-0.3435401904186879	-0.4641787285582337
-0.08613356426445329	 0.8543309251662259	-0.512542368406478
-0.03144780244012402	-0.9943525948318053	 0.10136050943509867
 0.41916878685117054	-0.829463330220004	 0.36917219823553693
-0.928690023557683	-0.3206643623972849	-0.18630407089694234
 0.7213280745544953	-0.5695124602706876	 0.39413369109470064
 0.37627943147543325	 0.5018705468402662	-0.7788066150610027
 0.4604613275189152	 0.4368358755469678	 0.772754672386154
 0.5184209861035364	-0.4868682576473117	-0.7029928739773312
 0.825708150567066	-0.5345853355779153	 0.18006823448949283
-0.9439087430905445	-0.15747393317459984	-0.2902382557275147
 0.1764128557828617	-0.7712747823898034	-0.6115666066456675
 0.6013891404807991	 0.21809243009778898	 0.7686135528637306
 0.48975931950612234	-0.4080947965872076	 0.7704508069665095
 0.5525728474253411	-0.17372544559905925	-0.8151580937705636
 0.9657094529996492	-0.1678973559314172	 0.19802961964907562
-0.7486053205206785	 0.48661837072039393	 0.4503250330212185
-0.7581844898114202	 0.4747050056648423	-0.44700272594933743
-0.8139987935349657	 0.5622076433570316	-0.146042904225276
-0.09555967005529818	 0.943733499199681	 0.3165997977688053
-0.797479442398599	 0.6003819614173834	-0.05973306752741969
-0.7430023714747206	-0.4217452032208912	 0.5196907345172805
 0.5140949251289119	 0.6495233245897996	 0.560201623320133
-0.030351178946605474	-0.7011554891955101	 0.712362117119907
 0.7005368155246471	-0.4263653158196666	 0.5722418960200157
 0.7087148961703661	-0.544354476363566	-0.4487776732516613
 0.1319028854159115	 0.951691340732955	-0.27728184360478303
 0.5383250595713227	 0.8362356527779269	 0.10447996583367813
 0.6084402878335684	 0.3051216355215591	-0.7325989378081661
-0.8753799893493104	-0.4818235732238593	 0.039445133192745896
-0.7928442475731103	 0.3594373058978909	 0.492141059269692
-0.7793703845984759	-0.39788476864561956	 0.4840139610493128
 0.6620058769637175	-0.5075797595858045	-0.5514626066419339
 0.7025419969415744	-0.5456422584961587	-0.45684709507290977
 0.8957519650141758	 0.4406640393732807	-0.05868237875603444
 0.6042387230084312	-0.01592652939631232	-0.7966441559934578
-0.39686051866215827	 0.0974936986983095	-0.9126865329571408
 0.6837127193146004	 0.2833463907170816	 0.6724966470660187
-0.7905396389624253	 0.0310980477481169	 0.6116207899143178
 0.18631100197590178	-0.34334658536865104	-0.9205440417809585
-0.8772174320932684	 0.1539623383696164	 0.45473637988998816
 0.15966985328108102	-0.9818191447743121	-0.10264845302213055
 0.138880481970194	 0.6290777205161653	-0.7648355596322074
 0.058882862515324194	 0.8879489495300984	 0.45615728814784506
-0.26907903810677114	 0.7150687545133035	 0.6451923337814296
-0.867705011922119	 0.14667683090775574	 0.4749462280722869
 0.9989033109068853	 0.002284226763243671	-0.04676492026461965
-0.24989716726335798	-0.9106462319937507	-0.3290514335925816
 0.8824431504235194	-0.15441585261743873	 0.4443532724432704
 0.45387845242219327	-0.8701174690904858	 0.1920675412723405
-0.536245511205474	 0.8308517654229701	-0.14874843059848963
-0.32099508878910005	 0.37086287214340213	 0.8714487265690531
-0.8434107805507653	-0.37087124713141534	-0.3887322642924529
 0.33332597180716966	 0.3308701304734932	-0.8828469591493531
 0.3520518927184938	 0.3466171862437272	-0.8694342936840067
 0.6657948967800851	-0.40456090911195386	 0.6269351052861096
 0.33128005918573117	 0.39892596000782676	-0.8550506422532718
-0.33436653360507096	-0.007043714275500723	-0.9424167906473939
-0.6628639822741123	 0.12972501690490912	 0.7374162738865522
 0.14421912572809395	 0.6790654949294751	-0.7197714202234007
 0.788225619535193	 0.4725321994352239	-0.39422543449816994
 0.10055613758066763	 0.3848453843461408	 0.9174870535012083
 0.6375998566825903	 0.03961227946644808	 0.7693486141365384
 0.48132836889180497	-0.7094733241344283	-0.514752953990163
-0.3114224055160178	 0.1522384777888451	-0.9379976179197644
-0.38891973358265247	 0.6515025001010022	 0.651372346044981
 0.6862391172516005	 0.508000912906866	-0.5205871170510608
 0.22746286243454283	 0.42624957423807097	 0.8755409451732954
-0.42902894035053085	-0.5296292393091759	 0.7317288003150377
-0.018928167312514742	-0.13172109422968598	-0.9911060880738871
-0.08713073424377489	-0.5915490682097121	-0.8015472132384731
 0.43776976094365055	-0.8442754678418711	 0.3091222586675517
 0.3570265571472756	-0.2817518645008902	 0.8905885269538538
 0.6421357845988481	-0.028207343941697192	 0.7660717850732897
 0.8300211092962213	 0.5577161474523015	-0.004202022564578023
-0.8621899908674672	-0.3511844287737361	-0.3650998721375034
 0.3870263841975744	-0.9148041893216186	 0.11551568350041519
 0.38153086128883723	-0.8506393662695538	-0.3617276191234642
 0.3649772959043472	 0.8413395857715711	 0.3986718887607599
 0.5600193412378215	-0.5974472180804463	-0.5739644231548608
 0.29909991654625073	 0.768879421774491	-0.5651227076429952
 0.90051999498957	 0.0662669926008693	-0.4297352956363032
 0.0022421895960719157	-0.13656745796635583	 0.9906282360252119
 0.7375865581894129	-0.561904114929382	-0.37447274240420203
 0.1712857391180075	 0.8209463907092781	-0.5447092978426267
 0.9158971976992072	 0.00787000189019244	-0.4013357526024659
-0.601077949123997	-0.11637542545150006	-0.7906719037804948
-0.8279147551144291	 0.11305232652659794	 0.5493417240031366
 0.14454484878625637	 0.22074369800626126	-0.9645615617885044
-0.41790020619737395	-0.9083161277361413	-0.01792288354629301
-0.591874924820517	-0.7891753459123259	 0.16397056678827537
-0.6769158421351442	 0.7104697910793908	 0.19239963261419057
-0.7213958936176159	-0.3826702164414902	 0.5771927495388907
 0.5283653536051984	-0.8237109839326804	-0.20574320902112175
-0.6081691812342188	-0.04212592058026697	 0.7926888757969075
 0.9504565560009615	-0.12921079781138656	 0.28273115301242635
-0.8682017151984824	-0.023842017924877026	-0.4956383156170263
-0.6173183992967985	-0.4031142457583508	 0.6755863370112767
-0.3214942894952873	-0.4739308453507798	-0.8197749542691675
 0.5652515416427659	 0.8244047212654405	 0.029112715876876694
 0.5693626057643708	 0.8220862647556892	-6.296485088486126E-4
-0.9980499807035665	 0.00875905761018265	-0.061802224291621854
-0.2989776383512376	 0.7043637267356067	-0.6438044052544563
 0.09485093216981294	-0.07708880979004332	-0.9925021995298913
 0.7360552491776262	 0.521307735297953	-0.4318112032782173
-0.3761951156960462	 0.5831091346459177	 0.7200423404348715
-0.17895970534290317	-0.9014058499079368	 0.3942599619734819
 0.48278601851015296	-0.11278078483795992	-0.8684458272698696
 0.8669670265445784	 0.046619351142193975	-0.496180220266319
-0.16988422982711088	-0.7685864934336393	-0.6167772292873919
-0.35669174687177835	 0.34673358802513965	-0.8674945628929163
 0.5197110638864482	-0.8405995386167443	 0.15261987338263916
-0.3235263865295472	 0.47447786531176567	 0.8186583124529574
 0.4251246725767148	-0.3058317880080381	 0.8519013617845363
 0.4771286940726898	-0.8123312385467986	 0.33535975932349693
-0.8305635031626949	 0.42011223333518644	-0.36560905160599355
-0.66034517762803	-0.6952040863566602	-0.28396394964221594
-0.1399795842876317	-0.37862247645636715	-0.914904768981291
-0.36222300156951054	-0.6983405319964077	 0.6173451210667731
-0.526402826951355	 0.06621792051428908	 0.8476527890477239
 0.2650858093035672	 0.4928729283285432	-0.8287374676136703
 0.5682048169370761	 0.7300632482990137	 0.37967214737533284
 0.016096215213271835	-0.3149098621681596	 0.9489850844797503
-0.14738220711191058	-0.8348580063866543	 0.5303683570867732
-0.738479351377176	 0.6000644462051002	-0.3075238332066508
-0.7457403146392226	 0.5942940409432247	-0.30114112309873287
 0.34767346088467016	-0.07231920843507636	-0.9348224947484949
 0.2851405744907288	-0.009876719667892006	 0.9584348194779335
 0.4509502684962443	 0.3241244636166108	 0.8316172120804195
 0.6740300004141653	 0.15815678337832353	 0.7215746603180453
 0.8410428474094571	-0.36015300152740615	-0.4036542385658708
 0.6799804513737896	 0.0908678886491573	-0.7275779082420946
-0.6195614406105506	 0.617841496035596	-0.4841647520060455
-0.05618470756384585	-0.5866316761040221	 0.8079025654293659
-0.9373606534623233	-0.24992222996195185	 0.24268062203548801
-0.7474583071188282	-0.44371138041194463	-0.4943948725583449
 0.8615828630807565	-0.45233947361543164	-0.23035618215033993
 0.8091285149849222	-0.11628550913933035	 0.5760110472920648
 0.32538006475698894	 0.48490360965772117	 0.8117858725055827
 0.24183351943004114	 0.6259762551145894	-0.7413975161226225
 0.43407674244089045	 0.07022470633177866	 0.8981346626717623
 0.18972937449957766	 0.9393079751104559	 0.2858378777312309
 0.7315080954130823	-0.5208276590083146	 0.44003915275466543
-0.831524587840406	-0.15277648506907288	-0.5340657313728174
-0.9489154729676638	 0.10244671112188652	-0.2984360845187184
 0.3667999739539873	-0.8886788325799837	-0.27515034368801294
-0.5151733363473238	 0.2559345785317385	 0.817981616559045
-0.32743791107122094	 0.9235041460987861	 0.19981117719403785
 0.32149050008547503	 0.5195930151669025	 0.7916229891460695
-0.5755160486882643	 0.20688510987486425	 0.7911888706334997
 0.9162779006001361	-0.30472926115592636	-0.25995169987359246
-0.035518834812693266	 0.9984204181875791	-0.0435325271456648
 0.8864158241563806	 0.19395958309972527	-0.42029354837892186
 0.8829162520693928	 0.0029748605764250784	 0.4695210773078109
-0.8814972741895674	-0.42724941331742267	-0.20104848772443096
-0.8140250156523314	 0.44744124945840974	 0.37035064759673175
 0.06223571563153581	-0.1051167915945211	-0.9925105419211953
 0.8638549846795479	 0.31275014422224273	 0.3948948122389866
 0.6177480302854966	 0.6413970668868415	-0.45496942058488465
 0.5841157036368775	-0.12821403618280086	 0.8014798847697371
-0.1879386604812682	-0.8925712814053058	-0.4098726235149124
-0.8912441634052474	 0.34005868292736946	-0.30007321333598513
 0.3450429274782456	 0.12003848593057836	 0.9308792295957282
 0.5236890027783584	 0.8116753399531316	-0.25871407167175287
-0.5277261429725129	-0.10901668335477381	 0.8423897439865231
-0.8428247994237021	-0.4166787188052533	 0.34062472425120416
 0.7379295833934202	 0.2187695559462458	-0.63843544023174
-0.16536029023264867	 0.8602882023393749	 0.48224494121749073
-0.5466321439527461	-0.5178556202435749	 0.6580416824029969
-0.7847879597976141	 0.16941258208192475	 0.5961604106186804
-0.5568070954187543	-0.04804270469506302	-0.8292513231927419
-0.07691235499112024	-0.028900376100475075	 0.996618913081109
 0.12398164297154585	 0.9498082673905687	-0.28721561134903917
-0.1810680599740092	-0.29588532546072094	 0.9379052360629254
 0.9073038209948914	 0.3900757554345816	-0.1569735055039887
-0.7960520704638006	 0.3817893019324963	 0.46961476769815635
 0.8419720837838811	-0.2801769516377941	 0.4610682009199747
-0.26734448214433987	 0.03283714302410606	 0.9630413542029175
-0.5746875288651763	-0.15893226843392352	 0.802791864817578
-0.20526993189288797	-0.7972156532272813	-0.5677248077282586
 0.1489131477940988	-0.5852117984025516	 0.7970897223176976
-0.22087782346147536	 0.7780734154378626	 0.5880601561845358
-0.27663055890026694	 0.3086652639310356	-0.9100556514438609
-0.33685012495356326	 0.06351982252172343	 0.9394132346659683
 0.05798600385867679	-0.30592989553050487	 0.9502865475093267
 0.10897900602539992	-0.5865619354410634	-0.8025388913550231
 0.3341574775856337	 0.5802260079023899	 0.7427493250937778
-0.22294077279001032	-0.6370212059850299	 0.7379033777895119
 0.16727088738481305	 0.7084608297940684	 0.6856410889678339
-0.14125012483489008	 0.3014444183563105	 0.9429632362271361
 0.6096563612597676	-0.036264387934735194	-0.7918358512616226
 0.46772175944464583	 0.15237983282261136	 0.8706415693561604
 0.8262308483387919	-0.4166780267950921	 0.37910685464590155
 0.45755690431556084	 0.03369183718994419	 0.88854180510538
-0.7463808863712307	-0.2880705478219528	 0.5999424405201352
-0.2521192458169435	 0.9065565219866394	-0.33851315828514505
 0.12178113867405173	 0.9918112187434452	 0.038468956807967025
 0.5774081871108843	-0.14543976924199453	-0.8033971987629516
-0.5571477414583048	 0.8209775136542771	 0.12482914828657354
 0.31370615355723325	 0.823032740850925	-0.4735034917587617
-0.41586244518060933	 0.3486247949400209	 0.8399518909088979
 0.11878638258748922	-0.29076387666638664	-0.9493925233209459
-0.8552510850081905	 0.1462134620690232	 0.49715913458580197
 0.8163866772244547	-0.15336867885541258	 0.5567682117331767
-0.018399025465886436	-0.9678415090190154	 0.2508870050076344
-0.2501430800071568	-0.823334326863715	 0.509459542782748
-0.3590368580988175	-0.8700369610487202	-0.33782868577969705
-0.6678555954624692	-0.6728426366379461	 0.3182007069941353
 0.8243949363049461	-0.4743894971500372	 0.30875167042219975
 0.12677270584376765	 0.07662519417735167	 0.9889677753447443
 0.7681554126478687	-0.5350518787402576	-0.3516486159169452
-0.264935225705618	-0.5177352933474184	 0.8134860122969392
-0.32942055062898695	-0.35939790029749025	-0.8731066659263633
 0.7132518899650224	 0.5501380556060438	-0.4343038812114448
 0.42766859848111194	 0.24847207124142467	 0.869115182059431
 0.5957408936978936	 0.8015144968249585	 0.05164589969657385
 0.5604133972218531	 0.8043811520802893	 0.19725056753339976
-0.5882677539054753	 0.12773539351218718	 0.7985140693558843
-0.6969287808853073	 0.18014512492707743	 0.6941455238915879
 0.7826680326601344	-0.5986538059851113	 0.1704240922858482
-0.5190358872566515	 0.6454238994540198	 0.5603835630648599
 0.9621515863098696	 0.07079015645496557	 0.2631597969114643
-0.45648119577571	 0.8000413738265543	-0.3893054303100558
-0.8219106319599911	-0.119928312561956	 0.5568483751589564
 0.615647997935329	-0.5258874097544691	-0.5868730483673248
-0.7393262915324574	 0.45633829231789774	 0.4951282637996426
 0.5978979220620163	-0.10114666770991709	 0.7951650309244633
-0.40830878970727336	-0.05352501424122786	 0.9112732878221868
 0.6284000825209707	-0.056673238980581034	-0.7758230985676355
-0.3281953857787754	-0.7776761464670833	 0.5361973516995664
-0.5516475394068487	 0.5948018237795922	-0.5847185499835286
-0.8089092544637403	 0.5057628992183174	-0.2997827677122187
 0.8175108964331937	-0.5713853241405565	-0.07207458338268102
-0.6241645708040061	 0.046567400495991854	 0.7799038823881419
 0.3679155048619836	-0.7944741053824635	 0.48316568292759166
 0.9793284623314992	-0.1941688580310024	-0.05669406881110173
 0.6800561361471427	-0.004598432586518677	-0.7331456240791228
-0.40208108217727623	 0.6033233019659137	-0.6887175013458693
-0.529511764384718	-0.6193942868645766	 0.579627474139818
 0.3333630569501396	-0.5301308690214858	 0.7796347439483327
 0.4585074857403653	-0.2500016834961732	 0.8528012920775436
-0.2202904547429164	 0.8724788320880551	 0.4361797830108849
-0.6658783208851273	 0.15388987607201224	-0.7300164161289415
 0.7186985758756542	 0.652169528975704	-0.24113743489950856
-0.9949539799895424	 0.09881029658735851	 0.01740985328161515
-0.6564581239564876	-0.4631361158903119	 0.5954558502941796
 0.7820936991943265	-0.32496994614676916	 0.5317179513444137
-0.20497988034144585	-0.6864889740533457	-0.6976504405204598
 0.6268129802189144	 0.778856896207723	 0.022077659720973752
-0.7526202704613997	-0.1522396443538657	-0.6406136270620677
-0.013938523635386961	-0.16790249845370617	-0.9857050616547878
-0.692790391165418	-0.03375227898005142	-0.7203487055395601
 0.507531795354519	 0.8068669123193802	-0.3022867223488461
-0.4130985290113152	 0.8590053025178559	-0.3024227100845678
 0.04194977114805835	 0.8913156246443614	 0.45143844980845116
 0.34942203191029647	-0.9255706174388229	 0.14568210511108104
 0.7687147967543956	-0.633969873855631	 0.08461536677414716
 0.31741763472443907	-0.922483630628352	 0.21970433857499727
-0.4344316428736421	 0.899519702138922	 0.046189318397369616
-0.486991224859393	 0.7678975515766144	-0.416140477714664
 0.03625272554910748	-0.9890893314739626	 0.14278667393930977
-0.6904791862620757	 0.42902120856446957	 0.5823910163633568
 0.5246840802867411	-0.024432936586578188	-0.8509463246899964
 0.9092748278674436	-0.4038693057879169	 0.10054288263729516
 0.5641720317744267	-0.8192081555405114	 0.10299473996000241
-0.9542366887711141	 0.17505265499207584	-0.24246424433999558
 0.30607768681228803	-0.05449641162139879	-0.9504454696383322
-2.683527563223903E-4	-0.8751113215814676	-0.4839215874774916
 0.10805092035743792	 0.8754328528946449	-0.4711075447099671
 0.7511913478532565	-0.15093226278904273	-0.6425970829063785
-0.37529894327859487	 0.47068789540040956	-0.7985008505302316
-0.5777833133533747	 0.17245517678705755	 0.7977629063886968
-0.7040798446900702	 0.6237134074734524	-0.3394895545360146
-0.03315085764530569	 0.7016118182741833	 0.7117878034185294
 0.9073097819827175	-0.29689828398101537	-0.297725323893689
 0.6897093370526568	-0.7013464336914681	 0.18003946881349053
-0.5834665098834045	 0.8047303700424303	 0.10943428793505405
-0.33448716022236336	 0.30238419503020925	 0.8925705228396865
 0.924101396258135	-0.16119796446490034	 0.3464849573735318
 0.18217109994065322	-0.03146252163928909	-0.9827633489698879
-0.8781647993733275	-0.047655300127282876	 0.4759785263133014
 0.7662400338282374	-0.17226967729620338	-0.619030991827682
 0.14954695060735115	 0.34728135550950856	-0.9257598877028108
 0.244160018322194	 0.685576530172627	-0.6858357724188546
 0.795213770223572	 0.6049189506724554	-0.04132944185623
 0.4601157496772335	-0.7783304760246735	-0.4271945306182683
-0.2906040620831376	-0.4078081185479178	-0.8655875562571282
-0.7840203862564781	-0.02758020144715237	-0.620122057680887
 0.6143155390901557	-0.5878482550184018	 0.5263561983145932
 0.6676549204681378	-0.7216534416231821	-0.1829022071165387
-0.32847833946047117	-0.5279641643679857	 0.7831703656603115
-0.34428746838284185	-0.7609519603728754	 0.5499256796324496
-0.9463352451826974	 0.1668940087565911	-0.27675981205037514
-0.17445918928023682	-0.5500420770522488	-0.8167115186819214
-0.9052164138716584	-0.392902895548446	-0.1618967532935156
-0.32037016863645257	-0.8479101714788264	 0.4223876136330209
-0.8826287340922377	 0.3416864966719763	-0.3228263554091666
-0.11243801304546251	 0.9308859104246812	-0.34757605641816136
-0.9888745402654673	-0.117085379917332	-0.09175051729758676
 0.24615427039228369	 0.7959735655428775	 0.5530227464802882
 0.7574741455185577	 0.2090259811622686	-0.6184990364342389
-0.2620383506175816	 0.26627140341192596	 0.9275965947170466
-0.7420824311566776	 0.5524241341032664	-0.3796593755313453
-0.31202093690811855	-0.09646235753470271	-0.9451655667182481
 0.5462822642948016	 0.818202619470017	-0.1792209842885235
-0.256055524948266	-0.7886679426141885	 0.5589619346933841
-0.5614670633338333	 0.4970665556502646	 0.661573560569997
-0.04044070805948995	-0.3014224090404477	-0.9526327101563856
 0.9831184729822193	-0.18265813286356725	 0.010680570205037654
 0.813659495145082	-0.055946687685684185	 0.5786434084107852
 0.27935190336252613	-0.043040583395905344	 0.9592236560201557
 0.03649396142130463	 0.9153298244340038	 0.40104800620548664
-0.36141190892260366	 0.7723241574228046	 0.5223952794102131
-0.2998522867102512	 0.8910210018248464	 0.3408374692748444
-0.8747573228764373	 0.4488439934763052	-0.18258887040093952
 0.33414303192987305	-0.6059978481402857	 0.7218829837737244
 0.22297031258902364	-0.8708041323489325	-0.43816024784087393
-0.888653158516071	-0.3922456876323069	-0.23756869405136216
 0.6190425318434187	-0.7120424551809712	 0.3313334963277099
-0.9054179426382917	 0.42395996058422836	 0.021824320609415082
 0.5611227598466226	-0.05337405920045469	-0.8260099625225932
 0.5587105098354552	-0.7562178898222093	-0.34055406224599727
-0.32674780777736545	-0.2907553605934896	 0.8992759256195151
 0.9386106464980014	-0.34439125407942867	 0.020117614028568154
-0.8437640969484543	-0.4004522119167581	-0.3573516121017719
 0.8713043289909699	 0.3170034721695453	 0.37461655718087017
-0.9249018098998834	 0.3481888409628381	 0.15271271418213828
-0.741944214738831	-0.4690671003758414	-0.479056194574895
 0.750244329699728	-0.08278415742645034	 0.6559574902633543
 0.8831347940055398	-0.2585739084103324	 0.3914236445415602
-0.03648484817447679	-0.9915093601400621	 0.12481203711313316
 0.9052308876936308	-0.38139665707521914	-0.18733293874075874
 0.8467976087659334	-0.4336887832551191	 0.30797377983684204
 0.14745476768344756	-0.47027603983415	-0.8701135200911025
 0.20034347867072458	-0.06364155399423801	 0.9776565057111375
 0.7551924942518738	-0.38016587676873553	 0.5340020625112716
 0.8470549067247984	 0.19765507452186876	-0.49338672105073655
 0.6287305117381055	-0.4701087937334205	 0.6194317280088648
-0.3232369822952312	-0.317381529564869	-0.8915081704436234
-0.2883974530041285	 0.0986802295435295	 0.9524122644096766
-0.6268142896552037	 0.7661721339268313	-0.14171840910075284
 0.5186770797321288	-0.39958049966539605	-0.7558501910085775
 0.2954288023228961	 0.009574388356383794	 0.955316781934485
-0.24075746618908198	 0.9654145778739787	 0.10005266264633206
-0.9081763053387528	 0.12172359981303196	-0.40049864378023714
-0.36288768962480117	-0.5607203246013405	-0.7442481053370182
 0.7149101747355195	 0.1714357307503672	-0.6778740534064691
-0.9500356688320611	-0.12171828147450865	-0.28743153602503413
-0.7549621341319749	 0.11362734584187599	 0.6458490553556804
 0.9651522631150236	-0.07881314816885754	 0.24953876788920404
 0.7538595589022513	 0.47314700217193795	-0.45588121236503176
-0.5964706575830309	-0.6863776706764091	 0.41606303349287566
 0.8751163461266025	 0.3553168002355537	 0.3285138539124217
-0.6276078765235684	-0.3380539606166773	-0.7013044082543294
 0.5979476894497768	-0.4132137714065579	-0.6868136135820564
 0.988808209562366	 0.10340183789176711	 0.10754712744965622
-0.9841962689018442	-0.13780527025396344	-0.11120886551854148
 0.31255268035942746	-0.12051784081015546	 0.9422241092471555
-0.8690022596624865	-0.10290209358181636	 0.48398990881832593
-0.9860683934609525	-0.16432457138802217	-0.02581779726233635
-0.6346351781969527	 0.7118593315597175	 0.3008230088711208
 0.23233906510348648	 0.6519105505306815	 0.7218249046227359
 0.4981794900749271	 0.8062374675242236	-0.3190585238303656
-0.4066421973099971	 0.9084628458785649	 0.09663012483235334
 0.17897554955259715	-0.851480319069813	 0.49289858885892057
 0.8518754050013096	-0.24474438622004532	 0.46304263277545843
-0.16325913098415407	 0.15953770135806594	-0.9735985712785755
 0.2325210643220491	 0.32075284358183415	-0.9181783965987813
-0.3313594650556709	 0.8224422081123345	-0.46237400363053216
-0.09514035997065408	-0.9954557760590255	-0.004013703449160966
 0.4341982206056706	-0.39334174365384006	 0.8104037129247534
 0.2564143585893815	-0.6962324343253449	 0.6704566161226246
-0.22350041195811202	 0.41638558703146106	 0.8812891743162512
-0.7911780928899559	-0.33612562861628087	 0.5109371655285242
 0.8014507698426218	-0.4235623611805381	 0.4222222041885484
-0.5121342102126076	 0.3913883710146557	 0.7645480323461717
-0.026506883768517897	 0.5756049625590479	-0.817298178261936
 0.05214729893314209	-0.6526729419390901	-0.7558430326956453
 0.748116717157356	 0.5547609702390307	 0.364090158352502
-0.35485392601677634	-0.4484973303889089	 0.8203223974904637
-0.44267158549990354	-0.3347133315990524	 0.8318706949044812
 0.8847357565370962	 0.347349189343016	-0.3107912189356088
 0.7339101545991671	-0.1263821215135199	 0.6673855290145034
-0.951082058523457	 0.304566567831255	 0.051789223920361005
 0.23621299884118876	 0.9301179372668268	-0.28121885063586305
-0.9995087562972008	 0.011629646919107976	 0.029103219714658124
 0.6137190693368899	-0.6355671402326326	-0.46840507489647765
-0.3312641670698634	 0.7200832355763577	-0.6097082789805246
-0.627755845117411	 0.7084071953368742	 0.3226171795113655
 0.07751801405648033	-0.15680946534914855	 0.9845820174437747
 0.031807635146189284	-0.8617307390821446	 0.5063678580511877
-0.6993918957130014	 0.3072000901836602	 0.6453519046242331
-0.524216311418247	-0.49669813801325896	 0.6917284283136043
-0.1419034693451824	 0.6172652409810264	 0.7738520709182319
 0.25816301435794964	 0.07703322302100128	-0.963025306297095
-0.5828506436620409	 0.027273116254373068	 0.812121483715657
-0.9113341987027753	 0.14665927830548806	 0.3846570347227305
 0.7220423312189357	 0.3051488014507271	-0.620917934111352
-0.07014603103726412	-0.9492761689963417	-0.30651963934689075
-0.8998386629833633	-0.43524126692142584	-0.029247566889322396
-0.06610045507645503	 0.32749970020559516	 0.9425362996744109
-0.07477473043954969	-0.574652355755027	 0.8149744840870115
-0.13886731156715237	 0.9856416940814429	-0.09605373842997911
-0.6860867974977679	-0.6727220343736553	-0.2770017522822328
 0.2656679275797463	 0.041428199222153746	 0.9631740530997979
-0.7888369397954921	 0.1550439059023808	 0.5947248688735127
 0.7635262694943705	-0.39358756419410584	 0.5119731097467526
-0.7436874702047797	 0.5439556657702861	-0.3886401681978069
 0.42850881219040077	-0.8341935430294449	 0.3471330157780348
 0.9905607276860477	-0.10452253010436686	 0.08868193427451376
-0.18545147398990808	-0.9824267978169338	-0.021103026468637598
 0.6083085152558236	-0.5872801826636855	-0.5339126682499336
-0.28500740295752003	 0.5484385940462729	 0.7861207851341658
-0.10459891879504743	 0.9940921492645669	-0.02898042369361109
 0.6210578713276702	 0.6423725048972838	-0.44904864481916884
-0.991462866748719	-0.035894940747103775	 0.125351254828876
-0.40373867268136143	 0.9126329187817247	 0.06400187292136295
-0.22278162464035572	-0.804721499826673	-0.5502650774302451
 0.6067420631735225	 0.10226775487864105	-0.7882926963305059
 0.39512459681723705	-0.753053693011795	-0.5261052066187075
 0.08000769014042793	 0.9672853467857672	 0.24074431958393405
 0.30524256245523596	 0.8251864759725404	 0.47528334489836843
-0.13966650974345116	-0.6578285048885955	 0.7401046711189692
-0.2312503271465589	 0.6141849969186647	-0.7545197649860667
-0.892093214468126	 0.34683394058007866	 0.2896133877458371
 0.3414133465672823	 0.7036357518826349	 0.6231642283205028
 0.6997572652034224	-0.16783161690969847	 0.694386288862693
-0.7606229989921102	 0.3685440276521105	 0.5344417209445842
-0.5044091455728207	 0.8240426168950308	 0.2579247553130304
 0.3845495986096623	-0.3698601793334012	 0.845768912855404
-0.3736448317310804	 0.6692582277520326	 0.6422483665272034
-0.569972107613046	 0.6797091433280837	 0.46165709895911355
 0.253962797228779	-0.8144712447470057	 0.5216699043494817
 0.5634221364253681	 0.2456480440576631	 0.7888044970945072
-0.40809825495619684	 0.7900203175913262	 0.45751908385837536
 0.08861835343325523	-0.32874747496987805	 0.9402509692288055
-0.9444505407579613	 0.2574180270588262	 0.20432605170935947
 0.33959716492925485	 0.36323018368078325	 0.86760451775866
 0.0770640399449	 0.0374554351657861	-0.9963223495053759
-0.04022744541699914	-0.159721668222383	 0.9863421015730198
 0.15700026465452907	-0.7257197509175445	-0.6698371145484439
-0.39229100196504424	 0.4563780969542652	 0.7986405965123893
-0.20739212476860752	-0.07376754622158406	-0.975472631962788
 0.09153896460400936	 0.8491573119973035	 0.5201465922610087
 0.9310153668954015	 0.292989701586862	-0.21764057840545803
-0.38616251892000636	-0.4899632123196008	 0.7815462619415523
-0.4572042895190326	-0.7742174156241199	-0.4376661181650978
 0.11682435958933336	-0.9878230174921561	 0.10275093731559637
-0.6844544184758213	-0.35597454472700985	 0.6362423064645446
 0.9943692520202522	-0.10248226826420426	 0.026966188609219177
-0.8883635611558395	-0.36673116329765726	-0.27625791767271046
 0.6980988828155608	 0.5600196374644485	-0.446134458953636
 0.8166647705364752	-0.5737678924617977	-0.06204077807823638
-0.7730130674211642	-0.6099308110722808	-0.17445688092142575
 0.8205487237548547	 0.5601366348033949	 0.11378375233488924
 0.04686303458573126	 0.44183201493825536	 0.895872941083175
-0.18052129866300465	-0.8463508673333103	-0.5011010577649737
-0.5195838520889898	-0.04263740721149884	 0.8533549508584617
-0.19967561961900604	 0.6205868554566601	 0.7582886005764431
 0.8306694770822962	-0.3530474417734642	-0.4305179714030958
-0.1733302874824384	-0.9590919125516769	-0.22382876204639546
-0.0728184248481472	-0.41013217097264665	 0.9091144478754578
 0.11965840575330132	 0.5370649331892423	 0.8350108523073296
-0.9011656426322062	-0.23178374654832418	 0.36630148699576015
 0.21719927697069769	-0.8860970191998195	 0.40945884609884864
-0.6952862851398843	-0.6837324274070888	-0.22155574785680798
-0.9775344383862544	-0.20805054040426338	 0.03378452909786178
-0.07853521311378674	 0.201400142990137	-0.9763555718613606
 0.8566522198431997	 0.1770725346295216	 0.4845537036465568
 0.5663945056329762	 0.7087620544529711	 0.4205396701339601
 0.4492594124247363	-0.8832978986802398	-0.13398060506973963
-0.22178218985817053	 0.30283877514868923	 0.9268771960341651
-0.14460588954393178	-0.3975614572818071	-0.9061092783948159
-0.5828041349935874	-0.7940858016581936	 0.17253138798270884
-0.5823682399312863	 0.7715143718880064	-0.25614996991916805
 0.4382948361631133	 0.24560587646622478	 0.8646244213749732
 0.6445903254397559	-0.2082837428767999	-0.7356094036937677
 0.36098856412707697	-0.9175209131215499	 0.16686111156907835
-0.07772819747432005	-0.5197928259708565	-0.8507489320514154
-0.8583042896653634	-0.4286127599144792	 0.2821433117770631
 0.5565855379427574	 0.11404594176220297	 0.8229253077409537
 0.3943143855648407	-0.8525579055298518	-0.3430177590959025
 0.7612172083183211	-0.5817441466033902	-0.2865695546507949
-0.11952131366055048	 0.16994276293565502	 0.97817897795171
-0.23415015454593519	 0.9340375610080957	 0.26971751843764724
-0.24514777364341434	-0.8604435012553369	 0.4466985003614121
 0.008372727930202557	 0.8809226223591397	-0.47318625386089086
-0.64163841823776	 0.3336950648185893	 0.6906140339995002
 0.8946467343358567	 0.3830312156457531	 0.22998762702181086
-0.27235315620014505	-0.3856133537429755	-0.8815475595354536
 0.2661910888291929	-0.8241423886401824	 0.49993162279894143
-0.22993735978666296	-0.825009708553562	 0.5162245551760449
-0.8876120183865338	-0.11563575725528313	-0.44583996731986786
-0.6638663378080512	-0.07458048190907036	-0.7441231331194706
-0.025778601131156424	-0.9950933551181098	 0.09552318212614264
 0.7898994496616826	 0.06431064416418657	 0.6098549011620373
 0.2325718598118605	-0.9022743226281341	-0.3630583654863142
 0.9314335268327426	 0.07583992254956955	 0.3559211868371899
 0.4584344067145629	-0.4801924392549034	-0.74783227800269
-0.1643422287565437	 0.4217885254716147	-0.8916759902721465
 0.19676780812958572	 0.10861545480118331	-0.9744152670510713
 0.20253544394497988	 0.7531740365274405	 0.6258660117365151
-0.5179322631749559	-0.24442713336176172	 0.8197570049953948
 0.9537162714763177	-0.12023550022363745	-0.2756241970641953
-0.3511807282797904	-0.29791685171007737	 0.8876472528837296
-0.3498600874122985	 0.6846059492633119	-0.6394627537778401
-0.7363196436844074	 0.07118738966468477	-0.6728786947713499
 0.37044488339191717	 0.9278110462906811	-0.04401421077039114
-0.9047215828648258	-0.12064685032545096	 0.4085623514289003
 0.42544969695835005	-0.005288005174489197	-0.9049666249974762
 0.7985448997552901	 0.06976190158958763	-0.5978790179973026
-0.5357825913156821	-0.7654809659973923	 0.35633678667624524
 0.7655272407165957	 0.56342900388351	-0.3106699233972787
-0.9210781247243461	 0.31544310576800816	 0.22827775883277623
 0.2429169797925169	 0.7066890368643667	 0.6645163249343058
-0.7384916620486112	 0.6468731455680365	-0.19022407478443304
 0.9722235944966259	 0.09332372134036086	 0.2146438103911854
-0.042834325396042844	 0.7251178285592356	-0.6872913176182318
-0.11738730332119376	-0.8002449441928441	-0.5880716370585899
 0.020992315610890693	 0.96563150253043	 0.259065868084001
-0.5363689613312115	 0.650084455093374	-0.5382365080208034
-0.18356703629807009	-0.6846068146368373	 0.7054194869278465
 0.8384242517973561	 0.5389959505583573	-0.08079690142410434
-0.30142855667050233	 0.47063597497125087	 0.829242186750287
-0.20161351093765773	-0.6635553877873356	 0.7204486376875103
 0.4050043100880061	-0.8864666250971173	-0.2239384544893197
 0.5841627875146505	 0.45590944275989514	 0.6714911895814235
-0.8005328006132117	-0.5625472905704579	-0.20661021517389822
-0.9466617420989859	 0.10176733499260344	-0.3057367422712167
-0.7477932332585903	-0.5533955655043555	 0.3668223389773013
-0.3849263599957782	 0.6565767931689193	-0.6486436710956325
 0.6153616768364533	 0.40814624842517894	-0.6743490539605439
-0.7697186634108679	 0.6366922543824183	-0.04643438818829093
 0.4745880045242773	 0.8274303318981225	-0.3002087137586571
 0.2454282951000238	 0.3596681262604125	 0.9002243003366548
 0.7936996677914555	-0.3648136862545522	 0.48677696296055184
-0.7360839494027623	-0.6498216405217911	-0.18950529000848437
-0.5708254691568173	-0.7012897707505092	 0.42702569150180825
-0.8350914526653208	 0.1626546169831696	-0.5255147393359987
-0.0022664520120764236	-0.9218515602639433	 0.38753653251559417
 0.7982919234823088	 0.5141024272749452	-0.31373348430303927
 0.8488905486780473	 0.5282402652721043	 0.018629506443834654
-0.40521697770019854	 0.8299243605762453	-0.3834380741470873
 0.49584470645557827	 0.8680596722722406	-0.02470693130665169
 0.6960046683467107	 0.5522510592859039	-0.4589076913249357
 0.7115406560908418	-0.6780826394490665	 0.18415707645268897
 0.7742065492505547	-0.4334130329352111	 0.4612562866557488
-0.03283663843644889	-0.7909979842752386	-0.6109369395025179
 0.795717016383729	-0.4193301786072024	 0.43703161344075325
 0.33301139449648853	 0.813169789255909	-0.4773450586075074
 0.2458771391838176	-0.6680571157646028	-0.7023134076059361
-0.03921482329274228	 0.9437350855642391	 0.3283691305667711
-0.06605873135504534	 0.5908235068216958	 0.8040919274552354
-0.37938653690127355	-0.2000767815379891	-0.9033466317574104
 0.14577781874144724	 0.7061711830622476	-0.6928716243110635
-0.5697610059224352	 0.5407932069580322	-0.6188013440824944
 0.4852545896982943	-0.7309139533101093	 0.4798882953702117
 0.2539070976417885	-0.41308909512115444	-0.8745790903395239
 0.30411509846575874	-0.5217205163977796	 0.7970707055555335
 0.6133765122441339	 0.2272780918085174	 0.756382127770812
 0.19716993035236452	 0.9759315622444799	 0.09317512747451784
-0.8232080838864024	-0.255089738437212	-0.507205753090511
-0.9475769450054512	 0.20123406775682012	-0.248199079910018
 0.4075497449457644	 0.656939601726857	-0.6342976943656669
-0.06629946747066617	-0.9881494216029748	-0.13843807712769007
 0.6665294200679434	 0.12393399053146911	-0.7351046851808503
-0.8639038915368306	 0.5032661520174833	 0.019830441776109042
 0.06080133517240564	 0.9523291875413382	-0.2989520299280599
-0.4863794901724554	 0.7897868792556861	 0.37372674094202374
-0.24744619054249326	-0.3242100129226539	 0.9130488761871955
-0.9975383691555065	-0.05650451488055833	-0.0415263995632289
-0.7533329619166537	 0.477760155689752	 0.4519233144297665
-0.5843957030827488	 0.690384990742472	 0.42643900709941707
-0.5332699501174196	-0.6315804712995085	-0.5627870543774578
 0.4680137728289407	 0.22002554543432332	 0.8558924393863689
-0.048160811643598325	-0.7208911997906936	-0.6913728475187351
 0.3234645871439179	-0.7949201929591597	-0.5132957701847805
 0.3641764458966197	-0.1748680447441239	-0.9147659171511986
-0.1465718778672768	 0.27252247161567655	 0.950919653326685
-0.24322092363007528	-0.37052332524598436	 0.8964128779514446
-0.41058216063811087	-0.33171989939957985	 0.8493433921024365
-0.41150643849240315	-0.2923663329936524	 0.8632406260198502
 0.772065948215462	 0.09076742316161586	-0.6290273813585223
 0.10068898355676995	 0.6928087476320977	-0.7140572580646098
 0.14974634217616756	-0.9868827487392166	 0.060319758336604856
 0.8300558300068325	-0.165728855870217	 0.5324859297705595
 0.2772003611669111	 0.5193235028432361	 0.8083706199284864
-0.11482917950723749	 0.19201243345850613	-0.9746514684393788
-0.5416262991458082	-0.7757226280138331	-0.3238755261839459
-0.6984701306468396	 0.07162833581892988	-0.7120455449632399
-0.6198687110735636	 0.7419906214482137	 0.25536777148828427
 0.35130700845182716	 0.36827394509843747	-0.8607889910856557
-0.9460022958049518	-0.31640852059846714	-0.07046491626653584
 0.48847664576412175	-0.8525318789434962	-0.18595688190573778
 0.7228411036333626	-0.5759692431291252	-0.3817855024321444
 0.009379658088996512	 0.27905621666499614	-0.9602289570486573
-0.6957084792899725	 0.34882454660699236	-0.6279419937609367
 0.40857393289503463	 0.01318728959389675	 0.9126299560894604
-0.19082871751304	-0.8258879480778132	 0.5305596081423345
-0.4480357545013149	-0.8703557497778537	-0.20431551952083282
-0.9979818920927755	-0.004072707300705501	 0.06336841571450602
 0.17993182495588894	 0.8991932274643121	 0.39884342548217755
 0.9755401626373181	 0.11634843958980985	 0.18650584893394417
-0.25019388845547874	 0.6650585227651425	 0.7036335548259292
 0.8561126156364922	-0.3523380888619057	 0.3780595991178952
 0.7587218330658013	-0.46139404758222086	 0.45984422676050385
 0.42083359383037333	-0.765731306694485	-0.4863688438333287
-0.9143923992924728	 0.1015220667962334	-0.3918926001720062
 0.005044573418515504	-0.001760102931779169	-0.9999857270564889
-0.0030008352303802473	 0.9851042125089378	 0.17193221188906294
 0.8411772774005902	 0.2206119547488136	-0.49371160955241655
 0.7678034630020065	 0.6349768020070671	-0.08533641142563053
 0.9425286358088846	-0.28480865249817994	 0.174710624011289
 0.35549980745773035	-0.8577661517236808	 0.37129114701897237
-0.4015474591764549	-0.914986187079674	 0.039495765372162595
 0.40847816113358254	 0.875541754369764	-0.2580159456933675
-0.1283903261832977	-0.5998089632358339	 0.7897753679145105
-0.7566906432135097	 0.3135383399567534	 0.5736836932058367
-0.891849273348693	 0.45204001888535617	-0.016269448470528136
-0.07567393165788235	-0.5342022686076925	-0.8419628211992694
-0.9323704860546075	-0.07280810427010859	 0.35409639462565545
-0.7545415266850034	 0.641490521795993	 0.13840879651875038
-0.9734151708344359	-0.22130222660895374	-0.059061236757159685
-0.9270916460123223	-0.37087482520604365	-0.054340996701842226
 0.11700694561276112	-0.8241237583929475	-0.5541925708006696
-0.23107188972648723	 0.8990799643182239	 0.37183464004819555
 0.4782342522381687	-0.6612808968137981	-0.5779269638071394
-0.2705507944314173	 0.46516614824227437	 0.8428657794465115
 0.21738798397975914	-0.6808097527471046	 0.699457321775705
-0.6255087099287451	-0.149197283003753	 0.7658191852830374
-0.5992270949611866	 0.14963216429591597	 0.7864712989502523
 0.11441482728886515	-0.9480639250737815	-0.29678955721210043
-0.40175845777645586	 0.1541609624484182	 0.9026763203175661
 0.29291282145728964	 0.20606683801730077	-0.9336693940016891
 0.3491831254049112	 0.5434227979238779	 0.7633890277106701
 0.7003076724661234	 0.4874541048486013	 0.5214955987842369
 0.4305763403398443	-0.5343865737997703	-0.7273479256051323
 0.6738694612378454	-0.3820288499564171	-0.63241909127729
 0.3112654963300497	-0.36843340532004704	 0.8759969272997947
 0.9522342649418215	 0.20105079957780148	-0.2298444705879079
-0.033203281644887436	-0.8551764522164925	-0.5172724404628795
-0.24977907442849523	 0.27983983293519965	 0.926984402177536
-0.7731879022280991	-0.2371740722802309	 0.5881572300721325
 0.08209476055323976	-0.09975640777670033	 0.9916194377870953
-0.47970278221047163	-0.7274818512983352	-0.49056640403831153
-0.3605072619069994	 0.25838582363345974	 0.8962540266339543
-0.8052265301804117	 0.3096259965743596	-0.5057093803153636
-0.36789352032536093	 0.20033334116123935	-0.9080313376320157
-0.4018345252388125	 0.9064760023988613	-0.1297315358772797
-0.6443211793235025	 0.37950456212648226	 0.663947667516317
-0.7534524581029571	 0.19681772178984755	-0.6273533117534855
 0.7530511456644047	 0.59484458255311	 0.2812008083572015
 0.7355244185254416	 0.0069345026169859905	-0.6774627240123738
 0.9229310706521864	-0.38493559825381357	 0.004777449297233671
 0.43759829711631615	 0.6890275750582193	-0.5777099022608927
 0.6491524026513614	 0.7533189778731232	 0.10541193342386679
-0.844937933412522	 0.34769070196573587	-0.4064370362641063
-0.6253611918554608	-0.7325020353570668	-0.2690058510866855
-0.17996353727574962	-0.8446781875640038	 0.504114951875849
-0.19578209125558715	-0.8337838340291909	 0.5162110913717097
 0.15517434762531934	-0.5965686500640649	-0.787417784660593
-0.489101303489596	 0.871255331168245	 0.04115899459036476
-0.39766219487090504	-0.5857867465572056	 0.7062001602438068
 0.4998693581201667	-0.6456238094101533	-0.57732185263963
-0.10181306375096609	-0.1367356639628694	-0.9853615875658412
 0.8300080356409693	-0.49258869922523385	 0.26161619630101574
-0.2149849866211781	 0.2419116054129245	-0.9461819226206096
 0.7377588334970799	-0.07232764166760851	 0.6711785275527145
 0.6474245516262879	 0.6566882837869193	 0.3867841101809777
-0.8893374753693007	 0.4220316577380981	 0.1759776541797029
-0.45930680625662285	-0.5662346634688245	 0.6844089154976638
-0.38164876735046294	-0.21752656630370226	 0.8983464873488365
-0.9637322918093565	 0.20312158907021116	-0.17309445334116802
-0.30394569378190794	-0.8812064106957519	-0.3620666747715735
-0.006021963605054835	-0.7217127320440332	-0.6921665033500806
-0.9657147540674589	 0.16238356696941367	 0.20255021835267728
 0.10664078654903396	-0.9876807594767364	-0.11451838281979332
 0.21744379467483288	 0.915939995753241	-0.3373012308559844
 0.127426242982884	-0.6738651576674167	-0.7277831420698988
-0.9198037865471327	-0.3843126087106888	 0.07915057194702935
-0.08574776768213946	-0.3318988315163257	-0.9394096475849221
 0.03929474806113636	 0.720430126627926	 0.6924134281061296
-0.2914365123970687	 0.9549674360037214	 0.055695200998933325
 0.6968779443618299	 0.44191293212228483	 0.5648664365008025
-0.8709605101216515	 0.40129912586387256	-0.28352566266481793
-0.33069599204029887	 0.9150797583433017	 0.2308012060602096
-0.8577475700305699	-0.09935521639749005	 0.5043784760289247
-0.06299724122777842	-0.2604086936332002	-0.9634410515843401
 0.7448605301476868	-0.5309893529235207	-0.4040211599779986
-0.8388017533647404	-0.04697735588923842	 0.542406440398612
-0.7364448296401006	-0.22821448008073067	 0.6368415532751024
 0.9192017678730304	-0.0526396522596151	-0.39025270908615406
-0.07076152126460676	 0.025238334429981572	 0.9971739234373906
-0.7020061359065978	 0.597012635540084	-0.38828249787361035
-0.6288463571330919	 0.4036502898674546	-0.6645439809450986
 0.6866652221052829	 0.43539752669035764	 0.5821682458731512
-0.22884907070853291	 0.9558228934022266	 0.18447411548517212
 0.05227149934914292	 0.3300663110170097	-0.9425093743233619
 0.4911282274527174	-0.45161221328326434	 0.7448754748362596
 0.04820288134497022	-0.9900359277661438	-0.13230776229032637
 0.04278828540484434	 0.9935969107384846	 0.1045674022009413
 0.5885149010398438	 0.09890617550546618	-0.8024137210323268
-0.5653866827840104	 0.43949168177234393	 0.6979863613161861
 0.41690953891133975	-0.27638506746568414	 0.8659086157596096
 0.9355248667076023	-0.3525414132692287	-0.022533878979388078
-0.8189425819548072	-0.5724538408808172	-0.04036889299936486
-0.14297081698445066	 0.013316146650578654	 0.9896373202992998
-0.6019976024732121	 0.7450187245870576	-0.2873081736240346
 0.24737143226618577	 0.954419218404561	-0.16700697601777836
-0.4624391030373144	 0.30424631769153954	 0.8328170592352098
-0.892314829148791	-0.41330050823974257	-0.1815404516077188
-0.6999922137479354	-0.31087239010954737	-0.6429379890470326
-0.8187354899610878	 0.11264059244944447	 0.5630135827942482
 0.3092300468042141	 0.8410558785635482	-0.4438488338242663
 0.6073541259991398	 0.1348067627772037	-0.7829100218679996
-0.71449550708312	 0.5671697165806932	 0.40965190461147793
-0.5860353953729625	 0.5858893935840506	 0.5597286251888223
-0.9601615223612813	 0.09844165163475739	-0.26153220107720565
 0.5154356787635935	-0.32934762757553443	 0.7911107389410668
 0.027838389486310774	 0.6100061945036306	-0.7919074862242479
 0.486088907382019	-0.7094166605353769	 0.5103386874174727
-0.9897687921057143	 0.09604220978353867	 0.1055160277564029
-0.7263397676576296	-0.5494318440223304	-0.41298328137260243
 0.68578717566709	 0.7264324210563118	 0.04463056496193096
-0.8717271469853971	 0.25502810085966604	 0.4183926970928291
 0.8049195849092419	 0.16687822793160226	 0.5694349118836515
-0.9074674502591218	 0.09377067025373478	 0.40952397746697744
-0.05069992209882964	 0.0026531063833664017	-0.9987104079390037
-0.059525230346259964	-0.8139582551160818	-0.5778656469116399
-0.5618721473536241	-0.1362343952518992	 0.8159288446786133
-0.19481365026055622	 0.7824401748295431	-0.5914685236636621
 0.30620341276627855	-0.6839931094209845	-0.6621124498715436
-0.06635514898916856	-0.8516811190406974	-0.5198425393060966
 0.6643889851860044	 0.6341386501333947	-0.3955444965746675
-0.6766902600617541	-0.690311065268435	 0.25604867721883284
-0.3859293902825478	 0.28245698576411316	 0.8782235233180631
 0.727991306382817	 0.47467536450108117	 0.49468369304718895
-0.6264419096987022	 0.577727345422826	-0.5232605929398255
 0.6173405117418196	 0.2846278045888668	 0.7334014626500756
 0.23845066026200099	-0.9097879487932363	 0.3397457444195753
-0.14599574662920972	 0.2997677423204109	 0.9427749162076298
-0.9932320384847529	 0.09348687964888394	 0.06892257294194182
-0.8349703500582648	-0.5481064653002518	 0.049028738711521136
 0.09233952693011217	-0.9943681413316128	 0.05201356814367619
 0.34183442982887097	 0.7348446261547429	 0.5857922822938748
-0.9518875475058789	-0.1303677662553565	-0.27733435132495177
-0.6643738379062681	 0.6876520606153241	-0.292817429531089
 0.08636416519572611	-0.10481914642939255	-0.9907341608685243
 0.2948174477061931	 0.897709253043201	 0.3274152860338444
-0.3547955945720427	 0.8404996990024673	-0.40948790220106934
 0.28959762756104224	 0.5919413418208738	-0.7521560090528556
 0.2894101884162505	-0.6502800465816605	 0.7024084309421577
 0.23537473652629343	-0.5653820968739367	 0.790532616619712
 0.26137102257841843	 0.25543391239688	 0.9308268931191959
 0.5322728474953646	-0.5067296992099866	 0.6781671090208761
-0.7304724311693123	 0.09896983265880797	 0.675732935060207
-0.3760892340501353	-0.8707865523337733	-0.3166822829055065
 0.5841909339949977	-0.1958835296185531	 0.7876233842784441
 0.4068428654536056	-0.9096060764342131	-0.08423579134462944
 0.6518406592757227	-0.13457124972525158	-0.7463205301091316
 0.6105178024949875	 0.5931707424837188	 0.5248013749010239
-0.5631252285390601	 0.7878355163475456	-0.24940965531476067
 0.9689482141225786	 0.2387988963164174	 0.0641439433362696
 0.2118515613762214	 0.7578756957871816	-0.6170440386856944
-0.3184402655073395	-0.9266591942843249	-0.19974617631369296
 0.9983539062560323	-0.056583608589754725	-0.00936873002508909
-0.5655466673949207	-0.809168444102902	-0.15938442855745927
 0.8029419962915908	 0.5950094223616745	 0.035326164412534444
-0.9641970538472611	 0.23813379931038925	 0.11668905252105444
-0.6118958050224327	 0.7447854046536371	 0.2662296467542016
 0.08292854204333985	-0.19659546641984715	 0.9769713811047531
 0.9454914236067312	-0.30414108369571513	 0.11637941868952995
-0.6119656844159335	 0.5470215240023667	-0.571196510296996
-0.1799319055245229	 0.38771118607119215	-0.9040489729929366
 0.3607337596804992	 0.18928195673176537	 0.9132598181692688
 0.7542647304262792	-0.5701518949567446	 0.32559412327652004
 0.3169329978523754	-0.2816554586468274	 0.9056620106235833
-0.9658330866235795	 0.15513571351092179	-0.20760385154574212
 0.5629803728725354	 0.7259464882370149	-0.39503771462563764
-0.40749556759831695	 0.019083804640465746	 0.9130077605300899
-0.7083028327969632	-0.48968622183093036	 0.5084432133490879
-0.8900095960634442	-0.08943600406375755	-0.447084019052451
 0.0397689902420612	 0.9709110996939911	-0.23611451439107145
-0.3824163945731575	-0.896876489502498	-0.22219420275817914
-0.08356041020558382	-0.9850810130089789	-0.15044286508664517
 0.7156908386759833	-0.033830252965434515	-0.6975974035355654
-0.5960580221267375	-0.7211434798693991	 0.35308202404004563
 0.33290575646751797	-0.9316111076305941	-0.14585781244104545
-0.22080984311876262	-0.8879602895498027	 0.40344706885104253
 0.2285479040957064	 0.825202895836625	-0.5165327058728308
 0.8789293918805378	 0.33049097503043623	-0.34388782983981825
-0.3637803602175522	 0.5234490784198365	-0.770496535891896
 0.47980100232938416	-0.7998441752134541	-0.3606110003047991
 0.41267055085813736	 0.7542599978658916	-0.510680792740227
 0.6676264865468414	-0.07249340036566293	 0.7409585557671521
-0.6048383110023464	-0.7941544796021014	-0.05907012842160242
-0.3079932025672414	 0.9400258601948521	 0.1466000318461853
 0.12833727267319997	-0.3315822398868198	 0.9346564944590308
 0.5184459975621976	 0.5683411633936066	 0.6389069334450359
-0.10319709119435709	-0.9890399455612188	-0.10559520090082164
 0.020902421999341385	-0.7347364416961342	-0.6780305671562785
 0.5582750126209595	-0.6297635943500458	-0.5401174182660455
-0.30763950910038657	-0.1390039387609722	-0.9412947665048441
 0.49621343859811495	-0.16318861407288054	 0.8527260401744556
 0.5710637768931625	 0.7604172757676758	-0.30927613783572605
 0.3733743603555758	 0.8893348673414367	 0.26396037725358257
 0.04668432802926297	 0.28859233098547954	 0.9563132541237853
 0.6377741799689484	 0.7676565656980093	-0.06282907372923296
-0.30006020607855927	-0.8513351779341642	 0.43033973502326894
-0.17682593260728094	 0.29566573968840276	-0.9387834467714453
 0.5978578775112287	-0.770980104056065	-0.21944392779812283
-0.8055375408218217	 0.07106419536994055	 0.5882679240474997
 0.42092745033263224	 0.36141641157895665	-0.8319845305039388
-0.12359740836756623	-0.7433288500388971	 0.6574084737396315
-0.4587875649871869	-0.5275409617327679	 0.714992660037286
-0.24022334946735685	 0.786458546265625	-0.5690129149469667
-0.9123641079340227	 0.15722358582057186	-0.37798475976615253
-0.29913660218970733	-0.9407626552501808	-0.15963370482772832
 0.9185792816954843	-0.2944172465076289	-0.26368653397296216
-0.44442796174165733	 0.8957549387915058	-0.010338106827733062
-0.30622984137924925	 0.44261478466829446	-0.8428021337430744
-0.2941223120920461	 0.9302267954699195	-0.21947704781911415
 0.48881128851569106	 0.3250326042537254	 0.8095784893335982
-0.6059396661884212	 0.3817005511734551	 0.6979554499918639
 0.4967025228188555	 0.26942832668433025	 0.8250424113980239
-0.8584318744298213	-0.36203216583642256	-0.36335578688482806
 0.8308481766271114	-0.5550155410131186	 0.04060857827257047
-0.4851540371754712	-0.20182967686715172	-0.8508174550090299
-0.1627024459583619	 0.23417370632227189	 0.95848348412816
-0.40743545499705114	-0.8013829885503068	-0.43792882489455387
-0.8159888277903325	-0.5682952921361049	 0.10584277895680128
-0.03743747820551962	-0.24931338272463405	-0.9676989575379378
-0.6459792401219486	 0.7556576052175781	-0.10813142470301873
-0.24303091904539875	 0.9505815832233145	-0.19321135066192596
 0.02439785469618992	 0.6253362990673209	 0.7799738827390374
 0.47083244458430307	-0.5384022737860382	 0.698884683412645
-0.678492094602779	 0.7241264752717459	-0.12365001161363054
 0.14132672437929422	-0.4347971501469591	-0.8893695492877536
-0.03969298888106541	-0.9921812480763453	-0.11832513511233889
 0.3840257253070608	 0.44973339258334377	 0.8063895571607198
-0.17508430197742106	 0.6246503249362304	 0.7610239541290018
-0.9515181199176528	 0.2962009440352913	 0.08293532553126814
 0.2500649325937564	 0.8021279270324733	-0.5422714432472608
-0.007400860510582677	 0.183308986633957	 0.9830274882641556
-0.34519372191729336	-0.7877879328440478	 0.5101288731430407
-0.9685315252796953	-0.07895847993132854	-0.23603441059794839
 0.8413465769759564	 0.12487344998813016	 0.5258731395487919
-0.4456145317644631	 0.8943109805287647	-0.04044204725304734
-0.4853744056877827	 0.8650895847572929	 0.12661633641709225
 0.9004123565704125	-0.4303927727905311	 0.06340070397869901
 0.27156919241511024	 0.9421086222400806	 0.19667617454054276
-0.12329365473299225	-0.9858798920505172	 0.1133115755474352
 0.1470324408044317	 0.2836321904484802	-0.9475939224649388
 0.34777801776946704	 0.5898546840504446	-0.7287811070960131
-0.7391897807368872	-0.4453312508057038	-0.5052509723988465
 0.8829212282188356	-0.45109536172122067	-0.13024238708709301
-0.7089941353080373	 0.5912642273730442	-0.38436171704237876
 0.45885291330018735	 0.822417662602998	 0.33627844443935473
 0.6695097717946721	 0.24959057700417228	 0.699615043679144
 0.7263672883978847	 0.6809758849457154	-0.09307204987483741
 0.22053416336705886	-0.8874290867302532	-0.40476449796529845
-0.5887028012322839	-0.8011141720798706	 0.10791244188714111
 0.8760249697666445	-0.09175536647484972	-0.4734566559553428
-0.01563413618366925	 0.9198365486048288	-0.3919901754337052
 0.7005934978960328	-0.5341889761987727	 0.4730865548855818
 0.7464009784559246	 0.6223032604915039	 0.23584789874341006
-0.5952659519441387	 0.8028777174414743	-0.03233909850330541
 0.0779458504192606	-0.7024821561343457	 0.7074201472358976
-0.461215717757849	 0.6916122035813647	-0.5558350668592629
-0.20023077616615625	 0.3264492684842122	 0.9237632334002157
-0.7265051785380593	 0.6776965793475255	 0.1136554965588803
 0.8839006720804625	 0.19663907450710097	-0.42432614375347844
-0.9334263276203278	 0.26198963191478397	-0.245105535788942
-0.06185552916554706	 0.637209292409198	-0.7682045373330071
-0.7326585185615893	-0.6428114283794152	-0.22361789446274916
-0.9825373801870246	 0.1637470212080619	 0.08835841544926404
 0.46341033004433957	 0.7691459385421591	 0.4400743019449074
-0.906987182390461	 0.40270184940492465	 0.12331046778463772
-0.02348405323972111	-0.6408400204303384	-0.76731516827069
-0.2961417251113277	-0.8283876314541468	-0.47547240792907774
-0.18627362163418884	-0.14775811539149003	-0.971323672736971
-0.2987232056237213	 0.0767559184603452	 0.9512481145333203
-0.22077187389945957	-0.35159536215386256	 0.9097474820008107
 0.10020300237553982	 0.8924752327712491	 0.43982646260182223
 0.6189627857468243	 0.3333429687785431	-0.7111733508972609
 0.10269871461669473	 0.8085791062019053	 0.5793555066017813
-0.9431787451581282	-8.419218621903391E-4	 0.3322847361067265
-0.4794545551688786	-0.8766390685372816	-0.04033947250398984
 0.38321504058913575	 0.7170012347290534	 0.5822846915927637
-0.040485303082967994	-0.5508529302712819	 0.8336198110924562
-0.2347760832734793	-0.4749568056404557	-0.8481133317538279
-0.006352943624030897	 0.8990884287207508	 0.4377209584287247
-0.08490577149375926	 0.9912293869177115	-0.10126851671564752
 0.16241924065840294	-0.8625389980478371	 0.47921442706849016
 0.4615471031574325	 0.7807620226046131	-0.4211709102316257
-0.05307786637508266	 0.995783413216204	-0.07482067939116543
-0.20356714935703327	-0.968973671850141	 0.14018002341242042
 0.8077758156620402	-0.41538961187313495	 0.4182698913135059
-0.9844104477918575	-0.1720230510981382	 0.0366625172229349
 0.04187446387239184	-0.795779640071484	-0.6041368170564505
-0.6195540715941771	 0.29889336091737084	 0.7258205778087279
-0.709391753620094	 0.10974949192146882	-0.6962171995281268
-0.88769963542509	 0.28717174722242006	 0.35989129589833735
-0.9840812777721126	-0.04183021082203284	 0.17272600325657517
-0.3339983424811637	-0.2366312397913715	-0.9123873977508861
-0.38039233442442316	 0.5612836161866342	-0.7350254241259908
 0.1538711199553757	-0.7485799286563831	-0.644943229173299
 0.7242888387388438	 0.4757396319121692	-0.4990766280907284
 0.6045972902299638	-0.7863518435246744	 0.12693657799047076
 0.9653740144942007	 0.253736604750369	-0.06058669448901988
-0.5273945745539501	 0.8483993505393881	 0.04553575227667084
-0.4752716726416696	-0.5157723540396874	 0.7128083304737318
 0.4657950014934557	 0.3836875303057306	-0.7973825278193651
 0.20821149756647436	 0.8448706393018979	-0.4927895850428743
 0.8875075020074571	-0.18873665792362654	 0.42036758656716566
-0.32312463398998115	-0.17434779075289605	 0.9301576848945694
 0.12081578024144493	-0.6827084964908413	 0.7206335102282337
-0.9007799523943132	 0.4273237239516889	-0.07739452378921774
-0.6676427223922942	-0.7444448338560693	 0.007421898787734804
-0.9554333717104584	 0.15529795282433642	-0.2510570016361928
 0.053773565559834834	 0.4411492394339787	 0.8958212724610888
 0.5077158729655616	 0.8606750140959634	 0.03825065293208696
-0.4071048412377517	-0.09156492884979724	-0.9087802330847192
-0.19211077238482008	-0.48709578581028634	 0.8519572445725005
-0.6926890899851426	-0.6786696026567418	-0.24410939155488376
 0.3767461597816797	 0.43559435026062293	 0.8175083443676785
-0.9882639405469921	 0.11162529559416526	-0.1042793229650365
-0.1035917230522615	 0.004173322740574704	 0.994611149290197
-0.9787558974922613	 0.20069404012830425	-0.04193799448110025
-0.7352460266172676	 0.10301524052212208	-0.6699262202389826
 0.815487622378097	 0.36691026905074836	-0.4476123235716658
 0.7225619859262731	-0.026715010099733517	-0.6907897543606532
-0.7586185723883424	-0.4309651136100729	 0.4886378336544668
-0.6005257550160261	 0.3345910705516137	 0.7262352463696298
-0.38016192476228194	 0.4158635082330051	-0.8261564340251635
 0.2334598096286236	-0.8979686755598472	 0.3730265071029948
-0.2815015387237208	 0.9417192049563475	-0.18417877921346482
-0.8602135694590973	 0.49681698484773684	-0.11491517952491126
 0.38973360361268133	 0.909189225969153	-0.14656967488769967
-0.12620930063776628	 0.11361415423476715	 0.9854760455688634
 0.8722479081198498	 0.22563122708534075	-0.4339056765525311
 0.3253546008747884	-0.15980166056010106	 0.9319913159315603
 0.3617382165596932	 0.19812456484256538	 0.9109841488665742
-0.20765811132073317	-0.38257884778189716	-0.9002841407203517
-0.3046084575873795	-0.905815626410547	 0.29446856965847124
-0.07855424586825978	 0.7295967903027019	-0.6793509800067004
-0.3193441718807508	-0.9251687461490589	 0.20513919916675039
 0.8249544726192163	 0.5460091348212243	-0.1460278836295621
-0.48986673167412365	 0.6499046269251025	-0.581080511719551
 0.02820357392755277	 0.9452979920298666	-0.3249865607713882
 0.3219436269766086	 0.45093551542158955	 0.8324718986131674
 0.0508991918237905	 0.9876898570336299	 0.14791219890385232
-0.30782388196175126	 0.9449836775301896	-0.11068110450983237
-0.4044731039368535	-0.04249549863328011	-0.9135620618149576
-0.2485779990831291	 0.06829121740913884	-0.9662014738120646
 0.9567252062927039	 0.014594669697579827	-0.2906266939917974
-0.7341223525016359	 0.15463013507331685	 0.6611761436142956
 0.5454679130342037	-0.8358853381232298	 0.06132256811912007
-0.11478211453529791	 0.7697517712989103	 0.6279389116506444
-0.41315845129686873	-0.11600784800541512	-0.9032398758486726
-0.663574881841843	-0.5130165893917864	 0.5445019331438625
-0.31093586962262526	-0.9321702498235912	-0.18541173189915794
-0.9417746794885161	 0.2651758264055851	-0.20674195066414924
-0.16084917912909524	-0.8942916438080044	-0.41757633719916853
 0.6739539122036742	-0.5421152797265667	-0.5018935621347904
 0.4061855925396632	-0.1808722003769124	-0.8957111764090122
 0.36373780663381866	 0.7746590845212722	 0.5172988602286721
-0.19459783734865368	-0.9115073298505467	 0.3623341956370576
 0.4502049841998088	-0.8908830901352999	-0.06035554583158875
-0.7584273887487083	 0.5772148510017892	 0.3026729452375916
-0.6140871354253443	-0.6375757471298984	-0.46518185344749474
 0.2639298403163576	-0.060553842549785346	-0.9626392219014546
-0.509900153262362	-0.05794722294211342	-0.8582796473506269
 0.007931610927099575	-0.4378584066184606	 0.8990089572977813
-0.9966572814825388	-0.03344080962061666	 0.07453841640223513
-0.2834292044242388	-0.940278711258104	-0.18853071695148782
 0.35129793299356143	-0.8920349855545414	 0.2843648129096856
 0.40998534575162116	-0.27224154810440493	-0.8705151094350061
 0.7162419398615248	-0.6571197795516923	 0.23492781637204052
-0.27025906766205815	-0.8960740169455109	 0.35215251312687146
 0.1799328323811747	-0.9553932356414996	 0.23419637299017704
-0.03677297118363435	-0.3669942163703791	 0.9294960966787429
 0.7145169429529958	 0.6275235966830113	 0.3093213116471656
 0.6494766633885007	-0.0548091330690519	 0.7584036014194282
-0.6965605916982929	-0.36011627895794956	 0.6205800574643086
 0.9146579203777565	 0.39257396223682	-0.09636686600653444
 0.620455588061541	-0.7751136118029979	-0.11930528924116857
-0.6070617624787882	-0.5415530812953036	 0.5815464527238643
-0.3295662798734054	-0.6096575293847597	-0.7209048231457986
 0.6903372630008959	 0.5144674190066965	 0.5086823548080079
-0.8382436151120138	 0.545258305548124	 0.006404838384425737
 0.6015132665009505	-0.7208913866050284	 0.34423451154995477
 0.837178336805601	-0.4051772809079458	-0.36737420080818284
-0.0732475675047483	-0.5133488384283534	-0.855048398594429
 0.7731295530750164	-0.5515174315188724	 0.3132079451304697
-0.3108208765197918	 0.8065049251196512	 0.5029315942324701
 0.782391626185994	 0.6175771681709236	 0.08038522642885715
-0.6612356247265725	 0.6628742866023392	 0.3512337238277372
 0.6052794074354426	 0.41848558897638694	-0.6771311916856926
-0.0448612478631549	-0.7119322842016266	-0.7008137349907
-0.40508148400784244	-0.9136175979985091	-0.03481200858093092
-0.8585123317844255	 0.47163864913318954	-0.2012798072780495
 0.060257074939450386	-0.5564794943298121	 0.8286734322458866
 0.4056098293781771	-0.7262711844736497	-0.5549872367136457
 0.4076206492846857	 0.420214689346537	-0.8107188298874799
-0.16103683474806393	 0.946639877882408	 0.27917750528490703
 0.8851832990446727	-0.2985192402727513	-0.3568428089220361
 0.9961021810128792	 0.009526327371501159	 0.08769090071493313
 0.30878348595536703	-0.018512654902677957	-0.9509521756690533
-0.5064058770860664	-0.602073156006568	-0.6173013870622539
-0.8200541213190979	-0.19685954030562544	 0.5373616654528122
 0.03699155307357278	-0.006030208254139215	 0.9992973839601587
-0.9053998832172121	 0.22681597623198166	 0.35889492110671006
-0.9280498849214354	-0.3675353349777956	 0.060342262470595376
 0.719327166479996	 0.06163257776963597	 0.6919319713102798
 0.5858461552001777	-0.6829663947468864	 0.4362810860942856
 0.017170128579693265	 0.8246646362882116	-0.5653613219350864
-0.3941740592890549	 0.8890022142622024	-0.23302762501576857
-0.10644638975080904	 0.8705837192477449	 0.48036772777715053
 0.4756535852842822	-0.6295019752528119	 0.6143947671969678
 0.10187819876132759	-0.05453200541813532	-0.9933011089303303
 0.07647872193613311	 0.9219799812188111	 0.37961022025595703
 0.40087179611494167	-0.9111680799841861	-0.09526034378224968
 0.18346548597148615	-0.628690273714692	-0.7557042776071816
 0.700477624872558	 0.612329333045714	-0.36658407622902955
 0.8622111632381818	-0.2927490857219714	-0.41338829542744815
 0.557759629884326	-0.6593195811186594	 0.5041843762204608
-0.1507039028854621	 0.9858704959563183	 0.07312796221646156
 0.48483061577095765	 0.8158366339009131	-0.3151981294303339
-0.05680787973707522	-0.327959111629129	 0.9429823359423073
 0.3288657660161965	 0.040458890883034254	-0.9435096110221108
 0.9768951549686012	-0.17505611279911365	-0.12260184978431932
 0.5944200472240224	 0.6546292625583277	 0.4670389020847525
 0.6761268242580702	-0.678529060869944	 0.2871425274557018
-0.6044994942516764	-0.7893984906421301	-0.10691297592619176
-0.76307729331467	 0.6292411549708434	-0.14754190360204822
-0.1858809821491595	 0.8775632970470018	-0.44196257777243986
-0.5358778904956807	 0.4498758046369722	 0.714455489782349
 0.4759692164618489	 0.21707635324641725	-0.8522506449642209
-0.007534630137224039	 0.987713530647422	-0.15609359604000272
-0.8984998074739359	 0.4324090044324724	-0.0756343100386212
 0.0723566841663459	 0.5918005791227816	 0.8028303586726102
 0.2057898643222187	 0.6173054903679461	 0.759331589823466
 0.6027450839622415	 0.7089290701528529	 0.366221158934819
 0.019674910052800674	-0.4557998826843924	 0.8898648014498092
 0.6911145558491869	 0.11024725572877664	-0.714287206449657
-0.24525907838761032	 0.7991380992288729	 0.5488408538267937
 0.32880746553067614	 0.9330333210425824	-0.14606324806583837
 0.8699342245968871	 0.1370580163220341	-0.4737399550775532
 0.9480362021175419	 0.28938600791187935	-0.132223666184889
 0.42329609260513196	-0.4081741666697364	-0.8088351300782464
 0.4037880745065226	-0.10043589488734322	-0.9093227270361681
 0.026555646909804168	 0.8854801580794204	-0.4639177591608734
-0.21122796674604286	-0.9011244946059628	 0.3786256611555543
 0.7955816677395195	 0.09573123985230227	-0.598235187591925
-0.47164690315497526	-0.481620449036004	-0.7386412808763665
 0.016077526517822693	 0.5973911058717338	-0.8017888623362235
 0.2785741324720143	 0.033624838880052556	 0.9598259336607629
-0.4729096421581863	-0.2616901903500615	-0.8413529073036858
-0.3538866597704936	 0.7393113196364541	 0.5728725902798
-0.11057630806725814	-0.8879987907267918	 0.44635303041647467
-0.6754858199579269	-0.5592605348720578	 0.48056899730463987
 0.6120332797606068	 0.32696815711944854	-0.7200743633093643
 0.11436376788908041	 0.4442697939075923	 0.8885636042599978
-0.17293443232799624	-0.9209392865050836	-0.3492341802958314
-0.4350088096956936	 0.2028029005495767	 0.8772903276657131
 0.16055778206121543	 0.9709739403398301	 0.17728735375239646
-0.944410475595489	 0.06726701150879454	 0.32181361492046645
-0.5625837696877407	-0.021662828921140916	-0.8264564259094755
 0.5859801480964426	 0.7116941636773568	-0.38745152396713944
-0.3310780856291562	 0.30094527821238504	-0.8943261377919149
-0.8418531366078895	-0.4863191447806153	 0.23404483716439706
-0.6778434571623573	 0.06612003615233805	-0.7322270060585017
-0.018532952485397866	-0.31629515830412924	 0.9484797849746402
-0.915284023351537	 0.29846294755502917	-0.27050882709107094
 0.6425558482907363	 0.642477466605013	-0.4175460294772022
-0.9155588870400238	-0.09470465551336005	 0.3908745995663172
 0.5132773354800169	 0.3792927463744595	-0.7698593309366679
 0.7860007344407571	-0.5254981239099555	 0.3256602020906263
-0.993859367236564	-0.0911089950902545	 0.06279099592919901
-0.3767551709831241	-0.7782086323262941	 0.5024409076800134
-0.47746338432600305	 0.8695776861481954	-0.12594984867442371
 0.7904007200434267	 0.25677139009555283	-0.5561790673723974
 0.6139099996182975	 0.7893403370018169	-0.007506314043517648
-0.8812317712712489	-0.22279600155358412	 0.41688428489674756
 0.4362196148321073	 0.8622860931467156	 0.25724529383742234
-0.48637162651354326	-0.8031844878449735	 0.34400191773851785
-0.6481806614785471	-0.44139676487556484	-0.620508441556292
-0.3451697733398856	 0.5201672069959672	 0.7812066975765803
 0.5013030566059409	-0.3348861833754973	-0.7978386363305137
-0.747750705908626	-0.6632047130145079	 0.0320685273827086
-0.31940939278300784	 0.35647989126612595	-0.8780089560618851
-0.12092851969982481	-0.6523546723239675	 0.7482043000546696
-0.5932304597547357	 0.7643595174395861	 0.25265025176854317
 0.3410015482568597	 0.5145493059677991	-0.7867381748806148
 0.9599723978732057	-0.17898705033012277	-0.21544519288136788
 0.16342339922234658	-0.3678333611094162	 0.9154187080465219
 0.8099050745093163	 0.3918754624873805	 0.4364486134522143
 0.8382283715923163	-0.5450886901775749	-0.015859284289947873
-0.9370109985423654	 0.3333917320841774	-0.10421296267044444
 0.8787615513680098	-0.26056978358491045	-0.39985187722430604
 0.11331386851784392	-0.6956282904466886	 0.7094090841903127
 0.24390075032730033	-0.7748184192818603	 0.5832399515905431
-0.7719430289746514	-0.59896677225605	 0.21293840834994904
 0.17334568817713883	 0.9846407233924985	 0.02083070396053599
-0.6002999087692892	-0.19029463865887242	 0.7768062628669212
-0.19477241789107375	 0.056091280291913806	-0.979243316803377
-0.3601402549183716	-0.25012402268949285	 0.898741881777497
-0.691021334667699	-0.5615715766050984	 0.4551119415960605
-0.8324760515159179	 0.2093950476580621	-0.5129691390997559
 0.3208613427733501	-0.9426059931213185	-0.0924226186896675
-0.28815656426411773	-0.15949381842659532	-0.9442073481789917
-0.925950759593999	-0.3736043793542851	-0.055090457745381904
-0.7927977783905189	-0.3583834549124418	 0.49298375411779993
 0.47840812422922013	-0.5353988035110128	-0.6960415130367261
-0.6806427420203929	-0.46783797197434307	 0.5637846128743624
 0.6201931072941786	 0.48214318768514614	 0.618787892765847
-0.7726781784783138	 0.11914110494075593	-0.623517304985941
 0.3985122482490681	 0.128102255594324	 0.9081727809767917
 0.6806631853482327	-0.3075461736306693	 0.6649157684975833
 0.7814288420210217	-0.5904095233072083	 0.20195435040087695
 0.3106395009717819	-0.19170895297350082	 0.9309945100728609
-0.5545459368735207	 0.5822111934189367	-0.5945661697025542
-0.8711871298572191	-0.42672401105744223	 0.24277479926505707
 0.3312281526082561	-0.5247223792588198	 0.7841902419851225
 0.9782021545436393	-0.048149679049887546	-0.20199542879375953
-0.6403583003025406	 0.3103395706791867	-0.7025884984144697
-0.6448493578255862	-0.08125837298665839	-0.7599778829225823
 0.5680488730613261	 0.7100988741484762	 0.4160289253727725
 0.6874513716193762	 0.7100732694838955	 0.1523370067419263
 0.8593753821250646	 0.510301738745156	 0.03265100352316441
 0.46949371949897734	 0.27253008371787846	-0.8398231961667537
 0.7638847635770495	-0.2286388422477391	 0.6034934529806009
 0.06490968490979011	-0.7724604827321817	 0.6317369194704996
 0.40511688004736757	 0.5108839487408386	 0.7582070326893935
-0.3928698072908935	 0.1831202736419524	-0.9011771634370862
 0.638433829042159	-0.2489787913673783	-0.7282937644823049
-0.464153320855639	 0.3926461690218233	-0.7939714608795254
-0.8574278618706387	 0.04296930910654527	 0.5128070788930776
 0.9563878347222019	-0.1518181658246856	 0.24954669727529266
-0.6525653530871741	 0.19460394821856694	-0.7323167096877943
-0.5732804599635735	-0.029176935448978335	-0.8188395573381637
-0.9833102007423709	-0.005462560162640366	 0.18185491346803917
-0.8306159445042324	 0.4485874914137799	 0.3299188010441869
 0.1421611936665631	 0.18381970134754036	 0.972625576679844
-0.9882244847427432	-0.149309650643011	 0.03345139727727009
-0.15165361377489345	-0.21208623416342384	-0.96541214551475
-0.9791627615738759	-0.15833023017553988	-0.12716848886253884
 0.43805604000183573	 0.8940174202472744	 0.09401998783406995
-0.18536115315939583	-0.6571071258165706	-0.7306513998484536
-0.2810996938993606	-0.47072740642824257	-0.8363005864681825
 0.4390281631234634	-0.34760885187147667	 0.8285061002099088
-0.7830118120127711	 0.5862472177349378	 0.20786221866063426
-0.2627941649522158	-0.9648331923832839	 0.006011467586943375
-0.6441973208659817	-0.6789132444382078	-0.35225930550587004
-0.6578634582469702	 0.6234784915735309	 0.42248105383381573
 0.7769104568849878	 0.6178130581263335	 0.12131433217615761
-0.279805465038813	 0.7991993700737303	-0.5319673567129528
 0.48604779858892666	-0.43737318201475817	 0.7566123427100191
 0.790967018809849	-0.5413741140396318	-0.28510567129200326
-0.25831619444450005	 0.7357035007813861	 0.6261094973131491
-0.3316025945699671	 0.9385619443124503	 0.09560960183422429
-0.11652025862899636	-0.1640854463671978	-0.979540196020311
 0.03884918787063869	-0.5901309135493192	 0.8063722747436433
-0.9396190000980955	-0.18643040511642286	-0.2869840391080689
 0.39244353626089884	-0.7441941302839757	-0.54052119967483
-0.2920055556283851	-0.8259141628254072	 0.4822847199803917
-0.11565009456520602	-0.4897422709261998	-0.8641629265914545
-0.2722571090943515	-0.9447926275004259	-0.18232651361891294
-0.6749049002267359	 0.6639059601329683	-0.3220749163624217
-0.9907331404734376	 0.12800482475812555	-0.04541595761713513
-0.9704950197565171	 0.15529376712692258	-0.18445395772204676
-0.5219399934521968	-0.1885325971458307	-0.8318858714081929
-0.7484530930733594	 0.4690676316577553	-0.46882142058560605
-0.6404650832884702	-0.47896510812766424	 0.6003306607899914
-0.5341583358388945	 0.6408708297717848	-0.5513251779135855
-0.9292148923290762	-0.3134540191865576	-0.1957198552259236
-0.1522334882796649	 0.19700084435022971	 0.9685120713607558
-0.7518694229537483	-0.03048407002628201	 0.6586069330805973
 0.2627629492961788	 0.7348647734359319	-0.6252434703698475
-0.7235542262528821	 0.20167566090254918	-0.6601486268039289
 0.11903853478095748	 0.9718427103098801	 0.20335086342267905
-0.182942830983551	-0.7503651067998742	 0.6352040043080154
 0.142136463400455	-0.598661009754873	 0.7882906958548268
 0.6739237647923734	-0.737889047314923	 0.036694864773550995
-0.6567751055865294	 0.7484892116178016	 0.09170801913445126
 0.5497311372840766	 0.30287591325878654	 0.7784997481489713
-0.7199351696784189	-0.1579344465008961	 0.675832865484183
-0.5234600240951103	 0.42627814521889823	-0.7377510054775136
 0.0861788645406208	-0.11808305226447341	 0.9892570930119202
 0.3570492862502379	-0.41045410803377474	-0.8390728409300316
 0.9941687777723996	-0.10650613162985267	 0.01687854341398065
-0.42133646532777813	 0.9013914210589549	-0.09984532551107228
-0.21381014613660573	-0.9523213395173153	-0.21764486602947786
-0.5574634407649733	-0.16493188967648426	-0.8136534790549481
-0.7910896124210556	 0.5801706800972094	 0.19385357122076852
 0.9162207536199405	-0.3377513167987538	-0.21555411997179785
 0.6958084048607598	-0.09682168439689608	-0.7116714306164558
-0.1947464233038696	-0.96830941464084	-0.15636722203922448
-0.45052374433584025	-0.8909733253144085	 0.05652335241118944
 0.6948725177635499	-0.6655504271618629	-0.27238724816262394
 0.6647959546996	 0.1979025279253502	 0.7203339003932852
-0.8475569490422186	-0.06432353370799081	 0.5267918954782458
 0.5374321332007121	 0.606312011722765	 0.5861334716973818
 0.9605808236661775	 0.17882903867011174	 0.21284890446777394
 0.6179629548630818	 0.6695446432162346	 0.41210648764285907
-0.29281137229476156	 0.6031747932236426	 0.7419175621822647
 0.7572639697927592	 0.2470158767325091	 0.6045944398485492
 0.6389289503859291	 0.3611806375617127	-0.6792041986098509
-0.5552864591724932	-0.6661406182680526	 0.4979092537331795
 0.47057286685673244	-0.7412211796352463	-0.4786985897601641
 0.8063084847887779	-0.270581981541216	-0.525977203520128
-0.17615049365525487	-0.21275326664324476	 0.9610967959147707
-0.21430308691965008	-0.9423493281728995	-0.2570057015491951
-0.6068991940541412	-0.7832309913432957	-0.13499104583576038
 0.6395593466402522	 0.0326275872277117	-0.7680490105955426
-0.15903932057243822	 0.12697188440495324	 0.9790733553123139
-0.4703087767800095	 0.41259802804916657	-0.7801105830160429
 0.6105057968598011	-0.7914345016873546	 0.030234112182562667
 0.31904951348488214	 0.3188812835396154	-0.8924808877243184
 0.5681114100937822	-0.22299113217180777	-0.7921643646958563
 0.9994199178840993	 0.022203948724519952	 0.02582271088748911
-0.8348991543499122	-0.5502878401088841	-0.01125589152846751
-0.9558811009641393	 0.260354501235872	-0.13603990041824265
 0.5580822424484285	 0.8289982486218569	 0.036140205389944446
 0.5771007465043794	-0.3526749686494887	 0.7365969690897256
-0.1766439573009608	 0.9760116577503176	-0.1272719776091078
-0.9876505243240031	-0.13009112114668991	-0.08730831576269726
 0.19999782889705678	 0.8023784749628204	 0.5623074349079888
-0.5868727541050187	-0.16720218868451017	 0.7922271130100886
 0.959490170534886	-0.07831513784618938	-0.2706387847871541
 0.5873684079617697	 0.7269768100603714	-0.3556727020209771
-0.578366950664752	-0.8101688013272202	-0.09548918124463968
-0.6172645959193924	 0.5993652475476188	 0.5096525469931952
-0.7021224640619015	 0.586077236259432	 0.40439772328507195
 0.22377956270593735	-0.3162112509960777	 0.9219181916301658
 0.6237826427821066	 0.7362884274782588	-0.26224905362148343
-0.3828400269769064	 0.10491863654652943	 0.9178374548086055
 0.9819262734256365	 0.14220312763602938	-0.12489621310101051
-0.574845501427535	-0.0016892836374930156	-0.8182602249952748
-0.008648675129454773	-0.778305243669391	 0.6278265270719572
-0.3888325691695616	 0.24026126891752977	-0.8894288930606744
 0.7950780953904623	-0.5883843267672055	-0.14715538129805972
 0.05709345594282786	 0.9945766900989047	 0.08693414059166704
 0.612239560002431	-0.1904809708586361	-0.7673849887173851
 0.40084670023544855	 0.6052803394636048	-0.6877191531207894
-0.33082308597256505	-0.9433782508618944	-0.024363119429609004
 0.520316334328538	 0.23613159863472338	-0.8206782441110054
-0.5742227837028077	-0.8165685937975656	-0.059024793943434295
-0.08830312714136844	-0.9317609572801026	 0.3521705215169524
 0.761643516139848	 0.27010056310536074	-0.5890202374556379
-0.6594790875541066	-0.537718800781753	-0.5253054581523369
 0.16842759494384715	-0.10206717006246298	-0.9804154415638666
 0.6625991279900346	-0.10199948905256911	 0.7419962936698947
-0.27194402896786657	-0.9435151826100113	 0.18927637278097098
 0.7403341142408144	-0.5021786194985534	 0.44690271134755477
-0.029203539591800654	 0.9863623748570995	-0.16197659936414577
 0.28153207901558236	-0.1534221943423869	-0.9472071150325734
-0.4006409797712807	 0.08962680393394996	-0.9118409079134877
-0.14244226129491297	 0.9273406733275135	 0.34604837492706975
-0.58860788094013	-0.7712158266608582	 0.24241887550885766
 0.2813301751184013	 0.9354134913899225	-0.21413764894003307
-0.3524302315930004	 0.7080155141490818	-0.6119697407417426
-0.8677905243072783	-0.39908104879475054	 0.2960978257525393
-0.833384449981177	-0.4260736979964484	-0.35203914896670563
 0.38846081928532633	-0.7266309315288103	-0.5666618755710908
 0.5670801625191144	 0.7593255872240403	 0.3191312298477871
-0.3711562325303823	 0.2880139162134524	-0.8827746230614262
 0.4238991466854395	-0.9022225638880497	-0.07939747257079577
 0.9744449113044451	 0.21124815020188054	-0.07636317089511113
-0.020536538943265473	-0.8536435379552294	 0.5204526497919966
 0.7223481150112526	 0.6139716969847585	 0.3182011251415464
 0.2719777819761377	-0.7374180803338592	 0.6182577625133925
 0.18582247510517522	 0.4879025992677155	-0.8528898295639322
-0.2833398105960704	 0.9001619403247724	 0.3307975709132758
-0.2828166821951374	-0.5353634655476578	-0.7958647397824183
-0.4168403127609007	-0.8437243488245064	-0.3381913317311034
 0.5765258661782882	-0.30700437428700383	 0.7572095085219281
-0.8190229981123793	 0.5246266587201694	 0.23231056265938577
-0.5908924282886225	-0.5949284755602482	 0.5448910415475137
-0.10650205571781764	 0.03297119021091312	-0.9937656729551261
 0.69279128499376	-0.7188401727479301	-0.057524268621345964
-0.14178328497686093	 0.6650515525064998	-0.7332147929562418
 0.5484419067301605	-0.7977788071592502	-0.25052035803453143
 0.6646565689051227	-0.42014753542268324	-0.6178249702703147
 0.5564210743197344	-0.7466014501279361	 0.3646667831318551
 0.18815252173508173	-0.9484753527462639	-0.2549375095931934
 0.0456183892104863	-0.11980825110698806	 0.9917484285505702
 0.6694765777413904	 0.30296488566774055	 0.6782428694118421
-0.08186349632354925	 0.9957722760046965	-0.041664641005421776
-0.22616569216765772	 0.28920031967495075	-0.9301678637677344
-0.9534392635073076	 0.19187321789320316	 0.23267625374745515
-0.19718188483740282	 0.16947294769032695	-0.9656076968899538
 0.9732309347944088	 0.08674479932905102	-0.2128306541562186
 0.7014712438311602	 0.7126545273674968	-0.007849757994659257
 0.8082473750506872	 0.41733482347309725	-0.41541283783767735
 0.8160804337635602	 0.535789189009269	 0.21666257306943693
-0.503775919326715	 0.5661929570648819	 0.6524073562404458
-0.39981380331358685	-0.26313199124629727	-0.8780150783800258
-0.984798341076181	 0.16962653803728986	-0.03740407741256968
 0.1395096996469788	 0.7414057438948007	-0.6563951299516222
-0.598955744507148	 0.46959076085753804	 0.6486420688169452
-0.04772644482682106	-0.9987745003013051	 0.013102824583687278
-0.22469911926394134	-0.8167750154054254	-0.5314027474632363
-0.19476996729544385	 0.8634619814466387	-0.46529352718039885
 0.7659491467853917	 0.08179785533451393	-0.6376762622219871
-0.8744605096134133	-0.3280099838365039	-0.3573909171065013
 0.8310934010413478	 0.10097983648115035	-0.5468883170902132
-0.3105670484171431	-0.7744740788180645	 0.5511243141763702
 0.0528738688079967	-0.41501621694331803	 0.9082763311191873
 0.4420484454010181	 0.8055593050835834	-0.39454705411623237
-0.7082482046740447	-0.08924105983960245	 0.7003003025950345
-0.0011591453985622564	 0.04376714744546221	 0.999041086835988
 0.16431679760581522	-0.8505649736913633	 0.4995390030357789
 0.4195394632744552	 0.894268791676498	-0.15578821197009196
 0.5049050810396645	 0.529794399792447	 0.6814607494851708
-0.9855958029938859	-0.03255391907087364	 0.16595528154886852
-0.6997653880399574	-0.6676329021004656	-0.25415489319349716
 0.4545119838789183	-0.4553862120004279	-0.7655339668691072
-0.63168226821439	-0.37646263115379414	-0.677682373511578
-0.8588873248013945	-0.5086120957401578	 0.06021876254381442
 0.92647507279671	-0.01514190657114965	 0.3760514089213356
-0.6647783177528891	 0.73101131800602	-0.15392284168615222
-0.5082406389025454	-0.384572517610886	-0.7705812297651411
 0.6188793881937872	-0.3043329607957295	 0.7241337941583645
-0.7682144915936694	 0.2713731686100882	 0.5798302322783806
 0.798661657302138	-0.5673326986881232	 0.20068175341732863
-0.5658386065140613	 0.07659146448883414	 0.820950923591466
 0.8380696751178205	 0.3805511547971698	 0.3909220360000847
-0.7477292290569223	 0.009447730971913584	 0.6639365484693722
 0.3544089814748673	-0.6680598317399523	-0.6542861262976112
-0.09987448923515532	-0.7142641309637262	-0.6927133877864999
 0.13396755573742175	 0.8203975313102048	 0.5558782102492077
 0.6226621723896281	-0.0365357455369775	-0.7816373573295268
 0.9976922418069166	 0.018715872755296636	 0.06526796109345456
-0.2379310093262225	-0.09550601998816603	 0.966575105693823
-0.8399915397967389	-0.10662078652278441	 0.5320208839426948
-0.8454195865133411	 0.1510225888306702	-0.5123064516502731
-0.7114603284263048	-0.7010770969304793	 0.0481155404735929
-0.0598616665055161	 0.7482684198577942	 0.6606897552760314
 0.8244872899186068	-0.07746945162377727	 0.5605525781117973
 0.7563976888797053	-0.6382952475835598	 0.14297451930215632
-0.06915083633252697	-0.9403214490525869	 0.33318723607928846
 0.08336722677328058	-0.2556965520814618	-0.9631558434406058
-0.07736573411704903	-0.2911052879831263	-0.9535576828345473
 0.5258191704999357	-7.249354992935581E-4	-0.8505960700610375
 0.4940785921085141	-0.16900089118051945	 0.8528335380367371
 0.20277368698893894	 0.9105745257095491	 0.36019004010902544
 0.1655004795835509	-0.9861531978154463	-0.010557542137440423
 0.2613913894697503	 0.9623274666677308	-0.07483574285019468
 0.7605790132519414	 0.23344543520507982	-0.6058240614094275
-0.6370244319448208	-0.6446061228914057	 0.42270890626563373
 0.38885018176622427	-0.42165521379534804	-0.8191473718565991
-0.027233546771541568	-0.8577785817060086	-0.5132974173874931
-0.45059548481467704	-0.3984761103775231	 0.7988620021774888
 0.7138818775461636	-0.515724144691795	 0.47371011335317825
-0.5802411398107774	-0.7793985044294103	 0.23634337512248682
-0.53637171946931	 0.33238495349591674	 0.7757742076423095
 0.2706204843228506	-0.9215324956357002	-0.2784643836333547
-0.38226508507081985	 0.8410554143248403	-0.3827521322875549
-0.42438916027171386	 0.9047973206847851	 0.035151801170118846
-0.33348094289978336	 0.9328317027102319	-0.13643853979503406
 0.1502210685194575	-0.6234013367905129	 0.7673359133135069
 0.17727212465276046	-0.7628739574846892	 0.6217699886716508
 0.9278496153139129	-0.08106290874104932	-0.36403831692318334
 0.09193340739089258	 0.6279313312762519	-0.7728198314013002
 0.24272818675095872	-0.9126965329991923	 0.32873707732448776
-0.7351950788524707	 0.3384599003101896	 0.5873100475158977
-0.2702372686430271	-0.5907948964264217	-0.7602191848360906
-0.10663453260202808	-0.5986434861149361	 0.7938860453420902
-0.28507158624799045	 0.17689767973135406	 0.9420410827664141
-0.6514399561565993	-0.6347876142031909	 0.4155366029327727
 0.21999475469120527	 0.9373543735110815	 0.27012790742165893
 0.2808902055232279	-0.14777947371028743	 0.9482942157321372
 0.1518603046672231	-0.8429199333402673	-0.516163185285446
 0.039173506661947695	-0.8807121007017022	-0.47202927033543274
 0.3928497148700036	 0.9087534501598459	 0.14084128779989769
-0.537420039590703	-0.8197596726124887	 0.19792367267356537
 0.1752549869794217	-0.15488821552656667	-0.9722629943743815
-0.3938364086928211	 0.4899980323513098	 0.7776855479432454
 0.5118590973911011	-0.8309024737016613	-0.21817732149429991
-0.7214765191204277	-0.00907506720394676	 0.6923794303076276
 0.5850580886488489	-0.4392990629741809	 0.6817062169120671
-0.008137755499159644	 0.018303855772708464	 0.9997993527699884
-0.7580422637518563	-0.4269611970550981	 0.49302744606688864
-0.12216742734964671	-0.6950407665723027	-0.708514962790028
-0.9119591994176518	 0.3422313286641672	 0.2262921480703084
-0.2675757709371464	 0.4463361404515389	-0.8539246199368045
-0.34822781877431	 0.4836863361171528	-0.8029850026527587
-0.2770242844041794	 0.8835254966696893	 0.3776774319242957
 0.34642796831455863	 0.34056497760739873	 0.8740727422799084
 0.6965785209423034	-0.5596704126279824	 0.4489403004750818
 0.5445377109946582	 0.766896815374263	-0.3396291446173483
-0.44316447241926815	 0.0888891043638028	-0.8920224086371107
 0.12089185047135287	-0.9922311520038762	-0.029368375553862958
-0.20006721580754117	 0.8755451761124003	-0.43976556680272805
-0.9420102010478937	 0.22859317566817125	-0.24568667273510725
-0.9510242556915424	 0.07101556724335434	 0.3008482246838964
 0.4576068501519687	 0.8881323183864809	-0.04262576370516191
-0.8290420503098953	-0.5482590742895875	 0.1100057556543721
-0.2674926357468506	 0.6874222874016691	-0.6752024056567483
-0.7295099943588329	-0.2026743803685396	 0.6532520674845232
-0.42825247255188287	 0.8019536226703128	 0.4164975472186605
-0.6579669358949356	-0.41151822414242295	 0.6306601798652713
 0.25735275147540415	 0.9313574035140506	-0.257571248837297
 0.8739842147769963	 0.051452477401265455	 0.4832227590769185
-0.6617349813639857	 0.5416106362432147	 0.518425243547636
 0.677456634278535	-0.19869274827100394	-0.7082186812394282
-0.23466584284353087	 0.6718845630747067	 0.7024977409959734
-0.9517936130291218	-1.898622606601701E-4	-0.30673911088951855
 0.8301186434013431	-0.46481434170189023	-0.307978352527823
-0.4765624888127021	 0.7874396120436065	 0.3909310062418403
-0.644133860982499	 0.6824626049974543	 0.3454509544289426
-0.40992944326709324	 0.3305042446465088	-0.850132222547394
 0.45577358467416795	 0.30033407695473924	 0.8378961043787014
 0.8879241193282845	 0.45770975963564603	 0.04574422640475473
-0.6753392254094699	-0.09083270541000367	-0.7318923078235191
 0.07990929130622666	-0.558760108525709	-0.8254705605188319
 0.4079125983163014	-0.11992456616173805	 0.9051107172969297
-0.12215060604593823	-0.22198057388540643	-0.9673695541312615
 0.16272215822350988	-0.8481990446667547	-0.5040633688828102
 0.7525059310648444	-0.008016172042826317	-0.658536684398076
 0.8142498838423201	-0.5603688512208191	 0.1516043444107975
-0.15050206319144643	 0.6040500595286935	-0.7826063215681942
 0.7424356416928797	-0.6697854518344096	-0.013295354642038903
-0.3350124626985524	 0.9004408730837898	 0.2774398744174189
 0.9681285697947101	-0.23319773873290145	-0.09135582628990058
 0.7085833876891372	-0.47359524467100067	 0.5230842445686936
 0.6308722905688542	-0.24613704580288484	 0.7358102389039145
 0.3493214364447917	 0.6661105892134228	 0.6589925773314098
-0.5266137750674751	-0.18205789052806604	-0.8303811512827428
 0.661924643418596	-0.7399663558008305	-0.11960584734035051
 0.5348833015739639	-0.8432232332801509	 0.053613734750565634
-0.2668618119761298	 0.3506683775828052	-0.8976728035716912
 0.19804224400011625	-0.5316508622350786	 0.8234844444651617
 0.9459215624255055	-0.3066196468453197	 0.10590934759001125
-0.9919787261904581	-0.09348810032481238	 0.08507750515391166
 0.17233500951078967	-0.4825345863740484	-0.8587555050477067
-0.32327500784758434	-0.4093696652587021	 0.8531762692826861
-0.03639381761217023	 0.5311921764906088	-0.8464693507001788
-0.9670656606696757	 0.21121581031926878	 0.14202777694767432
 0.8851019008175873	-0.46525238633188587	-0.011612156629122738
 0.626876137891412	 0.7106856517895948	 0.3192995648019994
-0.7276352549381052	 0.0466515137587499	 0.6843760457783248
 0.5696018254093934	 0.8178552787832932	-0.08164865863312509
 0.26694567016526144	-0.9236039879197598	 0.2751284839465655
 0.7255038228740063	-0.5212243475545852	 0.44941003828519377
-0.5963889801578832	 0.5337532673582964	-0.599522838539603
 0.3201093098629447	 0.43509256468114477	-0.8415607464100576
-0.7053003484274518	 0.5347458715482472	 0.46540119399311886
-0.8992447255753564	-0.2666228630663484	-0.3468013443099742
-0.40558047472161374	 0.054753557466479925	-0.9124179560208991
 0.25105747593594074	 0.46459276092876955	 0.8491900318946624
 0.9221974626778617	-0.36095123524029477	 0.13880218157154145
-0.7425547217963577	 0.6339634968464465	-0.2161082363172664
-0.8444119381295728	 0.5017629418195554	-0.18762310348366973
-0.6379616881191005	 0.5906397406508032	-0.4941149474122186
 0.17486028203564574	-0.5164679931342833	 0.8382629025754751
 0.8395984008974797	-0.10054961060049969	-0.5338204763949044
-0.5094802592203871	 0.3621531543757501	-0.7805606691605858
-0.6983165079850104	-0.35378119665817614	 0.6222482780745398
-0.14827214037145847	-0.9349228310650065	-0.32238900778882007
 0.19990645950011035	 0.5498545048072541	 0.8109854690395508
-0.4622637964805817	-0.6272786462938879	-0.626764455251785
 0.6184848671339144	 0.7723033582743284	-0.14499652383605177
 0.026918003900286615	 0.8027791270240237	-0.5956686111258263
 0.4964883258903334	-0.7997924917815796	 0.33738896298549226
 0.19420757984471496	-0.3674851020755201	-0.9095263139037832
 0.14763560167740927	-0.06715200881147336	-0.9867595131692084
-0.458593376312651	-0.051387877131820615	-0.8871591747178451
 0.6503783954983126	 0.49288947164621333	-0.5779860823664851
 0.711443700685728	-0.671216158035509	 0.20812671608096545
-0.6866886507017812	 0.5912789925763875	 0.4229040670592086
 0.9525432403975048	 0.022286625718678812	 0.30358636577932296
-0.3603182209449111	 0.9278562471385428	 0.09619544844260397
-0.022125882419303577	-0.6804761013221876	 0.7324361547988487
-0.7986426478094675	-0.541157887890633	-0.26328323431930123
-0.3280656528300011	-0.7908074582203588	-0.5167170322877703
-0.15571968326619123	-0.8452144305506742	 0.5112376615942693
 0.3740289382092529	-0.8725676764919595	 0.31421012606770304
 0.6976428731531572	 0.674997882355373	-0.24015053686046595
 0.012223409433818368	-0.0552097726114023	-0.9983999545623039
-0.41536464873314843	 0.17797569630396248	 0.8920744700460315
 0.39392083531976	 0.919134442103139	-0.004272334342474204
 0.08752873892817718	-0.9281956689442057	 0.3616511026042386
 0.6812008364763392	 0.6586455144614833	 0.31961149332228933
-0.6049650318142346	-0.37884341286768863	-0.7003534670498635
 0.7269505667964449	 0.12848691861074338	 0.6745620691828467
-0.8393789212795341	-0.5417831016072342	 0.04375039799191649
-0.6094013818999018	-0.6814286673769958	 0.4053207705204629
-0.16597413563632246	 0.12871515893422003	-0.9776937118342912
-0.43371362494187243	-0.46736639337712155	-0.7703642942669673
 0.546088263750964	-0.34105945024958273	-0.7651575390655903
-0.4660697309275363	-0.760828891638326	 0.4515732538155135
 0.08091306798138398	-0.9932227700788482	-0.08343622970112818
 0.9189307830840948	-0.3089535133871199	-0.24518144804655817
 0.9512880342441169	 0.28502336504107795	-0.11752768731079688
 0.7885987015651693	 0.063028407786259	 0.6116694431648995
-0.8556060653366575	-0.012101048982315924	 0.5174860631675513
-0.2781981784601437	-0.947997654236275	-0.15461636738708462
 0.8933806987066648	 0.1789452839174813	 0.41212802930895553
 0.29707333181871437	-0.11428894702088765	 0.9479902278562711
-0.6465481636462658	 0.7244478643345779	 0.23906225956162652
-0.6784687336466988	 0.6271154967048513	 0.3826308028066643
-0.6513339359535614	-0.659055920138285	-0.3760444096192903
-0.6889907728724988	-0.14034483078031176	-0.7110520679737895
-0.7919451646255004	 0.3277805047868899	-0.5151531781013687
-0.5717068247999271	-0.7851775340750746	-0.23800745043164206
-0.08327008136993341	 0.9115846925121402	-0.4025909113805122
 0.3780221469657781	 0.44755981026819275	-0.8104254886391979
-0.7500325522404991	-0.6613126310069386	-0.010806232011371764
 0.9153743219484904	 0.40248127737372497	 0.00993338215091466
 0.4514615437051322	-0.8751315617287748	 0.17414713383094926
 0.5424062698433415	-0.7812501379587476	-0.30893957398505956
 0.32424459531092364	 0.922507132938965	 0.2093944413980131
 0.5664261147236942	 0.37282927017232437	 0.7349556393836245
-0.5743818636957904	 0.8136812009439237	 0.08948954066149128
 0.24226684828659972	 0.2913072083329119	-0.925444155308446
 0.1734998684118956	-0.3742089162587411	-0.9109695289379955
 0.09094188950806781	-0.7613128697238011	-0.6419753010245901
 0.8588054764360737	 0.39785493536681754	 0.32274541677252966
 0.17830042424271053	 0.696099374059496	-0.6954528166229881
-0.06897872026428249	 0.9975352956968483	 0.012855737618017393
-0.6969345140680865	-0.438144619069731	 0.5677249121545755
-0.8573595619027922	 0.44229140431001945	-0.26327342305542945
-0.713414717353086	-0.6029127227663704	 0.3571213936331148
 0.4061583181264252	-0.5543106873910099	-0.7264813022100567
-0.7612640478919973	 0.4712136713120804	 0.44546012768336696
 0.6353267304926788	-0.6459300146185949	-0.42324267475799826
 0.36692625623794534	 0.9213418156842927	 0.12843045259897035
-0.991409328645919	 0.017925331398263668	-0.129561667047436
-0.5884659945394071	 0.15260506884379316	-0.7939895882402539
-0.3348957464270742	-0.9368796223493205	-0.10050578218016781
-0.9875761225716103	 0.10301081631467002	 0.11866833549270384
-0.8459761171125164	-0.5318033014332917	-0.03885431584626731
-0.004933603137603249	-0.049587638413416665	 0.9987575910483288
 0.6403540223742648	 0.5846461694394395	-0.4981320935142506
 0.8803675153498718	 0.2329795847234015	-0.4131265556930521
-0.12264768868549757	 0.9689716228415839	-0.2145962222124438
-0.792476505960971	 0.5391610412292208	-0.28510762725769667
-0.7227653045605134	 0.3764873265026005	-0.5795408592208773
-0.41173357940023736	 0.6602472952133012	-0.6281313308200671
 0.41551756257059785	-0.6677860369435444	-0.6175815444608301
 0.9681653394325124	-0.04670588752239166	 0.24591550498550108
 0.6704985314367505	-0.4729476000379433	 0.5716225038952809
 0.013771982637159653	 0.3788672387559154	-0.9253485548114884
-0.22185918042767058	 0.9719098726884042	-0.07854745973468646
-0.4317934488010351	 0.26794515166685323	-0.8612547899842038
 0.15314158642787468	-0.7831587994134054	 0.6026690214435344
 0.18928384449441887	 0.9608248166391636	-0.20245319939119333
 0.21867364923103508	 0.975210943090595	-0.033844521097729396
 0.14970922874144968	 0.3930303747217989	-0.9072564529258982
-0.8774389503997118	-0.0626569631862614	-0.47557858791763086
-0.16242987540336512	-0.4755465963348007	-0.8645646131382161
-0.4948249076813962	-0.7156649691502097	 0.492921862640852
-0.9006813636718798	 0.359512906523793	 0.24397448878310524
 0.9413813345542842	 0.27495293341584637	 0.1954534915493098
-0.4772119745561597	 0.7896567195460535	-0.3856306479210081
-0.18009387871652527	-0.01077732492267981	 0.9835903843147047
-0.5944261561073471	 0.738604802842181	-0.3179944813261808
 0.9573434583354647	-0.17708853301411748	 0.22832685837894817
 0.857621906478799	 0.43590901893087597	 0.2728882422208614
-0.37718631814266657	-0.7161857335721881	-0.5872039479036615
-0.4108084094511937	 0.3153877305737058	-0.8554338256859779
-0.5586673007469266	-0.7329667463708301	 0.3881373414021152
 0.2966040695988838	 0.8583450891013901	-0.41865228282299727
 0.8266057853411216	 0.12058353614671134	-0.5497112755355691
-0.3852515509390293	 0.6401991040330451	-0.6646249692077171
-0.09231453152684513	-0.30977736296326097	-0.9463170782906263
 0.49083032965154505	-0.7767865530743365	 0.3945734892983137
 0.3815107378271585	-0.6053978246460858	 0.6985291911125577
 0.7694546565217278	-0.6099260299725006	-0.18955149569184138
-0.5479002645497768	-0.20289085674562912	 0.8115667565612266
-0.6625020666535179	-0.737130461382602	 0.13315289926130114
-0.6673822703486311	 0.6876592835597846	 0.2858769227453495
-0.6573137556626591	-0.7437097802875375	-0.12179650783709972
 0.20648661074764466	-0.9469024779211239	-0.24645278835668738
-0.8770315437397439	 0.4673572164422844	-0.11132341858208217
-0.679684817933169	-0.3659767933892604	 0.635680371705521
-0.24850296037137748	 0.8531538464123252	 0.45866631993042195
-0.821334594839623	-0.1603464313473708	 0.54744726255028
 0.004820292943977091	 0.761418262106828	 0.6482430060603448
-0.09229853152799752	 0.6754748560304462	 0.7315836930580282
 0.21754219978311065	-0.7255329271559197	-0.6528991981355836
-0.12159440121373102	 0.5093328173474262	 0.8519359616581563
 0.7029899162178092	 0.248261774636494	-0.6664617535541077
 0.23209337809284933	 0.6760371602263793	 0.6993614386270539
-0.5411057030038142	-0.1505563762613135	 0.827367751210917
-0.177493321142722	-0.4881772980943985	-0.8545051471904539
 0.1280315819212317	-0.9803309835477391	-0.15019679333151403
 0.20104656116376482	-0.9792472726578488	 0.025594125036602522
 0.13993623693261653	-0.36690849023168814	-0.9196716856514839
 0.05555846624813174	 0.8399058429917898	 0.5398809421867066
 0.053757673991587096	-0.5399149752993523	 0.8400011499602331
-0.9008031764396057	-0.3661047044742977	 0.2334972862328466
-0.1071682859588029	 0.736951288778262	-0.6673962514523968
 0.9277454065754537	-0.12516203555001454	-0.35160051967413697
 0.3636596117965168	-0.8674633840168791	 0.3394981062362372
-0.7237701996286443	-0.1885409788506516	-0.6637838484202148
 0.5639834799280175	 0.16567645827120636	-0.8089956400024618
-0.513050816500597	-0.8546873878498876	 0.07929898321168105
 0.964842500012273	 0.26148246682386683	 0.0265682087046184
 0.9929849300164011	-0.0376061071881507	-0.11210133568551384
-0.10488502332011998	-0.4395764408314474	-0.8920603592521612
 0.6375859802125616	-0.45095259786958974	 0.6246005702135207
-0.9122180064741646	-0.313277617407693	 0.26403682147696794
-0.2910398701395422	 0.08575840919767656	 0.952859532796436
-0.014520478360559485	 0.8167015908763154	-0.5768775148749308
 0.10939225096227853	 0.6908501248306523	 0.7146743597267764
-0.5973359449386418	-0.7101687041778503	-0.37262605986513186
 0.4648158505888458	-0.35033933037796267	 0.8131473289826934
 0.673793481050301	-0.7352929819142838	-0.07312028201339293
 0.290734505823555	 0.9337260713708261	 0.20887573043782792
 0.17290367454304373	-0.4313733661340966	-0.8854497943529334
-0.6760146054397848	 0.6875229287953951	-0.2651725393261797
 0.8622940815586777	 0.3225692848066833	 0.3903818302741324
 0.41260076097671067	-0.07937889206412363	-0.9074467496972545
 0.8987532647124274	 0.3477593635606808	-0.2670318224942927
-0.6484732980905602	-0.4509468998164747	 0.6132937919215078
-0.12688364874465238	 0.006527569704974582	-0.9918961288940442
 0.20163355260673946	-0.48795894624194225	-0.8492584867080448
 0.7176996666506205	 0.22564283100114416	 0.6587810723657574
 0.10175932184556497	 0.9780041338025283	-0.18207952845582942
-0.974278288416523	-0.10791186431406778	 0.19783034716754822
-0.4865170980729802	-0.8530161149040734	 0.18885079029913254
 0.347784067739126	 0.8752663535333902	-0.3360878644033274
 0.27759583756743517	-0.1802735279301024	-0.9436323468877426
-0.506262146754656	 0.8098125656227955	-0.29648313159907214
-0.36841082748816845	-0.9206228051118626	-0.12933334023927623
 0.13326535884963076	-0.9910617039693446	 0.006086300687480284
 0.43665693210961326	 0.7949627728170006	-0.42114713993535124
 0.19711242035074192	 0.8090645140109787	-0.5536797864394647
 0.01331476741293842	 0.6680792015564562	 0.7439710326460482
-0.709221228293826	-0.5189389149281693	 0.4771872294085113
 0.7549520783440111	-0.3681354182001629	 0.5427003531145427
 0.09873588562943851	 0.3517040367512529	-0.9308896257998818
 0.8478378970681367	-0.08057203503961542	 0.5240983185096613
 0.5395416944360649	-0.8191263704378265	-0.19474791197446129
 0.7671457719220535	 0.625440617857142	-0.14251806256258615
-0.5689859317951016	 0.7291671860476721	-0.3802239132545182
 0.472637663925573	-0.8569044656918482	 0.2057386092019322
 0.44686158040689056	-0.005893827534922562	-0.8945836968966316
-0.9095618559585998	-0.2511896666225253	 0.33106038960771467
-0.04060674598947933	 0.730818533543237	-0.6813628719044342
 0.3426571991442787	 0.15431548644087564	-0.9266999376924085
 0.20593405612305657	 0.7917238768727235	 0.5751212631422442
-0.412874008386298	 0.7991856503661839	 0.4368493441082528
-0.9527101009278166	 0.26720455220470285	-0.14472453444801103
 0.6573183111349645	-0.7317655755966702	 0.180143776518513
-0.2742915914212407	 0.4073620229688447	-0.8711029245263349
 0.4310235919106805	 0.7657080844013283	-0.4773989869059878
 0.6371608634862314	 0.7539195882350436	 0.16009774675798005
 0.7186251201334753	-0.5906663861385941	 0.36700293867913536
-0.960254606733433	-0.22288102303940294	 0.16803315094388083
-0.969023085333026	 0.11423053064949434	-0.21896494230629227
 0.4269834670452775	 0.019080210158417276	-0.9040581090009121
 0.5077402665480097	-0.6082573531066126	-0.6101006590043103
 0.3788236352637063	 0.42991655029691594	-0.8195513486941435
 0.28136375913419853	 0.9390824212772069	-0.19737943432387106
-0.11051182323046609	 0.13281973034309805	-0.984959926168504
 0.15843417687927502	 0.6153960056005234	-0.7721310561604855
-0.002716165848227471	 0.7733906535959983	-0.6339239066113844
-0.17324448283721466	-0.17516910215946263	-0.9691760081714331
-0.2000562118214861	-0.7531843289021207	 0.6266505236636275
 0.1520626198836595	 0.488538521915449	-0.8591897766144485
-0.5128023344954289	 0.8583397562545537	-0.01693010835498865
-0.079019560710618	-0.331513994585417	 0.9401352989964376
-0.9921485367597173	 0.03285993850210559	 0.1206710630067942
 0.5057073179057974	 0.666492200169045	 0.5477666069872738
-0.7922008420956895	 0.011480338524968691	 0.6101524625945818
-0.2855313239431071	-0.6055556446038672	-0.7428150673860159
-0.10930442664878598	-0.9939803732080817	-0.007453857531676267
-0.8107673832326544	-0.5050409525291718	 0.29595588616295676
-0.19942782668214457	 0.02517450761482499	-0.9795890904410827
 0.4665976103918015	-0.8833107070199643	 0.045264388215808804
-0.5963616114258887	-0.6394648264241003	-0.48521908884947273
-0.6433298021393592	-0.4637616201129824	-0.6091403166672804
-0.5067525051696286	-0.020152665212883367	 0.8618560022353636
 0.17442738875763159	-0.15394210543422993	 0.9725620361836413
-0.71085650036255	-0.07215342363478813	-0.6996262711977637
-0.6188430698382185	-0.20723743313320642	 0.757684565780226
-0.8866111468500452	 0.4339801547321366	-0.15994342618538115
-0.6318806788167942	 0.6542374674876529	-0.4155720682064301
-0.2970488972350923	-0.30900724625612996	 0.9034802014502692
 0.9943254419036219	 0.019875137561847542	 0.1045078680773115
 0.5999936001441061	-0.6917612862163626	-0.40183827925970217
-0.059435247227763624	-0.43186280282559114	 0.899978872486793
-0.3580503305733894	-0.23890245949017866	 0.9026215018632284
-0.7952666588572106	-0.3978910008207664	 0.45742069561393706
-0.028539675320486704	 0.1408271933236408	 0.9896227506242907
 0.12090360840031965	 0.5182453062592394	-0.8466428526929459
-0.45554997199059494	-0.6681576661237938	-0.5882512696283562
 0.7626843967530095	-0.3200723214961183	-0.5620197683014216
 0.10361761747354878	 0.32814139142609566	 0.9389284406077234
 0.005072780553031427	-0.008027633792570413	 0.9999549109800667
 0.8216364775091789	-0.1952642361042947	-0.5355234606671446
-0.19392956796243152	 0.48404245971252885	 0.8532843722144157
 0.8922232991337523	-0.17962201380119625	-0.4143350294639421
 0.47868531092179517	-0.8779508493961247	 0.00791701663049027
-0.9755212212826078	-0.03683800363484719	 0.21679785127046003
 0.6577159228325868	 0.34622856756566844	 0.6689809742092103
 0.1060544191054003	-0.4070818972531078	 0.9072137505114362
-0.4224012440547909	 0.5011965729052626	 0.7552345227338224
-0.8069288710570637	 0.07065752319234953	-0.5864071209244439
-0.8211092690565661	 0.5671176006780689	-0.06447631557821842
 0.8447892085343482	-0.14385544550869492	 0.5153996545802144
-0.6056544257026681	-0.4628599399405485	-0.647258366207037
 0.08277254665129934	 0.34279766858955873	-0.9357555577876209
 0.9650079103557387	 0.01046208636720612	-0.26201198006903326
-0.5424998383810992	-0.1713181356063163	 0.8224013751015116
-0.23992480191226667	 0.9274996033877478	-0.286671545750411
 0.29502085974397135	-0.5620860045507335	 0.7726719975540208
-0.7665440723833313	 0.5870986596397482	-0.26024094401763387
-0.05494631678063222	-0.9609427541774012	 0.27123776556039036
-0.4335136006367494	 0.6611600620333227	-0.6123179978042894
-0.8544112774951496	 0.39894547296155847	-0.33290220559885886
-0.4858752614323016	 0.7819911383242047	 0.39040375242882464
 0.9453389695771162	-0.2758755601239105	-0.17385887358773178
-0.18514551876662488	 0.6761389206126842	-0.7131320332963256
-0.8176089567780668	 0.43703387967437085	 0.374855948082792
 0.03952564785516269	 0.7739928955102109	-0.6319594297590228
 0.09190921011798324	 0.9037250957507476	 0.4181311378094086
-0.9912597859665058	-0.06960762949794032	 0.11206611727598426
 0.1141870740802444	 0.10811334947115057	 0.9875590188839964
 0.061777949023837625	-0.7366179705173578	-0.6734815888539916
-0.6327809334447546	 0.6236988883259775	-0.45889866743075713
-0.5831944448678343	 0.030197511634281467	 0.8117711190763046
 0.8402110139191575	-0.06729877954368679	-0.5380672136089242
 0.7422337875463615	-0.4255085013167317	 0.5177176063567586
 0.5570968228076049	 0.7719082541079572	-0.30626912553778185
-0.1471775536252131	-0.4381487614079828	 0.8867719157627558
 0.8001840202932063	 0.04077053780065754	-0.5983671923784311
-0.5265724979105765	 0.7704771567527335	 0.3592858964201622
-0.33175222153220635	 0.9332971234238114	-0.1374661518966933
-0.06634694137860161	-0.5004458436864688	 0.8632218955208695
 0.6917969476493404	 0.28057071654241134	 0.665354834837723
-0.6049816342659244	-0.6046056269559643	 0.5181208913507702
-0.32413856140906316	 0.90996646884065	-0.25864109996932316
 0.29078362978666217	-0.9246535375327393	-0.2458876088303037
-0.32192416351951386	 0.5822588921634841	 0.746551683032604
-0.05041753501408552	-0.8131172292541018	 0.5799124448166602
 0.46998968538669933	 0.006009129350976014	 0.8826514521568265
 0.15849759807412445	-0.535603982782828	 0.8294618044442466
 0.6777591517724891	 0.3792487468228607	-0.6299308852738734
 0.8020733548309332	 0.5840099363311709	-0.12494289790425683
-0.43963290085900253	-0.7293340767033242	-0.5242086579231668
-0.7628468011542229	 0.4282019016894123	-0.4844666029339284
-0.4523281998546579	 0.48416692661287514	-0.748987040468984
-0.11300031731499825	-0.8760770569953482	-0.4687429130057106
 0.9298458252455153	 0.3642303654550798	-0.05218220150535591
 0.6180062818631388	 0.7431160136373358	-0.25660636362618394
-0.8869522699004168	 0.02542962732135089	 0.46116049806200365
-0.7342301022762789	-0.05229160888306244	-0.6768838486415418
-0.3771945066656957	-0.12138333782164704	-0.9181450808235583
 0.9002337445699593	 0.04687804855375265	-0.43287602578722395
-0.1161906943169581	 0.9301811837398231	 0.3482279253169176
-0.7069846604199749	-0.5906068418069947	 0.38904530371361656
-0.3403299310830338	 0.4051404112733615	 0.8485498130117459
-0.7509984115798182	-0.20399813115971258	-0.6280017104180011
-0.7110167783689916	 0.44224664784129675	-0.5466928235772959
-0.7644645030784737	 0.1958079960407291	-0.6142094530528623
-0.7632912378473319	 0.016818368510108487	 0.6458356050158167
 0.20835092211921913	 0.8447491090110405	 0.49293897804609066
-0.593914484503354	-0.7134721163325862	 0.37178370635762903
 0.8984474276588321	-0.4123383870597335	 0.15089491141256262
 0.9639019116445812	-0.22502114337956305	 0.1423326728480716
-0.10693799667224493	 0.8191217830057416	 0.5635634564742658
-0.0136941669493608	 0.07681636546112307	-0.9969512103352431
-0.7316390423448906	-0.3935854746267269	-0.5565921180537015
-0.1213902230580134	 0.8995091012904208	 0.4196996431278266
 0.8483583487992757	-0.32729240047487135	 0.4161343492358722
-0.9204735704092025	 0.3669975251228931	 0.13431761884356885
 0.8812298096059871	 0.44226295231200186	-0.16684574814500874
-0.6750712259960178	 0.6257724704604071	-0.39075267759301746
 0.3016070040515345	 0.9419890521704052	-0.14727471167230055
 0.7803680191712224	 0.5937656179900365	-0.1961329792454407
 0.11769348647716144	 0.7130881131257593	-0.6911248701642811
-0.9063817936590756	-0.314674357001398	-0.28187247678536065
-0.43692686485506	-0.8930001482995199	 0.10791501241701074
-0.44068010407130215	-0.6576358074037448	-0.6109960643867771
 0.3702763978994929	 0.8704192705832307	-0.3244467330024039
 0.21151059956807192	-0.9642584540818502	-0.15958978664700085
-0.6290186076979071	 0.38267873421556775	-0.676677602369812
-0.13072348174388063	-0.48608597498349604	 0.8640785822163985
 0.12711398363575593	-0.9417930962886599	 0.3112359216852507
 0.120845009936659	-0.825281632063389	-0.5516400197159357
-0.9856569805301153	 0.08514890011475003	-0.14570511844648548
-0.02793068700562765	 0.5627623309569848	-0.8261467397377145
 0.9051689542796971	-0.23577317062025058	 0.35366675872051334
-0.7800968703147317	-0.6243287225067222	-0.04077400125428876
 0.052604790916899874	-0.6824227171846953	 0.7290623917353347
-0.9826390028471971	-0.07969093116756107	 0.16754087731987455
 0.46157284253296954	 0.010492791490185178	 0.887040254082518
-0.5164210432548478	-0.45229621413683896	-0.7271433426505791
-0.03221005792857255	 0.3921666725912556	-0.9193300892916216
 0.25697720757092063	-0.10051817347767081	-0.9611757443827662
 0.02752269429024387	-0.5982861906994186	-0.800809674840024
 0.8073191221096159	 0.34954394831525465	 0.4754522723390242
 0.42650797759240117	-0.24021988954373127	 0.8720007739203202
-0.4510362853129106	 0.531256581665772	 0.7171699336753665
 0.7684533011520317	 0.5538738281360109	-0.32047356592159915
-0.42657493011165	-0.8088245142958349	 0.4047675061987408
-0.3091991077051371	-0.913097979977442	-0.26579689756553204
 0.5576541753462427	 0.8153308454107013	 0.15574797989307343
-0.7705407424603026	-0.4722905660577473	 0.42802872032327244
 0.8410743042634948	 0.4675126474263777	 0.27207708320264246
-0.4753915873345686	 0.44116530077391225	-0.7611675348335494
 0.2034421607831787	-0.18592782912872302	 0.961271100975865
-0.10209192128625917	-0.5095144263628032	-0.854384157704404
 0.04365609137248514	-0.2630872953615196	-0.9637838039235966
-0.882734620710592	 0.20244661912092432	 0.4240223529549292
 0.6305282725816536	-0.3574946282364452	-0.6889351843659037
-0.8249516735056199	 0.42181840955916483	 0.3761967114918121
 0.48786397519051933	 0.48615925184741	 0.7250089127414028
 0.43592157395087394	-0.09462936563743404	 0.8949959019589138
 0.5657303532070359	-0.5627819089143592	 0.6026820807514957
-0.2937775126696382	-0.6810502951136289	 0.6707199628572864
-0.7814348405651388	 0.1692191825910741	-0.6006034117403471
 0.659470435900603	 0.6805809760922936	 0.3192307616040937
 0.5393538658619331	-0.31393078111732436	 0.7813737083155885
-0.4877407639010373	 0.45745863171347617	 0.743532479115786
-0.9704182282561858	 0.23730833495948994	-0.04442090078870087
-0.09008920072742614	 0.927263057592643	-0.3634104538070364
 0.0062195804815590285	 0.6121355071135098	 0.7907284222471831
 0.114932926880444	-0.9747675084516304	 0.19136020167656387
 0.5465930392577066	 0.6404338386884776	-0.539518811254774
-0.19035501091260204	 0.9620988975729348	-0.19527078918621354
-0.31413783310900206	 0.27654838379781627	-0.9082061512830644
 0.10706913151626854	 0.5235774644105254	 0.8452235442992564
-0.35865919744210556	 0.9081681933357975	 0.21585669483103453
-0.8051032263175139	-0.43786786845468284	 0.4001006432737677
 0.9417853101536472	-0.14359452614251111	-0.30400829205912516
 0.6832244590341272	 0.2799797472033121	-0.6744002370502948
-0.5213911437754687	 0.8169863151283394	 0.24634251781924732
-0.36181244980752003	 0.2614037193328821	 0.8948518573949638
-0.1795703759564086	 0.922063454524035	-0.3428607091955518
-0.18121173204954152	-0.9749660019279073	-0.12885496983941658
-0.674073852985127	 0.4401246834671048	-0.5932239911911572
 0.42762756381486616	-0.9012365120090142	-0.0700529520262243
-0.7142206689394758	-0.5205456361186975	 0.4678900263709713
-0.1444999854353728	 0.039613771032356034	-0.9887115369781891
-0.06204755997071276	-0.9786562612472969	-0.19591330384418337
 0.8078150685176972	-0.42843978182343256	 0.40481374535314085
 0.10691721882344003	 0.9460394102405265	 0.3059054471414613
-0.806213801150506	 0.5714954381483932	 0.15301068920186123
-0.9621350247850553	 0.029944616136432508	-0.2709234468374835
 0.554205143782809	-0.4443855279959224	 0.7038310600651703
 0.07757862023252526	-0.8144168776851605	 0.5750710451973495
-0.1362137521795712	-0.7457785485401079	 0.6521197514679127
 0.0453523237227743	 0.6070091557617003	 0.7933996795779619
 0.45492101608540914	 0.13673989745746515	 0.8799710617782501
 0.1457104923271338	-0.7118322110947359	 0.6870686688197647
 0.8242187415989466	 0.357277507535769	 0.4393361453444018
 0.2798545035301491	 0.8387733497199007	 0.4670553764314793
 0.4534369077483972	 0.11301667864072748	-0.884094000115706
-0.19374897462377583	 0.8603836547808271	-0.47138233040518407
-0.49936556751614514	-0.8357164290387324	-0.22849962847678218
 0.02218853058313283	-0.7021270514969514	 0.7117058891612171
 0.05258321519033833	-0.9577087567334068	 0.282893871896156
-0.7021433676438986	 0.44015111702541254	 0.55969785192992
-0.22785718282899173	-0.9572463553418255	 0.17821481256625948
 0.5014776402426795	-0.8599536368582337	-0.09486790179471005
-0.1979254386844064	-0.3443126802712197	 0.917755032089737
-0.005033216011778248	 0.9999161193507411	-0.011934026945393583
 0.4787123372989224	-0.29823258546159365	-0.8257674146433098
 0.4665530218119728	 0.8490544419649677	-0.24786051000043186
-0.7289359285011254	-0.39126849059960717	-0.561748502805399
 0.564913881465602	-0.8244232452707255	-0.03462108006334996
-0.31005864656283877	 0.9311088376975415	-0.1920936439686487
-0.5955490337010231	-0.507419334058402	-0.6227736088511662
 0.24901498729300636	 0.3110739371960349	 0.9171829379686591
-0.32949420074552915	-0.5738355732693801	-0.7497641672723945
 0.08828661162670165	-0.7827763276050985	 0.6160086810659013
 0.6283958989196123	-0.32733113624620963	-0.7056719644883007
-0.9577281054872738	-0.16520245944117531	 0.2355101342922299
 0.5365387612685141	 0.7948467660137265	 0.28345154120937344
 0.5520255283604628	-0.8319955755315693	 0.05523747219274844
 0.05977979647778349	-0.8915560946941135	 0.44894777641375594
 0.9315393735722428	 0.3577512454347716	-0.06518007267948644
 0.6830440998414387	 0.7203056453518213	 0.12087404579186978
-0.4001787963472565	-0.9162342164781495	-0.0192818958801384
 0.1800834968267373	-0.98325305243851	 0.027988730607286127
 0.3941551868591847	-0.8222437344653756	-0.41055685331563296
 0.37690096340144824	 0.4092454169711714	-0.8309415457630893
-0.41474622157487545	 0.503131725873131	-0.7581846992054697
 0.9229670604161208	 0.3066429507188809	 0.23259816456980675
-0.9871507192540575	 0.15871291934710355	 0.018538249877394053
 0.9650619900733439	 0.20014305732867238	 0.16910976293167912
 0.10886528226039512	-0.2362803278814303	 0.9655671685463463
 0.028045907056109244	 0.7043113877885987	 0.7093369411842994
 0.21720745035402894	-0.9631787554358463	 0.15845380584812796
-0.8849165335021774	 0.2775630537687663	 0.37400732602055653
 0.4038453606284259	 0.8217954896932937	-0.40194663553593313
 0.06245900775183194	 0.9843116965448997	-0.1650132006706071
-0.27021736140006897	-0.29750743537679153	 0.9156811145226862
 0.3821542589136534	-0.8490791533485161	 0.3647227902710817
 0.32541295147847515	 0.9049996394525318	 0.27401106474165404
 0.47943070808494825	 0.6835990922713773	 0.5503076205095785
-0.5704061509986811	 0.032723235648333016	 0.8207106754219622
 0.5690871194355119	 0.6116610404952545	-0.5495549308602861
 0.8114987424497713	 0.41140358584240283	-0.4149902174250044
 0.301211209798826	-0.17122982998835004	 0.9380576487688208
-0.377669997603869	-0.46085683001085903	 0.8031041994300838
-0.004817322166644826	-0.9951526889867238	 0.09822382098877913
 0.709323385897849	-0.1722969717610084	-0.6835013443588809
 0.8173344711195945	-0.5235278449851929	 0.24058877331416095
-0.7461550764653182	-0.6593982861737336	-0.09190485327869302
 0.03759847435285166	-0.9406301047371176	 0.3373445727866049
 0.10347610364151247	-0.6222347679935225	-0.7759617190784724
-0.10314204902116171	 0.8669135547343212	-0.48767059204100005
-0.6447305190824911	-0.7132188780950485	 0.2750297978264571
-0.0862319979537217	-0.9051508861607089	-0.4162522261939181
 0.012877496267464091	 0.8138227021129192	-0.5809705496972357
 0.6102580839824416	-0.5144099653966396	 0.602467806969557
 0.9689222187419743	 0.14832675381665864	 0.19796188554957328
 0.9838323131990143	 0.055743570428260766	-0.17019586910787887
-0.22198543233402318	 0.7941355322919798	-0.5657483753249415
 0.05069680342610597	 0.9401917303221278	-0.3368521105118061
 0.6562389924232324	-0.47198234277986323	 0.5887130480356049
-0.3583838552915151	-0.6751640798646795	 0.6447592399701387
 0.6809695109623211	 0.5694223099744602	-0.46047666395061415
-0.9925687392751965	 0.006532842581991765	-0.12150975179567203
-0.6615299473212075	-0.3509867360556008	 0.6627114303452419
 0.3572340103362779	-0.07298191742746885	 0.9311592246161073
-0.6998961663928737	-0.6061472620177903	 0.37779737031495486
-0.5513787700225784	-0.569372615554228	 0.6097509955919103
-0.5545187178575828	 0.012407215162620937	-0.8320787538193071
 0.2441575327894757	-0.40181606178137574	 0.8825706496800478
 0.7158830967990343	 0.4790095001327544	-0.5079973331622847
-0.6293640073647931	 0.4229506841007044	 0.6519307210528391
-0.5511409774810309	-0.8340999162352194	-0.022824387782673483
-0.29630307170326126	-0.9510399023532207	 0.08790673370788249
 0.08011090349594822	 0.9790777030953504	-0.18705372073978044
-0.9243875167593427	-0.3230449528049403	-0.20285383241819654
 0.285930332445696	-0.7169617771379281	-0.6357748462393882
 0.3130335274357585	-0.9220494462494272	 0.22767263641520685
 0.641069202713749	-0.696938934435229	-0.32141312823256873
-0.6854657764269928	 0.4125881707237176	-0.5999230540045917
 0.536889313744042	-0.31206363540823434	 0.7838151263169448
-0.4406097684602848	-0.5711623046918768	-0.6925580507339713
 0.8264222019900074	 0.3316737935968263	 0.4549932292892691
 0.3733453854960291	-0.34984138152089034	-0.8591997619322158
-0.6201206571192135	-0.5839369813273327	-0.5238969101382038
-0.3853921979522554	 0.29632965942202827	 0.8738773293228028
-0.9381623018145216	 0.10683290595794631	 0.32929959863118397
-0.9457461493571333	-0.05807296359335202	-0.31967444670420586
 0.02509752943315621	-0.9584157007660908	-0.28427004510041987
-0.05921980851901413	 0.9855641104115314	 0.1586076875428748
 0.5795104182312324	 0.48487537867368424	-0.6550294209556649
 0.8001530251600125	 0.06861788663008048	-0.5958579712999583
 0.7592235713701789	 0.6503160546640366	 0.02585725666254035
 0.3315626282169141	 0.8522106323091337	-0.4047261564924596
-0.19915304928794803	-0.6303732567403061	-0.7503116820001752
-0.9132060610451571	-0.40430555235829374	-0.05090884405134122
 0.9816342964797765	 0.06995889635513042	 0.17748200132809622
-0.74871591016618	 0.10161563279153718	 0.6550562945552116
-0.7012431526487288	-0.6760942063295052	 0.22617397071932888
-0.6729232945590176	-0.6800159713131718	-0.2911228579119838
-0.6910445219208103	 0.6601663808187886	 0.29434302838671234
 0.8145725425914162	 0.17190526266845263	-0.5540037486543261
 0.366468511056788	-0.11135022330196173	-0.9237434482443836
 0.0458721871103806	 0.15737663853766415	-0.9864726737686633
-0.3563549515273045	 0.30336741205767576	 0.883730367150185
-0.9321247610523955	 0.36150304482459683	 0.0214237815420244
 0.9732462158948857	-0.21835679096424818	-0.0714990565397986
 0.1264736026347876	-0.5554370308557836	-0.8218845007607147
 0.3370712739724141	-0.31704733331557355	-0.8864896754616476
 0.7960218371725137	 0.5844986947625287	-0.15719577146156416
-0.18118250424576296	 0.21216246402379704	-0.9602916166532878
-0.4173726707901773	 0.9012935528568659	 0.116060265621454
 0.4622259096325461	 0.2710526535886419	-0.8443208320578861
 0.9386114052145471	 0.04275353292092436	 0.34231676182149307
 0.852339255620163	-0.46497970587102266	-0.2393985514930359
 0.9577218871714256	-0.0019881656160410607	-0.2876887798129888
-0.3070345096079689	 0.2555103746819389	 0.9167574697485095
 0.9993713173647585	 0.018115479353103797	 0.030476210992092634
-0.7478064453487057	 0.6205536434027487	 0.23600571169890716
 0.04022641613341064	-0.7573791161337236	 0.6517351531792352
 0.4985855436433567	 0.8664896005219304	-0.024662275993994953
-0.9260968736484521	-0.36535948354969877	 0.09411178671590714
 0.1373387693663907	-0.3915690735809135	 0.909841592280717
-0.22712505013677092	-0.3768063643633345	 0.8980151309280124
 0.8245792929588767	-0.563782558642532	 0.04709794256566813
-0.31058757154426625	 0.19648913802406437	 0.9300147197979156
-0.74019258223338	-0.31364435291076637	-0.5947622727559876
-0.4002834007760494	-0.7556857081603207	 0.5183746806561789
 0.5658546704031734	 0.799274703625473	-0.20240662075961935
-0.6952585064223825	-0.4511101214198361	 0.5595670358410141
 0.4802283019072923	-0.2162083355687928	 0.8500792514100146
-0.8863605961393323	 0.4603483661572113	 0.04943961354939774
 0.9285379841368765	 0.18275194542830053	 0.3231391936259005
-0.15823324054868346	-0.9155928398802207	 0.369664703678259
 0.3812463537166781	-0.8983289968228382	 0.21830307200085564
 0.9911287922331692	 0.088053709737106	 0.0995502958707446
-0.4030596919239913	 0.907259439247549	 0.12009660545727341
-0.8769621893016634	-0.46395103903313845	 0.12524676409115276
 0.9173328669167731	-0.315553671584668	-0.24274738232098336
 0.8749900613804902	-0.29635930054446513	 0.3828362018751119
-0.2754003782938577	 0.423795392146407	 0.862874322964285
-0.0971589587131924	 0.7087432938505767	 0.6987439303232645
 0.2987260092473329	-0.22016694185800745	-0.9285953311922557
-0.134943084879143	-0.45469334088924923	 0.8803660202406005
 0.12539133245383322	 0.9739304410307386	-0.18904102670881673
-0.571455722977156	-0.6194626322991749	-0.5382419566158267
-0.9848243951976996	 0.16000785284228897	-0.06721902745715402
-0.7360651827971829	-0.5945047392295693	 0.32368528188246604
 0.14500604881637286	 0.5312489950191546	-0.8347141732939496
-0.91505445221189	-0.3407973719905858	-0.21571393263187288
-0.8440146440754157	 0.36988980969383417	 0.38835654915413564
 0.9151329223280654	-0.26485614122999024	-0.303945651266891
 0.5917650849045647	 0.024541664863836413	-0.8057368000616605
-0.7689190504563618	 0.25382906107821607	 0.5868000524858856
-0.4068167957447161	-0.4989343930578736	-0.7652219064584946
-0.2904320228923563	-0.13932196906046246	 0.9466988058594821
-0.7221679741793158	-0.5255351720538433	 0.4497623817129224
 0.9142102511120768	 0.10831558042207845	 0.3904962890981447
 0.897758611672982	 0.09232424161394524	 0.4307037375939635
-0.037588083197195886	 0.9214750019053954	-0.38661473958582104
 0.10177107620736402	-0.43761156647582244	 0.8933861230924576
 0.570129969636095	 0.1311057227935815	 0.8110259596175193
 0.8056037914635101	-0.3432041010362326	-0.48292181169577386
 0.2669054394992876	-0.7923137836640007	 0.5486349921229299
-0.6518229843295449	 0.7148089770774008	 0.25332769960919377
 0.19422395493722647	-0.27705504758474625	 0.9410194237827167
 0.7408590338281547	-0.26851027589803006	 0.6156542241651373
-0.8897523018987892	-0.1020597911004377	 0.44488722200838815
 0.8185674898462478	-0.3784279808807972	 0.4321336921061536
-0.16176367276143525	-0.8078762426136943	 0.5667172935380662
 0.3313633900799086	-0.1912051397165586	-0.9239258077685251
-0.7529465014041314	 0.12513931528276126	-0.6460740807321093
-0.6962681964335133	 0.0704303789170279	-0.7143179686671939
-0.3328670122229128	 0.669534610611852	 0.6640202989115822
 0.726808640664471	 0.1963491659118115	-0.6581764238418144
 0.7077804555250358	-0.6987174314727672	-0.10411905557039813
-0.8663563105790995	 0.29041017486784265	-0.4063110550464999
 0.9316220013902566	-0.3433001243391676	 0.1192705795840896
-0.10872628535235009	 0.9884715589831866	 0.10536874277900377
-0.2050901373720803	 0.7344937690514585	-0.6468824767894739
 0.10744450931626869	-0.882464259818362	-0.4579437820966856
 0.3205381261035688	 0.9395939694688771	 0.12007698468787309
 0.6626395825234561	 0.31984125008792236	-0.6772077660624802
-0.5209015287852081	-0.7810899783503951	 0.3443254899507331
 0.5771429356341553	 0.6729646929818647	-0.46262787837247066
-0.6361213419989854	 0.7544987902070495	 0.1614967920099608
-0.2950615374264058	-0.942284253789275	 0.15823739821026805
 0.11699542350164685	 0.9545519141707824	 0.2741217139019916
-0.6373241358585455	-0.37377295317935477	 0.673878123493961
-0.7919792812781392	-0.600021234820361	 0.1128863844350203
-0.012411108705479559	 0.8204908115062673	-0.5715249711206742
 0.9673129652412474	 0.007415238584335827	 0.25347710254167466
 0.7086577230159389	-0.21115809562411086	 0.6732135547226183
-0.24963632187647863	-0.6592589339629508	-0.7092667797028258
 0.17479859708624945	 0.7665762720078925	 0.6179047415671453
 0.37928769287072417	 0.6206111119322992	 0.6862817889052268
 0.9237014544627056	-0.016714216411673068	-0.3827482958723998
 0.9995380487598342	 0.02504461842079182	-0.017217902588294587
-0.6936607479803809	 0.7194845742908942	 0.034303266152792
-0.3555873297801021	-0.510913596763014	-0.7826397303629158
 0.7575064622205899	 0.5827080369938072	 0.2943387560564692
 0.5712867401286528	-0.5245732546202527	-0.6312324144800334
 0.2395419584800138	 0.5128722149409618	-0.8243674795072349
 0.5788754854329439	-0.2882963511730318	-0.7627505399965899
 0.7726405741721623	-0.41634999119934624	 0.47924860768834354
-0.41718315086190105	-0.8636158078233497	 0.2830652841917558
 0.47818749305087693	-0.008205160776323885	 0.8782194468504738
-0.7587895301957204	 0.5421758532365812	-0.36094846312533724
-0.15693931815847387	 0.19989870928021777	 0.9671662506746481
 0.9445244493517957	 0.22901665498452253	-0.2354250120874739
 0.23628935757330344	-0.6907677724081067	-0.6833792681227151
-0.041391929585810915	 0.20765969361444028	-0.9773250021426445
-0.12446192164940989	-0.9398897606986127	-0.31798815668707014
 0.042462510050575546	 0.5422440389370522	 0.8391473872195738
-0.17947577612774546	 0.8869901447017791	 0.4254843463457383
-0.3924073113464405	-0.9188423722640641	 0.041775554263286496
 0.6569088058064538	 0.32689761445737625	 0.6794179645225871
-0.47811371756998877	-0.7077211527829181	-0.5201327166935596
-0.810107670536501	 0.5559007407970957	-0.1862791682372571
-0.20104300226119629	 0.9755574301338868	 0.08870970495031072
 0.3921173360843192	-0.6652843385520105	-0.635327272844123
-0.2521257455337159	-0.5302377553195602	-0.8094939970578794
 0.6719016960758447	-0.6939889650970176	-0.25870335740761785
 0.10512584907962282	-0.12005020723395995	-0.9871861544806895
-0.9576932623532723	 0.13519603216777976	-0.25405835575559155
-0.6993196500016108	-0.6972517474385013	 0.1574548437348986
 0.5698034234927946	 0.28429589117752047	-0.7710381993361097
-0.33232313124256435	-0.14025214213073156	-0.9326792980810061
 0.01694996189982353	-0.9989278499798162	 0.04307956970881155
-0.9002263219113804	 0.13035154612000602	 0.41545281773268994
-0.8454584583867886	 0.5182827632278432	-0.12877489073241888
-0.40417435183404354	-0.4773785871820618	 0.7802261068559482
-0.5971827112134676	-0.6041147327773891	-0.5276534838973734
-0.23025069914574048	-0.03718285207275362	 0.9724207171048103
 0.5242148781561187	 0.7391645407899442	 0.4228883341481018
 0.32242631839194275	 0.06414772139918766	 0.9444185190091889
 0.6169285110580683	 0.6292781366439827	-0.47266080754125595
 0.21493409264324048	 0.7186823313636251	-0.6612859006552094
 0.6009557263124224	 0.7521014458475388	-0.2705469093638855
 0.5329361006065383	 0.6183352763503241	-0.5776163075009793
-0.6755863386276083	-0.6034808174142021	-0.42354929119622997
-0.2506560124776285	-0.8787764751836491	 0.40610770747748215
 0.8998558079630472	 0.4302521850014257	 0.07171179942429617
-0.9785749119779786	 0.20212437219907417	-0.03920305868706442
 0.04826207510015428	 0.4272831951728811	-0.9028288006205167
 0.35971675275810333	 0.9250744798508561	 0.12182390780890962
 0.6975560008037359	 0.5081582692213553	-0.505164130916532
 0.3571503505154924	 0.6065434463831108	 0.7103158978766837
-0.7721745019315547	-0.06118074585160281	-0.6324582633690519
-0.601747450617576	-0.7927641546000508	-0.09708244360601448
 0.9514296763470467	 0.24044210308892713	 0.19227367481880564
-0.7341394841303162	-0.20945435220979344	 0.6458855101186658
-0.9530030822248594	 0.29592188120654206	-0.06492584610999663
-0.16009779416493028	-0.9583929358432233	 0.2363295936384835
-0.7372877537593177	 0.4375140421304142	 0.5147700759516289
 0.6253036258136683	 0.518902164882755	 0.5828686977564244
-0.9482415002988535	 0.02517078771995453	-0.3165509256921173
 0.6975558634783907	 0.5876897207379493	 0.4099226871812147
 0.6594139170209921	 0.33134502897501056	 0.674821278423096
-0.023195924237083183	-0.9996078790706685	-0.015685572945454807
 0.0928612441347496	 0.5686736214905315	 0.8173047788668497
-0.11918374930258525	 0.9763845296191395	-0.18019013353286129
 0.20301832465371097	 0.6669876279004158	 0.7168759056367964
 0.6662295063277361	 0.025106009162571746	-0.7453240457695096
-0.08583913030009759	-0.8061662272675673	 0.5854294643443394
-0.526212558750909	-0.29023224843261053	 0.7992906761514065
 0.7232779626373228	-0.667645666902596	-0.17640366274369557
-0.2597512369117092	-0.9227516713010593	-0.28470800486452563
 0.9691477940602685	-0.2383801603144231	 0.06266938994904447
 0.03617397661879996	 0.8100133501047725	-0.5852946403886046
-0.7894408589135916	-0.31221721516592843	 0.5284917604199739
-0.07175594179315492	 0.9964924340048162	-0.04305709916534517
-0.9685353596494704	 0.1617626792028854	-0.18913511764285174
-0.5528778131151287	 0.10610639822054525	-0.8264790112408757
 0.8579570553070595	 0.5049053723152991	-0.09476421400501689
-0.921328535639792	 0.3095676899976047	-0.23520538838509486
-0.634732264635563	 0.22539950430310263	 0.7391278750598744
 0.14393526688340744	-0.3887323409917212	-0.9100383541446473
 0.5664030584701406	 0.7660175714179753	 0.3039813409316061
-0.6938264871792753	-0.20962478881549812	-0.6889573670427835
 0.11860450345253454	-0.1346289464857262	 0.9837723408029528
-0.6434328114662632	-0.7636311749133525	 0.053494353244739834
-0.22110631468658526	 0.6738754802716357	 0.7049849889851478
 0.9469542534359643	 0.2596027193699001	-0.18943091087594022
 0.35264928881288904	 0.9269307249613872	 0.12821041386065568
 0.28323773583514433	 0.9574990819426747	-0.05451507202522965
 0.7327487453306706	-0.6289320553069844	 0.2598533163607124
-0.5049972515223398	 0.7954893613803279	 0.33492454655578885
 0.8114913817458514	-0.03800602644971327	 0.5831271553492536
-0.3986768245052326	-0.7994719427636012	 0.4493343992353771
-0.9222788725587455	-0.37572710751816896	 0.09072387727494724
 0.4855526319405891	 0.8739774314957288	-0.020052203163131832
-0.2181909847086253	 0.8673889733943185	 0.44724608777029085
 0.023058400750174905	 0.025455033262977104	 0.9994100016691974
 0.10707223627500884	 0.9908386152866904	-0.08230658950425851
-0.26299861364938726	-0.297865658085502	-0.9176643062426428
-0.4651654817666515	-0.5797094126635883	 0.6689978112385992
-0.9748472898708572	 0.12291189461593371	-0.1859177979467448
-0.6898720634187212	-0.4267075890513269	 0.5848052407087334
 0.7870259575532704	 0.527725731925945	-0.31952416810091755
 0.2518757203064474	 0.9526047856328862	-0.1705952634437169
-0.5378676100072455	-0.7076501276625669	 0.45818089323349853
-0.9150292361038473	-0.3996329417197284	 0.05490909731224547
-0.350173403192416	 0.9328069504629383	-0.08514564501297328
-0.20581990640860842	 0.9073700368789865	 0.3664939048608835
-0.35889117554902283	-0.31060434406962995	 0.8801829727722046
-0.2752667698191508	 0.18343464731998238	 0.9437054284022766
-0.8519379036351794	-0.28903235612919403	-0.43664872089598816
 0.697616914989686	 0.444962183414642	 0.5615507948985095
 0.7596951812539688	 0.5351396701739517	 0.36944385904439336
 0.49298685207698545	 0.8545767621655055	 0.1632866229853065
-0.5710700807346986	-0.7130529299521301	 0.4067363789684266
 0.10044786915476592	-0.43977367716645105	-0.8924737186347647
 0.8864898704756955	-0.2658144437398897	 0.37878541556300394
 0.38424341014814617	-0.8874573978481219	-0.2545120208602407
 0.8904521893312445	 0.24989923396273325	-0.38032258857453183
 0.9072993909931579	-0.01822146331185033	-0.4200902205219965
-0.7155663087317274	-0.6089596112423475	-0.3422470594228959
-0.26864299146308207	 0.8690836609461876	 0.41536072685575176
-0.4648383356485387	-0.07063263479659769	 0.8825737094504837
-0.3733805939733066	 0.6805938408624078	 0.630380009061436
 0.557261158975514	 0.5267675830086014	 0.6418534990077902
 0.3155550828935184	 0.9487899483048148	-0.014920578266662599
 0.8857515125179717	 0.21847513719278577	 0.4095276211694625
-0.6020011387518909	-0.7665645245795341	 0.22354744149191164
-0.6770605128661468	-0.4966329544696236	 0.5430881792602404
 0.358689850581303	-0.35961928378119307	-0.8614032515742347
 0.16845457200285346	-0.8953691679952359	-0.4122342903918286
 0.5912943323163014	 0.3271934134006067	 0.7370993710469973
 0.14135689714448949	 0.3829035631623438	-0.9129091350990324
 0.34251902800727907	 0.8823732601610409	-0.32264244173035395
-0.7583979574179402	-0.49518334604030395	 0.4238230668434939
 0.7753879827487699	 0.5817422874631842	 0.2456611226586236
 0.2512121805648474	-0.7100515064289123	-0.6578140303717204
 0.029447218565586453	 0.6027517438892994	 0.7973852246920299
 0.3195397840521522	 0.8099533672200574	 0.4918026731696308
 0.9308252052638851	 0.31138926349703444	-0.19131430637623636
 0.18662456634083113	 0.7887668444351973	 0.5856775020075793
-0.3513565792551691	-0.7704416464324333	-0.5319475760416505
 0.5582185391529412	-0.5942432663624365	 0.579022454598143
 0.3916496597263595	-0.07170494938313539	-0.9173161637462783
-0.535182284047228	 0.5362703057318192	 0.6526822213238945
-0.8249790389009827	-0.2279572624738348	-0.5171509178754747
-0.3784241123139237	-0.5762763130242907	 0.724362341833525
-0.10554544566494087	-0.3727933855750074	-0.9218922120133746
 0.9344656689877141	-0.2104782773222618	-0.2871807936802129
-0.43350332996756685	-0.865065863216316	 0.25245972986763854
 0.46197857122313496	 0.2705278075194282	 0.8446244757816115
-0.7756587983799976	-0.12426123939837111	-0.6187992993522853
-0.995848648811759	 0.04354722781695576	-0.07993189356728658
 0.16039711234148094	 0.381221172652349	 0.9104631699712418
 0.749119495399958	 0.15428189289649258	 0.6442181921802483
 0.16646619108499677	-0.925987219698106	-0.33887560576327225
-0.9384637880501757	-0.3242695197873341	-0.11889069372918404
-0.9800381738116963	 0.017547783387403103	-0.19803346477306327
-0.529142676546962	 0.84852572004122	 0.003482855903725657
-0.4982831830396477	 0.8393360444955735	-0.2173220511370202
 0.7853628144741617	 0.08942710333911597	-0.6125422784017434
 0.8615332302853307	-0.5022033732423359	-0.07451352238447972
 0.7098829314070405	 0.5341810462262816	-0.45903903270805
 0.30269430112547974	-0.6922759145636237	-0.6550803142983732
-0.03522083003094337	 0.9335536646477094	 0.35670302543539445
 0.42781421062585456	-0.6745667231956051	-0.6016101205462896
 0.6676879486431008	-0.5891582935534249	-0.45506626811266115
 0.6344695883267106	-0.7721998818626122	-0.03399535173964163
-0.41111128555522863	-0.8047724988407244	 0.42816905072504174
 0.841480009350661	-0.1595054298789513	 0.5162067528639493
 0.04764314227754615	 0.9983996401829133	-0.03046784331965191
 0.9333758417314613	-0.3327244907782469	 0.13455092459155504
 0.4856958761962344	 0.8596739311679007	 0.15830428900159288
 0.4084617586650744	 0.7474734710586884	-0.5238725052641249
-0.17242986780410935	 0.7022481193785581	 0.6907354917175863
-0.3182187080758803	-0.018004678651259414	 0.9478463405938657
-0.10878657232069079	 0.6649940399037055	-0.7388832171427797
 0.4236385646008725	-0.6150626712332709	-0.6650024639340111
 0.18081097874653593	 0.9420938503881607	-0.2824297559138018
-0.5899692722302776	 0.6751830296038885	-0.4427912988745275
 0.691971620591395	 0.7037350432509941	-0.1610349812824523
 0.6759766447153316	-0.11510014352056026	-0.7278787898825936
 0.8946030263845549	 0.02470018690013671	-0.44617858078430195
-0.3685925678340451	-0.8573933410527061	-0.35918822037475384
-0.30619655727303724	 0.04332419859475957	-0.9509819567848075
 0.531193680419767	 0.8021264618377165	-0.2728120472079796
-0.4585156432683901	-0.7907444504045616	 0.40556949963300015
 0.6577174962123166	 0.20691076804107325	 0.7242897412257436
-0.8726472271583479	 0.46451829121491395	 0.1506969610165485
-0.4895096399702474	 0.7026701310269267	-0.5163671168256172
 0.5433950844500475	-0.6161715113931691	-0.570135467010239
-0.1885712376841599	 0.718541353860024	 0.6694320063391559
-0.7025370997617129	-0.34829587953363095	-0.6205897225690218
 0.5759074676542503	 0.3635006750740627	-0.7322553160754584
-0.26404085128005705	-0.922929566794461	-0.28014896678712087
 0.3697211069896751	 0.9167442667441554	 0.15128202946169722
 0.2436827269613915	-0.7682954640256365	 0.5918959440123674
-0.3380217917737516	 0.11703721496068262	 0.933832725171007
 0.6201064674040218	-0.09821899691292454	-0.7783450377108623
 0.21599670384541753	 0.8696277836422012	 0.44395150843923026
 0.4171551059465838	-0.8997077238418028	 0.12848201913924218
 0.947374152655076	-0.2544712680515154	-0.19423333549453048
 0.04525779792235979	 0.95941385819605	 0.2783465114359953
 0.5426183340485412	-0.7700844202615686	 0.33546285818968036
 0.05534775476313217	 0.5435054297701167	 0.8375789358938541
-0.16014815378701439	 0.9561534522146302	 0.24520021341070586
-0.08546693522692127	-0.010079271201447658	 0.9962900236753176
-0.11831345376374228	 0.8625567655198858	 0.4919326711190948
 0.20727680987089622	-0.6754070605665843	 0.7077157809647534
-0.11297650841219713	 0.14331379786050744	-0.9832077419801912
-0.8445358898356019	 0.5196806029144742	 0.1291944338353499
-0.5182021754627198	 0.850359314081613	 0.09140865550019273
 0.9979719059950606	 0.03609509386993713	 0.052432995747967226
-0.392532776669383	 0.7850002581124328	-0.47926257313046916
 0.9357873034363893	-0.13708312168789522	-0.32482355283376974
 0.15570174896820177	 0.2623514038393433	-0.9523280455136081
-0.3706141575209133	 0.876702402411402	-0.3066562307391454
-0.7361774058988887	 0.49370943881704	 0.4629188018075594
-0.3658097848596385	-0.9231978530772823	-0.11785128499274711
 0.4102187576892546	-0.8397684187388895	-0.355681843405971
-0.3893971380931754	-0.11921246760160321	-0.9133226463923805
-0.24268655992927093	-0.07748947653722181	-0.9670049713707183
-0.02278887185831724	 0.9894379816643781	-0.14315427957049365
 0.5919052193597907	-0.7997085007586867	-0.10057099536611713
-0.47190982603259585	 0.8667504022756072	-0.1613841883486673
-0.42787156591594055	-0.33549926734802643	-0.8392652528787181
 0.45363328373704565	 0.71852418815885	-0.5271999951788793
-0.5206432323568753	-0.6780284332562935	-0.5188526460344989
-0.7218970007614054	-0.41367965708931315	 0.5547376511488613
 0.20083913660553065	 0.9764263879346379	-0.07908950722100383
 0.1430751404861032	 0.6185855458822274	 0.7725810162050764
 0.7909798491484253	-0.34465700919956105	-0.5055318231830199
-0.7659607852115456	 0.3622370396149651	-0.5311199512813454
 0.14777421409908723	-0.9276626336594688	-0.3429355912695202
-0.8489172354726922	 0.2922250271658806	-0.4403908046443543
 0.7050320336416953	-0.7080213504940059	-0.040442536810878504
 0.9286449315212901	 0.3103240668561904	-0.203267224828926
 0.8692390774023804	 0.48299538732714653	-0.10554090267454774
 0.6352561914954401	 0.6752269075484594	 0.3748575656022606
-0.7155926362160939	-0.02451532758103806	-0.698087514361126
-0.31109815274286473	 0.5956861167820405	-0.7405241317020739
-0.7570028370014685	-0.5261271410032522	-0.38747507825855343
 0.2739868836497682	-0.786312851258306	 0.5537538149159078
-0.6659802067521013	-0.31825155945042427	 0.6746749655365918
-0.378244559370124	 0.8832195735852466	-0.2772259694595651
-0.26496349933475116	 0.1810062344734456	 0.9471172509790049
-0.8697390680675738	-0.2207156476074803	-0.4414052065598668
 0.875831970460421	-0.2123063326779712	 0.43341017595834885
 0.6355282642864728	-0.481475591825192	-0.603560336478139
-0.042317252790347044	 0.9933468484453419	-0.1071041026291002
 0.6145408647123424	-0.7368418190522457	 0.28178654917221313
-0.17268420659498263	 0.7934203560421165	 0.5836645469879616
 0.49711248431855304	 0.6791138806967107	 0.5400773231489082
-0.5726808310445289	 0.8162350149538796	 0.07613846673914382
 0.8714356506647942	 0.07476445916387212	-0.4847784879678143
-0.27912920449386047	 0.8326064226732639	-0.4783862791948099
-0.032247161502803205	 0.9922472964194868	 0.12002259505289459
-0.4013149976363558	-0.9003448336135337	 0.1683016733652698
-0.6730787075592236	-0.1736586253711805	-0.7188934102247686
-0.10264894398415533	 0.9884051747697776	-0.11188567731065047
 0.7588720028440872	 0.1349083636542299	-0.6371130329192314
 0.4105321651567278	 0.9117840198107319	 0.0106415501460988
-0.31284026700981504	 0.5413258914398641	-0.7804468249625109
-0.3829230748844795	 0.34616029307491825	 0.8564712314020255
-0.4949201978977314	 0.5755213659505442	 0.6510216241011433
 0.14651901068105877	-0.13614613756593466	-0.9797940644517711
-0.49141446552817203	-0.47767531740565816	 0.728243169697502
 0.6266321830832478	-0.3908213920117194	 0.6742334511653549
 0.30450732153592047	 0.6402733368650236	 0.7052129786318084
 0.22133677193401605	-0.23071988078819955	 0.9475116727507416
-0.8787958820079189	-0.4746254735646352	 0.049481891732930716
-0.4913967349485965	-0.8425166159771738	-0.22066943758533997
-0.40814012997442173	-0.7637693445034647	-0.5000780166146177
 0.5893864001826292	-0.6750420521995385	-0.44378136400934776
-0.9914134532509749	 0.13076453033322247	-4.816335572499497E-5
 0.6195156675125719	-0.37588559686942596	-0.6891373997778438
 0.47894152471507945	-0.1929464196661346	 0.856379994536079
-0.9497827732995969	 0.1040224199261037	 0.2951135708435715
-0.5904474195781991	-0.6011758705544631	 0.5384787993751747
 0.8218773004032933	-0.46085717585447455	 0.33485573990187567
-0.17375153615710004	 0.5121353270779913	-0.8411467234922614
-0.33043616599890574	-0.8200350370602143	-0.4672841514470576
-0.4831466191420994	 0.12110607328115174	 0.8671232112139424
-0.530732518088648	-0.750021398291961	-0.3947035550225695
 0.3774062997420141	-0.34192681463704405	-0.8606105613732646
 0.7893975832046014	-0.21451518536242045	-0.5751823109933587
-0.9025757905095992	-0.3424665214086085	 0.2609092257860175
-0.7984338966381005	 0.5743087589596694	 0.1807560844937266
-0.04087574242467792	 0.9834771386465708	 0.17635728349230417
 0.14979181385396442	 0.08247356546382573	 0.9852718018404989
-0.7003761172440807	 0.22162238360432465	-0.6784959937093538
-0.28561660874455147	 0.9155809239561953	-0.28308077380278185
 0.008804749049750232	 0.31842731285303966	-0.9479063892723603
-0.12297109540709282	-0.894252262296679	 0.43033824030830825
-0.9787609640305656	 0.13991028409201162	-0.1498402072050442
 0.963412171486388	 0.10941841153900876	-0.2446724321376692
 0.44239982848011244	 0.809958739216032	-0.38503146952988554
 0.5098405713480447	 0.7781030623883166	 0.3669035515083261
 0.8883647633144564	 0.4577847002408458	 0.035230888814347994
 0.620070648547602	 0.7656058645564556	-0.17134774864735847
 0.6745436858698943	 0.6783830334648762	 0.29118254714190916
-0.442833565628783	-0.8904207596324437	-0.10511566946978146
 0.04940927342536411	 0.9875145294721616	 0.14957866753301774
 0.6761823633423772	-0.2209974681679926	 0.7028068942234804
 0.37542947567779394	 0.25315806567010474	 0.8916073701907514
 0.06883262349447064	-0.9785583202574296	 0.19412800879271996
 0.7974407812117162	 0.3983958096834083	 0.45317654317842737
-0.5621785954202724	-0.710183664594754	-0.4237857824350124
 0.7414260806223543	-0.1266028654627322	 0.6589833696153489
 0.7041493219015444	-0.24587314756024137	 0.6661232076533703
-0.7029157602188899	-0.5021185306663682	-0.5037721858115507
 0.005287406240168973	 0.8308053150161171	 0.556538023747005
 0.39628949742171626	-0.9181252729867605	 7.857074710224676E-4
 0.4129931827342716	-0.4367685325668126	-0.7991682425962945
-0.41973705671258993	 0.7691562737811798	-0.48189151240222405
-0.24713694506423275	-0.9400037650248173	 0.23519407331709363
 0.3479532966838775	-0.38883991834031956	 0.8530721078736048
 0.6188462425434514	 0.45690742404189	 0.6389561283415757
 0.10003666568148302	 0.9854444189922524	 0.13744803598579858
 0.631924894686994	-0.3719372484489053	 0.6799511825793738
 0.12449286888649899	 0.4595657276739404	-0.8793752711692151
-0.7053217189081205	-0.708887346918239	-4.707137866932776E-5
 0.9207278140733214	 0.38915150200446275	 0.02866009210442133
-0.2935851727053931	-0.6858110595429026	 0.6659361358089722
 0.46106687074771935	 0.21348600692087705	-0.8613019595634768
 0.6173901461041137	 0.6425032463863427	-0.45389314367651745
 0.06888342802191816	 0.6216803504182483	 0.7802362560454321
 0.8234751149574943	-0.3245523616496341	 0.4653541657634397
 0.5492532076099768	 0.579909465489208	 0.6016859029146129
-0.6207053918536418	 0.23807576433683297	-0.7470239266310348
-0.3703815381691747	-0.8520576459267373	-0.3698855014747442
-0.8739828082942913	-0.4856854769337905	 0.016237866289028347
-0.30649070704553133	 0.2980113135059617	 0.9040203003899756
 0.17278926291040755	-0.6307278043382862	 0.7565225095510923
-0.9085830804361079	 0.31576834993231795	 0.27343579708270527
 0.2788987045937532	-0.5452221588067482	 0.7905367228168692
-0.5006673604822124	 0.7966636714684079	 0.3386136274727449
-0.11285987528381147	-0.7491100880333943	-0.652760847904899
 0.26096071179281716	-0.7848924385032192	-0.5619994367266363
 0.9829072993053354	 0.028637166294193897	 0.18186025865738387
-0.014169613201774619	-0.9950700047542798	 0.0981575656790139
 0.20747852507208991	-0.336852871799259	-0.9184131991617401
-0.13387013569452014	 0.8055108661215146	-0.5772616662565584
 0.8650539140385504	 0.4248439579713701	-0.2668133002340871
 0.8553524100694918	-0.20581216888838935	-0.47540888267445003
-0.3071844588941937	-0.7536676514316387	 0.5810531640042926
 0.5533784129326201	-0.4427692513528525	-0.7054982084715802
-0.1124900295300731	 0.1908642255293372	-0.9751496503970094
-0.20181482376786264	-0.8709829007922874	-0.44795040287402266
-0.8906541305137284	-0.1947672239992687	-0.41085392568947565
-0.6190453892403808	 0.7829434669856816	-0.0615006793837769
 0.5275208025820984	 0.7162274748758802	-0.4568807361621403
 0.9717150230826805	-0.10527784103696784	-0.21139179289182608
 0.0010893759765771792	-0.515922880723761	 0.856634341131429
 0.4696068035726154	 0.5890076626765706	 0.6576772942306843
-0.6063122421604821	-0.45767358322109114	-0.6503232705569559
 0.49504931824348314	 0.29328713478417145	-0.8178684668556147
 0.8072683840041968	 0.4091419822549311	 0.42534761612563243
-0.47226962050020904	-0.736925173267585	-0.48363487731668875
-0.8719591165103032	 0.4726358804401869	-0.12768172796097654
-0.10718137288005293	 0.6902981477699094	 0.7155421863824518
 0.9365321867025731	 0.3297126647673777	-0.11915125665342963
 0.9015967197484391	-0.4145746889715849	 0.1234956768594273
-0.6084538684638037	-0.47306364710250753	 0.6371771148915397
-0.35137073615663494	 0.1558172120085924	-0.9231790737525487
-0.318374079887698	 0.6953615374468669	 0.644290522586815
-0.9986180483056962	-0.013790453481946722	 0.05071308500657756
-0.8870451962112446	-0.37959453728806614	 0.2627904243681902
-0.3307061141375532	-0.5740701714379225	 0.7490506687382863
-0.445421357335175	-0.19526089788454093	 0.8737694182031168
-0.810963222961389	 0.07175033842713543	 0.5806811000365588
-0.08200283010637041	-0.8400224645765307	 0.5363187437161943
 0.5782158540884739	-0.6698365918846318	 0.46581688060129167
-0.738140112060142	 0.6731121103203133	 0.04548914054997688
 0.9803001182251514	-0.1965884433750951	-0.019096128903811405
 0.42517567657797845	-0.15214626433986544	 0.8922315609155966
-0.8438694166439767	-0.24513454153495703	 0.47727713563442453
-0.11697534811668389	 0.6082923687878521	 0.7850459617165382
 0.019289028769103756	 0.05367640631014904	 0.9983720632984341
 0.4515134560261712	 0.10360317604287517	-0.8862290792685217
-0.8253273287509078	-0.3685541252772872	-0.4277880984295668
-0.8749296910143319	-0.4838712195121707	 0.019148856607386966
 0.07703271808541812	 0.9702191807120335	-0.22965343829963225
-0.8057816214663673	 0.13116004319520277	 0.5775058628066598
-0.7127207811414806	 0.0628026771686621	-0.6986307407132373
 0.99238756242922	 0.12181871025031359	 0.01808667378876172
 0.8632914046451738	 0.4808264777763276	-0.1534074604932023
 0.5056225110451196	-0.05024533658827487	 0.8612904750869819
-0.3835311796630032	-0.6534817059657598	-0.6525837066571503
 0.22966189516878407	 0.8876097951457467	 0.3992546373792145
-0.39390309171719834	 0.7828656596151912	-0.48162403732673464
-0.24247433409088476	 0.10857872300622891	-0.9640626837594735
-0.7891567782820338	 0.37449752556180144	 0.486809185040308
-0.3664519373617611	 0.6537572127749769	 0.6620532337724101
 0.47833747681085886	-0.21886891764883518	-0.8504643761883552
-0.8384445587192143	 0.08001847147220731	-0.5390804820964985
 0.5117789945354767	-0.8545056852718877	 0.08889485131478603
-0.2924908895030911	-0.6768386280283082	-0.6755283496393383
-0.11497654225669737	-0.9485365126918808	-0.295057416143061
 0.13379475087247375	-0.9047367716738125	 0.40441357373389475
 0.6818504964547157	-0.6108348814954692	-0.40244334760668354
 0.968630653112399	-0.0899149156849227	 0.23166779186676023
-0.8137996040619923	-0.5552144599368445	 0.17165986107877007
-0.7811364945594309	-0.5431064133536613	 0.30799545555336727
 0.18345661036616506	 0.9812385624056094	-0.05928368882863322
-0.4458555806380314	-0.059259408990536805	-0.8931411555067967
-0.9969088264112173	-0.039155199920141624	 0.06811506546002155
-0.13850340399819372	 0.11470074817192565	-0.9836973850985442
-0.3617291192486002	-0.6302298205972587	-0.6869952092391758
-0.9132020237870697	-0.398507941588922	-0.08516738954412251
 0.877580773887076	-0.40058866270745563	-0.26340218035166907
-0.9688949990703625	 0.13404363697853136	-0.208025921851124
 0.6801743075089982	 0.6787348590181181	 0.27691497351770256
-0.23941857665476876	-0.3843421585531949	-0.8916052098946459
 0.1874608917036639	 0.9034198163196898	-0.38560478415414545
 0.5917698607354873	-0.6779040812641116	 0.4361817150346434
-0.3731331406198354	-0.8498235000958362	-0.3722521699816408
-0.4968323712898555	-0.8034505830608185	 0.32806212127847023
 0.8832396774976494	-0.43346345642446743	 0.1788773435580986
 0.885631099674649	 0.32154213598551856	 0.335064486442449
 0.2522143118528515	-0.0034464048289905114	 0.9676652640197163
-0.43326071053499354	-0.6490493181587905	 0.6253160315427087
-0.31220129815180536	 0.5675579001737382	 0.7618453776080187
 0.2719813478704845	 0.5999601687386749	 0.7523788555891342
 0.07035166380501065	 0.8980835481679685	 0.4341619328198856
 0.5300237853413726	 0.8188741697153424	-0.22027228864614634
-0.9763194681258937	 0.20416079260761225	-0.07154485949531009
 0.8420627635365224	-0.5053031110110557	 0.18867715353954106
 0.2654721091356659	 0.806509173416582	 0.5282684094908219
 0.23820645183687575	 0.5783073973658411	 0.7802680567953768
-0.7877207114192357	 0.002303318269635792	 0.6160282262413972
 0.43426223785843654	-0.22328917354129668	-0.8726730508898664
-0.6053678613600801	 0.609244703873181	-0.5122017602808515
 0.7265689596991398	 0.6858623253761873	 0.041114686321054306
-0.11716357534708247	 0.9551560373730635	-0.27193683252122236
 0.133151611922456	-0.08216528109979121	 0.9876839144302412
 0.9367102653851441	 0.3158915406378586	 0.15095169186045276
-0.8463476403004442	 0.3246306383903408	 0.4222684221868238
-0.12991189331432773	 0.9163318728358185	 0.3787595527517269
-0.7157706294635392	 0.3475104337756858	 0.6057300590315817
 0.07660322617197242	-0.6505523578513969	 0.7555882314025502
 0.1300356999091609	-0.7694807606881251	 0.6252919923363476
-0.8487168454457306	 0.11300548065369465	-0.516632826675653
 0.9923192377424976	 0.10675873527643769	 0.06249082211272339
-0.34953367875246205	-0.7029012640457555	 0.6194804439372157
 0.1228606127633185	-0.22952589471353238	-0.9655170291027364
-0.32168687241483923	-0.940396446586985	-0.1103271469880871
-0.8703948793653515	 0.4580579864648762	 0.18054261272707461
-0.6435295445966691	-0.7511998827597892	 0.1468620487834842
 0.6546477681723282	 0.49213454214570024	 0.5737942941978698
-0.5859639003771855	 0.3165803297117254	 0.7459378005533512
 0.5697666084114984	-0.6452618029486178	 0.5089235871864828
 0.33354902122392116	 0.3009147644858456	-0.8934177941786208
-0.8912140759366763	-0.28828318206700687	-0.35018606167244437
-0.5492375346916034	 0.7797304303257881	 0.3005970500684445
-0.3015255941722961	-0.35912506301271063	-0.8832392117513581
 0.32403101115873956	 0.8694873921341418	-0.3728211082103774
-0.6601534442621905	 0.004588491774554752	 0.7511167524240168
 0.9801325975186217	 0.10055311910651163	-0.17096538105520453
-0.9646009645996833	-0.26323254877976277	 0.015924960165424773
 0.018478216555776795	 0.5196430443296582	 0.8541836231119879
-0.6293602365890427	-0.06605828192852682	 0.7743009724837207
-0.006850145075408324	 0.9930783566109049	-0.11725379799149427
 0.6404296916982519	-0.5529307891902002	 0.5330265962940166
 0.4705842771633749	 0.5170764500590473	 0.7149701971977276
 0.8506727440594245	 0.389566801875721	-0.352978171266626
-0.502558209205551	 0.66187207552799	 0.5562019435388377
 0.7065594548378619	 0.44659190141573163	-0.5489347960997781
 0.6459918113040312	-0.20080234319165613	 0.7364597739842125
 0.7304494740805064	 0.604240598139776	 0.3183345180391175
 0.10329360754673668	 0.9940940651257021	-0.03327792544371189
 0.4986499489025779	 0.41872962180071416	-0.7589556853243062
-0.5168446212336413	-0.7762436434956401	 0.36099507397534847
 0.9479461529594093	-0.0567072630566403	-0.31334067307976676
 0.8318881439829918	-0.4245973297296497	-0.35732229637539303
 0.12520387813858547	 0.9709598697752255	 0.2038649557553609
 0.6475885159577871	 0.7028614242251875	-0.2943041493688663
-0.22500089265839746	 0.8138918086443782	 0.535681549173114
 0.4817006997216978	 0.8762017194473074	 0.015329146264832838
 0.4670883191137141	-0.2673955865149924	 0.8428096478208045
-0.9603393281745194	-0.18273601766654257	 0.2106084580654013
-0.3074076985227275	 0.012034113919922176	-0.9515018060892593
 0.9484006319423071	 0.12732869676273986	-0.2903853376328336
 0.2825731092964886	-0.6416260422767688	-0.7130697439765377
 0.43850048235263145	-0.18710698360116973	-0.8790382833893988
-0.2194917918024443	-0.10146052178828703	 0.9703242323315444
-0.33673386461682064	-0.4461329863489398	 0.8292018227859834
 0.36821006270278767	 0.1684851820521201	-0.914348999645799
-0.44865004881244375	-0.8583652547952774	 0.2488417630962101
 0.8921714722870675	-0.4515877375605132	-0.00992871200626877
 0.08052240472582523	-0.3557286292438221	 0.9311140019747752
-0.5925917872185158	-0.025487819473441975	-0.8050995868708757
 0.46637576467266684	-0.8836636035136732	-0.040401509269023306
-0.2156217614725862	 0.8857174746476763	 0.4111104609265033
-0.45380422651423424	-0.10199846295072246	 0.8852446201776702
-0.8487732205836152	 0.2321197920394649	 0.47508359492164454
 0.2528445984590579	-0.9521487580549004	-0.17170425610504925
-0.6389628131603015	 0.3567071212816287	 0.6815325032786383
-0.853847497040518	 0.4150945327380266	 0.3140716171331659
 0.47617540932268526	 0.7375740190939575	-0.4787917563137021
 0.8431567324739548	-0.5303373140224622	-0.08848196335572545
 0.16273555090101965	-0.49379105425766173	 0.8542174987718576
 0.5795151182176472	-0.10716746781551899	 0.8078844976846604
 0.492193503689752	 0.16593475496534657	-0.854523968078249
-0.381906277815517	-0.08639730646315659	-0.9201538460502181
-0.48071223907192073	-0.7508200009712294	-0.4529735857067425
 0.738492098925874	 0.5506190880653529	-0.38916325582220157
-0.7008801430048396	 0.25182281218909897	-0.6673472082826819
 0.7261726763584605	 0.241541526941441	-0.6436854316148437
 0.8521488814893318	-0.222954078253469	 0.4734276742720336
 4.066720987608673E-4	 0.230231756343637	 0.9731357423241263
-0.05389266997478368	 0.1410873023743906	 0.9885291868385608
-0.2807323947192411	-0.9137004632931726	-0.2938380266967535
 0.012022533006611045	 0.4632813671995224	-0.8861296933890921
 0.46489971348118275	-0.19024013072604748	 0.8646831495215173
 0.2376344210059605	 0.6752964576933412	-0.6982152792513117
-0.10951845595749228	 0.6201376635707184	-0.776810778778035
-0.7844323385034576	 0.16371436440056045	 0.5982169449279395
 0.4529150420105607	 0.47493559684476877	-0.7545224606135164
-0.9221416369428473	-0.38482358500610675	 0.039567787901442886
 0.9680599271226302	-0.194639971483075	 0.15803562573165464
 0.5343187984706768	 0.7602216961888315	 0.3695489064313793
-0.04828910754180364	-0.8073505944118664	 0.5880928326341193
 0.779596427689339	-0.18893498667463068	 0.5971038274406539
 0.9493412732333619	-0.16681844520371883	-0.2663132615463848
-0.8473627575909937	-0.43791508028567117	-0.30034436819454613
 0.9576546383417798	 0.24424311606114615	-0.15245620328217724
 0.7803776819393266	-0.6133623037661683	 0.12164439095026891
-0.5463240944078287	-0.8149095231526282	 0.19352636240218546
 0.1754746560167763	-0.7593941646138884	 0.6265214663889567
 0.4911371273178766	-0.7597252296475923	-0.4261477415249988
-0.2679243830297343	 0.8416179273528865	-0.46893047388324804
-0.12690419250187487	 0.19401695915129571	-0.9727552341093475
-0.5432858083842697	-0.5705563885519906	-0.6158781842952068
-0.22083072188303018	-0.9053929561544097	 0.3626256847199314
 0.6375549571813381	-0.18663677699572262	 0.7474559452209548
 0.9536782272892443	 0.2409719966015844	-0.18008424597473915
 0.6222836879089074	 0.7756962636356906	-0.10515853909273765
-0.5553627372737587	-0.5045787257222716	-0.6610389849292451
-0.043268245113080736	 0.25518558110929945	 0.9659234846294729
-0.316585649627278	-0.671914219584395	 0.6695556795146822
 0.7634758072603329	-0.22554538289484358	-0.6051726794750416
-0.27373081518992187	-0.952978446878537	-0.1300135400657645
-0.18777760880596753	 0.941731410473352	 0.27907260732466055
-0.3796646729361006	-0.8427893670353866	-0.381524335968777
-0.6029690961348139	-0.23427969394482662	 0.7625885483742094
 0.4969000560037718	 0.8441251634165762	 0.20135303034815966
-0.21161988758996084	-0.8258496861770269	-0.522675156304294
 0.2438326557826305	-0.1615989780999363	-0.9562590685849968
-0.6210484959305055	-0.47797914446440043	 0.6211559410965468
-0.3776285147454712	 0.48786318920947974	-0.7870109360520252
-0.6779812744317555	-0.3345807997204372	-0.6545204962247748
-0.3265766314737844	 0.770128037375716	-0.5479511929205592
-0.5666532532481754	-0.2531209244681592	 0.7841134408869954
-0.6476226132541479	-0.7618879369947524	-0.010569875294843323
-0.5241331498519609	-0.44812512449623937	-0.724201846187575
 0.7575674271156008	-0.5338254412380681	-0.37566207109639205
-0.43772416047427926	 0.16313629136753727	-0.8841855629764226
-0.6593505612826299	-0.6365752549199697	 0.4000359760819725
-0.8220927156739742	 0.30293996871713197	-0.482069437103674
-0.08185866822577531	-0.8275164121561325	 0.5554419376033324
-0.4915540594673141	 0.7854472014272761	 0.37609480239862947
-0.05872359622536531	-0.9212934956993554	 0.38440842086044635
-0.6921205525477386	 0.7127212825464054	-0.11400664079964784
 0.3691436385973894	 0.33756282991900044	-0.8659008661158365
 0.8654731079339224	 0.48642086552126224	 0.11979583059832732
-0.6374930918796096	 0.7579377998513233	 0.13832154337741898
 0.5780016718712347	 0.7789795574555416	 0.24311502705597166
-0.08157505402807384	 0.9966298258373821	 0.008631385269238345
 0.05208974310079683	 0.6253660941716236	-0.7785909753678248
 0.744166290425814	-0.6597662178468183	-0.10452305957054597
 0.46637987761491134	 0.6646167890379496	 0.5837587973510856
 0.803535945662923	-0.1172011919316475	 0.5836042020388417
 0.22938687402574348	 0.3586614557854338	-0.9048445292748202
-0.8644710338207723	 0.04788051131464428	 0.5003971306083732
 0.04754019144698701	-0.25465224558510385	-0.965863429277477
 0.17088842429561324	 0.7870246394449643	 0.592781041657277
 0.9428270253702229	-0.2799716280957654	 0.18081229961743084
-0.8820959902830944	-0.05566962444173552	 0.4677687001510502
 0.8049938889970873	 0.051698599892839925	 0.5910263052068538
-0.9141325022545919	-0.356157697521995	 0.19368392503661647
-0.6367265863744386	 0.09185534688430652	 0.7655990134872943
-0.8411503123016396	-0.4648017952391414	-0.2764515206276237
-0.9218202802711948	 0.37912483601233543	-0.08069528858214481
 0.21055842590802282	-0.1138678803740038	-0.9709270081207275
 0.05381409205681579	-0.9562481831776383	-0.28756469822557595
 0.6486365872561682	 0.2373447312374863	 0.7231445610847644
 0.044114937574829025	 0.9986196014768568	 0.028509013118183546
 0.5434102142272421	 0.2564308498444828	-0.7993425788243356
-0.5420903415409262	 0.0933757720975288	-0.8351161756266205
-0.5343034447206003	 0.8332826230558859	 0.14198555938123714
 0.3751916775699897	-0.3668590585237927	-0.8512612033102727
 0.10290435325060393	-0.9108737571455949	-0.3996494621859794
-0.48876272232313583	 0.848967749751563	-0.20090983338066026
 0.44730912398811196	 0.3235890691910592	 0.8337893390401749
-0.748870973394028	 0.21691292895555578	 0.6262116626667082
-0.7304972291381061	-0.5087094158852153	-0.4556188411504425
-0.9084738694982031	-0.2836296911296564	-0.30696812008522567
-0.9479521904521931	-0.1948349875081024	 0.2518451354694118
 0.4027929982727057	 0.360713627117787	-0.8412154776001297
 0.2608884323867963	-0.9527507533335086	 0.15557386627962888
-0.23541546928542248	-0.893079752412632	 0.383390287633524
 0.5650378994456745	 0.8245683981343958	 0.0286204295582122
 0.3375164829964601	-0.4825140144516136	-0.8082467751642985
-0.5423685066421998	-0.7162527443469832	 0.43911093042433524
-0.049846723813927386	-0.982337526932905	 0.1803560015756671
 0.1688839165581093	-0.9814266432361145	-0.09099432220905901
-0.958583343018721	-0.19693156822054741	-0.20575697296871653
-0.25642338446941376	 0.8254250406638263	-0.5029120699907406
 0.24184243984669365	-0.6829008238055095	-0.6893175604427577
-0.6815835226833591	-0.6810965966224567	-0.26749079923587926
 0.07549444025060088	 0.5427379426664439	 0.8365023102666509
 0.5546721494242494	-0.09010297254793684	 0.8271760761718807
-0.006432942326120087	 0.999150622972719	-0.04070196391154379
 0.20249674360128966	-0.9182597874675635	-0.34028522088227486
 0.84951982166066	-0.4832666926973508	-0.21158775090965154
 0.5270476702778514	 0.030261687658169712	-0.8492967582151534
 0.5902105345713233	 0.20875138851504751	 0.7797912430093534
-0.6695429250969533	 0.33746773161352	-0.6616855760648261
-1.1838424758454015E-4	 0.28162425264267166	 0.9595247606542661
 0.2566320943835188	 0.6498059149159102	 0.7154664499979195
-0.30293956867580657	 0.9513677202660705	-0.055920287608844044
-0.6028392481162866	 0.0549091579317315	-0.7959709952666731
 0.8621981085024526	 0.08691740317274932	-0.49905890105327133
-0.07339950583035897	 0.851867519113566	 0.5185887025602829
-0.44957586119029846	-0.5568538318987333	-0.698423478224135
 0.04483525855471293	-0.9204538039633261	-0.3882712896413729
-0.0974124265950227	 0.1082090802134486	 0.9893440322275304
-0.5062682709588807	-0.7667329528770307	 0.39473157562168026
 0.41871009636552986	-0.5558049440574724	 0.7181662198703296
-0.8826263463879339	-0.47000829084752815	-0.00793342274634612
 0.9813245526421203	 0.17181136900279076	-0.08650419563887857
-0.07237286436928432	-0.9069487023965096	 0.41497737254490485
 0.4535164583307757	-0.8757841276658141	 0.16530270340118114
-0.6556019507057059	-0.19707071298237025	 0.7289370455090709
 0.4670254871228446	 0.03592020302368751	 0.883513968985441
 0.3993807037036017	 0.7396379773579363	 0.5416924551432083
-0.364078351095874	-0.8545219412962727	-0.37045810303806137
 0.3006241972639486	-0.03575823843117278	 0.9530721066129813
-0.3976809345192578	-0.24847310110923368	 0.8832389214391825
 0.2805236610113521	 0.9597249135543525	-0.015315544909621837
 0.5381256002710416	-0.6046832454640899	-0.5871788577494479
 0.968423847733089	 0.2436299890750961	-0.05291199830952764
-0.788881254709795	-0.02598283522605581	-0.6139961386206882
 0.8778219987653576	-0.4333893938446088	 0.20396610450414343
-0.25344199498017006	 0.9615032119235404	-0.10620135894227989
-0.27679165725850363	-0.8920354857763491	 0.35729409537220724
-0.1527042244835142	-0.9257695157766034	-0.34587891448257113
 0.5115084368270272	-0.8592667949653164	 0.004437806305370717
 0.9114791920337237	 0.2577674059374108	 0.32056457528218574
 0.9183438596408918	 0.3848410457923926	-0.09242253476986795
 0.13284005229244883	 0.25563424738221996	-0.9576035986107536
-0.11202904092937965	 0.9365329785505201	-0.33219794411726045
 0.4565047702918947	 0.542702786440132	 0.7050369354089621
-0.451090160832388	-0.3732612483677681	 0.8106748468203178
-0.09300549007331098	 0.7742694820399283	 0.6259846228126091
-0.8903379004563624	-0.1408109543943109	-0.4329788656892155
-0.18542301661614471	 0.7698897774367729	-0.6106455891164082
-0.768536852382777	 0.28635873969504394	 0.5721448931257185
 0.0667589301718698	 0.22138865048153272	 0.9728978932448529
-0.08675994592765014	-0.6051523443401908	-0.7913680255874647
 0.16434695401735933	-0.7459368693988606	-0.6454209987106425
-0.6645502269501024	-0.6420118043546543	 0.38235302918879643
-0.0945412048112741	 0.780061176340153	-0.6185196211597892
 0.03598330528396756	-0.5226778083566302	-0.8517705738004517
 0.4086691902069868	-0.35212399566732944	 0.8420202994292003
 0.855952641454595	 0.47327608331457083	-0.2082182137790085
-0.23607055042158717	-0.884156079572622	 0.40316091350529026
 0.3684426484156479	-0.5826228175260607	 0.7244312716375914
-0.4171119684179838	 0.8355926458449714	 0.3574948055738365
 0.15525235701966358	-0.4771886569066645	 0.8649784340429838
 0.5792114549797018	-0.8146540683351491	-0.0292034135896313
-0.32779075279753994	-0.05118197498800148	-0.9433629353630286
 0.28538386432121016	-0.7232746212715383	 0.6288321494720239
 0.32150441360465676	 0.8093309734860609	-0.4915468313282374
-0.9863353379037496	-0.15787984066665814	-0.04708032618160751
-0.031133750414704276	 0.6628478843824502	-0.748106524336491
-0.28220099367787677	-0.7588566323879348	 0.5869405512043462
 0.6013520793206435	-0.7811565371710583	 0.1678396292049631
 0.8447732116480904	 0.2829492162797352	 0.4542003543464648
-0.1357422708598588	-0.9543181114857426	 0.26617847018888385
 0.25129112141594945	 0.22770965852156405	 0.9407449620983932
 0.2520959819989352	 0.7673218659836724	 0.5896310455219669
 0.12952108094265016	 0.9393500428072665	-0.3175622563678404
-0.50320602477917	-0.5865903236287223	-0.6345829251178259
-0.3568477117456602	 0.7293591585134584	-0.5836907815910974
-0.9133798200317385	-0.37553511610248147	-0.15719631335589512
 0.5151485814791958	 0.8037731273262795	-0.29760829757939344
-0.31778541474766714	-0.7072258304179153	 0.6315410160578196
 0.958953068514168	-0.16522452731687998	 0.2304557830911933
 0.255855304421695	-0.6621299135777575	-0.7043593122439662
 0.3002299506476118	-0.32506723234275786	 0.8967682371667454
 0.3464869300177549	-0.7662655193591953	-0.5410951498286176
-0.3400214027699391	-0.35900787684145474	 0.8691943338656516
-0.5609100972857701	-0.36500513259361406	 0.7430687154921718
 0.8808968209960931	-0.1315137476569786	 0.4546701276048315
 0.6525646380461534	 0.557085689070716	-0.5136291738251426
 0.0190684853395444	-0.9657623653794563	-0.2587265863484718
-0.24742537072102394	-0.891357365476559	 0.3798193424962082
 0.6510187709245253	-0.2741459899500805	 0.7078266285597137
 0.08173381850154703	-0.4056302081316711	 0.9103755912612186
 0.42236749264518253	-0.46649685206055985	 0.7771656118062673
 0.05730363572106169	 0.9810152323132747	-0.18527117234604962
-0.7822322196119109	-0.5048014883311313	-0.3650865814840334
 0.34510988896194933	 0.8600822923309456	-0.3757094821260396
 0.018380114146064448	-0.8896877405595756	-0.4561994034432475
-0.9407861455306246	 0.2881920968337662	-0.17851258695169814
 0.8992725528642429	 0.25650989668692836	 0.3542760908764362
 0.40408844708543495	-0.2806212118329889	-0.8706114302037771
 0.40461564878435624	-0.9128528671957384	-0.054642653772799754
-0.1788198621714295	-0.09939548448292168	-0.9788483000738144
 0.29371714551139927	 0.23962809257308657	 0.9253694482110482
 0.710624687405502	 0.6174638172411689	-0.33726990385712874
 0.3923823620364345	-0.02059876203372845	-0.9195715159602249
 0.9782902019292479	 0.07865802552810118	 0.19173209389471535
 0.4801214936099197	-0.8315748263022705	 0.27922510566589187
 0.852014140620233	-0.1057842072928741	-0.5127198120519474
 0.43439976210523046	-0.8397059048109405	 0.32586936049367843
-0.7963848527772509	-0.07728443578565959	-0.5998318783227918
 0.49982802425508155	-0.6263042532963816	 0.5982599171531746
-0.14001100794393834	-0.9675308950442391	-0.21043023734581512
-0.475780879823876	-0.40193475564098285	-0.7823560612674014
-0.9099178605642112	 0.2257166579988591	-0.3479963754524962
-0.20574252755525205	-0.15817925603712524	 0.9657377155908937
-0.46845451026419166	-0.15498907690595873	-0.8697866162760697
-0.1815616953038285	-0.570441028748832	-0.8010195899716648
 0.014492903374865557	 0.6658721511456843	-0.7459250861047548
-0.8445027661828807	-0.36186407708929264	-0.3948030744836941
-0.5445637236621471	-0.8318140818045753	-0.10740430244095589
-0.4344620295417939	 0.40170454232666547	 0.8061489971218407
-0.4841377219331758	 0.7705973563099098	-0.4144760314536089
 0.41595293129069055	 0.7388622175631826	 0.5301563754292673
 0.9455274485727946	-0.019455689042591928	-0.3249604901511862
 0.863732140873509	-0.3504237562263606	 0.36217396357865517
-0.4934297058491492	-0.6915327914396441	-0.5275504940281224
 0.3805545700631133	 0.025307090129332743	 0.9244121215092675
-0.37183513108348204	-0.01112713974303315	-0.9282320949273779
 0.16554719294293613	-0.6417967050561552	 0.7487931064638462
 0.4546887521971559	 0.8798170846120842	-0.1384920078924632
-0.8809465027773526	 0.46751424179682216	 0.07323723753319822
 0.8866156024763749	-0.4110439264986378	-0.21202750749380872
 0.28158718003233146	-0.6839211834313483	-0.6730233836170205
 0.14121548091707462	 0.06598158836515523	 0.9877776156332814
-0.32205186369747013	-0.4476489247840723	-0.8342020362170366
-0.8318179104947016	-0.3019990183106009	-0.4656989979800923
 0.026401372427013167	 0.8167990789100283	 0.5763178222350056
-0.36775673548784943	-0.5732733260057116	 0.7321971573242203
 0.5947476687747022	 0.7757547428636323	-0.2109023219683388
-0.5238447462395724	 0.555133060620574	 0.6460758212804687
 0.2793933389673351	-0.8336611891717179	-0.4763909988753785
 0.7715951294647984	 0.0029677780338751075	-0.6361070259631965
-0.197590383887164	-0.8002077904238962	-0.5662380527130164
-0.9634760337771175	-0.2355254541880451	-0.12744290002440173
 0.5434123168408701	-0.6502566045987124	 0.5309137425998611
 0.9312800801420662	-0.034087778215472576	 0.3627057150182771
-0.5496306171102964	-0.07563530863853869	 0.8319768535374694
 0.23883951210218546	 0.6533009231516524	-0.718438300251308
 0.5965629659209477	-0.6168326635517567	 0.5134492115752516
 0.21137398022629678	 0.8498554001651747	-0.48276996519396675
-0.05352886151684111	 0.8924833438305219	 0.4478930028140664
 0.5832361662484734	-0.36683907623837825	 0.7247514515503617
-0.5944389498665937	 0.788547801412833	 0.1575902908446094
 0.08394949347244993	-0.07452320731130406	 0.9936794121434516
 0.7206207854800648	-0.6907980970491456	-0.05919182922814348
-0.4452200429293181	 0.38399895663750433	 0.8089029080645738
 0.48885313134784597	 0.36855060037882625	-0.7906915143921884
 0.016348051102690195	-0.9031036521419137	-0.42911133137343427
-0.01583080795919503	-0.38819698087820986	 0.9214404427614418
 0.401174071329372	 0.8978343077388764	-0.18152939249627997
-0.9056217689641151	-0.13096468734897354	 0.40335773482839343
-0.20178761504201434	-0.6453345131104592	 0.7367666690371806
 0.5521832062682084	 0.814413202998291	-0.1783951835039992
-0.7736633624547519	-0.33982293691324994	 0.53475730302901
 0.2436722146962588	 0.37006376306780947	-0.8964801520664651
-0.41582008586592367	 0.34489357293240547	 0.8415117821756124
-0.9790494840904551	-0.04913377477493723	 0.197605617021833
 0.13376504561608923	-0.7864485305769495	-0.6029971984385023
 0.5503468659938745	-0.8042653940962006	 0.22422199479534521
-0.33500469823431606	 0.9422119872845365	 0.002902271224292541
-0.8061853456452359	-0.5170285022227943	 0.28765728976705174
-0.08971180246561244	 0.2968384096910086	 0.9507043446994885
 0.6706112553023784	 0.5444511312208283	 0.5038387737899184
 0.2613121368550841	-0.10992221547469341	 0.958975012019273
 0.1875505866602865	-0.9716947387138481	 0.14364578726579125
 0.2058334488889716	-0.11740352678836932	-0.9715189155215269
-0.4158647542316953	-0.5805759508382939	 0.6999914795881608
 0.8941834218138807	 0.09909368039133405	-0.4365964391285386
 0.36023470790854245	 0.400622367897215	-0.8424563333244492
-0.29149129169007454	-0.7378359843653979	 0.6087946181138564
 0.49288341330481805	 0.39127153639286877	 0.7771566931435101
 0.47249711449289744	 0.019770034632513152	-0.881110448540088
-0.48954660532820254	-0.523682390312212	-0.6972093482509547
 0.5543777890425405	 0.23689295146588307	 0.7978389540264923
-0.781476787005479	 0.5211280169095437	-0.34310293114970536
-0.09979381287815192	 0.6467784079603366	-0.7561209466133927
 0.8885279957975438	 0.45009839308451804	-0.08904738753458608
 0.2260854806983353	-0.9666768410001673	-0.12008846943541185
-0.7323808457427664	 0.5517596338405791	-0.39897318613312893
-0.4257446178771236	-0.774464609499905	 0.46791675432796986
-0.7786537209653638	 0.5489077560399518	 0.3039714759413752
-0.6951029382558102	 0.7090897202737516	-0.11842159359775617
-0.8158168325370426	-0.5418935032655746	-0.201976055184246
-0.837152801048458	 0.48600344101103654	 0.2509498814945983
-0.3641355702161503	 0.24813874553079993	-0.8976817083297175
 0.1251883383734184	 0.7939568322198263	 0.594945735766516
 0.3892825923970068	 0.8937163647236823	 0.22300251720945186
-0.7756162369627969	-0.10800572747590058	 0.6218956631076245
 0.6445092166232224	 0.6025845070448526	-0.47063763295898076
-0.2816237272297152	-0.8221981958023167	-0.49464957604415116
-0.29996759162538233	-0.6902691484834648	-0.6584435789241021
 0.5606061015700041	 0.8175292128772286	 0.13178309821377443
-0.6595764459107083	 0.530706427233482	 0.532268353457982
-0.2662830505392159	-0.7781905556730533	 0.5687818527843465
 0.5442289580110306	-0.7935462108625475	-0.272211778745743
-0.384140018983277	-0.6210081632963267	-0.6832168813304091
-0.650602892692569	 0.7583779035422069	 0.039734511938475325
-0.5107193760386396	-0.4764536803701509	-0.7156518772423088
-0.19391119453626363	-0.9667288028906448	 0.16683485935241538
 0.2842773865268036	 0.7195734289935515	-0.6335617158540694
 0.4234715010597337	-0.37835443081967146	-0.82311591678775
-0.38208830015627687	-0.9240985610480111	 0.007097911853640504
 0.7242496753181252	-0.04896326589220691	-0.6877972131338999
 0.8568141053789043	 0.4783822184169092	 0.19240593007042195
 0.47820747151575516	 0.44421364510412004	 0.7576224994611889
 0.9888177161113955	 0.13920698470880025	-0.053487752920903686
 0.8664447610088685	-0.1733156289011972	 0.4682255534449902
-0.8050531980260608	 0.014481282563731315	 0.5930258348531887
 0.4798330659316616	-0.8683769101237536	-0.12522687731690807
 0.605091654880157	-0.016878554392991026	 0.7959768863453234
 0.5924152063577989	-0.6799865668926307	-0.43204454876970777
 0.9304226065958189	-0.22281815364692642	-0.29097395680853766
 0.3297485871901193	 0.2573922168312357	 0.9083034272537027
-0.28993058440826097	-0.7750570049064268	-0.5614507060910718
 0.08858364259594964	 0.38939150653817123	 0.9168027011851385
 0.064787682487178	-0.8427948238705828	-0.5343214772539973
-0.9550685548428228	-0.18931319193330154	-0.22804510718379079
-0.903348335053346	-0.27910888031013187	-0.3256685715391834
-0.734240752386757	-0.6395413636911189	-0.22776602394262624
-0.7545197913662511	 0.6261006056901732	 0.19671785885126702
 0.639955705027951	 0.27219004386079815	 0.7185883909619157
-0.7890767407424703	 0.1866936975680358	-0.5852378666043536
 0.5794900146859727	 0.46376819568153754	-0.670156984260809
-0.9861224350496736	 0.08025150926209326	 0.14533491787199138
 0.6951534808059805	 0.5391815378598338	-0.4754418022791369
 0.9557863151845811	-0.053575834555721326	 0.28914036324515213
 0.7223855811951505	-0.6659757360609859	 0.18610585982008332
 0.9757312293431698	-0.2157265585174049	 0.03755822193212999
-0.7655182232226792	-0.14624461107891176	-0.6265735101680967
-0.3350725423326106	 0.3054472915089934	-0.8913070983025888
 0.3489638610178984	 0.39861585825721635	 0.8481330209638955
-7.879750951277847E-4	 0.9059725674663943	 0.42333566598338845
-0.4039256465527083	-0.8772635064999443	 0.2593314717121673
-0.4468013126066833	-0.2225825070364346	-0.8665019414948361
-0.04448993967619811	 0.9316080169528623	 0.36073140702850304
 0.5414099102852573	-0.8405355825861449	-0.019371201601343868
-0.5725448762168187	-0.28246588806305956	-0.7696787555848317
-0.8242805488578728	 0.3879049342326288	-0.4124213122191238
-0.31021015036594574	-0.7197353064540541	 0.6210883602623913
-0.590137781967403	-0.6156933260092051	-0.5221677188435878
 0.2801505145326993	-0.6482307762220637	-0.7080342858687034
 0.33534433964871907	-0.8674706211092452	 0.36747638751068723
 0.7789193026973005	 0.4353526303891649	 0.451389861537437
-0.4460229285745774	-0.6731736723435541	 0.5898311233304416
 0.7045283998214715	 0.041858462358123905	-0.7084402606952895
-0.044392409346243	 0.7908635817151504	-0.6103802987557174
-0.30261376795796396	-0.9531132194390968	-3.1364426306756954E-4
-0.12409543784123563	 0.6644120442805957	-0.7369918301595153
-0.6564096035951754	-0.6416381632041835	-0.39677058841096846
-0.7628969942181207	 0.3817252073210455	 0.521798852345098
 0.7271949428749468	 0.42464573858705024	 0.5393176353105482
 0.7613913705908597	-0.6240896062316736	-0.17548602275784453