 0.06625417118400471	 0.051695771626636335	-0.9964627097872993
 0.13287363733324292	 0.03805372182248985	-0.9904021964622708
 0.08777403727043323	-0.015369375007001673	-0.9960218374579661
 0.021125223591085946	-0.0017170484657388447	-0.9997753631055293
-8.658874069633344E-4	 0.06528376582773686	-0.9978663638776226
 0.04290213954588726	 0.11824843067417878	-0.9920568104022467
 0.1536647799860177	 0.1576807406490423	-0.9754608753918418
 0.1103714753940132	 0.1049071154582431	-0.9883383198811933
 0.17693794698265716	 0.09132638878698095	-0.9799757413470457
 0.1988066158023352	 0.02428077070786995	-0.9797379107123775
 0.28433065651336376	-0.05657804719973186	-0.9570553810212576
 0.10809953404705896	-0.082250656345405	-0.9907317095306675
 0.04153490123303425	-0.06863825831548799	-0.9967766256664422
-0.025204282104971693	-0.05499773803964153	-0.9981683189593308
-0.0456330771501594	 0.011979096690355712	-0.9988864417501576
-0.06839243165781521	 0.07888486930600383	-0.994534892644047
-0.025482642781017455	 0.131363363382788	-0.9910067112172635
 0.017323063615821067	 0.18336840068226934	-0.9828916222545541
 0.086060033422797	 0.17074364932864486	-0.9815499359997962
 0.19629339815989186	 0.2098140927212521	-0.9578345098890518
 0.22007905163844235	 0.14416210197465934	-0.9647706978262616
 0.2425209587786579	 0.07746986559410354	-0.967048087986276
 0.2638770703346505	 0.010366485791704723	-0.9645006105358008
 0.15402677568385872	-0.029062548057467788	-0.987639165218169
 0.17420275876075733	-0.09589179256719506	-0.980029674529497
 0.1275556639483927	-0.14850467839433637	-0.9806507600005618
 0.06093769367048809	-0.13494823749059623	-0.9889770324372067
-0.006021481785757465	-0.12131071293940532	-0.9925963190961556
-0.07314712213516314	-0.10744230012525233	-0.9915168433602825
-0.09182932905774673	-0.041265117489410974	-0.9949193758307199
-0.1580807997620772	-0.02735190059122018	-0.9870472806713113
-0.11219086364944984	 0.025796275271853134	-0.9933517817448607
-0.13667796405735316	 0.09217010848515239	-0.9863183082772885
-0.09475325864774017	 0.1441419953225567	-0.9850101040903421
-0.052357973035012335	 0.1956199338352779	-0.9792811057842107
-0.009641806334641163	 0.24665071614537068	-0.9690564791567008
 0.06013089090234997	 0.2349265076811723	-0.9701514376364228
 0.12884060141466527	 0.22268601303351626	-0.9663389876365044
 0.23828413763065381	 0.26110459520700097	-0.9354384320282143
 0.2623844064258497	 0.19628600007779046	-0.944788986725616
 0.285251457774534	 0.1301747715627445	-0.949571553220762
 0.34909903529209435	 0.11568381539004029	-0.9299178019668902
 0.307022744409408	 0.06331578765332511	-0.9495936738674887
 0.3911693265025709	-0.017331551095633464	-0.9201555169318635
 0.21962593619431384	-0.042825507174824265	-0.974643742136577
 0.23952039799614236	-0.1095678625121154	-0.96468899778545
 0.19354072046446488	-0.16209625894333896	-0.9676088013028146
 0.14631444502303656	-0.21383036535691574	-0.9658512608206963
 0.07961548235988503	-0.2003024516379347	-0.9764938826415841
 0.012379161544252566	-0.1866230549315794	-0.9823535981139715
-0.05526987238738	-0.17247651670564973	-0.9834617900006937
-0.12334472112680814	-0.15742011329194058	-0.979798442385628
-0.14047960457514203	-0.09297263099285315	-0.9857086641521818
-0.20835577352989737	-0.07674751078572342	-0.975037276838662
-0.22424898974972413	-0.012342662710429629	-0.9744537183845342
-0.1784988198614951	 0.03957926208448517	-0.9831437602512163
-0.206124341915345	 0.10366440898091368	-0.9730192423485796
-0.16461280581615337	 0.15593199365492041	-0.9739547409998759
-0.12257283658806671	 0.20739459933007545	-0.9705479791846834
-0.08009333249406027	 0.25808076794880824	-0.9627976813977843
-0.03726662618728823	 0.3080840253122557	-0.9506289664848292
 0.033230745890562796	 0.2972186265994156	-0.9542310021844366
 0.10282981089307214	 0.2859320998289981	-0.9527165708011355
 0.17123635242140256	 0.27392751250363223	-0.9463835530602726
 0.21307493291423163	 0.3242795676120681	-0.9216516885423288
 0.27408253360419693	 0.2734922490301744	-0.9219982399622689
 0.3270289490749098	 0.18210164754838432	-0.9273031092512977
 0.4115168345119286	 0.10061782659847673	-0.9058310813191834
 0.37042605532909156	 0.04886708737529929	-0.9275756278087431
 0.3279864496294365	-0.00359658338844911	-0.9446755810580726
 0.34786776344718356	-0.07012267762518677	-0.9349175521065634
 0.3037057055563776	-0.12314600587819922	-0.944773997127752
 0.25850690193285397	-0.17573701454221363	-0.9498898269656686
 0.21215129195718016	-0.2274523104501587	-0.9503984826333552
 0.16453010784418115	-0.2780022381650126	-0.946385016358578
 0.09778641781134044	-0.26445822032256944	-0.9594267383158787
 0.030341552330017552	-0.2507731933407129	-0.9675702536270461
-0.037590835057319194	-0.2364889725033782	-0.970906738571728
-0.1058614992317749	-0.22124721953482054	-0.9694550071192124
-0.15628941555965734	-0.2679838783745944	-0.9506620111876416
-0.174255132592865	-0.2047532248396108	-0.9631776916451206
-0.19160539225865159	-0.14099152128651454	-0.9712923167526463
-0.2753931377199304	-0.05629537685124143	-0.9596819526499122
-0.2756378187329411	 0.10561160594897127	-0.955442296307331
-0.24722387805248575	 0.0507870701362614	-0.9676264917971522
-0.3025243526181554	 0.16735506707335782	-0.9383343208035386
-0.23462941665301112	 0.16415066115809993	-0.9581250426131376
-0.19280350248518618	 0.2174781629497189	-0.9568333491624654
-0.150609281342908	 0.2688745592940299	-0.9513271339228236
-0.10805951253011742	 0.3189036431935784	-0.9416069286648311
-0.0651635528572487	 0.36776202839764527	-0.9276339805375124
 0.005782029281401648	 0.35751982018009093	-0.9338876518702796
 0.07606028655098249	 0.3472198772324607	-0.9346941690544868
 0.1452235392109256	 0.33621824213742285	-0.9305199714745913
 0.3196923380336529	 0.360013890809923	-0.8764626674459544
 0.31479663081211057	 0.3231022746908638	-0.8924729695172474
 0.3389554782690968	 0.2594371488042514	-0.9043238079204201
 0.36186808694469413	 0.19428946442721645	-0.911758241895061
 0.4240806432552519	 0.1791881427994385	-0.887720236052046
 0.4451596102085993	 0.11257969171225914	-0.8883460668303208
 0.4330367135692373	 0.03421699528027029	-0.9007265966624636
 0.4530184771444087	-0.030406902346255173	-0.8909824238757273
 0.4099971255337602	-0.08317758916751593	-0.9082862135441307
 0.36646033774693837	-0.13635018307446656	-0.9203887485372467
 0.3221039053867068	-0.18917021653250435	-0.927611827927866
 0.27670395149289667	-0.24110455083218482	-0.9302169202912982
 0.23011256917451314	-0.2917789371967732	-0.9283928356661454
 0.18226080071701822	-0.34090705791521564	-0.9222599299468579
 0.11563756411067327	-0.32723949163564453	-0.9378391487246601
 0.04814114165293386	-0.3136803835989618	-0.9483074646049985
-0.01979826164482419	-0.29953820343483895	-0.9538788673195735
-0.08799318926921187	-0.28439283261330955	-0.9546611521374538
-0.13768313183373648	-0.3305628123956451	-0.9336870901268453
-0.2057165195070073	-0.31286467019107916	-0.9272520756235332
-0.2244458331281995	-0.25009595020532505	-0.9418471657770618
-0.24235011013875382	-0.18658926463756337	-0.9520771347100755
-0.2594143301882316	-0.12219428859530766	-0.958004572602698
-0.3369664310945998	-0.029803765809360467	-0.9410448235121159
-0.28732876911006705	 0.020438102539180485	-0.9576139422576783
-0.4045788858224041	 0.10945244054422511	-0.9079295613678492
-0.3681900885009425	 0.16886581401908682	-0.9142868234779168
-0.3292079165036085	 0.2270930380763811	-0.9165429066708184
-0.26211503237071415	 0.22324482079347485	-0.9388596592644659
-0.22054015613854822	 0.2772377791331345	-0.9351477173964079
-0.17839327127697505	 0.32867180504447385	-0.9274430900771795
-0.1358532646911098	 0.37814778416689	-0.9157227439582566
-0.09294107341830256	 0.42593886376877604	-0.8999655777879606
-0.02194172282397375	 0.4157838089132409	-0.9091987599227759
 0.021419676814857336	 0.46332326858552253	-0.8859304409672212
 0.11855055681852242	 0.3965178107209597	-0.9103402612534917
 0.18695429785215528	 0.38562946509617335	-0.9035142534372366
 0.25398478838790833	 0.37352308548173774	-0.8921727589877153
 0.3582858951698616	 0.4067212391280524	-0.8403624521386429
 0.38415725507153325	 0.3449348678910528	-0.85641294962704
 0.40813767439966653	 0.28191100468200375	-0.8683028412799391
 0.4023157840295389	 0.24445083732395564	-0.8822617514390582
 0.4845238325738378	 0.16348658419324727	-0.859365342829686
 0.5598574388442938	 0.07812554738782632	-0.8248975978968907
 0.49684795492896067	 0.020383658982200188	-0.8675981881778032
 0.5131592553718508	-0.04200061244242088	-0.8572651440369363
 0.4703379524611614	-0.09544263750919804	-0.8773100440664806
 0.42753295494051097	-0.1489245525759119	-0.8916485014174024
 0.3841630115689795	-0.20199854889282143	-0.9008969790089467
 0.33974344574472726	-0.2542637116921748	-0.9054967454331454
 0.2941036470901406	-0.30537425339083696	-0.9056763274670854
 0.24724735372878406	-0.3549711800397208	-0.9015898221560189
 0.19923040281842566	-0.40269673875931333	-0.893388260044546
 0.13321986640767255	-0.38854675584734616	-0.9117477094650827
 0.06590906161364866	-0.3752335866231838	-0.9245840962655102
-0.0017804512741418119	-0.36152710939453103	-0.9323598978753297
-0.05068991125661005	-0.40815713264746634	-0.9115033120980942
-0.1183393653615505	-0.3923219099791455	-0.9121838156622494
-0.18614022418141718	-0.3748492504228709	-0.9082069457998566
-0.253836909321846	-0.35576212482754277	-0.8994443473634848
-0.27342591410620637	-0.29356036006800956	-0.9160025024485065
-0.29190229208332463	-0.23030829990206525	-0.9283055202209679
-0.3090884274032701	-0.16555251824774367	-0.9365130579694039
-0.3242461392895054	-0.09814381641799105	-0.9408678081722014
-0.39559521095299954	-0.00210489973129908	-0.9184225598645611
-0.34890916111533304	 0.03533345323151974	-0.9364902265226961
-0.3414286499518717	 0.11011762843965678	-0.9334348316293261
-0.4313183339279446	 0.17037562484085667	-0.8859665012164456
-0.3939526828108054	 0.22895993922380872	-0.8901565199091669
-0.38034036050275294	 0.3432557132501858	-0.8587879397696163
-0.2888521711937544	 0.2824734601385704	-0.9147530636811214
-0.24758447721601218	 0.33574388596326926	-0.9088333013704754
-0.20558807025905984	 0.3868615773426328	-0.898928064609803
-0.1630298320745843	 0.4357820209474567	-0.8851639984052015
-0.11995918279128416	 0.4826849739214769	-0.8675396304575779
-0.04962250406172269	 0.47219282608752505	-0.8800974616950789
 0.048837722418684844	 0.40639896035652123	-0.9123895888764263
 0.09146531552165593	 0.4546948668325084	-0.8859383015383697
 0.16007101127653825	 0.4450798808037461	-0.8810681988658028
 0.22727972175874894	 0.4340602732546844	-0.8717428561561801
 0.29331060938877257	 0.421328751664244	-0.8581672153147294
 0.3948421326345367	 0.4510896626978895	-0.8003860359249875
 0.42213254122971394	 0.3902368746680536	-0.8182415898035578
 0.4473543545897189	 0.32820566210511737	-0.831958607619248
 0.47044658193049216	 0.26515568836182285	-0.8416486645146447
 0.49143186320053905	 0.20117635524367386	-0.847362258967272
 0.5510298448659127	 0.18249520296270894	-0.8142859515935715
 0.5680962893075092	 0.11637139404841194	-0.8146927670737405
 0.5043401299921141	 0.09684890261952193	-0.8580567133592815
 0.5705713371243091	-0.056220321513853665	-0.8193214416216978
 0.5836728591726247	-0.1204062216959183	-0.8030120392884323
 0.5279893781159615	-0.10747272216720619	-0.8424231897251471
 0.48689008666336825	-0.16075695545252564	-0.8585425119250487
 0.444710225222484	-0.21380281255841888	-0.8697822560415205
 0.40116885810443553	-0.2664433715262291	-0.8763968718890541
 0.3564065410990347	-0.31806656425361607	-0.8785260600379038
 0.3103654786132119	-0.3682955642896789	-0.8763741478442522
 0.26289240013656423	-0.4169764946184782	-0.8700679219958193
 0.16506832305040767	-0.5090299062088285	-0.8447727524668145
 0.083695368913155	-0.4353410976290361	-0.8963666738213983
 0.016635267453193815	-0.4223764687837782	-0.9062678337525318
-0.030805225798898293	-0.46842121634274	-0.8829680640563775
-0.06965708208592267	-0.34674160886898836	-0.9353705937189927
-0.16567020918055247	-0.43586801396577723	-0.8846312543605958
-0.23320558535938507	-0.41701030633233904	-0.8784745638718263
-0.30049951077700254	-0.3965836683551877	-0.8674222950885714
-0.3209955231613241	-0.33516306407461155	-0.8857920718715572
-0.3400573005721261	-0.27238231119363615	-0.9000938333731722
-0.35741056030391705	-0.20785338203821294	-0.9105243889970861
-0.3728197267245986	-0.14163017359997945	-0.9170312673464496
-0.3862087570160197	-0.07374009073505876	-0.9194591861646315
-0.44450588309977557	-0.047944787590801764	-0.894491932458064
-0.40670993329840593	 0.06875906879422017	-0.9109660919128428
-0.4663286262406563	 0.10748575550796506	-0.8780571876087481
-0.49146755934633257	 0.16975499553536152	-0.8541913600598807
-0.4565473821419886	 0.22923948396935565	-0.8596590875741156
-0.4191103435838527	 0.28743124650290425	-0.8612373647461028
-0.35512828205569585	 0.285728430095784	-0.8900804275565039
-0.3149711236812848	 0.34049115859767126	-0.8859226615025514
-0.27382810685367137	 0.3930481925153709	-0.8777991149786689
-0.231773514083818	 0.4434708604038337	-0.8658028841150404
-0.18880087769792048	 0.49178500166520966	-0.8500010239509391
-0.14481896916687403	 0.5380730918365004	-0.8303642658562282
-0.07641456377037477	 0.5276717543649208	-0.8460043345569987
-0.00591744544943682	 0.5178944245861224	-0.8554240754280664
 0.10343338675326025	 0.5585134545663519	-0.8230214186599946
 0.13242278285852213	 0.5026560962647068	-0.8542839431172347
 0.1992939527611729	 0.4929564526142762	-0.8469213990794991
 0.26532722595373504	 0.4811296996134594	-0.8355331682928918
 0.33055550227323793	 0.46715225859455095	-0.8200620874097873
 0.42918268164994083	 0.4929537511502081	-0.7568347408772305
 0.45795719972676674	 0.43309227295071945	-0.7763416041465238
 0.4846348243695138	 0.3719880114988512	-0.7916779688165266
 0.5090750615430056	 0.30981204509046184	-0.8030311814816726
 0.5312197122958715	 0.24666262434224326	-0.8105326440192826
 0.6073986778098301	 0.1589708691667651	-0.7783284068767077
 0.6196899093020041	 0.08978282137892865	-0.7796944666306882
 0.6764357684438005	-0.0011049373046386581	-0.7365008012781779
 0.5813295793418889	-0.01917132958074817	-0.8134423029965241
 0.6425560960312753	-0.1111279523365736	-0.7581373501302563
 0.6065303885069487	-0.16501256850754553	-0.7777478640614531
 0.5457911942272161	-0.17144352799642754	-0.8201945433933143
 0.503721285228669	-0.2240403360361459	-0.8343085727932975
 0.46065643928478534	-0.27741016862684487	-0.8431128295120937
 0.4171197579733359	-0.3294403198936059	-0.8470420196995333
 0.3718338065583618	-0.380143362728434	-0.8468947066039777
 0.3244886700170307	-0.42957794377071673	-0.8427157843877743
 0.27459588167199284	-0.47787381986200433	-0.8344062044707465
 0.229696945189003	-0.5786827780324365	-0.7825378941492239
 0.21417770724439245	-0.4638807027671859	-0.8596177076583271
 0.10199172666357335	-0.49424017466625875	-0.8633216882703975
 0.03601297804305741	-0.48207329561509743	-0.8753904289328672
-0.07685839962756436	-0.5121874931153175	-0.8554278217961679
-0.09812901426737745	-0.45300546646253675	-0.8860907086263643
-0.14426877133710744	-0.49561473971198944	-0.8564768247869283
-0.21156179102698025	-0.47717614778484463	-0.8529622105126771
-0.2787336827762633	-0.4569048698470816	-0.8447162091471923
-0.3455871973878321	-0.43541468697009617	-0.8312541966043583
-0.36699998926285204	-0.3750354250060354	-0.8512693098377322
-0.38671112432717747	-0.31302114925667474	-0.8674515931391451
-0.4045577183196141	-0.24927944265513063	-0.8798822716804648
-0.42037101123319104	-0.18382582444145765	-0.8885360314490363
-0.433832192179166	-0.11652790196074989	-0.8934264810792464
-0.453873839555489	 0.02122209779092906	-0.8908132017053354
-0.5041263317786241	 0.04709328664137956	-0.8623449796692397
-0.5267535397705437	 0.11033934406748129	-0.8428261608955671
-0.604213281096346	 0.1669575064635271	-0.7791350986717706
-0.5398939843441266	 0.2856949296930523	-0.7917656804994178
-0.48079347318954235	 0.2873800334904697	-0.8284022890415946
-0.4435497770031243	 0.344237084668159	-0.8275049394774908
-0.4047461679469898	 0.39897511094137794	-0.8227997328521335
-0.34025625134337245	 0.3970172157391447	-0.8524101206746043
-0.29886826362587166	 0.4487284991084962	-0.8422116688131868
-0.2560289394678728	 0.49842897352523474	-0.8282618791816616
-0.21135496208306864	 0.5461787948669496	-0.810566347710384
-0.1635751035639614	 0.5921146272594369	-0.7890775967415736
-0.1539985941204829	 0.6996768921233377	-0.6976651629811697
-0.03264036654711827	 0.5706291799755716	-0.8205589225839157
 0.0364619092705071	 0.5644491256779292	-0.8246621815590738
 0.06417535887465824	 0.5106474086200298	-0.8573918283859236
 0.16986640615146173	 0.5501067494726843	-0.8176355962443076
 0.2357995213976099	 0.5392455127360727	-0.8084632723276106
 0.30111164312502803	 0.5260279552101104	-0.7953781293900505
 0.3656436185214765	 0.5105498954786406	-0.7782310379709038
 0.4612487858818094	 0.5322508847349134	-0.7099003826041078
 0.4914249946620882	 0.47352121488584165	-0.730944001736387
 0.5790736167006318	 0.3922785851904559	-0.7146966195822
 0.5454072882341106	 0.3520876472966743	-0.7606347208497696
 0.5688508460266813	 0.28949542715726073	-0.7698058928260838
 0.5897102408813313	 0.22538817934770702	-0.7755269179145285
 0.695612359490412	 0.17525852393011523	-0.696712203936474
 0.6593096985935462	 0.13346459915173833	-0.7399310252407
 0.6687522043606016	 0.06555714772518677	-0.7405894608654476
 0.5330416230634704	 0.032497308748668914	-0.845464696487059
 0.6260993915804588	 0.02356156180633625	-0.7793871981677821
 0.6910019880465802	-0.13878702786443967	-0.7094042665590821
 0.6432937933156546	-0.18083712220480183	-0.7439563365643455
 0.6133237356846705	-0.23747722468359425	-0.7532851803947682
 0.5185519713953117	-0.28674181159806333	-0.805532734557384
 0.47631538494870296	-0.33912308453490453	-0.8112454545923204
 0.4318483516836305	-0.390222373812658	-0.8131626529324535
 0.3849197599464103	-0.43999151756579763	-0.811322527034067
 0.335135514728186	-0.48834705675088713	-0.8057303140199082
 0.29332686853251316	-0.5874381328816829	-0.7542385486259583
 0.2831025451071216	-0.5346496387141542	-0.7962428729832969
 0.23992801308134667	-0.6304934071828737	-0.738181964042585
 0.21879193208657272	-0.5254036082523909	-0.8222415331818218
 0.13717503033192593	-0.5480025717904424	-0.825152223752985
 0.05901681742998075	-0.5399153059391909	-0.8396478295529777
-0.009243275081004107	-0.5269681808080013	-0.8498347476313748
-0.12201701669647685	-0.5536156035087507	-0.823784930177855
-0.18898488989248274	-0.5359826032388715	-0.8228045700028708
-0.2558216066565051	-0.5161154913813316	-0.8174228435295231
-0.3226196127591617	-0.4944343320674912	-0.80712531662444
-0.3889317518016473	-0.4725300091938127	-0.7908523774079441
-0.41124137340074524	-0.41333224622429154	-0.812426604090887
-0.43168189461036316	-0.3522813402317251	-0.8303906304807076
-0.450156046081941	-0.2893956944642264	-0.84475420460714
-0.46652228122001266	-0.22472830051645065	-0.8554847468378751
-0.48060872040274055	-0.15844617068823527	-0.8625022138331445
-0.4922282296107181	-0.0908076624265987	-0.8657166617426948
-0.5476978742757594	-0.06350545259355667	-0.8342626061407176
-0.5549769938146031	 0.004808024055407027	-0.8318518012489897
-0.5571390158117102	 0.07898303831715175	-0.8266545812602446
-0.6271996685869656	 0.22004941280569495	-0.7471270518782394
-0.5740520487958514	 0.22525446085712797	-0.7872259352544543
-0.5518382569047137	 0.16648609610349507	-0.8171639480670848
-0.5045828248334668	 0.34335811156234697	-0.792149847003342
-0.4672017432963697	 0.39889480132168365	-0.7890535270432338
-0.42769341219184354	 0.4524936680590481	-0.7825137861623691
-0.3642043021574728	 0.4516956824912559	-0.8144484248304168
-0.385911552154984	 0.5041754050175645	-0.7725797272053583
-0.27691010415609396	 0.5513939283321029	-0.786946967727021
-0.22974459339364253	 0.5981208952841969	-0.7677687258744137
-0.1803681132309061	 0.6421741209452296	-0.7450367387704748
-0.08123513984614104	 0.6986287573347352	-0.7108577294220706
-0.0992860246453366	 0.5826893681553211	-0.806607330458184
 0.004411204306628141	 0.6167339330997487	-0.7871593212557926
 0.07185653520268136	 0.6121970759741144	-0.787433412116485
 0.1352026153034872	 0.6974375310131702	-0.7037763445508457
 0.20475733564182272	 0.5953002740578969	-0.7769762011847305
 0.2701946837877527	 0.5830328568324442	-0.7662033155152979
 0.3970506893580078	 0.644489504694877	-0.6534401490714226
 0.3985882363938896	 0.5513288096682145	-0.732914702703008
 0.49105309310743867	 0.568964630793006	-0.6596560533006544
 0.5224296546410557	 0.5116354976564207	-0.6821263618197835
 0.5518714535357447	 0.4527454023647429	-0.7003281369543362
 0.6097655428395761	 0.43066933547765857	-0.6653644912713552
 0.6590316983853756	 0.30618507590926725	-0.6869701011060988
 0.6257716047670945	 0.26645614057622097	-0.7330832311657666
 0.6445435740738183	 0.20083291468301873	-0.7377192701157206
 0.7080059953389517	 0.10817894376154437	-0.6978716405548637
 0.7167574470934288	 0.0410188985009021	-0.6961150853141191
 0.8689283298734255	-0.07388435479246135	-0.48939213281404664
 0.6341115033951853	-0.0446768773992972	-0.771949854516306
 0.6813406222804288	-0.07077868030453249	-0.7285364334368372
 0.6652473014043627	-0.23518987766583296	-0.7086125523992244
 0.713723086758014	-0.2348410234246844	-0.6598856333831336
 0.5750410486734572	-0.29344156382583747	-0.7636883140129733
 0.5472329607966349	-0.4036339170713278	-0.733222849894495
 0.49038032950452426	-0.39823643466602354	-0.7751998932788423
 0.4443370026473727	-0.44843717523597504	-0.7755441495780419
 0.3959781419493911	-0.496881252191354	-0.7722113262048543
 0.34556240804695554	-0.5432172802600945	-0.7651807685583945
 0.3617409487430533	-0.6467458527639609	-0.6714635417765382
 0.3026340857918965	-0.6376631040745755	-0.7083772835282625
 0.17805842031953772	-0.6223713089063194	-0.762200205197785
 0.1525396881088973	-0.6005547820632773	-0.7848984630463803
 0.03468744523155965	-0.6322701045119041	-0.7739711209624125
 0.08538190096511794	-0.5909355309881132	-0.8021877144430595
 0.015518790846692975	-0.5814141955402354	-0.8134597103452376
-0.05436355781546964	-0.5688859997256551	-0.8206176472010495
-0.16602813874999997	-0.593029197206124	-0.7878775465795881
-0.2320842785519717	-0.5739835118589318	-0.7852896381355724
-0.2983392058007419	-0.5524645310978328	-0.7783165552402405
-0.3648195605378608	-0.5299418281583531	-0.7655510087624108
-0.43007089603615234	-0.5082761416779341	-0.7461195535459808
-0.45338031345541635	-0.45015893896133435	-0.7692874762039705
-0.4746691597159773	-0.39009457112214796	-0.7889964603187748
-0.4938810034056061	-0.328127649566192	-0.8052414545123953
-0.510935905321587	-0.26434211587163947	-0.8179656144543699
-0.5257245151296089	-0.19886637006021737	-0.8270827655384984
-0.5380577606382164	-0.13179721421961127	-0.83254029364406
-0.6435054666026937	-0.074395359234906	-0.7618175929819153
-0.6053695299671858	 0.03449935386072353	-0.7951965334246001
-0.6530607201187146	 0.06435550641801792	-0.7545661433113114
-0.6068221270691244	 0.10642657151370316	-0.787680322830996
-0.5162160170460914	 0.22866774432090628	-0.8253678491752985
-0.6734273553079744	 0.3232270582071858	-0.6648457459934869
-0.5854114045661278	 0.39161715720768586	-0.7098799120868855
-0.52749169098339	 0.39659269901820565	-0.7513100205833403
-0.489164327395196	 0.4510765098815793	-0.74649061818422
-0.4483763642901413	 0.5035893709498286	-0.7384824855149311
-0.3217125092843647	 0.5024993350617397	-0.8024932894625767
-0.3417239187419996	 0.5538601622746824	-0.7592520556473155
-0.35923425021062333	 0.6023970411873404	-0.7127892803938265
-0.2950342649892974	 0.601419133203175	-0.7424619914173162
-0.14884109360793593	 0.7707889292497102	-0.6194600514962034
-0.17282910482968336	 0.804969622664094	-0.5675861230789534
-0.10380913584786933	 0.6645172058072929	-0.7400273957770663
-0.08457719370080048	 0.6157185194062835	-0.783413941135739
 0.03220604128799307	 0.6599190988334501	-0.750646090977235
 0.10382755726140942	 0.6565444262857779	-0.7471072578058705
 0.13860679309798657	 0.6050589872565815	-0.7840228178102547
 0.17162857717958174	 0.6485336114187469	-0.7415846454420899
 0.30283098581045237	 0.6240056137357982	-0.720354348955623
 0.4294484691891733	 0.589389909796117	-0.6842467000589778
 0.5185577114227772	 0.6031512462261458	-0.6060581441576536
 0.3666865376303239	 0.6078764086471656	-0.7042920239012432
 0.6073670855907763	 0.5265250545138493	-0.5948752729019375
 0.581310564501841	 0.4903000507928909	-0.649371917926114
 0.637099893994183	 0.4675875759750794	-0.6127524654102586
 0.6358004502358423	 0.36927367663863186	-0.6777866472730836
 0.6038010993539717	 0.330227301321847	-0.7255164793997622
 0.6791108688792397	 0.24145744984945813	-0.6931859257675972
 0.7288223910728537	 0.21546774459253495	-0.6499165895028796
 0.7749214701549021	 0.18867515176552985	-0.6032399209263423
 0.7539790884041836	 0.08248855383931303	-0.6516986824711979
 0.722629816691838	-0.025656227608809482	-0.6907589348049041
 0.761423612731288	 0.015885100554575145	-0.6480599860781443
 0.6937635770969874	-0.1749287739155875	-0.6986358301361174
 0.8026983944322663	-0.2231243298919912	-0.5530739742440532
 0.7275429353886183	-0.09158654953875991	-0.6799214521617165
 0.5590601268737815	-0.23270042073623456	-0.7958029207844433
 0.6296456046404619	-0.295367124307654	-0.718543439490734
 0.5898183687773714	-0.350662127222677	-0.7274272227408513
 0.5339454301994166	-0.3465366081576442	-0.7712422815015756
 0.5021821842312947	-0.4546703022928457	-0.7355868202011361
 0.4548365880413195	-0.5039051918934075	-0.7343045933138368
 0.35474261681615693	-0.5959096221480257	-0.7204508297211009
 0.41283432267955056	-0.6032232584451023	-0.682414479981624
 0.41633851695711516	-0.7021768189880451	-0.5775897801846743
 0.28143453797218676	-0.7184529286867649	-0.636097469023256
 0.11864430497662112	-0.6887685671217677	-0.715207235590945
 0.10274783325052152	-0.6414680374372501	-0.7602378836316472
 0.05257897752301306	-0.6819204141826166	-0.7295340977936832
-0.01262601969793658	-0.6734353316361023	-0.7391383075790081
-0.03285730693218014	-0.6222297971557367	-0.7821447928054597
-0.07844342315732453	-0.6620634648941908	-0.7453312000819902
-0.3220571827294926	-0.7603002037521118	-0.5641123746443074
-0.2539557164026374	-0.6642722486383874	-0.703028359168621
-0.20920103251689082	-0.6301218316785566	-0.7477843306969782
-0.3390946159525937	-0.5859669169089234	-0.7359739219022735
-0.40477334049568126	-0.5644035861641117	-0.7194491884414477
-0.4677044515611384	-0.5433388602250483	-0.6971624121818676
-0.4927190928505549	-0.48575019145518006	-0.7219935228530672
-0.5152279452988426	-0.42647867369457426	-0.7434084377156676
-0.5354006451844392	-0.3654120742095025	-0.7614592340749406
-0.5532697483030617	-0.30253973675495427	-0.7761200250585666
-0.5688036205298606	-0.23790005109104584	-0.7873156971399723
-0.5819110931129184	-0.17160570639888992	-0.7949408539278042
-0.6002270063595423	-0.03455296637267744	-0.7990829952836631
-0.6495561886878088	-0.004644563051630426	-0.7602994053472799
-0.6958930962853442	 0.026786832603363377	-0.7176456396728654
-0.7403235049018143	 0.1272922673026821	-0.6600892263738561
-0.6786313892900154	 0.2067930728351424	-0.7047666723800885
-0.6928667059121896	 0.3710678924776864	-0.6182591261037395
-0.5968783100540741	 0.2817709849062085	-0.751226593679948
-0.5633920214617625	 0.34012812625294647	-0.7529291386876249
-0.5483661810223415	 0.4471978913420699	-0.7066177025026892
-0.5087297296098927	 0.5007038077696689	-0.7003497405553883
-0.4665055370863868	 0.5520660489843562	-0.6910829627668044
-0.40507806148201675	 0.5540743133793509	-0.7272643393974247
-0.42169924854940033	 0.6012188601673447	-0.6787529933281693
-0.37435191055473344	 0.6480082454226499	-0.6632842233373861
-0.31087491303041376	 0.6482824330493745	-0.6950443694095478
-0.25995941947482043	 0.6915184460188663	-0.673960932875168
-0.24557739210403276	 0.6467469227341308	-0.7220873648121219
-0.1936561541064109	 0.6893875255031785	-0.6980273158389424
-0.10958408638037506	 0.7391145466017168	-0.6646059095538627
-0.03668708604906674	 0.6587033448558531	-0.7515077918378088
 0.09853586887989761	 0.7421277356521659	-0.6629759471654101
 0.16701260009437613	 0.7356830192092573	-0.6564124363971693
 0.2032903219482814	 0.6887467173307977	-0.6959173832921651
 0.2694607898469652	 0.676765770937257	-0.6851123805790915
 0.3340365303506133	 0.6619316825000823	-0.6710186615094503
 0.33483651209632276	 0.5683353153464084	-0.7515846455970665
 0.4575518340401322	 0.7060465045311365	-0.5405040727005443
 0.5836208058061658	 0.6492752573500967	-0.4876765272423182
 0.45843496711501247	 0.6246704086803856	-0.6321584148339225
 0.5508618396920197	 0.5477991629035949	-0.6296565021448156
 0.5195546467731124	 0.4134290518537829	-0.7477562357478195
 0.6645450454448641	 0.4069100039694168	-0.6267408804636033
 0.6891922164481664	 0.34457624266363895	-0.6374019938618587
 0.7107085054457637	 0.2807052838224188	-0.6450565586994867
 0.7875412559100148	 0.12238118549789086	-0.6039880923294825
 0.7432677266050653	 0.14917646625449632	-0.6521498819314154
 0.8020032006616862	-0.011884366845077737	-0.5972014969447942
 0.834820636012441	 0.026292346217100377	-0.5498938244954056
 0.8379965934465627	-0.04205111720674416	-0.5440527666629597
 0.7654707407806797	-0.05300939878690179	-0.6412835165891362
 0.7485099390561403	-0.39432404833408535	-0.5331429602269838
 0.7288348698049221	-0.289719628103278	-0.6203726860913047
 0.6933750530893394	-0.34824025818479143	-0.6308405173518467
 0.6432566418523007	-0.35067952155748694	-0.6806208679383208
 0.5580422457862393	-0.45812564006729695	-0.6918885385889695
 0.6115309300805568	-0.4583859946094866	-0.6449125533750146
 0.5116065809048165	-0.5085057234497561	-0.6925898032701058
 0.4630477902577092	-0.5568723469668566	-0.6895505297808693
 0.4676683407800024	-0.7016988278275887	-0.5374989098197946
 0.49964998707202857	-0.7429303911143379	-0.4454260032571278
 0.405544689311812	-0.5511124680342369	-0.7292520500815876
 0.15027736415673248	-0.4485611708942799	-0.8810275760656175
 0.1879676674398914	-0.6755716356888866	-0.7129313578808613
 0.2048723060907387	-0.7231835769313524	-0.6595702026727993
 0.07518977598459489	-0.7282191962442658	-0.6812072370495943
 0.09995520329338933	-0.7685659932621184	-0.6319139746322996
 0.008014264704011781	-0.7223356846461	-0.6914961534586467
-0.10063944530360823	-0.7475424200193195	-0.6565455295108189
-0.12247540179387909	-0.6991027801707039	-0.7044537449066619
-0.18802571057235978	-0.6829434544189912	-0.705857329939992
-0.2521249709978254	-0.7867287231610198	-0.5634633219232439
-0.27360723528332836	-0.6093861069093516	-0.7441691027625897
-0.3772393798010617	-0.6187366604891402	-0.6890975223392237
-0.43929278160211715	-0.5997159283500809	-0.6688517453931592
-0.49960344042380633	-0.5783748616773291	-0.6448867510628722
-0.5277776585211402	-0.5207211165892659	-0.6710441579389325
-0.552504570108506	-0.4616909610263435	-0.693959765775932
-0.6478707190263738	-0.3114983615412074	-0.695149122264707
-0.6096116870854472	-0.2755185138423771	-0.743278641896108
-0.5931927879196082	-0.3392262668961604	-0.7301012643516362
-0.6235084937002101	-0.2100950344649876	-0.7530585865501108
-0.6841816194044864	-0.11311861707594313	-0.7204857320862647
-0.6909713672011922	-0.04368519573224007	-0.7215609283920181
-0.5924936424812894	-0.10388354153756646	-0.798848855176539
-0.7881976368852521	 0.1179019493352407	-0.6040228601232362
-0.6980837005728405	 0.09479890689790657	-0.709712839284658
-0.8140954415710895	 0.1587144363703439	-0.558621821719146
-0.7238904658322456	 0.30913726575054157	-0.6167793320154734
-0.619835942785534	 0.33379082223180634	-0.7102021480008232
-0.6588208444114777	 0.42996610951636627	-0.6173202083492066
-0.6050270741640748	 0.4403465020960474	-0.6633529962397359
-0.5820044196452655	 0.5405758068307558	-0.6074937469494277
-0.5255823617115252	 0.5477256155457985	-0.6509683795183233
-0.48193475015989906	 0.5978734772515091	-0.6405358708046763
-0.43571656729513675	 0.6455404240106889	-0.6272388970341704
-0.3356781853796557	 0.733149264907867	-0.5914493310717966
-0.3244605977109106	 0.6922723415287957	-0.6445807363607114
-0.2722682336466433	 0.7332288817284778	-0.6230934247335168
-0.1093492425923393	 0.8119685304716615	-0.5733671150913455
-0.07760248405467261	 0.8497083921429928	-0.5215107887573509
-0.21163674500040028	 0.8301752800247397	-0.515770193595443
-0.0037522547523925853	 0.7040764703918484	-0.7101142474453177
-0.007087796148959138	 0.7828990346595808	-0.6221084026717912
 0.06601754683168357	 0.7025910698357477	-0.7085248563722985
 0.19797900930436851	 0.7707509625944942	-0.6055966194873627
 0.23424245759548598	 0.7257507639387442	-0.6468510645441933
 0.3000711215641151	 0.7125748817688117	-0.6341879531143889
 0.3302024734496	 0.7446003536450854	-0.580117781040523
 0.36056067641500805	 0.7719193639329791	-0.5235804562896296
 0.6908052549168744	 0.5724475322537474	-0.441692112897465
 0.6603334027491378	 0.5036628148919805	-0.557031027958795
 0.6779140171709866	 0.5396755688975682	-0.49918219685619936
 0.6895423383803393	 0.4434212103999999	-0.572633385115095
 0.8382720161806955	 0.39626726202640433	-0.3745294166476763
 0.7158511523704586	 0.38172401673129824	-0.5846741850812384
 0.7389719982577102	 0.3186243529988098	-0.5936319629763013
 0.7587114924136986	 0.2541929590066855	-0.5997856374329112
 0.827094093945214	 0.26327864417710695	-0.49658807404247024
 0.817282113440662	 0.16088101729250678	-0.553323815974781
 0.7965723568687406	 0.05538435442096628	-0.6020008750474973
 0.8555410387552734	 0.1318355327276898	-0.5006684764551828
 0.8680335314730723	-0.004166600230868393	-0.4964880941985447
 0.8775614929551533	-0.19577858993800662	-0.4376717603458194
 0.7434989594000955	-0.17196466091384024	-0.6462487545579977
 0.7673047993972362	-0.11750042138358596	-0.6304260430824911
 0.7599870253221771	-0.23004400373185627	-0.6078646869896016
 0.7902322283211742	-0.3859229872202893	-0.476021505036821
 0.6808674015193379	-0.2931305371461676	-0.6711885500667485
 0.6673379861123238	-0.5047854228037392	-0.5475871521652041
 0.6020296766551748	-0.40564326269379125	-0.6877599958252889
 0.5661450403261833	-0.5102056437258439	-0.6474333899517091
 0.5182828438501668	-0.559879845562844	-0.6464653527476238
 0.468282992999965	-0.6076233696751293	-0.6414864605676693
 0.6034402818350966	-0.7236981241419587	-0.334844518205375
 0.46949382509484183	-0.6560297964377285	-0.5909318525715861
 0.3087428622175395	-0.6874777972168655	-0.6573067193963317
 0.34628809135041305	-0.807671276514685	-0.4772333463642576
 0.3634751278002655	-0.7391761857856233	-0.5670135781778055
 0.18791735645376853	-0.8032976785072569	-0.5651547636252209
 0.03228844920329911	-0.7663773005171003	-0.6415787475440314
-0.010968064541635928	-0.8011067711538722	-0.5984209578312144
-0.03477672111279175	-0.7590080762309959	-0.6501517668089243
-0.2974304289261322	-0.6931869684081948	-0.6565264402732561
-0.14359883452777228	-0.7788141146936006	-0.6105963883583725
-0.20890940300681568	-0.7620253213749806	-0.6129227283424019
-0.335822965405091	-0.721428614040804	-0.6056101805201889
-0.313749244738102	-0.6422219447466341	-0.6993657019843923
-0.4049940400178988	-0.6545838529102264	-0.6383571156172569
-0.4673367627925666	-0.6342628757183169	-0.6158790097316968
-0.5269896916625922	-0.6113871827404885	-0.5903283642702717
-0.5580474092050848	-0.5545494429322221	-0.61729895870887
-0.5854463408684014	-0.49592267782798655	-0.6413371029183629
-0.6094383179997306	-0.4358194657777532	-0.6623038047624771
-0.6634749310490078	-0.4080128768048481	-0.6271574827991342
-0.683034063228412	-0.34570491354888216	-0.6433914680953157
-0.6627024808149523	-0.24708454395392102	-0.7069474167579868
-0.766500192079643	-0.11929370372808	-0.6310677204490082
-0.872119100937814	-0.005102271771567785	-0.4892670442633433
-0.7747187169764455	 0.020607793586797044	-0.6319701167063632
-0.7346166244651512	-0.01191925942183485	-0.6783777312930179
-0.6924836936145328	 0.162537776196762	-0.7028853429877346
-0.9541742349516983	 0.09201491692056142	-0.2847539014981951
-0.7028352989342359	 0.2627615574395337	-0.6610438007454378
-0.7511727737797355	 0.2438228121223109	-0.6134247306889632
-0.6514598462480851	 0.27393493596768725	-0.7075024519977303
-0.7703425919619579	 0.2907220777677684	-0.5674971052857662
-0.6406865882756373	 0.3831892823893861	-0.6653470293505722
-0.621810776979473	 0.486540986479893	-0.6137012515119689
-0.6032714176032924	 0.6234870010364455	-0.4973203758559401
-0.539515176876785	 0.5921083664064769	-0.5986075979730502
-0.4944553024571978	 0.6410395914023214	-0.5870112402047393
-0.4469437627334706	 0.6871639193308882	-0.5727538921067755
-0.4920860312930579	 0.8690409961100555	-0.05117699567471953
-0.3970032429950146	 0.7303272912494518	-0.555887104282587
-0.3868945523331689	 0.6907618596252663	-0.6108687736838093
-0.2186890883528135	 0.7702577400507348	-0.5990643509067703
-0.20505408161992825	 0.7321981428398704	-0.6494911109729314
-0.07761597792031019	 0.7781723330020524	-0.6232363758010414
-0.042689359776409856	 0.8176340338061425	-0.5741534684418237
-0.04191529894997291	 0.7426652959749105	-0.6683497331999415
 0.028408302672224297	 0.7445082681412813	-0.6670085509261132
 0.1302321546257101	 0.7786468411578321	-0.6137985684705327
 0.16108087536634352	 0.8118472112651335	-0.5612103501827445
 0.25768436274442075	 0.829590329135879	-0.4953570984665766
 0.2946537194536888	 0.7889002577154285	-0.5392731858609672
 0.32395710696620184	 0.8140006072033444	-0.4821356700335246
 0.5477887967108893	 0.7007413010509645	-0.45704383072024674
 0.5249680179834194	 0.6768654880148502	-0.5160055147272932
 0.5762708630475669	 0.5831398781413953	-0.572590407642017
 0.6222641442419189	 0.5948394231864784	-0.5088746362455592
 0.6866911065693008	 0.6105698467947899	-0.3945374333870187
 0.7099941724032759	 0.47918195925214657	-0.5160357788764861
 0.7561318512574072	 0.4538296667512289	-0.4714904634141764
 0.7634393487269369	 0.3553743901740354	-0.5393230976175813
 0.7849761399554972	 0.29152675836547437	-0.5466485240604664
 0.8432292406834441	 0.1980110105105989	-0.4997560278505844
 0.8279271312773947	 0.09422986376990256	-0.5528629107370918
 0.8639129792270713	 0.06465086836322155	-0.4994743532383695
 0.9208347323947401	-0.06707660043744373	-0.384140762337536
 0.8968039245958072	-0.034674569285201774	-0.44106733621346694
 0.8343569583175012	-0.11410879028207288	-0.5392843870237015
 0.787368704406834	-0.16575767282955464	-0.5937801926797778
 0.7736899491813919	-0.28372776716285114	-0.5664824945896196
 0.8519568137962724	-0.2639031455693666	-0.45224409027061646
 0.8231491319361207	-0.32631823680466415	-0.46469550774836044
 0.7403087704720719	-0.3432237562046959	-0.5780487674399702
 0.7030031647288745	-0.40054808354753174	-0.5876629843265496
 0.7132623333216335	-0.5442435917554109	-0.4416511708325347
 0.6217819996417735	-0.5569460847407831	-0.5506343647225354
 0.5712428943954746	-0.5598885219017623	-0.6001719742251721
 0.5216215788914969	-0.6089011448838194	-0.5976205520176796
 0.28032170262626777	-0.8243450715498735	-0.4918078344721079
 0.3196117338643932	-0.7816933100430905	-0.5355407627903529
 0.41671385555827095	-0.6533260012525873	-0.6320717512063523
 0.3613884072750914	-0.6969137539681312	-0.6194430067546327
 0.24935753063260913	-0.6787795324517405	-0.6907091777596445
 0.2132541693302666	-0.8349377508587899	-0.5073476238774784
 0.07989249884028507	-0.8415444585882188	-0.5342472394393036
 0.1232024444599533	-0.8060680880274481	-0.578856972958663
 0.03657693324122356	-0.8722383469199975	-0.4877113840345919
-0.05438962887038856	-0.8318944142961396	-0.5522621223062688
-0.1209755012992434	-0.8208456790881692	-0.5581910956004935
-0.07769843808547901	-0.7919473584845459	-0.6056255725350669
-0.09972929338563262	-0.6091952975442001	-0.7867243211512125
-0.1657742950031146	-0.7326062416497929	-0.6601567827508749
-0.36561841523307187	-0.6763371516378358	-0.6394460350622845
-0.3893245602555024	-0.7347609894019221	-0.5554751796749953
-0.514917965051758	-0.693758084237364	-0.5035466312291835
-0.4277589534435951	-0.6874690120042065	-0.5868633872399952
-0.5843210769583597	-0.5862501702909275	-0.561141351939136
-0.6141446428763249	-0.528532633692857	-0.5860713375929623
-0.6674957583364791	-0.5005108689744182	-0.5513059791452308
-0.7177674551329797	-0.4704992918510897	-0.513264353642009
-0.6301791607581028	-0.3743587198659702	-0.6802424378164931
-0.7586088758022338	-0.18580741295823397	-0.6244903352685609
-0.6747981497139991	-0.1809724489180588	-0.7154693773147556
-0.6348249992578129	-0.14296351463083332	-0.7593145947508959
-0.8396525436620887	-0.11623419794729778	-0.5305404952963841
-0.5006489277237045	-0.021345300494270834	-0.8653872135153802
-0.6509624695303762	 0.13571989081834337	-0.746878821830671
-0.7296977654768593	 0.19658947687148454	-0.6548998004591806
-0.7945804641035211	 0.2252817586028529	-0.563817359883357
-0.8129376892316864	 0.27013245071172237	-0.5159077170377713
-0.756253249961596	 0.39861160092818965	-0.5188350542590483
-0.7992581402303764	 0.3782582264642169	-0.46701942078207553
-0.7093740337531046	 0.41601819229233444	-0.5689616365965876
-0.6739323122213451	 0.4744950633544501	-0.566277028843876
-0.6355336978199908	 0.5302252180862979	-0.5612113122885055
-0.5942797390866124	 0.583348758047809	-0.553656769303173
-0.5503108642118852	 0.6338283836932955	-0.5435250985512192
-0.5037958136450177	 0.6815688746712754	-0.5307105117039667
-0.45500446460692195	 0.726295642283885	-0.5152335171426713
-0.40433543346517214	 0.7673621874630702	-0.4976626673726124
-0.3438612375604121	 0.7714404050965337	-0.5353869168068249
-0.2824114756668293	 0.7731099382481604	-0.567930261382161
-0.2486663946281426	 0.8485602131646941	-0.46702311379259354
-0.2894658017103399	 0.8081164436242676	-0.5129886579489416
-0.11558284145591079	 0.8763564943953803	-0.4675894582772559
-0.04803636664551044	 0.8823519631350991	-0.4681319478855666
-0.010868191170089683	 0.8531721502108901	-0.5215162169340635
 0.025284435288828497	 0.8197866100848925	-0.5721106634713653
 0.061779276082977085	 0.7827700305099842	-0.6192369501104257
 0.19106586233276857	 0.8412464445556901	-0.5057650203142221
 0.23783167741633088	 0.6375964849356175	-0.7327392548615634
 0.2281954182066439	 0.8021931397162709	-0.5517363661221243
 0.36425745857971986	 0.6964539633080713	-0.6182785625116913
 0.3895346957975429	 0.7945875596121168	-0.4657180809025744
 0.4266347293332248	 0.677782881843348	-0.5988264964135208
 0.6284542548292213	 0.5626059891080065	-0.5371403453538467
 0.7389617244512894	 0.5763191219841458	-0.3489868757294462
 0.6952366683701322	 0.6724680638048929	-0.2538359275518294
 0.5434013947315631	 0.6360152641052976	-0.547904652315401
 0.7798726012701624	 0.5747682175669034	-0.2478713816943684
 0.7384273530627481	 0.41798351821742835	-0.5291642682072594
 0.7835580909192014	 0.3911065690800621	-0.48277569302677126
 0.8072061388398383	 0.3276599028108135	-0.4909758013479772
 0.8029481559334302	 0.22666543452941515	-0.551268573086382
 0.8651245774081473	 0.23392924066166296	-0.4436626825954969
 0.8893344168409993	 0.101615787882913	-0.44582342544444076
 0.8792497001161982	 0.16829922384050844	-0.4456403663272194
 0.9184822930124207	 0.07035082151827106	-0.3891542616165858
 0.9427733656506786	 0.03758764264249463	-0.3313088440417372
 0.8936240218597011	-0.10237469307452221	-0.43698458756938996
 0.939813133313794	-0.10002459574934372	-0.32672060647606727
 0.9219950435100253	 0.002308317835139359	-0.387194797759111
 0.8150423468405523	-0.27499704604054365	-0.5099829384652199
 0.8420849118983297	-0.21329156041377373	-0.4953783517771438
 0.8901227507534932	-0.30051745333254015	-0.34259414594175314
 0.5215149121038739	-0.655170071475358	-0.5466025739934484
 0.7836652000768376	-0.33590346298927176	-0.5225301118025115
 0.6540903734767227	-0.4043581673819486	-0.6392654032532915
 0.6694178507366826	-0.5514141640645969	-0.4978173970282906
 0.5719292782148078	-0.6515822114737609	-0.49833474935193106
 0.7131317616057306	-0.49845387470939034	-0.49293693853910264
 0.6224589529411719	-0.6021257758173495	-0.4999894018874151
 0.44836595331593176	-0.7359321227694272	-0.5073183247066684
 0.5203765605829376	-0.6962742267749117	-0.49437883887244927
 0.23922060086700828	-0.8611503670305305	-0.44854603942517474
 0.2535201764110781	-0.7964195898428471	-0.5490385752085614
 0.2927466614683636	-0.7561135347630149	-0.5853133474877424
 0.15442043096812844	-0.9215920194199874	-0.35612144029952414
 0.05642230480868497	-0.8058618453026369	-0.5894092040386754
 0.012783008344983136	-0.838799413441052	-0.5442904911061734
 0.017192037847159405	-0.9248031249519056	-0.38005738239620057
-0.11961144743112381	-0.9108341094155382	-0.3950624340134545
-0.0981830373720813	-0.8584131800687249	-0.5034748290199738
-0.2317156714889264	-0.909422445827942	-0.34533847542774615
-0.20894265688617972	-0.86479809272761	-0.4565821119448639
-0.35670777730775916	-0.7804084947697204	-0.5135388426394032
-0.2740913480345373	-0.8451758999273546	-0.4588590536478456
-0.4056485900749704	-0.7894820482786861	-0.4606162359447167
-0.4916334377067536	-0.6657665810262642	-0.5612944169660325
-0.5509932394604673	-0.6417767027623383	-0.5334127050046349
-0.6069617578409182	-0.6157582382479112	-0.5024332956209124
-0.6388744047233919	-0.5592067085140757	-0.5283250440232655
-0.6903191965260596	-0.5302755662421726	-0.49220649198701044
-0.7647284961634245	-0.43846906950858433	-0.4721601446965886
-0.6927032870221327	-0.44009030556155715	-0.571386628387004
-0.6992974381439117	-0.28214428641878525	-0.6567934946743889
-0.7917699304297751	-0.2180690163668071	-0.5705666318389486
-0.7123908983317541	-0.217237368037859	-0.6673133700908893
-0.7297686110370208	-0.08223344518145748	-0.6787307528311102
-0.8069271246631513	-0.08586101268749795	-0.5843770204098861
-0.9244187292906914	-0.06201422209974567	-0.3763034004549351
-0.7711651581980734	 0.1732740298171072	-0.6126013462050839
-0.8396425017980729	 0.02344184954177071	-0.5426333466202886
-0.8861829646788216	 0.21971593514945212	-0.4079272740997546
-0.7400101208460008	 0.05971200960273697	-0.6699399204068153
-0.8481737427909318	 0.47080323233124977	-0.24278718760772694
-0.8522958086470184	 0.1339420811299423	-0.5056197914098153
-0.7226301611749415	 0.45904638255064983	-0.5167998343918472
-0.8274305235586232	 0.3132813229559713	-0.46606173557851666
-0.6858245306591022	 0.5166735500293932	-0.5125360044389529
-0.6460036561357038	 0.5714607885066605	-0.5060749385798999
-0.5666316550838149	 0.4951965740929561	-0.6585658057199572
-0.5576957034492068	 0.6728838892243519	-0.4860069690617664
-0.5095467428230126	 0.7194839666213191	-0.4719162411417005
-0.39979252692650924	 0.8373070778893434	-0.37293805481624615
-0.407680457344753	 0.8025211987200893	-0.43561034228315154
-0.3521155918072426	 0.8376044707929111	-0.4176522004179584
-0.38086406982398224	 0.870259594549269	-0.31239525990650846
-0.1971693325012592	 0.9135440233336758	-0.35575493215460635
-0.18368663833535295	 0.8652944991355713	-0.46639537804611436
-0.1467399463676048	 0.8410066806588692	-0.5207448043208718
 0.0127127853668444	 0.9351466855994902	-0.3540325712424
 0.01979154077135289	 0.8843428103371482	-0.46641836233031236
 0.056515876727320086	 0.8530495629626288	-0.5187604445281181
 0.09340898195853824	 0.8177891652482113	-0.5678869986996564
 0.2646807364493051	 0.759326480812291	-0.5944471408711417
 0.39443620123679285	 0.7268027869200601	-0.5622968896224858
 0.2862167700244073	 0.8528319842502967	-0.4367580190408612
 0.37842318233718014	 0.8522168066310649	-0.36127885291745415
 0.4538633248994842	 0.7722615125309281	-0.4445449792480266
 0.4866670180699071	 0.6569439183613077	-0.5758297505782731
 0.426291606896151	 0.7508684101371569	-0.5044522738059528
 0.4161222724929748	 0.813820622660419	-0.4056331451791021
 0.5131802530063685	 0.7485951089081243	-0.4198230470604888
 0.6406793266356717	 0.6228533079487771	-0.44898079825191667
 0.7687681657342553	 0.4881211999034597	-0.4131987434133786
 0.7778525508057831	 0.5203576803909392	-0.35238231179089835
 0.7989792274887321	 0.4259219243003652	-0.4245264519930212
 0.8249946381916807	 0.36275974365674507	-0.4333465303161786
 0.88270370565898	 0.2689016600410214	-0.38539079548308897
 0.8987407575907098	 0.20379545773956734	-0.38824278750544416
 0.9709989546432976	 0.10691896651700387	-0.21384425332601176
 0.8952795455133477	 0.034106236618856985	-0.44419736605377613
 0.9373750949229858	 0.1057288834305202	-0.33188753309917995
 0.9276648789745451	 0.17270081050719002	-0.33107748695328504
 0.9118445059263122	-0.13956146154054241	-0.38608573589899353
 0.9601913449387058	-0.06658558575264066	-0.27129124732430504
 0.8613065546210792	-0.3625911809901023	-0.3559194493631514
 0.8278975941771223	-0.3753099138858212	-0.4168069602282941
 0.8268294495294707	-0.1584400471183239	-0.5396756552411236
 0.8024746759245968	-0.08125273001228037	-0.5911280642680273
 0.573281217698154	-0.6067751021733543	-0.550611133938497
 0.7931598386959682	-0.4341078573911085	-0.42713913240428664
 0.7526847285923305	-0.5355829898932553	-0.38290541949793694
 0.6181820986417097	-0.5088498113044285	-0.5991016294873341
 0.546087916490203	-0.759349565028472	-0.3538025233862237
 0.4911448162679484	-0.7852628969891777	-0.3770131987945348
 0.4080268990279299	-0.7880608373989096	-0.4609492013527969
 0.4675682524348421	-0.7658632425074892	-0.4413993918107984
 0.3836343985027145	-0.7609600363462103	-0.5232250676042145
 0.32929165105672403	-0.8678384339874758	-0.3720530352496836
 0.14656368566686476	-0.8403544314029813	-0.52184625673192
-0.18616456319565292	-0.9559761493517351	-0.22683112061796318
-0.030988226397120306	-0.8673928050174828	-0.4966582845666263
-0.18677032223007886	-0.8057987465670422	-0.5619655031806278
-0.05721894819746174	-0.7122735472416667	-0.6995658552752196
-0.11088560772630573	-0.9929718362603948	-0.041368035883128006
-0.2530965302171903	-0.8796489978703466	-0.4026906839470142
-0.007172593029609595	-0.8983993842037329	-0.4391208266201744
-0.3374715512699115	-0.8219484908715642	-0.45881764399098485
-0.3843422751466763	-0.8927090015655238	-0.23526932239236473
-0.4202228243247332	-0.7607485683746562	-0.49464572537570306
-0.2733121134818435	-0.7420072341741587	-0.6121484730498827
-0.6389211508285945	-0.6701315377538044	-0.3777611482558601
-0.6256760955852818	-0.6433164645379719	-0.44121802985318026
-0.7226964310425956	-0.5851179525318093	-0.36789516194600635
-0.7872267915324068	-0.3762745458536245	-0.48856058461181767
-0.7548372032554301	-0.5264814968236676	-0.3912007541963986
-0.7144137382533539	-0.3782539085282929	-0.5886739261067527
-0.7416904768461261	-0.4091731902338977	-0.5314814549441783
-0.7620096569500141	-0.34654475106072796	-0.5470356644928922
-0.7473335220924856	-0.2510518450457677	-0.61519556066015
-0.8011905813102319	-0.1524158507814027	-0.5786735356402211
-0.7224880529864363	-0.1507058563989248	-0.6747582960875215
-0.8427956953409268	-0.04791435149820182	-0.536096661839365
-0.7929883232562103	 0.054226633906365715	-0.6068187467065347
-0.896014425155915	 0.037479493030879586	-0.44244032085091833
-0.8713647996514057	 0.17727574440316624	-0.4574895587603822
-0.8349350120191338	 0.2026802483980935	-0.5116680981006109
-0.9164171609128765	 0.19171624194287834	-0.3513181887686475
-0.8382521606134636	 0.3550016439091665	-0.41389267696910204
-0.8642842285203592	 0.28829693702666126	-0.4121864243664668
-0.8791689532475466	 0.40741352808955994	-0.24713593177688833
-0.7753075881112317	 0.48057468965761	-0.409812288099853
-0.7324970455989032	 0.500055989400353	-0.46194381222580794
-0.6942775596438904	 0.556636666416589	-0.4562173733819781
-0.610528365891158	 0.6959321407831243	-0.37806556292168464
-0.6087714276471511	 0.6610013828257261	-0.4387191821460824
-0.5614446279996761	 0.7090540873280969	-0.4266406344145208
-0.5615139867981992	 0.7421962593508566	-0.3658507280785265
-0.4576778953265735	 0.7984400667208819	-0.39118333807077177
-0.2747489703878644	 0.8300255561617609	-0.485356136655516
-0.3350097633311813	 0.8706995688771428	-0.3600704364842297
-0.3514063881677325	 0.804438371183385	-0.4789493264665181
-0.3050270659983952	 0.9299992578883725	-0.20508502952552926
-0.08652583629260076	 0.9064315692060813	-0.4133945935791458
-0.155377457741999	 0.897740597964164	-0.41221312981584973
-0.09254668570166422	 0.9488122754601868	-0.30197744435917756
 0.1167224695832294	 0.907331073503415	-0.40388883142460485
 0.1239618251724944	 0.8490671188435231	-0.5135352895358434
-0.024828333376859635	 0.954264434562711	-0.2979311041003218
 0.22024576004792998	 0.8665583595528297	-0.4478486515219383
 0.36611151978535106	 0.8957281589015559	-0.2522566558711378
 0.31412865448693794	 0.8717592832796036	-0.37597731373855237
 0.47750233180274565	 0.792426450885138	-0.37954162230317334
 0.5004759104491756	 0.8075664810523979	-0.3120260273450211
 0.6237491979174623	 0.6908777271592457	-0.3655474035095825
 0.5732863313562857	 0.719116057275327	-0.39270202246594016
 0.6679045044868746	 0.6429699375267051	-0.37482426858869167
 0.7265792868774282	 0.6597751594059594	-0.1917792452574799
 0.8473625267053673	 0.42814168909033223	-0.3141201082362814
 0.7315192885350864	 0.5555304407095891	-0.39530426249426
 0.8470423665198032	 0.29866531286113424	-0.43967972458835547
 0.9400547796976363	 0.20710242825145095	-0.27093466994827636
 0.8736034034233202	 0.3663261562820784	-0.3203470629657627
 0.8957372908642378	 0.30309292388853015	-0.3252528020538755
 0.9517709504856285	 0.14038587626396087	-0.27280737445546294
 0.9137659828022925	 0.23852106499661757	-0.3288456024128041
 0.9615217650567118	 0.17447261182609944	-0.2122149925071387
 0.9620277387681481	 0.003665798314779735	-0.2729270814033656
 0.9853515371185931	 0.07250397958606294	-0.15435517886423364
 0.9045116071715307	-0.18996965185931472	-0.381798747856021
 0.8642814189426832	-0.14655997950812494	-0.481183750013444
 0.884323354619323	-0.2526976948703389	-0.3925762085023034
 0.913793156439875	-0.23767253206916358	-0.3293840232061699
 0.8895684024663815	-0.34870491173046464	-0.2950812462161212
 0.8285023155211395	-0.4229669650106986	-0.36699163435390286
 0.8540015525482034	-0.4553816191791418	-0.2516126569929293
 0.7548683285999094	-0.4904551077521233	-0.4354625055692311
 0.7096307690987169	-0.4506318116814323	-0.5416226932552528
 0.6198888133099997	-0.6450462083680863	-0.4468257470234629
 0.7534370066843915	-0.4433561974278577	-0.48555942907204996
 0.7097022464001037	-0.5880809786470311	-0.387922007635809
 0.5749241512132836	-0.7658868095803518	-0.287888199241504
 0.5550162001283702	-0.7344617468452473	-0.39054187997715767
 0.2641502315698378	-0.8829403311649121	-0.38812501434975405
 0.30573760667559785	-0.8476509703411691	-0.4336039072055879
 0.39242417630859927	-0.8488894081234603	-0.35410455888666387
 0.19720001861051678	-0.8936085209267827	-0.4032070981357596
 0.1718269265798844	-0.8693984586465316	-0.46327295129884943
 0.16625239788134705	-0.7658391005134064	-0.6211687470595403
 0.24584196757955554	-0.9287443395934004	-0.2774809518684684
-0.2954802974425582	-0.8056486853767613	-0.5134409309491731
 0.22995180479904717	-0.7611352681195471	-0.6064612692449916
-0.07509786087693064	-0.8914665451182694	-0.4468195499601666
-0.0962412546362383	-0.9368509054059189	-0.3362261172873888
-0.18688742667768268	-0.8973851081433264	-0.3997162211274197
-0.14246198643894556	-0.8802749487235394	-0.45257109614914653
-0.23078426107979352	-0.7143671577695779	-0.6606195491643195
-0.5031496672551165	-0.7612003028975425	-0.40916318408399793
-0.4260585409040826	-0.8337039101864298	-0.3513003129269056
-0.4772188140063282	-0.7439602710701874	-0.4677449290238934
-0.64052679117402	-0.4690140611503688	-0.6080717393791225
-0.5715353061396087	-0.6696537764698428	-0.47424805059755565
-0.659560144273663	-0.5881184784992225	-0.4680780611537614
-0.6474499072634641	-0.6944885305866473	-0.31383801310251
-0.7087896348592686	-0.5584457756516626	-0.43099369969046847
-0.7385361997149433	-0.49928030485849706	-0.45308217675275625
-0.8290384202081854	-0.3414270494415796	-0.4428576156377276
-0.8059971915976578	-0.31287798320845495	-0.5024697948733817
-0.7787044357811285	-0.2828005416905716	-0.5600386194846867
-0.9126206775427586	-0.19984366446173676	-0.35663147462878475
-0.8322683909664802	-0.18288049001612391	-0.523339327558639
-0.8681914218101199	-0.1446565862888704	-0.4746768660242177
-0.8089186571177766	-0.0180286538597063	-0.5876440876983109
-0.8636298045244363	 0.06505858938856623	-0.4999109327508794
-0.9629416054402443	-0.0490524671625658	-0.2652118398138179
-0.8859860056052133	 0.10748440067282065	-0.4510830316956332
-0.8730691552408155	 0.32935642512957813	-0.3595477651063253
-0.9064640885208822	 0.3411371095303032	-0.248894211912042
-0.7416517370344555	 0.35471502579281994	-0.5693241180826386
-0.8085221262222493	 0.41920068533948934	-0.4129924416014849
-0.73980398853812	 0.6103136393249375	-0.2832089691324048
-0.6990820161384567	 0.5943702560119011	-0.39750262072109416
-0.6530158020330006	 0.6102692702279119	-0.44848832773071035
-0.6563261832142223	 0.6466835833930256	-0.3886338690816933
-0.6557170925517065	 0.6806464056183107	-0.32673470133184634
-0.651056644878857	 0.712015199236711	-0.2629821309804011
-0.6084407670686698	 0.7282064092222625	-0.31546039139091187
-0.4304198105040837	 0.8750276129331975	-0.22150725344796085
-0.3686159385840805	 0.9047952976684006	-0.21323170294055252
-0.2869522081083236	 0.8648161792806878	-0.412008988149665
-0.05566553497828873	 0.9322443286990104	-0.35752183125525716
-0.22360090779661518	 0.8834804125798161	-0.41166126198651176
-0.1607802270854946	 0.9387089970736977	-0.3049182470617816
-0.12971122890421027	 0.9610128469974847	-0.24419112392130243
-0.10237766711375945	 0.977824445417958	-0.18269692723033779
-0.31436272390353864	 0.899100919625142	-0.3046204427630744
-0.1269412744025159	 0.9249397830420103	-0.35829081846910954
-0.017812030756999938	 0.9108877790876224	-0.41226955438054186
 0.04997523798383205	 0.9111298203586751	-0.4090781417304377
 0.1457771037352098	 0.9280849257049333	-0.34264764220090943
 0.23929499543977223	 0.9323016344222537	-0.2712039225584209
 0.3513459716318036	 0.8351576982706312	-0.4231638302565629
 0.41224967207764024	 0.8610857090337802	-0.2976266277900384
 0.48044105799127146	 0.8389802147950866	-0.2555163184194275
 0.5396493451632858	 0.803547214937161	-0.2511781392390048
 0.6039155682802343	 0.6746224895258149	-0.4244649373208033
 0.4891026819649339	 0.727193523822416	-0.4816307147654169
 0.7062254223676621	 0.6346983945606255	-0.31369348215062093
 0.7153168900980225	 0.6987125138870989	-0.011071119097208182
 0.818834466488146	 0.5190246064870885	-0.24520108962236753
 0.8517261147470787	 0.45971450816270004	-0.25144620983934757
 0.6607579935508269	 0.681738031935882	-0.31405752621275573
 0.8625865684012096	 0.3329507110634056	-0.3809044972380845
 0.8798448505834529	 0.3991057357138716	-0.2580458304682926
 0.9295207524406943	 0.3061508728346223	-0.20557921549778416
 0.9701496668373756	 0.2404426507983266	 0.03157460391521964
 0.9435495147371346	-0.03174846500705165	-0.3297064576392375
 0.9781602897279336	 0.1407344502091478	-0.15295836728892626
 0.9879027504013819	 0.003721290888843708	-0.15503002207155125
 0.9994222185282535	 0.0013718511512089435	-0.03396096489328628
 0.9673741599394269	-0.23428248383640926	-0.09643107615769446
 0.9949912480166363	-0.031439781006404065	-0.09488918031349174
 0.9310323589572264	-0.16978913051015604	-0.3230331217308031
 0.939715933329275	-0.33843134233349875	-0.048971330117077584
 0.8986523242636159	-0.4209172464047691	-0.12350170757778303
 0.8857370775290438	-0.39582766282495385	-0.24246709226788538
 0.7878420812369276	-0.524897935615788	-0.3221599171507075
 0.8253823509945579	-0.46888550738055845	-0.3144683698484997
 0.8311125456261114	-0.5383788606115569	-0.13928438157053635
 0.6621664321422485	-0.45579114433141704	-0.5948025293263828
 0.7364961341145156	-0.6192427820380852	-0.27223486427734783
 0.6684227142145747	-0.5954321677086898	-0.44572593460528187
 0.4958281403406832	-0.8439398972206938	-0.20474351058195817
 0.5706999608155595	-0.8123938225928657	-0.11965714244486203
 0.47666933787832017	-0.8367702643269401	-0.2694473363476932
 0.553665202253707	-0.8118323620439385	-0.18542669643695192
 0.3697806338509292	-0.8300707112130744	-0.41742651714406676
 0.5144546778904351	-0.7989551907764817	-0.311459447646021
 0.08600562779303109	-0.9253534089486126	-0.36922093729244077
 0.09144981691192125	-0.976659325895875	-0.19435403810415516
 0.0610876611714504	-0.9011181867845023	-0.42924854233743565
-0.02736142957560189	-0.9439130768853605	-0.329058437752918
-0.05148225804427238	-0.9199740877597525	-0.38858365245758125
-0.34897549529239424	-0.9371086499730238	 0.006594075459455271
-0.1647615104354026	-0.8452645602116278	-0.508312372394464
-0.2536556807215466	-0.9394711497639946	-0.2303318354001617
-0.3823540715430064	-0.8302270355533159	-0.40562104655803916
-0.14438427160475018	-0.6476603671467388	-0.7481238072274651
-0.5385590913138945	-0.8346009832711979	 0.11573808312695685
-0.40585318812721977	-0.8653246564819923	-0.2941027517234302
-0.5882550105760915	-0.6960415612656955	-0.41168214379899387
-0.5638269020229209	-0.7888474394887942	-0.244579111469498
-0.6974419274550524	-0.6621703164580872	-0.27405333391436454
-0.8134341782769338	-0.5606099335058816	-0.15505270092926784
-0.6759189837080566	-0.6154955850142937	-0.40533777555389566
-0.8447275512060495	-0.47947181868455496	-0.23778591068597096
-0.7976839806667295	-0.49214623762848053	-0.3485575243425566
-0.8718282825275487	-0.4190811740698532	-0.2535476588834889
-0.8460559958868993	-0.27720770193909305	-0.4553516682844964
-0.8477495572400969	-0.3685400531025638	-0.3814432034502372
-0.821021674841504	-0.2483984993606554	-0.514024897213964
-0.8817399236841142	-0.23941339024990343	-0.4064676316148433
-0.8591578985610249	-0.21169481426093362	-0.46586801881566453
-0.9208635432693422	-0.13165480824447426	-0.3669841224679118
-0.9003291685233922	-0.03353810819763164	-0.4339154106556962
-0.9228370701289957	 0.008720980497877529	-0.3850917897006986
-0.8275774312590342	 0.08983714061733687	-0.5541163085818713
-0.9155374572126956	 0.07954319376367243	-0.39428929070719937
-0.8969198594189124	 0.2612502758684614	-0.3567675141301562
-0.9036528465657498	 0.3017676952332035	-0.3038877934489272
-0.8487437794002556	 0.4339396045598189	-0.3022092264042222
-0.8516575124893017	 0.2460549969161778	-0.4627487654366187
-0.6271438142612512	 0.767324416912449	-0.13380536403231194
-0.9053497854485933	 0.3790885096013405	-0.19139923687522967
-0.9535258136443445	 0.2996587784375234	 0.03151411142999297
-0.7675428201637228	 0.4405703544347847	-0.4655918620512258
-0.779337018385166	 0.5186378896700489	-0.351636959338915
-0.6896873201413505	 0.6931769851259932	-0.20937303486332912
-0.7000268366900949	 0.6298091620286568	-0.336604883117314
-0.5585407576474938	 0.7722608395796521	-0.30272994185956364
-0.5105875255966684	 0.755204187349086	-0.4110559744310724
-0.44707534452232306	 0.8481969208248791	-0.2840521427897357
-0.5330044654206322	 0.827678130248789	-0.17565634787714082
-0.5052740589002892	 0.8129883015470465	-0.28939272096940444
-0.5087643200037297	 0.7856913275856681	-0.3519204518748704
-0.36055335625391405	 0.8980398348157224	-0.2520431161095027
-0.34734407866188105	 0.9255801573732281	-0.15051067502167298
 0.004394006778870965	 0.9718361595432838	-0.23561657774568542
 0.03308521813349201	 0.9845349575888179	-0.1720357103238859
 0.1826802784649751	 0.8995041769715864	-0.39688808431424116
 0.07973454936331008	 0.933721999641661	-0.34900663177511143
 0.08693187473107142	 0.8822750067235701	-0.4626377218371475
 0.15373411617841073	 0.8763525680303873	-0.45647781767506335
 0.21100640613984858	 0.9182974246968707	-0.33497184413475806
 0.30330025788163445	 0.9161397594192269	-0.26210092479847374
 0.2755786924155466	 0.9043374386928623	-0.3259297182905713
 0.46133448086840034	 0.8665618566021415	-0.19037081037841277
 0.5195115464843483	 0.8325941713749346	-0.19207992831612342
 0.4411048037977816	 0.8283299069829716	-0.34539270007355755
 0.6472337493704581	 0.7190442518633378	-0.2531083513797045
 0.770150887366457	 0.6092000591980153	-0.18905792382704698
 0.6892289839468108	 0.7210303087200048	-0.07126500961047748
 0.7994668875954376	 0.5868060406736328	-0.1284965613057353
 0.8094816713127654	 0.45994852255019564	-0.3649476406453185
 0.8250716638134697	 0.5607262585057653	-0.06959031968743101
 0.8487302370783815	 0.49384444482254397	-0.1891418752862197
 0.9664317361715469	 0.20816243148444843	-0.15059250127058732
 0.9043618949028693	 0.40391744012435843	-0.1377688811418497
 0.9591384704036303	 0.0725101983121286	-0.2734879626830407
 0.9610271304386592	 0.27517241751844523	-0.026589381299514356
 0.9897551819122974	 0.1391417023307111	-0.03200416457692606
 0.9888023685665132	 0.027041545970173973	 0.14676045349070246
 0.924105939164509	 0.2725703499786572	-0.267831322875786
 0.9502533968467594	-0.31109399095326756	 0.015459966816378873
 0.9530711014358455	-0.13814667681127876	-0.2693899985037758
 0.9786139136601153	-0.1342920347931291	-0.15582187709674591
 0.9396585894558659	-0.21067251850603405	-0.26955301001498316
 0.9342974740108514	-0.3134157936210396	-0.16987869308961803
 0.9187486625194723	-0.2794574104188575	-0.27893449209566606
 0.7018926282269948	-0.6300189996204105	-0.3322992605437139
 0.935239861473759	-0.2716177416397898	-0.22704669990344403
 0.859293633443909	-0.4102865608332896	-0.30541674728533824
 0.7923346963394576	-0.48053814013785495	-0.3758840577219406
 0.7467299986704726	-0.5784571614612741	-0.3283011139788617
 0.6894505780678702	-0.6692906770971804	-0.27696189260018705
 0.6637124325107825	-0.6377221112776067	-0.3908916930791083
 0.6538762915065787	-0.6790378587878403	-0.3336965413941668
 0.29128904913961823	-0.9456687339769247	-0.1444345368318035
 0.43611640755396525	-0.8716056422026432	-0.22384388207574918
 0.43084210688828306	-0.8097091139203789	-0.39842970492464563
 0.414818875817332	-0.8626254821268261	-0.28948674900780164
 0.13555219254823303	-0.9601949502933733	-0.2442360753993424
 0.12485536517760565	-0.9842294496500601	 0.12531371923259976
 0.1293454468110437	-0.8995848388361507	-0.4171532969130032
 0.0418953402869545	-0.946613217171929	-0.31963760344748393
 0.10422666029345112	-0.8729512124964107	-0.4765427408796823
-0.06840403943483478	-0.9927031903266447	-0.09930389370160189
-0.20933818210450705	-0.9348988512008095	-0.28660366978911345
-0.2762489897935567	-0.916377370107881	-0.28972230012928485
-0.3614726853945591	-0.9157810745097372	-0.17516426942569385
-0.2978024598095508	-0.8889711878507289	-0.3479136704739341
-0.36271200471539944	-0.8637886412956067	-0.3497273006272545
-0.45476045890444766	-0.7151202379528716	-0.5308445820456721
-0.5073037501622826	-0.8272373898621637	-0.24149783826220708
-0.4860121758416462	-0.8550891940880981	-0.18059522443142179
-0.6203700038160221	-0.7440022550354606	-0.24819690342036563
-0.5996924307424772	-0.7186610814333484	-0.3519875545288916
-0.7325457689251897	-0.6098400725153821	-0.30244302336842904
-0.6987938266978428	-0.7151621787310982	-0.015173855198135718
-0.7834110439633222	-0.4661529608510402	-0.4110578466421805
-0.9018406778379406	-0.38168328344658636	-0.20248768588296062
-0.8247309536144805	-0.4309809994316815	-0.36616148388247893
-0.862061198306587	-0.39435177348885647	-0.31833499512369895
-0.9036772657181888	-0.40617403533371	-0.13560992753050324
-0.8667652692625568	-0.3047422394410435	-0.3947785904791005
-0.9283492531300647	-0.22686969068151233	-0.29444491447964644
-0.8727715724831393	-0.07573546048852049	-0.48221771254268586
-0.8988590819871014	-0.10371848596781202	-0.4257873018278616
-0.9442874147661293	-0.0904050094638184	-0.3164620239114748
-0.9597857193312739	-0.11846864720691852	-0.25451238201060483
-0.9918759023023638	 0.11584814150798503	-0.05254904890688345
-0.9034187854091776	 0.14992342477509785	-0.401693247234145
-0.94912253300383	 0.20304681790860202	-0.24070398227196974
-0.8780542820842107	 0.3691338273972472	-0.3045667335488908
-0.8453945649969964	 0.3952609874737044	-0.3592725723665135
-0.9421969718086929	 0.16259166524887037	-0.29296555549437636
-0.8075285416911056	 0.5637671867957635	-0.1733903499235964
-0.8140996656808355	 0.4584277443282024	-0.3564908660379793
-0.741266547032762	 0.5757874386201646	-0.3449532312899194
-0.771344265700688	-0.05069798104026353	-0.6343955694116311
-0.7387781983678664	 0.5389877802487043	-0.4045972643986907
-0.6969699549244277	 0.6627901082737553	-0.2737556470780195
-0.7114162506280136	 0.6970262106132318	-0.08967374231366702
-0.5523681433396174	 0.8314378445512021	-0.06000454042483231
-0.45936299044831447	 0.7630614819347261	-0.45466781037804005
-0.6019004897633216	 0.758083044882465	-0.251049591683405
-0.49084861295982724	 0.8407961483812825	-0.2283188034801653
-0.26595298168454007	 0.8956059552746019	-0.35659358436428834
-0.21371705013625433	 0.967802893562806	-0.13297586883535623
-0.171103161964244	 0.9672365666780313	-0.18755567719142083
-0.06273296667577535	 0.9686073668576846	-0.24055008576402306
-0.2613245726370632	 0.9296397411070888	-0.2597680109066573
 0.04232688445506741	 0.9552384886246869	-0.2927932115031894
 0.10023920889643388	 0.9811239287889361	-0.1653721178360484
 0.10877519153047635	 0.9518512990730281	-0.2866130879085903
 0.17444356339845682	 0.944193734033996	-0.2794058621428482
 0.1975286346175226	 0.9758142837752884	-0.0936425228529122
 0.2683548208513756	 0.9409632772919829	-0.2063341971505377
 0.39835714003803424	 0.8972167548172671	-0.19056149625748156
 0.45753747619325336	 0.8880669515145003	 0.04468274282595294
 0.57539067388581	 0.7948559382480508	-0.19269045081955774
 0.5524823127471521	 0.8230508217607825	-0.13172182393384585
 0.3331920362043363	 0.9219366676648884	-0.19752429679654454
 0.6801016021204105	 0.7072414836706887	-0.1930577493097178
 0.6294946592719541	 0.752679043052914	-0.19290083487905485
 0.6375091961869814	 0.7670894284658634	-0.07180413297954642
 0.7256407423080701	 0.5146158902542474	-0.45674500391402373
 0.8166303092983854	 0.4890044644608727	-0.30657718713654897
 0.8628101165048955	 0.5004056478405661	-0.07178363647846349
 0.9071535086676029	 0.36990763682414873	-0.20060122614588108
 0.9040123701297677	 0.3366322644800472	-0.26351537557303173
 0.9133040729557234	 0.4068550253050079	-0.018564986036848134
 0.9476633235428117	 0.24095285800800345	-0.20946585743162902
 0.9971296831694417	-0.06748945052103493	-0.03431572541529221
 0.9856960164325359	-0.06534626330721595	-0.15534873369555965
 0.9948374403413988	 0.03735786140789187	-0.0943549547506789
 0.9613511636606449	-0.17418967012742315	-0.21321796113185115
 0.9612763218116498	-0.27274901671166435	-0.03944371948847785
 0.9811294479740339	-0.16791422205259032	-0.09586355068867981
 0.9132353060577897	-0.33461336145268084	-0.2324546710799184
 0.8783288250734922	-0.4396790494290246	-0.18767207714044237
 0.9762453206713227	-0.031065370696319868	-0.21442951431845114
 0.9264752459586397	-0.37629693004551096	 0.006651245312141848
 0.8073636302588365	-0.5539313462285862	-0.2032831330943596
 0.8184820147822129	-0.5125162624958384	-0.2596425854041401
 0.7662797911613971	-0.6073075597046997	-0.209744629450121
 0.7793286845481909	-0.5671158406341987	-0.2665078324217747
 0.7214376788599192	-0.6580712322942072	-0.21556884920599245
 0.6153352807214765	-0.6837594662486395	-0.3922186693858385
 0.6733540223269977	-0.7056405396728769	-0.22060323974553134
 0.5388910400545396	-0.8053945781116647	-0.24685222400713883
 0.6331840199722126	-0.7224963028600043	-0.2776276088674423
 0.5923229165952723	-0.7839087557820898	-0.1861199212450031
 0.35211647018160225	-0.8837795856217548	-0.3081357419467729
 0.2484703476195923	-0.964031467105826	-0.0943706351763517
 0.2690467836529763	-0.9395583029784632	-0.21176407511714346
 0.49575043223533655	-0.868224371058249	-0.020443836210093214
 0.3109935466111391	-0.9140139621934525	-0.26050238171972884
 0.15969869407395537	-0.9707807460448974	-0.1791118930154723
 0.1790492686076322	-0.939104149085353	-0.29329977255658984
-0.09324818937203415	-0.9825409820880566	-0.16099066338230453
-0.16440001600000187	-0.9253829741823253	-0.3415245025363088
-0.3418025847046368	-0.8932434447624789	-0.29203962313030407
-0.14131215856552068	-0.9488723645544773	-0.28226248356157513
-0.3188610638019584	-0.8570165827701454	-0.4047841385826106
-0.33710094882225405	-0.9345208899497415	-0.11416504084298028
-0.46318208203894756	-0.8781759455437023	-0.11945445804360137
-0.48732099710900084	-0.7973928910206786	-0.35592530554369595
-0.4248239859069207	-0.8876668738811178	-0.17768540179846046
-0.5269178184070445	-0.7947717430979288	-0.3011569175998467
-0.6558094070906666	-0.7116842992394962	-0.2518322453288607
-0.8133564023229014	-0.5382857484454461	-0.22068034760909885
-0.6883044286209395	-0.6405384961046897	-0.340510570392087
-0.7745653452697212	-0.631646158191121	 0.032736168828907904
-0.832583735487446	-0.5524569136904398	-0.039945987500682976
-0.8046369535984548	-0.5865478573632944	-0.09230917574286214
-0.7326146928892844	-0.3152034215595695	-0.6032599065078668
-0.8948318075094414	-0.3568313933650927	-0.2682301119906429
-0.9270382146083139	-0.3434052816874485	-0.15057543347104874
-0.9386084059345084	-0.15936929872072303	-0.3059668069159563
-0.964571776919997	-0.2388327528286364	-0.1120723130201884
-0.9406816947858462	 0.05061646888500399	-0.33549355012047793
-0.9762542986587684	-0.07734491081038411	-0.20234947274952347
-0.9310386980146605	 0.12133814606198684	-0.34415693674457004
-0.8159433666556994	 0.48922309002310954	 0.30805387613013946
-0.9518861823935006	 0.2425172361064437	-0.18734483168643476
-0.9252431790857273	 0.23267478543611866	-0.2996456303328871
-0.9299759962413244	 0.27266309864881827	-0.24657550780679932
-0.7864640983231708	 0.3355873089021491	-0.5185126615161251
-0.9002951406151333	 0.4150310866732744	-0.13121683154069275
-0.8499969433817546	 0.5107581242561429	 0.128962532341842
-0.7794650908162115	 0.5546373725699995	-0.2912242385989241
-0.7689581606867235	 0.6388995720568531	 0.022598317168794436
-0.7980096902651843	 0.5927992485179374	-0.10848771911803409
-0.7679468331307633	 0.6190239198358848	-0.1645206617888702
-0.7756287874267024	 0.5882790928593208	-0.2287524710677421
-0.6779106189444504	 0.7208042491225367	-0.14449369248949304
-0.5892624604775469	 0.7860568685459828	-0.18677353153921783
-0.44385593645937454	 0.8339811142454309	-0.3278222212598187
-0.47313282209254254	 0.8650035551920104	-0.16707537868856995
-0.2282202159467657	 0.9734615941396518	-0.01697226467798786
-0.19705302571896793	 0.9484257311304376	-0.24831177496183057
-0.25572374685992955	 0.9635077778467595	-0.07910832649423541
-0.1443538134491069	 0.9814156026656369	-0.12643334760713015
-0.11668400783064385	 0.9910615535222432	-0.06466714348613269
-0.04686591935095994	 0.9972147338845022	-0.05802034235551305
-0.034407502402065866	 0.9834670925878247	-0.17778808052089148
 0.06200006576514993	 0.9922159365040982	-0.10799781105380124
-0.075029438415927	 0.9898591312807791	-0.1206212402151967
 0.2033430070211092	 0.9552375486775075	-0.21487867993870324
 0.12156747134820048	 0.9923968418815481	 0.019231696064943897
 0.23345471478988172	 0.9607115410984166	-0.15010739802781367
 0.3660179388144406	 0.9207484625407577	-0.1351041716412179
 0.49359391779711476	 0.8597269527860134	-0.13128065724611251
 0.4312429207697283	 0.8926113208905146	-0.13143277028231815
 0.6606080638224083	 0.7389913045947274	-0.13224536946975385
 0.7561705454629116	 0.6413731942623117	-0.12979419037877551
 0.6081230174539376	 0.7827436239298231	-0.13228308599335586
 0.740363662364104	 0.6225661625402191	-0.253521243115358
 0.7843624153537054	 0.6184015093362454	 0.04853014147058735
 0.7754230258690675	 0.5595022039176926	-0.2927053377772678
 0.8823410020424564	 0.4703835668749392	-0.014616980834765625
 0.8467109885380271	 0.5319261529213359	-0.011621950234980282
 0.8264430222187136	 0.5609738839881038	 0.04796073924889464
 0.9296005951850653	 0.3397968829591324	-0.14276138050197656
 0.9475129388972359	 0.3082850557392082	-0.08473225495757845
 0.8541759899176412	 0.49356640781976974	 0.1636324519161972
 0.9777717205129832	 0.20754404343240618	-0.02979819794565239
 0.9507830905766934	 0.307869799292386	 0.03503856956408415
 0.9106937888861343	 0.13760293332338597	-0.3894897375092403
 0.9969683337605132	 0.07032918894278213	-0.03328583274362577
 0.9941386064870955	-0.10494521501018463	 0.025979471479654324
 0.9904083785126244	-0.10006353999864305	-0.09528132941418468
 0.9665025910052526	-0.20321953553428454	-0.15676275692065156
 0.9087432494060331	-0.4127236781690074	 0.062007032968931175
 0.8783733435359014	-0.47497888187513904	 0.05343529861621708
 0.8847956522920565	-0.46109507924863025	-0.06729027847894621
 0.8447272872396018	-0.49802541316178967	-0.19597575880157225
 0.8586047087821849	-0.3144502056192637	-0.404869142122566
 0.850816924938987	-0.520077994614096	-0.0750295925321914
 0.8128790421625806	-0.5765930193991756	-0.08226878383073029
 0.7916387441860956	-0.5932390962706396	-0.14620353401835484
 0.7710452025923018	-0.6305148533327187	-0.0891084467725516
 0.5691444768485375	-0.6910347638080382	-0.4455844697490853
 0.5139813770947774	-0.8467341755367188	-0.13734766098448503
 0.7027214322254867	-0.6823701922702032	 0.2013790192450216
 0.6755882008702883	-0.7299006716608426	-0.10404610686564927
 0.4537250978273353	-0.8262396198160121	-0.3338586920358174
 0.3332610521851241	-0.9226731907804895	-0.1939362114495764
 0.4558832800756008	-0.8761791052037643	-0.1564628088455606
 0.3955844801187779	-0.9015216560233293	-0.17541842209446057
 0.3316331366286475	-0.9433833737172307	-0.00687552788817127
 0.11577670108311845	-0.9848518710382452	-0.12908349080644732
 0.026726415650303426	-0.9992482235733734	-0.028083560884348595
 0.021886847706673478	-0.9781484992936458	-0.20675221698219734
-0.04809659368545258	-0.9753024924927839	-0.2155731101348674
-0.0723911986142226	-0.9583295599882402	-0.2763403134107333
-0.16213019931652833	-0.9726908019223415	-0.16609154802474282
-0.13717630119886592	-0.9850333079488054	-0.1043649587784708
-0.3197858928482626	-0.9184035779942114	-0.2329631959401965
-0.5339600227357217	-0.722344703231768	-0.4394369395409043
-0.5340240609464987	-0.845465459360121	-0.002541526940622596
-0.4470560714462612	-0.8623131971940338	-0.23781677596006326
-0.5466048652287023	-0.7545928286556112	-0.363060303875039
-0.6679475867756092	-0.7407376636032295	-0.0717895190140527
-0.4680184834360774	-0.8323614686630997	-0.296872168865999
-0.8430309268473217	-0.5275683667337074	-0.1047400343749889
-0.49957163344466604	-0.8641320316110807	-0.06086061946065585
-0.7693240616664649	-0.619892685977301	-0.1545106663400966
-0.6785854376124113	-0.7164651153760184	 0.16186272674584726
-0.8759163265392415	-0.478314486527642	 0.06313351629522441
-0.8081539563818967	-0.4044236392797301	-0.4281690119287316
-0.8766960772198461	-0.4431125999865712	-0.18723037125550693
-0.9784838024915872	-0.19773152351833967	-0.05892107321426594
-0.9438510565723994	-0.3288794652928603	-0.03136048972589028
-0.8369592630797759	-0.455903685161962	-0.30273919766145474
-0.939553700876565	-0.2533044803083179	-0.23038160392028562
-0.8925250870006778	-0.17240429608310073	-0.4167441994395642
-0.9818504318175143	-0.08751691316358336	 0.16825730132769495
-0.9849209049861586	-0.1046486491014432	-0.1377660014752904
-0.9578547585427857	 0.286896645850282	-0.014303011459123946
-0.9864516722697712	 0.03332130754316685	-0.16063246477529353
-0.9656230627571929	 0.2500555359324717	-0.07102344416418345
-0.8136085064948979	 0.5311160450169292	-0.2365522032971096
-0.9264274910156725	 0.37350314677820273	 0.047196432462494414
-0.8763312867552054	 0.4438177814346968	-0.18726786359744066
-0.9200815786772152	 0.38453059333115663	-0.07474029282276387
-0.9541405760273995	-0.17462491112715678	 0.243149957005826
-0.741835620801951	 0.6697227058953013	-0.03393241691450645
-0.8917983296433546	 0.44729637572090275	-0.067983023706422
-0.7236072142391359	 0.6895156579865909	 0.030996078661601444
-0.7343355381803001	 0.6422768269020263	-0.21961738316926052
-0.6414279126435185	 0.7411115560403482	-0.1983025324730696
-0.5487044132848414	 0.8012500568995498	-0.2385829272186224
-0.5294407171464242	 0.8483432028722647	 0.002517373215867479
-0.7852080389361702	 0.6177474538556211	-0.042853457794107666
-0.4112406311149434	 0.897571274865302	-0.15889288799961948
-0.4525640916013773	 0.885537073118859	-0.1049277614604687
-0.336987818857849	 0.9410834612312199	 0.028304221213397977
-0.186564543883359	 0.9798498997165616	-0.07132913143336679
-0.2098249661297918	 0.9644387278779499	 0.1607215721606579
 0.052108995816221484	 0.9985679313894288	 0.012113585582403254
-0.2689295810356218	 0.9624526677180253	 0.03690180004365012
-0.017789994538945177	 0.999830141121924	 0.0048171566736106295
-0.006241453739167244	 0.9933974801854222	-0.11455344000280283
 0.07126834994099887	 0.970671134836689	-0.22960481330220803
 0.01188278447976135	 0.9976386122402596	 0.06764612923395293
 0.16699539058368715	 0.9732193018487668	-0.1579769920994859
 0.26494194984779945	 0.9603899610579384	-0.0863532623007248
 0.4279816108526556	 0.8688521879926042	-0.24885259932825865
 0.3401774525768229	 0.885950282566511	-0.3152322914592715
 0.5825188583735699	 0.8096286743405199	-0.0719248866858032
 0.3981946320055555	 0.9142801007214797	-0.07438368414297104
 0.609932415926639	 0.7277531434974179	-0.31362048742312776
 0.4287887669593397	 0.9032861578216658	-0.01463934483717699
 0.7628138636464624	 0.6465319128230476	-0.010559125443319385
 0.7285440698728026	 0.6647663997361427	 0.16525486992830188
 0.7089371573227199	 0.6473103899821624	 0.27999529636821063
 0.7832205041120212	 0.6178339702926309	-0.06961915749961468
 0.9502443074527805	 0.27455746567646727	-0.14715282598340101
 0.9395358664119948	 0.3416968076123901	-0.022707870727206165
 0.9266556558413467	 0.37389344374276917	 0.03889714929678903
 0.8804132585503011	 0.43234461905332544	-0.1948092003589046
 0.9899790262617058	 0.10600758103701632	-0.09329480330975383
 0.9662970048306779	 0.2417285596465775	-0.08852910203120858
 0.9869443367575823	 0.13492954116232114	 0.08794825219332969
 0.9943126509689769	 0.10286000755410624	 0.02760744408696096
 0.9715395145465959	-0.1016029541594152	-0.21398086685646614
 0.99403677115397	 0.06538099658794129	 0.08727097386277888
 0.9477388156972153	-0.18483500363144212	 0.260052222934942
 0.926516223138388	-0.3580098933050738	-0.11574370201901453
 0.9782420721828415	-0.20438584988736888	-0.03562123772748839
 0.9065270696123153	-0.2860158118628011	 0.3104893354441845
 0.7484497216718313	-0.6454180826233197	-0.15250741867921092
 0.956453174822342	-0.28125679055659	 0.07805089453727626
 0.8536903303348389	-0.5093412658754807	 0.10855549165821432
 0.8664846977050277	-0.49908858277451945	-0.010717051233850056
 0.7898601559676814	-0.6127535257300577	-0.02557441534216613
 0.7252634636930777	-0.6817430479550863	-0.09601731508862685
 0.701215284829573	-0.695056323333521	-0.1587256492047484
 0.6488437020067964	-0.7423859074131871	-0.16692817269836238
 0.6218500989116461	-0.7480105849666063	-0.23191080022605978
 0.5923309211808558	-0.8037486786991493	-0.05596553673833964
 0.4356728586087232	-0.899286023663915	-0.038390205970382944
 0.48607495177867077	-0.8590597623641145	 0.16046016932645288
 0.4157270882583799	-0.9031772656628105	-0.10696641939439755
 0.28793624997950784	-0.9006720951386855	-0.32539590191984435
 0.18301110128136358	-0.9766781677370664	-0.11227953274550805
 0.20308365286243507	-0.9520910470799147	-0.22864747540771593
-0.0028773951591400736	-0.9632949281556157	-0.2684298828125618
 0.22190821345084477	-0.9133691730382486	-0.34134073672282383
-0.023384427031071197	-0.9877843724529345	-0.1540623318991079
-0.17728488510263143	-0.9831126887660486	-0.045381832282723286
-0.41250012471883946	-0.9109463071617273	 0.004524663010003077
-0.2298812491636664	-0.9582726314624991	-0.169906371489977
-0.2154824490572895	-0.9764190012221352	 0.013162378228893925
-0.11756616434916281	-0.9679254337312069	-0.2220327717623703
-0.062452519477814133	-0.972247687031673	 0.22546422747840816
-0.6887209852574622	-0.711757532731371	-0.13807468655094646
-0.5229255562675885	-0.8435550662896576	-0.12232625531456735
-0.544609000801168	-0.8182683437148665	-0.18395095520405128
-0.6148632963817506	-0.7857450896353669	-0.06743723657206714
-0.646860696691128	-0.7625433977548914	-0.009940101442850789
-0.6543469260765951	-0.7328911413809517	-0.1862811724770841
-0.7772932876916439	-0.5966604036170762	-0.19952821270442733
-0.5742060700598217	-0.4012479993157968	-0.713643771185264
-0.717179918446422	-0.6926016169312549	-0.07717489748224277
-0.9714406751737051	-0.15504103182040743	 0.1796254243422108
-0.8997125959000133	-0.4310536019164412	-0.0686297097015687
-0.7666743934798647	-0.5519079740970407	-0.32803652618326246
-0.9460405627002647	-0.2790291145086856	-0.16477259172042444
-0.8999583489773093	-0.2663988725235345	-0.34511825628938453
-0.913706884564222	-0.29273334467463297	-0.2818632966804048
-0.9880977192564528	-0.036029360021563955	-0.14954859550204086
-0.9634020593027334	 0.1328350634212462	-0.23283324087665447
-0.9770453905223241	-0.17230135279443287	-0.12527788585495714
-0.9983297830046761	-0.04537636302881209	 0.035757936798896675
-0.9451086217634194	-0.020233586796160725	-0.32612926123519226
-0.9710016106886418	 0.16357275204201202	 0.1743554611403546
-0.9843871400082745	 0.13897839988862956	 0.10801371649344439
-0.9306344503650372	 0.3115514592655795	-0.19197710286191258
-0.987545340405524	 0.1573052799256244	 0.0030413074259161995
-0.8477384620370269	 0.5303793073054662	 0.006106583764300299
-0.9599508835712214	 0.2665705516915123	 0.08622321092208435
-0.8601203007274726	 0.5065535797129243	-0.05997115270281394
-0.8158295092574165	 0.49581991655780266	-0.2976320247712206
-0.8319086458633624	 0.550241136443039	 0.07185190814209265
-0.9272914532120803	 0.34913720145466187	-0.13503249742278778
-0.8436731320349175	 0.5053931839482346	-0.18108941410546037
-0.8103441366681753	 0.5857795281630782	 0.014308198787806833
-0.7248035772780099	 0.6713390217928555	-0.15480210652058907
-0.6092333290191494	 0.7899175015271469	-0.06975020855420155
-0.6743305423440705	 0.7373727186085633	 0.03949422127056332
-0.5089823046370293	 0.841773739309425	 0.17987213618403172
-0.6510774143586965	 0.7519794781015056	 0.10307795606327072
-0.5139721234706953	 0.8502806420347263	-0.11338203594943036
-0.4676208744157891	 0.883860663085611	 0.011002093458843018
-0.29691808023763877	 0.9545666566566745	-0.025340710867962142
-0.1698956738402836	 0.9796886097151086	 0.1065161396448142
-0.1291629445726459	 0.9902442240909396	 0.05228107118122901
-0.2816124630299498	 0.9490001349495348	-0.14175035990067217
-0.41516078524440114	 0.8746189252323999	 0.2503662477662951
-0.09924716032307213	 0.9884848666243771	 0.11422639634687708
 0.0915874360239542	 0.9948181341157499	-0.044143194232133115
 0.1602276337027185	 0.9863826063016677	-0.03710066554061525
 0.34128058993528976	 0.9150084501014806	 0.21514435892281047
 0.4626212354539713	 0.883594713869992	-0.07240147876976392
 0.2998219624233852	 0.9433371582023024	-0.14220336424780824
 0.35493812968570715	 0.9296450458790163	 0.09888889102327905
 0.5241655298157114	 0.8485707216205273	-0.07195990384535114
 0.28797430127695767	 0.9529874510837882	 0.0942640964570956
 0.6036496897329126	 0.7902121130701752	 0.10569705976292353
 0.6252987290722154	 0.7628948158613517	 0.1642954635787204
 0.6644363744011035	 0.7472542167251934	-0.01163786746506237
 0.4622148711595298	 0.5760814560968349	 0.6741569318937021
 0.6887859327674463	 0.7233796646847098	 0.04791450242166772
 0.7745816860471485	 0.6104330163624685	 0.16551357701099725
 0.8779930374947973	 0.4673579028879119	 0.10346408419771914
 0.9240494788354193	 0.37373065805492034	-0.08036140798807914
 0.874306822652913	 0.4668705865911167	-0.13273822071519073
 0.8978272955454322	 0.43827182075497884	 0.042707827218101006
 0.9406194463908566	 0.3026667917023652	 0.15371359820118635
 0.957719604027294	 0.2723579634757528	 0.09270544640496617
 0.9804532917924283	 0.17422462374011935	-0.0914173019510268
 0.974826613675259	 0.2041441937754438	 0.0896561287263822
 0.9830380451123306	-0.11195719184737413	 0.1452645485153824
 0.8302032790627129	-0.229418535517135	 0.508064613011665
 0.9846794583925927	 0.17194150918162476	 0.02902553427614505
 0.9759698057376318	 0.038405616787958244	-0.21449463137241004
 0.9990127608346503	-0.035679266150497116	 0.026466840697218844
 0.9552852943559835	-0.21776688538686526	 0.20001897414021994
 0.8985550312941747	-0.43885472150894783	-0.0023214532578709982
 0.9143603198160608	-0.4006265494711985	-0.0586819683094595
 0.8602165663098467	-0.41704728343247355	 0.29342634923893873
 0.9859999218434012	-0.14338543024141404	 0.0851162294705968
 0.8865317967940597	-0.4476749905922544	 0.11682669246076031
 0.6980823869007232	-0.7149181105826365	-0.039662025414017574
 0.8302134098524953	-0.557142824232499	-0.01837301029575535
 0.7623057168138624	-0.6464900874837832	 0.03066856530902547
 0.7158002119055523	-0.6979077823142839	 0.0235538536363958
 0.3544062514368817	-0.926575891080756	-0.12590999567294492
 0.6420760935467424	-0.7552286733005742	 0.13178748468807444
 0.6253952843283364	-0.7723238304617368	-0.11134019597966414
 0.6218013226487905	-0.6175178198877276	 0.48169996603002063
 0.046805262602111514	-0.988508606730838	-0.14373587517319772
 0.20460744095155262	-0.977859145692303	-0.04390086893418559
 0.11091658447932295	-0.9450316987088597	-0.3075916119189345
 0.5441062264362149	-0.8208814961686676	 0.17349923227851055
-0.24442394312232107	-0.968383369135094	-0.049905775328121404
 0.14442258662976032	-0.7233035622909776	-0.6752585232696817
 0.5344462216214296	-0.8423090826267658	-0.06987592946812098
-0.04992386006969196	-0.9947773819465681	 0.08902566238604244
 0.17544362931779894	-0.981571521099964	 0.0757422068420353
 0.0017379646070216396	-0.99576245670074	-0.09194623050637662
-0.20463934899544306	-0.9728250054535108	-0.10832472297263515
-0.44606800782653655	-0.8926519122131744	 0.06477573632023276
-0.4010944307264266	-0.9085783019221024	-0.11665644824266315
-0.37583572637249735	-0.9250511589407983	-0.055025994987311526
-0.2713744360950269	-0.9559779648690435	-0.1116335349209552
-0.5664020474849498	-0.8222744854829185	 0.05525749839305752
-0.47660173527090366	-0.8709174471791697	 0.11980645281320049
-0.6769494531837824	-0.7345594913108904	 0.04649507026840482
-0.6231088171765685	-0.7804515964975008	 0.05129042290057714
-0.5992738441323596	-0.7787728747451265	-0.1854283400670889
-0.6022855838357064	-0.6601972984023431	 0.448766757554445
-0.8393296297123711	-0.5382917641307419	 0.07594570004883548
-0.8174843067429033	-0.5754705894689807	 0.023516140952526694
-0.9259702516700614	-0.3682229567800715	-0.0836118838576494
-0.9350475490923071	-0.35279167800597194	 0.03498732436469521
-0.807643439238429	-0.5162193634438551	-0.28500814700766564
-0.8830662839338977	-0.331230425021467	-0.33238583561769797
-0.9635129469628915	-0.26378570169716986	-0.04538617206833261
-0.9769598879254495	-0.007791011772573096	-0.21328074812381204
-0.8902465267320836	-0.45547296106201357	-0.0023459289978753073
-0.9228195598009976	-0.31837425204553776	-0.21689143755145612
-0.9953530449716806	 0.0055919302027569815	-0.09613036035619182
-0.968366422099852	 0.17290446251652306	-0.17991809078412177
-0.96113703523116	 0.02130662682553577	-0.2752483009218647
-0.9519252591952244	-0.18661734551784856	-0.24292440646830255
-0.9450020284751927	 0.3177709666298875	-0.07741304118091474
-0.9744109802989519	 0.2247165730347583	-0.005069839874205529
-0.914084622858415	 0.39028251574247347	 0.11013110441431016
-0.869688892791419	 0.4775324614755471	-0.12491588366713362
-0.8837456691229693	 0.452170558287649	 0.12056275761706642
-0.8987764952021071	 0.4348304241888843	 0.05588661621472424
-0.8246230760383585	 0.5633289627358216	-0.05154863924507958
-0.7712010667279813	 0.6200316007328338	 0.14425577551801483
-0.7492568785202862	 0.6564774479929011	 0.08747279729587372
-0.572454353201953	 0.8106449274203581	-0.1230886475178612
-0.7020895885840981	 0.7056853892250159	 0.09528032869459338
-0.6622761870056989	 0.7450002249440999	-0.07978042967064616
-0.6248869386004425	 0.7628946194601909	 0.16585570103332994
-0.4762461800802549	 0.8701717126337664	 0.1264546024903154
-0.4033324626456068	 0.9148430587089927	 0.019624028847430888
-0.42914176864945347	 0.9022309990150679	-0.042621201492823245
-0.36397279795865234	 0.9307887834156006	-0.034000632550829836
-0.3462062696527432	 0.9270678422092259	 0.14382779562609554
-0.23971599008781078	 0.9657901495048331	 0.0989223494244487
-0.00994754730077953	 0.9536836719739499	 0.3006468029315832
-0.0880261865087164	 0.9961150878989908	-0.002474297621283816
 0.22003688890017162	 0.9714642019215073	 0.0885498272620707
 0.1298776096745766	 0.9863766322436497	-0.10096012019057017
 0.15129532635007442	 0.9850730780387903	 0.08210210196948693
 0.22847286076592135	 0.9730823420568935	-0.030181243687215444
 0.36313202668150385	 0.9315620557540267	-0.0180905355784587
 0.3927733347498568	 0.918659766537872	 0.04234785536553022
 0.3817187971507524	 0.9105487770638724	 0.15871888510593055
 0.40651161252808493	 0.8873675623382354	 0.21754796756052242
 0.5582856631551406	 0.7687614138346547	-0.31196635542052953
 0.11125682741941123	 0.9841977615040317	 0.1377558877254267
 0.6065981985615609	 0.7443008781865922	 0.2793829419140276
 0.579384212169161	 0.8137161372343028	 0.046690284788231645
 0.5686451624395749	 0.8061922759956269	 0.16339122791343733
 0.6357314383043516	 0.7704564074894243	 0.04735464612865667
 0.8392434155159585	 0.5282615847682237	-0.12888051664729344
 0.5506394616721298	 0.7869861664046162	 0.2782965273538154
 0.7872101275402451	 0.5747575464025809	 0.22350386562955946
 0.8618545356383158	 0.456338291233127	 0.22127386504983618
 0.9091917917129623	 0.4041612989212512	 0.10011958018320138
 0.9163089507180597	 0.3681961371046815	 0.15751035348560197
 0.9602602996467317	 0.23531504227582994	 0.15008993237753748
 0.9844047790329054	 0.09670439418099358	 0.14695404439233342
 0.9883268504168019	-0.04251564051183423	 0.14629578619041952
 0.990104511256909	-0.1359890598403704	-0.034641483692958636
 0.89049144592288	 0.1554178318946064	 0.42763335027492727
 0.9962126624084935	-0.004224469761764279	 0.08684748189909255
 0.9330969807667215	-0.25287447663025925	 0.2557039764121807
 0.9581569281066313	-0.2500166170841025	 0.13938074581191356
 0.9990738225268563	 0.033597824205946404	 0.026882770508307854
 0.9935302192647316	-0.07384499697610582	 0.08628221038761856
 0.938241181962869	-0.28585121128661406	 0.19491682706963503
 0.7879760371439247	-0.47433466285569076	 0.39255622845719146
 0.8667983426402275	-0.48096123201706187	-0.13166976301636196
 0.730024231237302	-0.6779827646020429	 0.08604645669031016
 0.8165597699044278	-0.568393224140059	 0.10079327817516873
 0.7456459698815062	-0.6655418851397616	-0.03265098350862021
 0.6471400640771426	-0.7609122913857351	-0.04714045273798151
 0.6655665705788443	-0.7461694908976846	 0.015881781430513688
 0.5304849346544185	-0.840508231298749	 0.1101437570802195
 0.3301194532276957	-0.9119355875974968	 0.24371013658413077
 0.5725243560811168	-0.817752046196252	 0.05913926475486491
 0.47147292640478694	-0.8766972777986182	 0.09547336156121895
 0.7090574344041048	-0.6547712156548113	 0.26174837127705125
 0.26865014985685054	-0.9629024881324556	-0.025414470882118508
 0.3744308110712076	-0.8949755826562107	-0.24252891409012298
-0.23080526483125824	-0.8276491081907591	-0.5115915200990085
 0.5142957304017655	-0.8564009442504217	 0.04557767411245188
-0.11079951758013977	-0.7529215302398898	 0.6487161445541733
-0.043124457512878675	-0.9983795719832299	-0.037128310098937634
-0.018707881524852712	-0.9995125059759582	 0.024995310890493488
-0.18359876937428088	-0.9799911192970532	 0.07686935659389
-0.14821046807647306	-0.9887941991435162	 0.017879845991657546
-0.2517199807562087	-0.9653350045686309	 0.06903173359097585
-0.3200799234778132	-0.9450258541309331	 0.06689527345438892
-0.4386179609860901	-0.8968196190838285	-0.0576962314778176
-0.3849723679052269	-0.9205060205322343	 0.06682022233839469
-0.5917956367910344	-0.8060660332161768	-0.005956036453194515
-0.5803615867521401	-0.8046882230697363	-0.12512910243188274
-0.5963979910516413	-0.7947840830776849	 0.11237302859641328
-0.7983968892690051	-0.5959192599777937	 0.08627075282559539
-0.5584584039110717	-0.8270636796330726	-0.06395217692073266
-0.7533722553229254	-0.6507081122942178	 0.09491679252979927
-0.7631430785245016	-0.6405766632048371	-0.08528880499516406
-0.774125453617969	-0.5754044121083529	-0.263893055208004
-0.8473944044084489	-0.5025954093807949	-0.171232525667881
-0.8686316162047385	-0.49253941891995145	-0.053703222804041675
-0.9475519253130367	-0.30415327580449486	-0.09816381030172144
-0.8758472777304296	-0.4674079496299231	-0.12008894501554689
-0.974990945303177	-0.2221108532649133	 0.0077087897071739814
-0.9798858849871869	 0.10307107112936728	-0.1708800945081747
-0.9959134187420222	-0.0884579548111563	-0.01821133164283028
-0.9713794492833497	-0.20087183845801657	 0.12677724568893506
-0.8340657597798362	-0.5173203960678517	 0.19160875808554675
-0.970758830783933	-0.14586191558270348	-0.19066093998917533
-0.99240481977552	-0.0678356657261793	 0.10262064188945551
-0.9726919481576418	 0.06243414295143145	-0.22354496590890083
-0.9691111153104727	 0.21203753926633648	-0.125951292663349
-0.9958707448735158	 0.08988249932290644	 0.012751306620769329
-0.9550935741136071	 0.17427087646348813	 0.23963707205593954
-0.9827351442422001	 0.14321271361378382	-0.117139894701329
-0.9811254346275025	 0.1830982554864079	-0.06219252659949231
-0.9397726753387219	 0.3275088467825803	 0.0978022186141284
-0.9105256095267403	 0.4133307484910699	-0.010040256359762141
-0.8044996909044295	 0.536300315325419	 0.2552689152962688
-0.8125018902423231	 0.5666952141738364	 0.13673775113377332
-0.7925430577741499	 0.6045890701726176	 0.07967156206457984
-0.6773763908823738	 0.7182881686137884	 0.15881855025348682
-0.8356200129130367	 0.5366700038325312	-0.117151615463071
-0.6945102326550754	 0.7190549582560465	-0.024809347931544528
-0.23948621598349404	 0.9510727942901335	-0.1952098673609125
-0.5039885129249647	 0.8612900003576058	 0.06461512302609991
-0.44647229893134627	 0.8747518830435064	 0.1883391340077749
-0.3889024136082531	 0.9162226171183908	-0.09638998169105532
-0.2785982076161548	 0.9482220403703887	 0.15250574044567353
-0.31578859030274264	 0.9262388262886839	 0.20581351488657915
-0.028610407717674573	 0.9920695508059346	 0.12239056717713044
-0.1489251489407961	 0.948098093060707	 0.2809471586395077
-0.24499356702859257	 0.9214644532079486	-0.3014654434405098
-0.07880108559793636	 0.9535524260773133	 0.2907372690775246
 0.258814096755463	 0.9653820043720877	 0.03244763404602084
 0.09885595892437885	 0.9618259570986066	 0.25518292975136647
 0.33195388261658254	 0.9399351938879793	-0.07955156256506209
 0.24831430316413589	 0.9569392167987953	 0.15035738158340492
 0.5198964757075641	 0.8529965005147069	 0.045876188339028644
 0.5261511882492456	 0.7546165262774255	 0.39206992408612373
 0.44638232771264447	 0.8802703150615104	 0.16083217939004166
 0.47005525956335475	 0.8550346502725513	 0.21900639212160697
 0.7098933768460083	 0.6919645704713789	-0.131287572612687
 0.531117127376297	 0.8181325891071596	 0.22039433669757927
 0.5454603350114009	 0.8315605426012673	 0.10478590992083033
 0.842306438163151	 0.528490808911526	 0.10591189321765049
 0.5891491392410129	 0.7770409856869959	 0.2216091114872211
 0.5954549826641072	 0.7628548674283006	-0.25196391579239646
 0.6593899373821215	 0.6977527831408026	 0.2799034906864617
 0.8067147688341638	 0.5908482806524814	-0.01046857176735395
 0.710238927377821	 0.6958016978204454	 0.1068675037014896
 0.802313811974775	 0.5872242153300831	 0.10705264146425092
 0.9357979819615894	 0.33910465552756297	 0.09638552565686413
 0.8958339005625328	 0.4378711435432839	-0.07583194745630119
 0.8815003676537435	 0.26944933534270005	 0.38775528044076024
 0.9602511376194902	 0.08850673613892306	 0.26473441476036
 0.9516864901765992	 0.15746541136858858	 0.2636237254836275
 0.9033937196717954	 0.08555569876922643	 0.4201904445197047
 0.9749488481279807	 0.1663851745356759	 0.1476167918248348
 0.9784732169172122	-0.010906314187221797	 0.20608545821219865
 0.9843972117033071	-0.17420134160941744	 0.024819793960336702
 0.934790971789454	-0.34812270475331086	 0.07054375589779244
 0.8598913922229434	-0.48102812967957287	 0.17087636477248722
 0.8294999254754076	-0.48073276154157857	 0.28429893706607695
 0.9544048343473761	-0.2440229883452847	-0.17194241284044715
 0.9354042605563534	-0.1516968765864014	 0.3193852328567367
 0.8245179346564325	-0.5418539886830185	 0.16298598215243607
 0.9081762312635911	-0.378642590391994	-0.17845369626068633
 0.712497983975045	-0.589623405285987	 0.38038252164164055
 0.7752942328607367	-0.6246614640795001	 0.09336438178950851
 0.6809501724518561	-0.7281292628247709	 0.07832393795030651
 0.6933390162877	-0.7068420406694318	 0.14019749653784053
 0.5876233934275275	-0.7998791595595575	 0.12203310042366972
 0.36529805919982283	-0.921952586003538	 0.12868860519188022
 0.4755528627607543	-0.8752767328253418	-0.08797792731501816
 0.4263917024629052	-0.8927984172115022	 0.14526218467110322
-0.07912867691872988	-0.9965640729492622	 0.024468367249753355
 0.18999874122304736	-0.9712930515860839	 0.14314428481169045
 0.3745303120503198	-0.9254579799557149	-0.05704886231799827
-0.0802049526428362	-0.9840380286714308	 0.1588594463669215
 0.1590854466786602	-0.9872406376221389	 0.006909709290862718
 0.3936442548579213	-0.9191916252060778	 0.01144363440353425
 0.01626374080458399	-0.9935863682145017	 0.11190004304448677
 0.07052099874401238	-0.9827336452591853	 0.17105955457600416
-0.2520949106121261	-0.9507460350777127	 0.18036111783716852
-0.14936849075231406	-0.97914263455179	 0.13772710398957672
-0.2896547820649282	-0.9086710434507773	 0.3006942666912602
-0.4084040591560091	-0.8877627459393688	 0.2123285929569706
-0.2827303382567039	-0.9591637181573655	 0.008277535852419924
-0.2188712271176962	-0.9663338981624697	 0.13525599137235872
-0.4739048291219375	-0.8805754975377706	 0.0010030309143562895
-0.6357034013266162	-0.7611946862085169	-0.12831147738876966
-0.4671481780933099	-0.8205338396862633	 0.32938852079849235
-0.6225995295732178	-0.7642827413392194	 0.16805272109137667
-0.7755919153828356	-0.6134579003038159	 0.14875007679869753
-0.7015342555412574	-0.6826562141558062	-0.20452428114196097
-0.7918134579003099	-0.6099914758267079	-0.03068953089750565
-0.8571183295806781	-0.49902031271027436	 0.12777674514311416
-0.9214111014936452	-0.3753279580991444	 0.10065041437269247
-0.8329959186833782	-0.1290251277602502	 0.5380244565661363
-0.856242345035626	-0.5164430223436509	 0.011646941248560964
-0.8858642394694091	-0.37014868015594093	 0.27970431496153303
-0.9194405077637118	-0.39286513656512	-0.01691558910821086
-0.988800943020332	-0.13076272944336756	-0.07192915730510964
-0.9574249785462419	-0.2879057352690222	 0.021158876504488274
-0.9878031175242371	-0.15561383587139793	-0.005416188215705359
-0.9979791922740653	 0.04758565273180244	-0.042108638568501826
-0.9606444564231514	-0.21313888412563659	-0.1781405187405338
-0.9494949816217514	 0.2772357378712558	 0.14696811056174922
-0.9666419771348947	-0.24523569755693303	 0.07391035573251026
-0.988498463904052	 0.04252070853842872	 0.14513020431571033
-0.9993194591211999	-0.020667551552802192	-0.030552756578167816
-0.9785396975039625	 0.19771398588528638	 0.05804515650944905
-0.8573782533346446	 0.3790010164731299	 0.3482251573639798
-0.9505205441795839	 0.28082462374951966	-0.13284662505494238
-0.8290997135524026	 0.5248358183167479	 0.1927200788685846
-0.9359058086128831	 0.35180334500739613	-0.017740457893540965
-0.8970227054420308	 0.40622349486457543	 0.17416296432212605
-0.7895174778789386	 0.5800404315890023	 0.20053740261039596
-0.5642970436944108	 0.8236420112986067	 0.0564152789741783
-0.7177997304574297	 0.6415173615956465	 0.27059013604823373
-0.7566462435721303	 0.6462434806054295	-0.0992765121424228
-0.643265199419195	 0.7654856496380789	-0.015543597214025427
-0.6494440616704548	 0.7274051041332793	 0.22159473198123575
-0.5056279395432068	 0.8111498687044206	 0.29389841315341014
-0.5962797749292629	 0.7950929317116183	 0.1108046025782841
-0.30837409673866867	 0.9469528692412733	 0.09047474728525359
-0.37555591098871416	 0.9231855609159738	 0.08176905183317273
 0.24826093372294034	 0.887639836427962	-0.3878943536237093
 0.1376296483123147	 0.9651324883966093	-0.22265973984265255
-0.06902217706510745	 0.9819205410381441	 0.1762611419472589
-0.19950984243976078	 0.9788659579713492	 0.04491390758434152
-0.058534920104927494	 0.9964851148964905	 0.05992561153662213
 0.022572437169524215	 0.9984357062155012	-0.051152963102655186
-0.038978996117066386	 0.9703908651320233	 0.23837408988820338
 0.13966976162194658	 0.9697761641193459	 0.2000663619763113
 0.07084097438033315	 0.9786651893083512	 0.1928626547180511
 0.20768961500646185	 0.9561966010769166	 0.20628398849018761
 0.25727605091741756	 0.9092154856953664	 0.3273167184793313
 0.2961872476230853	 0.9548369654677225	-0.023653408250241283
 0.4292921394908804	 0.8601766947711414	 0.27532583014300926
 0.4922186471105243	 0.8703709154191478	-0.013239072064158874
 0.5088995458052338	 0.8454062826816103	 0.16220194043749267
 0.7383986733666981	 0.6726289355217248	 0.048349914883190584
 0.6102580259303378	 0.7921098021899381	-0.012132726908015307
 0.644011130849937	 0.7319764878464952	 0.22239623328935965
 0.7587548502563866	 0.4687449889936898	 0.4522932815173293
 0.6786705135609034	 0.7156929621674147	 0.16489365641834505
 0.82670252998232	 0.5165624691042375	 0.22299359280877426
 0.8643681151391259	 0.5007546201460484	 0.045962723300754335
 0.8926258934667288	 0.394339382140904	 0.21843870079602282
 0.9190253700842339	 0.3305664380398878	 0.21475148237709082
 0.941012109651339	 0.26480913055352784	 0.21064741599417067
 0.9207770669155964	 0.12675960969725403	 0.36891949581407496
 0.9768051526937707	 0.05802195966994979	 0.20611925156801392
 0.9637368971366999	 0.021319464993486522	 0.2660012659926978
 0.9754482686429974	-0.07985120608996521	 0.20524244221738575
 0.9631866425881735	-0.04668673255027227	 0.26474863652812514
 0.9578333894176199	-0.1160203103761484	 0.26285829965397034
 0.9387628823374669	-0.31775652487286976	 0.1332480455622854
 0.8424191621959982	-0.3467794050795207	 0.41240029022502667
 0.9167265311230595	-0.35263906662188943	 0.18777155223069675
 0.8050167407778407	-0.5920448433770814	 0.03782790633950518
 0.784861930160241	-0.5998836950557039	 0.15534253439240844
 0.9148978480117842	-0.3837312949975997	 0.12534839824613322
 0.7935147059902314	-0.5418931590540114	 0.2769227609780396
 0.6529338966877629	-0.732322551465116	 0.1933416850339224
 0.6117470743327074	-0.7910233559130285	 0.006896915648549472
 0.6608962288074486	-0.7061415598252557	 0.25412648865407084
 0.6094316901578656	-0.7538110922077825	 0.24568649188719613
 0.5550731051562078	-0.7976588517558492	 0.23586904024857885
 0.4545803397077846	-0.8902279346852423	 0.02917085972684449
 0.5546757605036183	-0.8320540028815849	-0.004575696500484062
 0.28668963381064333	-0.9570387335392582	 0.043427138647305956
 0.3122274324385544	-0.9469754385929993	-0.07583896844251456
 0.4110480051036093	-0.9081895943404227	 0.07893793911752331
 0.22635935756028366	-0.9604311116304509	-0.16227606433849714
 0.3493898409390295	-0.934961711620942	 0.06142749263512477
-0.08425317295036455	-0.9514401146119654	 0.2960795689590318
 0.07142664307268945	-0.9943329861088276	-0.0787410146954495
 0.09413556152113306	-0.9954949547406731	-0.011326568013591873
-0.11824362481721622	-0.9896606399271667	 0.08118043464429377
-0.22330720805599863	-0.9313213920598254	 0.28770532758707107
-0.14589388707131043	-0.9406875282231396	 0.30630368584243917
 0.1390235569246777	-0.9883502113256032	-0.06193795599345168
-0.3032118948200075	-0.8814195657559885	 0.36216307920905666
-0.16873574285905035	-0.9583557687104458	 0.23039633170086515
-0.41686222999792305	-0.8997627047033582	 0.12904633441541943
-0.311023065134488	-0.9489344551724167	-0.052802014554149644
-0.5068910429563671	-0.8600068942280839	 0.058733401491584465
-0.6508149031802898	-0.7261367313870172	 0.22173274257314576
-0.5973223568848853	-0.7699522000926011	 0.22445402989932875
-0.7014353138802829	-0.6788286893050204	 0.21720983177125594
-0.6184874359287333	-0.7332613372413865	 0.2824908899509408
-0.8456539754130606	-0.4752475376256179	 0.24291795291594628
-0.7473998373960756	-0.6640335185330317	-0.021283076022083475
-0.9078578718105278	-0.41638726800583203	 0.049150052230884034
-0.8531808409524757	-0.431402005657135	 0.2932145326320431
-0.9138482205435113	-0.306453877203217	 0.26639716769623034
-0.9535618390038847	-0.26709136863901023	 0.13921932335013779
-0.8707936641843108	-0.4578622805671671	 0.179110375049282
-0.9472361022546467	-0.12395742907892254	 0.2955982448553586
-0.9994737535663488	 0.022196675043177055	 0.02365425012595245
-0.9397422761659757	-0.04710463944394006	 0.3386231051320147
-0.9842901026163792	-0.13422324292453666	 0.114704467874005
-0.9666999446636759	-0.10734415575945133	 0.23231110436553934
-0.9873211925101637	-0.021870871125485122	 0.15722127024204097
-0.9434249897487283	 0.0688217967703721	 0.32436530179245393
-0.9677833690074048	 0.21435774739778532	 0.13208371134710248
-0.9959464323761311	-0.001677834866667743	 0.08993268987090712
-0.906570815939367	 0.3568229671470895	 0.22540347336138725
-0.9323410419195555	 0.29291456741727	 0.2119934851525189
-0.7131416012941243	 0.5075764418924925	 0.48352374516605623
-0.8650396848318455	 0.4667405010335058	 0.1840099137574217
-0.7856605766557089	 0.4972258805676821	 0.36810851930200217
-0.7629008448450109	 0.5905303716921517	 0.26316569123633504
-0.7261446911187724	 0.6706159282211189	 0.15161848296348873
-0.7760852022735538	 0.545383210878505	 0.31662108600639555
-0.621186576163362	 0.7821899050974205	 0.048022806645679046
-0.5686993630343363	 0.8042010887505665	 0.17274733959382282
-0.5881720764544376	 0.8087111769208835	-0.00631195710657206
-0.44088803369669616	 0.8945806110768255	 0.07309768825670417
-0.3232253427518041	 0.9422381738384771	-0.08782141859769126
-0.3819855795931057	 0.9029249581595445	 0.19701151467745187
-0.6214728918082337	 0.5573504911058261	 0.5505741319855174
-0.3211892673708754	 0.8911192888041539	 0.32053684288539963
-0.13966510072170948	 0.9758716279065325	 0.16783392233827213
-0.10915676699180638	 0.9672521356792553	 0.22914647333925145
 0.03039757330926764	 0.9684801852887271	 0.24722887824851783
 0.12484999509289707	 0.9401363111711517	 0.31710596831785276
 0.3155548333579349	 0.9361280823069826	 0.15520747617527136
 0.0818714620413253	 0.9938095811526764	 0.07509713784398134
 0.18018471295961583	 0.9729655086038731	 0.14447002555155758
 0.19136624686432321	 0.9268357478338715	 0.3230394033214698
 0.2996253080010308	 0.9146609253089504	 0.27133017988838326
 0.17098402145425376	 0.7846659138877796	 0.595872358806806
 0.2749153757677869	 0.9379478473464371	 0.21136549345775774
 0.4842975833359522	 0.8687425836121556	 0.10364446050722494
 0.19050554251922525	 0.9813402233669585	 0.026057710404869736
 0.5104434352981196	 0.7923547060644122	 0.3340980681456176
 0.5528075620952453	 0.8332139124125101	-0.012584730928781686
 0.7219106665401713	 0.5252907819534607	 0.4504604132776235
 0.5669854747405546	 0.7520809290041429	 0.3360085529588402
 0.7545374735039682	 0.5931861855199382	 0.2807193445178905
 0.8115218726231039	 0.5536761857216872	-0.1867483108865372
 0.8874703275081489	 0.43184395053684405	 0.16095719983060933
 0.5877309034820135	 0.4107951579184105	 0.6970076924417725
 0.9172420756413564	 0.2913169899608392	 0.27166410516167316
 0.9583144730195169	 0.19693803061084203	 0.20699947560428494
 0.9369251549497615	 0.22567589688334702	 0.26691130284846026
 0.9016285255074312	 0.20326483594686937	 0.3817714086450003
 0.9284081584085562	 0.18463096128896256	 0.32244332763130146
 0.9702711027464561	 0.12747398922475764	 0.2057288731469222
 0.8554336665844048	 0.17603493728424707	 0.48707796391264985
 0.9250047793041775	-0.04889702897830989	 0.37679601752344016
 0.9432529835798295	-0.08280012928700234	 0.3215866097302653
 0.9187677657040416	-0.11850250641896815	 0.37659387763959473
 0.9230914754104846	-0.2193790985947382	 0.3158717130802553
 0.8906516336927532	-0.41779089338197967	 0.17941693567642106
 0.8904500078090571	-0.3857633068775754	 0.24142380715192033
 0.8437633188056362	-0.5347942447516932	 0.04537155076217398
 0.7924188978442382	-0.5091766261341161	 0.3358741635464107
 0.7909836468775708	-0.5722187889668351	 0.21658838363492014
 0.6678664206944495	-0.6073850716080559	 0.43016022467966686
 0.6660005218162579	-0.6766264704428793	 0.31403809392569526
 0.7488867981131848	-0.6289012362759953	 0.2089301285652857
 0.5999213132711809	-0.7785545078581236	 0.18424792041370913
 0.5079925526734927	-0.8122547500949178	 0.28668063655662446
 0.5690514336192624	-0.7404685702497482	 0.35761258698227627
 0.43955171902408324	-0.873242727170202	 0.21033645843581533
 0.2395517741477513	-0.9663609404746312	 0.09360277895260942
 0.3792292452347681	-0.9045665688516867	 0.19479348570872468
 0.22318366784492072	-0.9744502076671318	 0.025215931170042043
 0.11099584642267762	-0.9921442757682917	 0.05770319000822739
-0.03617289936406532	-0.9870348917028369	 0.15637660922518598
 0.0587597212980399	-0.9925907460478746	 0.10635274332663208
 0.04646283047908068	-0.9981395634367183	 0.0394793273274709
 0.0667197515884806	-0.9638895637510253	-0.2578088121842032
-0.02492922703411832	-0.9457238923131198	 0.3240136619767817
-0.09085468052007034	-0.9312572594068625	 0.3528531476827373
-0.2731717978884121	-0.9315295431611825	 0.24006223996357925
-0.4734536956408795	-0.8596215254957787	 0.1920740247620792
-0.35485690305205875	-0.9262283747160477	 0.12719110121062255
-0.3387099094502651	-0.9076814373466323	 0.24777006586055758
-0.4107073064449261	-0.8538467964299329	 0.31978923787253144
 0.029815145741772013	-0.9594168778294503	 0.28041096915132774
-0.3639197554266435	-0.8533703000404754	 0.37325801079017845
-0.5101016534949838	-0.8149815455250267	 0.2749570576568682
-0.7185873640051321	-0.6398779457268818	 0.27237550342220856
-0.7490466280224327	-0.6280985678460446	 0.21076370208831283
-0.7300070474302313	-0.6692110339531834	-0.13873104460612729
-0.8183312549381965	-0.5575931595735015	 0.13936938540481758
-0.891569378143046	-0.43817015865877	 0.11450308300902168
-0.9464681430152664	-0.31084234730262456	 0.08703498940442385
-0.5828913066300511	-0.7530385451423965	-0.30523871672010183
-0.8803692512691533	-0.4148970736970026	 0.22980513409724895
-0.9924873159563675	-0.11237332720876698	 0.04838556600637471
-0.8872613382045773	-0.3236752932270205	 0.3286360027170262
-0.9947919216674975	 0.06553016650814736	 0.07806939132913765
-0.9359324364026824	-0.28751445677945336	 0.20338611464934045
-0.9749840156386262	 0.02837437894926217	 0.22045648973986454
-0.9646275196558614	 0.05392345146801899	 0.25804265094041606
-0.9888285924286017	 0.1325351920751567	 0.06820877991337923
-0.954256900982054	 0.226884844468536	 0.19472296803051958
-0.8870897379447775	 0.31659601859521436	 0.3359148074180786
-0.9089249522458832	 0.19897340697538166	 0.36642190778040057
-0.9340792814881552	 0.18728400263636238	 0.30400756281887875
-0.823547975305539	 0.43934094960650855	 0.35881508102224285
-0.9248421138048466	 0.3436731392403918	 0.16295962045131832
-0.8519489009053793	 0.430246634321813	 0.29844748935259685
-0.7325230581872855	 0.5983546959387241	 0.32462536418466126
-0.6855717885286544	 0.6478532693460094	 0.33208050856879406
-0.7437821279063874	 0.5521845556543772	 0.3766700979687987
-0.7463073930985076	 0.6322916691942359	 0.20792431333078207
-0.5958219260900213	 0.7701417568048706	 0.2277672206791071
-0.6693946158059633	 0.6891401494418495	 0.2774827972275982
-0.5273241371206793	 0.7744864108910909	 0.3494281811116091
-0.3838104651748346	 0.8687688314472358	 0.31293808385698557
-0.47017398365797974	 0.8083039726042078	 0.35437425550319257
-0.21887355435627406	 0.9356363261098404	 0.276909791208494
-0.5378548660477307	 0.8346762310769875	 0.11843872822642672
-0.285076270011898	 0.920326887820686	 0.2678244571177068
-0.2483414128096993	 0.9446136091364449	 0.21454992919575255
-0.179669929050535	 0.9585275057788525	 0.22123231513580432
-0.05073143720114586	 0.9342268123590853	 0.353053231608052
 0.057775819048027095	 0.9491136609071287	 0.309588781148151
 0.1718462606441219	 0.8829345831656823	 0.43691576368068447
 0.04161814666860142	 0.9905947920630639	 0.13034526383956654
 0.2333768089932317	 0.9349104533830466	 0.2673531544217183
 0.16646641388835423	 0.9506165772863289	 0.26194857517378534
 0.3650695083347331	 0.8897793113124185	 0.27389237164374347
 0.38697796994588163	 0.8605229138133645	 0.3312829086728162
 0.5217464089907689	 0.7023074872598994	 0.48429833578479653
 0.4914921814908875	 0.8257870108977782	 0.27660666688610613
 0.4501010096054546	 0.8289424907157296	 0.33205937456749074
 0.32633125034748967	 0.9444876397894132	 0.038092168902121255
 0.7957425925378463	 0.5363798449171393	 0.2812301342100679
 0.6955408947491345	 0.6830718527893098	 0.22279072615024423
 0.7235706361774298	 0.567259483643577	 0.39327116939614565
 0.7582219965788676	 0.643128896936386	 0.10716634653352358
 0.8165055448013845	 0.5532102517336416	 0.16515784173146453
 0.8325708368098007	 0.47754558764391464	 0.2806706493662221
 0.8650651875973258	 0.4170142901393153	 0.27885713730655465
 0.8336522939435899	 0.4366270416042376	 0.3382021279390801
 0.889407669003059	 0.31351448054243747	 0.3326599897925071
 0.8683923459922854	 0.001401633877229355	 0.4958757594846608
 0.9110996959625716	 0.2497183683624158	 0.3279299933207129
 0.9432018036397634	 0.05692177150197797	 0.32730760690789656
 0.9736158875185601	-0.212669652087463	 0.08272679525065756
 0.9729699737338349	-0.18120612382437004	 0.1431564560225201
 0.8181057914723665	-0.4107814055177694	 0.40244446926280253
 0.8759589763503186	-0.31657688526099537	 0.3639710805404032
 0.9484514811189299	-0.29908489089395857	-0.10482373778041601
 0.9677220319705765	-0.1489197024606835	 0.20331500450719334
 0.9140206901238686	-0.3198966482227812	 0.2494640504788564
 0.7773723072300124	-0.4319043178511323	 0.45733024847853143
 0.6687572924682039	-0.5655913059824506	 0.4825662217433617
 0.6161881292043074	-0.7256273483505908	 0.30623053530532535
 0.7410437152629291	-0.6549731856900483	 0.1478659463715178
 0.5633685793133915	-0.7708747376430938	 0.2972675271638372
 0.5699072800144969	-0.5837665605654107	 0.5782925686467955
 0.40082816073632965	-0.8572410650503671	 0.32322521862015
 0.459005774813729	-0.8222078882108255	 0.3365826603548423
 0.45045545506538687	-0.8496750551578033	 0.27412074646844836
 0.4982736128363759	-0.8375398678544642	 0.22416595750762947
 0.6283329349387252	-0.7748255151641565	 0.06959270020546261
 0.22681577785108445	-0.9136394963525706	 0.33736845380448494
 0.2033337541116435	-0.956549521978109	 0.20896984577282163
 0.15007949869389559	-0.9552127355476592	 0.25503876944368103
 0.007410921795826859	-0.9080319159897051	 0.41883543042846944
-0.09517579320545051	-0.838064261793049	 0.5372056044876907
 0.016845149903492517	-0.976479865236373	 0.21494956085715544
-0.147058562680387	-0.8540343466805594	 0.49899811004881434
-0.17340351827972642	-0.9267431540174995	 0.33328418253783043
-0.48033220730689336	-0.7854132657899516	 0.3903933561740652
-0.29641544733426173	-0.9393088506388311	-0.17273322116254258
-0.352472384365853	-0.8828676392871265	 0.31033522158953675
-0.2396087921860693	-0.9056629904886208	 0.34980305082480573
-0.5796989830923289	-0.7401091213794727	 0.3408629892678651
-0.4554037970687424	-0.8499570722070872	 0.2649157545721435
-0.65170816210896	-0.7508095610672897	 0.10752429702399952
-0.7042118340896731	-0.7026518774268397	 0.10181371163353337
-0.7290441450962468	-0.6664160418179484	 0.1561547108113647
-0.7643743489023215	-0.5880163240630378	 0.264515892481992
-0.7933617222833292	-0.5741848911043553	 0.20221001073910544
-0.786732262986752	-0.40674087986065527	 0.46434276458875084
-0.8235974816591345	-0.39781634171093155	 0.4042639564349795
-0.6903420047542147	-0.2955418053502492	 0.6603657757351203
-0.9561676273170013	-0.2216287930144361	 0.1913743623841513
-0.9308140089889841	-0.33235858121350137	 0.15206266525220388
-0.9128146444277687	-0.25858838290826974	 0.3160719429862324
-0.7160900056174915	-0.175982394605062	 0.6754593256768384
-0.9211481835354826	-0.10092026963129018	 0.3759004165292036
-0.9118262160143684	 0.3053858876816233	 0.27443106856517824
-0.9914595211747413	 0.07440544025639308	-0.10710671469242841
-0.9515065407541985	 0.12092697671521262	 0.2828638704474245
-0.9693506875146998	 0.11113328547877487	 0.21910873436144018
-0.913515787778934	-0.03488415826258532	 0.4053048247688948
-0.8793496274121732	 0.20936614290259994	 0.42767984635257333
-0.9354540997084781	 0.24050751687004135	 0.2590014703966133
-0.8839084612426511	 0.36889868032592005	 0.2874362464920584
-0.8763765684797867	 0.41931147273162206	 0.23694302913407736
-0.8423737513585474	 0.4791355679439008	 0.24664867839338567
-0.8811249701643301	 0.4728791398633291	-0.002026335368744373
-0.649416226601115	 0.6516473156575289	 0.39193665384026827
-0.6995779535948337	 0.6814494637654857	 0.21498212757761237
-0.6353150952635326	 0.6939085918534684	 0.3389182731606916
-0.5637802992829871	 0.7737723651014219	 0.2888392306210107
-0.5823528237673101	 0.73604219375019	 0.34511893264445537
-0.5384664312206349	 0.809555571907184	 0.23382403307304822
-0.477683109504204	 0.8447638704133864	 0.24123194261662362
-0.4122183529357524	 0.9010134335195118	 0.13509560363059864
-0.3509531948880014	 0.8998342396360928	 0.25909495590697923
-0.16509951573969878	 0.8194153786906526	 0.5489085416239862
-0.20745577458853837	 0.8783236657000947	 0.43070830019982
-0.02670668374526085	 0.9094946499667957	 0.41485688463023757
-0.18845528031049072	 0.9244284809701339	 0.33153671123172085
 0.001234504223909818	 0.9827687406359129	 0.18483527376619127
 0.039665526078085676	 0.9048046403068416	 0.42397548150825387
 0.12810383836801376	 0.8627557074011515	 0.4891237020858023
 0.06186236110526825	 0.8735531793971238	 0.48278141124494206
 0.14897424096145526	 0.913778679036389	 0.37790898542965423
 0.214769503157714	 0.8985256973931434	 0.3827866659610213
 0.3225279092800191	 0.887182028548064	 0.32997544750602587
 0.30167762260612674	 0.8444079819951655	 0.44268021410671576
 0.40710518063888174	 0.8272388865933283	 0.38722241206419594
 0.4687425662682487	 0.7935087398337014	 0.38810344803388147
 0.5791120924425435	 0.7137720412915273	 0.39390183733684914
 0.6203400571175434	 0.7083440229109967	 0.3367891903575117
 0.6279453659146188	 0.6035047073280556	 0.49139259829512444
 0.4456717383882595	 0.379293815437477	 0.8108716934095481
 0.7996679149786904	 0.49572799436129406	 0.3387993231400605
 0.7630059124192068	 0.5113113894712624	 0.39545245050486244
 0.829800698666781	 0.39415813226810476	 0.3950571696084528
 0.8217285401552004	 0.3495889081769695	 0.45005533168049194
 0.7943225419282646	 0.2541810384984594	 0.5517641697795038
 0.8635532312512553	 0.3758954723358713	 0.3361226125581384
 0.8575586810182827	 0.33283430568117633	 0.3921918326175504
 0.9391967504152378	 0.11793490577869202	 0.3224915843993902
 0.9240755997513673	 0.021466961903379052	 0.38160641437322573
 0.9461725436394307	-0.012659902830692316	 0.32341497263300456
 0.894928373580725	 0.047893778511146845	 0.44363204588947786
 0.8257849809845895	-0.4465464937713747	 0.34449295214963854
 0.8601852617434552	-0.2811544992055696	 0.4254802734038428
 0.8054565071079847	-0.3599532049438821	 0.4708221590027735
 0.8621386501186261	-0.4501721256995565	 0.23251237647655637
 0.7534379916436594	-0.5998703264635599	 0.2692336980700437
 0.8288484115089423	-0.5125878575178904	 0.22419634043472284
 0.7109872350867138	-0.44459599231683106	 0.5448224987641042
 0.572290000415641	-0.628579633831271	 0.5266609909199761
 0.6201988939487181	-0.6939950367589843	 0.3656832247980248
 0.5152104302014713	-0.7832230296772422	 0.3480228417716524
 0.46504914141055115	-0.7909859159591853	 0.39758090601476076
 0.3911060916580969	-0.8829560289220183	 0.25966261967828236
 0.21562425730266913	-0.9373649867176381	 0.273592875160364
 0.2792046853885653	-0.9149319058554711	 0.291452142391762
 0.2543146099753774	-0.9536675021910231	 0.16075563572642426
 0.17349752188945594	-0.9080669649915676	 0.38119941892560794
-0.036717513627333435	-0.9658778008664646	 0.25638232775756803
 0.1080574590622427	-0.9262730883781596	 0.36102874025124065
 0.13755956953286227	-0.9719236662143983	 0.1908972285872602
-0.13324007268935958	-0.9691722064927774	 0.20724940818167795
 0.038245568311329865	-0.937612798146674	 0.34557129113412743
-0.18158726074506826	-0.9637071557614516	 0.19569002189502638
 0.09537608841869846	-0.9492351794056363	 0.29975986378549446
-0.2528520850380117	-0.8759137874246476	 0.4109024946277881
-0.18902557677223522	-0.8984474706954613	 0.396309820376498
-0.26427516380235083	-0.8417805616780951	 0.47070598442993244
-0.2467446280873873	-0.41459363096760427	 0.8759162115585686
-0.5070926886449617	-0.8439683632131966	 0.17485538887338334
-0.5268192622136866	-0.8175362144688977	 0.2325854745948069
-0.5235381822743777	-0.7821923452252931	 0.3377616123418953
-0.5644325896873793	-0.7752295229970982	 0.2836107162511502
-0.7275572516642493	-0.6848481254523803	 0.04053998785304525
-0.6449425400183049	-0.6558246445937466	 0.3923559042734329
-0.6943239282728975	-0.6072146553542215	 0.38627017093058924
-0.7755613983641324	-0.5459670580502646	 0.3168982311269832
-0.8162752650860422	-0.49005020333598615	 0.3058520717913652
-0.8524258520235436	-0.2866549943703125	 0.4372631713333427
-0.8845980383129914	-0.2754025538053123	 0.37635055994420896
-0.9819561853491805	-0.17896787534930678	 0.0610945958939186
-0.9365061980307579	-0.24071017855045715	 0.2549799031143087
-0.9105944990336535	-0.35220186646439644	 0.2162672041448841
-0.9323569718796049	-0.19308505725668534	 0.3056609848372484
-0.8961457799539301	-0.15427934385179476	 0.41607766718657496
-0.9843363183940468	 0.07842396406407381	 0.1578977332039022
-0.9548912212203333	 0.0019090168054957499	 0.2969496780452493
-0.9026150678944994	 0.0285919524051736	 0.42949800868859517
-0.9003926736417392	 0.14560336087199136	 0.4099910908240093
-0.912700810550782	 0.2524509946801574	 0.3213187291536937
-0.8544487819361537	 0.272219706683992	 0.4425084296832148
-0.8583052270849495	 0.3261111760806056	 0.3961863677538358
-0.6341035014037371	 0.4627290699870026	 0.6195115473471697
-0.6713085549960827	 0.5109352141780028	 0.536926466941191
-0.7514387651139626	 0.5032814883345349	 0.42667027759591925
-0.6063728779996449	 0.5150669235385424	 0.6058201029208002
-0.6192102610153074	 0.6068642210561199	 0.4982915510575146
-0.7073930621235771	 0.5567882002591598	 0.43541010060814506
-0.6601723593979691	 0.6061850216136494	 0.4435224633073032
-0.5967535625317489	 0.6960594132835966	 0.39923236189587824
-0.5411257444764712	 0.7372397389917187	 0.4045497446745054
-0.4437709667706644	 0.8428682772129026	 0.30436884912813245
-0.41531877522606925	 0.8316495071710153	 0.3686046827794314
-0.347819200750611	 0.8576531001925687	 0.3787518492618648
-0.09310372958122455	 0.9100288835909582	 0.4039543619869209
-0.2347639396682813	 0.8870993131593329	 0.39741754015602726
-0.15835140084853755	 0.9873363229222984	-0.009582238130022666
-0.11802213742378286	 0.9323544553742832	 0.34173958597394855
-0.2530493812632309	 0.8473474850762316	 0.4668706996345796
 0.08268241201937969	 0.9248296472232288	 0.37128660406701414
 0.01607951207898767	 0.9316585536138948	 0.36297904728698477
 0.10591244396756799	 0.8959530835765903	 0.43133586245803446
 0.282188350055839	 0.7873240718735605	 0.5481701751657053
 0.23721399921906197	 0.8657473983228655	 0.4406937268349629
 0.279834029076717	 0.879091653594146	 0.3858636815661735
 0.5394750497417882	 0.7639723933849336	-0.35399555484750295
 0.25932899430300344	 0.8285765989343207	 0.4961948129638466
 0.3439405208806304	 0.8554590376801875	 0.38716243741826034
 0.4603906018327568	 0.7416317436632733	 0.48787585565904473
 0.5317008647852531	 0.6580496328911158	 0.5331649566864666
 0.7184897627283116	 0.6086339815833379	 0.33665581432173075
 0.7149282091195588	 0.4829607949542566	 0.5055952198570047
 0.7504175210103495	 0.42438960822726646	 0.5067218217023899
 0.7920649665742752	 0.41009381456620997	 0.45216827838784496
 0.8345477548428718	 0.23971977184297366	 0.4960488644017592
 0.8932755677646304	 0.3549369005573005	 0.2758234157165674
 0.8710098093339069	 0.22213922754844087	 0.43817356792519246
 0.8360775741967551	 0.12655557291739947	 0.5338145529009285
 0.8960160674725778	-0.08506345471332226	 0.4357974477933664
 0.9010031953656592	-0.01381346727813635	 0.4335924700252849
 0.8435281965471882	-0.053444170388286055	 0.5344192196032587
 0.8722223068386697	 0.11208029352899505	 0.47609479650116293
 0.9081563574405281	-0.18607245153881286	 0.37500543091892447
 0.8939417800080098	-0.251673558086191	 0.3708483707883152
 0.8373053392588771	-0.28450290845481724	 0.4668809954681456
 0.7954762195174728	-0.28155157698012223	 0.5366062743596982
 0.7123231360216413	-0.6239947111319208	 0.3212885780224455
 0.7069607607424669	-0.5496844316794722	 0.44503203068953157
 0.620523917542624	-0.5390855527733436	 0.5695057809615397
 0.668338696104075	-0.6435978893233901	 0.37296802027570963
 0.6216504786813238	-0.6585761332808354	 0.4240615038271504
 0.5199821555983416	-0.7504380572947321	 0.40799666668124973
 0.5218787454803161	-0.6747100918618626	 0.5219280285208379
 0.40822367561704237	-0.8275290018816877	 0.3854207852599669
 0.3174476021502155	-0.931398993730167	 0.17810933262328238
 0.16223922577216776	-0.9339766415073564	 0.31838038058191775
 0.34090134601366195	-0.8881776684950132	 0.308101771291299
 0.2430329380127029	-0.8528296083427611	 0.46218681306896503
 0.2675389631738279	-0.9365050737352941	 0.22667410538463498
 0.18198272230061852	-0.8776040079170364	 0.44350140255923726
 0.0832998198036874	-0.9680683658215627	 0.23644191488871533
 0.302947716581833	-0.9464817558577141	 0.11133268543582392
-0.22161459987982535	-0.7902259567284856	 0.5713404470476905
-0.055220016743395106	-0.889691152222618	 0.4532112128000032
-4.7950042006021193E-4	-0.8720361354381927	 0.48944126161304535
-0.06483215901252395	-0.8570156404983164	 0.5111956407277312
-0.21207898513880957	-0.8306022714662789	 0.5149003502596895
-0.15919029363181367	-0.8157968890515209	 0.5559980991220004
-0.4462119857428581	-0.7975136910611412	-0.4060379001391988
-0.28825301087688177	-0.9493416457841899	 0.1251424839939583
-0.5656109519138832	-0.8061849089731938	 0.1736379671009613
-0.5923422951026045	-0.7017671360267287	 0.3957947602298722
-0.5370248109175956	-0.7451011745414915	 0.39551054620049114
-0.7313810893803084	-0.5989716298873443	 0.326059333077542
-0.6334748391139163	-0.695798298868169	 0.33848833879730633
-0.80684854756663	-0.533048796330173	 0.2546652744693972
-0.7829173535926561	-0.5017922990510706	 0.36775658533398586
-0.9031443158433689	-0.3961160430320932	 0.16559717754965037
-0.8081675686868734	-0.24380716290950571	 0.5361186885725636
-0.8567074432549009	-0.38576199291593344	 0.34240333160350284
-0.8495265216986366	-0.2255380027086434	 0.4769038669006699
-0.822078817651247	-0.34754188341112924	 0.4510000630201429
-0.9056909570377986	-0.20858940886232255	 0.36907228133581604
-0.9741353541823317	-0.0408941880956363	 0.222234059297989
-0.9579336127709539	-0.06094693773442641	 0.2804436918605664
-0.9243898338674644	-0.14283027884351085	 0.35369894894947945
-0.9944457301767817	-0.06293394401760156	-0.08436236378597309
-0.9176503380234339	 0.08131846597584093	 0.3889796449903437
-0.8856307861516821	 0.26321062647250915	 0.38259414100624045
-0.8254509135344443	 0.3339228416573559	 0.45511133271390625
-0.7912586890985288	 0.4465471264731719	 0.417738375977873
-0.7551343243696803	 0.4519157765938513	 0.47491502716204187
-0.7889195256190878	 0.33968590287447464	 0.5120736953655268
-0.652250248595515	 0.3535802990307766	 0.6704853356669298
-0.07241989367147686	 0.5019956533964821	 0.8618327697248759
-0.2555127499117947	 0.7413754160859976	 0.6205447018997315
-0.553094029515684	 0.6973438184864006	 0.45584930989627476
-0.4850209841542175	 0.7213138028184298	 0.49443001809527093
-0.6982378098525841	 0.6035292727107046	 0.38498880227034477
-0.3407377711225367	 0.770092319245626	 0.5393102921040341
-0.38482981906998287	 0.7265378072456223	 0.5692528656030527
-0.29461287247151685	 0.8769227237836315	 0.3797496436943406
-0.1184169217518677	 0.8529527962919113	 0.5083787563821103
-0.25484094833131443	 0.9085923593795694	 0.33093204065285636
-0.2758704153646048	 0.7779132597471008	 0.5645763670542724
-0.12300652354462964	 0.7437753599243931	 0.6570141620504113
-0.15988957471855736	 0.9064895919094793	 0.39078375561952994
 0.01642879987381252	 0.8468912496732041	 0.5315122818540178
-0.004616226756356421	 0.8802483219286602	 0.4744908662896597
 0.08320561208148239	 0.8382280526851774	 0.5389346507785162
 0.1939946293718145	 0.8477868367550524	 0.49358237731887744
 0.23787934392810214	 0.7660597715498961	 0.5971313458069812
 0.3238729684852475	 0.8050059325244286	 0.49706312364228883
 0.6586379928082938	 0.7449009456432123	 0.10638879456648695
 0.07421001119098163	 0.24253234335624332	 0.9673008511653257
 0.30434740624304285	 0.7431324687569686	 0.5959251548578105
 0.3647338806188286	 0.8190100608732759	 0.44293534123739
 0.5679474670665802	 0.700416645313885	 0.4322640369263898
 0.7378355432414136	 0.6712994519843478	-0.07039713698128996
 0.6816903825723927	 0.5793091174190411	 0.44687712940301233
 0.675272205727848	 0.5401586201441301	 0.5022311352907507
 0.6675673609562606	 0.49787156314061304	 0.5536043038143909
 0.7982705899018423	 0.4536590845612506	 0.396178621700885
 0.8100587925160309	 0.30262970526564653	 0.5022151074572512
 0.7820313558108685	 0.3642824872397867	 0.5056928198214898
 0.8478628873362504	 0.2871721637033353	 0.4457136666872374
 0.8168342758854905	 0.19093593385774732	 0.544357635108112
 0.8537332391772245	 0.06048805926891388	 0.517185412603492
 0.8779336233861222	-0.0666381247209601	 0.4741222556069147
 0.8317512212348717	 0.009712130876300682	 0.555063582383263
 0.853745595665884	-0.11810137191560244	 0.5071198318275058
 0.8882134908849806	-0.152556813094815	 0.43336268112087145
 0.9697133345505072	-0.24325083886267546	 0.022024490630673636
 0.7956076326264605	-0.33895857083135167	 0.5021111253163854
 0.7546634834022915	-0.3920882537404656	 0.526070174119263
 0.6665966087467017	-0.49621174065958834	 0.5562579164730856
 0.7049342212324082	-0.5024627731436452	 0.500598547081647
 0.5740621067724173	-0.6675035573380218	 0.4742274754894535
 0.6285761285626238	-0.5664725578829062	 0.5329173404636233
 0.5723789836265865	-0.7061713212872398	 0.41677855522331025
 0.5220992927889133	-0.7143730008766355	 0.465922251119033
 0.46989215576833676	-0.717085316470897	 0.5147718046369856
 0.46858397093593324	-0.7560242865007151	 0.45700803100492393
 0.3560400016450869	-0.8280685544991352	 0.4330565624468466
 0.34962598826740926	-0.8601885753695838	 0.37126443828043015
 0.4132419967726727	-0.7938462387383047	 0.4461380967193687
 0.23631179050400566	-0.8853528214732608	 0.4003837149262289
 0.05350751318491262	-0.914253215848996	 0.4015943268306158
 0.016236759039241874	-0.8352426988981781	 0.549641702923995
 0.06316007904373432	-0.85301866173583	 0.5180443679315536
 0.06229922897724511	-0.8847793433840466	 0.46182715336989066
-0.11112284565925538	-0.9035273600714052	 0.4138719883913221
-0.0434141297165793	-0.8172270295185279	 0.5746783409571611
-0.2828080658999869	-0.7612626873800308	 0.5835226805059441
-0.38603861314981697	-0.7805100505564422	 0.4917095180467286
-0.20096234326125528	-0.8666338036970426	 0.45668368361541184
-0.3150216600606754	-0.8494098132465346	 0.4233961771829121
-0.4227185844667543	-0.8214573930073984	 0.3827750642608685
-0.4920392817699703	-0.746545894479503	 0.4478465949754342
-0.4014310199150154	-0.6929800134797015	 0.5988587789852157
-0.6698496410976198	-0.6883657383625785	 0.27830571063119075
-0.5664226066906981	-0.565246887588274	 0.5997177558664444
-0.7013456270443463	-0.5629043441437512	 0.43732483438499836
-0.6591149454881468	-0.5667777486215312	 0.4942979590304472
-0.7403575016100042	-0.5558654136757522	 0.37800054456161514
-0.78665252114325	-0.4552989320993355	 0.41699003993881356
-0.7457761395027915	-0.5104194987941111	 0.42812367955893443
-0.8217870485538562	-0.4451087256666818	 0.35573061319561045
-0.7767423741574346	-0.3010352372828484	 0.5532170189919424
-0.8562801553077498	-0.33818977368065806	 0.39039975999475396
-0.8675954687795523	-0.1438646237237501	 0.4760053283252329
-0.8833628592050454	-0.024574387207778742	 0.46804503893370075
-0.8791662170294133	-0.2253026968082756	 0.41988743449299465
-0.928224776715502	 0.13396326673436174	 0.34706282868857435
-0.8681505304311261	 0.15567469144831989	 0.47125369701958286
-0.8524218191833141	 0.1020541737251661	 0.5127981940349277
-0.8191039492164047	 0.2794170464063713	 0.5009938468241196
-0.8071067658007178	 0.22514973506670563	 0.5457895797815288
-0.7923851913110986	 0.39392111030516846	 0.4657809221584943
-0.826867525885928	 0.38733158685847957	 0.40775524087003057
-0.6664301275145375	 0.5577553145014273	 0.49475235652432353
-0.5634658624011594	 0.6520636061639522	 0.5072664737837304
-0.5814584496823766	 0.47293297822130387	 0.6619973333811058
-0.526559252650035	 0.6223663833941672	 0.5791333510250478
-0.5763025603228364	 0.607621728173006	 0.5465081833032268
-0.437193871876433	 0.7747507838105752	 0.45675238519201256
-0.5053520894940973	 0.7525425433737901	 0.4222546459856392
-0.3824871659881433	 0.8219284218229018	 0.4220630726018006
-0.4029209470535667	 0.7578982399650238	 0.5130740378184967
-0.29589315368744407	 0.8108348252318954	 0.5049694325323667
-0.31664039222065143	 0.839781247865821	 0.4410287039947361
-0.13929163655305293	 0.881987392350266	 0.4502178136430744
-0.09767433401238548	 0.8195461029419208	 0.5646272306822864
-0.07144795981108126	 0.8829527911976363	 0.4639930576583421
 0.057367628465648704	 0.7686400421748802	 0.6371039481667226
 0.10405615770857654	 0.7991351094272381	 0.5920771849376095
 0.21597249378530559	 0.8086232706715761	 0.5472515765683631
 0.1497039773644693	 0.8255280918480836	 0.5441434449949025
 0.48302423778219106	 0.7535500127406535	 0.4459259624797537
 0.3491492838004433	 0.7613780572176746	 0.5462583927127134
 0.6295703935987923	 0.6699248659752842	 0.3934994198875764
 0.4134113870542092	 0.7319416893611274	 0.5416201514244959
 0.3875945304361832	 0.7768285195201798	 0.4962941982695754
 0.5777191506518227	 0.6558387978203288	 0.48591774431864776
 0.6709841700058126	 0.6607170517610518	 0.33650144295945394
 0.6789538761976087	 0.6210731454365488	 0.39152239018195867
 0.6263461759826433	 0.5562696444002935	 0.5461268630553627
 0.6196820948868461	 0.5077992792535954	 0.5984429741138072
 0.7613736106865312	 0.5531937483247166	 0.3380634581918091
 0.7227331635661531	 0.32908230044169373	 0.607751276278103
 0.7504951076930937	 0.26704562433277274	 0.6045194189217181
 0.7749579542727243	 0.2037859096557296	 0.598257028487941
 0.7963879644995436	 0.13918986179701393	 0.5885510958049456
 0.8150283428887408	 0.07386637073801051	 0.5746934483374838
 0.8579638054106757	-0.17873089792596825	 0.4816153804975598
 0.8159541259355783	-0.10718548119692523	 0.5680934227653847
 0.36558954931387655	-0.07067465855353043	 0.9280890981316496
 0.8857745890510275	-0.3519516735352241	 0.3025448675605634
 0.7542355756121812	-0.5681043942120182	 0.32922043338462115
 0.8532706871913861	-0.3821219845235443	 0.35484070133473683
 0.6240253729585719	-0.48514014418491197	 0.6125613229744091
 0.7450553760044548	-0.49753191293454435	 0.4442459704921967
 0.748702993655906	-0.4457412479525348	 0.49067154713148137
 0.5202197688949791	-0.6303496548028107	 0.5762210554473275
 0.4691282604727406	-0.6258923608280692	 0.6230388654673852
 0.4168023132413781	-0.7143157903939539	 0.5621643738894321
 0.4160060116489704	-0.7561249079831933	 0.5051872146039766
 0.24766036355021165	-0.8161954335587777	 0.522005132698881
 0.3058252004928651	-0.7855816465985682	 0.5378962941599255
 0.36021196362124897	-0.7918516269660958	 0.49317171668220333
 0.3025130988628078	-0.8241593469723544	 0.47879765644218003
 0.28920958708755545	-0.8889386559447782	 0.35517021370567803
-0.04943392355858468	-0.9188720279868395	 0.3914466545839381
 0.12526404060609628	-0.8660964079391603	 0.4839276105843909
 0.11961508543045038	-0.8982147769520965	 0.4229686108949008
 0.07430200073206578	-0.8138405556237513	 0.5763182824700565
-0.13654511847820797	-0.8874402235376339	 0.440233211227012
-0.3988641697311547	-0.8810622255730588	 0.25423754398775394
-0.44459499258951785	-0.7442903245680623	 0.49836453055840063
-0.2745683628949522	-0.8034556122015815	 0.5282719880127738
-0.5629006849675876	-0.6148713888211453	 0.5523368483744108
-0.4344819882647206	-0.7847204429767679	 0.4420850916372104
-0.6839898026000101	-0.6489055471280799	 0.33328597457079834
-0.653462447280214	-0.6128545556437349	 0.44429283543770287
-0.7052374173127018	-0.5156944483074961	 0.4865176473746225
-0.6618617505011631	-0.5175406448786106	 0.5423013038175072
-0.7060186502630388	-0.46540330202638297	 0.5337953090311831
-0.6582861969334675	-0.4095217416549585	 0.6316258592226586
-0.7420249157752935	-0.35714863797912505	 0.5673128543919347
-0.7688869125480834	-0.24173913190055432	 0.5919249173841583
-0.783308822383225	-0.3556481655307155	 0.509844751989507
-0.8396330936843007	-0.19006348155740793	 0.5088144465012834
-0.8601131274383527	-0.07696223020944493	 0.5042640410830466
-0.8225776659610753	-0.06778256598140533	 0.5645985363167408
-0.8919127722391689	-0.08777797871340724	 0.44360639441922967
-0.887279549395829	 0.09235798665855219	 0.4518904773552033
-0.8698201180400323	 0.03926283362023033	 0.49180422136144225
-0.8131383831469363	 0.10983106265933779	 0.5716144745615762
-0.7644245223507273	 0.23092113929114705	 0.6019390144004135
-0.8314574060962711	 0.16407489298808178	 0.5308088274874584
-0.7483496596769031	 0.34380905742940737	 0.5672460831869762
-0.7537094405333683	 0.39928537555100413	 0.5220088774359788
-0.7147436178928683	 0.4559167940217802	 0.530359724724941
-0.566636953044367	 0.5680244600110016	 0.596884223508886
-0.8673193600546963	 0.49362562553723055	 0.06395990531020336
-0.45779594247511274	 0.6864010729483446	 0.565045522156122
-0.617969383348423	 0.7332148977690239	 0.2837424094729757
-0.6089607325100888	 0.6538673552833573	 0.44902595465688194
-0.35809463347620785	 0.7992979098545181	 0.4825879036794637
-0.4472159287954572	 0.7901926422677342	 0.4190387823788551
-0.23176289553414067	 0.8166272683132332	 0.528588559184644
-0.18618955075702678	 0.8508976288506491	 0.49122975928300583
-0.030271872526869574	 0.8163774171543255	 0.5767248273606308
-0.07699529351863116	 0.7819695739518044	 0.6185428927646114
-0.00981371629298499	 0.777040408542444	 0.629374208610992
 0.036989759161027064	 0.8096365867011319	 0.585764760968215
 0.12452310809878986	 0.7565357000379835	 0.6419873286268626
 0.19150630713777878	 0.7405579549557216	 0.6441267341744559
 0.3434894557700487	 0.6434333344522145	 0.6841114952187989
 0.2583366006915332	 0.7204824356872339	 0.6435582806625476
 0.3692015496459766	 0.7153833497376794	 0.5932258243342974
 0.5821276980216886	 0.6090753666313486	 0.5386599492804882
 0.45076259710989586	 0.6295142862046008	 0.6328703220337116
 0.4880724996647475	 0.648222658775416	 0.5844592541154051
 0.5112526552890069	 0.5271152511520959	 0.6788005851962733
 0.5226175994492852	 0.6145835143126245	 0.5908958864986376
 0.657212423367293	 0.44967677407382056	 0.6048657945612831
 0.6916258371256644	 0.38999906139011603	 0.6079098893216432
 0.7682223738431617	 0.3164681340200785	 0.5564910641480482
 0.7032174307396402	 0.2788940950357263	 0.6539903125109292
 0.7295582730481187	 0.21577700273553096	 0.6489876819459037
 0.7528305879649434	 0.1514152934843144	 0.6405618742349692
 0.773091808422874	 0.08616433581237948	 0.6284144834290996
 0.7905525982177924	 0.020949504708906486	 0.6120357078664197
 0.6678599035036092	-0.01026246293191656	 0.7442162529444791
 0.7849541848558153	-0.16045292595401336	 0.5984160644820113
 0.8747679347341457	-0.21784231882143465	 0.4328114884005024
 0.7919490851711309	-0.22262804919033183	 0.5685537777645281
 0.7509967620458452	-0.5340753807871397	 0.3882877168205664
 0.6696373024897593	-0.31872875318807786	 0.6708188019170392
 0.6706911700676258	-0.4373938737801294	 0.599049207972877
 0.6715165418784779	-0.3785914533400518	 0.6369725625499407
 0.5247296031553722	-0.47035787940517354	 0.7095225922082212
 0.5211862745280553	-0.5800084121518101	 0.6260631829749316
 0.46958077876191273	-0.6738601876673612	 0.57044398471214
 0.41670470164382334	-0.6180205329934283	 0.6666391920870324
 0.36218512311142786	-0.7515868231653078	 0.5513067964763726
 0.3069005701450792	-0.7430750688126736	 0.5946860366224062
 0.24990662839246813	-0.7754870392095535	 0.5797986970522694
 0.2970507398084662	-0.8586209121004279	 0.41776905974841216
 0.1330169497852871	-0.7452892978143966	 0.6533378556559708
 0.13076160965691197	-0.8304144877681475	 0.5415839546595694
 0.07391258667276979	-0.7712825978982076	 0.6321867474969181
 0.014166090942418533	-0.794548966598701	 0.6070348108175905
-0.04852338037183752	-0.7749580526506693	 0.6301472035875207
-0.10524893410019504	-0.7970087699356274	 0.5947265611324847
-0.12053600433655187	-0.6033078189066218	 0.7883468445454156
-0.31870411767038415	-0.929488175286946	 0.1856863413977607
-0.3353845235312028	-0.7727122932316517	 0.5389182992480678
-0.35194264737533315	-0.6312588899652377	 0.6911212533255635
-0.3947576018295884	-0.7384006304227844	 0.5467457771112518
-0.37548041825751644	-0.8190010636508975	 0.4338798373327104
-0.5482083382321326	-0.704815859238131	 0.4502246355533857
-0.5137314166288659	-0.6110774792944926	 0.6022161952883596
-0.7397638419797097	-0.6321283800258573	-0.23057139732695547
-0.1959966731551423	-0.13031840928698224	 0.9719065882650592
-0.747782967241319	-0.46239594012793844	 0.4764563237663749
-0.7464906308314747	-0.4114096398899195	 0.5229663911634034
-0.6982340050069126	-0.3552469387365473	 0.6215053392934919
-0.7348249191345364	-0.29938234165644934	 0.6086070585552087
-0.8167765089521862	-0.2975193707786154	 0.49432616604361135
-0.8015823227770096	-0.18349338876396745	 0.5690307162986281
-0.8481828703597195	-0.013881304941489512	 0.5295216027712835
-0.9307922259474128	 0.017175707026941073	 0.36514493999504494
-0.8324635869460884	 0.04817764358493656	 0.5519812415901971
-0.8454189555420756	 0.21809470508582424	 0.4875463969958895
-0.7904267355253954	 0.1708376811539824	 0.588251699924953
-0.7029236536586987	 0.34741379428037383	 0.6206464312882336
-0.7794190247122988	 0.28508637974181833	 0.5578814748691993
-0.7352251404388808	 0.2898384327872923	 0.6127296922347034
-0.7134297871152917	 0.40165584399163395	 0.5741868353105962
-0.6667026007406873	 0.46384441696986933	 0.5834003762524376
-0.5258723857781264	 0.482556620230927	 0.7004265430059933
-0.4882551785148063	 0.5384250464708167	 0.6868080881777483
-0.5083153883774006	 0.5819442553755987	 0.6347884289856524
-0.5085614376079498	 0.6923200762990579	 0.5119161807673227
-0.2790036752403539	 0.6546901931634479	 0.7025223841116969
-0.36362179544152406	 0.6900204257544815	 0.6258202632717214
-0.2998372155825398	 0.6970342949151926	 0.6513377279597659
-0.21062885852653943	 0.7822544355956388	 0.5862708264503326
-0.18962227934775483	 0.7440509276654041	 0.6406493644851399
-0.05077666344178755	 0.8517357711603806	 0.5215054233424146
-0.05611080833473313	 0.7403855927072759	 0.6698363615835727
 0.01071110933283864	 0.7338823624814459	 0.6791921305312008
 0.07759483282869613	 0.7239770140417094	 0.6854460774251591
 0.1160181468132635	 0.6232839711514773	 0.773341374113438
 0.21108928466527074	 0.6932642234620372	 0.6890762152092342
 0.27776740608748607	 0.6719556441191288	 0.6865281352223495
 0.10530293637456625	 0.067562378512461	 0.9921424376573321
 0.4258776977474252	 0.7895293911431883	 0.4418953802456178
 0.743433969242374	 0.6304808258813869	 0.2231588258896638
 0.5259494819301446	 0.5676786205580001	 0.6333388715520141
 0.6356486537896852	 0.6287121910155051	 0.4479640273547019
 0.5673823594348998	 0.5161848266051547	 0.641584353756147
 0.6060463840675099	 0.4595159231136618	 0.6492710503046442
 0.5983605482149241	 0.30035978472736347	 0.7427978554482152
 0.70519353516775	 0.4378209385319451	 0.5576871020031018
 0.6805847654985502	 0.22723983003529918	 0.6965388981362146
 0.7056812109951524	 0.16318267623567714	 0.6894820103708127
 0.7276571787983641	 0.09808588356693056	 0.6788918835780114
 0.7465431527845374	 0.03253420851751556	 0.6645410794726401
 0.8049730334494551	-0.04338743783192696	 0.5917228622062557
 0.7751587811551081	-0.0970724914371107	 0.624264203205918
 0.8246150447519449	-0.1698070908503859	 0.53960687529504
 0.755328991944592	-0.2744254974515929	 0.5951207946933229
 0.7564914383073045	-0.33367242672057656	 0.5624797022241311
 0.7145352615028947	-0.38591114905417656	 0.5835340136655919
 0.6253849251940109	-0.42905328806967236	 0.6517721774797419
 0.5757958075662912	-0.47800283360786744	 0.6633042130515471
 0.5240735750450938	-0.412505264761467	 0.7451082434677034
 0.47045433524380564	-0.5735154023289287	 0.6706361172363118
 0.41737392575480814	-0.5644073579030893	 0.7122101799643658
 0.36214339582158794	-0.6591285006468044	 0.6590916328538122
 0.3624415846325981	-0.7073426923335937	 0.6068792411437998
 0.3066361922151069	-0.6967833620520607	 0.6484344161063992
 0.25002863775814554	-0.7310463165521015	 0.6348676738946555
 0.19140473676988404	-0.8045708172695931	 0.5621654798546336
 0.13360098187267647	-0.7896229240423727	 0.598870950597397
 0.187302248009901	-0.843224032435906	 0.5038760750551345
 0.07157497563461673	-0.7261420998243682	 0.6838089453389459
-0.05194565744730015	-0.7301026401866082	 0.6813602449988639
-0.16714442861814313	-0.7733234083357373	 0.611582902067997
-0.12909181935382624	-0.4270960962955225	 0.8949437002990998
-0.2889912560768355	-0.7156020102698498	 0.6359228072721428
-0.4060809323991733	-0.6444238765146246	 0.6479322061139438
-0.4526445129371671	-0.7005372352614184	 0.5516887953549202
-0.5016120010043809	-0.704450674316094	 0.5021301105330983
-0.6095364012333091	-0.6154416848330567	 0.49969681622099116
-0.6158507948161082	-0.5163937504163272	 0.5950338587469859
-0.7036632374575764	-0.41192741509273345	 0.5789420117297944
-0.5141092024458586	-0.44848144190877176	 0.731133451719939
-0.6616130755552745	-0.46511657018719266	 0.5881621497440931
-0.65184527611765	-0.35098818286855277	 0.6722388202787282
-0.6424440917988493	-0.29066272817769623	 0.7090703543098178
-0.6805704696789072	-0.2339533432878882	 0.6943267739079714
-0.7929564960079944	-0.1227458154192568	 0.5967859417209703
-0.8084589651041494	-0.00628547010979593	 0.5885189840678267
-0.7806619477686544	-0.061563743443226425	 0.6219138435501397
-0.7907943574955321	 0.0551264862469267	 0.6095944181726867
-0.7451707331400106	 0.17660981808224213	 0.6430626335191126
-0.6958387509513637	 0.1823967269431369	 0.694650895540254
-0.7174071631485055	 0.23617461075493854	 0.6553995083137972
-0.6662218693333719	 0.2425475658754446	 0.7052085500827713
-0.6676968854093688	 0.403388432743328	 0.6256665577953723
-0.6160266588340737	 0.41353219905108723	 0.6704493090112777
-0.5467033856772813	 0.5282790231275648	 0.6496435036328647
-0.42800646532381725	 0.5465934642790221	 0.7197541597298828
-0.44879696195780056	 0.5913807981413668	 0.6699627142812714
-0.4686210800541619	 0.6326307565794402	 0.6165813889168208
-0.4272208093510573	 0.6803790844856814	 0.5954550205110823
-0.320156133910719	 0.7355707617817311	 0.597022365017581
-0.23468130294695336	 0.7010224664920878	 0.6734182857039672
-0.16856239799517467	 0.7021507009806857	 0.6917883426991585
-0.14405178144658187	 0.7836247205354526	 0.604302392538537
-0.10172443683288433	 0.7001906510262429	 0.7066719119693937
-0.080085082955867	 0.6532666814481596	 0.752880483475074
 0.03166166337240853	 0.6866823623848511	 0.7262677689819729
 0.14428874391944507	 0.7105488214592433	 0.6886952378962914
 0.16369144647613046	 0.6609528172135298	 0.7323568008614725
 0.25351373957102796	 0.5889289752590103	 0.7673939313996985
 0.29773448403245695	 0.6193848167758239	 0.7264410683362456
 0.3243906693918555	 0.695448742993748	 0.6411877568075672
 0.38782688626334905	 0.664924245094447	 0.6383306780790464
 0.40563456054230923	 0.6081482101302987	 0.6823608706607975
 0.5770789605928226	 0.5643375878028738	 0.5903413929532144
 0.5508872472070401	 0.46877522851065967	 0.6904875277652947
 0.6414023875857269	 0.40091865770548346	 0.6541155915455329
 0.621552063914978	 0.3511622325776354	 0.7002557520321572
 0.6738295787194108	 0.34063267816204945	 0.6556851968825977
 0.7385607887580359	 0.3776424923590807	 0.5584927119255272
 0.6281181059541602	 0.23819741064679886	 0.7407628760498994
 0.6788361536290638	 0.10974886665135843	 0.7260417775822826
 0.6993530941181403	 0.044124547504465275	 0.7134131159818341
 0.7624567676904144	-0.03260050380741952	 0.6462173663362724
 0.7308495308998758	-0.08665046508034656	 0.6770159969194163
 0.7420255120647381	-0.15081131929466698	 0.6531876341585665
 0.7502797318256363	-0.21348990620478603	 0.6257015134713382
 0.7116800785249864	-0.266194402812612	 0.6501169169787125
 0.7148626681949143	-0.3267210884163334	 0.6182432336914772
 0.6245038580705206	-0.3706588852434155	 0.6874641241876871
 0.5734113940853405	-0.5322503609379992	 0.622823350890504
 0.4695935992566973	-0.4024282261112275	 0.7858329175887909
 0.4715362293703252	-0.5184183625658846	 0.7133694594988793
 0.3622155041514971	-0.6073372089096847	 0.7070653740822491
 0.4164510540336145	-0.6683083461757944	 0.6163866270662158
 0.30613770443767374	-0.6469219454150592	 0.6984065452600132
 0.24921904073037765	-0.6831002446671179	 0.6864866535287879
 0.19148856351670607	-0.7158920341882665	 0.6714392939261854
 0.13114260139736422	-0.6979651810286052	 0.704021465702885
 0.06885454329937472	-0.6780401960188951	 0.7317926922631115
 0.011336010214030648	-0.7515707675609166	 0.6595550592788463
 0.005557079624915734	-0.6559717698447706	 0.754764967412215
-0.11468077200968213	-0.705984849694728	 0.6988803277620395
-0.1725667181053905	-0.7275711137235347	 0.6639736457702445
-0.2285227205427441	-0.746168991019399	 0.625307286889282
-0.32595439339843735	-0.8130357687940171	 0.4824174251473288
-0.342789509199093	-0.7288502166283832	 0.592682641979503
-0.4585286690494835	-0.6536857020962358	 0.6020352668529152
-0.508856935489197	-0.6592751299330414	 0.5535529985975279
-0.46222529053521844	-0.6038482355397908	 0.6493959417990801
-0.5568316126891447	-0.6613994199147581	 0.5024831961831441
-0.5673502156312414	-0.5124900552389868	 0.6445678211827862
-0.6140832388932349	-0.567513212577145	 0.5484801995156822
-0.6104274666975098	-0.4046241728245064	 0.6809240682097709
-0.5913475461841262	-0.285097481982404	 0.7543391182944881
-0.7264563620551243	-0.2382975360079214	 0.6445738424433524
-0.6684440761450327	-0.17123545030936202	 0.723782382780877
-0.7604601484333082	-0.17988794085402388	 0.6239717071951983
-0.7351375106213439	-0.05623518865294106	 0.6755815598686968
-0.7646916888830073	-1.865140131139566E-4	 0.6443962958970022
-0.7451593241205173	 0.06108005543470884	 0.6640834348968109
-0.769665902394292	 0.1161841289696495	 0.6277863066897401
-0.7221794158715557	 0.12197969904826685	 0.6808655111778781
-0.6117083188376709	 0.2506398264610863	 0.7503283348350557
-0.6864298961551675	 0.2948151328356266	 0.664754116283245
-0.5981906857542716	 0.36321956760005003	 0.7143104711463126
-0.5623112933219836	 0.42382245586559	 0.7100567127396363
-0.483656437634823	 0.38130174398161576	 0.7878359158930056
-0.4676319764613153	 0.4910418187106864	 0.7349818139710569
-0.40696827642933875	 0.498420657640371	 0.7654761067580579
-0.3865292864066995	 0.5994239625171692	 0.7009179865791312
-0.40688230253843344	 0.6417772527191793	 0.6500528822897761
-0.3435468815155077	 0.6495497470226186	 0.6782777206600714
-0.21353396563267998	 0.6571313895808082	 0.7228980442280762
-0.14722338722320466	 0.6567724253474341	 0.7395777549100403
-0.03469003501591359	 0.6949735193091736	 0.7181980290488247
-0.012416206127225729	 0.6459940171944626	 0.7632414870631488
 0.09706867620820403	 0.6758611822170918	 0.7306088792721465
 0.07313635680359523	 0.5774631120904401	 0.8131343231522828
 0.18045115954307323	 0.6105818238402843	 0.7711207528107595
 0.22977936946482955	 0.643608263216564	 0.7300478373967719
 0.42058358413275765	 0.9015072829319989	 0.1019513000339319
 0.47355768617732613	 0.6987345026306395	 0.5362025854990724
 0.4301779663103716	 0.6836699604716708	 0.5895271855052463
 0.4529059260436096	 0.5399282390562004	 0.7094742552230144
 0.4930410300965441	 0.47870404402670774	 0.7264660906565527
 0.5308028413958789	 0.42052213094244556	 0.7358053281634255
 0.565917885881811	 0.3610323374625255	 0.7412102250680348
 0.6525051448904051	 0.2899478990697499	 0.7001194553192974
 0.5712135980309666	 0.13254174484548387	 0.810029450883011
 0.65502961147034	 0.17459075523620077	 0.7351559537153111
 0.6490199496522775	 0.05571766514194437	 0.7587283089120147
 0.7166623282547762	-0.021563304842328636	 0.6970868892359977
 0.6834085446315336	-0.07593984788384568	 0.726075685192658
 0.6958395905356622	-0.14074960608044143	 0.7042704115830527
 0.7052956664214074	-0.20426216258922927	 0.6788482833900031
 0.6649393784081687	-0.2574869418678997	 0.7011106173847854
 0.6212148843645616	-0.31031187118791703	 0.7195822468931387
 0.5761256037984306	-0.4211965781910395	 0.7004803574462695
 0.5212856862488485	-0.3526724489702756	 0.777099335380861
 0.5235162380195425	-0.526190927898676	 0.6701148080194886
 0.4172606233909539	-0.5083642164601744	 0.7532990080905628
 0.36194373391477663	-0.5527740033487644	 0.7506248295264484
 0.3055205623847509	-0.5940505723401526	 0.7441512638317849
 0.24814724418116627	-0.6320271122033718	 0.734142135178985
 0.18998820389658222	-0.6666566986873446	 0.7207449815818642
 0.1923123586924438	-0.761977607110539	 0.6183899117516763
 0.008435969768970814	-0.7053589655292906	 0.7088000875857072
-0.05493443515791076	-0.6821887064472345	 0.7291095779303207
-0.1177680968782997	-0.6561500514387218	 0.7453843205720295
-0.17653389764513702	-0.6787640961578181	 0.7128219165747337
-0.2372693200557191	-0.6482073328124289	 0.7235540915843776
-0.29654352628274355	-0.6143672264537403	 0.7311736100813092
-0.34825361174561936	-0.6816758238537741	 0.6434574524235537
-0.408762332805487	-0.5927855541842707	 0.6939154429971013
-0.40916592304855354	-0.4792928561461172	 0.7764416304289221
-0.5164212888783608	-0.5057512091749041	 0.6910316684576295
-0.4637537173414748	-0.5510778548903061	 0.6937187380354247
-0.6022621615936746	-0.3450676158992922	 0.7198670913231783
-0.5375695053238765	-0.278980455964397	 0.795731696073331
-0.631443283367584	-0.22874735839306082	 0.7409143175281211
-0.7028575837407949	-0.11337056085098682	 0.7022380884788181
-0.7494562359537578	-0.1179984965824706	 0.6514535326439655
-0.6863116535719974	-0.05095933780082568	 0.7255201307077372
-0.7172267333165253	 0.005427486648285423	 0.6968187392749915
-0.6958057353752668	 0.06691540680553394	 0.7151060809075351
-0.6709843354561379	 0.12823206910452825	 0.7302989511327923
-0.6428910846267107	 0.1894606058731098	 0.7421561372984028
-0.6334921642155934	 0.30276725746027405	 0.71205313403385
-0.5777772829226095	 0.3117454361499554	 0.7543130612539075
-0.5419995874593451	 0.37275482475426047	 0.7531867549395173
-0.5054756392015274	 0.43292793712213007	 0.7463697337332111
-0.44616636221321454	 0.4408753324991991	 0.7788225204904823
-0.38474309430700654	 0.4475356864620674	 0.80726981903574
-0.36577789224744073	 0.5534709270011681	 0.74824893351577
-0.32273771790686173	 0.6054933916540144	 0.7274737920389911
-0.2576487068805358	 0.6090549760987028	 0.7501127781421913
-0.1916233830624216	 0.6098945978518604	 0.7689662272004083
-0.12524913168933216	 0.6080379297791613	 0.7839658991059116
-0.10153935894745751	 0.5558092876631553	 0.8250853254857436
 0.010938412426311075	 0.5937190437216203	 0.804598066276496
 0.0531374757717401	 0.6344453225720568	 0.7711391193131408
 0.1002645249783504	 0.5203207515411291	 0.848064467211391
 0.20254277928511405	 0.5554008586884113	 0.8065397130505334
 0.2711863841645913	 0.5531756339812852	 0.7876894457926538
 0.3579345390554211	 0.5920662838464037	 0.7220390441544647
 0.39383494524716856	 0.5442622250710516	 0.7407244199180069
 0.4339435607406665	 0.486959138150859	 0.7579998574294616
 0.47140585940707475	 0.42957612330303957	 0.7702213123541889
 0.5072084773229116	 0.3705429029952204	 0.778098655423365
 0.5409023616207215	 0.3103597829556973	 0.7817297744852877
 0.5722440232299281	 0.24873121787883132	 0.7814534913417042
 0.600953443366014	 0.18566612330430668	 0.777420767386414
 0.6266759673923281	 0.12123349345727671	 0.7697919666747856
 0.5955750582882432	 0.06734423269486271	 0.8004718010446691
 0.6161631874081959	 0.0012723510541925796	 0.787617488128449
 0.6330977316353612	-0.06486431742440973	 0.7713493906934947
 0.6467353734387477	-0.1303333629102758	 0.7514962217174097
 0.6573089393257046	-0.1946457998893445	 0.7280508023949664
 0.6153158824798783	-0.2482199926977523	 0.7481799248797955
 0.5699742998004284	-0.3011176403769133	 0.7644981780363191
 0.5161968249069138	-0.29096536279802954	 0.8055308781218956
 0.47139142040302323	-0.4613029053107976	 0.7516580062250636
 0.4158480358122164	-0.450347825202689	 0.790099517432032
 0.3581080543977058	-0.43724753667897764	 0.8249686133688094
 0.3042328298924852	-0.5387108815817021	 0.7856417575976187
 0.2466481203645098	-0.5783159230760383	 0.7776344885853277
 0.18811204718844501	-0.6146889782552406	 0.7660099984426447
 0.12880421697193645	-0.6478758047182492	 0.7507772075329188
 0.06605167054757381	-0.6270009873200975	 0.7762132044209877
 0.0026375573486267564	-0.6035903113973353	 0.7972902729110024
-0.0577928738185989	-0.6311818955759908	 0.7734787640477835
-0.18208158673812458	-0.5720904637924015	 0.7997242005896295
-0.17957009675628793	-0.6269618725599244	 0.758072154024332
-0.2335807074267268	-0.6987825039875077	 0.6761235576719529
-0.29348167825018706	-0.666626408222571	 0.6851844542834638
-0.354060074947157	-0.5775155120590063	 0.7356067540878329
-0.40962022533074044	-0.5379334416414328	 0.7367760062351357
-0.5162449012194879	-0.5599007802610383	 0.6480758583900204
-0.5654805505937675	-0.4564803054089135	 0.6869188290285503
-0.5600505720163178	-0.3973872399518357	 0.7269296653099648
-0.547142639108181	-0.33896206187333244	 0.7653363006419559
-0.4896375820574432	-0.3316003032712344	 0.8064094971584636
-0.5795362731426008	-0.2226181451463657	 0.7839508081273828
-0.5636670230417206	-0.15922372705503468	 0.8105105131199647
-0.653091534117812	-0.10815395850262906	 0.7495159566839485
-0.6343985660228727	-0.04527561675360837	 0.7716790640905735
-0.6663979690371191	 0.011224166250823363	 0.745511747026951
-0.6125861325226755	 0.017485503232935698	 0.7902104070547302
-0.6166311490113946	 0.1353323156150545	 0.7755328429016755
-0.5870317228933484	 0.1972354071880846	 0.7851700137347437
-0.5546030756465743	 0.25893785865854024	 0.7908012479989458
-0.5198440277908036	 0.32036863433059054	 0.7919129528599634
-0.3982166694140798	 0.3345166184103729	 0.8541206684116984
-0.4231555671773904	 0.3885699974303622	 0.8185063976926202
-0.3608307021741251	 0.3944053076355569	 0.8451305565872234
-0.321606392193141	 0.45267576286944006	 0.8316573706828326
-0.2799629094559379	 0.5086167558202453	 0.814204989562122
-0.23535037441618856	 0.5605888064887952	 0.7939460884100559
-0.1683424343428546	 0.5596545750521091	 0.811447830376522
-0.05825969740601192	 0.6035553988458388	 0.7951897183579529
-0.03462719623403813	 0.551376578190398	 0.8335375374294893
 0.03514667043861607	 0.5266073483594642	 0.8493817823634395
 0.13754834760333665	 0.5675335482947055	 0.8117796028674367
 0.13648956891695216	 0.4638946596796477	 0.875312711148175
 0.2399662919654539	 0.5019743699282343	 0.8309259357220129
 0.2772516291789328	 0.4497781580932364	 0.8490177516518033
 0.33431940696061296	 0.5500780069509871	 0.7652742778888717
 0.3724593828945513	 0.4934021908840267	 0.7860205379789084
 0.40948620643700545	 0.4372349552434327	 0.8007163297017887
 0.4803756175452855	 0.3198881409050184	 0.8166460943250246
 0.5131330750509754	 0.25889787405312337	 0.8183314353606999
 0.5435516825047497	 0.19643642887218987	 0.8160663562837258
 0.5390038962292569	 0.07896157136451322	 0.8385939840574386
 0.5616469314734746	 0.013047626582427481	 0.8272741285734709
 0.5246861670685453	-0.041529509871377365	 0.8502821448770765
 0.5949901468964877	-0.11946275182059583	 0.7948052440840754
 0.6066313527378767	-0.1845304981504237	 0.7732702613755235
 0.563127929841993	-0.23825985346272302	 0.7912769280471873
 0.5742480599663248	-0.36216540016750226	 0.7342175348944108
 0.46586948853940896	-0.34185789540515077	 0.8161487603355105
 0.41287498143495255	-0.3906382773554818	 0.8227611961984046
 0.36067956044849847	-0.49596632134590474	 0.7898909182699146
 0.3018995677761428	-0.481247727078028	 0.8229564242162584
 0.24115715667417678	-0.464202489887271	 0.8522671377961752
 0.1857542740695482	-0.5602820031917906	 0.807204699295222
 0.12621091971312737	-0.5951463862590803	 0.7936444938811863
 0.06310276131092872	-0.5732114313404282	 0.8169741100522058
-4.2828028115539363E-4	-0.548420176628779	 0.8362028022211236
-0.06067803671430687	-0.5771903016432895	 0.8143522159050256
-0.12326561249999467	-0.5474486261192955	 0.8277110549793915
-0.1844836464355263	-0.5140521008359732	 0.8376850373642675
-0.23990956645369843	-0.5944650454717177	 0.7674989965050817
-0.29978277864105835	-0.4997943768748323	 0.812610525697609
-0.35497505738173524	-0.520250043379471	 0.7767448751041056
-0.35575694120415247	-0.4591401348705177	 0.8140192475219171
-0.6147038861723328	-0.462061109203412	 0.6392485148096508
-0.5070465740271952	-0.3877249007989356	 0.7697877454647738
-0.4821307716621251	-0.2701243405871104	 0.8334163183180797
-0.5250992949561576	-0.21541394716506798	 0.8233271292768822
-0.5442128509867017	-0.0963072185945138	 0.8334010393967088
-0.6176921105504815	-0.16553307236282383	 0.768801182697982
-0.5796069562306486	-0.0391775811333287	 0.8139538644331044
-0.6431414057675641	 0.0733116410217959	 0.7622299754522993
-0.5876231199967591	 0.08014864246346327	 0.8051554284462961
-0.5595917282535681	 0.14263515959670056	 0.8164020510244989
-0.5287009072748589	 0.20484443691426069	 0.8237196776282699
-0.49529384107217417	 0.2666909391307838	 0.8267768465441643
-0.4340380803139287	 0.27351537685014005	 0.8583707144724391
-0.4599458116882239	 0.3280695403640705	 0.8251183109080591
-0.33480076523309255	 0.33949104411688064	 0.8790075531892577
-0.3443443738652969	 0.5044124314509401	 0.7918301908774807
-0.301595948166386	 0.5584018146867634	 0.7728048249099823
-0.21348650764270738	 0.510480753526451	 0.8329663326531195
-0.14191009333265675	 0.5070644054698996	 0.8501454076308206
-2.962203246592883E-4	 0.5015940253017447	 0.8651030840513241
-0.034342434095098386	 0.44999697553871204	 0.8923694970282411
 0.06791443015903698	 0.4692621464566913	 0.8804434496769411
 0.16915098403647827	 0.51116812707461	 0.8426714012368798
 0.20705826381904693	 0.45557212100921624	 0.8657834128368399
 0.3078806744881081	 0.49842050523758147	 0.8104236486156249
 0.34473160268222003	 0.44398205713520655	 0.8270671405962988
 0.3813350420781156	 0.38715447196996683	 0.8394611369902352
 0.41696153873326497	 0.32868810746228605	 0.8474120622401174
 0.4509913378040363	 0.268543282875001	 0.8511705577899431
 0.4829819824706811	 0.20683479654501205	 0.8508512041167212
 0.5125118333258233	 0.14361936323837748	 0.8465843721709059
 0.4792741220456507	 0.0904281338913918	 0.8729943118590702
 0.5042990874059041	 0.025015759212807787	 0.8631666364222956
 0.5801407972392925	-0.05339995609715143	 0.8127638648878163
 0.5408350026627671	-0.10808222694889513	 0.8341557001618657
 0.4981340369119607	-0.16244356407485352	 0.8517479496661278
 0.5085772831721845	-0.2274915538131369	 0.8304196168112143
 0.4600299217265135	-0.27964474728715405	 0.8427166109855682
 0.4081512287448261	-0.32941158632794254	 0.8514109356045396
 0.3540395961338481	-0.37686043217790116	 0.8559393547606439
 0.298305642272524	-0.4218942443931671	 0.856165282136747
 0.24439305995799515	-0.522309505835432	 0.8169851971476074
 0.18274426986932446	-0.5035816012531	 0.8443992555120424
 0.11987171753194385	-0.4822942689334975	 0.8677689839409134
 0.05991819115839585	-0.5168611512031784	 0.8539697657090858
-0.0036721482947320657	-0.4906914969652827	 0.8713256395475066
-0.06373146001164648	-0.5203747992510691	 0.8515564392975922
-0.12617303296855437	-0.4886696372295616	 0.8632973713625248
-0.24188465604412432	-0.5374647622295035	 0.8078511264657612
-0.1870617978862672	-0.4529763941217801	 0.8716767004686929
-0.298442102191481	-0.5587916496723814	 0.7737468603464238
-0.46320385374364964	-0.49535958641929495	 0.7348884745453127
-0.46090848882747887	-0.4362555438374302	 0.7728159324172076
-0.36066288049476386	-0.32909333462775797	 0.8727083497576967
-0.43204486403119685	-0.3153281905336388	 0.8449292087027446
-0.4135084759146989	-0.28117704474779803	 0.8659966569528994
-0.4652567467832416	-0.20969759663812593	 0.8599785331837467
-0.5061046983425783	-0.15341534623517106	 0.8487177185938269
-0.48594012387077123	-0.0906888120741578	 0.8692742578594155
-0.4626080120280409	-0.02693688531742776	 0.8861536161506424
-0.556097665590184	 0.02398404475511476	 0.8307708179289476
-0.5295613071150354	 0.08696721397025955	 0.8438018284531426
-0.500161579434069	 0.14961717574452116	 0.8529086089260974
-0.468181698547962	 0.21182742726111767	 0.857866562004069
-0.40565705095603083	 0.21795374560962072	 0.8876590121124175
-0.3709701094423984	 0.2791793646070674	 0.8856862086980294
-0.30607814054981886	 0.2836251966097272	 0.9087755056809461
-0.2970036799078814	 0.39860956173422774	 0.8676976612940845
-0.2570756150092264	 0.45608415273595404	 0.8519972850841457
-0.19143838868798554	 0.4575852269818104	 0.8683127912132546
-0.1252924532270405	 0.457832936718188	 0.8801652135936467
 0.03662802067361898	 0.4145085176677085	 0.9093080209051562
 0.10491897082225646	 0.41254925640392553	 0.9048729858947978
 0.17463510171316474	 0.4070125450514552	 0.8965731255287378
 0.24522752622445562	 0.39985983616732784	 0.8831622567807526
 0.3144135651687521	 0.39399027964607414	 0.8636641532345101
 0.3185358007335848	 0.2852261032167556	 0.9039806489603629
 0.3860201649920975	 0.2774431025659916	 0.8797805164119235
 0.41942622200854784	 0.21666677215176042	 0.8815538294040665
 0.4506844945404111	 0.15431592417220802	 0.8792440400296905
 0.44392324299295777	 0.036973998980973234	 0.8953016685620385
 0.4668096576107903	-0.029258418024897356	 0.8838736835860526
 0.4844581385165493	-0.09616162433304914	 0.8695132282091571
 0.553503996246062	-0.17381452894410704	 0.814507112103742
 0.45179215912729187	-0.21579915934256771	 0.8656295788489098
 0.40150813675879354	-0.26679316875101483	 0.8761350473667142
 0.3483017296760701	-0.3150111019787699	 0.8828668703348083
 0.2932864684760731	-0.3608430781802835	 0.8853108608495728
 0.2367658251925233	-0.4041241407615505	 0.8835302048456759
 0.17891104860117107	-0.4446649140840195	 0.8776468258195215
 0.12327681597653536	-0.539918667032836	 0.8326407746634638
 0.056454613696732374	-0.4580612102045211	 0.8871261490331136
-0.006974889562658406	-0.43060895610447425	 0.9025116496966695
-0.06694711301837689	-0.46099581397332723	 0.8848734053849592
-0.13114003577194372	-0.3626162444480154	 0.9226655679498127
-0.30526590319229746	-0.3737467575022639	 0.8758573454648508
-0.24396339171685283	-0.47715948881435893	 0.8442752428778362
-0.4098932531479106	-0.41558764144131993	 0.8119571622352154
-0.3616386962713535	-0.3936582615743749	 0.8451334962320431
-0.24282612589361402	-0.28768780959850004	 0.9264292724174449
-0.3578318894746831	-0.26513770693691086	 0.8953537486575992
-0.4065108130360606	-0.21183978089319555	 0.8887479204565737
-0.4469445911744387	-0.15042677060667914	 0.8818232924485265
-0.29940273368092907	-0.07329553459057436	 0.9513073991478614
-0.522225439808848	-0.03298315008098176	 0.8521694091125256
-0.49716310422539145	 0.030393798238817854	 0.8671245959062578
-0.4691682299797307	 0.09345134239938122	 0.8781503393960741
-0.43854207185749	 0.1560097959232339	 0.8850659832955571
-0.37487490053090333	 0.1616854459828894	 0.9128672551413265
-0.3412168616184081	 0.223131793165437	 0.9131173288389948
-0.27491240172463366	 0.22740285769165444	 0.9341900832762371
-0.2697343096946346	 0.34295070398218963	 0.8997934300780817
-0.2027353120442804	 0.3452665504175624	 0.9163456784494949
-0.1653490144981923	 0.40198976519254165	 0.9005908794146885
-0.09648116974289066	 0.40511637822507324	 0.9091601091000655
-0.029226039550352516	 0.41115443049121747	 0.9110970710630367
 0.07346698645757677	 0.3572661588932296	 0.9311087442455473
 0.14231052730192573	 0.3550890743898036	 0.9239369367375896
 0.2124296789491404	 0.34955123709108804	 0.9125171582768488
 0.28247009990365246	 0.3433736364816389	 0.8957149035434189
 0.35086808699561006	 0.3365982371378053	 0.8738382071549418
 0.3531222622891301	 0.22558470634694913	 0.9079736825140737
 0.3858960055390965	 0.16434879418299145	 0.9077850774052008
 0.4164174363618907	 0.10149658145582545	 0.9034904330686473
 0.3803213842519544	 0.04849882482686739	 0.9235818906145196
 0.40636535378441635	-0.016707146492388504	 0.9135579185250097
 0.4260119975090259	-0.08368917535302028	 0.9008384427338241
 0.38121710809800147	-0.13750053849275998	 0.9142029962801466
 0.3927424960028665	-0.20288055914183328	 0.8969909757381819
 0.3407280834995467	-0.2519420037378977	 0.9057756895982907
 0.28661302441682185	-0.2982557026190315	 0.9104375377201175
 0.23101319665669354	-0.3421629212709245	 0.9108004382288158
 0.1740763641647666	-0.3835460576345276	 0.906967387016858
 0.1158522264880704	-0.4222653437907497	 0.8990385092147258
 0.052645746658222456	-0.3968332017243688	 0.9163797440842879
-0.01041913653428416	-0.36805250643945353	 0.9297466289788395
-0.06992157097759379	-0.39932790465257617	 0.9141379537453898
-0.18825932783876395	-0.38926098473510196	 0.9016841527080065
-0.30248010618046417	-0.43729257500760105	 0.8469244294553542
-0.43648618621153434	-0.3774508348575865	 0.816707215905321
-0.28976859486250284	-0.24194270082488942	 0.92601182009139
-0.3032209614574539	-0.30868582489976926	 0.9015376365070771
-0.34860066526088435	-0.19923324160479228	 0.9158513479923014
-0.38879141507536114	-0.14335963580391337	 0.91010397778818
-0.6001439701678368	-0.10232074589722667	 0.7933206665845923
-0.40083175093769946	-0.02089018515806564	 0.9159134825977179
-0.4359713101809789	 0.03655600438319528	 0.8992178130145202
-0.40659861671943737	 0.09945332021685055	 0.9081776268878708
-0.34200590271041115	 0.10484727745318355	 0.9338302902143902
-0.30929721194593124	 0.166593604704468	 0.936259475548336
-0.239279723504973	 0.28703697040508597	 0.9275532284133636
-0.23197275921291138	 0.4009932565198307	 0.8862240389476975
-0.10046475569490634	 0.293457717552417	 0.9506783898207053
-0.06362578469285746	 0.35203933040767915	 0.9338201482985528
 0.03975370234549262	 0.2995804357090181	 0.9532424695166604
 0.10928762197597204	 0.2997571068281155	 0.9477351384162533
 0.17905192620933405	 0.2969416804085409	 0.9379584458582796
 0.24917536711557764	 0.2915509179028459	 0.92353110326227
 0.24913707763006904	 0.17894658999657076	 0.9517924324549699
 0.3184350626292218	 0.1730200343722937	 0.9320210183220838
 0.3505620525685588	 0.11166249085624834	 0.9298589868548335
 0.3425212129231839	-0.004562460262136752	 0.9394990168456736
 0.3026930565191055	-0.05744269393724756	 0.9513554805898546
 0.44068152433652513	-0.150370514924166	 0.884979379618462
 0.33115315336591106	-0.18793149670194237	 0.9246725591057526
 0.2779724424608303	-0.23436833704305524	 0.9315593399370935
 0.2237014694294399	-0.278411309244531	 0.9340475338331854
 0.1680796911480042	-0.32018441493880484	 0.9323256715621892
 0.11106092379276068	-0.3597990233323417	 0.9263963158472683
 0.047974115601821646	-0.33298519195907833	 0.941710861235124
-0.014515701028510535	-0.30310738991243613	 0.9528458451418684
-0.07246810372105496	-0.3352949461125481	 0.9393219219492633
-0.24643180092762051	-0.3508577546489721	 0.9034213875563559
-0.18940591277608299	-0.32221614147605127	 0.9275247481214419
-0.18633602687322523	-0.25261369076997586	 0.9494552165977455
-0.28497695639517884	-0.19394406924753604	 0.9387085981961855
-0.4262016088822076	-0.08482479691346491	 0.9006425164374638
-0.3368646744675818	-0.01522860473712933	 0.9414299127888441
-0.37262868094397933	 0.042321004864535036	 0.9270149937758322
-0.30734578956859665	 0.047459848077935025	 0.9504136617572768
-0.27562173870350687	 0.10955101027876625	 0.9550032635027786
-0.24198994688086412	 0.1708089651733472	 0.9551257315270105
-0.206836292536069	 0.23100319938647226	 0.950713558314568
-0.17058925751420523	 0.28993773956188035	 0.9417193915378932
-0.13362618498104023	 0.3476404704505658	 0.9280571889664571
-0.030148380870734025	 0.29720097324466416	 0.9543388583900887
 0.005371582492534147	 0.35573774289007387	 0.9345703849282844
 0.14448828088566903	 0.2417619653143483	 0.9595177376234626
 0.2147185832767393	 0.2382701220930581	 0.9471659194214017
 0.28455124875592414	 0.23284913107376318	 0.9299526165292712
 0.28212213489227495	 0.11932312607808845	 0.9519291426292075
 0.3135342773240492	 0.0585360387006019	 0.9477709581518775
 0.27464884131084877	 0.004318994468812839	 0.9615348980943889
 0.2310156439715723	-0.06233379393627547	 0.9709512193585782
 0.31942927018140677	-0.12329974446685268	 0.9395542104454552
 0.2671923345907749	-0.16965824250003864	 0.9485907110486217
 0.2144978353927981	-0.2122859800432861	 0.9533757608041364
 0.16071122493365475	-0.2543083434589646	 0.9536766583216147
 0.10502693279281039	-0.2950010637646281	 0.9497071736940143
 0.041617435196747606	-0.26723469578109177	 0.9627323649168713
-0.02120342931216972	-0.233887014540679	 0.9720325503884384
-0.08121573833877929	-0.2677267234306426	 0.960065833892228
-0.11548108535337692	-0.25211725687401754	 0.9607814567902145
-0.22506050326466054	-0.19750351783966305	 0.954117461485333
-0.2603682881661074	-0.13233248747030518	 0.9563976512295356
-0.3257484102862052	-0.1354514327668429	 0.9357034159162934
-0.36412250427748466	-0.07858460421145949	 0.9280297742312053
-0.27113989310793535	-0.010557396345600652	 0.962482051649702
-0.24052290260565415	 0.05193356610102105	 0.9692531341368888
-0.20773944000961542	 0.11372203248040469	 0.9715511434777984
-0.1731852140888759	 0.17461915339481165	 0.9692858365253615
-0.1372392438541729	 0.23448086835206047	 0.9623845968858805
-0.06679922291435186	 0.23821141299765136	 0.9689134050758619
 0.0037724635393064352	 0.24114705302292694	 0.9704812555310908
 0.10847211622018836	 0.18474762822989874	 0.976781507741696
 0.17902220258407053	 0.183195397624907	 0.96663876255352
 0.21264019629666367	 0.12372452074675303	 0.969265902570034
 0.24463230302970423	 0.06284009427076467	 0.967577469180853
 0.1687322887660139	-0.050603543083178965	 0.9843620757400254
 0.2541503116212946	-0.1041660851578592	 0.9615388945880894
 0.2037349278217165	-0.1411801569784096	 0.9687931886945901
 0.15273895535427462	-0.187628523740722	 0.9702918883491517
 0.08640963193254242	-0.15957150530051475	 0.9833973307902613
 0.032686133396046646	-0.19819744648112952	 0.9796169602921213
-0.06387862293794812	-0.12037877658525899	 0.9906707180892084
-0.15997565450981596	-0.18875872159779378	 0.9689055346033083
-0.13165751532192477	-0.1260866649358492	 0.983243841366226
-0.2336815556841	-0.06944672545559255	 0.9698299247066747
-0.16756028845171006	-0.06576116188790491	 0.9836661117071853
-0.20433991620399763	-0.006404115566458847	 0.9788790456177694
-0.17248781497807644	 0.0560121350256303	 0.9834178127398138
-0.13870113778169263	 0.11763422742330547	 0.9833230308075704
-0.1032785019422304	 0.1783909933944946	 0.9785245037873576
-0.03282448071700242	 0.18180894430975889	 0.9827858674373734
 0.0378269929174159	 0.18410148947018962	 0.9821790876320283
 0.1422800347671654	 0.1262835651516082	 0.9817376700928073
 0.17545123197471207	 0.06726759179073721	 0.9821873224050647
 0.13831323504392684	 0.008126455954938092	 0.9903551937185446
 0.10736524352974837	-0.054191856512276336	 0.9927416316290715
 0.1423947977463928	-0.1170782204253048	 0.9828613390895014
 0.03741596704765724	-0.05431805678291802	 0.9978224261446605
 0.09769091845545212	-0.22876155128060965	 0.9685683440558128
-0.02776627229185564	-0.1744875307939716	 0.9842678170703529
-0.09073317931892194	-0.1853398304048612	 0.9784766923315945
-0.10088873642031239	-0.06167609886376502	 0.9929841497689981
-0.1366627714949976	-0.002472693737541944	 0.9906145429343275
-0.10357477512351403	 0.05983460847223599	 0.9928202685214922
-0.06892164666785915	 0.12135945557941934	 0.990212951421086
 0.0012970044194189642	 0.1243960215536058	 0.992231801345417
 0.0717377654699043	 0.12615375646859361	 0.9894134235668363
 0.2075439755264697	 0.0058606050393752405	 0.9782081330326592
 0.07117072756347953	-0.11711324829979916	 0.9905650986233842
 0.0034450883018513154	-0.11675446198357872	 0.9931548353471967
-0.032454554982679365	-0.05702245185208641	 0.9978452494478556
-0.06809248717333506	 0.001350853179269541	 0.9976780985800165
-0.034193255070912136	 0.06337412071411822	 0.9974039012011974
 0.03546332064301948	 0.06605687529065733	 0.9971854602408747
 0.06971150841220997	 0.00630871969842364	 0.9975472448213475
 0.001287837731246587	 0.004369718705956812	 0.9999896234623681
 0.012627769536980568	-0.041832594122922936	-0.999044830578422
-0.008278131453714598	 0.02520110005217725	-0.9996481266404671
-0.01641242510232255	-0.01495650493122792	-0.9997534372346529
 0.0035745873923371764	-0.0817497805701206	-0.9966464747851727
 0.050291752674203466	-0.02861249899027799	-0.9983246288229537
 0.05854237817805808	 0.011543409087494759	-0.9982181823949593
 0.029031260427089905	 0.03844325573630124	-0.9988389770160194
-0.038033511456495576	 0.05210481468273701	-0.9979171009122784
-0.05405449595601895	-0.028153728633724947	-0.9981410115965376
-0.0632295445675016	-0.06804897800179385	-0.99567633359777
-0.034624347755034146	-0.09473131455767689	-0.9949005641694616
 0.032289953744773434	-0.1084038770506342	-0.9935823862808516
 0.07927536620513549	-0.055463633986118026	-0.995308596174119
 0.09580519700846869	 0.02480669811687025	-0.9950909465745869
 0.036295925924550436	 0.07848697692917979	-0.9962541845401696
-0.031346540879008004	 0.0919679248343596	-0.9952684538236819
-0.07515356582776771	 0.038947905926220966	-0.9964110608415253
-0.08301118429768921	-0.001217894327259381	-0.9965478714115559
-0.10156087523629452	-0.0808408318378174	-0.9915392823932936
-0.04466641054421718	-0.1339505297728353	-0.9899808924129155
-0.01614870050167444	-0.16035118983664684	-0.9869279180315444
 0.022564724735175703	-0.14777601926684508	-0.9887634101883377
 0.0703268776282177	-0.09536089276230346	-0.9929554020270208
 0.11678208542255851	-0.04226354497436211	-0.9922578985780655
 0.12504452190315676	-0.0021263146852296814	-0.99214885290861
 0.10334379377592035	 0.06494209738126262	-0.992523341929913
 0.07339390829665499	 0.09170210583051239	-0.9930780724651973
 0.005775392594070417	 0.10509045192360933	-0.9944458968465183
-0.06266910075141434	 0.11830452760966303	-0.9909977913991855
-0.10529408144044188	 0.06582120674455001	-0.9922604119666899
-0.12043916971735653	-0.014370513156794718	-0.992616690746939
-0.12987723294563322	-0.05414840368606259	-0.9900504304027331
-0.1121806339486274	-0.11957303120044228	-0.9864673312261397
-0.08376301928932106	-0.14607857132614316	-0.985720451040177
-0.026736284104903384	-0.19874361176516667	-0.97968676008957
 0.05111693054046255	-0.1741114871919721	-0.983398316777043
 0.09900481195549807	-0.12198637898616649	-0.9875815766565817
 0.14559191241641434	-0.06911173458250423	-0.9869278409194507
 0.1620673149509501	 0.011096889453338026	-0.9867173072714647
 0.14025316148980665	 0.07816077786477328	-0.9870258069046057
 0.07996595914303431	 0.1314207075462484	-0.9880961709299244
 0.011745631068300151	 0.1444650257825321	-0.9894401934813746
-0.057435592229007376	 0.15719824442689703	-0.985895463370435
-0.09974992681183585	 0.10526290596389508	-0.9894289629524041
-0.14199891107769014	 0.052734480227145976	-0.9884611190370226
-0.1491608156052225	 0.012637990561548252	-0.9887321843060187
-0.16860995536618545	-0.06627170679628329	-0.9834524613979675
-0.15181253487302995	-0.13074282497499243	-0.9797240774692555
-0.09479752424717912	-0.18394242260187585	-0.9783550554701287
-0.06620373116483395	-0.21030551167809342	-0.9753915407351397
 0.0018089853693833958	-0.22485187371457352	-0.9743912779058416
 0.04089290825129199	-0.21274320756206114	-0.97625206667692
 0.08950518330163516	-0.16137053372809496	-0.9828267258303728
 0.13676627315536916	-0.1089562083495198	-0.9845930789870946
 0.18277684436275346	-0.055965923727573204	-0.9815602072955654
 0.1909768453970445	-0.015878607095273885	-0.9814661045389735
 0.16970710817759727	 0.05126368355335242	-0.9841603183336235
 0.14717604054955458	 0.11807420469141083	-0.9820375223353977
 0.11690522520371789	 0.14457664770879297	-0.9825633624644039
 0.04894800990526317	 0.15760124359188712	-0.9862889740560852
-0.02005665345677203	 0.17026376625016992	-0.9851943871918997
-0.08986754520057211	 0.1825574113917931	-0.9790794737229206
-0.1319673607427671	 0.13100297034584063	-0.9825593302488941
-0.1734426187080173	 0.07891210224791692	-0.9816774104228537
-0.18623620740846827	-4.2841689233878916E-4	-0.9825049066081433
-0.19652657530177398	-0.03943207041553149	-0.9797052704884776
-0.18016289170947583	-0.10388297750289581	-0.9781358082781821
-0.16311839368747658	-0.1679648483637865	-0.9722037848902604
-0.13452226171446627	-0.19470657690298823	-0.9715930784098585
-0.07716991235575775	-0.24758204518743343	-0.9657887634093765
-0.008982262181815064	-0.2624650612444733	-0.9648996893936862
 0.06936972011709605	-0.23869192990052854	-0.9686144767301577
 0.11797298113797072	-0.18766354817363973	-0.9751229504058964
 0.16525726814794356	-0.13557120463851455	-0.9768881634031301
 0.21128851130930668	-0.08280647153998912	-0.973909776755421
 0.22760175918229025	-0.002728236159459154	-0.9737504793039051
 0.2352302697421919	 0.03740210638126663	-0.9712197499203052
 0.20626760206815817	 0.06441249564991922	-0.9763732415122821
 0.1837597925305629	 0.1311712962480371	-0.9741798754284212
 0.12302301169297064	 0.18385451916986376	-0.9752245148553279
 0.0546390351271208	 0.19649872914750782	-0.9789805030151478
-0.014811092854429945	 0.20869191104097393	-0.9778692743892324
-0.08499220810686163	 0.220539304193291	-0.9716680193703295
-0.1272910876465059	 0.16939548682099104	-0.9772932763763645
-0.16907175463621885	 0.11761514799089075	-0.9785608916911156
-0.21012304109268898	 0.06528983440650929	-0.9754924628745888
-0.2149585198024272	 0.026410563903500592	-0.9762660072329923
-0.2363561227911752	-0.04907462371669438	-0.9704264343710903
-0.21992129277457514	-0.11368214704719971	-0.9688709895683216
-0.20286221309052668	-0.17769638527175724	-0.9629490729843221
-0.14554460779829492	-0.23154216495554417	-0.9618757679599482
-0.11677894498418771	-0.2580912896611206	-0.9590367898101927
-0.048474518203687374	-0.273689036008842	-0.9605959257947493
 0.01960141650155478	-0.2882043058156098	-0.9573683003841704
 0.05883969648114976	-0.2764836263069315	-0.9592156663139814
 0.10803791454738293	-0.2263409419302187	-0.9680380090814584
 0.15595548418769653	-0.17491443776281992	-0.9721537051381832
 0.2025866976384524	-0.12259284631579287	-0.9715604067540724
 0.24800145859316328	-0.06970160998778668	-0.9662489131175126
 0.25611666575455483	-0.029701043010724498	-0.966189474982441
 0.27131087757098943	 0.05042865270782493	-0.9611697866130277
 0.21335761237132211	 0.10440872447287046	-0.9713790956661345
 0.19019496891495472	 0.17069436753120584	-0.9667933112576654
 0.15978382652400785	 0.1968923492459887	-0.9673171825155086
 0.09183016124456023	 0.20961922263454494	-0.9734613515635263
 0.022707552551274574	 0.2218015986451129	-0.9748273785115001
-0.047328845861647297	 0.23358471783284798	-0.971183896048711
-0.1177945514454723	 0.2449975295663101	-0.9623412358182335
-0.16004350659979355	 0.19392204182418188	-0.9678741228537843
-0.20185874178341254	 0.14180868132783114	-0.9690940853527481
-0.24332210364349788	 0.08815367500134103	-0.9659313036972459
-0.2526622671201161	 0.014965876719427049	-0.9674387842689285
-0.26409639263085266	-0.019874114364727056	-0.9642915093360453
-0.24796123404768347	-0.085751231081954	-0.9649673324923902
-0.23129260324639003	-0.1502680685813731	-0.961209258823661
-0.21382174549114757	-0.21406948986897065	-0.9531288027661097
-0.18510769340250408	-0.24117109876269793	-0.9526655462253255
-0.12741852133458184	-0.29452772837213503	-0.9471103091197238
-0.05921530572736516	-0.3104218601512579	-0.9487527688011496
 0.00883817776784397	-0.3250970077931877	-0.9456393721380579
 0.08728154811879209	-0.3019694699840776	-0.9493136312913253
 0.13635649040283723	-0.2522320913964537	-0.9580114193446715
 0.18416948847606987	-0.2012251409843461	-0.9620759024891398
 0.23070366825988142	-0.1492108670792638	-0.9615154364839334
 0.276043578562732	-0.0964833178438594	-0.9562901819594938
 0.29223699989540586	-0.016611830491958378	-0.9562016434726722
 0.29978517608167643	 0.023369762393738523	-0.9537204529668737
 0.2784353313673534	 0.09039718421886636	-0.9561914637412597
 0.24947465105652789	 0.11737171619469965	-0.9612420500153616
 0.22644970216347918	 0.18357667120587445	-0.9565668498223435
 0.1656187660257795	 0.2356531883031998	-0.9576210102032195
 0.09739711144993007	 0.24802234520553754	-0.9638457962557886
 0.06550666907244157	 0.272869474338975	-0.9598182777385545
 0.027994312748446434	 0.25975754080049973	-0.9652680137925523
-0.04230482996636943	 0.27108134135326495	-0.9616263347743923
-0.11295619542534334	 0.2821791589049602	-0.952688732060331
-0.15537070260095628	 0.2315799205184865	-0.9603284256888039
-0.19740412673753657	 0.17975858487550275	-0.9637004004930928
-0.2390739781709937	 0.12609062088417702	-0.9627797195031363
-0.2799082919768557	 0.06404481629344123	-0.9578880986777834
-0.2996594150310021	-0.021660033290278817	-0.9538003344207537
-0.2868786507807997	-0.09275527207295538	-0.9534658353757938
-0.27054698815222183	-0.15849502269728474	-0.9495702475235567
-0.2813939427986328	-0.19455097383237893	-0.9396634331169395
-0.2530878445607635	-0.2226046019804656	-0.9414848560187813
-0.19561400393816958	-0.2772162006694066	-0.9406839743238412
-0.16667588474908338	-0.3040354816149336	-0.9379667240165217
-0.09853141352907846	-0.3207896660752095	-0.9420114387242426
-0.03046989107337144	-0.3361453614701475	-0.9413170994410336
 0.03741472292637565	-0.35033525993344317	-0.9358767782970734
 0.07661629662725714	-0.3388777225091454	-0.9377056213322702
 0.12611433541363398	-0.290048429119263	-0.9486659491984655
 0.17449266486951898	-0.2398883462793309	-0.9549899953539311
 0.22157349137463067	-0.18853716049399455	-0.9567439192557841
 0.267427070197709	-0.13623565066142446	-0.9538986369705788
 0.31215478098638944	-0.08333164691431622	-0.9463694993658064
 0.32028120985827574	-0.04344911338315035	-0.9463255894024727
 0.335310352814569	 0.036227009877533176	-0.9414109469571206
 0.31397604596170164	 0.10314970204135723	-0.9438109882444868
 0.25609210250676956	 0.15700695302676948	-0.953816361641439
 0.23250497876148424	 0.22257615724383648	-0.9467847110498188
 0.2021156050378397	 0.24847483301461182	-0.9473170216767716
 0.13444991328384331	 0.2610391844968119	-0.9559193297424247
 0.07080947130893601	 0.3103077534137106	-0.9479953148324548
-0.004501144400462968	 0.284125542916454	-0.9587765201346541
-0.075159791041093	 0.29515616788840676	-0.952488237390935
-0.14577027443728027	 0.3057636536412453	-0.9408823599167095
-0.18809007078941048	 0.25491081467213444	-0.9484949139735138
-0.23003717431220536	 0.20210948883858043	-0.9519635775363803
-0.27128484445260603	 0.14561388952870563	-0.9514205843614313
-0.31320207083696894	 0.04793227981507054	-0.9484761248313868
-0.32286649325398126	 0.00765197698112515	-0.9464135854805537
-0.31239530156947914	-0.06033513877995665	-0.9480342011687752
-0.29809323514550823	-0.12926110849027403	-0.9457441456294352
-0.3197745550527174	-0.2015571263145032	-0.9258071930875652
-0.263458788265584	-0.2582788853477052	-0.9294522495906807
-0.23468323116980166	-0.2857490278450602	-0.9291239282750738
-0.17664050177530213	-0.3396718640936952	-0.9238079659083287
-0.10867093805978618	-0.35677959447322793	-0.9278464033387883
-0.04082142338351471	-0.372348570264258	-0.9271947765249257
 0.026829008557500946	-0.38653206803312656	-0.9218856570539842
 0.10499670413181947	-0.3638078112120731	-0.9255374485251994
 0.15430491778180283	-0.31550174745896403	-0.9362951669739042
 0.2024527118500806	-0.2658664862204465	-0.9425114911603686
 0.24930779591024532	-0.21488821905607577	-0.9442820956733659
 0.2949635429105162	-0.16278495002130064	-0.9415399983007833
 0.3395458337077199	-0.10993248006282216	-0.9341431778046482
 0.3558777966674389	-0.030349104839925232	-0.9340395739338587
 0.3633717124604334	 0.009280687408277843	-0.9315980181520365
 0.3423334096633677	 0.07600941451561757	-0.9364990152334631
 0.3206463442794031	 0.14277765546355597	-0.9363762400875968
 0.2917565785437185	 0.16966565144357698	-0.9413244210136533
 0.26837412345737877	 0.2351344752681194	-0.9341772360740065
 0.20770524273849422	 0.28663865640856434	-0.9352522722726935
 0.1399038350458504	 0.2988897316648088	-0.9439766126577513
 0.10816291269259673	 0.32332780525606397	-0.9400850571443793
 0.03844174620655941	 0.33416134793148333	-0.9417316102251239
 6.349946627132905E-4	 0.32109163285222125	-0.9470479185838871
-0.07018582711660867	 0.33173000883383996	-0.9407598795181786
-0.14085435348480285	 0.34220269255733565	-0.929008809598105
-0.18328547679663879	 0.2919943812344272	-0.9386936216481675
-0.2253324612657124	 0.23983673711007458	-0.944300599085021
-0.266766678823605	 0.18473098203843197	-0.9458911160088884
-0.30651862245820183	 0.12806854748129995	-0.9432098288463477
-0.3099021396050951	 0.08824693478685877	-0.9466642183841681
-0.36162181650967773	 7.848738834649844E-4	-0.9323245388796909
-0.34941943319622876	-0.06753682406890352	-0.934529206124406
-0.3357041154198394	-0.1352216678341438	-0.9322112675988935
-0.3467440277549169	-0.17179395162423758	-0.9220929548595558
-0.3301180520690216	-0.23718318335902103	-0.9136554105513938
-0.3020374996813006	-0.26569655896272754	-0.915520992299813
-0.24449329984293303	-0.32098574114655437	-0.9149815191098184
-0.21537231573614357	-0.3480756743625298	-0.9123914130084309
-0.1475043263781771	-0.36616609644169373	-0.9187844488868827
-0.07966602779058331	-0.3826558071078688	-0.9204498124844698
-0.012049318342607147	-0.39757263638702384	-0.9174915872768262
 0.05533221505630141	-0.4111347400081817	-0.9098937144168918
 0.09428933456964383	-0.3998030585258245	-0.9117384689590596
 0.14385159005666218	-0.3523501922506898	-0.9247464852915485
 0.19248565530414224	-0.3037036710956561	-0.9331202241218205
 0.2398444040404937	-0.25359490769565746	-0.937104201591953
 0.285957695660336	-0.2021391112180912	-0.9366792279156141
 0.33094549846919186	-0.14965741175871267	-0.9317068939042265
 0.3749658153092915	-0.09660361784933796	-0.921991528360135
 0.3832131099719121	-0.056884372293946134	-0.9219066550005911
 0.39839524689344563	 0.02193005604403077	-0.9169516344358717
 0.4050760334825439	 0.06120688568762485	-0.912231946514959
 0.37719248340751677	 0.08845486123444744	-0.9219010619284833
 0.35561150863868846	 0.1551485000596321	-0.9216666413909981
 0.29795597845551436	 0.20878150525140743	-0.9314679371656192
 0.243808544131974	 0.2991210091834321	-0.9225421484535722
 0.1766710631159212	 0.31168973104238046	-0.9336149350884544
 0.11340726550869976	 0.36019207248071317	-0.9259592124126678
 0.04364154638347143	 0.370561333303074	-0.9277821477533976
-0.032202233955480636	 0.34455944547447803	-0.9382120254306043
-0.10310094165435278	 0.35513127455687615	-0.9291135418567498
-0.1734079057737466	 0.36489030480374796	-0.9147594020699604
-0.21565905675006744	 0.3142453591716553	-0.9245220524577815
-0.25737030403836275	 0.2612410436834206	-0.9303298574669083
-0.2981507613742452	 0.20619179943392055	-0.9319823310225146
-0.3377420583507756	 0.14925417498638058	-0.9293295934543978
-0.34483884395885683	 0.0715710858568832	-0.9359293516961554
-0.3822621539985269	 0.04135305355599212	-0.923128144182595
-0.3738803518095339	-0.03654522629457443	-0.926756671929508
-0.36139423867973486	-0.10475381584698744	-0.9265100335746992
-0.3838548716750649	-0.17801184823359306	-0.9060724139823373
-0.3944475742013982	-0.2138962545258735	-0.893677516504939
-0.3676547364032626	-0.24341475273106758	-0.897540669247428
-0.3117495550721307	-0.3006637693495879	-0.9013398430740907
-0.28294633235179156	-0.3284020481442145	-0.901162287151074
-0.22454552862661256	-0.38280511849126186	-0.8961247384324831
-0.1568415312333972	-0.40128593232381826	-0.9024246974675325
-0.08916591808456129	-0.4181065831873516	-0.9040112411621525
-0.021757682236654783	-0.4332481649172818	-0.901012003726641
 0.04521165013791592	-0.446730893264727	-0.8935252742338664
 0.11184500226044747	-0.4592626745868818	-0.8812312359424537
 0.12248665634867953	-0.4241383386330929	-0.8972757038492016
 0.17179760259701327	-0.3774431329885333	-0.9099572875150345
 0.22010355905361545	-0.32938074446498683	-0.9181844849852469
 0.26718530399519724	-0.2796007256967939	-0.9221905700660902
 0.31304136635059515	-0.22834721761333818	-0.9218799548539927
 0.35774832992639555	-0.17597157392061197	-0.9170878570817399
 0.4015221635358463	-0.12287287872131741	-0.907569395618996
 0.4182392680827877	-0.043648284344119284	-0.9072875739848909
 0.4262447363953997	-0.004457565144124062	-0.9045969018342934
 0.43913313423294364	 0.07317489378356774	-0.8954370582785343
 0.3837451664609119	 0.12797065568398258	-0.9145289270994651
 0.33312719110926114	 0.22102428524407597	-0.9166103533541389
 0.30386277726247224	 0.2474424915702114	-0.9200215355956963
 0.2795093299271155	 0.311309157335864	-0.908273715926278
 0.18192378357361605	 0.34892375086478483	-0.919323638906729
 0.15040065082008086	 0.37301449677294324	-0.9155543836551296
 0.08126541606094732	 0.38358812693732747	-0.9199217798406307
 0.010953366199149423	 0.39338123785174517	-0.919310190020287
-0.027099375143513495	 0.3804712962997787	-0.9243955952722824
-0.09806955588151713	 0.3908218581238651	-0.9152270960924462
-0.16830365185659793	 0.4006052356704492	-0.9006604942624925
-0.21068421506711416	 0.3508019272644181	-0.9124418717645109
-0.2525262235757538	 0.2987455730355045	-0.9203160266985774
-0.29358323468355985	 0.24456619426356777	-0.9241191811320513
-0.3335876399867117	 0.18835215623116627	-0.9237114006502065
-0.3720542599907115	 0.12827869153202082	-0.919304196075269
-0.37551903203830433	 0.08628310127736882	-0.9227896201252885
-0.4161150722072188	 0.02777783084726249	-0.9088875831451335
-0.4093217760218797	-0.04099534210374755	-0.9114686311662575
-0.39797333496409804	-0.11092321097881355	-0.9106663856340058
-0.4093982335249979	-0.14762366856829637	-0.9003334598164444
-0.43084280591892427	-0.21952741274149212	-0.8753183373167358
-0.3774335578764466	-0.27847551042676877	-0.8831734254840765
-0.3495427587179926	-0.30711519350720984	-0.8851554201070253
-0.2919823202872581	-0.3627580401543752	-0.884959280951969
-0.2626798443525801	-0.39003459797382	-0.8825374279622961
-0.1951436195866368	-0.4095202270503876	-0.8911858119220847
-0.12750141044763103	-0.4273510536279683	-0.8950499803345789
-0.05999262778276564	-0.44348518021954475	-0.8942716475083825
 0.007130229835964158	-0.45789525817500376	-0.888977554476677
 0.07366763440716907	-0.4706387471272967	-0.8792452725737571
 0.13946842572147447	-0.4833865875084018	-0.8642256448658279
 0.16112149176213164	-0.4133100562917798	-0.8962224401678588
 0.20981322119756568	-0.36635855143397783	-0.9065096932752008
 0.2573738880451748	-0.31757048730942045	-0.9126377525297577
 0.30372463225782576	-0.26710016833189093	-0.9145539064685713
 0.34886152615590016	-0.21531042453304464	-0.9121058363236014
 0.3928916173186323	-0.16254938890296072	-0.90510434382342
 0.4361483218081186	-0.10923869509220607	-0.8932197651633745
 0.44467961229014746	-0.06965486936557248	-0.8929771786485641
 0.46131104095776254	 0.00818110551667438	-0.8872007625126291
 0.46715518942229567	 0.045938402793808286	-0.88298113917828
 0.41783171191407864	 0.14004025448890953	-0.8976666350275208
 0.39009324076853774	 0.1672834839702667	-0.9054520967436485
 0.367889574471061	 0.23296121376750167	-0.9002146043446942
 0.3094856821980595	 0.2855714957797393	-0.907010216763033
 0.24906455805596744	 0.3365969099338712	-0.9081130800419929
 0.21819649650229445	 0.3613854179580547	-0.9065268162616076
 0.15538787392693404	 0.40928732099894344	-0.899076469220486
 0.08641466240196824	 0.419406544133554	-0.9036761902694478
 0.054027878647644835	 0.4416675107815426	-0.8955505559424726
 0.016162512945638953	 0.4286524082924528	-0.9033249061330937
-0.06007948783790068	 0.4032099899666875	-0.9131331552036644
-0.13074176314973218	 0.41356008011438106	-0.9010408711619502
-0.20031990381621503	 0.42238763038843113	-0.8840026164157596
-0.2425172902657743	 0.37221390312552843	-0.8959029937678555
-0.2839970378368552	 0.31987588542010226	-0.903894407785886
-0.3246095618050805	 0.26540857526498085	-0.9078474103947903
-0.3641008239666564	 0.20846657473671074	-0.9077291871501904
-0.4014972466395314	 0.14989115265826056	-0.9035112635134404
-0.43767175588525215	 0.09167498414808005	-0.8944490658398442
-0.440418835116676	 0.05522291380189968	-0.896092450289421
-0.43139785490295984	-0.00961941898497452	-0.9021105018585676
-0.4218005840367397	-0.07924495958503369	-0.9032189677407311
-0.4452999889182122	-0.15314498626219644	-0.8821873571142312
-0.45619990354965273	-0.18919965605342237	-0.8695315624809453
-0.4407798157012603	-0.25472215298089035	-0.8607146907373796
-0.4141517331833595	-0.28415056315937515	-0.8647177570499113
-0.35853473370801475	-0.3413450237139705	-0.8688707726184787
-0.3297386477317598	-0.3691500768200595	-0.8689077309909117
-0.2709894817409198	-0.42376193910427984	-0.8642861330325556
-0.20362566493310635	-0.44364096922364654	-0.8727653057992474
-0.13614318456010902	-0.46180061108131654	-0.8764731763737866
-0.06870799154365032	-0.47820569411630026	-0.8755561238508844
-0.0015303314596116625	-0.4928740192970642	-0.8700993386893137
 0.06505477200079447	-0.5057850954256636	-0.8602030654939431
 0.12992694759372733	-0.5183857774793483	-0.8452190094857713
 0.17699424926066665	-0.4736937119061855	-0.862720872025937
 0.1883153900695719	-0.43842969933976333	-0.8788155168178301
 0.23676573872678974	-0.391782338854235	-0.8890717540935957
 0.2841456583577192	-0.3431237796784452	-0.8952805798494885
 0.33031221309049924	-0.2927810114198457	-0.8973143937523954
 0.3752449011405421	-0.24109512889093915	-0.8950220125745996
 0.41894176016019025	-0.18842953535796744	-0.888246650316601
 0.4616581150448871	-0.13513670227184105	-0.8767039731359121
 0.4790418812919588	-0.05594517533333053	-0.876007427665533
 0.48772814926473734	-0.0170962558932594	-0.8728281448539721
 0.47229453914442454	 0.08491658273769424	-0.8773408928520932
 0.4513283920913635	 0.15196657258616852	-0.8793229459695895
 0.39626820469671953	 0.2061965479790862	-0.894681224541986
 0.3736909723669213	 0.2709935331847053	-0.8870837402091952
 0.3445056741244202	 0.2972303506681884	-0.8904886069668407
 0.28460671847726937	 0.34855137380126566	-0.8930346889224691
 0.2229842904665691	 0.3979666487161518	-0.8898879439090945
 0.19166114008762827	 0.4218342806999693	-0.8861838674940151
 0.12354451768669418	 0.43232040331374405	-0.8932165588636408
 0.059181588888135135	 0.47638856264565543	-0.8772408317657598
-0.016706888305129758	 0.4504661848004318	-0.8926371582196783
-0.05491051992889171	 0.4380325908042834	-0.8972804935996469
-0.12547183547710497	 0.44840990743312015	-0.884977611817286
-0.19478078297599818	 0.4573605039147264	-0.8676876258436124
-0.23727957378922485	 0.4081283255185691	-0.8815495866778074
-0.2789983797121302	 0.3567457946782186	-0.8915673514084129
-0.31987238049574795	 0.3032179577061771	-0.8976305087955058
-0.3596915571808358	 0.24741525637368775	-0.8996708701555075
-0.39803527649989456	 0.18965608438890527	-0.8975513847774517
-0.4343683476746107	 0.13093191674002735	-0.8911683183985006
-0.47229555586591804	 0.061824562533810204	-0.8792693736147112
-0.4665089549338282	-0.01675840966355152	-0.8843577051578712
-0.45722887189773276	-0.08533545210027238	-0.8852455135825141
-0.46924394578664413	-0.1221482160650165	-0.874579860650081
-0.49134442824181473	-0.19424935469217253	-0.8490275855573828
-0.4762545885245452	-0.25973451990834284	-0.840071155365603
-0.42320172884970103	-0.31849176370870064	-0.8482118209199548
-0.395457138696407	-0.34702952106605084	-0.8504023535731295
-0.3379460899004639	-0.40258152127259395	-0.8507176729390497
-0.3084651152925233	-0.4298347526552377	-0.8485819689678665
-0.24132243144468302	-0.45065321317361307	-0.8594621373498222
-0.17397533573383844	-0.46986485523608207	-0.8654245203195217
-0.10655691895195449	-0.48726423596584334	-0.8667290161129313
-0.03916108340256699	-0.5028947395145078	-0.8634600688598013
 0.02808415385907549	-0.5167831550657119	-0.8556555679374431
 0.09498960986240403	-0.5291340260661445	-0.8432046942926856
 0.17821930357168464	-0.536738976292188	-0.8247115563415113
 0.20095387725942143	-0.499729842061637	-0.8425482918904157
 0.22581997684336744	-0.4280409004325346	-0.8750921812102803
 0.27379734754744817	-0.38031442635487245	-0.8834002205016401
 0.3205333889165216	-0.3308121949581954	-0.8875931715919354
 0.36600217483990694	-0.27980169799178783	-0.8875547407418716
 0.41023029926306975	-0.22760243401781494	-0.8831241326086037
 0.45319120307804145	-0.17464713075914604	-0.8741373537209559
 0.4952033614109322	-0.12127348214719998	-0.8602711045799495
 0.5040076668011468	-0.08144130609421948	-0.8598509088599792
 0.5228465750711907	-0.003934737203673904	-0.8524177243461469
 0.500049290277362	 0.05719385739106004	-0.8641062260913516
 0.4780415252702615	 0.12453774513369657	-0.869463426576585
 0.4577595730469877	 0.19066134564307205	-0.8683918611787034
 0.4303482446874054	 0.21765804637923952	-0.8760281748556047
 0.43652195274162636	 0.2552345755223685	-0.862730488757963
 0.37917836404503946	 0.3083031657541698	-0.8724522486795967
 0.3496821092217996	 0.33435664084983724	-0.8751731595574711
 0.2892583033927009	 0.3852186456359136	-0.876319707054913
 0.258434581178102	 0.40991761222144235	-0.8747451734316518
 0.19585413653141043	 0.4575975288855697	-0.867320966402494
 0.12826594348985854	 0.4676581846777283	-0.8745534117734537
 0.09629016364913452	 0.48952581605198126	-0.8666560331544831
 0.026713336221783287	 0.4974135084503942	-0.8671021850272158
-0.01136959529551632	 0.4844997963942018	-0.8747174855899437
-0.08767347477628062	 0.46045425823274067	-0.8833432163638262
-0.15749214561460834	 0.4704036342789953	-0.8682837352656217
-0.22583328595651916	 0.47824274994514815	-0.8486949976752447
-0.26839554741478416	 0.42876266501470495	-0.8626276179310552
-0.3099014350680841	 0.3771816726235089	-0.8727514459338777
-0.3503613090943614	 0.3234541876263546	-0.8789905241791066
-0.38966886434642417	 0.26764218289819386	-0.881207034749756
-0.42746457421834855	 0.20992714574692287	-0.8793205509180804
-0.4638024774569207	 0.1488758091072169	-0.8733402861241969
-0.4954780489482137	 0.08898582075941808	-0.8640503612141159
-0.4861266426621301	 0.017029038557078414	-0.8737224382719418
-0.4797098748294839	-0.053949554512846956	-0.8757670247040283
-0.5040577615174742	-0.1272677827790404	-0.8542415844013332
-0.515218764148435	-0.1632972302657186	-0.8413582112613534
-0.5014557476463306	-0.22955301693642072	-0.8341747691987855
-0.48538077792845524	-0.2942070672778896	-0.8233150684770144
-0.45894789038857386	-0.3235287511938093	-0.8274635829200292
-0.4036436129952635	-0.3804749440601075	-0.8320520720667597
-0.37490836687339474	-0.40815068981115354	-0.832380160056091
-0.31584792249003335	-0.4624666030943567	-0.8284713217010573
-0.24886731372795182	-0.48369930974322356	-0.8391066904224767
-0.18174488793049517	-0.5032439975010666	-0.8448161188627253
-0.11449224204017781	-0.5208079930891698	-0.8459613234936006
-0.04687972404984117	-0.5364433693918235	-0.8426332552828415
 0.021790527324018552	-0.5501133885728128	-0.8348056256589786
 0.09622594914928449	-0.5598227470081808	-0.8230061109387549
 0.16464903183654414	-0.568571268642807	-0.8059884669083038
 0.2375480967073714	-0.48932635692687854	-0.8391249121360743
 0.25111916590588257	-0.45322394209098377	-0.85529364713544
 0.2995978332826685	-0.4052449843150186	-0.8637231275008507
 0.34646630689375013	-0.35578131730728596	-0.8679750874549903
 0.39174122857729815	-0.3049119572451645	-0.8680826620556777
 0.43581379821717375	-0.2527040109201322	-0.8638327477865136
 0.47871983336068064	-0.19974528127590854	-0.8549439418787237
 0.5199724161903548	-0.14700653057339913	-0.8414379159331582
 0.5371429530028596	-0.06763751231163422	-0.8407750085294289
 0.5474298810526468	-0.029268018449470426	-0.83633958917818
 0.5307173887609066	 0.06851191563453496	-0.8447752190274591
 0.5106200588897591	 0.13610782437908364	-0.8489651439265403
 0.5178930866106736	 0.17376986362050612	-0.837610163105833
 0.46429718264521946	 0.22831714598671954	-0.8557449427464886
 0.4422613885455894	 0.29204488715343513	-0.8480062783312778
 0.4134853756444722	 0.3186510855928581	-0.8529310228726839
 0.35431958884274234	 0.3708450118179264	-0.8584472063977332
 0.32401987605449006	 0.3963272784467656	-0.8590319017828226
 0.26224822470169495	 0.4457992396235456	-0.8558556575684231
 0.23089078422831233	 0.46969082948004043	-0.8521032627920085
 0.16421710043388388	 0.48047989555265963	-0.8614939430401081
 0.1005156755476589	 0.5240733209314543	-0.8457208483046135
 0.06852589548654407	 0.5446815177124252	-0.8358386482511182
 0.03193635016509436	 0.5310166596001644	-0.846759338162394
-0.044171561540973424	 0.5056641042577187	-0.8615989129614028
-0.08219983369823469	 0.49435721102044594	-0.8653635855824239
-0.15152703569310036	 0.504480957691278	-0.8500226589808961
-0.21917963651541886	 0.5124692347971546	-0.8302623502986196
-0.2625465015551572	 0.46388436364444063	-0.8460972944569322
-0.30457981389122796	 0.41326483603283193	-0.8581627539509866
-0.3454299473910194	 0.36055538605773507	-0.8664167386599795
-0.3850869626930514	 0.30576874273389903	-0.8707545619350905
-0.42350009704111335	 0.2489099010200547	-0.8710290058203309
-0.46007216943111806	 0.18966484237819675	-0.867387368181367
-0.4950119223896217	 0.1289661754789239	-0.859261847328549
-0.5263798345302694	 0.07401635429806282	-0.8470217524339679
-0.520555844019298	 0.01027012241953202	-0.8537658565689099
-0.5139706529441703	-0.058704904209360274	-0.8557966476528832
-0.5264024080816684	-0.09548689869337539	-0.8448566487539422
-0.548998244075921	-0.1676456663304205	-0.8188381149911041
-0.5355744269197588	-0.23394957626561033	-0.8114355359452242
-0.5197718222895277	-0.2985946865967711	-0.8004239288589514
-0.4671300783845552	-0.35710048576320086	-0.8088687983450255
-0.4395646248095666	-0.38549739808008826	-0.8112796661383219
-0.3822299412202641	-0.44065767075835266	-0.8122321646158669
-0.3526325390890981	-0.46760839147016525	-0.8105508525701891
-0.28588360790521355	-0.4894251112851356	-0.8238529135559519
-0.2189331672739948	-0.5100960904239925	-0.8317873807659835
-0.15189466846309155	-0.528764653659281	-0.8350664349218381
-0.0845752618754709	-0.5453137410038625	-0.8339544045995967
-0.016212621766108656	-0.5597373506618295	-0.8285114659252131
 0.05560547582447715	-0.571065560697821	-0.8190190208067312
 0.12516854056561255	-0.579593050377927	-0.8052358240952053
 0.20426086127785326	-0.5577865052283021	-0.8044574041770185
 0.2439613637367349	-0.5464567167186005	-0.8011665930109916
 0.25847124097849006	-0.513408090141796	-0.8182938045494373
 0.2879049634482628	-0.44173447112070185	-0.8496948799690208
 0.33592907472282674	-0.3929398216968246	-0.8560081502420016
 0.38206699700986857	-0.3428201524065347	-0.8581952883230143
 0.4265030963864939	-0.29135994367931906	-0.8562736081369771
 0.46996560013144634	-0.23857570757842173	-0.8498317283124611
 0.5123473479628388	-0.18555565971742774	-0.8384922731798286
 0.5521847064931702	-0.1334680180441572	-0.8229692206118138
 0.5601210750333061	-0.09412750830674244	-0.8230458027859068
 0.5579895535950357	 0.007964037266323217	-0.8298097566245131
 0.5691673036394964	 0.04358471828175735	-0.821065742069443
 0.535997822628105	 0.10826516904394083	-0.8372484621125427
 0.543607825932912	 0.14586035162001276	-0.8265683815691107
 0.5248915532861128	 0.2105123491620164	-0.8247262625496906
 0.4980038566254465	 0.23799492065036404	-0.8338768353484876
 0.4759487231160002	 0.30134606600322844	-0.826234447035844
 0.4181821580223275	 0.35474909538337884	-0.836227697482249
 0.3884768416381605	 0.3809375960133795	-0.8390305664601183
 0.3276606027846787	 0.43204780998330533	-0.840222124959472
 0.2966556746353602	 0.4568667034699592	-0.8386108906800172
 0.23372843634627116	 0.504789825345614	-0.8309983455282398
 0.1675046067360844	 0.5155482879964066	-0.8403286080255532
 0.13555164879427747	 0.5374170653693428	-0.8323512770212805
 0.07109502827339761	 0.5787915063399559	-0.8123705368509678
-4.2356695803127736E-4	 0.5507401327933298	-0.8346766599838633
-0.03851154057301191	 0.5384456004727206	-0.8417797791431347
-0.11405937792013114	 0.5164045445740718	-0.8487147958246741
-0.1820756029679977	 0.5257014679318004	-0.8309551380298399
-0.24848459211691007	 0.5324082721379148	-0.8091951799409172
-0.29253880896527185	 0.48358125575082295	-0.8249667958988637
-0.3347245097320693	 0.43282437863575446	-0.8370319945158603
-0.3753518176906815	 0.3800859535976655	-0.845367186986847
-0.4145824494989652	 0.3252977782955466	-0.8498839614932261
-0.4523504394273984	 0.2683235463129758	-0.850518403354018
-0.48871586370072595	 0.20926573091532644	-0.8469738239353845
-0.5223214926816573	 0.1503008552632988	-0.8393985413317839
-0.5524359605322486	 0.12851929163282344	-0.8235880652298267
-0.5410586289735433	 0.04041071349336712	-0.8400134131359016
-0.534660201388479	-0.02675789475176876	-0.844643406485651
-0.5598606065486148	-0.09993252558382555	-0.8225385046096354
-0.5712521216825237	-0.1359779182216063	-0.8094325291396024
-0.5592446687381977	-0.20302239408737185	-0.8037582397630121
-0.5447616385452246	-0.26851730477424723	-0.7944389304448116
-0.5279405575964816	-0.3322887099735018	-0.7815772392213468
-0.5017262823582576	-0.3614791160871859	-0.7858775898470378
-0.4468146657653323	-0.4181237250567912	-0.7909040428532703
-0.4182152655178923	-0.4455824800473764	-0.7915505322862388
-0.3590531527926854	-0.4991260681748374	-0.7886406035311397
-0.32875720650050416	-0.5256950059602822	-0.7845785237198404
-0.2924192525725526	-0.5212872449112501	-0.8017172749902226
-0.22574850431810242	-0.5423725477204097	-0.8092401573559063
-0.15908294396396538	-0.5612402054924462	-0.8122204434010232
-0.09209886352829941	-0.5776032260918541	-0.811105611215382
-0.023860722486864768	-0.5911426907764223	-0.8062139821809196
 0.04536643489446426	-0.6018601577165709	-0.7973118819748962
 0.11401231915077417	-0.6110480864714107	-0.7833399179803681
 0.1907357488274029	-0.589971950841863	-0.7845718395017094
 0.2688099016267936	-0.5672663754188121	-0.7784279646226726
 0.2972136533903093	-0.5010275774487324	-0.8127948147436963
 0.31169923639236335	-0.46570340626007256	-0.8282293905858349
 0.3607536227545298	-0.41689439360361635	-0.8342996393690673
 0.407240667022629	-0.366907769615191	-0.8363813291310191
 0.4515761123743478	-0.3156457825230538	-0.8345338547406447
 0.49417001073008165	-0.26305586622938343	-0.8286118583132516
 0.5373569639382674	-0.2089440283736679	-0.8170617395974625
 0.5790592540362414	-0.1567097404155849	-0.8000827692019569
 0.5930021903951945	-0.0846424324869203	-0.8007396960368575
 0.6034741149541967	-0.048250197155750865	-0.795921422663494
 0.5924462537562589	 0.017028544427415086	-0.8054299876990291
 0.5895167427097957	 0.08366008906011986	-0.803412098218147
 0.5760965904539385	 0.1532253341450622	-0.8028914717715472
 0.5577614989872577	 0.21860984608786174	-0.8006946018557445
 0.5039207827806484	 0.2741811829997265	-0.8190778495177421
 0.4806959069169345	 0.3369520544280011	-0.8095645484395024
 0.4516977578745054	 0.3637651122911558	-0.8146435285515669
 0.3920514167605189	 0.4163261997571835	-0.8203463792885367
 0.3615072762383197	 0.4419821032708608	-0.8209532931994471
 0.2992527899045532	 0.4917860114378893	-0.8176761502504236
 0.267653173117426	 0.5158339800951	-0.8138040820120166
 0.2019017303469839	 0.5277991893779954	-0.8250234584391071
 0.13760076076657585	 0.5716568758383729	-0.8088723304348906
 0.10501413092531056	 0.5923862881675936	-0.7987806444181171
 0.03834858139719721	 0.5982103279876885	-0.8004210078413015
 0.004291215085246626	 0.5834442712810562	-0.8121418396945262
-0.07010830459367817	 0.5605099575548641	-0.8251747773101432
-0.10747685892848236	 0.5496545352204477	-0.8284495257446048
-0.17400279825397538	 0.5591792327234038	-0.8105810335127832
-0.23957802411990312	 0.5657386311948498	-0.7890134165732423
-0.2853004637426312	 0.5178252418426056	-0.8065114160995409
-0.3286252259021991	 0.46798482716743534	-0.8203631284021694
-0.3700393078648543	 0.416229783966384	-0.8305562458823587
-0.40980557545209956	 0.3624974418650569	-0.8370513693732683
-0.44809034652403473	 0.3066304816686482	-0.8397575775565372
-0.484701276000325	 0.24873616618196456	-0.83856722609267
-0.5203647732342224	 0.18890920097961558	-0.8327867773698979
-0.576941550995283	 0.10587633879627162	-0.8098942200178085
-0.5727368647153013	 0.04003767740354129	-0.8187609346959689
-0.5681949277791286	-0.03142053234939812	-0.8222939098600641
-0.5807044814994896	-0.06774626753286407	-0.811290791517921
-0.6035515433926687	-0.13971257117473854	-0.7849878546347524
-0.5918574359597443	-0.20677092986895448	-0.779070316505696
-0.5776689030670672	-0.27224407322611566	-0.7695334970113679
-0.5610648524053237	-0.33599533572985324	-0.7565139560927978
-0.508869011500333	-0.39425592928442027	-0.7652545925107229
-0.4815137739918367	-0.4225086200984578	-0.7678743070311934
-0.4245169422399735	-0.4772217033386401	-0.7694444824766696
-0.3949730484341666	-0.5037556747654338	-0.7682620068389714
-0.3342476568960059	-0.5562120723009747	-0.7608591423425137
-0.2621926498425945	-0.5478731970330395	-0.7944117158887543
-0.19576767480297189	-0.5680588197377626	-0.7993648696436303
-0.12930174265288816	-0.5857108796430474	-0.8001398782804754
-0.062209784637606985	-0.6004742870464507	-0.7972205298983459
 0.005677775998336679	-0.612204612960246	-0.7906789960090683
 0.07450049526138482	-0.621663591348911	-0.7797333232567292
 0.1414106365262375	-0.632107074984086	-0.7618685435377336
 0.21585661056462963	-0.6105339754113234	-0.7620066853669956
 0.25451079756350997	-0.5990993767155421	-0.7591470152365979
 0.30754895206696736	-0.5553877269353413	-0.7726306458147418
 0.32152682831022694	-0.5223764364745963	-0.7897742445109666
 0.3485442754445661	-0.45303780621508905	-0.8205325308570295
 0.3965727301544559	-0.4037714829036142	-0.8244383902340172
 0.44208363554803487	-0.35324189592876404	-0.82448906732672
 0.4853967778521771	-0.3014251870312007	-0.8206904560636306
 0.5270098383849228	-0.24824004885928339	-0.8127961050520839
 0.5717071768801457	-0.19243855027619033	-0.797570252875151
 0.61246975932691	-0.12389668446678426	-0.7807242826300302
 0.6225749164539618	-0.08309960077515836	-0.7781355471595882
 0.6143846613436994	-0.01204464549876932	-0.7889147066827927
 0.6046390328722516	 0.05172299408645534	-0.794818452107172
 0.5992931664605718	 0.12188519507374039	-0.7911963724989505
 0.5833099403855996	 0.1895322152475448	-0.7898272297349003
 0.5637157550537598	 0.25427625575396806	-0.7858550332369909
 0.5367766799303948	 0.282303326193905	-0.7950947288862882
 0.5134152998559844	 0.3449045489702082	-0.7857770561510733
 0.45523962520534555	 0.39873161149017666	-0.7960967187731297
 0.42528931371954054	 0.42511426152676624	-0.7990036697553488
 0.36395712044770856	 0.47660344327658966	-0.8002401966486755
 0.33269427388476525	 0.5016007987856632	-0.7985681929440175
 0.26925695271377537	 0.5498297430764376	-0.7906882742546462
 0.2037085728126168	 0.5619650820928691	-0.8016845164221409
 0.17134791378582018	 0.5839287969609861	-0.7935156284037149
 0.10521948456345472	 0.6252309736669027	-0.7733143536982473
 0.03724785748399213	 0.6307466564035613	-0.7750943507396891
-0.027646647725267863	 0.6028599486768963	-0.7973678857032337
-0.06258055605408254	 0.5933482172238587	-0.8025095433209692
-0.13659231250817627	 0.5713122903593413	-0.809286603773986
-0.20182378110747598	 0.5792619515822662	-0.7897611998753712
-0.26753878321617935	 0.5840961414151589	-0.7663254511362186
-0.31378897850388937	 0.5363180620049872	-0.7835173344200501
-0.3576306326400407	 0.4864874578261061	-0.7971388109829913
-0.39920316607226675	 0.4347446811915549	-0.8072384371259408
-0.4387797075051123	 0.3810610960448913	-0.8137965405202915
-0.47651150354534627	 0.32537074108146463	-0.8167439426387267
-0.5127011196708019	 0.26752808349859103	-0.815822460114869
-0.5468171509141013	 0.20756597542605568	-0.8111148927936259
-0.5759887984530216	 0.18595501125259062	-0.7960261539966469
-0.5835313289854605	 0.142897764599809	-0.7994194249358968
-0.5910385858830529	 0.0704815321064915	-0.8035581768791124
-0.5870454798731516	 0.0024342678667746433	-0.8095502942377664
-0.6125492745225737	-0.07107126876954312	-0.7872307546312938
-0.6240659810691938	-0.10721745993887014	-0.7739806635545887
-0.613888047608422	-0.1751425336681123	-0.7697184926346997
-0.6010953857775369	-0.2414241079011449	-0.7618390494855792
-0.5858166402016661	-0.30602341331918725	-0.7504455573612958
-0.5680816496071013	-0.3688849747192598	-0.7356678019364757
-0.5420777087916886	-0.3979769095539504	-0.7401122462796034
-0.4875791923156852	-0.45436853491176427	-0.7455305263387415
-0.4591782293866263	-0.4816312405048264	-0.7464493966955462
-0.4002942417087285	-0.5343516808570503	-0.7444681331125459
-0.3698964456335969	-0.5600538966917012	-0.741293634336673
-0.3036831397011113	-0.5829508512007978	-0.7536211619544272
-0.26804652908441473	-0.5789578732525174	-0.7700382063538926
-0.20231868361511018	-0.5994538347607355	-0.7744173617958845
-0.13666963866684345	-0.6170990547600291	-0.7749259103172079
-0.07050220943474092	-0.6316131784542763	-0.7720713900072368
-0.003831336211998178	-0.6429398248908644	-0.7659071108379496
 0.06292980517935451	-0.651650167911061	-0.7559046886225634
 0.13050798846513353	-0.6619120965501784	-0.7381328074183751
 0.20192848745130984	-0.6425230247504771	-0.7391813367646156
 0.2637560716198994	-0.6490819646949882	-0.7135301940291893
 0.2787947274073214	-0.618648642288945	-0.7345388739637423
 0.3315959819533217	-0.5756747353614966	-0.7474240455182608
 0.35915974713450505	-0.5097935371098713	-0.7817383357359962
 0.3722796465256929	-0.47541182972681917	-0.797114456611159
 0.4207089152575026	-0.4265610932190451	-0.8006557577227738
 0.4665237564706686	-0.37620601229870343	-0.8005152221905616
 0.5099042296804975	-0.3245112743089126	-0.7966744061411438
 0.5510007569662998	-0.271459566095227	-0.7891184130394855
 0.5898223021708241	-0.21653872778641892	-0.7779592735037925
 0.6533336704410316	-0.07503017327151666	-0.7533429419373991
 0.6457313820746281	-0.00739777183705394	-0.7635288175149892
 0.637796912124346	 0.05909254482606949	-0.7679343526829804
 0.6296313355272884	 0.12761468844222443	-0.76634122466165
 0.6144506058852682	 0.19535698535788262	-0.7643860943260985
 0.5952753418885011	 0.2607985866075341	-0.7600206343008332
 0.5415155424635428	 0.3174484411069282	-0.778451928194154
 0.5169130727386331	 0.3794504105648792	-0.7673449427435157
 0.48773875847495096	 0.4064444559943977	-0.7726019723458722
 0.4276366009754407	 0.4593628744247924	-0.7785323931002257
 0.3968433459159855	 0.48520209969528283	-0.7791625512391459
 0.3341023302953984	 0.5353462505353132	-0.7757448194664056
 0.3022758968648907	 0.5595299540014671	-0.7717224324520068
 0.23715074611401468	 0.5729447883540139	-0.7845341248891219
 0.17195732534815994	 0.616806692003496	-0.768101674883483
 0.13850001364043973	 0.6373286282445871	-0.7580435118391761
 0.07043926680176586	 0.6440756008995372	-0.7617118418525014
-0.0035157077075714804	 0.6446336300039175	-0.7644835661198267
-0.042463012549586523	 0.6287612267595549	-0.7764381574143773
-0.1140194840167873	 0.6345427243129563	-0.7644312188065301
-0.12473333378880787	 0.6041212366427381	-0.7870699631412564
-0.1915787515215986	 0.6111861627237979	-0.7679512070830964
-0.25715574187310714	 0.6159016526499314	-0.7446717925937407
-0.3048981512630907	 0.5693119574828758	-0.7634926407132983
-0.3501445043854973	 0.5205715949308308	-0.7787194877488334
-0.3929787604330447	 0.4698172692326638	-0.7904678534761996
-0.4335563682125854	 0.41713815082570577	-0.7987644450700242
-0.4720744447599751	 0.36252228068924847	-0.8035691100387242
-0.5086481124217404	 0.3058997045613853	-0.8047996449297538
-0.5438044593166969	 0.24677599149504503	-0.8021086709722769
-0.603869470813738	 0.2036191038799035	-0.7706366995895546
-0.6216680601469923	 0.1364597732224274	-0.7713025043944558
-0.6220930407073945	 0.06866457485480476	-0.7799265509414571
-0.618890359614015	-0.0018711492581684017	-0.785475156562758
-0.631599976330159	-0.038186554589492425	-0.7743534444608136
-0.6546610973291757	-0.11035594228675513	-0.7478237851564781
-0.6448504769212294	-0.1782416986108807	-0.7432346596403931
-0.6324064856249787	-0.24449967043275475	-0.7350387391816421
-0.6173644830866899	-0.30902543704403823	-0.7234392678607137
-0.5996969759701467	-0.3718774873206499	-0.708569454207801
-0.5478451043133589	-0.4300360428965604	-0.7175895369149085
-0.5206652128492906	-0.45821232912107124	-0.7203812862436435
-0.4640589561318831	-0.5126253896721046	-0.7224018930604418
-0.4347339901413691	-0.5388357410324631	-0.7215694020686856
-0.3742028230764563	-0.5895291317086594	-0.7158405199962101
-0.30860325836238783	-0.6127919874242497	-0.7274957106930291
-0.23818134638974417	-0.6049223139342044	-0.759828033397332
-0.17315059883609318	-0.6240898024778451	-0.7619257106607354
-0.10761523145739152	-0.640117030468588	-0.7607030624773696
-0.04139224553573103	-0.6529834924400434	-0.7562402003400202
 0.024658482635487766	-0.6627755019225164	-0.7484120477955121
 0.09047765525610928	-0.670606315742297	-0.7362750594620868
 0.16607632167634695	-0.6557266252318704	-0.7365061088276708
 0.22478444364518313	-0.6617477422915717	-0.7152355412499669
 0.28783461349524636	-0.6671174764176009	-0.6870993435684929
 0.3173079230407196	-0.6071702341588191	-0.728464130020902
 0.36893967814350764	-0.5637584136459319	-0.738958703132176
 0.38270696543434046	-0.5307494609612846	-0.7562012882145499
 0.408663998248963	-0.46215877014197854	-0.7870216056221236
 0.45586950683655575	-0.41266525550080446	-0.7886002660658006
 0.5005644023650112	-0.36167231052622617	-0.7865293503001528
 0.5428237707437338	-0.3093069654603033	-0.780814673935687
 0.5826658778240132	-0.25558689984951566	-0.7714763842431509
 0.6159281232711633	-0.19691155730650606	-0.7627964247181482
 0.6357176988713467	-0.1471903592776199	-0.7577585403526937
 0.6700617059366458	-0.11215070303621787	-0.7337843893445499
 0.6646354577419525	-0.03775763377649398	-0.7462131527946593
 0.6576114994141378	 0.02910843405261371	-0.7527946698172712
 0.6498438317140169	 0.09628863060878347	-0.7539439594550313
 0.6376927885940425	 0.16457038627987478	-0.7525054786078614
 0.620566879536923	 0.2311711493288363	-0.7493041089836563
 0.5999809215736208	 0.2957497684767491	-0.7433404120546777
 0.5731368082406606	 0.32424978689245554	-0.7525797464321674
 0.5484333429674653	 0.386201128346361	-0.7416667424022251
 0.48999929907592	 0.44029915413366627	-0.7523545319689949
 0.4598491299204998	 0.4668222196227906	-0.7553911523031034
 0.3980761574411557	 0.5186288673376542	-0.7566765959384144
 0.36660447079930886	 0.5437791645525937	-0.7549207787499574
 0.3028194379601058	 0.5922208985424918	-0.7467093111265249
 0.23782522831724814	 0.6057729794578213	-0.7592616532754982
 0.2050444195816747	 0.6276515994475849	-0.7510061622312446
 0.13718402622521284	 0.6681576072281974	-0.7312632596074617
 0.0670623700216287	 0.673580892651365	-0.736064820231257
-0.002526480417649911	 0.6748658810005074	-0.7379360809434029
-0.07438597608632712	 0.6446205815047411	-0.7608751753488702
-0.15295761791031043	 0.6235516449484202	-0.7666728853985402
-0.2188785676356898	 0.6296163272412494	-0.7454364178794788
-0.2841463746861968	 0.6325679074922848	-0.7204989105914898
-0.33236083023988755	 0.5862893355109909	-0.7387835228186492
-0.377943517299248	 0.5377608912650803	-0.7536391189138605
-0.42103707400551776	 0.4871268506810444	-0.7651373822121359
-0.46171609102577654	 0.4345265792659038	-0.773307767450547
-0.5000892852134282	 0.3800102332686926	-0.7781406874247077
-0.536252843064219	 0.3234916233469692	-0.7796063480564308
-0.570130793783608	 0.26483162636553526	-0.7776985840647126
-0.5993599113421482	 0.24364102327984685	-0.7625003268530981
-0.6330453206691181	 0.17450103021381502	-0.7541903025319611
-0.6382839721618416	 0.1007363827247002	-0.7631813363001249
-0.6363305638594758	 0.031761640749047575	-0.7707623574586465
-0.6618331938585921	-0.041004178135268174	-0.7485288777878824
-0.6733581280877661	-0.07722391878589663	-0.7352722609384152
-0.6650894787887405	-0.14592590117572896	-0.7323671323663925
-0.6541491161563361	-0.21297117829631648	-0.7257631921274066
-0.6405509591942585	-0.278305989559362	-0.7157096093044301
-0.6242678511000285	-0.341951982326236	-0.7023948261954315
-0.6051725811370746	-0.40404833508608184	-0.6859381094195424
-0.5792633664375489	-0.43316851493378017	-0.6905208106737273
-0.5249517728573431	-0.4895815313610759	-0.6962295313501692
-0.4966647514419055	-0.5168097964618549	-0.6973032044643179
-0.4381309857443157	-0.5691506813813617	-0.695779233100447
-0.4079749375243189	-0.5942175129896036	-0.6931536608923583
-0.34330497853309067	-0.6150124109310255	-0.7098601454619083
-0.27972995408368767	-0.6392150772252266	-0.7163485449390441
-0.24477520148035195	-0.6351704572977449	-0.7325596159470072
-0.1809321648454951	-0.654209736216468	-0.7343522130176378
-0.11516983383364685	-0.6701071015384846	-0.7332751065203437
-0.04948709173411295	-0.6830848603962251	-0.7286604842100121
 0.015745856506253292	-0.6930670149552455	-0.7207011730141072
 0.0807669453109485	-0.7001509839527356	-0.7094119397184929
 0.153392973404612	-0.6901386287395684	-0.7072335320327793
 0.2127642463234908	-0.6930144511985118	-0.6888122718973745
 0.27342016386466783	-0.6961104005726446	-0.6638310961432965
 0.3250520808971529	-0.6575742809514219	-0.6796596278547455
 0.3401255008759861	-0.6271918379175321	-0.7006747049119784
 0.3914340238909822	-0.5837846926629198	-0.7113190827982716
 0.4191095664945389	-0.5176649791212509	-0.7459022326445703
 0.4320636658758209	-0.48343860404324207	-0.7613199752736485
 0.47932309597939926	-0.4341616061331747	-0.762727388665561
 0.5242245715112709	-0.38319403246475947	-0.7604938738130779
 0.5666398256086804	-0.3307068059028953	-0.7546868996899769
 0.6065129053739671	-0.27600647168118625	-0.74562894472045
 0.6416629157645622	-0.2185078135171574	-0.7352027189588403
 0.6651998633711906	-0.152527206945575	-0.7309203738522624
 0.6979811458712774	-0.09926308043500694	-0.7092031872959768
 0.6937532705360612	-0.0326433255555191	-0.7194725935831019
 0.6878412956223288	 0.03542550709680734	-0.724996127909336
 0.6793510400765486	 0.1023766026180188	-0.7266369076666171
 0.6671041581585851	 0.1700599543498236	-0.7252941845169182
 0.6503611323836695	 0.2364913672643504	-0.7218741100040015
 0.6300556930550848	 0.3012323194655277	-0.7157436086744298
 0.5765496594403795	 0.3585182935604134	-0.7342037342466406
 0.5505862266490031	 0.4197635606257946	-0.7215631366659244
 0.5213404874387704	 0.4468117791670232	-0.7270236104520298
 0.4609335989496139	 0.4998883926412503	-0.7332474427244215
 0.42995819133245355	 0.5258506271941994	-0.7339053560136978
 0.3669093304900741	 0.5762420751064059	-0.73028940432981
 0.3349947697372927	 0.6005028729070461	-0.7260680435599974
 0.2705269713811102	 0.6153435936928928	-0.740383292259138
 0.20453703577279347	 0.6588506693336811	-0.7239339724835682
 0.17037236434149863	 0.6788982563381684	-0.7141921415205311
 0.10135098702936665	 0.6860334359931788	-0.7204763022664704
 0.031794051329554686	 0.6893976306420763	-0.7236850455585947
-0.037267538172149596	 0.6894949424730027	-0.7233310824945506
-0.06901104214690588	 0.6744146233469774	-0.7351206648418698
-0.14155292068066638	 0.6542337222288855	-0.7429273230574512
-0.2064286602564144	 0.6602169925360908	-0.722150075116898
-0.2724551419021219	 0.6626004352484118	-0.6976595579935173
-0.32204296925808945	 0.617795171286894	-0.7173684215840773
-0.36905375155880954	 0.5705190924155611	-0.7336942780543495
-0.41350986458911604	 0.5210018304103927	-0.7467038801268622
-0.4554699184976051	 0.4694311119259683	-0.756426853370327
-0.49499733247278205	 0.41590754201566366	-0.7628882993855124
-0.5321706428111139	 0.36043026453996263	-0.7660838278763353
-0.5670178752285291	 0.3029280910989186	-0.7659799610919922
-0.6257173420896021	 0.25900953043770886	-0.7357933615837815
-0.6527390579232127	 0.19888367707072435	-0.7310109474257855
-0.6677912810544225	 0.09786336576987886	-0.7378872316200384
-0.6667816758615879	 0.02866577818735806	-0.7447015978874529
-0.679239993938922	-0.007377109541004552	-0.7338791514198187
-0.7021171864103594	-0.07987131099689518	-0.7075676859685142
-0.6943074917851276	-0.14850509703912562	-0.704189848694544
-0.6837735187149385	-0.21539515384711996	-0.6971791038200781
-0.6704566643482632	-0.28054016616803024	-0.6868661269835735
-0.6542337598178581	-0.34412720647867334	-0.673464663717239
-0.6349301230677626	-0.40632752278279355	-0.6570857501501264
-0.5830488897737516	-0.4647329784892289	-0.6663912145565289
-0.5558121319895211	-0.493044535788979	-0.6693130505689349
-0.4989938660476313	-0.547742450424232	-0.6715529239383122
-0.46949716619190063	-0.5740734685689403	-0.6708293848833704
-0.4082487760098974	-0.6246127041373104	-0.6657266005776677
-0.3463882001619845	-0.643903479691216	-0.6822048985679338
-0.29103342071576793	-0.6678004897257477	-0.6850854355104409
-0.21738715406212356	-0.6597494825112435	-0.7193562716588471
-0.15167042367682892	-0.6770797645396065	-0.7201104602994477
-0.08608225105212552	-0.6916491410666091	-0.7170852890107431
-0.0208103561008064	-0.7032161841991736	-0.7106714623222967
 0.04431054962457911	-0.7117327752223566	-0.7010513760533178
 0.11294101717639987	-0.7149824179615075	-0.6899597587142866
 0.17757315034289012	-0.7077183452981595	-0.683814682502311
 0.23949738779511645	-0.7088242236255022	-0.6634826457723062
 0.32420906226970303	-0.7063494943333112	-0.6292526327297132
 0.34546598295192193	-0.6769319358708514	-0.6499356959124525
 0.3768209450611052	-0.6156765463046798	-0.6920609551864612
 0.4274909270498536	-0.5707988101168111	-0.7010279778006648
 0.4414998852697793	-0.5377036019944696	-0.71829846701002
 0.4674599540431569	-0.4693900127619483	-0.7491022675745332
 0.5136271164396172	-0.4192537028398273	-0.7486077196456216
 0.5573791257066906	-0.3674458394747033	-0.7445213665699433
 0.5986208019198701	-0.31364860145881884	-0.73707373465057
 0.6368008575900324	-0.2573197366926041	-0.7268226887494971
 0.6688057621421766	-0.19408683885212213	-0.7176553152522546
 0.7172308074274425	-0.12571778377909287	-0.6854013479113183
 0.7105927550523916	-0.06237822685923331	-0.7008329995661946
 0.7056334279781823	 0.004520181790175701	-0.7085626530352438
 0.6984010745902597	 0.07175959089520034	-0.712100063281646
 0.6882075783861843	 0.13906725837780945	-0.7120608307575299
 0.6736587634086141	 0.20604046318475874	-0.7097402327706855
 0.6551878393691031	 0.2716003383742824	-0.7049554250715585
 0.6334042902146054	 0.3355050299747432	-0.6973058009219332
 0.6067149101306776	 0.36421549061506736	-0.7065720729134076
 0.5807020279826199	 0.42550884484841694	-0.6940658309214179
 0.5222870254170852	 0.47956246904528643	-0.7051497013855723
 0.4920422890653041	 0.5060720137217037	-0.7083681971256443
 0.43001853530636236	 0.5580112415465474	-0.7097235473060279
 0.39845979217443117	 0.5832546420517823	-0.7078444861305035
 0.3347064732290363	 0.6317513201727796	-0.6991865603961009
 0.2702792543907305	 0.6466343384155973	-0.7133114025639951
 0.2371616320630447	 0.6682693616405501	-0.7051031276130639
 0.16862094350036225	 0.7078643533146904	-0.6859264061977952
 0.10005555573079865	 0.7146391267505284	-0.6923003714318252
 0.03032050607096279	 0.7178052982577123	-0.6955833671852406
-0.04291764736553382	 0.7154059164674386	-0.697389740552578
-0.12441679534474184	 0.6846629863425161	-0.7181622770437698
-0.16668703265163248	 0.6721984538024977	-0.7213630652114961
-0.2333012067049015	 0.6763441777932172	-0.698662364891121
-0.29887299944929135	 0.6777244257782336	-0.6718366861847809
-0.34853220545337005	 0.6333319792940778	-0.6909528969222545
-0.3957296197832835	 0.5862979098444969	-0.7068612515466894
-0.44039165632135435	 0.5369673374355123	-0.7195285036535737
-0.4825004440756199	 0.485511001877708	-0.7290215281612291
-0.5220781176643132	 0.4320246701752491	-0.7353836572946498
-0.5591530306443927	 0.3765387155548318	-0.7386247247483043
-0.5937310758111835	 0.31911421575449034	-0.7386809371572354
-0.6231192737242657	 0.2968441352346542	-0.723606198211523
-0.6535021272717156	 0.23626691173237638	-0.7191056362397585
-0.6653416220062497	 0.1654321683559706	-0.7279785187072039
-0.6815563557976506	 0.1290058215860398	-0.7203044022277924
-0.6830586023275408	 0.06234941171229828	-0.7276973935953577
-0.7075729306394094	-0.009562612791150837	-0.706575618219992
-0.7188860650393993	-0.046110833399841775	-0.693596868890958
-0.7126433445995343	-0.11560023202408991	-0.6919364492162312
-0.7037165871962248	-0.18325784805332807	-0.6864397468327147
-0.6919790487187941	-0.24911025512026103	-0.6775758827822544
-0.677288413206627	-0.31337905067655947	-0.665638021700314
-0.65947719657744	-0.376281620196284	-0.6507702893470322
-0.6383980848325781	-0.43788859956282306	-0.6330098416731023
-0.612374681670163	-0.4671986811870489	-0.6377481019544071
-0.5576553744959742	-0.524044497201712	-0.6437374062833073
-0.5290353762816611	-0.5515294826130052	-0.6449316246325282
-0.4693300949914125	-0.6045364716704804	-0.6436341479097875
-0.4380507057399318	-0.6300419518341072	-0.6412165922134395
-0.37568455443275284	-0.6491334739158188	-0.6614278861694941
-0.32908069993836464	-0.6706619704161123	-0.6647694445186645
-0.26077032709002845	-0.691049358722091	-0.6741287861522801
-0.22433920447518294	-0.6876354628210257	-0.6905283423628287
-0.15870417681760973	-0.7054139753535072	-0.6907996146760697
-0.09350805821448459	-0.7202120313679902	-0.6874233578528953
-0.02824464093295011	-0.7318606841372666	-0.6808686945900075
 0.03829278800571635	-0.7397519297520146	-0.6717892115946189
 0.10700397249131993	-0.7417577122431438	-0.6620767676024392
 0.17071035328955447	-0.7385307365529844	-0.6522502023351636
 0.23965784697995043	-0.7335001303858175	-0.6360359070877394
 0.30662409395134266	-0.7317406465050995	-0.6087177435074629
 0.3811790480061272	-0.6663402537855958	-0.6408534930435273
 0.3975217086924431	-0.6350300819422587	-0.6623543508928199
 0.4484661244148003	-0.5896045505673552	-0.6717474296211606
 0.47686720965730267	-0.5234842832744234	-0.7060891370912892
 0.4899192810914334	-0.48941803998295025	-0.7214215689554204
 0.5362118372779658	-0.43922700607269777	-0.7208026794479907
 0.5801162012194633	-0.38708898512236756	-0.7166779686021014
 0.6213866885294498	-0.332748397291007	-0.7093356662530589
 0.6594431716119087	-0.27492036544623466	-0.6996809959383888
 0.6915630446990498	-0.21443236112370184	-0.6897530845958534
 0.7201438884631334	-0.16048347121115417	-0.6750095076198682
 0.7391256676386933	-0.05556793228554437	-0.6712715190883382
 0.7341557143995717	 0.010463898565660424	-0.6789005036389811
 0.7267307840186928	 0.07734020258948521	-0.6825546576084537
 0.7162471041367203	 0.1443524677364606	-0.6827535799057785
 0.701769426122503	 0.21092242446647633	-0.6804641088381344
 0.6835120733736217	 0.27634167422038997	-0.6756082627096597
 0.6618851540732743	 0.34025761778280283	-0.66793173031244
 0.6087063620563691	 0.3976998164677989	-0.6865212456825933
 0.5814402853980734	 0.45818875799000336	-0.6723022062791295
 0.5523116466119062	 0.4851115488074855	-0.677951790491365
 0.4918965831299336	 0.5379047102216731	-0.6846139599996734
 0.46085551329741387	 0.5638639685068134	-0.6853244639461841
 0.39785596813983953	 0.614347216162572	-0.6813869140281525
 0.3661232710914516	 0.6385773794322964	-0.6768845402597673
 0.3023554640236719	 0.6547508163959552	-0.6927355496896779
 0.23588790178275712	 0.6976676292470358	-0.6764737813791077
 0.2016252325544414	 0.7173108224627887	-0.6669426134047255
 0.1337333414289979	 0.7256686808226355	-0.6749224837441492
 0.06458310626921046	 0.730465732045694	-0.6798888414230435
-0.0069564779926546165	 0.7307539673185669	-0.6826054839086136
-0.07655210939283666	 0.7265580423553648	-0.6828273468719944
-0.11301460210386452	 0.7112350366233565	-0.6938100765992651
-0.18039258861072255	 0.7178041849135508	-0.6724698254159184
-0.2202616695252156	 0.7048290342244337	-0.6743150817327288
-0.28592461506715056	 0.7060936157325314	-0.6478263041282455
-0.33695768632767054	 0.6632961340738145	-0.6682048758782262
-0.3854848243290815	 0.6176212233981172	-0.6855256921663772
-0.43149756367812575	 0.5695250979242794	-0.6996077582289821
-0.47495536243101116	 0.5191858188361073	-0.7105374650343977
-0.515842064684129	 0.46673349850489554	-0.7183778989332813
-0.5541711318079893	 0.4122229137808418	-0.7231643146786799
-0.5899508455209737	 0.35571222111374384	-0.7248633082308797
-0.6487212297376702	 0.3109821709096945	-0.6945868235605529
-0.6783131142491867	 0.2475412782014047	-0.6918197992425372
-0.7045801757537574	 0.19085224816079976	-0.6834780137698454
-0.7108788803117818	 0.12814235282576616	-0.6915423016265486
-0.7124032312822518	 0.06044171458713232	-0.6991626671929604
-0.7236415739943718	 0.024850532771475912	-0.6897284417855495
-0.7456900150040461	-0.04842501582743485	-0.6645309769795373
-0.7400404183713125	-0.11775083068899028	-0.6621743886989782
-0.7316466416773243	-0.18495725847075387	-0.656112798428194
-0.7202161707427019	-0.2504514934962537	-0.6469642314735919
-0.7055571694703278	-0.3146237912723184	-0.634981063162085
-0.6875636856811344	-0.3775911682292735	-0.6202266422912087
-0.6661580566712004	-0.43931856953069215	-0.6026878445742508
-0.6139426178041744	-0.49812801190731065	-0.6123258493621085
-0.5864393324752332	-0.526642281343047	-0.6154159705660829
-0.5287756720152391	-0.5817981519614324	-0.6179864068562467
-0.4985867786187693	-0.6084076581352554	-0.6174555414837027
-0.4345214600719261	-0.6593187371169795	-0.6135877309916106
-0.3988712910596014	-0.6819600159972187	-0.6130515718514391
-0.33313090680372537	-0.6959224282912425	-0.6361727538439133
-0.26657844875284736	-0.7168877820082301	-0.644211020293697
-0.19480028368843247	-0.710529281360972	-0.6761663920985478
-0.1296891038099449	-0.7270038257875169	-0.6742745536080144
-0.06446584565241673	-0.7402733956966391	-0.669208080023012
 0.0016815187726202485	-0.7499855601348584	-0.6614520633302312
 0.06939362101438583	-0.7550811041219402	-0.6519486571506256
 0.1364894814637622	-0.7536008040578662	-0.6430057927990159
 0.20212487299963855	-0.7497657876064409	-0.6300768202765227
 0.2662848812801722	-0.7448046136827691	-0.6118483876243083
 0.3423046125215834	-0.7257675345770614	-0.596731964956112
 0.38085371788883426	-0.7125504623400088	-0.5892557035695897
 0.3988426221685752	-0.6843170739973755	-0.610438125429077
 0.4330955165495174	-0.6217275051660861	-0.6525972593143962
 0.4836194854276232	-0.575188746001801	-0.659750028258883
 0.49804110883878006	-0.5421659091017187	-0.6767652332342032
 0.524331725879519	-0.4741912391293005	-0.7072615569711277
 0.569521508966942	-0.4229176067796782	-0.7048304396801878
 0.6121702692325615	-0.36950629840598204	-0.6990798644690337
 0.6519025858666174	-0.3132835965681318	-0.6905623843373989
 0.6871215624676531	-0.2541586468556579	-0.6806374516734384
 0.7177620693153308	-0.1970659246608449	-0.6678193117825663
 0.7429718852990699	-0.1312084092779284	-0.6563361417672361
 0.7526394941839615	-0.08971884172854465	-0.6522915921835871
 0.750769931904716	-0.020101973465566844	-0.6602578435812616
 0.7445708965749209	 0.0466436446383356	-0.6659118187781856
 0.7356509517205265	 0.11338974844888627	-0.667802697044106
 0.7231482961898958	 0.18013567773474579	-0.6667890815877946
 0.7067865060172848	 0.2460682083604892	-0.6632520423987684
 0.6868755721664747	 0.31070985727346573	-0.6570093857427616
 0.663730973183361	 0.37382775197509716	-0.6478533839460234
 0.6372265450795762	 0.4025381800949794	-0.6571950576592683
 0.6098908187923635	 0.4631193710681435	-0.6430813613332513
 0.5519517417282886	 0.5168170510831728	-0.6544076791364858
 0.5218239808791296	 0.542971896998733	-0.6579371186132116
 0.45983062033413263	 0.5946839324729261	-0.6594746553595999
 0.4284571594965875	 0.619933543580902	-0.6573483581932351
 0.36530699621141627	 0.6681669791454095	-0.6481540607746668
 0.30141092136617553	 0.6843131068975007	-0.663978183534281
 0.26814680783500283	 0.7056231707025299	-0.6558911726922435
 0.19990562293880726	 0.7446564203097349	-0.6368081010861427
 0.13207485393706592	 0.7527544334362506	-0.6449162704565395
 0.06295115784356191	 0.7570513042772752	-0.6503156728991174
-0.006702556842733309	 0.7572247825425832	-0.6531199770601936
-0.07660989423298091	 0.7541170966308428	-0.6522563366305303
-0.14298814709779892	 0.7266950769678698	-0.6719141722721734
-0.24630143093983003	 0.7192964802928353	-0.6495753832738207
-0.3111124132865328	 0.720200837550611	-0.620096621415105
-0.36231352369306064	 0.6774274776745641	-0.6401725728587535
-0.41100084223268224	 0.6320122361987456	-0.6569922685839514
-0.45714779777660214	 0.5841112986602724	-0.6706935826183319
-0.5007129483363733	 0.5339073708922054	-0.6813438652217171
-0.5416844493929702	 0.4814562151727424	-0.6890412688347287
-0.5800429467176701	 0.4268401456040295	-0.6937994451308052
-0.6157584015077996	 0.36999912315163247	-0.6956595718018854
-0.6451371760203638	 0.34740707559821327	-0.6805191752924877
-0.6763960909817276	 0.28601087035934436	-0.6787386169512745
-0.7038194666402507	 0.2264363870412133	-0.6733236376379155
-0.7232761419462234	 0.159117199870479	-0.6719771865151114
-0.7267495325085909	 0.0944692079107327	-0.6803754006100334
-0.7496596708895936	 0.022861332091087632	-0.6614285579990687
-0.7604570822153125	-0.01405367090664046	-0.6492361053134843
-0.7563378257562176	-0.08442302961029889	-0.6487109105000286
-0.7496981529352192	-0.15229755678511195	-0.6440171843070699
-0.7400013112000963	-0.21833129999894565	-0.6361835449482395
-0.727004117743074	-0.28306423002373304	-0.6255714623172045
-0.7106236893864155	-0.3466467796086233	-0.6122499344792205
-0.6907995859185067	-0.40905790772941697	-0.5962110031011265
-0.6674988633967853	-0.4701663050189706	-0.5773984005769397
-0.6413027057173765	-0.4996512974591026	-0.5823052640900712
-0.586044165846526	-0.5567927657368195	-0.5886714293223283
-0.557007083131586	-0.5844421026522781	-0.5900597749284615
-0.49581731819578145	-0.6377053518591195	-0.5894888219359039
-0.4630661145453517	-0.6631062516713271	-0.5880985228295289
-0.3667368969576104	-0.7026526933159006	-0.609740306184374
-0.3016577922753421	-0.7187020502328103	-0.6264742128377844
-0.2376728274274112	-0.7400239942251828	-0.629186868166896
-0.2017760590217186	-0.7369595272372818	-0.6451178785461353
-0.13676416294120888	-0.7536268567728698	-0.6429168876967184
-0.07112912631385648	-0.7668349608671525	-0.6378908920667391
-0.004532945137660286	-0.7762049971782599	-0.6304643168045885
 0.06288173791649851	-0.7810773297186058	-0.6212600840519642
 0.13019995105058324	-0.7805381498180292	-0.6113985356746235
 0.1947947850131111	-0.7772412324333888	-0.598290112183983
 0.25724662612223304	-0.7720943840307976	-0.581114821267563
 0.3260278858991489	-0.7541878045997813	-0.5700057657682891
 0.397073060844349	-0.7310821615729656	-0.5548439937329234
 0.43392462500517304	-0.6711827022164581	-0.6010184689837187
 0.4518384973468984	-0.6395794697300963	-0.6219164527611936
 0.5031623598599767	-0.5925220597940788	-0.6290828628070562
 0.5324371996441908	-0.5266104616205007	-0.6627156631217459
 0.5456825101063554	-0.4926934200432149	-0.67785233791007
 0.5909787623947562	-0.4411475042073131	-0.6753761780889382
 0.633623950092824	-0.3872899453133457	-0.6697217243960005
 0.6730734786872993	-0.3310488885879193	-0.6613461466225393
 0.7083469234976001	-0.2730611138464436	-0.6509087985858115
 0.7397948850045366	-0.21212399612618155	-0.6385193328228865
 0.767008680606248	-0.1528256979595636	-0.6231709154941644
 0.7797120296841383	-0.08408133918519031	-0.6204671459204477
 0.7767223871989363	-0.016048812297692092	-0.6296386017770983
 0.7712958302756666	 0.051507683092202244	-0.6343892344466788
 0.7622011266722531	 0.11815194529622718	-0.6364664644129066
 0.7496102331902903	 0.18460974834333227	-0.6356128846342012
 0.7333404205243392	 0.25032511518058687	-0.632099014660687
 0.7135419458610437	 0.3148455904034823	-0.6258834921136025
 0.6904376079313692	 0.37796022797985185	-0.616799785683675
 0.637665624003592	 0.43530375084556355	-0.635525921158133
 0.6090893479913154	 0.49505778398610273	-0.6196192029612088
 0.5803565543933724	 0.5218283380533335	-0.6252051306388556
 0.5205446253373511	 0.5734950033113494	-0.6325636522985746
 0.48955656689891347	 0.5992084061938561	-0.6334695365625473
 0.42745740394958087	 0.6495055978676855	-0.628826403824796
 0.3961639548777659	 0.6734525729298163	-0.6241119714200475
 0.3330049095607341	 0.6908850451758161	-0.6417052162487522
 0.26650651412890525	 0.7331482114541616	-0.6256740189335208
 0.2324460219585026	 0.7525528973790253	-0.6161436387094343
 0.16520872249215157	 0.7623079601657896	-0.625773642685903
 0.09684670787618732	 0.7684277123789854	-0.6325658590388386
 0.0278282454245338	 0.7706213845803895	-0.6366853778625639
-0.04150139417591658	 0.7688171051223247	-0.6381205945217436
-0.11688021694733591	 0.7617279864418518	-0.6372672042068271
-0.15933863299313483	 0.7462214818354005	-0.6463471977840224
-0.23214440004212472	 0.7454792053523916	-0.6247957521592546
-0.297021465173924	 0.7470901811922442	-0.5946717669370853
-0.3494035493270002	 0.7058230609003688	-0.6162231466108109
-0.39939498490914466	 0.661873272953077	-0.6343559068691692
-0.44688457113631197	 0.6152824444281496	-0.6494010268384517
-0.4917818785472729	 0.5663092348637563	-0.6613958228175791
-0.5340948681039731	 0.5149754975198477	-0.6704796110391313
-0.5737937836790485	 0.461373658225245	-0.6766794228489118
-0.6108373327609214	 0.40551423157095284	-0.6800264413233821
-0.6695081922484298	 0.3595448942279365	-0.6499894226422932
-0.6972009384393194	 0.33538047713132374	-0.6335856587695923
-0.70052976444932	 0.29922312312778027	-0.6478607656790443
-0.7285138134737417	 0.23465078529794905	-0.6435888691835824
-0.7489887348282253	 0.16415352990664137	-0.6419263927582383
-0.7540069757273132	 0.09398105335312917	-0.6501084849201613
-0.7660823807252778	 0.05612264134952017	-0.6402874628401244
-0.785142149278485	-0.016639490117896037	-0.6190920228810721
-0.7820026129563932	-0.08595533283301676	-0.6173196854847084
-0.775995884927799	-0.1528990459195643	-0.6119250512374936
-0.7665036222033874	-0.2186055372513126	-0.6038905664374564
-0.7534967908670827	-0.28328364602955136	-0.5932899477028175
-0.7369620096336469	-0.34692949939539547	-0.5801094024457775
-0.716881704939544	-0.4094456059067157	-0.564300378279738
-0.6932600499836084	-0.47065756636146644	-0.5457764728562664
-0.6407420214352615	-0.5297357548823914	-0.5557244748670316
-0.6130181970395595	-0.5583236698620314	-0.5590021196472885
-0.5546211358933196	-0.6135571900689847	-0.5620880448248795
-0.5238245026033637	-0.6400174057681639	-0.5621259741251318
-0.457903113699366	-0.6900017423729351	-0.5605553799462986
-0.424008872423096	-0.7132314095715547	-0.5581374673922795
-0.3927364829349969	-0.7105130450032164	-0.583891486367207
-0.30931879383667193	-0.7429693240242295	-0.5935642065846002
-0.24494110106632963	-0.7643148590739338	-0.5965120729769073
-0.17285026290185657	-0.758472102812723	-0.6283652249047565
-0.10739803737138576	-0.7734498725049636	-0.6246926894808602
-0.04117774133609522	-0.7847147418641618	-0.6184878070904227
 0.0258933454199977	-0.7918275993182426	-0.6101955322852415
 0.09343554985320661	-0.7941218395986331	-0.6005333478634736
 0.15924565489599968	-0.7923324389698573	-0.5889398335592708
 0.2227908800393484	-0.788141128127412	-0.5737576020632259
 0.28925846814747314	-0.7791160565543158	-0.5561543931537621
 0.3523484471786981	-0.7630243990130449	-0.5418895997170844
 0.43505998470451657	-0.7165231887651224	-0.5452681264027512
 0.45140019750540483	-0.6865909974112047	-0.5699391756722543
 0.4869455332288084	-0.6245750657098371	-0.610565340452653
 0.5375171821405127	-0.5766409346157756	-0.6152727130542748
 0.552327896728219	-0.5437480492453725	-0.6318796985484135
 0.5790201494247833	-0.4760049333857862	-0.6619327533462105
 0.6230447128406293	-0.42318420024956044	-0.6578224824832896
 0.6641021368825649	-0.36808903853060854	-0.6507524963468242
 0.7015555929058357	-0.31097933893574453	-0.641179850601708
 0.7348760361855213	-0.25132418675555923	-0.6299153630384905
 0.7641660776063932	-0.19126698371322873	-0.6160090476420809
 0.7904054856327475	-0.12322660712040209	-0.6000619731154898
 0.7908962623670144	-0.047305054895607775	-0.6101191145630585
 0.7872607282383677	 0.019800117631580037	-0.6163022806345688
 0.7800135771758948	 0.0870141958228557	-0.6196832651819527
 0.7691728117989132	 0.15358020673207026	-0.620311458615338
 0.7547460288751989	 0.21962504571514388	-0.6181612016227958
 0.736727023359398	 0.2847050457115753	-0.6133321530772464
 0.7152681941094878	 0.34850904203532945	-0.6057498312958651
 0.690574146855504	 0.4108915135217235	-0.5952104768992397
 0.6642954936520065	 0.4395305390898471	-0.6045861413570655
 0.6354971053728253	 0.4994363565139939	-0.588818099972128
 0.5786430919880798	 0.5527708283478513	-0.5996804010655219
 0.5491403768279348	 0.5779591120441396	-0.6036622493931715
 0.48772741632312683	 0.6286191864391749	-0.60577214017097
 0.4573194421175202	 0.6536524441149849	-0.6029903897773385
 0.39522771108337257	 0.7009786084901526	-0.5936531367987604
 0.3316901043239692	 0.7184786702304341	-0.6113673814634385
 0.2984651151518653	 0.7394560039915485	-0.6034263776122444
 0.23043282464212828	 0.7780425859184319	-0.5844231752974979
 0.1632094117810512	 0.787697516690895	-0.5940499222330395
 0.09524794255259136	 0.7936887265558904	-0.6008211337641076
 0.026817083311487824	 0.7957977636060769	-0.6049683987467703
-0.04237550618350697	 0.7934920259388626	-0.6071035506790676
-0.11058846509915966	 0.7866562214905145	-0.6074061084458066
-0.19017508315934317	 0.7565584305838735	-0.6256618726259444
-0.2582832042273449	 0.7591213752489674	-0.5975152918998577
-0.32123000468307117	 0.7593887346802961	-0.5658091849130527
-0.37352144121206227	 0.7186457037146475	-0.5865407790489449
-0.4236580321993875	 0.6748378368768211	-0.6042414796026139
-0.4711717627219556	 0.6285642077209315	-0.6187925393745816
-0.5161401724521394	 0.5796743472956584	-0.6305370516222091
-0.5585379305850856	 0.5282804642373478	-0.6394959978005357
-0.5982970676054823	 0.47448397761091593	-0.6456822545844085
-0.6353313721305529	 0.41831956288297484	-0.6491246343315786
-0.664641394866159	 0.39510935676449427	-0.6341454189911918
-0.7200511926458103	 0.3454133019220731	-0.6018437760952897
-0.7267232272744056	 0.27222099395221216	-0.630689369968721
-0.7523902459561886	 0.20474451376664227	-0.6260899311380494
-0.7656702227079661	 0.13171207466049728	-0.6296038750253697
-0.778091026562071	 0.0877318413075778	-0.6219947575376858
-0.7978593754083001	 0.01849183593708167	-0.6025599298632074
-0.7961848953993191	-0.052310694825546185	-0.6027878594869377
-0.7921156215079044	-0.1195966830642683	-0.5985394519688501
-0.7844718406455691	-0.1857339842411469	-0.5916982493907366
-0.773229420677398	-0.25090399204425384	-0.5823774118002455
-0.758405520247472	-0.3151061913064102	-0.5705516234825112
-0.7399966963158223	-0.37825632056073344	-0.5561717768797014
-0.7180042377067996	-0.4402021916405406	-0.5391585528487355
-0.6924655444753296	-0.5007279953409729	-0.5193870853191248
-0.6661593689796356	-0.5303091334568428	-0.5244081598267769
-0.6106113368783566	-0.5874210358060251	-0.5311217581385673
-0.5813344186429784	-0.6149065292774717	-0.532860445100745
-0.5196019784942998	-0.6674683160359417	-0.5333852557326212
-0.4871842595129142	-0.6922924989004842	-0.5323369170450015
-0.4218963252429548	-0.7372748046705188	-0.5276640532995778
-0.35607315855875593	-0.7345279303530183	-0.5776509545437474
-0.28155762878295254	-0.764989451871142	-0.5792378097120484
-0.215824270999955	-0.785605368327063	-0.579865578649947
-0.17974058464122478	-0.7828771011136977	-0.59564819044856
-0.11412522069298464	-0.797895878662816	-0.5918932343038484
-0.04772080106447878	-0.8090230589390842	-0.5858365089772161
 0.019423139995192025	-0.8159804290961612	-0.577753131505812
 0.08661886981564434	-0.8185159229429113	-0.5679162396698781
 0.1524266348665624	-0.8173313712275403	-0.5556397669268865
 0.21815796314016428	-0.8123609662003046	-0.5408112089376869
 0.28464841962291737	-0.802395745620554	-0.5245344074664796
 0.35042261329205165	-0.7855479091915407	-0.5100181118924783
 0.41663525181833405	-0.7422749956881606	-0.5248265406002393
 0.4866059757206133	-0.6713794111749641	-0.5589850719324696
 0.5045598635248283	-0.6405166407546576	-0.5789281276947733
 0.5557559005670227	-0.5923650814431662	-0.5833000850949439
 0.5856617080793707	-0.5267350195775017	-0.6160767670024923
 0.5990772660827279	-0.4929019643950546	-0.6309945188021374
 0.6430928498467429	-0.4399007456593323	-0.6268324500569178
 0.6840187561314117	-0.38479629399122944	-0.6197178014153311
 0.7214624998166246	-0.32739962633751823	-0.6101650154117331
 0.754751299135429	-0.26829948292863814	-0.5986366710397948
 0.7838708867925711	-0.2065323682977548	-0.5855687950056331
 0.8137686932511902	-0.11033733465175381	-0.570619125569935
 0.8148583679508766	-0.04507909147497573	-0.5779045904751273
 0.811856012330835	 0.023508727051796116	-0.5833842258706344
 0.804657358111002	 0.09081297743772342	-0.5867533887134512
 0.7938702802014664	 0.1575046551597262	-0.5873348804692778
 0.7794776158871733	 0.22336739620859514	-0.5852534943439813
 0.7615033865175783	 0.28832114634661743	-0.5805028069627505
 0.740043729498841	 0.3521118440427245	-0.5730205299239096
 0.7152337499966015	 0.41453268756067513	-0.5626751583369596
 0.6629301958056238	 0.4717424334864509	-0.5813627369701284
 0.6327525114663995	 0.5309795805654176	-0.5636354710764193
 0.604674140819494	 0.5576672051019584	-0.5686620013487599
 0.546546063034269	 0.6072483242329055	-0.5766601023983443
 0.5162528308458252	 0.6319683620063509	-0.5780129791507121
 0.456853257516673	 0.681099696512065	-0.5721785599859345
 0.42610060438387515	 0.7043461348564497	-0.5677453630426905
 0.36308082790974777	 0.7232682794007548	-0.5874140859879375
 0.29668369016576335	 0.7649070598368314	-0.5717481769113039
 0.26262955155645706	 0.7841239478045712	-0.5622947208792101
 0.19584579430876678	 0.7955590750010189	-0.5733499655839281
 0.12832926513897527	 0.8033818471555492	-0.5814715877580162
 0.06028558822283493	 0.8074310022341533	-0.5868737721893675
-0.008246763573737513	 0.8073396768393607	-0.5900293527371971
-0.07641387670474865	 0.8029831216632807	-0.5910829263063216
-0.14208340470347375	 0.7957229799545152	-0.5887590723548768
-0.1799201149351649	 0.780884538476812	-0.5982040536552501
-0.2449495067120538	 0.7840527963164435	-0.5703165364513705
-0.30527934308851834	 0.784656118150014	-0.5395547228346668
-0.35929462233411574	 0.745514379766342	-0.5613516579857868
-0.4107379618134869	 0.7031209112247929	-0.5804440635614423
-0.45950150489911784	 0.6583418704715654	-0.5961915368230638
-0.5057643769719924	 0.6107897861245949	-0.6092111556365363
-0.5495017442250419	 0.560594530573579	-0.6195010939333564
-0.5906273284085831	 0.5079031728818258	-0.6270516134366564
-0.6290456650296389	 0.45277883005504427	-0.631896259176619
-0.6875432722367286	 0.40618979225407176	-0.6019087152306452
-0.7152111979584497	 0.38104668620857046	-0.5858979136712357
-0.7459237472870635	 0.3185279318799158	-0.5849253968204227
-0.7491254197697711	 0.28160447459062926	-0.5995915487607375
-0.7735059534279679	 0.2145520237774071	-0.5963689873765312
-0.7917445512854051	 0.1518378485298958	-0.5916805162109743
-0.8044154412147092	 0.08535380608174796	-0.5879035003490832
-0.8191901214489544	 0.018414091678639246	-0.5732263655381687
-0.8203066116835207	-0.051395753095373614	-0.5696099888450529
-0.8166057257480591	-0.11858238393576231	-0.564883445407632
-0.8090695085507863	-0.18475402469173388	-0.557917987426105
-0.7978161986242066	-0.2500174711615289	-0.5486169677715181
-0.782880895717346	-0.314329535372251	-0.5369305786723934
-0.764278920056485	-0.3775956365525078	-0.5227803244325474
-0.7420241848669916	-0.4396609000885018	-0.5060616583044457
-0.7161591518263929	-0.500316102963008	-0.48662086512110286
-0.6635072234851676	-0.5595234950813541	-0.4966806044481201
-0.6357347407830829	-0.588006903429613	-0.5000892129216388
-0.5771236847531432	-0.6426865204540897	-0.5038673326616536
-0.5462521913984871	-0.6691045598772757	-0.503892479943676
-0.48352748846167665	-0.7177672444130352	-0.5010103299829869
-0.4520577402144833	-0.7391064626619303	-0.4993650331806818
-0.3889423425433391	-0.7573216635443156	-0.5245834081472371
-0.3557888020794843	-0.7579113803200178	-0.546794904782635
-0.2894843510938967	-0.7848759617364509	-0.5478763867516347
-0.2231564487554892	-0.8075334268382847	-0.5459770727032921
-0.15047737016662754	-0.8025271962024425	-0.5773271693097269
-0.08438458770743118	-0.815606389506431	-0.572420700843122
-0.01751459731753907	-0.8246346210614189	-0.5653945353712703
 0.049750704337816594	-0.8294092025445287	-0.5564218203416724
 0.11639489656775785	-0.830086411357119	-0.5453519760056258
 0.18254859489660605	-0.8270154464724232	-0.5317155835569363
 0.24900858172524046	-0.8194504984513973	-0.5162321249350343
 0.3158818853542363	-0.8051743263154805	-0.5019092933463829
 0.38073118858598193	-0.7853501490874064	-0.4881279600333237
 0.41353058156207745	-0.7642223382908784	-0.49493098081465076
 0.4812670249611788	-0.7153096473866577	-0.506669674482884
 0.5028782753784371	-0.685494262250537	-0.5265083632517159
 0.539148588803262	-0.6241473942152237	-0.5654722181379005
 0.5892760520865526	-0.5749094543063487	-0.5676555767245338
 0.604241510398722	-0.5422500388429168	-0.5838296776337484
 0.6311258223378915	-0.4747306904183501	-0.6134419026715054
 0.6735995057530414	-0.4206474402522542	-0.6077165760932349
 0.7128042493982122	-0.3643394811661382	-0.5993053015812899
 0.7481956279051134	-0.306047793887585	-0.5886748255533061
 0.7794702907135576	-0.24556906524640976	-0.5763001822738969
 0.806024967182008	-0.18474407128223436	-0.5623107507466917
 0.808891328036309	-0.1457250272367617	-0.5696130580178983
 0.8268970201791054	-0.07672983711438552	-0.5570941124400045
 0.8255443492816749	-0.009390943752753393	-0.5642591049726434
 0.8204809413650906	 0.058922924200162805	-0.5686291531924446
 0.8115541385924057	 0.1260222058986379	-0.5705245689310671
 0.7990125296002635	 0.19227460081018746	-0.5697450793337943
 0.7828366352262887	 0.2576469007611733	-0.5663787399574112
 0.7630954621067555	 0.32203462929921	-0.5603383024960884
 0.7398890628257467	 0.38521076666086373	-0.5515222932569344
 0.7133256853617546	 0.4469969741215792	-0.539777891108311
 0.6872330288495253	 0.4756429540085025	-0.5490669762063397
 0.6561974899308275	 0.5355505237708448	-0.5315924103081754
 0.6008103967913884	 0.5889513567711139	-0.5405211989042045
 0.5720359216271301	 0.613366207869227	-0.5445702887711777
 0.5158059784382284	 0.6593976430182209	-0.5469359569359074
 0.48751399417621016	 0.6829371368029687	-0.5439917027471297
 0.42626842617872235	 0.7286641997530557	-0.5360445063997523
 0.36188654050604846	 0.7484412253949944	-0.5557642161292893
 0.3285816997091111	 0.7691734903405797	-0.5480932478817466
 0.26031473018694495	 0.8075338760317047	-0.5292686277391752
 0.19353963868219654	 0.8190669159374822	-0.540066473200685
 0.12623414273195604	 0.826881119007241	-0.5480260543423652
 0.05845210824779707	 0.830865012912537	-0.5533955921031879
-0.009391906945775377	 0.8308445393353565	-0.5564253261135235
-0.07642616382053223	 0.827013818671542	-0.556962463017025
-0.14187019334927464	 0.820809999618777	-0.5533026231321004
-0.20750121811335848	 0.7949697906698092	-0.5700581342318275
-0.264662225628286	 0.7990796705908343	-0.5398384817460923
-0.32772595122700676	 0.7962481338392066	-0.508512153492849
-0.3823909382343685	 0.7563957036487018	-0.5307002071396101
-0.43353432178861495	 0.7149841398327345	-0.548494003266153
-0.4822186250668086	 0.6703921704215082	-0.5639499405764807
-0.5285721052614814	 0.6227925541838515	-0.5768370341722173
-0.5724176425708887	 0.5724726946647376	-0.5870375254929456
-0.6136127268591882	 0.5195765550501437	-0.5945751633550265
-0.652036471902595	 0.46411727543509695	-0.5995361489948033
-0.6812332189856732	 0.44068202124940764	-0.5845687790995638
-0.7363397273402396	 0.39020108228559336	-0.5527629883807826
-0.7620480515563809	 0.3633507590617465	-0.5359654774408296
-0.7667617890354719	 0.3273948427155622	-0.5521675251573339
-0.7726568028315226	 0.2532288637129171	-0.5821310914397502
-0.7936836452076648	 0.18789739521622845	-0.5785852056532645
-0.8114971338536108	 0.12143456922035925	-0.5715995513868435
-0.8193673937421682	 0.05462531263656945	-0.5706602748496902
-0.8316904503509673	-0.01522622337865577	-0.5550307711439327
-0.8305980381959386	-0.08397174052946194	-0.5505049007388682
-0.8250675406077008	-0.15088282506634731	-0.5445162316548133
-0.8156916460931776	-0.21673471783101758	-0.5363517507946735
-0.8025678810728777	-0.2816192913846914	-0.5259043363485185
-0.7857288773538766	-0.3454922106267829	-0.5130938156793897
-0.7651918881344887	-0.408243053117891	-0.49781420621970923
-0.7409797369755733	-0.46970107129695343	-0.4799270080065349
-0.7131665734742921	-0.5296378605148009	-0.4592136487390607
-0.6868240434260119	-0.5592798532153187	-0.464196918515618
-0.631332636885354	-0.6160830425050254	-0.4710210041400882
-0.6020052814642376	-0.643323572223707	-0.4729951611914155
-0.5401604900139543	-0.6960121004408577	-0.4730684951122725
-0.5093975010786734	-0.7196019940711944	-0.47189739989065793
-0.4450924568544226	-0.7639765268808871	-0.4671536912262511
-0.3888818692451099	-0.7788594192981216	-0.4920862696144061
-0.32374557126109027	-0.7825504002613809	-0.5317928883875589
-0.259969473550402	-0.8071329991420717	-0.5300492378240453
-0.19407249831067044	-0.8270717120875228	-0.5275303294257768
-0.15750966537431996	-0.8247058561212077	-0.5431859315124572
-0.09120928020182172	-0.8377748526891609	-0.5383439081170329
-0.024210688351695583	-0.8467503690928199	-0.5314392298379095
 0.043079087186898214	-0.8515843302875615	-0.5224445622798929
 0.11021202776997185	-0.8523458284425727	-0.5112337016193041
 0.17722125510065387	-0.8490055052924877	-0.4977773384994508
 0.24434796227385752	-0.8409766710232831	-0.4827549193195345
 0.3111954532642662	-0.8270480035319254	-0.4681335169815385
 0.3752223801733409	-0.8087733010111489	-0.4528729545784142
 0.43996850226695805	-0.7651816597324588	-0.4700263233288637
 0.46935931397377306	-0.743622736325454	-0.47615865045792627
 0.5015265686959288	-0.7225670180055822	-0.4757814680949739
 0.5386819294655336	-0.6676494369535982	-0.5138735332772385
 0.5563617628015318	-0.6377365355067661	-0.5326853669589579
 0.6062302060722689	-0.5892101336872111	-0.5341501245959543
 0.6362729981097095	-0.5239475718883517	-0.5662469547721932
 0.6497272540759815	-0.49022624363148093	-0.580975666758818
 0.692144888032068	-0.4360246660689097	-0.5751677533994514
 0.7311838838703576	-0.37974433651689266	-0.566713655077769
 0.7665403870739992	-0.321249369870142	-0.556070748504613
 0.7978069440721544	-0.26110167063917805	-0.5434427270464485
 0.8246143936077148	-0.19831351920115264	-0.5297951018620639
 0.84613597551234	-0.13924308761427817	-0.5144562891980456
 0.8478250937389971	-0.07801264669667299	-0.5245060889845236
 0.847744992036757	-0.006605205133729912	-0.530362894386231
 0.842864670836371	 0.06191743741593965	-0.5345515668293749
 0.834241746014014	 0.12918434451381508	-0.5360523429106764
 0.8218021852565353	 0.1953734801565719	-0.5352292700881495
 0.8056527166855258	 0.26067874721560114	-0.5319495190780201
 0.7858546715919319	 0.32503552253501306	-0.526102978729001
 0.7624605488086529	 0.38840084421306237	-0.5174927011320918
 0.7355518440939834	 0.4505037687115666	-0.5059741485754145
 0.6834342663928107	 0.5077118952367999	-0.5245438351131178
 0.6499394621258917	 0.5677166875166866	-0.5052489072591722
 0.5909998854023637	 0.621908188420184	-0.5137600029491572
 0.5576691334708456	 0.6494233839292692	-0.5169665424181077
 0.4922007631902418	 0.7032549000711604	-0.5130019047146371
 0.4595070864267251	 0.7277116485912982	-0.5092042753435573
 0.3938416158597226	 0.7506777670418203	-0.5304447866518335
 0.32659847515442414	 0.7922334794253589	-0.5154605223529678
 0.2922506847538709	 0.8114900305400864	-0.5060370219607884
 0.22573523898841297	 0.8250009024842262	-0.5180898694040029
 0.1587825794968873	 0.8347064367997757	-0.5273075542919299
 0.09133705154640934	 0.8406167824841743	-0.5338735505911145
 0.02366108295733651	 0.8426337588236442	-0.5379670079512524
-0.04362907116198017	 0.8407764246381553	-0.5396216340383542
-0.1097550445506029	 0.835685492871437	-0.538129712244101
-0.1818698166428713	 0.823654464608098	-0.5371374989008271
-0.22638929516502457	 0.8091643001433962	-0.5422186112705198
-0.3109658910076166	 0.8203250417963559	-0.47996566588834877
-0.36714836157580016	 0.7811131202052689	-0.505038982688856
-0.41927777117053816	 0.7417572781804206	-0.5234522813673086
-0.469067482140917	 0.6988181926053766	-0.5400266946010498
-0.5166673963593564	 0.652620083745028	-0.5542037782547828
-0.5618569200844388	 0.6035654939894193	-0.5657079598331077
-0.6044396611415784	 0.5518554737406763	-0.5745504609183669
-0.6442776066931873	 0.4975455099188421	-0.580822546973943
-0.702535911278778	 0.4503005711230466	-0.5510650497082491
-0.729999373007299	 0.4249841918176883	-0.5352470010322493
-0.7812593443161779	 0.37124173575801617	-0.5018101339650598
-0.8050051441111449	 0.3427843928879134	-0.48421645774081207
-0.7905116064112544	 0.29933511003969643	-0.5343125415209912
-0.7932838533116493	 0.2625390707849168	-0.5493395711091769
-0.8150968909891403	 0.1958581102671299	-0.545212489716098
-0.8325784384189668	 0.1275741195872756	-0.539015758481481
-0.8427973735555265	 0.059758423779287265	-0.534903279028388
-0.8525613386220724	-0.009985445067825366	-0.52253177393699
-0.8525615502696557	-0.08034682164193317	-0.5164137791091954
-0.8474449244646135	-0.1482740188117924	-0.5097567217257325
-0.8381806970295173	-0.21460672972221928	-0.5013951243131977
-0.8250350540931901	-0.2797476512688952	-0.4909769965354627
-0.8080836344942824	-0.34377943021888957	-0.47834772187278846
-0.7873549364134881	-0.4066575846050332	-0.46335926988516457
-0.7628656119193822	-0.46825856104526403	-0.4458362683302984
-0.7346740605784013	-0.5283873875545598	-0.42551238922798834
-0.6820118348037307	-0.5877024612090795	-0.43527654919193526
-0.6543692688653375	-0.6160158248512682	-0.43854915744697914
-0.5957162322406373	-0.670045348223052	-0.44290111985596553
-0.5647978957560198	-0.695592084399741	-0.44402138357290427
-0.5036126859275752	-0.7433591579780463	-0.4402174744634562
-0.47139863585972813	-0.7686640195362082	-0.4323643731622986
-0.4370112916267015	-0.784909521717892	-0.43924728081953157
-0.36424534935895886	-0.8006606442094414	-0.4756762116024854
-0.33004242808792156	-0.8033771389774917	-0.49563814242869675
-0.26686304494760843	-0.8268885313173292	-0.49501461798330904
-0.201597726801731	-0.8466427406322794	-0.4924981485072177
-0.12798446619995119	-0.8422562140005878	-0.5236644406381914
-0.06120235199980901	-0.853290361355628	-0.5178318562306431
 0.006092145018987161	-0.860197699429414	-0.5099243117026402
 0.07352397400429647	-0.8629892707147091	-0.49984371945430106
 0.14087459550706444	-0.8616751884576155	-0.4875143258789983
 0.20820840959518866	-0.8559417359036225	-0.4733001192817678
 0.27537841095639104	-0.8451303924397724	-0.45817174787816145
 0.3409020237312251	-0.8291414037551171	-0.44306923025070144
 0.4032985738719207	-0.8099119899183695	-0.42590237014994653
 0.43596215185383574	-0.7881825185065506	-0.4344022556014694
 0.49397171874025175	-0.7658476347461325	-0.41166654155828175
 0.5326772500006166	-0.7123045716141092	-0.45703079173007727
 0.5529621556517069	-0.6819663392704872	-0.4787011244179693
 0.5896176442354815	-0.6207350385120259	-0.5167582080331914
 0.6384319048002116	-0.5705053063694566	-0.51665113794268
 0.6533976357683474	-0.5380412485746436	-0.5325252523632775
 0.6802537539431408	-0.4707729103677353	-0.5618075267475128
 0.7209451719342587	-0.4155493211671174	-0.5545780564918072
 0.7581010609370674	-0.3581495066177466	-0.5449878093274724
 0.7914230182160317	-0.29870813983025235	-0.5333132788867885
 0.8206734764322997	-0.23693218643572603	-0.51995979086013
 0.8450365410674576	-0.17614622644484332	-0.5048621110461641
 0.8587022326495674	-0.10745981871731258	-0.501081692944265
 0.858686827384274	-0.041314915238652626	-0.5108326636537183
 0.8563283711096967	 0.02930052384403664	-0.5155998449719303
 0.8498046086029198	 0.0970793171419299	-0.5180808174218527
 0.8393557191449172	 0.163777615240881	-0.5183231323071822
 0.8250843937996175	 0.22950095423935668	-0.5162993851551078
 0.8070894275630294	 0.2943335850258114	-0.5118343449220998
 0.7854095850265169	 0.35821379680051907	-0.5047916991494917
 0.7600574207391503	 0.42119367395491025	-0.4948824165392372
 0.7312019222606796	 0.4827843619797857	-0.48193672687403516
 0.7051812104555545	 0.5109956124192648	-0.49153122434764973
 0.6714034872579524	 0.5707120331283315	-0.47276329440893244
 0.615982999540553	 0.6225570961536103	-0.48268789740971074
 0.5523573971057163	 0.6757621392877706	-0.4881053543732272
 0.5207165888334345	 0.7019917521309244	-0.4858619290022907
 0.4567486454055709	 0.7505972588615354	-0.477477151191264
 0.3926253167359768	 0.7729601440838061	-0.4983753367853548
 0.3584089023897066	 0.7940295465434792	-0.49097875504319155
 0.28934806452427986	 0.8327902798068172	-0.4719513189041181
 0.22308705628617254	 0.8464654694344266	-0.4834546249367424
 0.15632814197662928	 0.856219552480014	-0.49239170380608505
 0.08916478434047154	 0.8621315343095723	-0.4987773639436139
 0.0218495180958611	 0.8642046101297721	-0.5026658834548328
-0.04525912522444681	 0.8625339247864655	-0.5039710707732874
-0.11348806506915723	 0.8563383071226253	-0.5037907927316807
-0.1792651577820795	 0.8464334581807869	-0.5014124091777948
-0.21651006948628312	 0.8480188378653079	-0.48372248287279124
-0.24817510629817804	 0.8238044447926435	-0.5096619991266493
-0.33453231170590175	 0.8264855073982327	-0.4527801215660772
-0.38871649274475517	 0.7917265398094988	-0.47124152451741264
-0.44012481920146435	 0.7527692179622286	-0.48951879229648937
-0.4899410854294752	 0.7096280712367155	-0.506345468352435
-0.5377638159715636	 0.6632406480958551	-0.5205016051321
-0.5831187405055155	 0.6140301250499299	-0.5319206143800302
-0.6257938312055709	 0.5621277857419678	-0.5407350860836443
-0.6656332139416519	 0.5075870785679474	-0.5470720082115003
-0.6946891493781984	 0.4838630584838709	-0.5322438598714216
-0.7493959556447275	 0.43316640753881863	-0.5007719691069379
-0.7749465474181564	 0.4062509145218382	-0.4841673709522869
-0.8222827918043101	 0.3492140612386315	-0.4493334504972126
-0.8095939356051215	 0.3067192847675111	-0.5004807087022604
-0.8148883068236257	 0.23311345891481158	-0.5306742528848534
-0.8345748050045584	 0.16528960532776205	-0.5255133121265304
-0.8486735727121864	 0.09628482540405907	-0.5200792241349805
-0.8595575007891696	 0.02812369129414983	-0.5102645988358082
-0.8634261426383826	-0.04300554389255067	-0.5026388558429495
-0.8610268482054444	-0.11259611222004672	-0.495938385469737
-0.853953690787131	-0.18010051900450127	-0.4881873585472549
-0.842782624988372	-0.24605664482373316	-0.4787207688786819
-0.8277128399744517	-0.3107655956709265	-0.46724319052151225
-0.8088089820298262	-0.37430232115809925	-0.4535700640072441
-0.7860914201277484	-0.4366227397810662	-0.4375166994614208
-0.7595772194263404	-0.4975992702694182	-0.41885249665710705
-0.7293829862174833	-0.5570121665176709	-0.3971623166512112
-0.7030525891914527	-0.5867126386312731	-0.40185238148046837
-0.6478712519860165	-0.643169216106969	-0.40816197802149395
-0.6185831255168847	-0.6697067896434378	-0.4109108574024814
-0.5592374029244431	-0.7195066489650657	-0.41178114243537917
-0.535108663601227	-0.7442459484318888	-0.39969574226106946
-0.47877878031969984	-0.7851329610847204	-0.39285762425326504
-0.40938784038681886	-0.8078750846175531	-0.42395688907906465
-0.3760018844025741	-0.814186352432912	-0.44240611030782956
-0.3023057865443763	-0.8249743027373206	-0.47752341434201695
-0.23805131451565584	-0.8465796955807752	-0.47606133080489815
-0.1721700575809853	-0.864176810186556	-0.4728169963192417
-0.13516790932470502	-0.8620721501806144	-0.4884273171842055
-0.06811858136282553	-0.8731633631121188	-0.4826443827414241
-5.466364500744934E-4	-0.8800788209174788	-0.47482730561867625
 0.06730156512805609	-0.8828414790980554	-0.4648240765227979
 0.1351759887739071	-0.8813982226614507	-0.45261973570341874
 0.20284892504909394	-0.875491271418179	-0.4385970215095034
 0.2699121147770029	-0.8647098174636242	-0.4235851530432009
 0.335229647614247	-0.8492260740766427	-0.4079658790497072
 0.39785668502500204	-0.8303502332580763	-0.39016477071767336
 0.4627167978402294	-0.7881619903517981	-0.40582489076099887
 0.5245693401469339	-0.7414945183215467	-0.41834541550841475
 0.5511712654181965	-0.717795214121011	-0.4254177555794727
 0.5876901028876826	-0.6625567167085279	-0.46436940049090286
 0.605520362151002	-0.6328402537699915	-0.48255393919110434
 0.6539482493956938	-0.5834362257906065	-0.48161588174344916
 0.6838572647803383	-0.5185873242801177	-0.5132313596256005
 0.6972633609982618	-0.4849842624132921	-0.5278390574984413
 0.7377966251436023	-0.4297703307026455	-0.5205320381825213
 0.774754883675594	-0.3724206879921333	-0.5109380602150158
 0.8078903843766528	-0.31274170598254963	-0.4995055076481825
 0.8372625241475733	-0.2508592394839537	-0.4858612020151093
 0.8625197828656244	-0.18522710025843078	-0.4709039663193439
 0.8769392288071	-0.11343542088452162	-0.46702247726202706
 0.8784022478846839	-0.0366815790137256	-0.4765122796656916
 0.876418206123513	 0.03166815419488937	-0.4805083308176172
 0.8702958119034717	 0.0995719775108116	-0.48235943141796617
 0.8600289495548772	 0.16621502866590823	-0.48241348465100564
 0.8458271682608728	 0.23189556725867133	-0.4804173678350651
 0.8277871860383401	 0.29672974814434605	-0.4761510592206213
 0.8059356353605309	 0.3606917592648361	-0.46943498639796255
 0.78021846499551	 0.42373469305299655	-0.46011743803439287
 0.7753487442538396	 0.4560596021766076	-0.4368569148434175
 0.7506515527219612	 0.4863916301189523	-0.4471525785974375
 0.6994415623934429	 0.541726279443209	-0.4661696461131266
 0.6464299494671844	 0.5971073691565142	-0.4749643251138339
 0.6085447499893234	 0.6491598899964977	-0.4563603011658301
 0.578635544573961	 0.6750590987593638	-0.45768561233426525
 0.5172140025108001	 0.7259602470619946	-0.45328952700503233
 0.485729433361726	 0.7501579031645069	-0.4486981589954733
 0.4236253777373962	 0.7730081869532563	-0.47222863343944765
 0.35517397253367694	 0.815179381864446	-0.45753035376655243
 0.3205848967704657	 0.8346360692193975	-0.4478927951202866
 0.2548237821964915	 0.8503283079853247	-0.4604417538254864
 0.18842868544457045	 0.8620584581633872	-0.47047831534577134
 0.12158221030220795	 0.8698990211100561	-0.4780098944685101
 0.05447055679083887	 0.8738991564343593	-0.483045777153896
-0.012762114986350334	 0.8740850884397399	-0.48560517561941985
-0.08073814059107243	 0.8700736135195778	-0.48626459845528613
-0.14757068288619693	 0.8621349276455537	-0.4847125540834458
-0.21832286479769375	 0.8671885622539303	-0.4475702449923244
-0.2862013144455342	 0.844949653915492	-0.4518283855157167
-0.3148713813556182	 0.8464255549917908	-0.4294412568210511
-0.3718801631367905	 0.8150123586898934	-0.44436471444984327
-0.4245115531088094	 0.7781817458175488	-0.46284242648389345
-0.4751213649145134	 0.7367859376816008	-0.4810469526318757
-0.5241864597599558	 0.6917922844762837	-0.49664070568511504
-0.5709361247039615	 0.6438785931463449	-0.5093646030064382
-0.6150453769644667	 0.5932242286563537	-0.519426798316867
-0.6563270881786816	 0.5399205839025866	-0.5269919509832984
-0.7142259689008227	 0.492362192083004	-0.4974542563441388
-0.741478702777517	 0.46699105381836953	-0.4817973526089358
-0.7923881983638069	 0.41308146679327284	-0.44887040990209914
-0.8159722567863831	 0.38454201059547266	-0.4316442032995791
-0.8439720677061449	 0.3191936712242235	-0.4310760364277013
-0.8313507340671407	 0.2768181057452244	-0.48190008642627613
-0.8339249850876463	 0.23990877498481986	-0.49700392245117336
-0.853641234760399	 0.17156096313487437	-0.4917961755086918
-0.8680945670380374	 0.10215183384456916	-0.4857744595192648
-0.8784143849560735	 0.032831988292484376	-0.4767706249833408
-0.882585015451579	-0.0382197524261244	-0.4685967787179316
-0.8807198484618668	-0.10821341138819686	-0.4611099718299695
-0.8740422267177934	-0.17650290773314442	-0.45265539815178013
-0.863038656836776	-0.24302532261234847	-0.44283514920852624
-0.8479848878857101	-0.308028799655445	-0.43132341520057244
-0.8289951979004081	-0.37170341989782274	-0.4178558716762591
-0.806096903436238	-0.43412051543116614	-0.4021780207225242
-0.779286309420486	-0.49523222853708315	-0.3840024580233737
-0.7486372234719902	-0.5548855297803904	-0.3628282740808451
-0.6959978382163721	-0.6143664232472501	-0.371673118727354
-0.668248935019445	-0.6427184954488343	-0.37464155729625687
-0.6078088936876833	-0.6966463071399858	-0.3811197600523686
-0.5729337952561087	-0.7268758630559751	-0.3786797406253245
-0.514036399166383	-0.7718644839118163	-0.37415477921256685
-0.4533740132463777	-0.8107170285781499	-0.3703915545558361
-0.4183249348470401	-0.8212359315032388	-0.3880409690911869
-0.3473831946684691	-0.8365043061955779	-0.42377524913352776
-0.309952563546017	-0.8423858014079982	-0.44081239766759867
-0.2454316046987615	-0.8639811794988086	-0.439658786886875
-0.17950690257353036	-0.8815746138953583	-0.4365815754973027
-0.10528207165724372	-0.8774766717351494	-0.4679213352136919
-0.03778501869343357	-0.8864973981897012	-0.46118830792337656
 0.030149047594125553	-0.8913291432972271	-0.45235317312714673
 0.09825710226168285	-0.8919662171358321	-0.44129560313188165
 0.16623010979344666	-0.888283319023488	-0.4281591943923138
 0.23369803072791825	-0.8799790579596389	-0.4135481688828517
 0.2999774016257626	-0.8668280216499026	-0.3982747034351697
 0.36396712218875393	-0.8496917576188435	-0.3815125830169132
 0.4261046590099821	-0.8288919647399395	-0.3624540389615628
 0.45892022719700315	-0.8076974064016716	-0.370158242865756
 0.5231056031783455	-0.7608051379239603	-0.3841042437046526
 0.5816231606553	-0.7038572834391658	-0.40779826328587643
 0.6012706960178855	-0.6747194400538596	-0.4280504962309631
 0.6374448263070228	-0.614640399465176	-0.4646302538144695
 0.6843283779179047	-0.563974582240205	-0.4621983792304292
 0.6992366432678637	-0.53163229146275	-0.47794897571347117
 0.7259930055088224	-0.4644876451609163	-0.5071344826031197
 0.7646703496181863	-0.4082370236633422	-0.49861988420569103
 0.7996624667492525	-0.34969942305637247	-0.4881088534195431
 0.8306484424113858	-0.28900976256623556	-0.47591650765753757
 0.8583856717519142	-0.22393945144418387	-0.46154648803548876
 0.8802853731300434	-0.154871239501063	-0.4484557514724333
 0.8866801225422763	-0.07093129148875232	-0.456910398411058
 0.8874820783931522	-0.0010637889630306361	-0.4608410017392259
 0.8835272071921764	 0.06687117337026725	-0.46358162207239945
 0.8754205683096566	 0.134108941593442	-0.4643852068758053
 0.8632335745921029	 0.20024184561305833	-0.46339076270726065
 0.8471126179264865	 0.26544352955772604	-0.46036935732699574
 0.8271078130527961	 0.3298821156975544	-0.455049948170447
 0.8032090293716285	 0.3934495151310092	-0.44727255021861123
 0.7931680868509712	 0.45812355055316323	-0.40125702290394116
 0.7430182752769343	 0.5197416894967407	-0.42165438311911724
 0.718243829236858	 0.5466841466188602	-0.43042100970884756
 0.6698862358015809	 0.6015318078154416	-0.43521479210830527
 0.631013854423246	 0.6498936775796796	-0.42362686809016026
 0.5739794235097355	 0.699101589839355	-0.4263854928014295
 0.5444677925664833	 0.7239435104512967	-0.42362792227759755
 0.4827906045050196	 0.7718069453280836	-0.41379617125465307
 0.4200344161268811	 0.7940262384940511	-0.43942396595080974
 0.3858971117676084	 0.8150894575700597	-0.432102528675272
 0.31725908754419363	 0.8539752141279859	-0.4123990846567026
 0.25176684781587316	 0.8696963742211704	-0.42454878519130024
 0.18557342647111938	 0.8814796467263845	-0.43423050997701285
 0.11916959331271705	 0.8893394392255001	-0.4414453192273702
 0.05229597501328701	 0.8933029945321636	-0.44640216280533296
-0.01531829830445653	 0.8932654441826887	-0.44926851210179364
-0.08323494589337277	 0.8891881691930541	-0.4499070387860495
-0.1516164894029613	 0.8806379278552484	-0.44887557314242016
-0.18709305535392629	 0.8833670608474723	-0.429719471804608
-0.25465645054675085	 0.8653132141206633	-0.43172112950734454
-0.3254152595659995	 0.8593138165828511	-0.39456897175450506
-0.3881321468027874	 0.8261249617545994	-0.4084984506509434
-0.442513086875492	 0.7885182414223666	-0.42710789139057365
-0.4937758705343818	 0.7463606998500713	-0.4462410731850278
-0.5433390588858874	 0.7010522656294436	-0.46185321038704763
-0.5904453434689296	 0.6528920477883562	-0.4744536545444505
-0.6346500131665301	 0.6021748599349863	-0.48436019536085234
-0.6759320741849884	 0.5486995757839241	-0.49198029088828477
-0.704778353821338	 0.5249025521618734	-0.47724708770073904
-0.7590502169307536	 0.4741586579026183	-0.44611246935426924
-0.7844051495549367	 0.44720228595462247	-0.42978910734063225
-0.8313605667216426	 0.39018888592394213	-0.39571737566311405
-0.8528853278076545	 0.3602169859375119	-0.37792901536204443
-0.859192683908483	 0.32453126740572863	-0.3955595889296191
-0.8484729754626418	 0.2828481248844095	-0.44731481996346256
-0.853366554766562	 0.2089219053997545	-0.47761612268639386
-0.8706943558211048	 0.13974543709993922	-0.4715533390307173
-0.8825232312152751	 0.07012900580670768	-0.4650103965611016
-0.8903666645608862	-3.5905584558132083E-4	-0.45524397164336183
-0.8914523891461074	-0.0710975635984235	-0.44750170316554705
-0.887302967958591	-0.14044177277229697	-0.4392829970673238
-0.8785634607575676	-0.20810125849151007	-0.42990709651730097
-0.865579394641458	-0.27405446325909977	-0.4191258316304231
-0.8485543255160942	-0.3384850840043547	-0.40667358477591303
-0.8275655267792156	-0.40156497224730736	-0.39227652485288833
-0.8026141737866868	-0.46337009164496756	-0.37563099739724487
-0.7736955531171359	-0.523838886918783	-0.3563537731503059
-0.7411447893333815	-0.5826628913431452	-0.3334791692079492
-0.7151025083792123	-0.6122789568084189	-0.33725788583716343
-0.659512872812997	-0.6683442562909774	-0.3440330299212682
-0.6299361532485557	-0.6948346261667646	-0.3469658270062121
-0.5757754367260395	-0.7434123208422515	-0.3403245035005206
-0.5205421566135818	-0.7836562939356615	-0.3389965724946278
-0.4610672978350104	-0.8220669323856136	-0.33410014298893853
-0.3907136919864452	-0.8432994450456365	-0.3690377445195048
-0.3546514201530442	-0.8512222512435131	-0.3868372386047583
-0.2817830377907024	-0.8616607576441655	-0.4220652299698788
-0.21635867185654062	-0.881386610242336	-0.4199363861324697
-0.14973053457751967	-0.8969198376349341	-0.41607159464694776
-0.1124480505354043	-0.8949438461872707	-0.431776502489797
-0.04461194013096729	-0.9040279821082309	-0.42513901533859627
 0.02370642389936733	-0.9088497979307529	-0.4164493369752595
 0.0921955258953619	-0.9094289658735346	-0.40551071630114927
 0.16041951099747884	-0.9056838126958741	-0.3924314104553746
 0.22790615589119068	-0.897402975273559	-0.37779185284633165
 0.29400232527666964	-0.8845304213589962	-0.3621720122019207
 0.3581432911989522	-0.867538014274161	-0.3451248712544898
 0.42046971282126283	-0.846665449664236	-0.3261331583032646
 0.4858134798419886	-0.8048462065372204	-0.34089272011362165
 0.5167369054944839	-0.7824132419212113	-0.347580910532102
 0.5741185559708816	-0.7360235999122259	-0.358688087427165
 0.5953066883399626	-0.7110539712661266	-0.37418203693440066
 0.6337685153842537	-0.6554424581522675	-0.4107708034402544
 0.6515464672092465	-0.625949150173737	-0.4285730538238805
 0.6977858846027796	-0.5762560390341718	-0.425468960942821
 0.7277012983038664	-0.5114005102453265	-0.45707804428531346
 0.7411020833921186	-0.4777558602305469	-0.4717171186285607
 0.7795856602079195	-0.4214681897394121	-0.46326101005368997
 0.8144294480139351	-0.36287720347448743	-0.45279665348393683
 0.8452102430177628	-0.30196677039627523	-0.44094865310407466
 0.8712887519243891	-0.2386157541345935	-0.428857123817268
 0.8965628373395418	-0.13520924893588193	-0.4217742734020949
 0.9047840037184671	-0.06758002765392362	-0.4204745491435549
 0.9054226021664501	 7.635460867533059E-4	-0.4245106930143313
 0.9017658391299918	 0.06890095497720151	-0.4266978202210691
 0.8938162794522558	 0.135996865395503	-0.427314066219127
 0.8817571524230083	 0.20215973892842568	-0.42618747530547946
 0.8656691630684035	 0.267282690132453	-0.423292881664704
 0.8455704576118362	 0.3315610948323376	-0.418423041439751
 0.8213914085895574	 0.3953778126394994	-0.4110870214050402
 0.8162238049136938	 0.42777891171942245	-0.3883090302585806
 0.7858914938427725	 0.48981960577126893	-0.37742722968494796
 0.7606350236825998	 0.5192740045186952	-0.3896009098789289
 0.7041404052668152	 0.5806835444349769	-0.40864766106404854
 0.6593302536453427	 0.6300120236279283	-0.41032726781462
 0.636814006392433	 0.6648520450286562	-0.390435243649484
 0.6018661786238887	 0.6948530999446986	-0.39361945140696525
 0.5404045171861261	 0.7450327861489098	-0.39101036478336865
 0.510923057893426	 0.7691413790516254	-0.38389994522452686
 0.4498724013982461	 0.7925530377769825	-0.41167281276597845
 0.38155993229449964	 0.8344141664419952	-0.3976996566610632
 0.3479713678543701	 0.8537641229806219	-0.3873018841481263
 0.2830276155351924	 0.8714444828195538	-0.40059940365385455
 0.2170801379609315	 0.885252916781453	-0.4113435146356298
 0.15109400718394372	 0.8950921321747081	-0.41950050764216446
 0.0846593092480218	 0.900963517385429	-0.42555556828471175
 0.017368050583810052	 0.9028538793001631	-0.4295965822158793
-0.050593595048483646	 0.9006892120992648	-0.4315080895511416
-0.11926940317714628	 0.8942554404752067	-0.4313722483496845
-0.19220375657419062	 0.8991915882280161	-0.3930804035038466
-0.2581527636560814	 0.8824693055779815	-0.393198518981751
-0.29585633398072314	 0.8781755856253118	-0.37586788963028966
-0.3632997521589328	 0.8494099332274337	-0.38277415719432345
-0.42330212445942345	 0.8131796225103264	-0.39944237752409534
-0.4766686834563073	 0.772578572471933	-0.4194154450771466
-0.5277408724152466	 0.7284366961298514	-0.4368861995003061
-0.576526779297385	 0.6814187716407225	-0.45087174496594185
-0.6222478386098885	 0.6320318373675853	-0.46189109528012834
-0.6650005402213494	 0.5799087805326489	-0.47061671003742495
-0.7224435291044288	 0.5323294133688765	-0.44124907129362445
-0.7494643735888653	 0.5069769038437308	-0.425767039224591
-0.799935848427145	 0.4531347096072648	-0.39341018460416594
-0.8233102135648352	 0.42468417729599967	-0.37656824320997295
-0.8661588933413629	 0.3649148228358711	-0.3414761244367324
-0.8787627466697002	 0.29323450444216503	-0.37654954583704175
-0.8680789815262859	 0.2516114713986819	-0.42793755302950076
-0.8704481687796989	 0.21457355501459435	-0.4430329276210378
-0.8877395825536801	 0.14504138344403056	-0.4368997947539685
-0.8997828018883124	 0.07495328048596922	-0.4298522015418901
-0.90728110051053	 0.004250448806871082	-0.42050319658873225
-0.9086624209895788	-0.06651195771235138	-0.41219990800899975
-0.9048493350849888	-0.13606659645812832	-0.40340248155478015
-0.8963808889372922	-0.2040738763722871	-0.3935163972827288
-0.8835576986438664	-0.27039908328284284	-0.38237433089441675
-0.8665825293779182	-0.3350480608189514	-0.3698344450134817
-0.845556251421056	-0.39815584504034035	-0.3556775910048094
-0.8204743964327612	-0.4599180691821126	-0.3395543173604101
-0.7913033494713619	-0.5204076547877702	-0.3209593151065988
-0.7582157027782417	-0.579490922962537	-0.29882974795780287
-0.7067755405763019	-0.6383358059463801	-0.3049520193241255
-0.678425356128222	-0.6658674319021289	-0.31041842615147547
-0.6141338902146701	-0.7223515938226214	-0.31788007139755425
-0.5511075172445151	-0.7691316555356137	-0.32360006317927836
-0.49455654594280984	-0.808706223136922	-0.3184463338220943
-0.4336534432571275	-0.8445478822958704	-0.314139404820214
-0.3984239330265211	-0.8550811312689482	-0.3318051062589216
-0.3264521141690373	-0.870809587642438	-0.36758628813459987
-0.29014044426804086	-0.8759529764902685	-0.3853892909484944
-0.22394992695471455	-0.8962860786161598	-0.38277629954824144
-0.15703088910731322	-0.911968689949586	-0.37901768879275605
-0.08211922514887604	-0.9081801662138881	-0.4104451468304417
-0.013835736376224154	-0.9151446047845685	-0.40288822858532847
 0.05479792790074802	-0.9178351574596892	-0.3931613038292708
 0.12335267852663377	-0.9162547132627767	-0.38113175822024087
 0.19132349503721147	-0.9102699077097206	-0.3671566632445651
 0.2581760644458876	-0.8997355367534229	-0.35188220138316617
 0.32330238894819824	-0.8848364074929633	-0.3354699647887048
 0.38654120999085595	-0.8659068480376471	-0.31747633533904895
 0.4487201783316965	-0.8425961301913749	-0.2977951694445198
 0.48226275481290765	-0.8212816566507721	-0.3048263042606867
 0.5455828541712067	-0.7755804367324151	-0.3175127326460408
 0.5756891725798228	-0.7512081621741802	-0.3229059826903955
 0.6252920427684869	-0.6958824927764946	-0.3532101605242758
 0.6451921454825555	-0.6671482019010042	-0.37234442671788964
 0.6812679423718693	-0.6074195818305763	-0.40855286353808284
 0.7258473031553879	-0.5563442759191406	-0.40450802112449863
 0.740893709720841	-0.5238024805104552	-0.4203658790948483
 0.7677813573094026	-0.4563234097254038	-0.4497563041300396
 0.804409069356559	-0.3988114765572687	-0.4403129061282739
 0.8372581997028608	-0.3389575973801349	-0.42907628017476224
 0.8656111528848429	-0.2772469259103805	-0.41695500245784
 0.8885640764777588	-0.2144128057712247	-0.40556261010420896
 0.8949087468966473	-0.17123404979893694	-0.4120888677425388
 0.9104341257363664	-0.10264203276224931	-0.400717251693874
 0.9140710955423899	-0.03251372502864719	-0.4042485497545994
 0.9126467743663987	 0.03571441840712433	-0.4071858857529922
 0.9069084659912447	 0.10339219645005415	-0.4084447184462552
 0.8969572713413974	 0.17005276574871622	-0.4081050235527707
 0.8829175030044847	 0.23569538700044343	-0.4060841876200515
 0.8648329374939615	 0.3002971405576829	-0.40235011817873867
 0.842657741684327	 0.36410953726604267	-0.3966764112615952
 0.8324358530082111	 0.4279068361246489	-0.3520600662163842
 0.8012697831704557	 0.4919002388068179	-0.3405890333521716
 0.7523315382551891	 0.5473244409117317	-0.36665135064150733
 0.7156153595195861	 0.5901679771289488	-0.37362603762475965
 0.6965555757240219	 0.6222894485502324	-0.3571640689526653
 0.652896127535707	 0.6707954882214349	-0.3517954798325936
 0.5987368284093635	 0.7179953555063613	-0.3549603918433582
 0.566703015120407	 0.7398316953136127	-0.36262481335786395
 0.502220981609019	 0.7898841568303406	-0.3519333806561908
 0.44611747471657026	 0.8113667705997403	-0.37770777370747777
 0.4111325911225059	 0.8324746557413992	-0.37142420500706924
 0.3453249707863107	 0.870541943609436	-0.35058150117788467
 0.2791382751068182	 0.8886016527624817	-0.3639628086469497
 0.21393896073827495	 0.9025405677860788	-0.3736986012532153
 0.1484508031060505	 0.9123700663272614	-0.3815012727726577
 0.08225505943586096	 0.9181222051318766	-0.38766702418568366
 0.015080779657538507	 0.9197815441621371	-0.3921408944545767
-0.05354272179258546	 0.9172854964580472	-0.3946143622966041
-0.12285585006869168	 0.9105336937487647	-0.39475920844500917
-0.1599948406908379	 0.912840229317025	-0.3756652322118126
-0.2281970727532101	 0.8988956987727618	-0.3740489522972827
-0.3049793446676294	 0.8894357006215197	-0.34042874994043876
-0.37295836495010654	 0.8601541965975296	-0.3479034580015004
-0.43512541826320134	 0.8237347256755604	-0.36349274008910243
-0.49122300468206614	 0.7817275764170315	-0.3841899997921307
-0.5450740350019301	 0.7357849165449788	-0.4018891052910162
-0.5941821961072699	 0.6890532426068025	-0.4149134207062881
-0.639959487954568	 0.6397491257341814	-0.4256441117873918
-0.6827120283574412	 0.587533015890691	-0.43440676971527215
-0.7113088814700452	 0.5637785981409427	-0.41975393675350664
-0.7650899050872033	 0.513156470522714	-0.38898312803298496
-0.7902093918553476	 0.4862954212176646	-0.3729421943496557
-0.836724533540575	 0.42958484904425587	-0.33963055287022015
-0.8580513356159819	 0.3998047948074269	-0.3223414827424809
-0.8855826776794153	 0.3337146135818943	-0.32307565317746206
-0.891890503935185	 0.2977131739945528	-0.34043823965637426
-0.8831715993831274	 0.25665626452125967	-0.39260092705575994
-0.8877401528469184	 0.18249477596010685	-0.4226264044881727
-0.9024203192355509	 0.11241600786278395	-0.4159329376317785
-0.9122799774553023	 0.042010005644493004	-0.4074069245360256
-0.9166689480118949	-0.028977670164635913	-0.39859545203451047
-0.9154917212471998	-0.09922827458214405	-0.3899085249789882
-0.9094361621060346	-0.16811827105769048	-0.38034473046227346
-0.8988618590482322	-0.23541733350014543	-0.36962959491366126
-0.8840039005653904	-0.3010178940868886	-0.35766650839108516
-0.8650183275231907	-0.3649314112950111	-0.3443375641709939
-0.8419619469335083	-0.4272920777218988	-0.3294261073929008
-0.8147865715387576	-0.48833580119849995	-0.31249158085928713
-0.7834370204341531	-0.548171402970866	-0.2928046242432125
-0.7487605916392653	-0.6063424536337215	-0.26778051708340483
-0.7244052005879236	-0.6351575327216472	-0.2679776371045165
-0.668713448172266	-0.6885375743667872	-0.28060351551372154
-0.6100028720398464	-0.7397688931328811	-0.28396915476172896
-0.5584308681933267	-0.779112876366806	-0.28484748783917563
-0.5010695012730965	-0.8187927845104653	-0.2801923106145653
-0.4406248188919003	-0.8541100918648108	-0.2763072926130699
-0.3703329028962688	-0.8749112618758449	-0.3120638153891596
-0.33430649267329265	-0.8827783489829597	-0.33006295690883264
-0.26110901359802613	-0.8934094871395122	-0.36557020024474096
-0.1943754884977738	-0.9115376456648102	-0.3623772757874132
-0.12680686724198068	-0.925127748946173	-0.3578528560037792
-0.08915913282083383	-0.9233110476829008	-0.37356038101134503
-0.020563854139117294	-0.9303141506937627	-0.3661867131968177
 0.04840084380630002	-0.9329995053404057	-0.35660802199809905
 0.1172040500111406	-0.9314064488997577	-0.34459430872974284
 0.18526025326160547	-0.9254456593075362	-0.33049806388280933
 0.2520713927842268	-0.9150156154192708	-0.3149705327149089
 0.3171871657375923	-0.9002416324622909	-0.2982571123594252
 0.3806222545754195	-0.881223264531408	-0.28030743366977057
 0.4426770729935085	-0.8577577031326092	-0.2613211276620603
 0.5109009329884042	-0.8141848537328779	-0.2758319427179357
 0.5432704597303001	-0.7907457092090074	-0.28209649227165584
 0.6049916457855058	-0.7382783517480571	-0.29821164274708883
 0.6318011694039297	-0.708648773615057	-0.3140767390204229
 0.6739398369636527	-0.6492581789948394	-0.35251796147389475
 0.6924180346568215	-0.619032946645614	-0.3706149973344753
 0.7369815273177556	-0.5678035171604793	-0.3666843251252744
 0.7672597067682361	-0.5025605040499883	-0.39842876670609834
 0.7807460701388343	-0.4687272521059422	-0.41319527719466903
 0.8172246033805539	-0.41106482622358587	-0.40394263982806955
 0.8499890899466438	-0.3510868596980936	-0.39275509407136605
 0.8784626374962167	-0.2896171626292556	-0.38003327963978345
 0.9014766931637959	-0.2277840558290235	-0.36804102433363006
 0.9182819260064379	-0.16463154136318284	-0.3600760474653786
 0.9250574027120135	-0.10278957673570441	-0.3656543512693352
 0.9296158233009566	-0.0319650658422115	-0.36714119305001414
 0.9285207329026323	 0.036962072815238105	-0.3694361294502202
 0.922933166137847	 0.10472582629039896	-0.3704414557667143
 0.9131094831644031	 0.17153443748555605	-0.3698743144795954
 0.899146645787982	 0.23722330911355258	-0.3677776651476233
 0.881090263095008	 0.30176365645681114	-0.36416842795742915
 0.8589102138951848	 0.36520301042882347	-0.3590264692752506
 0.853816557605786	 0.3969712660429429	-0.33676564535960135
 0.8252624442039058	 0.45880986626639575	-0.3292953154893145
 0.7902907670480074	 0.5253258703152734	-0.31539377529712365
 0.7658939292011169	 0.5522559708977878	-0.32927166871842595
 0.7220103186057505	 0.606395720247481	-0.33314460867971696
 0.680710067816092	 0.6513779028787732	-0.33517253947043935
 0.6311713645276803	 0.7016851982248388	-0.3305458987681363
 0.580016087464051	 0.7449370490375182	-0.32962119357554737
 0.5278184348026626	 0.7844343881728649	-0.32568449538522787
 0.4734156474570254	 0.8130271306734719	-0.3389166704836261
 0.40920294160168674	 0.8489753523566141	-0.3343558040104727
 0.37741117915794475	 0.8674205783351189	-0.3242565992040531
 0.3097531236276449	 0.8880791956386995	-0.33965915956534665
 0.2448933820394846	 0.9041658637843805	-0.35001617419814796
 0.17986653460173077	 0.9160384934008965	-0.35849896560266425
 0.11417330484092095	 0.9237900381490437	-0.36548108279128555
 0.04761204362140303	 0.9274129881718679	-0.37099628390634953
-0.020161070628398944	 0.9268352744048749	-0.37492653327012904
-0.08980785220372745	 0.9220077130551417	-0.3766116391581401
-0.16488046967302328	 0.9261489416981853	-0.3392087388493032
-0.2355225496222032	 0.9114613643302529	-0.3372941000858017
-0.2750659354487709	 0.906395883936197	-0.3206013611000633
-0.34384571276189485	 0.8809190432499381	-0.32519496468253967
-0.40921546409291043	 0.8478047842530768	-0.3372977197444684
-0.46907996758948944	 0.8083752637584192	-0.3556591302775029
-0.5273348086628099	 0.7615014193668531	-0.3768734374758005
-0.5784285382666948	 0.7161488555506358	-0.3905780879826331
-0.625806717924099	 0.6683159093536197	-0.40214400045992404
-0.6700675635246974	 0.6175595544868766	-0.41186121081505855
-0.7269831426112222	 0.5701547109359024	-0.38264750875539355
-0.7537452362734808	 0.5449073402349809	-0.36734739600693156
-0.803723918829118	 0.4913672901927449	-0.3355384455328549
-0.8268707174745316	 0.46312366851527104	-0.3190631352007169
-0.8693134512189915	 0.4038507938979517	-0.2849537853718048
-0.8967182751718493	 0.337635723808596	-0.2861790575515078
-0.9093108206175633	 0.26543411693340635	-0.32046616213821505
-0.9005656166851113	 0.22441859465590328	-0.3723142012027404
-0.9027599743737584	 0.18729132118759856	-0.3872291178055893
-0.9174329705911578	 0.11702037633361993	-0.3802932762947854
-0.9271759218111463	 0.04639314388317473	-0.3717424998763073
-0.9315991858931669	-0.024544009184011315	-0.362657618776118
-0.9306337355900278	-0.09478736467919607	-0.3534631602853733
-0.9247949444386037	-0.1637596156915678	-0.34341971261031284
-0.9143989015061827	-0.23120963097715214	-0.33229016757601454
-0.899660012825879	-0.29698284797073665	-0.3200203889337827
-0.8807329865820994	-0.3609993588144464	-0.30657604159773233
-0.8577020953553524	-0.42326853533796044	-0.29187473788578583
-0.8305367203493176	-0.4839551890530437	-0.27567395803744793
-0.7990343018527999	-0.5435435720855153	-0.25710808954042463
-0.7632331420784767	-0.6024438926160741	-0.2335305699102541
-0.7135320950767859	-0.6595226308047536	-0.23643571801170252
-0.6858643592155401	-0.6857586865360661	-0.2435674538976543
-0.6377044676624665	-0.7162074419365085	-0.2835135129726501
-0.5878524066155872	-0.7645683586070375	-0.2643194526575808
-0.5333126305725228	-0.8040221463949938	-0.26291828802539274
-0.47447432984356175	-0.8413841675872789	-0.2587407831265972
-0.4127272586013474	-0.8741920897391765	-0.25582103167032305
-0.37760395009073555	-0.8845218524215959	-0.27392763545239845
-0.3054853440632203	-0.9003019191901713	-0.3100567026610942
-0.2687251882719452	-0.9057069314236379	-0.32784405982019216
-0.20194406408010218	-0.9240040943989526	-0.3247076046488334
-0.13405348929742097	-0.9378062239542656	-0.32023295945268976
-0.058396722729023125	-0.9343406450943308	-0.3515641928570362
 0.010586961538672309	-0.93919318033065	-0.34322599881969607
 0.07968599816561953	-0.9397406767180904	-0.33247195703964966
 0.1482583990549524	-0.9359916525336883	-0.31927899006498656
 0.21576093572304011	-0.9278255845526497	-0.30428096106304797
 0.2817562399185027	-0.9152372108542842	-0.2880178278069919
 0.34603662978947203	-0.898351257932668	-0.270598721753701
 0.40869401730691685	-0.877135738285105	-0.25219456148096697
 0.4697677956556327	-0.8514631918460468	-0.2330850726584391
 0.5036910674689131	-0.8294812575227167	-0.24136311228222013
 0.5712877286361059	-0.7806414137248572	-0.25343502971660314
 0.6033711445436318	-0.7528297104264515	-0.2630412306679944
 0.6596580030799921	-0.6908201830451277	-0.2960047189995685
 0.6819965567859543	-0.6603722534660003	-0.31430746631974826
 0.7200892426976855	-0.5992545277498266	-0.3498077951138401
 0.7630878207910653	-0.5466505899965196	-0.34477544897628687
 0.7782743838045106	-0.5140152762273524	-0.36066227875760476
 0.8053103186448413	-0.4462106597553118	-0.3903477139741867
 0.8399342305323962	-0.3872399856317198	-0.3802047894331383
 0.8706952169440956	-0.3262145579410584	-0.36806779454061744
 0.8969006280412176	-0.26429543602446476	-0.3545661939834473
 0.91722075572255	-0.2014024988101772	-0.34371953500604385
 0.9293853603740746	-0.1331257364329784	-0.3442679047217864
 0.9352672458363513	-0.06699035058506497	-0.34754492054146946
 0.9369175223973426	 0.0029015985286641203	-0.3495384627631178
 0.9336483028866	 0.07144285021953235	-0.3509939681383164
 0.9259967832280519	 0.13884730216858157	-0.3510717649310564
 0.9141403239484597	 0.2051769305312652	-0.3496425250297421
 0.8981523950879937	 0.27032777084901977	-0.3467638555350031
 0.878057590352898	 0.33425471743508295	-0.3424743083737162
 0.8677458203281696	 0.39791731394350605	-0.2977901989102012
 0.839500252286316	 0.45875310728484137	-0.2911784898781412
 0.8072115689987996	 0.5173787385436901	-0.28412800597166826
 0.7494785991127118	 0.5842996927722646	-0.3112486120423423
 0.7325478544316812	 0.6144331143962364	-0.2929941789539204
 0.6877828709534883	 0.6635390782044096	-0.29439873321503873
 0.6401039965725129	 0.7103144092705734	-0.2927803162005481
 0.5889947236196662	 0.7539534958444483	-0.29092841327743996
 0.5338342573589214	 0.7946653950620759	-0.2890119297899034
 0.4748799888957628	 0.828873006999432	-0.2957338912165458
 0.4434684549475171	 0.8405396949687978	-0.3111731843334557
 0.3701476329474677	 0.8821633752275432	-0.2911674934303892
 0.30605648677806485	 0.9029872384017907	-0.3015683573994062
 0.2419163434275571	 0.9191053038955808	-0.311001484134164
 0.1771237662736606	 0.9309648280315264	-0.3192673807160143
 0.1115278232562068	 0.9386506806216122	-0.32633792977267717
 0.04506396962533023	 0.9421265698412645	-0.3322149380156477
-0.02238156300413252	 0.9412897728522025	-0.33685698621424104
-0.09131974481073842	 0.9359599311884387	-0.3400583941287658
-0.1265692895109912	 0.9380611746607602	-0.3225235612273273
-0.2043769252403163	 0.9253276797965931	-0.31937244313116264
-0.2851012444267377	 0.9153100272899161	-0.2844729062122772
-0.35228594239071437	 0.8900952435131718	-0.2891799997736944
-0.41608392362647356	 0.8579487381515047	-0.3013272825414917
-0.4909512804355857	 0.8074672588507479	-0.32705269624743716
-0.5437150850217474	 0.7669734781681147	-0.3407720500664611
-0.5941270631844672	 0.7225343968204254	-0.3534926847943879
-0.6414678176940222	 0.674869401198247	-0.3647880620157251
-0.6857495686817441	 0.6240704741969543	-0.37454448639432775
-0.7140694516658329	 0.6004410853273326	-0.35996572232448987
-0.7673136962912397	 0.5501183612726352	-0.3295443522116347
-0.7921791939540024	 0.5234536517333699	-0.3137648787761107
-0.8382313618229409	 0.4672474839318343	-0.2811547133089331
-0.8593535438409008	 0.43776807104818133	-0.2643304800034229
-0.8885572390184429	 0.3728978436453469	-0.2672325414177185
-0.9140375549930722	 0.3054192724596686	-0.2669352282342919
-0.920333078156447	 0.2692332149931336	-0.28372610242193114
-0.9135886195654959	 0.2287282818634411	-0.33621303852796997
-0.9177259505569222	 0.15445264739845868	-0.36595554290924615
-0.9298427739762207	 0.0839087526042649	-0.35826210645364587
-0.937011861364869	 0.013048833102907161	-0.34905372024402787
-0.938722339776769	-0.05761341920475032	-0.3398250472398497
-0.9353575366401523	-0.12725212164513097	-0.33001996331628025
-0.9272906534218865	-0.19550900840539132	-0.31923074994234424
-0.9147640538448835	-0.2621828890136538	-0.3073546136008523
-0.8979555410118891	-0.3271362409455751	-0.29437684390258073
-0.876992207377094	-0.3902908609878543	-0.28028148713251055
-0.8519292000139714	-0.45164974584757617	-0.26500782109095344
-0.8226876531087756	-0.5114075175779835	-0.24828889702743326
-0.78883018252498	-0.5704378662342994	-0.2287959438094705
-0.7553224915924451	-0.6258283721719141	-0.19449108534643142
-0.7277758987946926	-0.6564419330473495	-0.19856039300584757
-0.6737887336915291	-0.7074793958700526	-0.21326426510250407
-0.644528663685548	-0.7312249053288089	-0.2233672749410628
-0.5952368521700674	-0.7709021191518592	-0.22672232467457254
-0.5388818877902294	-0.8122292834425815	-0.2233604757560953
-0.48052693047767314	-0.848939733922971	-0.21998908439397805
-0.41905054492424065	-0.8816540970199597	-0.21698546957484646
-0.3489129712233618	-0.9022034962351059	-0.2535519471296503
-0.3128407750535441	-0.9101046377190477	-0.2717355292672983
-0.2392320131910196	-0.9210165890720349	-0.3074028082478855
-0.17180160254884588	-0.9371559373468247	-0.30368233148677387
-0.1033709908643467	-0.9487929906691505	-0.2985067823430696
-0.06536838304988857	-0.9471260562031656	-0.31413246912486037
 0.00389406655845305	-0.9520234451370166	-0.30600032051467596
 0.0732503174879913	-0.9525874640030826	-0.29531595692086193
 0.14196184189184552	-0.9488641564233602	-0.28196391276484273
 0.20948197026264462	-0.9407404745509951	-0.2666920765160621
 0.27547695119819876	-0.9281978904605587	-0.25012222113021904
 0.3397606996433224	-0.9113155078059917	-0.23252249828820418
 0.4022466841596532	-0.8901361883242075	-0.21413820611515236
 0.462743693884227	-0.8647238449987467	-0.19524585952322868
 0.5291702736137136	-0.8212459747285329	-0.21338666902074616
 0.5944576801083014	-0.772289718589793	-0.22402825072020485
 0.6458406316334719	-0.7235179822079738	-0.24374496497975107
 0.6673478163754979	-0.6977243628136349	-0.2604373351022508
 0.7100971964510566	-0.6397418692119562	-0.29409575374279434
 0.729127893536501	-0.6094619970885425	-0.311333565443674
 0.7719964073283758	-0.5571554000147588	-0.3059402021743379
 0.8025123647613066	-0.4917945647746338	-0.3378046927787479
 0.8160467400517877	-0.45782765402770853	-0.3527910957752972
 0.8502953738480484	-0.3989921626898935	-0.3432244620137812
 0.8814449621234879	-0.3368497278042946	-0.3310393324444933
 0.9083604143512953	-0.27356299479048996	-0.31629834890622094
 0.9290959595983861	-0.20706425850338583	-0.3064393752578106
 0.9421328460962355	-0.1359917000679155	-0.30641794630740093
 0.9487125804063555	-0.06580882996828608	-0.3092145495880159
 0.9502324811773503	 0.003209882913312037	-0.31152516490200244
 0.9471987676904914	 0.07209611894412288	-0.31243662416370116
 0.9396965746614817	 0.13977854613338242	-0.31214148332177255
 0.9279201594940174	 0.2062764684860878	-0.3105063544494793
 0.9119648523249128	 0.27155636774475345	-0.30753413999306906
 0.8918891426107224	 0.3354901234904313	-0.30328226841258865
 0.886604475242157	 0.3674858846718656	-0.28086763616963023
 0.8604454713354851	 0.42905979585763665	-0.27484774409999824
 0.8304226676653613	 0.48857939791688315	-0.26774682996950844
 0.7949254076785509	 0.5457308308033696	-0.2650876393530139
 0.758334258830306	 0.5918937327699408	-0.2731134580938045
 0.714447983300714	 0.6439896505906789	-0.273571579462557
 0.6682243333045567	 0.6916728232008609	-0.27397982777027835
 0.6185499025311857	 0.7367465841059571	-0.2731309006444799
 0.5650285273398113	 0.7789804965783824	-0.2719046694021658
 0.5070086900282796	 0.8176179453933702	-0.27284259859217697
 0.4473286786549001	 0.8511670808770991	-0.27461182364206266
 0.3983152066225113	 0.8772142367400585	-0.26803018306493537
 0.33630133048566885	 0.9000797133109356	-0.2770522059101371
 0.2726652386412087	 0.9184042321957517	-0.2866833338749651
 0.20827178640807256	 0.9323881222750042	-0.2954238521630951
 0.14307364113260773	 0.9421547407613702	-0.3031078647510376
 0.07704446636471061	 0.9477088989698806	-0.3096966144727347
 0.010186844345144113	 0.9489777373227353	-0.31517849271184323
-0.057559815467915734	 0.9458264241010991	-0.31952972180288275
-0.12715262530689833	 0.9503426142805317	-0.2840442313443595
-0.19323151807080163	 0.9381180360846375	-0.2873954258452217
-0.2265771706896847	 0.9348689826251241	-0.2732814868367834
-0.3234720330037454	 0.9075575474487034	-0.26777815805871563
-0.3885576611328053	 0.8791897282531264	-0.27576868152347933
-0.4708143047498983	 0.8279280491277722	-0.3047442139079123
-0.5255842926901159	 0.7902758876040449	-0.31500027420475296
-0.576728437662366	 0.7480056136920946	-0.32843859559534
-0.6254887098741377	 0.7020679783994279	-0.3403886418876625
-0.6712969094971718	 0.6528434304772154	-0.350935769881452
-0.7276473162164893	 0.6057560675505006	-0.3218524037951157
-0.7541362404147003	 0.5806923292334956	-0.3067163994027043
-0.8036023313095646	 0.5276174271132819	-0.2753963393369518
-0.8265156721859109	 0.4996623795154464	-0.2592476617600133
-0.8685475577324504	 0.4410699763009561	-0.22601419416237897
-0.8976575769732458	 0.3762173028395045	-0.22950253930335954
-0.923034284668387	 0.3086792726920624	-0.22961884926333623
-0.935519208044994	 0.23627790648861252	-0.26263389401260806
-0.9287036048338838	 0.19580236810507956	-0.31491434869340607
-0.9306548331452463	 0.15866672108311497	-0.32970661680367697
-0.9427203540431385	 0.08806079841982607	-0.3217508816684778
-0.9497850196806211	 0.01723836170742263	-0.31242800014711614
-0.9515668141170325	-0.0533015091355682	-0.30278630648533666
-0.9483328898798379	-0.12286422260244977	-0.292521986825693
-0.9403928003191265	-0.19110255201924473	-0.2813204502336858
-0.9279650130221073	-0.2578124031125763	-0.26909793646217156
-0.9112148130477518	-0.32283776100685163	-0.25585805547301776
-0.890270649963657	-0.3860517200982249	-0.2416241693674071
-0.8652174925295478	-0.447361609759843	-0.22642058372410445
-0.8360474612993362	-0.5067611586136679	-0.2102802191730554
-0.802562210155385	-0.5645301590363316	-0.19287197403697073
-0.7892058604371089	-0.5913763658682168	-0.1656143222798785
-0.7433077995362126	-0.6480903876547395	-0.16574789464172132
-0.7111843201319692	-0.6830069817395304	-0.1664882148786682
-0.6838044353650515	-0.7083166634178152	-0.17521129672408864
-0.622441473016091	-0.7552472698304213	-0.20534890816182566
-0.5701827795473315	-0.7953967207623616	-0.20551314923420644
-0.512884989205217	-0.8343434743972287	-0.2020394876719043
-0.45298740938297527	-0.869070343025898	-0.19879422982910952
-0.39051155664748405	-0.8994646134373245	-0.1961227505895316
-0.35548902446344577	-0.9097158799244793	-0.21457998811459109
-0.2834552237669066	-0.9255108196308859	-0.25116301253452655
-0.24660246279097486	-0.9310131641491611	-0.26907566505797753
-0.1790711358473131	-0.9473504695321401	-0.2654441865695821
-0.11050843656008372	-0.9591435947707735	-0.2604447159365002
-0.03422988302347171	-0.9559424892441377	-0.291551491791624
 0.03529424286875032	-0.9586763342937976	-0.28230126192656024
 0.10451363378637486	-0.9571204635585157	-0.27018015950528246
 0.172711162048289	-0.9512226276064958	-0.2556293551870042
 0.23949795813262145	-0.9408940556866762	-0.2394976075533597
 0.3046345327772711	-0.9261761881604869	-0.2222509165877262
 0.36798096592039653	-0.9071467007798206	-0.2041442430845862
 0.4293822369281656	-0.8838800029323346	-0.18543741539101838
 0.4886670304313637	-0.8564513766627636	-0.16641986895154628
 0.5210612166602683	-0.8351274467819085	-0.17623097379306413
 0.5648518666567877	-0.7961460407127066	-0.2170111761910526
 0.621001642916519	-0.7595303896104768	-0.19357310441572692
 0.6486028310134053	-0.7330966150537042	-0.2046551260002965
 0.6953650444643226	-0.6780505403202833	-0.2381489443783081
 0.7166232503473255	-0.6491146557149845	-0.25514952635200305
 0.7549188221440691	-0.5885888331769271	-0.2892416937995541
 0.7959033476874355	-0.5352069588013041	-0.283004191471774
 0.8112388580044734	-0.5024717902710814	-0.2990210949839037
 0.8383705843255448	-0.4344188987076474	-0.3292643068771341
 0.8706746133183473	-0.37423241295585874	-0.31917991606017787
 0.90053480609862	-0.30943434231490824	-0.30542994417879393
 0.9250466977972006	-0.24361558729019125	-0.2914447675353775
 0.9422239419191236	-0.17347973730050079	-0.2865638218975617
 0.9519273236550065	-0.10154589328300788	-0.28900311769317094
 0.9561092864670877	-0.031167219472238415	-0.2913479650894545
 0.9554137208224851	 0.037987802014623144	-0.29281657904263614
 0.9502015527672859	 0.10637025615699736	-0.29292042899690973
 0.9405970686601842	 0.17357108214323208	-0.29180512996089764
 0.9267409856507279	 0.23956881977342068	-0.289409616473758
 0.9087187877724572	 0.30426604940553315	-0.28574872865597445
 0.8978068972157555	 0.3686771700846615	-0.24087324378225042
 0.871568633904414	 0.43038081730573985	-0.23482007684445838
 0.8408416567713155	 0.49078417262402285	-0.22828973726346752
 0.8041393889184647	 0.5499312441952158	-0.22568887843165877
 0.7634206637705641	 0.603596319280778	-0.22991383925029107
 0.7214910400207127	 0.6518694342113023	-0.23348858625394728
 0.6748311665864511	 0.7000567042665506	-0.23350269252200254
 0.6246536126960581	 0.7453252797088319	-0.23301950899595247
 0.5707092549790089	 0.7875804823082848	-0.23239606315158254
 0.5128982879019239	 0.8260370219222581	-0.23366254445478027
 0.45882312220615573	 0.858027905637185	-0.23080176705749256
 0.39755540369996795	 0.8885121028416163	-0.2291199338619941
 0.33383952625850805	 0.9122911496916484	-0.23722569190917234
 0.270269080715338	 0.9306438905782058	-0.24669125022737717
 0.20571554988353222	 0.9447190672019402	-0.255317442806425
 0.14034502168220125	 0.9545174826175903	-0.263058264014649
 0.07421232182215534	 0.9600379726533754	-0.2698511114547466
 0.007413527120340715	 0.9612272563717918	-0.27565776104364187
-0.05984126805072431	 0.9580106819542235	-0.28041853701152747
-0.09477152310888236	 0.9602565138188832	-0.2625372089362334
-0.16142031667378667	 0.9504949137609006	-0.26552382243330386
-0.23336007023378258	 0.9438319995064062	-0.2339321147859426
-0.29695703713837257	 0.923013074752747	-0.24466994488387692
-0.422148699505139	 0.8681629423467383	-0.26092830632565284
-0.4814080284858676	 0.8350550229009015	-0.2663257757659315
-0.5385204287800274	 0.7958558514511653	-0.2767836908083934
-0.5903840445075448	 0.7532458468969401	-0.2899437430320322
-0.6390261224949202	 0.7074273773773323	-0.3019803313233112
-0.6848484254230996	 0.6582177748252578	-0.3126211686683861
-0.7128830490472522	 0.6347706402953625	-0.2981006417304546
-0.765585480101006	 0.584866884411541	-0.26797313331237066
-0.7901975067102073	 0.5584573926297423	-0.25241481930774545
-0.8357871644729964	 0.502875146854897	-0.22040054985833027
-0.856703743325423	 0.4737662152270701	-0.2039712467031207
-0.8876122419346573	 0.41049002434818854	-0.2089077496847711
-0.9148111577578886	 0.3442257322868443	-0.21125622091019608
-0.9382291687698361	 0.2757333529142212	-0.20903862073823615
-0.9444049813334439	 0.23955312761561845	-0.22519664802601538
-0.9396094600288019	 0.19957260036779967	-0.2780374791405256
-0.9432400812423202	 0.12539609068485855	-0.30752881097376217
-0.9527809147496387	 0.05468218928808119	-0.2986944704267295
-0.9571830576718594	-0.01603088881143096	-0.28903910584878617
-0.9564482099075652	-0.08606687184354292	-0.27892528629667396
-0.950876606895015	-0.15494679601164615	-0.26800218071043536
-0.9407101499038755	-0.22242109082778544	-0.2561118353821358
-0.9261275292696689	-0.2883163110207651	-0.2432313802292711
-0.9072692325276609	-0.3524851077742229	-0.22938349658609664
-0.8842437313037782	-0.41479838883954884	-0.21460503317976148
-0.8571058673167908	-0.4751682331914417	-0.19895899672257955
-0.8258230597096149	-0.5335664220137469	-0.18254628824300412
-0.7974701212652348	-0.5891937475418716	-0.1299697408890904
-0.7560551315079618	-0.642283103314617	-0.12590890880721461
-0.711572381062561	-0.6926990526025565	-0.11761279280961875
-0.6605170046797775	-0.7358017330790375	-0.14937568787034874
-0.6302151924285555	-0.7582925984839111	-0.16679672154079275
-0.5748487281457816	-0.8014831102699643	-0.16484466537065018
-0.5182573582419419	-0.8396590069490827	-0.16242556041880857
-0.4583393482194961	-0.8743893206369909	-0.15927447325202143
-0.3961026605528588	-0.904759520126913	-0.1565659383220523
-0.3261792390811926	-0.9252429117027067	-0.19373347242103495
-0.2902286033186713	-0.9331413428252489	-0.2121664255389741
-0.21656238570509076	-0.9442130387176185	-0.24811785629688332
-0.14846757167071212	-0.9583630783681919	-0.24392127865941649
-0.07942565700089811	-0.9679577092977202	-0.23822140546367
-0.04115428474594708	-0.9664038211719443	-0.2537123947924386
 0.028616067359558614	-0.9691879477310741	-0.24465453738220802
 0.09801757375684164	-0.9676647833640899	-0.23241648450949287
 0.16626085541729566	-0.9617845005053434	-0.21754977026785505
 0.233012246857997	-0.9514577963616381	-0.20108046786509057
 0.2980747013432975	-0.9367299643071915	-0.183544126542235
 0.36130202241137116	-0.9176922911366653	-0.16523228313435315
 0.4225901997814345	-0.8944195284676953	-0.14639409190371394
 0.48186383024852286	-0.8669540461340407	-0.1272710925153026
 0.5455036141110622	-0.8250376045137627	-0.14744069360241563
 0.5766816469691174	-0.8014563510918311	-0.15844871518429562
 0.6210783848321741	-0.7680342965621516	-0.15615684166420296
 0.6754197429589928	-0.7147482764978913	-0.1815022646263739
 0.699555145030545	-0.686551466848952	-0.198165795304956
 0.7421356913859907	-0.628576085709247	-0.23265149912579333
 0.7614332290828532	-0.5982351882441218	-0.24966797390730738
 0.8024192743913452	-0.5448989372689012	-0.24332787807501444
 0.8332910906994256	-0.479308680016862	-0.2754798493927552
 0.8468845114288445	-0.4452475348095026	-0.29075979269491203
 0.878783457089122	-0.3854575598865265	-0.2813576106538022
 0.9067488204811318	-0.32285493331783616	-0.2712402414620882
 0.9351171020388606	-0.24681999137579141	-0.25423590881639335
 0.9523181765874223	-0.17466910836255944	-0.25016153406356445
 0.9623846548928858	-0.10259871481119175	-0.2515736070135197
 0.9669412066851484	-0.03128830115700893	-0.25307260820756106
 0.9664899971455222	 0.03834986762686048	-0.2538235077187509
 0.9614089352965931	 0.10675116173069767	-0.2535686270046389
 0.951886756829544	 0.17414714558087074	-0.25215942151458
 0.9380465305694273	 0.24037236826721473	-0.24957930815728888
 0.9199932223617431	 0.3052739515628385	-0.24580538095344145
 0.9143644912209715	 0.3377000601864881	-0.22337467749110743
 0.8900389620380744	 0.40045624692700127	-0.21786564747873366
 0.8613178825156217	 0.461886117694663	-0.21164290571563715
 0.827277139858896	 0.522472366971784	-0.2064828312906099
 0.7877009261669454	 0.5800419790791271	-0.20755373622680412
 0.7456843154566952	 0.6319566528654276	-0.21115323957023563
 0.701471634266616	 0.680019778790218	-0.2133322450391085
 0.6528762115772735	 0.7268901196548794	-0.21303381493233042
 0.6006577846726555	 0.7707483750420522	-0.21250216018237073
 0.5448256017462813	 0.8111948285151657	-0.21243355166275862
 0.48909379881945064	 0.846097940095382	-0.21190925350892637
 0.4298171129427378	 0.8783110295367175	-0.20934895465638567
 0.36560013724185103	 0.9060716487103627	-0.21300400712668552
 0.30129263977882353	 0.927344527066625	-0.22193438970715124
 0.23697731127535576	 0.9436699118322912	-0.230930403895067
 0.17183695661658127	 0.9556647908416424	-0.2391168498587063
 0.10595084426175959	 0.9633476822656145	-0.2464460624024845
 0.03940425157884452	 0.9667015439699465	-0.2528545626316302
-0.027618977629735184	 0.9656799607769383	-0.25826228030538884
-0.09802037398160789	 0.9699934488848145	-0.22249655144529426
-0.16572345308903058	 0.9598525909664002	-0.22631557770364868
-0.20270756682091115	 0.9564762040129341	-0.20991168026232834
-0.2692833652009103	 0.9376129934729428	-0.219928042088272
-0.33299184424570616	 0.9147031788600096	-0.22898586473674892
-0.3957941391613695	 0.8872388227429562	-0.2369689237499382
-0.45620180868422866	 0.855637258834821	-0.2444683845548787
-0.5156636920914096	 0.8189944670800181	-0.25167244495767394
-0.5706909837448476	 0.7775302581554733	-0.26411834227296843
-0.6212193579057512	 0.7331674992509747	-0.27668018975929276
-0.6685345569956167	 0.6856239674952912	-0.28806478663434476
-0.7243157752546326	 0.6389382360709231	-0.2590841334467587
-0.7505456911998436	 0.61409136794021	-0.24407572030554509
-0.7995324636711836	 0.5615349849929763	-0.21313446498589902
-0.8222242585280267	 0.5338945305724476	-0.19724071312196803
-0.863850501256099	 0.4760643081856684	-0.16469695185791236
-0.8946471039639842	 0.4130530708241955	-0.17027542409742646
-0.9217538791532969	 0.34689818729824773	-0.1732957988961057
-0.9368314461688302	 0.31403274104487017	-0.15404635348187826
-0.9450817116317367	 0.27845090209959333	-0.1711305158618697
-0.9572271677604294	 0.20624906714461194	-0.20292232899147492
-0.9523409273663935	 0.16625066868957514	-0.25574884794107483
-0.9540317693296587	 0.12921822423597903	-0.27041825684487597
-0.9634572238924813	 0.05860812637670493	-0.2613718907074846
-0.9678062885691735	-0.011903081355741241	-0.25141460669619137
-0.967107640779409	-0.08173515339822744	-0.2408779272682616
-0.961595675483007	-0.15046203702520736	-0.2295537677900424
-0.9514772856313258	-0.21785365674431403	-0.2173263885743633
-0.9369091029039469	-0.2837478667505605	-0.2041775722507932
-0.9180129390123151	-0.34799877476788516	-0.1901291575903666
-0.8948765470645138	-0.41047582033838304	-0.17523003861046346
-0.8675243343497243	-0.4711000492403742	-0.1595815556910787
-0.8356659099925358	-0.5301436560898635	-0.14356249783289532
-0.8212183928778477	-0.5585157185935221	-0.11687832683216647
-0.779847439720354	-0.6159100593623993	-0.11177105858769835
-0.7381073740991634	-0.667306244206529	-0.09949814442196547
-0.6907197114088983	-0.7168103517386774	-0.09533729549070383
-0.6647286210444594	-0.7386672066064691	-0.11183299266552563
-0.6056219847066187	-0.7822097300356369	-0.14618464309766738
-0.549386503467088	-0.8231229471129018	-0.14367701188561402
-0.4910998028610505	-0.8596310887909695	-0.1409091012457676
-0.43000539310474584	-0.8922214887417794	-0.13797165262558764
-0.366860257269163	-0.9203712877429902	-0.13538923271336512
-0.3319460060200123	-0.9306265482818475	-0.15409762074859032
-0.2602496394744374	-0.946428796250703	-0.19116134227628456
-0.22346650133351748	-0.95199086808679	-0.20922741183008836
-0.15545327485106641	-0.966293147698839	-0.2052116761988674
-0.08640196098890808	-0.9760246924672833	-0.19977612678049447
-0.00970611993009741	-0.973009153777671	-0.2305623080660915
 0.060117462274045894	-0.973643863762834	-0.22000799368820387
 0.12904729805162954	-0.9699734019013189	-0.2061513872608108
 0.1965552806148449	-0.9618672325192114	-0.19020370308764584
 0.26243334943469226	-0.9493174926826257	-0.1729885406356783
 0.3265315734488214	-0.9324070161371624	-0.1549008967024738
 0.3887616670934666	-0.9112142950298986	-0.13620893778263576
 0.44910589359613573	-0.8857643156689294	-0.11715576564885474
 0.5079556742344642	-0.8557657868564095	-0.0982138027928941
 0.5396786486123115	-0.8348430670778563	-0.10855417810488541
 0.600359707033953	-0.788375467293198	-0.13428456627750648
 0.6493582806339692	-0.7494560567948947	-0.12903271796541663
 0.6758969094964719	-0.7229860178738927	-0.14301952905799142
 0.7246076348682913	-0.6664411850525028	-0.1754990665399591
 0.7461143526234283	-0.6373182853100184	-0.19271423408461724
 0.7850404356720102	-0.5764904508630004	-0.22665011454591186
 0.8242158068191469	-0.5218784844513512	-0.2197979782805652
 0.8397454384106298	-0.4890396180642549	-0.2359403539713098
 0.8670100355107654	-0.42087473036042106	-0.26675468068557784
 0.8967747884051369	-0.3601155859610329	-0.25712204034050407
 0.9218530916076467	-0.2979964751462587	-0.2477599206769109
 0.9494005139933164	-0.21046618046591986	-0.23311510227635118
 0.9627541268811355	-0.13853884239160988	-0.23218845863249868
 0.9700986143216753	-0.06654384212072124	-0.23341078716926955
 0.9722041891501307	 0.0037502849803501513	-0.23410457056944242
 0.969486394751697	 0.07276553189892229	-0.2340967914321423
 0.9622101110665653	 0.14072918201232948	-0.23312442920339502
 0.950525962840809	 0.20766569624335574	-0.23103106407865412
 0.9345474949676238	 0.27338199986128764	-0.2277789757672606
 0.9229050852918972	 0.3387322167558074	-0.18304832387665476
 0.9145630547598393	 0.37129102130777525	-0.16036644401052397
 0.898162167574067	 0.4021449949245691	-0.17771922742284232
 0.8686737691145969	 0.46451850095692504	-0.1721291524436563
 0.8339908163551697	 0.5256611644466477	-0.167748795607694
 0.794287270247144	 0.583870178974476	-0.1679385197852299
 0.7514060266633235	 0.63753816692639	-0.17010017285757054
 0.7060154140815149	 0.6869659109477559	-0.1721048293193047
 0.6573278266807324	 0.7335295612335507	-0.1727845799476901
 0.6048499541990544	 0.7774027302488887	-0.17263119042332933
 0.5497859862397977	 0.8174042387944538	-0.17200488288183255
 0.49222931784024176	 0.8534789026966512	-0.17112586394303608
 0.4308140814748756	 0.8862182188614414	-0.17034228999580123
 0.3659498481710845	 0.9142160972538707	-0.17403917991493062
 0.30038107049104906	 0.9363069003426425	-0.1819357052955914
 0.23499206016720478	 0.9531564314189962	-0.19045090943069132
 0.16933991608332372	 0.9653443385204726	-0.19858071635323554
 0.10309433031952851	 0.9731098965330639	-0.2059822524524329
 0.0363219111035459	 0.9764764348212744	-0.2125429156959126
-0.03080199707073715	 0.9754371851276867	-0.21811358244416984
-0.06626315059421142	 0.9774790931221891	-0.20035922085681973
-0.13411940516162746	 0.9696034196951488	-0.20464895229285748
-0.208324932399302	 0.9629053287214019	-0.17150524907639222
-0.27575500483143833	 0.9440804987363662	-0.1807517336462024
-0.3406143250260737	 0.920874269886138	-0.18966407316280207
-0.40377960007375263	 0.8932021480262207	-0.19786853546136576
-0.4650446050056215	 0.8610552052581257	-0.20571205325175398
-0.5247975660906576	 0.8239411714233627	-0.21379537099483437
-0.5806340248618794	 0.7823151364873515	-0.2254931404621236
-0.6321558403803162	 0.7375275493012232	-0.23755443059389136
-0.679876369477374	 0.6897999453938276	-0.24888583238291753
-0.7076477756945043	 0.6665440246393483	-0.23442203132854314
-0.7599027194301541	 0.6170326926757675	-0.20449575343255544
-0.7843123640275482	 0.5908494563417193	-0.18907944249498293
-0.8295171589990665	 0.5358269139779777	-0.15745094849810928
-0.8502466863435234	 0.5070692114597889	-0.14128477324682312
-0.8827312628974378	 0.44593669334807734	-0.14807424836641073
-0.9116352803785055	 0.3814881158742978	-0.15293113815009077
-0.9416210160521429	 0.31611275847759135	-0.11585588485967435
-0.9579434320243483	 0.24519718611482716	-0.14907287131729893
-0.9639016155303582	 0.20921892382340165	-0.16468490365587032
-0.9610712939305591	 0.16967258026181564	-0.21806692433732022
-0.9641978910693776	 0.09579710349342976	-0.24727584156086518
-0.9710479004873496	 0.025290080826067287	-0.23754238941907135
-0.9728332908479762	-0.044816756735160335	-0.22712737953324497
-0.9697088034045185	-0.11401682112058127	-0.21602083487787604
-0.9618834386781138	-0.1820202572997857	-0.2040805633304834
-0.9495225783202753	-0.24865178601819943	-0.1912567974477678
-0.9327512843619926	-0.3137668225401259	-0.17755399909359035
-0.911659672559024	-0.3772341540880107	-0.16300624042985756
-0.8862816528400849	-0.4389651079253345	-0.1476972100723199
-0.8564361643417954	-0.4991171846677531	-0.13190577082466742
-0.8275941261017211	-0.5558095454636027	-0.07850930908798202
-0.7868796851702365	-0.6130566667577061	-0.07058246531767197
-0.7433012935866417	-0.6662312449304174	-0.06032507961778025
-0.6950679537621816	-0.7168485799392359	-0.054851190433342405
-0.6401248501781839	-0.7630599726833557	-0.08932891062155654
-0.6106944169019488	-0.7846158374128915	-0.10691265989421472
-0.5542899644870855	-0.825826621330181	-0.10379319231666177
-0.4955599837819723	-0.8626952794171511	-0.10088189800640861
-0.4346220399599605	-0.8952691818467783	-0.09796312784125968
-0.3716450599411975	-0.923468623774773	-0.09531867773333039
-0.3019196529234744	-0.9440198149179873	-0.13293273570034614
-0.2661996983672929	-0.9519274345787225	-0.15156477125484805
-0.19293927227637347	-0.9630685679586882	-0.1878120619754358
-0.12447004454489635	-0.9751523621269169	-0.18326232195758574
-0.05500027671711975	-0.9826473759223333	-0.17714148061364118
-0.01655669599299048	-0.9811702749740988	-0.1924337998508765
 0.05347011807925474	-0.9818495518913835	-0.1819681398577245
 0.12245614043386663	-0.9781934138756008	-0.16775618832233594
 0.1898788648973395	-0.9700633204859666	-0.1514039989994941
 0.2556008266749959	-0.9574730859733492	-0.1338413502611597
 0.31954937871819217	-0.9405039165524435	-0.11550141778494294
 0.38176076373669626	-0.9191902110370871	-0.09668544463759589
 0.4424891902908542	-0.8933985929092606	-0.07773204399408004
 0.5021462611174374	-0.8627499615376422	-0.059259061016651994
 0.566103893586131	-0.8203270854222515	-0.08117791934545311
 0.5968685689284305	-0.7967348241570159	-0.09466536537095595
 0.6502968791852208	-0.7546518756809943	-0.08726119099072198
 0.7012863761063357	-0.7027952593341591	-0.11948322955576253
 0.7257132839226622	-0.6744830908271698	-0.1356937350300798
 0.7694954001756297	-0.6157279133352148	-0.16957584099278442
 0.7891343874640603	-0.5852187399936044	-0.18650990558686345
 0.8284243426751283	-0.5305146031858018	-0.1796311895799081
 0.8596940694931313	-0.46476404320140247	-0.21194454705281784
 0.8733621616515781	-0.430702011491424	-0.22745177926875884
 0.9030653645986919	-0.37019896892293697	-0.21777435723846428
 0.9285284642921747	-0.30728113268556023	-0.20835833675352422
 0.9473717528991288	-0.24077770756076652	-0.2109807037399726
 0.9713261697857997	-0.1361928593672724	-0.19487682506294637
 0.9786305018612449	-0.06579101294940301	-0.19481756451074805
 0.9808307146781606	 0.0038194943609837426	-0.19482433268653865
 0.9782259337914506	 0.07273964455469965	-0.19437841075567114
 0.9710087137002039	 0.14084701153697873	-0.19314294514524175
 0.9593206473018863	 0.20800597965669812	-0.19088585093544103
 0.9432645621857799	 0.2740297224178708	-0.18750913832678587
 0.9372763441041033	 0.30694140362618316	-0.16522720575872296
 0.9201399182084826	 0.3726548307722842	-0.12029508727029206
 0.8872072338537439	 0.43454163714885524	-0.1550383493900168
 0.8548933129987972	 0.4966250588540422	-0.15006989807472967
 0.8174405840968751	 0.556732989122507	-0.14778115676255293
 0.7758566532778789	 0.6130662800359494	-0.1489838576736837
 0.7313379258382353	 0.6651347987849434	-0.1507996607288656
 0.6840038159195228	 0.7134169097244591	-0.15223367803063337
 0.6332623384942219	 0.7587332577748559	-0.1526520690694493
 0.5793630798767371	 0.8007209713468165	-0.15226407232552372
 0.5226260522862953	 0.8389908226476271	-0.15151372540037647
 0.4625642965823915	 0.8736624537189623	-0.15082502606994563
 0.39881503743974095	 0.9043566072390472	-0.15193976719416682
 0.333087842795671	 0.9295436603871795	-0.15811727424835798
 0.2671373298131427	 0.9492301948585073	-0.16613152677678175
 0.20120168540159009	 0.9639140535116147	-0.1743203351143165
 0.13496820420186467	 0.9739784161928177	-0.18207039475173958
 0.0682454332183559	 0.9795829177413771	-0.18910279774273453
 0.0011175422818641666	 0.9807509615437249	-0.19525957730751034
-0.07049149122815637	 0.9845389038556993	-0.16035615503949027
-0.13923563478460696	 0.9763350410867837	-0.16547907889578106
-0.17648021150932627	 0.9729840136682858	-0.14885175206082307
-0.24520980552080396	 0.956748619473248	-0.15653827139867033
-0.3116469065968511	 0.9356238131188606	-0.16578385305432286
-0.37607329340705814	 0.9100744761571185	-0.17416465150344237
-0.4386118533960863	 0.8799501289535395	-0.182503185219051
-0.4994351256262264	 0.845217398076397	-0.19018965607961272
-0.5575875090816852	 0.8055969487632672	-0.20027412678475462
-0.6115372093941984	 0.7622614411394394	-0.21208426834251923
-0.6614304836444138	 0.7158833730391722	-0.22365310530367008
-0.7168860537778927	 0.6694402632868335	-0.19474116100407596
-0.7429859101353443	 0.6447093773961211	-0.1797825242838132
-0.7917301839822631	 0.5924260947718687	-0.14897864949302242
-0.814299298063676	 0.5649598627326845	-0.13318035393432073
-0.8556611789198076	 0.5076011060942582	-0.10092107798398921
-0.8878197207286972	 0.44725038430099484	-0.10836621811169264
-0.9165290943596575	 0.38335493562329037	-0.11407634516204143
-0.9314322447883601	 0.35089848632373466	-0.09645841417019228
-0.9545247631928249	 0.2828788980376739	-0.09413822548079655
-0.9625452408162345	 0.24765238118667143	-0.11034018975236926
-0.974192739913648	 0.17603749573699934	-0.14127740652413487
-0.9713322988226983	 0.13629617725378748	-0.19477401605403213
-0.9727765272328244	 0.0994537940430656	-0.2093197814715221
-0.9794952756277506	 0.029256267778120723	-0.1993315725584186
-0.9812255151707866	-0.04051347693683901	-0.18856072381148967
-0.9780919296869689	-0.10943681570055079	-0.17708687260930805
-0.9702600349310055	-0.17726408812366912	-0.16484206889434577
-0.9578637473463416	-0.24383630727229463	-0.15179228167280087
-0.9409962198382517	-0.30902811884157483	-0.1379410599327067
-0.9197009379394786	-0.3727471490204891	-0.12332780566579758
-0.8939145870530473	-0.4350057234881929	-0.10810518760121608
-0.8633275785756763	-0.4960453744938835	-0.09276032834074448
-0.8488613030510046	-0.5244852862964327	-0.06595204804325591
-0.8103995262142656	-0.5834009245768722	-0.053814209225300995
-0.7681574899328281	-0.6386417328642571	-0.04550612820528742
-0.7216392394083576	-0.6912462726359707	-0.037621785085300896
-0.6716274007299572	-0.7401947424606448	-0.03206833052002058
-0.6436070702213516	-0.7637511786366453	-0.04953863433951018
-0.5849840489626517	-0.8065290983539738	-0.08546622705834203
-0.5273508957529263	-0.8456461624675309	-0.08236261683873734
-0.4674024869630485	-0.8804747869185305	-0.07936664779065464
-0.4054997254147465	-0.9108902007000884	-0.07647885300603027
-0.3416457673702151	-0.9369100684192267	-0.07401144055277398
-0.3067895833201909	-0.9472302900597598	-0.09292431952684427
-0.23557118352861614	-0.963104607991705	-0.1301373564971689
-0.199199285223149	-0.9686677036370664	-0.148332480249874
-0.13108624937708496	-0.9808452065591199	-0.1440801027007072
-0.06180284741428615	-0.9884453964789607	-0.13840558598205877
 0.015140438205924889	-0.9855609496303869	-0.16864276354051677
 0.08482812881876144	-0.984101865513459	-0.15603751745666003
 0.15301413114258414	-0.9782062682655129	-0.1403537402306747
 0.21949785179292114	-0.9678125961732202	-0.12312380657998036
 0.28422462292620204	-0.9529921988567811	-0.10498682127093818
 0.34724645129901355	-0.9337936743892383	-0.08630918682786386
 0.40880133939740493	-0.9101290069083271	-0.06742889359132646
 0.4692174674866891	-0.8817326926827379	-0.048810110221411976
 0.5286074551933433	-0.8482878234630831	-0.03133571250638468
 0.5608490444082385	-0.826807892649784	-0.042860915043768766
 0.6224714882897585	-0.7794126929394147	-0.07102886984362547
 0.6746277887640583	-0.7354355361783177	-0.06333970913595821
 0.7002258284720329	-0.7094302673819174	-0.0799530165977275
 0.7489740094010584	-0.6529839973315075	-0.1124714740308373
 0.7711013337074211	-0.6234510843084267	-0.12927288435431322
 0.8107397965317463	-0.5622532232461832	-0.1630101078735309
 0.8482301064044667	-0.5062138923781565	-0.15573433068024317
 0.863956305673119	-0.47331964996736947	-0.17189534851886784
 0.891374196143433	-0.4052837854846638	-0.20297067687937076
 0.9192500592849375	-0.3430422335957895	-0.1931355857273613
 0.9424757619319646	-0.2765340995086711	-0.18779864211354463
 0.9588131688618194	-0.2079690190224219	-0.19345850806828757
 0.969675032290635	-0.1698174865609502	-0.17576220586428035
 0.979394209487165	-0.10026401330567758	-0.17531146585106752
 0.9840686711634101	-0.030801526181446433	-0.17510030388201467
 0.9838644989214405	 0.03829677753290905	-0.17476843133889491
 0.978960935053403	 0.10682975607748844	-0.17384732053095162
 0.9694949832751552	 0.17458458261356263	-0.17204563614911877
 0.9555763924480197	 0.24135489868009544	-0.16917910946434556
 0.9432528922953188	 0.3076845078550794	-0.12491687156862928
 0.9345298558115964	 0.34076983280483125	-0.10261515310578843
 0.9088727948896828	 0.4054065721726398	-0.09795791927479389
 0.8922924205475291	 0.4364584900661701	-0.11540460425212846
 0.8595617122477538	 0.4988406423779972	-0.11095799362649297
 0.8219480920919378	 0.5590890876822423	-0.10872316193462
 0.7802194121119446	 0.6158966173457209	-0.10922007922442767
 0.7351725669574647	 0.6688258843917242	-0.11042297388134453
 0.6870892913646037	 0.7179510839461867	-0.111599940647755
 0.6359719768561068	 0.7635203398463954	-0.11214426108624809
 0.5816318687255106	 0.8057105723403072	-0.11195911263459207
 0.5239485012755074	 0.8444095056886406	-0.11158205372646385
 0.46295779204939563	 0.8793319079009122	-0.11155930498210419
 0.3987890024572003	 0.9100279082605552	-0.11321014842367082
 0.332741838025144	 0.9355028789431669	-0.11881596154008782
 0.2661399382665691	 0.9556423076273091	-0.1261638344860315
 0.1993414480312507	 0.9707409225851158	-0.13388445882701344
 0.13238999307973182	 0.9810526986085073	-0.14145137781341727
 0.06515647738554063	 0.9867620874645886	-0.14850998686026254
-0.0024317128626928533	 0.9879391152605013	-0.15482374272330363
-0.03845088759548373	 0.9897375603813803	-0.13762663555225513
-0.10721119095137485	 0.9838687047904304	-0.1432066069313462
-0.18165288035486943	 0.9771788108271712	-0.11010814106674903
-0.2506129762994065	 0.9608901213340544	-0.11782746213417117
-0.31767011932946104	 0.9396955655430587	-0.12671992496808637
-0.3828261263208563	 0.9138714021522595	-0.13521544783948
-0.4460138981870685	 0.8834197951204394	-0.14366999761027358
-0.5071520511963562	 0.8483716922117838	-0.15186266434197357
-0.565478836578116	 0.808741344134716	-0.161774916688074
-0.6198731167829619	 0.7653913226102725	-0.1730128387220852
-0.6702896551805071	 0.7188884643407002	-0.18414981399900116
-0.6980931396990024	 0.6956200588593715	-0.16964286609720403
-0.7503841669266194	 0.6460819633980259	-0.13964848226026425
-0.7747980518026821	 0.6198883579049667	-0.12420307023842932
-0.8199860427255415	 0.5648555796226056	-0.09252601744653548
-0.8406977387209943	 0.536095966832914	-0.07634413176459683
-0.8743951434786985	 0.47779644758648243	-0.08452033917705501
-0.9046206528200974	 0.41624766683623826	-0.09164799149315211
-0.9342076164648364	 0.35206696309311303	-0.05748898013951871
-0.9469742135974157	 0.31897753665362677	-0.038641556541377395
-0.9570444599841135	 0.28470809310616846	-0.05483797346334256
-0.9727865707756925	 0.2149066662510422	-0.08661069517866561
-0.9784894415655715	 0.17927263925087256	-0.10207709616129798
-0.9777932443577596	 0.1396936813556127	-0.15622434726265766
-0.9804615545131816	 0.06623649613621496	-0.18522382865385498
-0.9846219454422614	-0.00359708087795765	-0.1746616316271371
-0.9838734140330396	-0.07280478852137255	-0.16337860302784202
-0.9783560067478106	-0.14108234645061038	-0.15137798908846647
-0.9682039590099925	-0.2082422726854585	-0.1386226879849483
-0.9535141189697134	-0.27415250080583453	-0.12510488090925223
-0.9343335371985544	-0.33872350650534055	-0.1108477668100013
-0.9106285815810129	-0.40193194171491425	-0.09594946918577123
-0.8822121888460156	-0.46387695837459164	-0.08074541064766164
-0.8532558354527128	-0.5207856156609594	-0.02714446143376136
-0.8146235354791146	-0.5797922380017487	-0.015147811605348916
-0.7719509459324645	-0.635651510183733	-0.0062365595573930415
-0.7251175297954261	-0.6886233212066316	 0.0015778066192427265
-0.674718509139538	-0.7380387028882457	 0.007335288921035292
-0.6181906096907932	-0.7855409783565038	-0.027672033044798244
-0.5887863744443268	-0.8069932953105207	-0.04574304966409431
-0.5310786052260126	-0.8462596227577102	-0.04242836269727158
-0.471046380699912	-0.8812367364510647	-0.039206141847806845
-0.40930325753245794	-0.9116848557699044	-0.03607723843543729
-0.34558270956824616	-0.9377822078084705	-0.0337212331527193
-0.2758818633776967	-0.9585205682096403	-0.07160668808371427
-0.24034443937965028	-0.9665044738822558	-0.09002028896235414
-0.16827806009613416	-0.977592230643352	-0.12647499782975818
-0.09984250987747628	-0.9875198545057473	-0.12180316161050052
-0.030142498876762444	-0.9928564697785198	-0.11544461953854551
 0.008413363437084846	-0.9914303662554128	-0.13036504202558905
 0.07816123599509264	-0.9899925090731805	-0.11749746025641748
 0.14616573920993695	-0.9840601970082928	-0.1012971141998265
 0.2123269179974203	-0.9736112986488472	-0.08365595637503788
 0.2767492566298423	-0.9587224094221228	-0.06527779581656709
 0.33971894077365083	-0.9393725315691626	-0.04658635221791493
 0.4015389350352888	-0.9154156143040656	-0.02794166671902067
 0.4622937681159025	-0.886673040006345	-0.009766887278283487
 0.5219080303825603	-0.8529718497996902	 0.007143617535374659
 0.5867315763371029	-0.8095922053446348	-0.017507666154839868
 0.6177184611048923	-0.7857537836760636	-0.03185740493124707
 0.670966541152415	-0.7411178892084472	-0.023413136252548726
 0.7235389476602886	-0.6879902081099044	-0.0562215684905061
 0.7479808295200956	-0.6597421319446083	-0.07256030600550653
 0.7925767623505973	-0.6005149350995473	-0.10584842230393206
 0.8125703322348368	-0.5698166038052085	-0.1226315342791783
 0.8502638013779177	-0.5135542293601497	-0.11538423450660852
 0.8819375327085978	-0.44763662693995293	-0.14767409597384606
 0.8957199475572813	-0.41354214241009607	-0.1633054561208811
 0.9237592585441009	-0.35040614246142854	-0.1545456812057661
 0.9475443374750948	-0.2822491751386236	-0.14998377129693163
 0.9621654126324626	-0.23528320562130356	-0.13740280887364215
 0.9762903023194305	-0.16808852466480875	-0.13639462406210623
 0.9857388710187381	-0.09971195378215207	-0.13555959735721249
 0.9903383897508385	-0.030898587986423618	-0.1351856170092129
 0.9901610511054438	 0.037969035838331625	-0.13468275758711742
 0.985288355338363	 0.1065266129584574	-0.1336373359739813
 0.9758037229543315	 0.17449670576576234	-0.13174973983034446
 0.9617824997692643	 0.2416137242473613	-0.12883024253996234
 0.9554943226908381	 0.27498324712350286	-0.10684012872975754
 0.9378126044785099	 0.3414501524002672	-0.0626044112428873
 0.9118295744086935	 0.40641839735090357	-0.05823155097010526
 0.8784151951575202	 0.46868813265410947	-0.09337119055458067
 0.8430957864003499	 0.5301990366278316	-0.08988034553168484
 0.8032417819904326	 0.5889488851788547	-0.08911705959814113
 0.7596803222366899	 0.644059295855509	-0.08985227558868643
 0.7128524302666986	 0.6953961472453768	-0.09091540606051356
 0.6629792619874774	 0.7429958252991838	-0.09173713404355123
 0.609974049305369	 0.7870670294924729	-0.09196276561688549
 0.5536167297113554	 0.8276984519457133	-0.0917812030340298
 0.49392689335283596	 0.8646459078944561	-0.09178059699189282
 0.43105534421015146	 0.8975697606013814	-0.09251926870575013
 0.3656170672564418	 0.9257873497524314	-0.09613502571471085
 0.299047695228634	 0.9487051246688754	-0.10261121968603573
 0.23203986236788893	 0.9664695066536488	-0.10997361038423752
 0.1648118947326129	 0.9793022686465269	-0.11749087614964744
 0.09739553187992377	 0.9873931457113596	-0.12477534280479002
 0.029691519259615308	 0.9908673272047777	-0.13153080841428705
-0.04267984686797145	 0.9942989565715907	-0.0977139479909213
-0.11203686802063868	 0.9882592605560718	-0.10388153892435441
-0.14928120494284927	 0.9849215657017738	-0.08743358202874696
-0.21884641115902453	 0.9711877589892237	-0.09434291235861304
-0.28709845550527474	 0.9523619763997033	-0.10286468176462232
-0.35345348664089055	 0.9287769501300935	-0.11155272156446928
-0.41793906371143846	 0.9005079114822858	-0.12005182373382771
-0.4803088526948221	 0.8676432411355226	-0.12844692341519665
-0.5403262133334954	 0.8301831939911102	-0.13727143766787464
-0.5968525790521932	 0.7886010879523695	-0.14790308637443939
-0.6494275048122247	 0.743631194409895	-0.15892313454585846
-0.7052962226838795	 0.6969409491079078	-0.12973261627062146
-0.7315526875399535	 0.6720751546190175	-0.11465448921387762
-0.7805431601917181	 0.6194840074426207	-0.08361781867973629
-0.8032115488051731	 0.5918343566641766	-0.06770008964466351
-0.8447546867901448	 0.5339952562991582	-0.035193541965549364
-0.8782356417644306	 0.4762512199692947	-0.0434388422080658
-0.9078525540448404	 0.4161343046004726	-0.05134180215907214
-0.9225494293377308	 0.3843230107024026	-0.03461753707687186
-0.94786257123905	 0.3186774812878084	 0.0010995290607356554
-0.9669538221936655	 0.25308851179129166	-0.030765417993751026
-0.9747438427452156	 0.2184517047423702	-0.046403596039993625
-0.9860653570968484	 0.14722939892180742	-0.07745073031668837
-0.9854866795120164	 0.1068110056097568	-0.13193715771159034
-0.986733427709762	 0.07015285815982843	-0.14640942296229117
-0.9907647154988316	 8.1864674116646E-4	-0.13558985338155863
-0.989945325964529	-0.06801889809240584	-0.12402290555892317
-0.9843739053130788	-0.13606723326287662	-0.11177532183296987
-0.9741500646392857	-0.20312444230589177	-0.09885399587875122
-0.9593316633814485	-0.26909257293723043	-0.08527571063207239
-0.9399158648887359	-0.3339252646349988	-0.0710780174801316
-0.9158291386641096	-0.39759066504743207	-0.056379533883277745
-0.8869741009521092	-0.45995030204354287	-0.04150498632997574
-0.8724660837757281	-0.48845372038958873	-0.014693389623025244
-0.8361561450192746	-0.5484898897261999	-0.0013198540248528412
-0.7952666628492535	-0.6061989807800713	 0.008586656032179134
-0.7504483442040732	-0.6606943356606598	 0.01761469577608864
-0.7016307255772368	-0.7121331506817465	 0.02409773072405225
-0.6494398976726744	-0.7598436245066418	 0.029419136756811865
-0.6210132692994985	-0.7837094440939747	 0.011917491005319813
-0.5618476781884802	-0.8268891980662866	-0.02411308017461303
-0.5028599257358815	-0.8641163845144898	-0.0208511175362488
-0.4419855409216445	-0.8968565072988093	-0.017239110533391066
-0.379456377713129	-0.9250948630830269	-0.014572292552197526
-0.3145975235547871	-0.9491404322590742	-0.012682193195692854
-0.27969339604379123	-0.959569663523115	-0.03158583631355674
-0.20896454393046976	-0.9755662373349796	-0.0678552573644906
-0.17349766821131668	-0.9810520454648212	-0.08622901608232784
-0.10594416841650833	-0.990980600291533	-0.08205658428406486
-0.03676604379893579	-0.996389343400948	-0.07652799736307386
 0.04014390537369877	-0.9936250887654876	-0.10534538355867619
 0.10897414020292458	-0.9899486499930672	-0.0901460323249839
 0.17583362087610008	-0.9817209995362952	-0.07284515659299114
 0.24085953797223633	-0.969021284092272	-0.054629972944946446
 0.3044109008303565	-0.9518587313617805	-0.036041073596562605
 0.3668476644728489	-0.9301175418866409	-0.017439878026218058
 0.4282511032665579	-0.9036593855731432	 8.410805821774313E-4
 0.4885355664957164	-0.8723524724973399	 0.01828015307615227
 0.5475513657104769	-0.8360932603651848	 0.03369809906370048
 0.5801197463951258	-0.8142642760212783	 0.020851106397471134
 0.6421075820727712	-0.7665741671458963	-0.007867611405954322
 0.6938736721251049	-0.7200967356705347	 1.3567705325738633E-4
 0.7205432697749242	-0.6932221396680577	-0.016138818299389606
 0.7695054891818265	-0.6367511241662726	-0.0490847022200019
 0.7919470374139522	-0.6070523568437177	-0.06563022155799815
 0.8323002954118323	-0.5454321073986809	-0.09889405682856202
 0.8681791595554984	-0.4877659491396314	-0.09137464513432242
 0.884111978744708	-0.454730286693825	-0.10754708458841965
 0.9118491719113355	-0.38620999487219504	-0.13918666439508817
 0.937765391299185	-0.32109081638384085	-0.13227531332582573
 0.9566078369364623	-0.2660524313846864	-0.11881729699854068
 0.9725649180845004	-0.201278609593153	-0.11663790735235266
 0.9841996533874149	-0.13395682180458426	-0.11578692570453526
 0.9911750619891422	-0.0654915493103845	-0.11525126229133405
 0.9933771095702302	 0.003301411812318374	-0.11485216089364815
 0.9908540921292558	 0.07204413243155322	-0.11409562258427519
 0.9836626771653016	 0.1404203341417549	-0.11264931118968183
 0.9718624859657281	 0.20815129952155664	-0.11025581562893717
 0.9590660271149501	 0.27522850239664576	-0.06664553325201547
 0.950145589699669	 0.30858837639845044	-0.04468302055632437
 0.9264003349170904	 0.3743525699669452	-0.04052866670205858
 0.8979097035118573	 0.43868110933918314	-0.03629116487786152
 0.8810789350342786	 0.4698767508831485	-0.05399767789782448
 0.845576545265133	 0.5314334506276688	-0.050781824026434046
 0.8056451907249756	 0.5903036406465408	-0.049773873680450165
 0.7618914920157216	 0.6457622555528353	-0.05012448201600215
 0.7146901538037175	 0.6975897658132441	-0.05085767089281594
 0.6642675483024136	 0.7457172035799341	-0.05152161252546163
 0.610624416623259	 0.7902176580214735	-0.05190255075198332
 0.5536556700884095	 0.8311153702458856	-0.05208301373767452
 0.4934427142239989	 0.8681954025832538	-0.05245026894645003
 0.43023852786632477	 0.9011235510851531	-0.05358315797992113
 0.36466537865407594	 0.9293846968526354	-0.057124835817834535
 0.2978636166262051	 0.9525206372084856	-0.06310072568756882
 0.23043087473268653	 0.9705671068746812	-0.07000787829123631
 0.1626151748294809	 0.9836651089486695	-0.07719623275898554
 0.0945371448461712	 0.9919423145097745	-0.08433962846328846
 0.026158245001697868	 0.9954877981455035	-0.09121288265288255
-0.010149274987263545	 0.9971670629686146	-0.07453080401941184
-0.07954078889646027	 0.993528641810491	-0.08108082883104843
-0.15395479019629651	 0.9868880238154745	-0.04847629343505827
-0.22369267734033146	 0.9730690599284638	-0.05566139339120148
-0.29221276603973356	 0.9542049234797247	-0.06406764683099438
-0.35899365702705577	 0.9305019550790713	-0.0727300887416389
-0.42389209537500844	 0.9020560877883418	-0.08130378811947471
-0.486605529791146	 0.8689929206544375	-0.08981292907565652
-0.5467707438812045	 0.8314444121079612	-0.09870128271730297
-0.6034959453086657	 0.789896615458699	-0.10888517292493229
-0.6563488595252053	 0.7449480000401192	-0.11940959691829268
-0.6844487569565598	 0.7215041139118151	-0.10469819821251396
-0.7372200581136028	 0.6715497671013996	-0.07434713324017467
-0.761827738401742	 0.6451114890866816	-0.05873383735166262
-0.8073331783626887	 0.5894901237870358	-0.026730751436211106
-0.8281811941234569	 0.5603639950367736	-0.010397248033579179
-0.8635905164222882	 0.5038480091711552	-0.01867092926849065
-0.8950347980602593	 0.44519148478933196	-0.026781563290831433
-0.9247612629973898	 0.380488550148905	 0.006713394451150125
-0.9379957421110724	 0.34586507995863136	 0.023266590783962416
-0.9652244034892096	 0.2611937514927039	 0.010939611056496365
-0.9818329145323555	 0.1885075345108741	-0.02165727068519554
-0.9876368106889348	 0.15228209768886244	-0.03719802273870446
-0.9895135428062001	 0.11096098123787612	-0.09246950441010546
-0.9918805139783724	 0.03765991352969498	-0.12146924262106833
-0.9934233484032088	-0.031250894350489535	-0.11015186085423764
-0.9901774243567326	-0.09959345257410566	-0.09813160805080365
-0.9822315225377733	-0.16708297363542884	-0.08546646157570045
-0.9696493861230014	-0.23359924955382383	-0.07219043287844347
-0.9524390643556705	-0.2990932077691678	-0.05833593879971797
-0.930548915564989	-0.3635185226984452	-0.04396588900458157
-0.9039103742754022	-0.42671987084930824	-0.02926067496918599
-0.8748800583717677	-0.48373188289993885	 0.024255905043768965
-0.838395365711885	-0.5437837519101538	 0.037315437976140876
-0.7974395473315555	-0.6015246665102283	 0.04752098411652055
-0.7524005621929449	-0.6562896150691603	 0.05636785577005778
-0.7034548756562061	-0.7079341185859472	 0.0630913754601195
-0.651117549183666	-0.7558723773427811	 0.06857759339046904
-0.5941781934512506	-0.8036293572062435	 0.033647149408063286
-0.5644607274998938	-0.825311017586313	 0.015678372394336306
-0.5053090390031242	-0.8627276160573555	 0.019074474926760548
-0.4445520975851048	-0.8954445784139876	 0.023504032030260476
-0.3825219614664492	-0.9235797768768295	 0.026025847536752012
-0.31762343503378637	-0.9478255344807751	 0.027241690541725996
-0.24771626305097963	-0.9687826366071425	-0.009841546045781198
-0.2126457075730799	-0.9767442678638287	-0.02743060782953301
-0.1422139135683469	-0.9877723047774586	-0.0638833053481288
-0.0745909245348334	-0.9954280923832741	-0.0596582506551681
-0.004861794977550643	-0.998562255627493	-0.05338337368253852
 0.03348150177155338	-0.9972038622014139	-0.06680902820506583
 0.10191582498916742	-0.9934889394455101	-0.05092044595457983
 0.16804205798988583	-0.9852239854261683	-0.033099324577719434
 0.2324808285073436	-0.97248974787229	-0.014708999280344177
 0.2959295169028039	-0.9552023993701334	 0.00375463223408763
 0.35849846900878507	-0.9332694210969608	 0.0220688777172983
 0.420058272999747	-0.9066171072301475	 0.03995582763639847
 0.48044360970024025	-0.8751764127908462	 0.05692261758518778
 0.5394809767596074	-0.8389183936612182	 0.07194584415642982
 0.6047053824841108	-0.7951525614795637	 0.04542911365230836
 0.6357794904690788	-0.7712482867634489	 0.030992251665917857
 0.6880628969962721	-0.7245795139940214	 0.0394205235541752
 0.7419617242751312	-0.6704025915575099	 0.007291429465397412
 0.7665935017091534	-0.6420674821648804	-0.009151583674393634
 0.8116776962014562	-0.5825899129464722	-0.04205128799595537
 0.8319953558262273	-0.5516831740454847	-0.0585611079018235
 0.8680743422922151	-0.4938019241558998	-0.05105483281599502
 0.9000828404841349	-0.42765404847362926	-0.08344396377285808
 0.9139732184238025	-0.39337148973401326	-0.09955815922604855
 0.9386720311683516	-0.3328840490330288	-0.08990566056515635
 0.959861992092124	-0.2691898838041382	-0.07875127043073177
 0.9764913922016323	-0.20182522342894887	-0.07570429409203143
 0.9880483851493431	-0.13453498684612897	-0.07523779580827215
 0.9949927324674531	-0.06623958411884767	-0.07484503879826317
 0.9972218751008666	 0.002523087572711387	-0.0744457241848865
 0.9947261171523119	 0.07132786019021081	-0.07370405833989774
 0.9875222876383246	 0.13990040710622037	-0.07230219574178923
 0.9756305220764621	 0.2079649462433392	-0.06996903262740704
 0.9691624224202368	 0.2416342722773517	-0.04834332869728194
 0.9512202672435639	 0.30847582757793185	-0.004760985737541957
 0.939754369111455	 0.34142315369919074	 0.017086715718066307
 0.9272561366775649	 0.37442683094888396	-7.77984172776008E-4
 0.8985641763497932	 0.43883029916338523	 0.0032232773680674273
 0.8646758519995948	 0.5012740273058837	-0.03255795628283511
 0.8268408370000049	 0.5616131560313563	-0.03041205750407235
 0.7848867588221136	 0.6189062414831377	-0.03013038464629777
 0.739257884840106	 0.6727264878481014	-0.030608042232245686
 0.690229371735414	 0.722915426422744	-0.031252210061977266
 0.6379369696205388	 0.769432245587996	-0.03178745414117811
 0.5823601091808802	 0.8122948361995413	-0.032152796431938406
 0.5235114482476401	 0.85139760790171	-0.032525018261404914
 0.46159764467496056	 0.8864639444378677	-0.0333060000928641
 0.3970018066982931	 0.917131391933245	-0.03549049744480913
 0.3306411226501841	 0.9428954575597379	-0.04030637822775316
 0.263365411673877	 0.963567281415541	-0.04665569760825644
 0.195523427334482	 0.9792342312963707	-0.053580869914399386
 0.12730308866376716	 0.9900062653261291	-0.06067551591602117
 0.05877057555637469	 0.9959728126193789	-0.06770654305025786
-0.01401503991828622	 0.9992978252187721	-0.03474816785272786
-0.08388764536149343	 0.9956023007269855	-0.041700380607827915
-0.1210937804284342	 0.9923119532407497	-0.02555941699410497
-0.19118938692846385	 0.9810133744258674	-0.03254808018134511
-0.26050364945082505	 0.9646270266925588	-0.04040480165865472
-0.328306993588577	 0.943297473011822	-0.049034634395917334
-0.3943332287856362	 0.9171572381766638	-0.05765331851376367
-0.45831772333561505	 0.8863165073841437	-0.06624132558178322
-0.519932383927344	 0.8509261945637546	-0.07479924831759015
-0.5785443652898654	 0.8112876085695562	-0.08425457597565515
-0.6334420186709376	 0.7680015119747834	-0.09447161788883536
-0.6899735324951148	 0.7209289467476477	-0.06479180656178721
-0.7165040297903783	 0.6958240770014755	-0.049505849747211124
-0.7659369629487734	 0.6426611757126655	-0.01808817349606703
-0.7887802305495027	 0.614672075112627	-0.0019969904883449297
-0.8306171224987994	 0.5559924684338364	 0.03078263888402079
-0.8660032318429681	 0.4995216736310905	 0.02272663658196379
-0.8973709746315923	 0.44103296113109497	 0.014671778511291433
-0.9123898221796823	 0.40812607457997924	 0.03127170655504777
-0.94070223577639	 0.3342670686670551	 0.05783450881641344
-0.9628776081782661	 0.26560804906097424	 0.0481567850144186
-0.9809588531539726	 0.19335995351183782	 0.018211446860229064
-0.992577903589801	 0.12096412178704825	-0.012521443429739267
-0.9945772605109212	 0.07921850493922158	-0.06738324235138793
-0.9957355208186484	 0.04244079645809915	-0.08191185125497544
-0.9971718025636618	-0.026142762476867788	-0.0704624165212607
-0.9938455612628712	-0.0942180314135857	-0.058257728368325414
-0.9858160280417821	-0.1615475392201681	-0.045487926176434205
-0.9731126555407348	-0.2280624225734241	-0.03223803710526152
-0.9557097815302567	-0.29372597849890525	-0.018543544489927302
-0.9335517843799072	-0.3584152616503377	-0.004423358137373159
-0.9066081590264157	-0.42185488797242193	 0.010004972789004312
-0.8920836030616461	-0.4503759216736036	 0.03672021684581412
-0.8578769241191305	-0.5113769345969342	 0.05040648595312651
-0.8190625076385484	-0.57032816301731	 0.06214817012715357
-0.7760695519953764	-0.6265835876285041	 0.07147767609742667
-0.7289172668639664	-0.679994669847647	 0.07928976634064906
-0.6781623192384844	-0.7299295877196051	 0.0854322289102153
-0.6242378662454616	-0.7759741823209811	 0.09050499829621533
-0.5958198170492304	-0.7997893232665277	 0.07304645097670022
-0.5361773273018627	-0.8432852238819963	 0.037200871894654264
-0.4757942447419578	-0.8785918142392775	 0.04118568467519815
-0.41499106011133546	-0.9086907065511763	 0.0454270828382584
-0.35183649574213566	-0.9348869877351509	 0.04687643787011012
-0.2852042408264765	-0.9572802365787952	 0.04767693016794589
-0.2500069707509513	-0.9677789927368341	 0.030005596031606952
-0.18061833764778784	-0.9835411680016588	-0.004877186820587939
-0.1452326093371418	-0.9891410980701911	-0.022525037039301827
-0.07961245959522731	-0.9966463818576242	-0.018916812821004436
-0.011405793417053651	-0.9998287192856706	-0.014575320514598259
 0.06450244890535292	-0.9971263932411462	-0.03972895653192633
 0.13120781685887856	-0.9911054151083281	-0.02223881602235036
 0.1959463393808042	-0.9806067453316178	-0.003929770145209425
 0.2597696329887788	-0.9655624685210491	 0.014451891240028946
 0.322839203508299	-0.945887782126911	 0.03272846316527008
 0.3849883479150382	-0.921527871285358	 0.05069866284160339
 0.4460220101618286	-0.8924350193339956	 0.06800075527178127
 0.5057702467242173	-0.8585731275079604	 0.08395619244417803
 0.56396999998298	-0.8200367377219997	 0.09735290393952359
 0.596651797094878	-0.7981127284529265	 0.08380158533630311
 0.6588555507857248	-0.7502719832120944	 0.054784253265242396
 0.7095597731985915	-0.7018415207840906	 0.06279656011150851
 0.7367037553055639	-0.6745887506319727	 0.046878507223184825
 0.7863896440318473	-0.6175646254503541	 0.014326937978100954
 0.8090385154424738	-0.5877521830790721	-0.0020129124231835884
 0.84988957117876	-0.5258147227122183	-0.034736064553382955
 0.8839502702502651	-0.4668118227438043	-0.02680749654649522
 0.8999085045667853	-0.43397328007514774	-0.042800415759542305
 0.9272929922118356	-0.3668645149263695	-0.07441864203719505
 0.9504870776332499	-0.30409885019538485	-0.0640172208241635
 0.9698506770473477	-0.2370440181294666	-0.05656675436896029
 0.9840640722837865	-0.16905317489301389	-0.05512645189782266
 0.9933733913158296	-0.10105799353807791	-0.05474109395824769
 0.9979913662267705	-0.032434379914259244	-0.05441731283701575
 0.9978807790289433	 0.03643782640120625	-0.05390951355507623
 0.9930371686825369	 0.10524802006303582	-0.05291536532786606
 0.9834617335910452	 0.17374783587442716	-0.05113421644114217
 0.9704316434690399	 0.2412332544293169	-0.008303150692292725
 0.9614332284717227	 0.27471550967723074	 0.013324261075926642
 0.9385018972787535	 0.34057275456155994	 0.05678369180082915
 0.9133389002609767	 0.40665587652864205	 0.021048785114380405
 0.8822314135059981	 0.47016446789031385	 0.02476098052636554
 0.8651867362829542	 0.501405072368132	 0.006698116418691063
 0.8272869227196552	 0.5617109907005466	 0.008781254082062435
 0.7852536828478835	 0.6191049825646187	 0.009256032492317325
 0.7394321161891032	 0.6731713375428875	 0.0089719484407946
 0.690066885260823	 0.7236961240218542	 0.008462502122377263
 0.6373278144295473	 0.7705521140821577	 0.007918108232024183
 0.5812992197655756	 0.8136564180973959	 0.0073790506739433975
 0.5220784937762997	 0.852870703324657	 0.006753498854316931
 0.4599023327144974	 0.8879510323975478	 0.0057278641650024414
 0.39519755650679733	 0.918589739680521	 0.003432416747605985
 0.32877113772567573	 0.9444089995706363	-0.0010865213089594056
 0.2613325135825206	 0.9652230487903745	-0.00705573727232723
 0.19319921288009756	 0.9810641208747851	-0.013684110299761687
 0.12454879196955893	 0.9919992820684562	-0.02061608097071975
 0.05547242674173526	 0.9980765640765662	-0.027676381853468
 0.018992566715330093	 0.9997552860273393	-0.01134241905224579
-0.050912791147136115	 0.9985313132625223	-0.018523070259300268
-0.12525140794205733	 0.9920341537480204	 0.013428425297913379
-0.19550660555132912	 0.9806827474890177	 0.006206123040067049
-0.2649131919540489	 0.9642707107289911	-0.001731230465194526
-0.33289789186534613	 0.9429062945805199	-0.010330209680468468
-0.3991393541312242	 0.9166937147384029	-0.018984450026724158
-0.4633263975250941	 0.8857578715211917	-0.027597869386361062
-0.5250783092696825	 0.8502855866205938	-0.036155087052367765
-0.5837772715031765	 0.8106482233442788	-0.045316170017679985
-0.6388093718491207	 0.7673937331468741	-0.055040392119207096
-0.6672452475766456	 0.7437596855175151	-0.040066317340979506
-0.7205715457841496	 0.6933186244388658	-0.009269973702245207
-0.7453969851525474	 0.666588752246766	 0.00653987030398779
-0.7912341812111905	 0.6102765341983191	 0.03887187016269126
-0.8122156071107057	 0.5807291547161489	 0.05531235330787347
-0.8496012231767701	 0.5252945436832722	 0.04736458543172252
-0.8829939032375513	 0.467729680188554	 0.03937909491122083
-0.9135636756768828	 0.40032685323226713	 0.07169254539277047
-0.9279457109533232	 0.36299983992183543	 0.08454509885293954
-0.9512121342539813	 0.300450254768918	 0.07017919960556804
-0.9727133791365398	 0.2293698379033025	 0.03490214189683731
-0.9857600241453457	 0.1623784448054612	 0.043708299664106186
-0.9915995786906474	 0.1263422746534936	 0.02771110203351717
-0.9960567300243732	 0.0843686424034057	-0.027439437898017217
-0.9983510050992999	 0.010719433630599667	-0.05639471925505998
-0.9973544001571046	-0.05750284784339456	-0.044470473093519355
-0.991630229623	-0.1251040498851968	-0.031913389042199466
-0.9812158742628304	-0.19198425841579178	-0.018906417301231545
-0.9660979987631474	-0.2581166769448387	-0.0055170525460056415
-0.9462224724238377	-0.32341123422798884	 0.008258707843784109
-0.921547061148125	-0.38761832908075505	 0.022428665807340722
-0.8925206234478709	-0.44461200083853336	 0.07567764155006466
-0.8581734678648577	-0.5055643343774193	 0.0891235258409413
-0.819360863419079	-0.5643530626619037	 0.1007640618537733
-0.7764582491004823	-0.6204748033460853	 0.1101072468843448
-0.729476259637191	-0.6738013385218165	 0.11771211845830501
-0.6782844519745441	-0.7242496532879754	 0.1240670863760408
-0.6241306284764958	-0.7705074743985577	 0.1295345146804149
-0.5676432602957957	-0.8178184328699847	 0.09462631715776565
-0.5376582545383314	-0.8396736409069329	 0.07662752829688797
-0.4765907523931991	-0.8753814099816336	 0.08104715782710661
-0.4166040647600707	-0.9049288558880384	 0.08686091760137535
-0.35402768639273147	-0.9311725094938763	 0.08707556965238071
-0.28708701301042433	-0.9539823953700608	 0.08659466660686345
-0.21693324193491	-0.9746879888144803	 0.05406748564889376
-0.18315888852547607	-0.9824323585449592	 0.035769853758451875
-0.11267368255771228	-0.9936317325088629	 7.88295832382671E-4
-0.04867327480132189	-0.9988086376839831	 0.003495369505645029
 0.019198268111659058	-0.9997550755758429	 0.011009784823219081
 0.05682514698151601	-0.99838409028371	-3.330749138624883E-4
 0.12192023586071599	-0.9923806154630604	 0.017781173775225367
 0.18619598569772777	-0.9818514116092942	 0.03603970630968248
 0.2500684611402302	-0.9667118048623448	 0.0541668817890139
 0.3132791360929573	-0.946916094522898	 0.07215325926354717
 0.3755372159116641	-0.9224473381676086	 0.08979258194756363
 0.43661840741735647	-0.8932962105386136	 0.10670635661329908
 0.4963526730585108	-0.8594688915424337	 0.12225894003504115
 0.5544854715927097	-0.8210915939161828	 0.13547861895071425
 0.6198433153217142	-0.7772595458832888	 0.10799010502953402
 0.6509990798552077	-0.7533099510514951	 0.09340404527892401
 0.702033465912548	-0.7048504997683361	 0.10166014811686082
 0.756547260132469	-0.6501666731896728	 0.07013943441123346
 0.7815424195113188	-0.6215082958167133	 0.05402670391018507
 0.8270100770820314	-0.5617707283398296	 0.021632872793739412
 0.8475044863567476	-0.5307603256238341	 0.005442641717679966
 0.8818180401447109	-0.47139675827891264	 0.013492233301918696
 0.9137753595327968	-0.40581961474052997	-0.01802866058685728
 0.9274903977038189	-0.37233404883641974	-0.03359937862952992
 0.9511119438042128	-0.3079027284915217	-0.02412426455766441
 0.9705587118845981	-0.24024964035201654	-0.01720165967680903
 0.9850777327682066	-0.1714587348656467	-0.014958697888565109
 0.994610602006502	-0.10269981989742064	-0.014230157037129374
 0.9993301437948928	-0.03384697796233801	-0.01391566691524398
 0.9992899973629086	 0.035188087463908745	-0.013464756628719167
 0.9944753114607869	 0.10421306098956452	-0.012589392922464233
 0.9848591161013178	 0.1730092091505012	-0.010969730226814347
 0.9783283594445327	 0.20680730480633627	 0.010215663723350902
 0.9603228209915572	 0.27379081438626146	 0.053091142769067116
 0.948862548479292	 0.30672037150132764	 0.07471598088408525
 0.9246230099589695	 0.3727065873213723	 0.07849897592753632
 0.911961880853588	 0.4057732791247984	 0.06061001417500865
 0.8807748238566815	 0.46917349696054134	 0.06412440572862042
 0.8465253335698891	 0.531634273955691	 0.02756552883573096
 0.8064889440800298	 0.5905480808857766	 0.028784496500806042
 0.7624771771630771	 0.6463716228601917	 0.02884925417593735
 0.7147492737927783	 0.6988011616414481	 0.02846773790203614
 0.6635246251538641	 0.7476321186862661	 0.02795151021160121
 0.6089536591154744	 0.7927333322887392	 0.027373434718099582
 0.5511472622212655	 0.8339798854943007	 0.026725380014449213
 0.4902839310493041	 0.8711791488979528	 0.025856478497272628
 0.4267010181659913	 0.9040666376239666	 0.024284888951821473
 0.3610039621645576	 0.9323291199292492	 0.020941619647065465
 0.2939859887965075	 0.9556802960467189	 0.015729276505790347
 0.22609827030897356	 0.9740579981620944	 0.009517792797907999
 0.15755786619984288	 0.9875057773136795	 0.0028033142274912835
 0.08849878531912657	 0.9960674700165846	-0.004190485866803718
 0.015430941364285867	 0.9994818284413933	 0.028248197536501318
-0.0547994750380203	 0.9982809210573493	 0.020789905926856887
-0.09195443058558848	 0.995090594012702	 0.036593611507040366
-0.1624646100410009	 0.9862814203912947	 0.029226875904823837
-0.2324033004650941	 0.9723774556635717	 0.021697687668737177
-0.30118729521572574	 0.9534719018135797	 0.013324625797032034
-0.36839300652757934	 0.929658496091769	 0.004655468393344963
-0.43371717576414787	 0.9010402126858855	-0.003993315683190384
-0.4967970603499509	 0.8677759979909666	-0.012549826231039613
-0.5571474070169332	 0.8301422225742402	-0.021228687048625888
-0.6140901411484389	 0.7886450499122949	-0.030533322667617654
-0.6712665449869036	 0.7412159849119956	-2.9881814823815836E-4
-0.6980586440839764	 0.7158789069866369	 0.015215779679614067
-0.7478824690530707	 0.6621635632338696	 0.047023696244638966
-0.7708635077360477	 0.6338508494279169	 0.0632657341724938
-0.8129322968659689	 0.5743628904531811	 0.09616834605257263
-0.8503405586947665	 0.5187562585648214	 0.0883904883938335
-0.8838374470159638	 0.4608355557198125	 0.08038630378811672
-0.899326961732389	 0.4265689462427887	 0.09617666038341682
-0.9268701873995013	 0.35432995032229364	 0.12394330161253034
-0.9499509816193739	 0.29163991708031106	 0.11197897698129515
-0.9695913631518203	 0.2327908474030441	 0.07550503206255733
-0.9819239768602974	 0.16878795231141017	 0.0856500485778004
-0.9939519607424806	 0.09603322010913816	 0.0532646258941941
-0.9985861417190917	 0.05311549756302719	-0.002112222812667601
-0.9997330138105723	 0.01622789161088316	-0.016448605749289778
-0.9986547934149784	-0.051663772327202595	-0.004411147040162541
-0.9928587918441667	-0.11901291483083114	 0.008206434134943236
-0.9823659107937903	-0.18577171434910056	 0.021120782610571355
-0.9671311773815083	-0.2519580218187035	 0.03427011785599066
-0.947084275123159	-0.31741517451591733	 0.04773869291748957
-0.9221951908242921	-0.3817827636161193	 0.061627521661882866
-0.9076897710665507	-0.41027863297483363	 0.08815170347449244
-0.8755860233342686	-0.4721872781741946	 0.10192296145681691
-0.8389427107038189	-0.5320253425028033	 0.11456073974841334
-0.7980942889853334	-0.5894337553511994	 0.12495340708271158
-0.7533000508754657	-0.6440009386572251	 0.1334234775428744
-0.704506656463984	-0.6957489157013125	 0.14001363254478516
-0.6511070942357972	-0.7447940749127075	 0.14608674755343465
-0.5954395780022864	-0.788964013599166	 0.15161627285339183
-0.5676783574665628	-0.8122615111929611	 0.13406162724132825
-0.5078140085870222	-0.8558938771633162	 0.09782946241867112
-0.44620896118323267	-0.8885078778344189	 0.1070108124721881
-0.3864778299686699	-0.9159698155656566	 0.10786187424351977
-0.3217495890762189	-0.9408420716061041	 0.10627040145411451
-0.25286812591918206	-0.9615386650964456	 0.107243211527194
-0.2180467683405525	-0.9713578025794298	 0.09444377260731894
-0.1505517110852539	-0.9868723999835647	 0.05845552531610435
-0.115346126944983	-0.9924886779191604	 0.04076144257835969
-0.04435159211955313	-0.9977289845696911	 0.05069328975312481
 0.00735680521305839	-0.9987049772239736	 0.05034129403501085
 0.08442757697021147	-0.9960176201929415	 0.0286510822156614
 0.14881444771953992	-0.9877525872022636	 0.04689441997896259
 0.2129872227792826	-0.9748941203820923	 0.06494533837924663
 0.2766663823682271	-0.9573853963993443	 0.08287892149725674
 0.33950202463501095	-0.9352113453814392	 0.100588840029931
 0.4012230933738336	-0.9083788702780633	 0.11776186724012774
 0.4616452024551163	-0.8768986697879622	 0.1339120232625784
 0.5205937414443235	-0.8408325441552967	 0.14826594031783644
 0.5776564709792252	-0.8004201677866913	 0.16012668901889118
 0.610357964168254	-0.7785159312071982	 0.1462056785250613
 0.6726773817738683	-0.7306395625358668	 0.11692292207796806
 0.7220757260785596	-0.6804587462635839	 0.12483004622891253
 0.7494230964772836	-0.653023962481467	 0.10920039785368922
 0.7996388295073279	-0.5954725215965457	 0.07739650100361124
 0.8224549029458317	-0.5655089914688003	 0.06138007158926099
 0.863554394465873	-0.5033980062853478	 0.02939821536448481
 0.8959204719007826	-0.44260514293235703	 0.03777824081275839
 0.9119484930069999	-0.409704661689606	 0.02218189108411354
 0.9395212698694347	-0.34237756901642047	-0.008796800403056018
 0.9611639061415072	-0.2759780436158027	-2.5489761505975483E-4
 0.9782607420288102	-0.20734019502983422	 0.003995513763200044
 0.9903753704556079	-0.13829577372243032	 0.005559187479500017
 0.9975806479006468	-0.06924758705439238	 0.006133728170535813
 0.9999789723342137	-1.463249758278759E-4	 0.006483323099430836
 0.9975904029723667	 0.06901811524026025	 0.007063120140083066
 0.9903856493451838	 0.1380922903375559	 0.008172204136390134
 0.9773373919065458	 0.2056875065288767	 0.05004270215770209
 0.9683488226251106	 0.23920792927793083	 0.0712749906427692
 0.9454735104969241	 0.304994703800732	 0.11427191956962454
 0.921172066646829	 0.3708239437508149	 0.11803231070644327
 0.8957215638021964	 0.4369587554193052	 0.0821579345051955
 0.862244853915839	 0.499271377803892	 0.08521680116888133
 0.8450475302773506	 0.5305081473509998	 0.06675160796835065
 0.8050081945332735	 0.5893577309765806	 0.06796522399297887
 0.7609297951494655	 0.6452511106795028	 0.06809442723645588
 0.713039888336752	 0.6978397735899207	 0.06777734161709685
 0.6615794845169648	 0.7468502036591358	 0.06728565196663158
 0.6067448665978065	 0.7920979837350541	 0.06664421220235009
 0.5486962367935967	 0.8334244115269668	 0.06584975322258102
 0.4876442968212189	 0.8706324882943025	 0.0648236847472447
 0.4239684129079458	 0.9034720664206294	 0.06315861029151686
 0.35827421629964273	 0.9316900522017151	 0.059943578165158135
 0.29124897622894685	 0.9550627281811788	 0.0550383419509933
 0.22328610930062676	 0.9735158745558965	 0.04909333336672654
 0.15457938222657724	 0.9870644955886115	 0.042531119651966445
 0.085259508447239	 0.9957245096876227	 0.03554598467729987
 0.048679726532019685	 0.9974756909245849	 0.05169652057237298
-0.021472492309927316	 0.9987925215384595	 0.04418632133189945
-0.09568723873988895	 0.9925442715892135	 0.075497160726568
-0.16630435999081192	 0.9837317037295953	 0.06793228190863725
-0.23623314650101107	 0.969821621612878	 0.06033177227961806
-0.30500729197718973	 0.9509331394406423	 0.05192991579335934
-0.3722548703671255	 0.9271225347063146	 0.04324485088069465
-0.43763249087085354	 0.8984887229884403	 0.03458059566829628
-0.5007630720424552	 0.8651922138673049	 0.026053382544204813
-0.5611241039107779	 0.8275447993474156	 0.01758820864590924
-0.6180767695422623	 0.7860692307692033	 0.008733349306792064
-0.6468104571379035	 0.7622733874910058	 0.023989899125320617
-0.7005983597756998	 0.7114133142243468	 0.055254272449555136
-0.725581133382256	 0.6844372639251936	 0.07125763559307711
-0.7716202672587807	 0.6275490956682723	 0.10384746352906907
-0.7926888007302975	 0.5976381885687043	 0.12030403468330102
-0.83206350349467	 0.5431202657663755	 0.11265302066982967
-0.8675747788971413	 0.4861490520346254	 0.10475257623281566
-0.8990048202046234	 0.4165698969640185	 0.1351290279408539
-0.9126139629011868	 0.38058164926674287	 0.14930962112066776
-0.9381711799555513	 0.3176549042964712	 0.13758705926506481
-0.9613754918753505	 0.24850918817507103	 0.11832306205467642
-0.9740414741492237	 0.20402400517240807	 0.0980684044461638
-0.9902930243384662	 0.10243016058108927	 0.09395630979293682
-0.9975239461491648	 0.0591642195444431	 0.03802067838289266
-0.9998457660011231	-0.014761520347134719	 0.009515341647519803
-0.9963702409494605	-0.08224629063432039	 0.021952007361729173
-0.9882030735577741	-0.1491687995831153	 0.03468940244370195
-0.9753162770039243	-0.21562460206124892	 0.04758351392165909
-0.9576255302640213	-0.28154294106188626	 0.060719981264616085
-0.9350756286280517	-0.3465881533759147	 0.07423086073411544
-0.906117302024566	-0.40351876420287636	 0.12698047845202487
-0.8738820749458227	-0.46536332018455595	 0.1405955166966227
-0.8371986889987282	-0.5250227985344108	 0.15313202198725853
-0.7964383232824777	-0.5821660261325214	 0.1636114764436282
-0.7519199350983153	-0.636407990153456	 0.1720502289175576
-0.7038102101906073	-0.687621454469438	 0.17840382110478434
-0.6518928362342749	-0.7358433927850463	 0.1832218091850013
-0.5925961053415837	-0.7827252638289599	 0.19018679580315723
-0.5380351513762522	-0.8285474548605124	 0.15500738991319377
-0.5083828584324339	-0.8502756149230662	 0.1363020466437296
-0.44504465290013806	-0.8827930031774223	 0.15037210667535283
-0.38558837893562986	-0.9105642394170145	 0.14897774305146122
-0.3219923019010935	-0.9354713070643859	 0.14565160890180556
-0.25329387877405585	-0.956528605552147	 0.1445518513754128
-0.1845376669154702	-0.9759411098593229	 0.11612406975277785
-0.14884884626518516	-0.9837520926822705	 0.10037848927323473
-0.08167333120019876	-0.9946743097153805	 0.0628687884637056
-0.012361574681372835	-0.9966447867739427	 0.08090958205131894
 0.03271132682584685	-0.9964084117229348	 0.07810407252551577
 0.07254353002447413	-0.9950231415016747	 0.06831093710180257
 0.13739825111285656	-0.986733685754332	 0.08647747677169935
 0.20191985805086107	-0.9738312636305728	 0.1043122279524422
 0.26586766370156306	-0.9562559898431712	 0.12201994626670619
 0.3288469540742233	-0.9340229421410662	 0.13950205858786624
 0.3906064243243647	-0.907175538196935	 0.15639425876174595
 0.4509924691397003	-0.8757563475402826	 0.1722109535487803
 0.5098440046455638	-0.839855527256107	 0.1862841492568309
 0.5667921814186799	-0.7996950129784833	 0.19807702870347654
 0.6321390775805046	-0.7559863047554992	 0.1699555636564873
 0.6633204314212016	-0.7320531692468902	 0.15525515339200485
 0.7129538018570486	-0.6819393756345407	 0.16326531896503071
 0.7677187480812433	-0.6269832154674957	 0.13228745732913885
 0.7929038522511989	-0.5980907264080929	 0.11658029022887705
 0.8386878608542973	-0.5379434436237261	 0.08496777929244738
 0.8592949974388576	-0.5067817772126566	 0.06916890675538673
 0.8919210312114824	-0.4455020683155533	 0.07749052335098777
 0.9240596309039746	-0.3794074054922092	 0.04651686996435913
 0.9378904388068899	-0.3455436063028413	 0.03100227310773765
 0.9595536896784136	-0.2788235220122894	 0.03891221141499649
 0.9767033582527307	-0.21015651619811254	 0.04341415296088181
 0.9889837585677708	-0.14087745911660524	 0.045438604754271
 0.996367207464533	-0.0714559298135616	 0.04632966634682111
 0.9989033029598993	-0.002030973024787596	 0.04677677291537334
 0.9966077459970253	 0.06737073755043307	 0.047267159219056595
 0.9894406934046358	 0.13669929462927433	 0.04817070772588197
 0.9829532814089805	 0.17049305060850806	 0.06881109112288716
 0.9650493199851333	 0.23750116451849076	 0.11078360369925123
 0.9536346695197849	 0.2703954385371029	 0.13216362551102473
 0.9316510717198585	 0.3369831779721432	 0.13589929479961974
 0.9050409292329759	 0.40176755401407604	 0.13958420023290008
 0.8922646354553619	 0.43483774232805356	 0.12157285125697828
 0.8588409001019257	 0.49689612728582744	 0.12444495570516644
 0.8243439612461058	 0.559348405130349	 0.0870999152422903
 0.7822601185868361	 0.6167510535839171	 0.08767693409122829
 0.7362116369246152	 0.6710673235081421	 0.0875275555262302
 0.6864368863334102	 0.72195067159486	 0.08712995388856623
 0.6331810626703298	 0.7691490328773818	 0.08655349270514975
 0.5766314375258991	 0.8124873266158911	 0.08579352740957763
 0.5169712437480081	 0.8517886334824244	 0.08483429146154202
 0.4544983186883819	 0.8868219271605985	 0.0835353088017052
 0.38972199353526604	 0.9173439278112454	 0.08122121559503094
 0.32331660329303397	 0.9431355845448502	 0.07721167787516867
 0.25580374801142114	 0.9640548765769394	 0.07185149581972333
 0.18743401157023476	 0.9800805556407277	 0.06565512745895571
 0.11835349071388082	 0.9912235040850784	 0.058893260948413684
 0.04518335360861843	 0.9948161469423328	 0.09110048484771997
-0.02507450010218988	 0.9962027519946155	 0.0833747345601785
-0.06213663052318524	 0.9931568252106121	 0.09888660012763595
-0.1328478698255845	 0.9869517174006762	 0.09098214661492995
-0.20320946561515685	 0.9755627786907614	 0.08356541101175186
-0.27254550781621806	 0.9591771149519699	 0.07548647774015779
-0.34057188283806417	 0.9378373185150048	 0.06687268964772931
-0.4069158715120889	 0.9116114324016313	 0.05817275845447989
-0.4712126572616037	 0.8806266703833916	 0.04955097421766725
-0.5330316099399331	 0.8450921295620097	 0.04118974820499062
-0.591732764481411	 0.8054696509884014	 0.03272578151565149
-0.6494273621053976	 0.7577646307873784	 0.06353633351471322
-0.6764078583710708	 0.732246893385315	 0.07928995057014966
-0.7264472379318265	 0.6781200124578773	 0.11147941157607752
-0.7494758370929006	 0.6495728092753772	 0.1278324491824767
-0.7916736981030282	 0.5894463292966167	 0.16064177728916026
-0.8311175491921767	 0.5346348239417817	 0.15300073350650967
-0.8668367548477881	 0.477103240649375	 0.1447982672783779
-0.8826612350254057	 0.4420366107672143	 0.1597272015808822
-0.9100610076778727	 0.36940464272385887	 0.18796056032687583
-0.9364693478987437	 0.30450326410583145	 0.1740773465876478
-0.9575361108730913	 0.24071045094930024	 0.1586917615310245
-0.9758827452953883	 0.17623856288620787	 0.12881318405559483
-0.9849792685301231	 0.10751127504427213	 0.13511908193966826
-0.9975530456427526	 0.02854337164080027	 0.06382160342896415
-0.99873003057244	-0.008428926060099155	 0.049671714669884307
-0.9952050214244874	-0.07547209959810008	 0.06221677839409873
-0.987029855148203	-0.14206163961126458	 0.07477001803582019
-0.9741090165995674	-0.20854154853069326	 0.08730433159840523
-0.9563345060310999	-0.2746029308632483	 0.10008767624221526
-0.9336583574458194	-0.33978254652274353	 0.11326911604711333
-0.9192103775504656	-0.36824251536838054	 0.13946229482802294
-0.8892288265166824	-0.4310607527385506	 0.1531624025021747
-0.8546896193416313	-0.4917728329520391	 0.16632839613242015
-0.8159189178980003	-0.5501062196649977	 0.1779310723343218
-0.7733224080690492	-0.6056777838688118	 0.18742165111334372
-0.7271742296737524	-0.6582207724340928	 0.1948411004758771
-0.6777021733702857	-0.7075475718196386	 0.20024035013284633
-0.6246972938908539	-0.7537233999681017	 0.20409391795437995
-0.5608669229598983	-0.8002040221050624	 0.21237188546598265
-0.5344346899082881	-0.8225195067971731	 0.19452820659422937
-0.4764532397168013	-0.8651358021441761	 0.15662807606466064
-0.4144342741456164	-0.8938719826106513	 0.17098862861927272
-0.35271727261744384	-0.9205960500411685	 0.16761097292811747
-0.28807702563379994	-0.9435151787897108	 0.1636787545633318
-0.21666395773370453	-0.9599048132845384	 0.17787489663340186
-0.1860239257660304	-0.9702326134110183	 0.15506055241814498
-0.11244217036240778	-0.9853872874548583	 0.1279400330097972
-0.08765613273845295	-0.99091583457351	 0.10199123092120739
-0.022565638996424404	-0.992637533585563	 0.11900218003823954
 0.003974128501085585	-0.9888025477076566	 0.1491768344935116
 0.09869015365511252	-0.9903882891433525	 0.09690866988682303
 0.1637262065031531	-0.9797856357061058	 0.1149514565721948
 0.22823644954921893	-0.9645286866230163	 0.13263685678741907
 0.2918615334100762	-0.9445938346670945	 0.15019764586847906
 0.3542939355201945	-0.9200392607578641	 0.1673426601848293
 0.41537405069402933	-0.8909222564354253	 0.1836353206712815
 0.47497356816166403	-0.8573134586271101	 0.19852894802672863
 0.5328715294129924	-0.8193663012786977	 0.2113925199005981
 0.5885816144392587	-0.7773260688132445	 0.22211678434423465
 0.6212391082884038	-0.7555335521227015	 0.2079207107285907
 0.6835463420614032	-0.7077596437757182	 0.1784395833242828
 0.7314856046675674	-0.6559515895417494	 0.18616208620923733
 0.7588957276908899	-0.6284137431010719	 0.17080234768355773
 0.809325419084656	-0.5704796244864418	 0.13980473550368155
 0.8322713579061052	-0.5402801785958303	 0.12418419958104834
 0.8735749736202806	-0.4777237991529175	 0.09298783354412175
 0.9041221022179364	-0.4150470092079168	 0.10148499607618403
 0.9202010589546004	-0.38186526027175843	 0.08607516538708683
 0.9479048836597204	-0.3137919432208835	 0.054872104968861864
 0.9673570507025702	-0.2459165415483411	 0.06119960007163505
 0.9821295616815766	-0.17684870651598936	 0.06438989885669714
 0.9920272587261868	-0.1074110283872934	 0.06591501289533072
 0.9970597215719174	-0.03786945940118842	 0.06661693225894358
 0.997246795356752	 0.031665206838776244	 0.0670532909449356
 0.9925700025877043	 0.10115596187397957	 0.06761849850739586
 0.9797043577542899	 0.168639522483911	 0.10835166290211116
 0.9708143325260205	 0.20216442908966614	 0.1290312960986859
 0.9480680813123935	 0.26788953338131444	 0.1714704379809501
 0.9260611154594702	 0.33416397865517866	 0.1753432228610595
 0.8995172041403019	 0.3985236860408187	 0.17901863344371038
 0.8739052119885973	 0.46465587370506295	 0.1427746458253337
 0.8383281273543607	 0.5255225271136932	 0.14502421998607176
 0.8210232591956975	 0.556777193030711	 0.12617434438314654
 0.7789899804143167	 0.6141067434735815	 0.12667879867750428
 0.7329170308489142	 0.6684537144493942	 0.12650002976450048
 0.6830577829043458	 0.7193923339197498	 0.12612190575508644
 0.6296989634264943	 0.7666296892639903	 0.1255314104063066
 0.5730492129064764	 0.809979041862666	 0.124693830362636
 0.5133038894621842	 0.8492576067997704	 0.12361486300490185
 0.4507798243743985	 0.8842227739102899	 0.12226052525397968
 0.3860378117708857	 0.9146418475663832	 0.12002124213446312
 0.3197250228676406	 0.9403513357503169	 0.11625521538787738
 0.25230346932864534	 0.9612427675990035	 0.11115440208708643
 0.18399161059073316	 0.9772904636210556	 0.10512105853524363
 0.11491423645307915	 0.9884904312157227	 0.0983940326206851
 0.07833916953015337	 0.9903309487289207	 0.11448836843540802
 0.00834016767326733	 0.9942379473722369	 0.10687069574126883
-0.0656251040434698	 0.9883018653380782	 0.13766905494176584
-0.13633578335312282	 0.9821606809757617	 0.12951042785319827
-0.2066323097318184	 0.9707623366324957	 0.1221620822952494
-0.275764487907765	 0.9544388255536916	 0.11401962762900998
-0.3436464503818206	 0.9331680420833145	 0.10537799758188783
-0.4098835594046921	 0.907001641938804	 0.09666172587976
-0.4740957255349454	 0.8760607656141414	 0.08803850283289769
-0.5358445819860894	 0.840533518113425	 0.07983726500840391
-0.5944461190804534	 0.8009261701046525	 0.07177103560406946
-0.623394126024872	 0.7770173767812882	 0.08731414443039567
-0.6774477336034311	 0.7258697505412602	 0.11907003604913924
-0.7024730648031948	 0.6987374413723966	 0.13526855233336177
-0.7484973169075716	 0.6414981371902586	 0.1680235297914988
-0.7696004282944	 0.6113292343879844	 0.18436851128019902
-0.8109521329381927	 0.5577432851103221	 0.17685888724444102
-0.8486165415502305	 0.501335907774115	 0.168855775689285
-0.8801114381067904	 0.43121569699586343	 0.19863755731978053
-0.8938930177014183	 0.3946522619558808	 0.2126143575531974
-0.9221703588030573	 0.3309993787513127	 0.20010307496709218
-0.9456971204023183	 0.26680749084938254	 0.18566291845551702
-0.9657243254023011	 0.1995264218249872	 0.1660293176519979
-0.9789680545639942	 0.14283735624514599	 0.145667559202748
-0.990441601703041	 0.07158489788510804	 0.11790265480765769
-0.9939476598139786	 0.035055913070109405	 0.10411115458555179
-0.9963589527923685	-0.03856584044742698	 0.07603626201411119
-0.9905209993745957	-0.10497939401551179	 0.08858598438854841
-0.9799992773809392	-0.17151452457855612	 0.10091671908771704
-0.9646459154692784	-0.23793560551642517	 0.11333536692475991
-0.9443916832318677	-0.3036809303424679	 0.12610408870775353
-0.9156008329920736	-0.36053399219977134	 0.17801785048897764
-0.8854965828405508	-0.4232969427635438	 0.19161289107141202
-0.8508697459853721	-0.483846501741648	 0.2047272285729431
-0.8120928236143308	-0.5419243164741592	 0.21638687817915123
-0.7695830674248954	-0.5971982484834947	 0.2260445848524913
-0.7236828162746182	-0.6493773307403712	 0.23364987427633646
-0.6747563956226844	-0.698190539822243	 0.23923581811469694
-0.6231925947842974	-0.7433548750692456	 0.24301135676507177
-0.5698697412223402	-0.7846638596119704	 0.24403095184428758
-0.5008578179502761	-0.838861759307138	 0.2131956729631762
-0.46462852482321887	-0.8557874078411828	 0.22748240921237986
-0.4408466012905096	-0.8764600318238351	 0.19357708218166875
-0.347263015561283	-0.9143976320883099	 0.20805136013632736
-0.28299343903146656	-0.937472873740623	 0.20263100568679412
-0.20833627560919862	-0.9529271301475589	 0.2202859071616369
-0.15220776499226787	-0.9725861116268316	 0.1758097032210083
-0.1168389335194216	-0.9791267812021355	 0.16631118407007314
-0.06190616017336128	-0.9898564365847949	 0.12787440042573764
 0.043704458356182946	-0.9889210162267432	 0.14186311707014812
 0.08499597225548601	-0.9872282417329998	 0.13474451166973156
 0.15105072754712193	-0.9765492298543881	 0.153412122657523
 0.21614936522787292	-0.961244950025921	 0.17113619710994035
 0.280044208191008	-0.9412640879492593	 0.18867209172455982
 0.3425554869751552	-0.9167018713262324	 0.20570225436343173
 0.4036008190054867	-0.8876473591360036	 0.22178490642282062
 0.4630881543323461	-0.8541955630569172	 0.23643033090307472
 0.5208188859207443	-0.8165061265481337	 0.24912935069485048
 0.5763857792315981	-0.7747798101749099	 0.25979930570521936
 0.641575120482587	-0.7313878683662607	 0.23119937453291597
 0.6727105956036515	-0.7075506083844397	 0.21640838971118834
 0.7208051984294106	-0.6559061646498364	 0.22411374141600454
 0.7755715035345281	-0.6008102266667333	 0.19369025385356906
 0.8007863163021421	-0.5717651666567406	 0.17839806563198854
 0.8467357004020803	-0.5111477065752053	 0.14753533721622925
 0.867410921992473	-0.47972611935784537	 0.13214061757851106
 0.8980861058050995	-0.41673255057192937	 0.1406247768127865
 0.9302237141170274	-0.35016478172042925	 0.10985657621192702
 0.9440722567396931	-0.31601505893963294	 0.0941384967895885
 0.9635034125559783	-0.2481841639124334	 0.10032843453413813
 0.9783148631927703	-0.17921898308286416	 0.10382959384903429
 0.9883205298956287	-0.10981272801488566	 0.10565838799050833
 0.9934945760150722	-0.04021778693521684	 0.10654133959485171
 0.9938225577282503	 0.029439204785706094	 0.10700493900780382
 0.9892647126183595	 0.09909333516795318	 0.10740502452588711
 0.982914168537472	 0.13277928379170137	 0.12747313083176756
 0.96530987220997	 0.1997571238444566	 0.1681485714698817
 0.953981047018816	 0.2326500415191481	 0.18919334055410722
 0.9342952936497048	 0.29969871399303677	 0.19306212755207133
 0.9100356632668823	 0.36475013116283045	 0.19695794830141766
 0.8813477916332983	 0.427901552581159	 0.20031557972794334
 0.8685255103000651	 0.461000051634109	 0.18205051593269564
 0.8331281504964284	 0.5215537971299752	 0.1840628195744744
 0.7984400296975351	 0.5840980585464309	 0.14602389180846292
 0.7543927395232162	 0.6399695848784839	 0.1460497346287142
 0.7063814188579571	 0.6926655928627251	 0.14573835307272107
 0.6547243491004033	 0.7417762756385587	 0.14527210191513834
 0.5996800232256639	 0.7870782161414418	 0.14453979182105248
 0.5414441996087126	 0.8283948539229063	 0.14352750504390235
 0.48024340513077113	 0.8655157808293522	 0.1422979443412981
 0.4165420962939544	 0.8981730776886555	 0.14063358251259514
 0.3509925427460122	 0.9261901675961333	 0.13775343329636264
 0.2841619183194411	 0.9494507740031944	 0.13339877031573677
 0.21635602808926901	 0.9679013875772159	 0.12789438234549486
 0.14771508163128774	 0.9815341482025116	 0.12153588182521244
 0.07466455225046936	 0.9852865585565073	 0.15373874646656796
 0.004794415754640494	 0.9892829038320543	 0.14593268915219113
-0.03209564479416629	 0.9863941787075673	 0.16123397221761446
-0.10266171148016488	 0.982915887594868	 0.15276429854372542
-0.17327916163465729	 0.9741467420613475	 0.14495674208001805
-0.24287085003292225	 0.9602682102704294	 0.1374725956265911
-0.31128857279864014	 0.9415244576746113	 0.12896169991712575
-0.3782879853516078	 0.9178468215665879	 0.12023066280585022
-0.44346958525187957	 0.8893198485780178	 0.11155686389325291
-0.5064592465004012	 0.8560758526654889	 0.10311724451953871
-0.5666473045855034	 0.818439045247772	 0.09522794453257527
-0.6246519845439371	 0.7705737637974903	 0.12659373109396285
-0.6516984264910861	 0.7449520376659459	 0.14260302411378784
-0.7016664734305355	 0.6906322586310115	 0.17518916462436634
-0.7246108743931747	 0.6619869400593527	 0.19160472828720582
-0.7668320617666103	 0.6014751889688592	 0.22404505373170985
-0.8082996519695109	 0.5475659276284223	 0.21638675450773978
-0.8461373338916577	 0.49069484142208963	 0.20801486676790212
-0.8618917998042636	 0.45552907995186875	 0.22279089467114918
-0.8896648755192025	 0.38198196919200406	 0.2501723095780204
-0.9175607469705189	 0.3187366264226474	 0.2376746486178388
-0.941470915816794	 0.25349477003641835	 0.2222001715464477
-0.9606490341514465	 0.18833236436512504	 0.2041674648824706
-0.9766260652301852	 0.12126416886501189	 0.17747261778224813
-0.9810400459990907	 0.04770447395374263	 0.1878422511334948
-0.9914237147037441	 0.0060770515244377085	 0.13054534602121354
-0.9927089068691874	-0.03082131048946303	 0.11652927976390774
-0.9869618134998394	-0.09671085970525521	 0.12865997166243706
-0.9765020080642007	-0.16344599840841217	 0.14046079115134294
-0.9611449658161813	-0.23010174241756456	 0.15249112375024518
-0.9408759733201408	-0.29590156607051143	 0.16490805324754962
-0.926553526555305	-0.324324301747329	 0.19055789074198803
-0.8987755473987099	-0.38807766520649745	 0.20395646880161333
-0.866312025302447	-0.44970312596415624	 0.21741796916179382
-0.8295295517334171	-0.5089336143768584	 0.2299288997891812
-0.7888435934057239	-0.565509259063344	 0.24067626192953234
-0.7446409991479047	-0.6191086067887774	 0.24942797635403544
-0.6972808137588677	-0.6694691176055078	 0.2561455979248404
-0.6471498510405954	-0.7162946435797477	 0.2609962717685785
-0.5946751795183364	-0.7593622266117744	 0.2640652185730689
-0.5411258495292784	-0.7994779259999182	 0.2608023404996327
-0.49055659630206105	-0.8347984031133311	 0.24993169463669293
-0.43184883617749525	-0.8703156662096188	 0.2367640678866846
-0.3743238500116315	-0.8981933886212075	 0.2305000909969938
-0.3114413545824416	-0.9231795780766414	 0.22526373271809239
-0.2442300464325367	-0.9454638437373777	 0.21552216731673915
-0.1341799074812352	-0.9600969724405747	 0.24537635570439512
-0.09302459704577094	-0.9760481819794169	 0.1966630895698201
-0.05301835067867077	-0.9804471604386376	 0.18950572571594207
 0.03034276074909712	-0.9834280163156092	 0.17874186301946532
 0.11122678904779494	-0.9803333977591604	 0.16301849783413364
 0.17726854470757514	-0.9673279583865216	 0.1812525419987875
 0.2420344119284568	-0.9496443722177914	 0.19898469729484985
 0.30533721184516405	-0.9273424352111794	 0.21634508295595986
 0.3671253725819921	-0.9005397071503302	 0.23291027596937686
 0.42736007974554807	-0.8693312503469649	 0.24824693232759482
 0.4859238814863589	-0.8338455030369041	 0.2618771820269256
 0.5425358992345707	-0.7942703491828276	 0.2734765263248839
 0.596768212483183	-0.7507618026619713	 0.2832391502482908
 0.6293077625366122	-0.7291773301519223	 0.26883482141210324
 0.6914337612804189	-0.681692730085517	 0.23919526648779518
 0.7377430483267599	-0.6283921188964421	 0.2466952361809609
 0.765082150831299	-0.6008245721348626	 0.2316444171533445
 0.8154558156092424	-0.5426632995871875	 0.20136622375714247
 0.8384452795082308	-0.5122318092367297	 0.1860862350536204
 0.8797576667276524	-0.4491741027790926	 0.1557853434265054
 0.9081613130002596	-0.3850150775209728	 0.16433630046695066
 0.9241982149732635	-0.3516750055518074	 0.14893740265752586
 0.9518671648608068	-0.2832498722453709	 0.11712561774791519
 0.9690157152354547	-0.21479368082814201	 0.12195170479750903
 0.9814541644423583	-0.14563162149713033	 0.12465614272417076
 0.9890942203300935	-0.07617609293870248	 0.12605485383038106
 0.9919182084753834	-0.006572365626808843	 0.1267086094354041
 0.9898875944714778	 0.06308845598733401	 0.12705273327483155
 0.977358147595631	 0.13027700487135224	 0.16673018122159666
 0.9686949531613398	 0.1637568873678224	 0.18658448370470734
 0.9462040862725899	 0.22948219443857776	 0.22811345764050944
 0.9264960247852904	 0.29599660382973253	 0.23235990742449278
 0.9023565710484386	 0.3603697512391947	 0.23640275183995962
 0.8738922423425987	 0.42295166268388806	 0.239633553173089
 0.8482576724961017	 0.4892325225232308	 0.2027571452675655
 0.8107983056743395	 0.5486186589444175	 0.20401880936239475
 0.7934057686976368	 0.5799458346536789	 0.18485160282010055
 0.7494631364779556	 0.6357534212336738	 0.18472302089968187
 0.7014836576755495	 0.6884211273321353	 0.18438283395393545
 0.6498497298320111	 0.7374696619673247	 0.18393973555233295
 0.5948443538061194	 0.7826921056936426	 0.18317549625927643
 0.5366570312888729	 0.8239242368850805	 0.18206614908200774
 0.4754891917376896	 0.8609503966093378	 0.18076073444988788
 0.411846692438996	 0.8934641659180996	 0.17917613163402651
 0.34643747880331444	 0.9213164206404119	 0.17651381345023126
 0.27980977692920656	 0.944442921140672	 0.1724356617469314
 0.21224364064529216	 0.9628178136105102	 0.16713615647103097
 0.1438429347363419	 0.9764405165251497	 0.16085125990969146
 0.1073810129585654	 0.9783359266468967	 0.17699754994900446
 0.03797957000030534	 0.9848078889821152	 0.16944312928290065
-0.03554620146363767	 0.9791717449001038	 0.19989787780462487
-0.10595955808327717	 0.9758379097086735	 0.19108361004074595
-0.17651351496607381	 0.9670955515389322	 0.1832189215881651
-0.24573032602701153	 0.9532262130826379	 0.17600111807256202
-0.3137551918935589	 0.9346307096064633	 0.167401063976173
-0.3804360601724152	 0.9110994781676519	 0.1586384096085284
-0.4453467380741002	 0.8827100953497626	 0.1499638971698586
-0.5081423276638452	 0.8495629971530747	 0.14154182669675558
-0.5681362655378599	 0.8119500877990489	 0.1340083531120769
-0.597177789934485	 0.7879936331898871	 0.14981562422246192
-0.6512025120826388	 0.7367313241591151	 0.1821050363389704
-0.6760837962180197	 0.7095770594702718	 0.19852228379946046
-0.7218242108520135	 0.6522767512246856	 0.23131115070319824
-0.7429173677074755	 0.6219886605492689	 0.24739420144118582
-0.7862289593332306	 0.5694821161061643	 0.23986275855378392
-0.8259561738130623	 0.5138897891700883	 0.23176212703288895
-0.8575366335465425	 0.44332007924030326	 0.26095637464533045
-0.8714557110507787	 0.4064621561535672	 0.2745058456426292
-0.9014058289440843	 0.3441023698298848	 0.2627947690177373
-0.9273256723051247	 0.2796689736164142	 0.24870135238914545
-0.9487892718309789	 0.2144668542022649	 0.23195449145689176
-0.966601752719566	 0.14803907848178066	 0.20920201452597978
-0.977482410301675	 0.0865321918380923	 0.19245861198326167
-0.9850337655304862	 0.014920139136167581	 0.17171450204624145
-0.9879409383044284	-0.05909913639474298	 0.14310833134224318
-0.9799960364337978	-0.12569987741581679	 0.1542961742613708
-0.9671208194414717	-0.19273293420406523	 0.16592569624970094
-0.9493287343667751	-0.25895149922504773	 0.1780984984627247
-0.9208984006986759	-0.3156640365055598	 0.2286970739813652
-0.8930105429215823	-0.3794275539465908	 0.24200599483692165
-0.8604391978092293	-0.4408854223633269	 0.2554690416095869
-0.8235920622388815	-0.499856562676521	 0.2680289756095778
-0.7828976622290862	-0.5561191471489195	 0.2789314336007875
-0.7387347590196087	-0.6094117603157634	 0.287903216732782
-0.6914388793639317	-0.6594956226826558	 0.2949199887535036
-0.6412987809633641	-0.7061645441796185	 0.3001124957053518
-0.588220501265131	-0.7497715860844858	 0.30304984836121046
-0.5325214871002452	-0.791501801178116	 0.2999095938917958
-0.47744532835662823	-0.8294418351701839	 0.28995206586597905
-0.42212396707440986	-0.8626339221119055	 0.2787006868366022
-0.36412858727279795	-0.8910512933330099	 0.2709943995367554
-0.3011019467464898	-0.9165307077397158	 0.26326617601889135
-0.2340956511908402	-0.9390432152662491	 0.2517877398841366
-0.15969898060665433	-0.9491812312383717	 0.2712032924910834
-0.1007872409652127	-0.9671550011935164	 0.23335195676271892
-0.010348879449280738	-0.9825789586322784	 0.18555724385550615
 0.05707095275318972	-0.9765071654979866	 0.20778994702085815
 0.09715300411483532	-0.975029113812819	 0.19969857538012528
 0.1638447213020594	-0.9619801839737598	 0.21851552105802904
 0.22909800930057872	-0.9442084562621453	 0.23661042508217645
 0.2925634699657228	-0.9218554420574724	 0.25414397492491925
 0.35433291360673447	-0.8950829203136144	 0.2706930957704954
 0.41444669083781466	-0.8640019882904217	 0.2858924704915872
 0.47283110813158	-0.8287383439025638	 0.29937184324631844
 0.5292321285751679	-0.7894732894344858	 0.31087823879018905
 0.5832779579137733	-0.7463498753443127	 0.32054436102584527
 0.6481770040807259	-0.7034445428327148	 0.2916030633237717
 0.6791643862811879	-0.6798148111795022	 0.2767445734034819
 0.7255193620760517	-0.6268113684200964	 0.2841287800841111
 0.7799490257950586	-0.571800546144679	 0.25440843655426615
 0.8051154318605295	-0.542685104639664	 0.23933662189951205
 0.8510426466370288	-0.4816376750394419	 0.2091687442894905
 0.871617883338013	-0.45001010539780467	 0.19435321063779487
 0.9000068997159858	-0.38570201377859786	 0.20303087703783804
 0.9319828448450111	-0.31900116454865524	 0.17218081754714018
 0.9457971837509802	-0.284785621511356	 0.1560923988831786
 0.9629078018090483	-0.21648725856231305	 0.16106468295514276
 0.9753598933055815	-0.14749031745061783	 0.16407219383320523
 0.9830666045058685	-0.07824543044092847	 0.1657036623627139
 0.9860144086669156	-0.00888581719251816	 0.1664230397332471
 0.9841544085663587	 0.06058816221370785	 0.16664085543157242
 0.9779819152603322	 0.09406082746841114	 0.18628991964057112
 0.960943201062296	 0.16078563040255084	 0.2252468543358644
 0.9498236118387731	 0.1936913956984325	 0.24559875737865838
 0.9324617807806553	 0.2610406666023452	 0.24974546595118158
 0.9105530666653607	 0.32602710688910047	 0.25416419566852866
 0.884361181068792	 0.38913882580102827	 0.2578299355637515
 0.8538644639613575	 0.45067176396505915	 0.260404374672558
 0.841070358896234	 0.4838817470248534	 0.24178318031313928
 0.8038882041734216	 0.5430009771374258	 0.24272143296098125
 0.7690460692196887	 0.6057138979974993	 0.2041539056457676
 0.7231020349392138	 0.6600000005298217	 0.2037730265943055
 0.6732793909859727	 0.7108482277718559	 0.20344448566419718
 0.6199858446881319	 0.7579376911903262	 0.20284971939695068
 0.5634293503221323	 0.801117814207667	 0.20188515288329192
 0.5037727769169688	 0.8402271995218425	 0.2005772729424952
 0.4413164165776986	 0.874957339318025	 0.1992221745502787
 0.3767706828890393	 0.905053869480279	 0.19728493569986819
 0.31080601800267593	 0.9304533200707688	 0.19405215366649176
 0.24383146128476926	 0.9511311052018568	 0.1894619729793513
 0.17601010791690347	 0.9670927403365382	 0.18371737397275545
 0.10326822533589441	 0.9708867145140663	 0.21613574719619366
 0.03425391676540015	 0.977443367081523	 0.20840137555823474
-0.0023580537833138727	 0.9746831926179007	 0.22357798105030707
-0.07234567331307071	 0.9740093375141387	 0.21464369077181658
-0.142876132840713	 0.9680862155128428	 0.2059016512767799
-0.21286176700220663	 0.9565427253092255	 0.19928844122702674
-0.28106713974127195	 0.9404974916440016	 0.19096002505498838
-0.3482461493111168	 0.9195178616756308	 0.18224028519911506
-0.41389246909855815	 0.8936411095397893	 0.17348945605999747
-0.47762067384684914	 0.8629729536861424	 0.16479130171309742
-0.539017131119942	 0.8275376784871815	 0.1569774603032989
-0.597057117863664	 0.7796645272660849	 0.1888015437735813
-0.6240012682342354	 0.7540261046554378	 0.20510253713743384
-0.6734334325276644	 0.6998418485086852	 0.23813609350527762
-0.6961805458254738	 0.6712381677424573	 0.2545033787199968
-0.7383317625177361	 0.6106461693882722	 0.28631706946824353
-0.7817715518543262	 0.5578873080779583	 0.2785587769157667
-0.8215646931450573	 0.5020053660140739	 0.27022595632274793
-0.8373893271376622	 0.46663570788788716	 0.2846580947731926
-0.865090572437169	 0.3930611221459019	 0.31164283360561307
-0.894990879414722	 0.33055313697947225	 0.29954290076296775
-0.9206944729678928	 0.26633289561356055	 0.28528665612059456
-0.9423327056651745	 0.2006470821910439	 0.26786156917701387
-0.9592784482869183	 0.13579244204727853	 0.24767977578938213
-0.9721358176398683	 0.06721219041461551	 0.22457620871618195
-0.9802020343838532	-0.009312451083136065	 0.19778081313560156
-0.9818309230620756	-0.048654938765062584	 0.18341410919785017
-0.9741098241904202	-0.11718193761485035	 0.1933350560879686
-0.9613787447968185	-0.18389080312994155	 0.20478056933488367
-0.9436338221177178	-0.25020810277599215	 0.21668205984978586
-0.9295947833504314	-0.2784646209891191	 0.2414766937512832
-0.9041917841657209	-0.3432860443086128	 0.2541493836902921
-0.8738548180611728	-0.40585405573392364	 0.2676943077385097
-0.839047256133339	-0.4659672270163125	 0.2808455898208896
-0.8002049989104141	-0.5234497845541893	 0.29269827940894555
-0.7577306526607754	-0.5780962699873868	 0.3027357934651034
-0.7119511499239565	-0.6296874609178845	 0.3108363905413006
-0.6631356343042897	-0.6780393035017332	 0.31703916701684
-0.6112904843273135	-0.7233043225592337	 0.3211772108011505
-0.5562402490887652	-0.7662792104965215	 0.32157885013554055
-0.5001085224071287	-0.8068470343473005	 0.3144667374790608
-0.44415926217018575	-0.8424855880423382	 0.3048615813273165
-0.3880887575056186	-0.8731108452611801	 0.2950670570989801
-0.3275455975837326	-0.9003507791184538	 0.2865001850685418
-0.2623700612436669	-0.9244022155831327	 0.27684380937270386
-0.1962505714251414	-0.9459587674804297	 0.25816220374449095
-0.11763742407353894	-0.9532510166510749	 0.278341401359975
-0.07701106429574227	-0.962122614296159	 0.26151361539308376
-0.023630654665229428	-0.9751540733882694	 0.220263763053205
 0.043164687460294185	-0.9687663331854083	 0.2441896833262085
 0.12362468819595711	-0.9658833646248213	 0.22756595177988972
 0.18994199460394773	-0.9504602137797611	 0.24606385493933236
 0.2544154174368084	-0.9303256624268714	 0.26413435444950656
 0.3170398067984164	-0.9057309695007355	 0.28131329828588036
 0.3779208662008139	-0.8768326454364096	 0.29722101336718154
 0.4370958857782452	-0.843734157362076	 0.3115443119946806
 0.4944315152193095	-0.8065745902516643	 0.3239983134497738
 0.54959598689095	-0.7655366532174699	 0.33451141052878597
 0.6022324310013286	-0.7207179314511266	 0.34333913603759075
 0.6346152852259268	-0.6993894515866281	 0.3288127655170512
 0.6963287054482358	-0.6524268127446899	 0.2991079871561265
 0.7406885005339373	-0.597860708914268	 0.30650141584227086
 0.7677008196612872	-0.5704567407349589	 0.29191532752056
 0.8179724010610953	-0.5122011041456532	 0.2618609936861934
 0.8409006353894397	-0.48154214669222695	 0.24698842556014405
 0.8818429430945215	-0.41820917520346784	 0.2178396416863287
 0.9078218635332813	-0.35302942412945787	 0.22633976625812724
 0.9237356521035349	-0.3197260621810807	 0.21092105204326317
 0.9513144610425235	-0.25140772218930496	 0.1783113945740947
 0.9660997591409919	-0.18276756487526147	 0.18233834653545783
 0.9761889305614985	-0.11369076755295136	 0.18474193141357706
 0.9815508531182178	-0.04453697367881489	 0.18594187456953265
 0.9821656168677596	 0.024641673087693623	 0.18639605411653107
 0.9699619085790842	 0.0912656050796089	 0.22548721745383524
 0.9616285543879863	 0.12442654513506768	 0.24451698969892185
 0.939833700230046	 0.18986212176687917	 0.28401582813300935
 0.9224510996290488	 0.2562202864013766	 0.2888514040636734
 0.9006734227766173	 0.3203386786074802	 0.2935481502102616
 0.8746851265587426	 0.3829560191251839	 0.2971037138655597
 0.8444934982004312	 0.4440646255691494	 0.2993949562289412
 0.8190244413296427	 0.5105595827822055	 0.26177829729358226
 0.7798327106767778	 0.5685466097925488	 0.26194597888096743
 0.7623737171177751	 0.599955908350857	 0.24256797703514985
 0.7165783378146555	 0.654168849489297	 0.24203016781516093
 0.6668677795166373	 0.7048627172771553	 0.2417765795837447
 0.6137571051248791	 0.7517467129341855	 0.24120343177777454
 0.5574179069021092	 0.7947317564420989	 0.24018058282743893
 0.4979533112401146	 0.8336995856770608	 0.2387205493184511
 0.4356068731544117	 0.8682674065105157	 0.23739916354557708
 0.3712109414586613	 0.8981390527881423	 0.2356876721387716
 0.3054868527078084	 0.9233074932384528	 0.23276824472509597
 0.23884784278943827	 0.9437983095454213	 0.2284654435446141
 0.17144873694285742	 0.9596516320384733	 0.22287681738259296
 0.13516015379832488	 0.9615181553631561	 0.2391956724780923
 0.06683702431812592	 0.9704472665312253	 0.23187262680698556
-0.0060317200946101365	 0.9650031616857527	 0.26216886979426324
-0.07560101662925603	 0.9645606601529639	 0.25279877208938684
-0.14598360173249247	 0.958817044729188	 0.2436363330088415
-0.21584735417763454	 0.9469884162098531	 0.2379555825335244
-0.28320500289310685	 0.9312187352115385	 0.2294048681421953
-0.34978252295845075	 0.9104760813393837	 0.22064789131487544
-0.41487802997386425	 0.8848634724210658	 0.21187934165448766
-0.4781485593122644	 0.8544858568795571	 0.2030464863532858
-0.5392555189605326	 0.8191491113985951	 0.19544364549787427
-0.5682445462499925	 0.7952298242863045	 0.21144186487711777
-0.6218057105344166	 0.7440665834366212	 0.24438203239956696
-0.6462137336458049	 0.7171173256091908	 0.2610566064260211
-0.6915033052092132	 0.6600256931686086	 0.293580079777276
-0.7125468048251715	 0.629756503348492	 0.30932797711122095
-0.7577762909504729	 0.5785959199722985	 0.3016651359782134
-0.7994685236442042	 0.5241032203580605	 0.2935402768147276
-0.8311488669609207	 0.45331707084255846	 0.3220173818791475
-0.8449675128627875	 0.41655059161974334	 0.3354333120423743
-0.8768366088972812	 0.35510525283031996	 0.3241262419333419
-0.9045612984741427	 0.29173639077309077	 0.310899880349709
-0.9281960383141058	 0.226761876379151	 0.29501045045727725
-0.9474361996052438	 0.1612721551235437	 0.27632578536825064
-0.9626942579961135	 0.09459473762166393	 0.25351844358074077
-0.971965028870258	-0.0058537995009587595	 0.23505258068066603
-0.9751986288700806	-0.07909131561222477	 0.20671767714601094
-0.9648705723863384	-0.14573489498306302	 0.2186003635109865
-0.949703678202708	-0.2126221011716518	 0.22990164353827397
-0.9218572645454619	-0.26890307775542066	 0.2790525373086949
-0.8964183086959618	-0.33374924774608317	 0.2916258827052137
-0.8659571130092182	-0.3961698050535334	 0.3052339496068313
-0.8310745291872085	-0.455955590625778	 0.31846448202799343
-0.7922035586345011	-0.5130652770186667	 0.33042025241288003
-0.7497060782632957	-0.5673888110376331	 0.340603484016782
-0.7038351388220158	-0.6188011905816682	 0.3488569676731481
-0.6547322125676336	-0.6672599419525542	 0.35509139625139463
-0.6023679475254387	-0.7129980482079943	 0.3588685539937725
-0.5470586832453911	-0.7562972451254754	 0.35880534291093785
-0.4905188766846552	-0.7968156286798348	 0.35281168561653914
-0.4336215061307237	-0.8326736444375273	 0.34442269274838605
-0.37600537296292297	-0.864018663175873	 0.33480099938141017
-0.31560707470224075	-0.8916532071990444	 0.32457161380741895
-0.2509680639202374	-0.9158957875077854	 0.3132889039171696
-0.1859027789439335	-0.9365325007732307	 0.2972322858916269
-0.10961672369916024	-0.9409780902226952	 0.32022555739089853
-0.04660343508552739	-0.9551850802074837	 0.29231760533237144
 0.002961222827067576	-0.9680611113720565	 0.2506968603881339
 0.06931779044717239	-0.9595295338022155	 0.27294343313006314
 0.10977032942270605	-0.9582769172920275	 0.2639238991901254
 0.17617543026758176	-0.9429506759960037	 0.2824999830242691
 0.24079636421864423	-0.9227150304701961	 0.30102173264312204
 0.30338531303917826	-0.898071505725519	 0.3184727970110147
 0.36408374790298603	-0.8692519397421645	 0.33443099402926113
 0.4230070630957575	-0.8363676982922231	 0.34864609251283896
 0.48013723477231907	-0.799468223507221	 0.3609969465070296
 0.5351372494022683	-0.758705976960586	 0.3714745816694022
 0.5875710796671727	-0.7142829264570281	 0.3802106354518991
 0.6520134543244889	-0.6720507552217407	 0.35103594942076205
 0.6827259750339367	-0.6487311823797922	 0.3362039500393732
 0.7269681156924903	-0.5945513254874034	 0.34354923974254686
 0.7806518222229429	-0.5402577101927529	 0.31417246702612583
 0.8058312635265636	-0.5110632610954438	 0.29908246000337874
 0.8513440038313135	-0.44964317436559437	 0.270248779621482
 0.8716886320247376	-0.41796518030185936	 0.2558594083751391
 0.8974989829576087	-0.3528092436021179	 0.26461521728532467
 0.9291915694067854	-0.2864308519001497	 0.2335816654258417
 0.9429669832172876	-0.25235975510455283	 0.21708943448647633
 0.9576956660690196	-0.18395997064705685	 0.2213091511712766
 0.9677834566412743	-0.11496495115722266	 0.224005002303262
 0.9731574556606571	-0.045990201496049966	 0.22549826575481505
 0.9738538064870936	 0.022520240019322003	 0.22605663533740958
 0.9677531716211285	 0.05565244283997487	 0.24567581163637184
 0.9513603582909139	 0.12119098725678396	 0.2832423225443364
 0.9409045724421707	 0.1536330002537231	 0.3018202888979727
 0.9261912904996352	 0.22069281285606435	 0.3057194396113843
 0.9066010170666401	 0.28529600538098815	 0.3109353392063775
 0.8827760732544498	 0.34848099905184193	 0.3150672908908263
 0.8547985631868621	 0.4101857172677999	 0.3179105121306572
 0.8226825871486932	 0.47030012414171835	 0.3193918502946141
 0.8100435408040838	 0.5035855823347491	 0.3003847920021155
 0.7712377457744443	 0.5613439777749741	 0.3001420965284995
 0.7362854654016595	 0.6241743163187178	 0.2613238150003233
 0.6885229321305557	 0.6766386981638164	 0.2609525705516577
 0.6371872729821467	 0.7252936158943579	 0.26065599914919096
 0.582600562637862	 0.7700981403710567	 0.2598565731535127
 0.524858487097367	 0.810985059183874	 0.2585088050771026
 0.46397905563741226	 0.847745654255779	 0.2570033883439212
 0.4005644103918183	 0.8798625858761365	 0.255714651717131
 0.3355424425310037	 0.9072433543553199	 0.2536153884101588
 0.2694884639284811	 0.9299408644497802	 0.25017185380426704
 0.20267885026670343	 0.9480136260068328	 0.24533945577494118
 0.13023974725897036	 0.9516428796492857	 0.27823270448805054
 0.06255537507153887	 0.9606060745141997	 0.27078182113295385
 0.026278623743248547	 0.9578849190888129	 0.28594740026161997
-0.042434287067161416	 0.9600270356630927	 0.2766720478780549
-0.11223343222924337	 0.9571621190271228	 0.26691634380373175
-0.1827905160237059	 0.9484651434287082	 0.258846477574155
-0.25074764108008607	 0.9343549601640629	 0.2531924740382007
-0.3174524009776395	 0.9162868407668533	 0.2442179324927462
-0.3829622192456346	 0.893271006904629	 0.23538659021713415
-0.4467717952851536	 0.8654384733221732	 0.22674040626114106
-0.5088812766899643	 0.8327513265565784	 0.2180941868841326
-0.5667020601959711	 0.7850513666812932	 0.2500862384088254
-0.5932337686670264	 0.7595311987219253	 0.26680714735769817
-0.6414761001207142	 0.7059392991472978	 0.30026341584239263
-0.6640210129155724	 0.6774991157916154	 0.3163400741419854
-0.7060388881991133	 0.6170697525156371	 0.3474679969160474
-0.7514121971039915	 0.5657824745466211	 0.3395142140459722
-0.7931997577745332	 0.5110453668904029	 0.3311597458120107
-0.8090555051821021	 0.4756526230602773	 0.3452300272433028
-0.8366272728188592	 0.4022154829759577	 0.3718568429249291
-0.8683048951981411	 0.34083891512302084	 0.36038235655024464
-0.8958731118010933	 0.27761462727867997	 0.3469027043318425
-0.9192836953686659	 0.21305785821075315	 0.33094385699688794
-0.9387009287282453	 0.14735222345228427	 0.31165347527084947
-0.9540209822379749	 0.08096721289873164	 0.28859708225327113
-0.9646572657433768	 0.01702425782064919	 0.2629572860640452
-0.9671066243619296	-0.06820585169413086	 0.24505660348162847
-0.9567343999045997	-0.13623981977111133	 0.25709531218581283
-0.9418168762101311	-0.20276443729445126	 0.26808124636843805
-0.9278596505346193	-0.2307961941034046	 0.29293273237580975
-0.9054505942678792	-0.29660641521887937	 0.3036179437894774
-0.8773349892528522	-0.36026726094382583	 0.3170028664298336
-0.8445650081391181	-0.4211890660859452	 0.33062020149504
-0.8076252183573461	-0.4794339552274669	 0.3433432528071529
-0.7668959874468978	-0.5349817453232604	 0.35449270318121595
-0.7226371142964497	-0.5877719028898943	 0.3637578744364066
-0.6750282959100367	-0.6377184930403376	 0.37101472121083423
-0.6241283162702261	-0.6849051168486667	 0.3759904596451975
-0.5701001570729255	-0.7294918720926061	 0.3779251506002883
-0.5138976989206745	-0.7715327428932562	 0.3750285078332642
-0.4569904899215309	-0.809812321199403	 0.367918056848144
-0.39928585590008375	-0.8435717139398322	 0.35910662583521286
-0.3400954335380561	-0.8732693620645322	 0.34890645933540243
-0.27781678963596457	-0.8993097729103208	 0.33772735119376046
-0.21243413164819855	-0.9217565079729342	 0.32440203408797885
-0.1352199983677145	-0.9289637799724029	 0.34458938976819975
-0.06468094236316076	-0.9424035434388712	 0.32816449687446886
-0.008787052900854905	-0.9578793433954931	 0.28703649802339937
 0.0541149121016643	-0.9493674725887207	 0.3094720961229523
 0.1361260348083736	-0.9469661765045189	 0.2910751847955476
 0.20180322175853518	-0.9290813013274081	 0.3099732169263104
 0.265357668552737	-0.9065525639724947	 0.32824953388413514
 0.3268789583850077	-0.8798020742688519	 0.34510644253238504
 0.38653519819344406	-0.8490157615707217	 0.3602260084475334
 0.4444217567474085	-0.814267849438748	 0.3734396490732391
 0.5004653979687319	-0.7755426219477024	 0.3847960849313337
 0.5541953116492534	-0.7330282899141068	 0.39438189959934433
 0.6051223773747412	-0.6869848968326797	 0.4023414717924736
 0.6371318870607965	-0.6661951094573246	 0.38761712375163687
 0.6983002542823215	-0.6197474635446507	 0.35817570590314646
 0.7396185163319922	-0.5643856665452442	 0.3666514280582351
 0.7664703136116134	-0.5377719530918144	 0.35117600262536475
 0.8168704221414702	-0.47921431506555906	 0.3210550632939209
 0.8392378638658639	-0.44842645721844215	 0.3075605961763937
 0.879498887005489	-0.3851692944670923	 0.2795108626794829
 0.9028310074659348	-0.31946289461454963	 0.28781874664889096
 0.9186311415469695	-0.28649975651032683	 0.2720932106827276
 0.9461322635386485	-0.218657041010742	 0.2387945525083431
 0.9585334886068906	-0.15004592980873022	 0.2422803544799656
 0.9662553489155395	-0.08091402079218833	 0.2445475862308813
 0.96924593108886	-0.012187201327053544	 0.24579218293408533
 0.9567556954717487	 0.05426918130969659	 0.285785575462349
 0.9485339473771783	 0.08647743713253853	 0.30463913658631586
 0.9286355056326884	 0.14789822472150646	 0.34023846461349433
 0.9142181446728601	 0.2133853905237362	 0.34448782135504596
 0.894647712668892	 0.2779329357020739	 0.34979816104197414
 0.8708558760121002	 0.3411050649341202	 0.353917190726146
 0.8430367985175354	 0.40256216467946987	 0.3566968739895039
 0.8112862423141802	 0.46228209931258146	 0.3579244245464255
 0.7863079598367145	 0.5287994653036172	 0.31951669407408506
 0.7455010742849406	 0.5854432129613791	 0.31856615111693376
 0.7279818621381453	 0.6168764253318082	 0.29917534034029036
 0.6803675979294033	 0.6691652127263912	 0.2988609204372792
 0.6293287204289948	 0.7174183804424349	 0.2987578100176761
 0.5752075116992413	 0.7618113458333823	 0.29795937952059526
 0.5179397232113544	 0.8024205022060633	 0.2964115057805868
 0.45731303104220106	 0.8390538753184463	 0.29470898519063177
 0.394040878351761	 0.870924069979948	 0.29363761768093616
 0.3292627713110094	 0.8979877753218607	 0.2918972127326495
 0.26357433496633137	 0.9203828870937604	 0.2888319772670795
 0.19722117830115807	 0.938237115547812	 0.28427965428082386
 0.16104831504200956	 0.9399627481945675	 0.30088780671314297
 0.09400669492380628	 0.9511314060679558	 0.2941288658066325
 0.021563367676247263	 0.9456128371158347	 0.3245787785056215
-0.04609094646910492	 0.9480196442306691	 0.3148561239778227
-0.1151467894616997	 0.9455589976010856	 0.3044000639492266
-0.18579240959692606	 0.937017655077177	 0.2957686504852002
-0.2529116408930234	 0.922368506683448	 0.2920137664209421
-0.3190150532538262	 0.9046494182338165	 0.28255765055414067
-0.38352914120848525	 0.8819876512983846	 0.27386708601261456
-0.44602980586281743	 0.8547831711711564	 0.2653359051552557
-0.5077062926305622	 0.8225656929315389	 0.2561640123736885
-0.5366542818641393	 0.7987373495993362	 0.2720676903123796
-0.5887575913862801	 0.7481223850211018	 0.30606763242029406
-0.6124501959304601	 0.7215550521351783	 0.3228979161328564
-0.6573627525623363	 0.6649674099547174	 0.3545314587477162
-0.6783710747241221	 0.634793544866659	 0.3699322105106025
-0.7254508147655673	 0.5852146670612554	 0.36227739208010035
-0.7691510454723285	 0.5320551808805138	 0.3540112339277214
-0.800831761482476	 0.4614112460858412	 0.3817959556967389
-0.8145890831451482	 0.4247339907709881	 0.3950261544562553
-0.8482260545650433	 0.3644243826342455	 0.38432724298268167
-0.8777351577670471	 0.30218260064138813	 0.3718422631832809
-0.9031198403265401	 0.23840269888158344	 0.3571256181997336
-0.9244908035307138	 0.17341171149358628	 0.339477734916446
-0.94185993277282	 0.10783919300387354	 0.3182303811540509
-0.9547571708094224	 0.041802677156161344	 0.2944338312262461
-0.9637149317098596	-0.026264717632047137	 0.26563827850513166
-0.9576228952565026	-0.09839323147060104	 0.2706975479780455
-0.9455655812692285	-0.1641056234866679	 0.2810250448964255
-0.9177129610288136	-0.21970393058815263	 0.33095785841077047
-0.8956790114110447	-0.2863406042312067	 0.34024721436955424
-0.8674576356135877	-0.34967342959417524	 0.3539007531095852
-0.834647446103294	-0.4101151868209608	 0.36765360633626004
-0.7977334790380154	-0.4678568683948457	 0.3804356018009782
-0.7569577513136871	-0.5231270945406147	 0.3916031226683733
-0.7125762254021805	-0.5757960463598886	 0.40086660622693704
-0.6647774144751782	-0.6257743587061037	 0.4080164717136577
-0.6136796491999387	-0.6730883616275481	 0.4127339889073629
-0.5595958816384579	-0.7177343896679862	 0.4143788063369077
-0.5034209726856252	-0.7596227815513015	 0.41175302550014425
-0.4461363242805072	-0.7978458330889452	 0.4054681328786332
-0.38761648123702874	-0.8319339269874	 0.3970382911014352
-0.32764877666775444	-0.8620857924589322	 0.38659328187202
-0.26561892458167535	-0.8883184482007652	 0.3746156984033891
-0.2009729432112046	-0.9109894142770598	 0.3601501952965814
-0.12336108127966294	-0.9174189211292643	 0.37831807619981506
-0.0443678613342011	-0.9326459102380903	 0.35805460337327527
 0.014463288097382882	-0.9482245327800826	 0.3172712541838712
 0.08080309866024989	-0.9388818173845073	 0.334621864545141
 0.12200328506605587	-0.9373225770785417	 0.32640708468403684
 0.18777553737648342	-0.9193156457206846	 0.3458310152316214
 0.2510782714302236	-0.8966938815214539	 0.3645542270466765
 0.3122809454871824	-0.8699439612125837	 0.3816780258744147
 0.3715972219096059	-0.8392945231432213	 0.3968629588294376
 0.42913783711394177	-0.8048403863524548	 0.4099666684661074
 0.4848714531869487	-0.7665574842446778	 0.42105735622697227
 0.5387042796333523	-0.7241322543923975	 0.43061604388746966
 0.5896886672095718	-0.6780774920178776	 0.4387233645286564
 0.6529763234034741	-0.6373362405619156	 0.40917531394365164
 0.6836076567349543	-0.6139537254907558	 0.3946408425510046
 0.7238557536203153	-0.558753039254454	 0.4047565800264107
 0.7776483242602847	-0.5066499171854497	 0.37224849924633413
 0.8030432845870278	-0.4770067030567276	 0.3571919488435158
 0.8474410072985882	-0.41549851268657834	 0.33046138216741083
 0.8671375765972743	-0.38391734751588347	 0.31730095103761463
 0.8901492925562419	-0.31837213137029785	 0.32599604741216714
 0.9216731583171933	-0.25294865802645206	 0.2941692805855618
 0.935418864155751	-0.21918475416949432	 0.27739789494735334
 0.9477729516864145	-0.1509463595307271	 0.2809655291953836
 0.955531189961315	-0.08188383477717168	 0.283293456707525
 0.9583489700623435	-0.012231875428084547	 0.2853377521534034
 0.9516850373875119	 0.022312488356616807	 0.3062641710616279
 0.9331278899064165	 0.09181275669198201	 0.3476244507905299
 0.916067540684111	 0.17548416630581046	 0.3605905826292742
 0.898603699474409	 0.24146679894745238	 0.36634024662460557
 0.8767953292273964	 0.30569450109348173	 0.3711883923915576
 0.8509713809075868	 0.36800026271220904	 0.3747312577300964
 0.8212671583723063	 0.4284716340717101	 0.376739052097066
 0.7877307006333243	 0.4871713832114286	 0.3770204061580696
 0.7754744100847947	 0.5203612650096615	 0.35758019125950596
 0.7352256449269521	 0.5767630362397048	 0.35607253624690605
 0.7001257700879651	 0.6394842193202745	 0.3176221643699834
 0.6507567956345288	 0.6895510870002864	 0.317859861184459
 0.5984779811809017	 0.7355597991845424	 0.317452182013651
 0.5431450164632404	 0.7777935640343216	 0.3162762445046004
 0.4844598019986008	 0.8164440039584219	 0.31419403025490017
 0.4224116354282937	 0.8506626840670608	 0.31295592052335175
 0.35838941833092647	 0.8799406349363028	 0.3118677665555016
 0.29329116485191387	 0.9044645514865607	 0.3097162697115252
 0.22747867462306637	 0.9244247873191681	 0.3060919227644595
 0.15520896804411902	 0.9276796755270201	 0.33958886296927104
 0.08861920717474135	 0.9387950899610781	 0.3328819838691964
 0.05235965700853179	 0.9359637113675158	 0.3481815579853343
-0.014610469111410094	 0.9406461839667006	 0.3390741670803437
-0.08211979413542657	 0.9409069460211205	 0.3285581506223271
-0.15156024284959732	 0.9359662778696255	 0.3177996530492918
-0.22191615937753376	 0.9222579084848759	 0.3165336766352477
-0.28687172447270565	 0.9077927466258014	 0.30596885931682616
-0.3522693848957301	 0.8873009666520966	 0.2976630226337141
-0.4145706554088887	 0.8628027068778907	 0.28931412111756527
-0.47599534340439464	 0.8339204558966298	 0.27929394245935535
-0.5334768080657288	 0.7867966918956085	 0.3104085386682018
-0.5585735009426386	 0.7618372960705327	 0.32802374664134243
-0.6053576426992496	 0.7091333774932247	 0.3614857913537675
-0.6278019495961528	 0.6811098109226638	 0.3767680155588621
-0.6699058354046363	 0.6208984613713237	 0.40707649447928
-0.7170768984551442	 0.5713286536453237	 0.39922962217973335
-0.7609440510766879	 0.5179946840756493	 0.3906989357553558
-0.7768057983255828	 0.4827376097253934	 0.4043972698280343
-0.8042368351754223	 0.40955242727169716	 0.4306621904264198
-0.8375985591776383	 0.3493776828879982	 0.41995700775598205
-0.8668441910578621	 0.2874183609325556	 0.40739640919880943
-0.8920435353458025	 0.22399239977878677	 0.3925375598450452
-0.9132441910284629	 0.15961700421068017	 0.3748432465972627
-0.9304928563058199	 0.09483064052142291	 0.35382226326523497
-0.9438049986227972	 0.029687541936965475	 0.32916678816120365
-0.951531121588046	-0.03531203144463619	 0.3055185511301214
-0.9473272030659943	-0.08216117028982352	 0.3095492084108236
-0.9355330922750893	-0.15490011942596593	 0.31746462206052356
-0.9214557315691876	-0.18191693587292732	 0.3432572842648767
-0.9024721713666891	-0.24802745163965584	 0.35217376838974246
-0.8767599858982527	-0.31290734815129756	 0.3652135246682665
-0.8461626289923896	-0.3744707460779398	 0.3791839469551933
-0.8113057450743768	-0.43319787091012574	 0.3925845038310153
-0.7724008552278832	-0.4895961947777008	 0.4045892792727345
-0.7297411997708685	-0.5435137852517091	 0.4148138698239639
-0.6835932259203238	-0.5947866345179889	 0.42300019015907037
-0.6340665487619386	-0.6434469510695446	 0.42887717694047484
-0.5813837511797589	-0.689440307484808	 0.4320474467919069
-0.5261114174080286	-0.7327037840979299	 0.4316850023356029
-0.46928705472125076	-0.7728381869217225	 0.4271894159580718
-0.4111838361897518	-0.809015018024095	 0.4200268485082264
-0.3516845895936903	-0.8412626187730475	 0.41060340439094223
-0.29061937247584235	-0.869591382880957	 0.39918818514697113
-0.22736651050518214	-0.8940784061910125	 0.3859122613802725
-0.1629847542824862	-0.9146263178530343	 0.36999279528401374
-0.08545409072364263	-0.9185127232536668	 0.3860465977051586
-0.0022693397446454564	-0.9356023769030603	 0.3530482154472214
 0.06701852935757825	-0.9272522334583427	 0.36839084172826897
 0.14821444760176006	-0.9235487591839715	 0.3536808829041398
 0.2125036126329095	-0.9030734169793333	 0.3732299802577944
 0.2745033305915684	-0.8783256011530288	 0.3913975726206112
 0.33454177604339047	-0.849639401638846	 0.40766982628656445
 0.39280368188730086	-0.8171667961968708	 0.42183372872391606
 0.44926237029313054	-0.7809925679879195	 0.4338362956072638
 0.5038831246305197	-0.7410115417585278	 0.443850979150924
 0.5566878773855856	-0.6965498929089663	 0.45267742804389866
 0.6061245232893396	-0.6486166344614389	 0.4603363159334565
 0.6370903197025365	-0.6290741422687531	 0.44540054790059747
 0.6977009811945059	-0.5827591783184274	 0.4166594303815231
 0.7340428563682788	-0.5290253130739659	 0.425808998427336
 0.76168501642694	-0.5029688378436756	 0.4084829052835317
 0.8108732129483662	-0.44405527217189567	 0.3811817778686925
 0.8333672629786297	-0.4134083584477173	 0.3668685516108884
 0.8726709621256371	-0.3504852053825629	 0.3400081067719677
 0.8928208524930779	-0.2849261128358915	 0.3488381223114281
 0.9086463020176212	-0.25255612829960855	 0.3325316524603543
 0.9361967916342632	-0.1854477606862185	 0.2985710893408459
 0.9463343880981626	-0.11693395643052268	 0.30129333835380584
 0.9518091199444769	-0.047458297542639465	 0.30299687982696283
 0.9386399115594496	 0.02213753514332241	 0.3441875157024829
 0.9189125592167023	 0.09026965874731697	 0.38399361612330674
 0.905849810143134	 0.15996604043976487	 0.3922333328130997
 0.8852987679133835	 0.23186853169707744	 0.40309189465888107
 0.8629188960522658	 0.29692464402551916	 0.4089092009312797
 0.8370014221358542	 0.3592354879524076	 0.41276928608867375
 0.8073725324109252	 0.41962785049517515	 0.41480364149458526
 0.774057756505636	 0.4781629503929022	 0.4149635917342829
 0.7501129830546766	 0.5442068326908348	 0.37572521329480196
 0.7078032273147166	 0.5994649101170184	 0.37370631910802193
 0.6901114681467904	 0.6307462379559113	 0.35483143157948455
 0.6408324492205923	 0.6802995916339383	 0.35570526795176083
 0.5893394195793503	 0.725440803614601	 0.35554843408581704
 0.5350052722663797	 0.7670203316518007	 0.3541880425422892
 0.4769051929237532	 0.8056550640360155	 0.3513991388086796
 0.4149847687477338	 0.8397117450946955	 0.35024538092230606
 0.35126680589280773	 0.8685526345680936	 0.34961114407679883
 0.2866268893081735	 0.892638103887565	 0.34791125565800973
 0.2212526365137461	 0.9122985474662457	 0.3446137419295618
 0.18516629569928134	 0.9138007604908094	 0.36149911903547555
 0.1189831381051638	 0.9270020008820017	 0.3556828688697462
 0.046308007798957246	 0.9211792085133668	 0.3863734388080775
-0.02022038465736111	 0.9258913135699144	 0.37724847448344573
-0.08681559766613119	 0.9263648269374763	 0.3664850057164303
-0.1538967701818254	 0.922360108641819	 0.3543552089554413
-0.225624491128568	 0.9063484904360826	 0.3572478171902651
-0.289236568478781	 0.8936363965452758	 0.34315623005300955
-0.3540331177772245	 0.8724521640056835	 0.33687946366428717
-0.41241542826022043	 0.8492683324884286	 0.32963133037571357
-0.4736347534556242	 0.8217885678078872	 0.31675490546997365
-0.5022491430562079	 0.7986059623512053	 0.3316237554766097
-0.5509969124626614	 0.749497663077152	 0.36695456871185334
-0.5741712929471602	 0.7234332032003586	 0.383368917444614
-0.6189170901035039	 0.6677426135768696	 0.4135957417471109
-0.6402754015533648	 0.637591355154337	 0.4283977987783478
-0.6890809731290723	 0.5891923612861147	 0.42192389583144413
-0.7348716069906465	 0.5378903624695901	 0.41308313836480676
-0.7666141073472039	 0.46764316184419175	 0.440014412941914
-0.7803312338614784	 0.43108414377251325	 0.45304483933507306
-0.8156252820713674	 0.37197748317099605	 0.4431570277675557
-0.8467798929519628	 0.3109913152965287	 0.4315648441455791
-0.8738758133958923	 0.2484223146682197	 0.4178844533319613
-0.8969434507466446	 0.18476330142470815	 0.4016901400449656
-0.9161183494946954	 0.12041694952470806	 0.38239629703526035
-0.9314266566143755	 0.055746081381464974	 0.3596341999292859
-0.9424106253765083	-0.007863049557031451	 0.3343656466043164
-0.9362725376526919	-0.11600574652479181	 0.33156658759684204
-0.9086229412372767	-0.1728211448545187	 0.3801804868065873
-0.8910697230344589	-0.23666900560683501	 0.3872757809060167
-0.8721540238415657	-0.2638781441692458	 0.41196563415746307
-0.8649287971983916	-0.3013015941957072	 0.401391984364498
-0.8345743046038114	-0.36168033867821586	 0.4155394839346506
-0.7996852925776167	-0.4202361841023977	 0.42884144203435803
-0.760641205211298	-0.4765630415937812	 0.4408090565330845
-0.7179894393667138	-0.5301769753340955	 0.4510028157156694
-0.6718215686818326	-0.5813378575913167	 0.45902295714377933
-0.6222435647720991	-0.6299980252813957	 0.46466701436754965
-0.5695397678670173	-0.6759821633532477	 0.467624387351908
-0.5143023400804163	-0.7191451619841432	 0.4672508309062793
-0.4573665548969313	-0.7591299361905375	 0.46318201005766974
-0.39896713635934455	-0.795364422450964	 0.4563120200087533
-0.3390696017873314	-0.8277932995349788	 0.44697881201324663
-0.2776484369232224	-0.8563639419926988	 0.4353758655791764
-0.21459452281989566	-0.880939405028103	 0.42177595408514396
-0.14999476448044077	-0.9018279501201097	 0.4052257630144191
-0.07163357297420192	-0.9040362171155798	 0.4214109032361432
-0.01245921840755452	-0.9217036117655071	 0.38769475097696715
 0.024699434916928695	-0.9241233192939093	 0.3812951988315506
 0.09418909114333836	-0.9137590213845825	 0.3951871277608651
 0.13406656957760069	-0.911642586949004	 0.3885021860718701
 0.1977339613766137	-0.8910267654223744	 0.40862278915798744
 0.2591258239153589	-0.8662706207752433	 0.42711710216504006
 0.31883074253813803	-0.8376203234170144	 0.44355287329850085
 0.37679151036492736	-0.8052675065794408	 0.4577907825243401
 0.43289877609366706	-0.7693714930534304	 0.46975116320594756
 0.4871053497214294	-0.7299701259199476	 0.4794496777944271
 0.5395589607051828	-0.6866713052417086	 0.487194670004087
 0.5911400550709464	-0.6365393884887028	 0.495349414245285
 0.6519518140213548	-0.5984348541745428	 0.4656549768910009
 0.6823257697577589	-0.5757130366734515	 0.4505397244735637
 0.7179732664837701	-0.5185989037227535	 0.46429469701062015
 0.7723882897709039	-0.46985423324401676	 0.42737960799206964
 0.7941167800225678	-0.4412869574722432	 0.4179047270030325
 0.8376853012243329	-0.379864583246132	 0.3924107981541046
 0.8582050396791623	-0.34866262530231673	 0.37672069705099037
 0.877424287520649	-0.28313230297700004	 0.38725020165239626
 0.9090562684855855	-0.2192448057106688	 0.35432811897442523
 0.9230196673726374	-0.1858640700069612	 0.3368816426042736
 0.933296465082391	-0.11775065109387292	 0.339252844397335
 0.9390465904842085	-0.04822108478557748	 0.3403912864367792
 0.9325854576342689	-0.01310673918310309	 0.3607112108003678
 0.9292998735162198	 0.05648655929281624	 0.36498084018479277
 0.9060671396773083	 0.12304080189250322	 0.4048497245480489
 0.8890578403298597	 0.19219741898703438	 0.4154952571121939
 0.8672852085468074	 0.26004384013785614	 0.4244921297766052
 0.8429705552021487	 0.32360840335497904	 0.4297420672219818
 0.8151653160886733	 0.3849611230759956	 0.43279376285492066
 0.7836951674438883	 0.4444695641245379	 0.43389940204157823
 0.7486197627750198	 0.5020207297517361	 0.4330630874159185
 0.7371191449860569	 0.5347103462467255	 0.41320722611267524
 0.695776902498378	 0.5894810151823693	 0.4103737743683508
 0.660320929794293	 0.6513313956358966	 0.3738230634064672
 0.6100807938566764	 0.6980229237138869	 0.37492055550092895
 0.5579403219817942	 0.7407429488292789	 0.3741690538600918
 0.5024005820895883	 0.7807499651132892	 0.37151466605188155
 0.44232931547002263	 0.8174333704492335	 0.36898165476325173
 0.37947470566320785	 0.8485792449964314	 0.3686627357397389
 0.3155235235866617	 0.8747147767624874	 0.3678572622319821
 0.25073855910268933	 0.8963779130883461	 0.3655636906292645
 0.17865325025368853	 0.8991530067494486	 0.3995083060803859
 0.11266200098839192	 0.9122615862989573	 0.3938096896936414
 0.07622721995544214	 0.9092661564047473	 0.40917535086415296
 0.009855769045975425	 0.9160627385115501	 0.4009138597345219
-0.05657109170556755	 0.9186732554433963	 0.3909464941859347
-0.12299033731705837	 0.917074049397735	 0.37927373340092696
-0.19064794745095648	 0.9110376939359479	 0.3656004381296714
-0.25933387849347994	 0.8924548806409864	 0.36914797234389857
-0.3234641533089366	 0.8758055529789625	 0.35823954959683996
-0.38231413959328536	 0.8535795302517114	 0.3538896497530184
-0.44190899422278435	 0.8288573746197577	 0.34309166903824667
-0.4943272022169419	 0.7864755157603923	 0.3702659588158161
-0.5178374080187612	 0.7625980272792282	 0.38767082382640145
-0.5644249247407044	 0.7105088494325107	 0.4202400257109502
-0.5864721750394617	 0.6825917610755436	 0.43602623271572877
-0.6300374305234602	 0.6227926352422956	 0.4638773217428862
-0.6785391053462958	 0.5740068397589295	 0.4583675713069319
-0.7246739102022808	 0.5229773004238252	 0.4487120091033279
-0.7406067528038289	 0.48799668400027996	 0.4619100281506122
-0.7678610336923541	 0.41522510429468606	 0.48782942274977265
-0.8028561870235518	 0.35623871393059026	 0.47803338968641423
-0.8337926882863155	 0.2953567245323364	 0.46642701276170645
-0.8604894082720914	 0.2333701205178126	 0.45287566185548966
-0.8833480739949711	 0.17033021431413406	 0.4366735602954186
-0.9024856827062738	 0.10650356918734331	 0.41734468040283895
-0.9177324759595432	 0.042468486202883654	 0.3949221825230917
-0.9289288236426071	-0.021622600323536634	 0.3696264381253198
-0.9345638881847179	-0.08285538410734111	 0.34601347405193256
-0.912114251032406	-0.13494454457318755	 0.38708857249152673
-0.8918697706020597	-0.19276507833176476	 0.4091575941638847
-0.8599027539415591	-0.24700549314486236	 0.4467163978633269
-0.8441990167719949	-0.3246977453401193	 0.42649665209968574
-0.8114874341424563	-0.3843630770312194	 0.4401740215460084
-0.7743015243059002	-0.44199007928305056	 0.45288179392963307
-0.7334815222744984	-0.49665680805679424	 0.4640440404667658
-0.6890954514478009	-0.5489356917668448	 0.4730930829111827
-0.6412052746097864	-0.5988506067176543	 0.47982678817098773
-0.5900054514286296	-0.6461927424479623	 0.48407489801897446
-0.5359440862248962	-0.6907537966195328	 0.4854102686349579
-0.47976286735053664	-0.7323329348748944	 0.4832349983280549
-0.42203069014091743	-0.7704377082170459	 0.47782406211538464
-0.36277899463836843	-0.8048010720986792	 0.4697729615441817
-0.3019869640086057	-0.835396243244545	 0.45925699814130927
-0.23965593164452004	-0.8620677129553337	 0.4465470778177344
-0.17567453542406006	-0.8848839649283561	 0.43141491190756553
-0.09662000140217683	-0.8887319234473805	 0.44812960577779626
-0.030724750268494923	-0.9055220222544327	 0.4231853694696703
 0.04004684122166075	-0.9006062687202586	 0.4327870137260824
 0.08023897920373793	-0.8996952454675506	 0.42908061188945157
 0.15881173181562228	-0.8953279892330408	 0.4161329421394597
 0.22077080238794033	-0.8726004617036212	 0.43569334060507797
 0.28116554325781096	-0.8458660843891382	 0.4532731015234937
 0.3398869983558301	-0.8153531382207025	 0.46869615780622303
 0.3967851656336042	-0.7812729318281606	 0.48184451675384254
 0.45177039498707433	-0.7437779642375811	 0.492643735500435
 0.5048564805205261	-0.702856899294266	 0.5011108791384175
 0.556308507814899	-0.6579819741198606	 0.5075239559529102
 0.6086924527350323	-0.6027194471700453	 0.5159677954935227
 0.6386151462466925	-0.5843850168273469	 0.5006644056571401
 0.6908729183009262	-0.5364268601157701	 0.4847069573512409
 0.7314369826155732	-0.4841279025728407	 0.48022923111015203
 0.7575451635617932	-0.46333962575097315	 0.4598279203931445
 0.8013364269059376	-0.40904937853376566	 0.43650720135498927
 0.8197706512484367	-0.3774137899491816	 0.43073763535116055
 0.8601653586111431	-0.31451249393766106	 0.4014940186384805
 0.8775946111276375	-0.24982288931963537	 0.4091652752760432
 0.8931445864352895	-0.21876526523029685	 0.39298155993640965
 0.9213737787709362	-0.15236988302990148	 0.3575664673019831
 0.9293804003086135	-0.08368962529994774	 0.359510943003625
 0.9175317364402781	-0.01353008842842945	 0.39743232044211896
 0.9136206967287825	 0.05416333051672325	 0.4029436140902975
 0.889891429541586	 0.11877423497908023	 0.4404383324979414
 0.8730094105061272	 0.18532426749554304	 0.45112025563588365
 0.8518392325848735	 0.24998696053716132	 0.4603003816972194
 0.8271577553406457	 0.313468622187574	 0.466419843792745
 0.7992220466917164	 0.3749809749416996	 0.4697162851271781
 0.7676925273615711	 0.4347131274701185	 0.4708212826947741
 0.7325007963226045	 0.4925481093636479	 0.4699350416270812
 0.7100502413776525	 0.5573742639305306	 0.4303052226355576
 0.6665024184960714	 0.6105515217270033	 0.42778658868146907
 0.6485727846173572	 0.6408018799078112	 0.41076306279934943
 0.5987050640494759	 0.6860547460186042	 0.4133777107523597
 0.5477712868782328	 0.727833222072225	 0.4125595934161853
 0.4934723947378016	 0.7678289854573561	 0.4085629017951419
 0.43407716573921323	 0.8044454312655444	 0.4055176473346185
 0.3718386460465061	 0.8348717964675552	 0.4058634065413366
 0.30853534057537635	 0.8604465222068574	 0.40550921819135116
 0.24404445154088367	 0.881869772371816	 0.40342038898522586
 0.20805705963601204	 0.8831411484366177	 0.42044496890041266
 0.14236874859354237	 0.8982903231567393	 0.41569897130840966
 0.0692825739634938	 0.8921522702168073	 0.4463902459642124
 0.0029500986310894467	 0.8988936394276181	 0.438156960363108
-0.06349402904619587	 0.9015088157226434	 0.42807752037433344
-0.13029164309691185	 0.9000892797152981	 0.4157684166464583
-0.19934217474117577	 0.8956646361232623	 0.3975519550544846
-0.2703895093987275	 0.8726569652605713	 0.40664398949120756
-0.3135032658199958	 0.8584594624658305	 0.405910154619313
-0.3817765362104087	 0.8385995454367055	 0.38858394047172584
-0.4492933896189666	 0.8066235986103415	 0.38404924190733947
-0.47968134076514923	 0.7794655555885507	 0.40291346337989364
-0.5302072706647095	 0.7248207290268687	 0.43990358137578073
-0.5754100076108372	 0.6681839916051305	 0.47162853656657727
-0.5981935694806888	 0.6393620418268524	 0.48309484876466097
-0.6493693997485622	 0.5904269846945833	 0.47928630109221176
-0.696393703173914	 0.5417051251226992	 0.4707349228552344
-0.7286162136994686	 0.4720085876186605	 0.4963127102427337
-0.7420086226653	 0.4358968143225175	 0.5093301200143432
-0.7789682251823755	 0.377995324480801	 0.5003279312879446
-0.811938815260279	 0.31783730424023054	 0.48962721360953565
-0.8403960022160349	 0.25672293689471487	 0.4773132023435544
-0.8650118074325936	 0.1945233865702542	 0.46250970268680525
-0.8859786753208397	 0.1313161047712658	 0.4447447217274558
-0.9032104643450485	 0.06754011124395179	 0.42385043408112355
-0.9164995779665295	 0.003579019488129547	 0.4000196422760725
-0.9247159833692065	-0.05970437478220541	 0.3759464559393895
-0.903072875391608	-0.11149650049271516	 0.4147624767379657
-0.8791331620539243	-0.1694813747140035	 0.4454222120663947
-0.8695490776011923	-0.20549236315168606	 0.4490626797332988
-0.8402897128483735	-0.26900962122738936	 0.47068781816432687
-0.8315539314549655	-0.30941085091417847	 0.46128406044253806
-0.7979278813919358	-0.37085473269649943	 0.4751608815274936
-0.7608624487507046	-0.4274439261958293	 0.4882417680200822
-0.7202053336836026	-0.48166276405877795	 0.499304775716144
-0.6759178899204734	-0.5338159170335368	 0.5081098038879972
-0.6280669823947332	-0.5837335923172761	 0.5145745415641372
-0.5768693327273083	-0.631078184131147	 0.5186155594199661
-0.5228194961761591	-0.6755677923379099	 0.519872996388339
-0.4666209780771646	-0.7169947885530183	 0.5178642061449341
-0.4087874268741267	-0.754995921072807	 0.5127123938360127
-0.349431176496734	-0.7893663113190442	 0.5047758705075693
-0.28854435836698994	-0.8200633304943107	 0.4942047017513709
-0.2258844513295578	-0.8470086022224809	 0.4811991712468591
-0.16176645061063966	-0.8699526133311819	 0.4658476854241981
-0.08060810620927177	-0.8734606142894507	 0.4801758932916671
-0.015238956053990166	-0.890734015531379	 0.4542694000191184
 0.020644864475922776	-0.8872400506450396	 0.46084583333492146
 0.10295100839568726	-0.8834863577432307	 0.45700431677601405
 0.14273547296276853	-0.8812507435000111	 0.4505815262954888
 0.2044061271630932	-0.8585215801866102	 0.4702752720822893
 0.26465409678261453	-0.831720818779073	 0.48805603025231353
 0.3231676829650586	-0.8011733638755888	 0.5036704177369058
 0.37976611792316295	-0.7671644379951806	 0.5169491471635377
 0.4344963312413777	-0.7298442419629538	 0.5277691925560873
 0.4873203314201815	-0.6892971544325176	 0.5360861194582066
 0.5381803362299145	-0.6455684667405797	 0.5418517144437891
 0.5866786247149194	-0.5992936392121726	 0.5446607433094856
 0.6588928479514754	-0.5491061378680717	 0.5141426497325465
 0.6780624730895876	-0.5172971221222197	 0.5221445872856502
 0.7216963136056078	-0.4649668579232558	 0.5127965015101519
 0.7664556794331391	-0.4123181538469743	 0.4924829250572126
 0.7912006914023512	-0.3939156935243881	 0.4677947117268879
 0.8264152608194922	-0.3433831054837215	 0.4462352065368732
 0.8432175812299116	-0.3106508483193976	 0.4387256103115203
 0.8591183371969635	-0.25046945774146184	 0.4462966876760603
 0.8915453103502734	-0.18639597425108342	 0.41279958863281885
 0.9056013899202667	-0.15293237739644513	 0.3955980416007547
 0.9138104859377024	-0.08447845267003859	 0.39725783418930405
 0.9098259613515103	-0.04976590377589673	 0.411995236467812
 0.9076074480034138	 0.02064231235066856	 0.41931207384184394
 0.8871993351324843	 0.08133038964422537	 0.4541615433530196
 0.8734806257057404	 0.14874593899837296	 0.4635798120585073
 0.854334981998966	 0.2130287236240863	 0.4740574874885106
 0.831531927996049	 0.2766768344435635	 0.48166853956373623
 0.8052095987234197	 0.33913066058745295	 0.48644413571672057
 0.7754562772754211	 0.3998791046902772	 0.48863510277736677
 0.7420105786729646	 0.4589282755774561	 0.48867692703146387
 0.7047979907260622	 0.5160996702555626	 0.48672468874159797
 0.6937878771623884	 0.5481256365340217	 0.467136669591117
 0.6515226035716195	 0.6001444465256854	 0.4640527344382718
 0.6178065658462357	 0.6574347265467597	 0.43138686527022124
 0.5153298984111047	 0.741374615907002	 0.42988228003995016
 0.45999174272966803	 0.7799230872980037	 0.42441439009542753
 0.3991719045513724	 0.812930319703127	 0.4240354771999646
 0.33683379128458685	 0.8404323865946732	 0.4245190226734642
 0.27300703856315206	 0.8638358093479198	 0.42338499192012263
 0.20112958773647518	 0.8662024648389272	 0.45742778538685525
 0.13540967566219422	 0.8812617830665145	 0.4528155136956851
 0.09875055758726706	 0.8781301820649672	 0.4681193338484872
 0.032461283866962974	 0.8869043221804829	 0.46081122853863554
-0.03400945153302334	 0.8915720232282801	 0.4516001379573021
-0.10084675454060905	 0.8922295135550279	 0.44017772233495006
-0.16910377178067895	 0.8893797111070899	 0.42474420989651834
-0.24364636559234834	 0.8672982441503313	 0.43408548032316435
-0.28220146944110097	 0.8539978719741467	 0.4370926278363803
-0.347848827530847	 0.8415199866814183	 0.4133343745699366
-0.41634576950434926	 0.8151880317784116	 0.40264708251901066
-0.4717461748355904	 0.7645748799163009	 0.4391819663066355
-0.49741536836850114	 0.7369444983278612	 0.45770160333466736
-0.5426412695117218	 0.6818665619742105	 0.4905083529198838
-0.587176640635178	 0.6240016871022548	 0.5156020628216366
-0.6377850891393033	 0.5730397737162919	 0.5146412321323971
-0.683915272911482	 0.5264976305842728	 0.5050347953038087
-0.7007441515533237	 0.49133744744996427	 0.517247664854242
-0.7268960500041256	 0.4202674107816143	 0.5431366641309697
-0.7647747515424659	 0.36093183340251417	 0.5337113368103207
-0.7966454194439516	 0.3014747573337547	 0.5238979350689641
-0.8246048042838661	 0.24102583417755402	 0.5117943571503903
-0.849037920785112	 0.1794415735123399	 0.4969258805539409
-0.8699782369697143	 0.11684029743288812	 0.4790471919287933
-0.8872921737482818	 0.05341753927652608	 0.45810388003452845
-0.9005029664070971	-0.010186727198290165	 0.4347305350225656
-0.9098158218158146	-0.07477730171965026	 0.4082199474806963
-0.8859292117451083	-0.1286761822617843	 0.44561403915857856
-0.8589717719747774	-0.18310004832877527	 0.4781651045951718
-0.8311244680597379	-0.22570517599824585	 0.508221695837573
-0.824297776510294	-0.26098168755530277	 0.5024158978386052
-0.8079156935450178	-0.33439101163355717	 0.4852369353855489
-0.7727025518377867	-0.3918466511675463	 0.49938659208287905
-0.7339641461307874	-0.4468873737925545	 0.511457043493682
-0.6915657548144911	-0.5000094521651328	 0.5212747399533063
-0.6455292963361734	-0.5510877821218682	 0.5287666630638939
-0.5959795767111226	-0.5997830883759219	 0.533918150133026
-0.5432792065098075	-0.6457090728638756	 0.536570123092358
-0.48806620301461295	-0.6886364022235039	 0.5362567360952842
-0.4309965966929921	-0.7283187283023974	 0.5327229708235203
-0.37236730256561845	-0.7644670809667106	 0.5262439302246081
-0.31225987888608775	-0.7970077204398476	 0.5169840051658502
-0.2505616772192582	-0.8259169510830282	 0.5050544879741068
-0.18686633441215814	-0.8510609865014779	 0.49068948462188866
-0.12179870769847288	-0.8721122537426491	 0.4739043064532114
-0.03942787254943926	-0.8738907074185424	 0.4845208709165634
 0.041018032829136755	-0.8700655122662356	 0.4912265519571608
 0.08400762050977606	-0.868150873964742	 0.4891388143774122
 0.16521359728035667	-0.8629441612878419	 0.47752679691605526
 0.22627746548901306	-0.838064449148679	 0.4964337696863399
 0.2856507504330019	-0.8092775500879067	 0.5132966936390481
 0.34303791567777553	-0.776969951804478	 0.5278661595522055
 0.39860011220957264	-0.7413186224816837	 0.5399672679972138
 0.4523274318712535	-0.70243017543656	 0.5495377539468241
 0.5041084661425657	-0.6604019166062473	 0.5565464606896582
 0.5535037770559338	-0.6154745236413127	 0.5610923983920245
 0.6028698239442795	-0.5699302992524288	 0.5583255585869509
 0.6482898681849907	-0.5304848580054735	 0.5461740219340354
 0.6945748481050424	-0.4817321247171384	 0.5343219445197517
 0.7383638865473044	-0.4272124204751128	 0.5218316958891581
 0.7801888110666474	-0.37523430642261685	 0.5005043799707939
 0.8205612373399405	-0.31833133497175525	 0.4747045575410524
 0.8417870775600025	-0.24942146842788038	 0.47873108019040345
 0.8554855011244491	-0.2151562054161789	 0.4710120642157283
 0.8743619153212031	-0.1832730849040208	 0.44933530618637263
 0.90295537171184	-0.11855804770568307	 0.4130563956906486
 0.8937860258263005	-0.04961380672226876	 0.4457409676259896
 0.8885538716546849	 0.013663323823362938	 0.4585687851888393
 0.8709794559509012	 0.07322176782578621	 0.4858326461117436
 0.8550420998993871	 0.1388885906854643	 0.49961281686627335
 0.836224585600932	 0.20253219993100913	 0.5096166700841481
 0.813608621139576	 0.26576799705984994	 0.5171154448922923
 0.7874054024030083	 0.32803504648086423	 0.5219058732634209
 0.7576269189425812	 0.38902651477875044	 0.5240799771911443
 0.7240722168435304	 0.44868686835090393	 0.5238315749978749
 0.6862655310072076	 0.5073731507214	 0.5211641841861688
 0.6637083182572336	 0.5711639720226986	 0.4829730689587243
 0.6091432486283423	 0.6378388395218825	 0.47128135699164647
 0.588903591076663	 0.670256250615365	 0.45160726181943056
 0.5342045151199886	 0.7155553182825535	 0.4501178984476974
 0.4513202984556076	 0.7641442266822391	 0.46086178950976664
 0.39232019186688744	 0.7960748084275511	 0.46081424287945627
 0.33010955197662095	 0.823537121708195	 0.4613179953810345
 0.2661612319244447	 0.8469601770398553	 0.46023543662899247
 0.2302627998397731	 0.848089906019257	 0.4772028439963414
 0.16475581734820924	 0.8652050246052274	 0.47357764521542983
 0.09118121803940105	 0.8588617133995207	 0.504026331388838
 0.02470524852387471	 0.8675661035648154	 0.49670786851099674
-0.04210523859269643	 0.8722826737825569	 0.4871858843417014
-0.10965178768003642	 0.8732654858595469	 0.47474611811478956
-0.17779217314096743	 0.8708709224849425	 0.45822895973523753
-0.2156739666821106	 0.859142212283703	 0.46406831304008317
-0.28870537920135153	 0.8334360387236727	 0.4712043859906196
-0.3502376995607571	 0.8226110625593138	 0.4479336932643331
-0.4146256222625352	 0.7977369452476772	 0.4378371381579113
-0.4645246082103396	 0.7478070609795163	 0.4743432174240595
-0.5190111168632118	 0.7096776040039614	 0.47642959495354437
-0.5306203097081761	 0.665691649659032	 0.5246872539898754
-0.6078260755009066	 0.5897868032992937	 0.5316944504084716
-0.6510681070823848	 0.5407511722632226	 0.5326335415988285
-0.6859558672741441	 0.4755145013397295	 0.5507726456241314
-0.6980998565467482	 0.4413246565793381	 0.5638165816864017
-0.7395687349282289	 0.38159257084007153	 0.5544593728996959
-0.7730507768289755	 0.3229283579177537	 0.5459942967620274
-0.8025977549136712	 0.2633426935565712	 0.5352452424430363
-0.8286803916486531	 0.20258894587807877	 0.5217724863434674
-0.8513531609025496	 0.1407585055441315	 0.5053561501933268
-0.8705436183705312	 0.07802128655167867	 0.48586673827209415
-0.8859265927198586	 0.014540979258581953	 0.4635974894603974
-0.8973234383080195	-0.04949230565192925	 0.4385899665340399
-0.8738782974005731	-0.10356248607615424	 0.47498582379898663
-0.8477606083219636	-0.1528937821430154	 0.507863606059322
-0.8165466660425313	-0.20500759871244628	 0.539651208323472
-0.8008577666013602	-0.2817103279388105	 0.5284563641464537
-0.792720028878748	-0.31889895224712794	 0.5195174819677978
-0.7577815298512955	-0.3752622640368735	 0.5338027596464356
-0.7192480222967076	-0.43003825048380745	 0.5456641691948456
-0.6770155291117882	-0.48313710955250705	 0.5551833091103645
-0.6310985460926201	-0.5342840704132221	 0.5623656792714687
-0.5815995733000167	-0.5830430078851555	 0.5672766408847355
-0.5289043202446929	-0.6289297633514348	 0.5698311792076733
-0.4736941780014174	-0.6717132054379402	 0.5695745740180552
-0.41659680476874084	-0.7112166143575861	 0.5662314277026738
-0.35794549202911197	-0.747244409790129	 0.5599114365446011
-0.29788880685501373	-0.7797452958435452	 0.5506900510816938
-0.2364294594216173	-0.8087178790296946	 0.538587507147459
-0.1731500964409841	-0.8341797977184922	 0.5236058719884771
-0.10622676837995416	-0.8560971345462596	 0.5057801596555912
-0.02364883724494353	-0.8560814644586874	 0.5162995823233171
 0.019206257851065073	-0.8545475576611543	 0.519017910437313
 0.10641248942377261	-0.8504378413918326	 0.5152007958295832
 0.1475236220637042	-0.84727138957943	 0.5102626513212066
 0.20918845671024447	-0.8219657087573009	 0.5297287638087009
 0.2681388470975317	-0.7930285351146883	 0.5469984471377026
 0.3252550881847182	-0.760687619722071	 0.5617503652081779
 0.380719430347306	-0.7250313489382548	 0.5739183377561631
 0.4344747377998912	-0.6861340895916551	 0.5834824018888198
 0.4863256842960492	-0.6440703987669171	 0.5904749361541133
 0.5368906515220199	-0.5986776185017373	 0.5944186550011273
 0.5882547875249436	-0.5514311718694664	 0.5915065237549376
 0.6379773715028199	-0.5062902945956017	 0.5802197954643152
 0.6831730592222932	-0.46028075645486943	 0.566935795650783
 0.7269487564839434	-0.4071345042193387	 0.5529801089736606
 0.7691913001469016	-0.3547017005310359	 0.5315368730565273
 0.8082547078207525	-0.3023176139092817	 0.5053002944841695
 0.8206226112418138	-0.2684968446481369	 0.5044680112085023
 0.8383800372276033	-0.19413617559894342	 0.5093427711296773
 0.8689972613340239	-0.14368739510034628	 0.4734951871806548
 0.8859509555498813	-0.11870525258763856	 0.44833019903677823
 0.8819881311960195	-0.023390249875397052	 0.47069080364940197
 0.8742851616450849	 0.03763022854405843	 0.48395187986715144
 0.8540735193402688	 0.10035008560719799	 0.5103805285082451
 0.8365472004254146	 0.1650434156628185	 0.522445645408928
 0.8158600335377956	 0.2285547023995623	 0.5311639612085471
 0.7915004322093155	 0.29132255508044863	 0.5372692385702588
 0.7635691418180051	 0.3530065042495238	 0.5406926794592714
 0.7320015470183212	 0.4134864799943202	 0.5414819166183586
 0.6963913697866574	 0.47308938668685224	 0.5396531221913954
 0.656039055619821	 0.5333425872693186	 0.5340022866115113
 0.6432178722331026	 0.5683043675106197	 0.5131285557326496
 0.5972816774344498	 0.6231830165457927	 0.5048737720361162
 0.5565574292237497	 0.6870298907846965	 0.46715496052618244
 0.49817612176240533	 0.7293644854369523	 0.4688795144693988
 0.4201032851492187	 0.7712257449930244	 0.47825106384282007
 0.35848233013884984	 0.8011065345763684	 0.47928982801355474
 0.29497776244223545	 0.8267417730866643	 0.4790471378665055
 0.22319931786989194	 0.8290027817691443	 0.5127732952498945
 0.15738087574280296	 0.8460404403423107	 0.5093592379213493
 0.12044804259341114	 0.8428477273151131	 0.5244997403194446
 0.053972338292627674	 0.8535513890057634	 0.5182055702378722
-0.01281599690776829	 0.8602515310952114	 0.5097087928137053
-0.08015930794166372	 0.8631748321258552	 0.4985014488793543
-0.14802818306482288	 0.8625430400980775	 0.4838462162680349
-0.2240254819885394	 0.8387194130164173	 0.49634899984708264
-0.26042006456569144	 0.8258041254091891	 0.5002288840408612
-0.3232984257255133	 0.8176397553487685	 0.4763857243837299
-0.38331924326961975	 0.8032022497587873	 0.4559961663453201
-0.4490937914467201	 0.7328911329623305	 0.5110629645251175
-0.4766813556453928	 0.7028191560251821	 0.5280342025893034
-0.5506715184397508	 0.6341271724860793	 0.5428108398826147
-0.5897189450338096	 0.5762064049924683	 0.5658778531749288
-0.631670964101024	 0.5258009108812502	 0.569671129010529
-0.6560900892260421	 0.4979664538641887	 0.5670760139922063
-0.6866616252439522	 0.4210344124693413	 0.5926430932137241
-0.7225679108491053	 0.3641466558880081	 0.5876162244328691
-0.7550827083500918	 0.3063025808338412	 0.5796799397298636
-0.7843352196279895	 0.2471731505932779	 0.5689672195099703
-0.8103262664822305	 0.18683508411182048	 0.5553953485526308
-0.8330009478403413	 0.12548523617613544	 0.5388532976598667
-0.8522468500967936	 0.0633673596450944	 0.519287862588471
-0.8678851946572879	 4.7423937193972186E-4	 0.4967645961536508
-0.8791062174001631	-0.06339492937832562	 0.47239108951957837
-0.8546085007648321	-0.11544273948967103	 0.5062778726347876
-0.825390945452545	-0.16695525745054968	 0.5393104200500626
-0.793034256101158	-0.22311456391273818	 0.5668479161292841
-0.7847547929160589	-0.2627274544503536	 0.5613681498565012
-0.7678651523185633	-0.33846576480301666	 0.543897080256089
-0.7312434502125285	-0.39394697674600976	 0.5568561717660642
-0.6909553849055293	-0.4479203885698798	 0.5674046012973987
-0.6469573359813549	-0.5001352783075814	 0.5755961334235199
-0.5992824912146928	-0.550213699493435	 0.5814854947574011
-0.5481227400895092	-0.5975938984245575	 0.5851862903063503
-0.49408229639936285	-0.6418892213373556	 0.5863965483490295
-0.4378664123223413	-0.6829628189259707	 0.5846663945573178
-0.37996237704006947	-0.7206531713504734	 0.5799030941946813
-0.32061044388643717	-0.7548611627885096	 0.5721831596477838
-0.25994410105147053	-0.7855766538985481	 0.5615143677396898
-0.1979212864754069	-0.812824952847998	 0.5478528638125113
-0.13397472661255358	-0.8367138410798503	 0.5309997370757301
-0.05729231323377621	-0.8380639361402191	 0.5425554624049835
-0.02014201254514922	-0.8367858870936691	 0.5471596462564581
 0.052981928731433044	-0.8347500561934008	 0.5480741363292121
 0.09124028508819632	-0.8332894184692019	 0.545255862365811
 0.17021703479401729	-0.8266576574123186	 0.5363425011198628
 0.22999234399989685	-0.7993423798822953	 0.5551173582455713
 0.28782318927636674	-0.7686461229545462	 0.5712625923178635
 0.3440809881307614	-0.7346111721374058	 0.5847689281911836
 0.3987608026152446	-0.6972868524988272	 0.5956348442040013
 0.45173703258072084	-0.6567160548043225	 0.6038689234903639
 0.5033574263819527	-0.6127794393961581	 0.6092065823343239
 0.5548290603113749	-0.5655872314900064	 0.6101440792218399
 0.6066118670489867	-0.5187392566861205	 0.6024380684585544
 0.6547514216184676	-0.47262415611943476	 0.5898533571498834
 0.6991060952089339	-0.42329463309012927	 0.5762571658893362
 0.7425743939681955	-0.3708232525866924	 0.5577395312901833
 0.783043602451273	-0.3184950317525078	 0.534231814298907
 0.8071328469241436	-0.24549988708098225	 0.5369044354997936
 0.8155661704544747	-0.20772263723563275	 0.5400954800681977
 0.8466352869703061	-0.1543318941645504	 0.509303796667853
 0.8724371342444803	-0.10288768528181975	 0.47777355620484885
 0.8641280320315574	-0.039439664187307225	 0.5017242839907794
 0.8527068579736162	 0.023968141516393274	 0.5218395754990351
 0.8353914323471452	 0.08695776066484669	 0.5427333623623486
 0.8168984073833652	 0.15250992335563449	 0.5562532833993702
 0.7959143963917261	 0.21657194306132024	 0.5653466786804702
 0.7716109661018731	 0.27945586429270297	 0.5714201054423557
 0.743787929476071	 0.34127119117503657	 0.5747290579391919
 0.7124207135264014	 0.40203545617244146	 0.5751732077546294
 0.677377374762519	 0.4620500989282419	 0.5724243166045969
 0.6384468509953303	 0.5211063657808721	 0.5664219045877361
 0.6135720401650948	 0.5899336259323182	 0.5248882438405256
 0.5649472221567502	 0.6410954771213665	 0.5194528134411239
 0.5445231057895918	 0.6729716241125548	 0.5006034162893492
 0.48521163952267127	 0.7156368845666606	 0.5024276209758431
 0.4227886542227261	 0.7503739005408943	 0.5081227836336215
 0.3535119040475231	 0.7815955483492797	 0.5139433164243734
 0.28851697656133485	 0.8076197997457742	 0.5143036197563671
 0.252512611693345	 0.8088444802315126	 0.5310442427282498
 0.18663893977729376	 0.8279922963459074	 0.5287671163665898
 0.11243193051990465	 0.8216192920368687	 0.558838796033706
 0.04564334557188136	 0.832232114343984	 0.5525453762900818
-0.021473785524086745	 0.8389783797907584	 0.5437408893755736
-0.08894131031479943	 0.8420520373719421	 0.5320129788616517
-0.15659975743244736	 0.841674804603616	 0.5167785205168298
-0.19458061526957687	 0.8295421720027044	 0.5234483441853157
-0.26797896415905176	 0.8025710161832966	 0.5329793980547022
-0.3311650772086095	 0.7940035511279879	 0.5097921659201526
-0.40043090670144016	 0.7806700804221264	 0.47980132814736304
-0.43103294174152873	 0.7575909727893465	 0.49016989001950706
-0.49130519585102383	 0.6750033945697969	 0.5504449308051065
-0.5180018933240848	 0.6503695767823984	 0.5556018827438833
-0.5557075621720117	 0.5998903066536663	 0.5756046606202995
-0.6003595837587969	 0.5452010497773997	 0.5850847677991503
-0.6345831392986615	 0.49170151757280867	 0.596266598875413
-0.6598978627067645	 0.4391683088041504	 0.6096441645231638
-0.6957130921110006	 0.3839895384963485	 0.6070711060417154
-0.7295915849100141	 0.32704651932301726	 0.6006135974378146
-0.7603751588057386	 0.26871344619723936	 0.5912890170669088
-0.7879790449950244	 0.2090973590637173	 0.5791090735615427
-0.8123281600190277	 0.14838886240862395	 0.5640068314773995
-0.8333290201933561	 0.08684908734966112	 0.5459120626347361
-0.8508659372225892	 0.0246844371391037	 0.5248026633292278
-0.8645385179819188	-0.03810375247216964	 0.5011200005718861
-0.8393292527592537	-0.09095075396839178	 0.5359611607338481
-0.809783776331494	-0.14479449397263464	 0.5685813838893371
-0.7773035597952371	-0.2016263376529283	 0.5959412688296721
-0.7603355041960419	-0.28126651911046585	 0.5854733694084069
-0.7516289729193976	-0.3196423728612813	 0.5769598257589008
-0.7151493898116554	-0.37518476130886397	 0.589743796180704
-0.6750387791366369	-0.4292726974869629	 0.6000396635673223
-0.631230306483595	-0.4816317451088597	 0.6079302281347928
-0.5836939151806075	-0.5318631926564819	 0.6135331756949969
-0.532561031614008	-0.5792657412544638	 0.617114210349381
-0.4785257570526871	-0.6234162372025922	 0.6183569317387119
-0.42232722578718196	-0.6642653381177032	 0.6167586845227851
-0.36444054747808236	-0.7017498875415219	 0.6121520911418478
-0.30512990506022003	-0.7358204990989377	 0.6045361313798634
-0.24459082527883436	-0.766468126088731	 0.5938871440597513
-0.1829874357425779	-0.7937051020596547	 0.5801274078379929
-0.12049667441366961	-0.8175547160159141	 0.5631028660692327
-0.08196006612766775	-0.8180178085223462	 0.569323644775664
-0.004405731744635308	-0.8156168533103396	 0.5785756114147349
 0.03522016890484726	-0.8145748723341252	 0.5789881838726572
 0.11327445584836515	-0.8119790932602904	 0.572589599766232
 0.15242893729472434	-0.8087869751011253	 0.5680044436287208
 0.21152705165187252	-0.7812435832368466	 0.5872944492081623
 0.2691964204906151	-0.7504410609076223	 0.6036319253476264
 0.3255324166898253	-0.7163134576337195	 0.6171901458196717
 0.38048754641070126	-0.6788505363282782	 0.6280057136309936
 0.434172876453968	-0.6379949169861476	 0.6359688665740847
 0.48702562857508	-0.5936566059645658	 0.6406074237047839
 0.539488939129995	-0.5463171104449465	 0.6406943884501228
 0.5915782116293277	-0.49862117457551725	 0.6335709461381402
 0.6406715104266816	-0.4506846404580388	 0.6216296088369689
 0.6860788448588174	-0.4009331134707509	 0.6070819196449856
 0.7292535370362391	-0.3490937275373342	 0.588492011937481
 0.7697166485969485	-0.2967961031104174	 0.5651976238902218
 0.7816991340513525	-0.25958249033964087	 0.5670655998492908
 0.800957416240841	-0.18420471427303398	 0.5696804723776179
 0.8318129731294167	-0.1313068037971295	 0.5393011227599869
 0.8583014104637344	-0.07826791098170488	 0.5071418173514429
 0.8487301691375688	-0.01471716233128457	 0.5286213248901607
 0.8339134033181562	 0.04803821000603879	 0.5498006603722354
 0.8164007063203911	 0.1131990141839501	 0.5662825000892652
 0.7965257763847235	 0.17825849871415358	 0.5777288249610621
 0.7737958304334364	 0.24194228219366343	 0.5854092114843689
 0.7477380869071699	 0.30441413724037775	 0.5901015051977094
 0.718232507793537	 0.36578549766013496	 0.5918978243329961
 0.6852550977331116	 0.42617461309677834	 0.5905934728581032
 0.648909165018572	 0.48533213181733686	 0.5859774888001575
 0.6084455026372689	 0.5433299477692412	 0.5784346446899207
 0.5952507289657725	 0.577633876378202	 0.5585836325260601
 0.5497420688070572	 0.6258495793524657	 0.5532593983007235
 0.5090893383278045	 0.6877689108312015	 0.5174958655825389
 0.4490184057163428	 0.7254500165697396	 0.5216366022308234
 0.3858469004552015	 0.7566337234266911	 0.5278518523057159
 0.3182661617440171	 0.78516755486515	 0.5312424691944468
 0.245510238679831	 0.7879716576540381	 0.5646462515923754
 0.1790067087003705	 0.8069245538687098	 0.5628759744420122
 0.1416842261489571	 0.8037527926399337	 0.5778468900877454
 0.07484644136520364	 0.8163033644825427	 0.5727537231214185
 0.007773975207327756	 0.8249345637973602	 0.5651747789506667
-0.0595685398093287	 0.829851457058223	 0.5547955914418649
-0.127091529324934	 0.8312403096794361	 0.5411906232908001
-0.2026451947447865	 0.8066490497410101	 0.5552046790137607
-0.23954250661836599	 0.792909792024022	 0.5602797954909782
-0.3037847711050481	 0.7867116205916905	 0.5374008177056022
-0.36946919431028136	 0.7767203374243697	 0.5100961006389726
-0.41302876755767365	 0.7341413664530342	 0.5389282802305527
-0.44397340945642216	 0.7133123210246197	 0.5422851135427837
-0.49269593491421465	 0.6455162942376784	 0.583574699239663
-0.5329740689074662	 0.5907515824411828	 0.6057649789443578
-0.5748014332408349	 0.5369412803161708	 0.617492812781423
-0.605997920231582	 0.48518467109861757	 0.6303668420895275
-0.6385822645438803	 0.42628977307259175	 0.640694717305932
-0.6749810127569934	 0.3676079764381801	 0.6397382340274576
-0.7088640516640106	 0.31066349390854525	 0.6332455683311321
-0.7396619686648642	 0.252379549165693	 0.6238627535554107
-0.7673066230354663	 0.19289519747752348	 0.6115815473311929
-0.7917076010465097	 0.13240658081294587	 0.596378715081789
-0.8127729157374144	 0.07118080001724507	 0.578215773870453
-0.8303551733498359	 0.009534194994296794	 0.5571529280341034
-0.8443421026466773	-0.05249974212418001	 0.5332262097600629
-0.8168121447233443	-0.1062920367579663	 0.5670272684397937
-0.7854230743413407	-0.16184620775189038	 0.5974248064221379
-0.752349481823746	-0.22008358458445956	 0.6209134182766514
-0.7437646172399942	-0.260076507226963	 0.6157713898278065
-0.7254601490167659	-0.3376999004908421	 0.5997218933781284
-0.6872327451931313	-0.39264088394257696	 0.6111826978826418
-0.6453804554638927	-0.44598999380143073	 0.6201427199719579
-0.5998146868513218	-0.4974450099030647	 0.6267142918108622
-0.5504778500687131	-0.5464199460589433	 0.6311888616988335
-0.49778908484913714	-0.592160941849974	 0.6336808707483684
-0.44260999409400087	-0.6345465777320297	 0.6335984799671458
-0.38554864488867624	-0.6735957175040539	 0.6305720036480404
-0.32694696001980267	-0.7092816290316255	 0.624520020537415
-0.2670281123534378	-0.7415860248896935	 0.6154235573174484
-0.20601482836970328	-0.7704921258054463	 0.6032410584199371
-0.14418317414093235	-0.7959774328082914	 0.5879040217200149
-0.06608528448422409	-0.7968401186958757	 0.6005652007995319
-0.02639224361255079	-0.7957671048850462	 0.6050274078584936
 0.05463198677269167	-0.793445479240894	 0.6061844748040457
 0.09430364745742756	-0.7920762384862992	 0.6030937360822283
 0.17272362181191211	-0.7859590038859884	 0.5936623574715856
 0.23099006337590386	-0.7567324167427428	 0.6115550997843808
 0.2880537255983525	-0.7242097063836396	 0.626534398376204
 0.3438731701651188	-0.6883417694992549	 0.6386993433558751
 0.3985029705810668	-0.6490762750942282	 0.6479933422095224
 0.45220992929342135	-0.6063409626756924	 0.6541076492672698
 0.5052354784751257	-0.5602958457143934	 0.6563578875622686
 0.5578846715312504	-0.5123543635522801	 0.6528841393535355
 0.6088870015031949	-0.46422776717354297	 0.6432333943332817
 0.6564768352288664	-0.4151124282664715	 0.6298569970291713
 0.7008251036429546	-0.36385005836857565	 0.613561169834782
 0.7427319064225767	-0.311733881473837	 0.5925970826144359
 0.7664277137915332	-0.23691006392184505	 0.5970445386609201
 0.776350540790066	-0.19900820675920933	 0.5980598393617949
 0.8091116863103001	-0.14599806400586204	 0.5692300452212998
 0.8381801454235356	-0.09322369487734848	 0.5373670873166646
 0.8272781742898195	-0.028894275177925085	 0.5610489668519545
 0.812915215591435	 0.03461228675060374	 0.5813525968513643
 0.795342926120002	 0.09983180382901913	 0.5978822967901938
 0.775262092356371	 0.16495230988718587	 0.6097207751242398
 0.7522025049435652	 0.22907749512147352	 0.6178307962423831
 0.7260399056292253	 0.2918820383585237	 0.6226322599396684
 0.6966451356648099	 0.3534484435585467	 0.6243074184250893
 0.6640497888069329	 0.41371970214500514	 0.6227952199900991
 0.62827161174401	 0.47255400727985775	 0.6180351867655532
 0.589627884905467	 0.5292475014798065	 0.6101114976127624
 0.5613965858463156	 0.5971980532936452	 0.5728772630698317
 0.5186912307338474	 0.6408176394219811	 0.5659612709059221
 0.4969516461029355	 0.6706627836363228	 0.5506818428827682
 0.4392622559512823	 0.7057156185767559	 0.5558903994434666
 0.37751987078704763	 0.7368991184577692	 0.5607659372475237
 0.31233447486935234	 0.7645625467881573	 0.5638184883957715
 0.2752319623149016	 0.7661333835372632	 0.5807641565644639
 0.20841389791494933	 0.7870780039506916	 0.5805789032103152
 0.13327775102824713	 0.7807643298768039	 0.6104458225533843
 0.06619122405685444	 0.7931160430156379	 0.6054631815140142
-0.001026472586539292	 0.8016623741960063	 0.597776199051494
-0.06833592855646256	 0.806596827511384	 0.5871386196775825
-0.13566943689062683	 0.8081412109241761	 0.5731505797779383
-0.17336063003084853	 0.7956976862765205	 0.5803544468766473
-0.24742907570702238	 0.7677523338017567	 0.5910458581503849
-0.3125121401306926	 0.7618267553683076	 0.5674118055486083
-0.37572082497263853	 0.7520418954986439	 0.5415411795022489
-0.41883105635047313	 0.7068889533096708	 0.5699899594949939
-0.4611293502301088	 0.6615679843888213	 0.5913438292466321
-0.501477416224919	 0.6141944842883356	 0.6093320412436596
-0.5417789198239801	 0.5592310653683988	 0.627484037694416
-0.5771881791917662	 0.5067977500202973	 0.6403201124247604
-0.6106489835222936	 0.450361159232671	 0.6513698221270269
-0.6456426367624574	 0.3899298945468094	 0.6565822590758418
-0.6812243006001992	 0.33144045885034373	 0.6527485538159722
-0.7136768464061888	 0.2735936700532065	 0.6448347560503657
-0.7429692198034161	 0.2146349541856333	 0.6339783709768294
-0.7690502194385972	 0.15464278572788054	 0.6201994588870314
-0.791834792164605	 0.09382473882435234	 0.6034853604704747
-0.8112056752335017	 0.032481299188333555	 0.5838581314600293
-0.8270625836034764	-0.02914553979205849	 0.561353739021459
-0.7993568206155852	-0.08388187628695244	 0.5949726919497429
-0.76804981021515	-0.14001411167722808	 0.6248964214649567
-0.7347735086709268	-0.198150565922875	 0.6487250913752758
-0.7175876729032361	-0.27802272096781583	 0.6385697286302964
-0.7082236414593374	-0.31706231989826344	 0.6307858265519345
-0.6699674558722085	-0.372275139934552	 0.6423043112566117
-0.6283293059604531	-0.42580298205138395	 0.6510715043276001
-0.583018612840054	-0.47746476497105667	 0.6573558361292559
-0.533798459840052	-0.5265839406969455	 0.6616408071396929
-0.4811130378869047	-0.5721737162073725	 0.6641893429261562
-0.4259930421200257	-0.6142677824711963	 0.664232654634839
-0.36902035989676346	-0.6530350624538794	 0.6613389306456416
-0.310485128466097	-0.6885365385432219	 0.655375022481258
-0.2505996623060424	-0.7207439625853516	 0.6463187678296701
-0.1896501324151746	-0.749575554375519	 0.6341682076212432
-0.1280036071276224	-0.774952534613223	 0.618921356602645
-0.08852928150362457	-0.7754245123549341	 0.6252034804410197
-0.007764265485267071	-0.7740336791202316	 0.6330968170580805
 0.03329343039752321	-0.7727999288119581	 0.6337758416984652
 0.11379832741037336	-0.7692435064545375	 0.6287403028724414
 0.15322468406672854	-0.7661739961838697	 0.6240990336190971
 0.21148553041661391	-0.7368424189236074	 0.6421348145827406
 0.2688051224605644	-0.70418204095308	 0.6571692775367058
 0.32512290866069526	-0.6681477629577414	 0.6692336371690945
 0.3805121730345023	-0.6286803138820065	 0.6782120237136635
 0.4350399464663249	-0.5857915737386297	 0.6838044143725579
 0.48871325701342627	-0.5397412642403919	 0.6854478244881314
 0.5416641782380905	-0.49171158388746894	 0.6817768229300046
 0.5929019666304457	-0.44296132226687596	 0.6724972304339483
 0.6409867197673716	-0.3929970343783457	 0.6593097572853676
 0.6858131552387103	-0.3414327783707695	 0.6427160912530054
 0.7278171281163419	-0.289178116918809	 0.6218184982097044
 0.7396619970359422	-0.251528178122725	 0.6242064608373296
 0.7596795055506845	-0.17510054533286637	 0.6262801672338033
 0.7925932919089635	-0.12172930129261914	 0.5974762345296452
 0.8221475389109628	-0.0682640461618375	 0.5651667402318202
 0.8096456453832122	-0.004159955659824671	 0.5869042713091379
 0.7934406503793113	 0.060312825715585966	 0.6056519606010179
 0.7746367701569014	 0.12570265402613143	 0.6197876387051222
 0.7529880530167161	 0.19048475070707718	 0.6298607399752407
 0.7282787338186018	 0.2541208905618905	 0.6364217617646383
 0.7004703554601058	 0.3164330383145186	 0.6396963446703721
 0.6695269499588793	 0.37740831482083825	 0.6397629460846067
 0.6355211727354292	 0.4369113783248026	 0.6365699384162796
 0.5983922316931866	 0.4947131548054534	 0.6302266509055956
 0.5585439728769522	 0.549718966757455	 0.6211583437014644
 0.5432819522688959	 0.5842830896933057	 0.6028747725998674
 0.48438677555637055	 0.6246194759652028	 0.6125520075153276
 0.4637738726278337	 0.6779210990377919	 0.5703830103949228
 0.4046068374450649	 0.7111339208345261	 0.5749624802812936
 0.34122991139892334	 0.7407105510482414	 0.5787141152006694
 0.26704513197734064	 0.7438933420492537	 0.6126251652862432
 0.20028262673700242	 0.7644094408236763	 0.6128336448066155
 0.1624676827030363	 0.7612284980687111	 0.627802059414558
 0.09537904627399078	 0.7754039843390961	 0.624220713051817
 0.02818597432500083	 0.7857396283108959	 0.6179148706360817
-0.0390550871387933	 0.7924178119195993	 0.608727124022855
-0.10630629751719922	 0.7956593696791266	 0.5963431382601798
-0.18151157165851772	 0.7705508280836908	 0.6109868825871744
-0.21863741735857903	 0.7564475973839774	 0.6164290000825553
-0.2840837915180981	 0.752255997467747	 0.5944807092501043
-0.3482531429836702	 0.7444849448579285	 0.5696155855328072
-0.39117888040588683	 0.6994136740124981	 0.5981635195569318
-0.43420776670136274	 0.6518929615640231	 0.621690583811193
-0.4759589471489944	 0.6024939377629133	 0.6406747502342819
-0.5148178763484352	 0.5501351845176821	 0.6575057664749285
-0.5513899460590758	 0.4951397526516212	 0.6714206972748612
-0.5868936199339537	 0.43721776887638947	 0.6814664345802895
-0.62242595544197	 0.37673076921369836	 0.6860465418029641
-0.6579140752950503	 0.3169471284718827	 0.6831497546527313
-0.6906029218746532	 0.2577433974119093	 0.6757484335081795
-0.7200683736781064	 0.1984155874419453	 0.6649306669786217
-0.746273355243121	 0.13832451438407306	 0.6511085992172004
-0.7691455599246854	 0.0775491775013574	 0.6343510327232117
-0.7885929962757139	 0.016315944100122496	 0.6146990126826409
-0.804526522537773	-0.04508635301286644	 0.5922029173393841
-0.7749073715904695	-0.10066328603270788	 0.6240075867326033
-0.7424485946397797	-0.15792771067482542	 0.6510214455134521
-0.7081703554057385	-0.21621123685876187	 0.6721216026735896
-0.6995348564944553	-0.25615222012882766	 0.6671109537943103
-0.6805535782266786	-0.3342788271744307	 0.6520003779644236
-0.6406867486004416	-0.3887507264576269	 0.6621128022070423
-0.5973881416736608	-0.4414561245464799	 0.6695101928186703
-0.5502866023558745	-0.49212205529314307	 0.6745372769252121
-0.49920931354548925	-0.539498809825097	 0.6780347302806438
-0.4452344228840365	-0.5831506889867794	 0.6794862637414856
-0.3892057140429246	-0.623393882028522	 0.678158521295535
-0.3314829496433095	-0.6604127992412415	 0.673775918754981
-0.27226046738969184	-0.694226092609411	 0.6662764968367234
-0.21178997431113128	-0.7247287142193491	 0.6556777391121795
-0.15042299708125562	-0.7518111327625349	 0.6419913882626519
-0.07065245100378648	-0.7530737748946592	 0.6541315775385451
-0.02985148427419667	-0.7525877934080352	 0.6578149451782408
 0.052452720290580686	-0.7500245177257123	 0.6593268801925424
 0.09306536915774304	-0.7479865705976183	 0.6571566991739087
 0.17246749420537297	-0.7416010213508578	 0.6482922863754312
 0.23041034165058333	-0.7105496719613011	 0.6648535463815688
 0.2874712024745186	-0.6761358980729577	 0.6783808333708503
 0.343648929968742	-0.63831413944828	 0.6888109118704062
 0.39896059397263667	-0.5970717442393705	 0.6959423659240447
 0.4533577418310839	-0.5525366749934346	 0.6994068777964798
 0.5068555275171107	-0.5052750688790428	 0.6984229227299388
 0.5592873679218546	-0.45677900791973597	 0.6917735019548711
 0.6091601890328284	-0.40719619475671376	 0.6805256226426315
 0.6557368845887926	-0.3561533913181661	 0.6657055655786227
 0.6992968271527564	-0.3040008373690285	 0.6469678805110942
 0.7229847743505343	-0.22810310152669339	 0.6521211475877854
 0.7330860570596183	-0.1896430808900146	 0.6531617983435082
 0.7678945383907516	-0.1362144087097732	 0.6259262039326215
 0.7992228339566843	-0.0825598732736424	 0.5953374916862593
 0.7866249760517147	-0.018354640744559475	 0.6171582084156199
 0.770567827556189	 0.04655084139500952	 0.6356557577028247
 0.7517247867285874	 0.11197566461161805	 0.6499009890380582
 0.7298895823126724	 0.17693246973238566	 0.6602697166960114
 0.704984496616185	 0.2408089411725684	 0.6670891345106521
 0.6770547308422391	 0.30334994718424085	 0.670504064855286
 0.6461480034276081	 0.36443779554370836	 0.6705802344580089
 0.6122810078658636	 0.4239444986688636	 0.6673702341692865
 0.5755736907986382	 0.48154614400808377	 0.6609298280841768
 0.5346943298664408	 0.5370324966275678	 0.6524554170015292
 0.5067105828131064	 0.596775501239486	 0.6221763306214425
 0.4553141018060331	 0.6548376331967046	 0.6032219681393437
 0.39612696247699186	 0.6885184719268307	 0.6074748911801161
 0.33290973153883197	 0.7187158619365533	 0.6104249507085535
 0.29592291809834104	 0.7204516520622164	 0.6271993651025052
 0.22939677416523155	 0.7430171600968715	 0.6287309597945421
 0.1535428128079482	 0.7365279285040852	 0.6587497363707286
 0.08648759312942743	 0.7503893559505393	 0.6553134446284568
 0.019394474537227924	 0.7604950385396513	 0.6490540429840947
-0.047720997859139795	 0.7670921671131856	 0.6397595747754968
-0.11474392973221471	 0.7703827538641181	 0.6271716217578298
-0.15229470533038314	 0.7577344390615749	 0.6345430187058813
-0.22671878604132234	 0.7293749288702487	 0.645453952804899
-0.29191018229064813	 0.7252355071877138	 0.6235558552280782
-0.3563129931177775	 0.7180949825975493	 0.5978132207501572
-0.3993870159609577	 0.6712510108582117	 0.6244294130673466
-0.44182207518111477	 0.6221437238711018	 0.646320694957582
-0.4820867351315888	 0.5710064096161602	 0.6644878177870738
-0.5203013039913842	 0.5171494743290227	 0.6795902988316423
-0.5567631846938284	 0.4600540846423792	 0.6916393535459422
-0.5923686875662705	 0.4003155245596491	 0.699175813932052
-0.6283928962163978	 0.3398737961133438	 0.6997200659551451
-0.6625760819303138	 0.2799408134631271	 0.6947129454756668
-0.6937411614270736	 0.2202579775340813	 0.685718327211991
-0.721661509358545	 0.16034054836379918	 0.6734208004366532
-0.7462708270442808	 0.09980741839705326	 0.6581172630584619
-0.7674889866884906	 0.038753162442753925	 0.6398897152733113
-0.7852254566599057	-0.02258717129475297	 0.6187978683755659
-0.7556357766654307	-0.07849667464926131	 0.6502713626573445
-0.7232533528624439	-0.1357525635355444	 0.6771084322815374
-0.6888400075247816	-0.19386028479585254	 0.6985110120908116
-0.671544497929724	-0.2736129623424581	 0.6885956245420818
-0.6620314081032992	-0.31259846527751284	 0.6811729693630735
-0.6221390481198439	-0.36712599275477525	 0.6914922344092921
-0.5792418450462737	-0.4198641690210017	 0.6987080681655911
-0.5325347274031192	-0.4707841040819042	 0.7033982452732481
-0.48150058216973746	-0.5180263399784996	 0.7069695187620779
-0.4276422382361158	-0.561237402384065	 0.7086146302762825
-0.3718171427834867	-0.6011069220255771	 0.7074054570225347
-0.3142203691267247	-0.6379602736165247	 0.7030449835629253
-0.2550006350779739	-0.6717377285822252	 0.6955164269152977
-0.19444145111098626	-0.7022271945369228	 0.6848864791647277
-0.13290209435084527	-0.7293140046919274	 0.6711468661011407
-0.09271765032530732	-0.7300847972171379	 0.6770373890639755
-0.010762850552115542	-0.7294508456000351	 0.6839485542797693
 0.030515656112808008	-0.7281221409471944	 0.6847678019551438
 0.1121286149301786	-0.7235437105163559	 0.6811106170704311
 0.1520721537140415	-0.7202012013314776	 0.6768931153922821
 0.21040008043393818	-0.6890479796232748	 0.6935017576981873
 0.26800468151780765	-0.6545090618413933	 0.7069592482258349
 0.3248176031456977	-0.6165825883507831	 0.7171606768565415
 0.3807373666950946	-0.5752948422877656	 0.7239301775994561
 0.435639678024439	-0.5308008703337995	 0.7269583942590141
 0.4894829193999466	-0.4836290991483142	 0.7256096513089496
 0.5420455618199774	-0.4349417779651251	 0.719035644938275
 0.5921002610150822	-0.38492111426140346	 0.7079922433908659
 0.6389345611922997	-0.33343076237975977	 0.693243502106479
 0.682608479416333	-0.2809471853102224	 0.6746216294302944
 0.6945066984240272	-0.24276897098088293	 0.6772914236671246
 0.7149235973880446	-0.1653869009123094	 0.679361040172572
 0.7498688757590568	-0.111584325182023	 0.6521085856983643
 0.7813932834862024	-0.05770131687272642	 0.6213655080174667
 0.7670622950736827	 0.006931879988587595	 0.641535177925668
 0.7496307200652599	 0.07231590893814159	 0.6578937549854768
 0.7292671148050074	 0.13766689031078316	 0.6702367511380878
 0.7058046294887995	 0.20222031048493924	 0.6789306083979079
 0.679290562025057	 0.2655444994906199	 0.6841421278754571
 0.6498233525192009	 0.3274484723405741	 0.685935207204391
 0.6174466883826524	 0.3878196127571483	 0.6843650597204618
 0.5821379720939006	 0.44650988985033235	 0.6795176963937328
 0.543940462179722	 0.503137912282211	 0.6715512004516174
 0.49814155041453495	 0.5655604689938943	 0.657264293615597
 0.47572334442025205	 0.5984794468411743	 0.6446003810751996
 0.4223735982429504	 0.6594037538417212	 0.621922208099011
 0.3606080026440891	 0.69257627407159	 0.6247399243062305
 0.28710348405510117	 0.6966689446174048	 0.6574374274781545
 0.22036708080604187	 0.718796729815463	 0.6593706172583214
 0.18238451555299798	 0.7154109243274268	 0.6744798720788301
 0.11548622289114596	 0.731021869483957	 0.6725101922339297
 0.04855032234806148	 0.7428038814800015	 0.6677464038526477
-0.018478990298204906	 0.7510545572438094	 0.6599814989534664
-0.0854324967876135	 0.7559663880475719	 0.64901163983009
-0.16045336119395168	 0.7305489761992835	 0.6637416005161513
-0.1977253136813666	 0.7162999733916937	 0.6691928335305634
-0.26342436099591177	 0.7136776070608654	 0.6490546041850198
-0.3281289257482769	 0.7081676227794139	 0.6251639993907483
-0.3716004859316454	 0.6609455458458545	 0.6519693737300015
-0.4143049323449648	 0.6112635448772556	 0.6743206223590716
-0.455181469893272	 0.559205479722469	 0.6928918103962288
-0.4941739894030706	 0.5044319248110095	 0.7080540243716676
-0.5314715332485218	 0.4467555919002874	 0.7196856608633309
-0.5676594980961955	 0.3867355240454107	 0.7267725425898374
-0.6035526231848877	 0.3259669230577724	 0.7276467522904843
-0.6376266681462874	 0.26533707172580895	 0.723207072999592
-0.6688434576295429	 0.20478141668738212	 0.7146418687466239
-0.6968868014412	 0.14419775212245323	 0.7025352619334386
-0.7216157165317704	 0.08335980980875245	 0.687256793173402
-0.742934539354691	 0.022161645906559734	 0.6689971088760739
-0.7607380234573854	-0.039258156335518435	 0.647870709962479
-0.7296389145106248	-0.09580527136675339	 0.6770881806752352
-0.6962772874259788	-0.15357787600329906	 0.7011503226962363
-0.6606350453692105	-0.2114562668154716	 0.7203107551983974
-0.6519328784835843	-0.2513456906783719	 0.715408181201138
-0.632664951478317	-0.32913902963814745	 0.7010011115110999
-0.5914992507445134	-0.38260626005821546	 0.7097471987496283
-0.5471766185289662	-0.43452199048901324	 0.7153938690795947
-0.4983882136541186	-0.4839053753512329	 0.7193363442763331
-0.4458009050616411	-0.5287644056480614	 0.7222670948934848
-0.3910581445871248	-0.5699884250467249	 0.7226248839230693
-0.3344279460763228	-0.6082488155849141	 0.719855073763269
-0.27600586550911066	-0.6435968807048196	 0.7138654056274145
-0.2160237328819991	-0.6757747025719429	 0.7047427177314632
-0.15482324419041765	-0.704596469304417	 0.6925125114408434
-0.0739869275916676	-0.7065433295511736	 0.7037914875957845
-0.032870731220176454	-0.7063372548946815	 0.7071118704822433
 0.04969273013807869	-0.7036147988871411	 0.7088419057578581
 0.09066446464094788	-0.701143125744045	 0.7072328273441786
 0.17104373796529768	-0.6939843574482674	 0.6993781175587167
 0.22927902438448047	-0.6610834584368892	 0.7144226969787723
 0.28678675094249506	-0.6248101576891871	 0.7261994397768844
 0.34344860797997484	-0.5851776914022451	 0.7345815973476034
 0.3991142944207977	-0.5422723474251062	 0.7393568023674726
 0.45367089372835584	-0.4963827034877885	 0.7401262945348376
 0.5070705908765413	-0.44833445545469885	 0.7361220224393874
 0.5585861572177859	-0.3988915966273163	 0.7272324244041772
 0.6071389702746792	-0.34793526515018725	 0.7143691776936287
 0.652429674232311	-0.29566124558588114	 0.697796494717282
 0.6763606666700815	-0.2189209469962835	 0.7032850542616792
 0.686667081300159	-0.18000735890848654	 0.7043334935934199
 0.7234333638300998	-0.12616531334623415	 0.678768356514734
 0.7566973568504453	-0.07215501609463795	 0.6497713165321573
 0.7424119264170411	-0.007244266441409807	 0.669904509700796
 0.7250406613272496	 0.05828121126567989	 0.6862356299665222
 0.7045871519162074	 0.12376834647029664	 0.698740539661623
 0.6809541434624405	 0.18847232242157433	 0.7076578538971726
 0.6542508815148165	 0.251953233577439	 0.713074576833979
 0.624658884524024	 0.31399211778521097	 0.7149896698232502
 0.592264201208664	 0.3744973136146169	 0.7134247529081806
 0.5569890420284673	 0.4334821356986281	 0.7084182698733613
 0.5185707570710738	 0.49201608878211445	 0.699288594423135
 0.48003361585529697	 0.5467613198708213	 0.6860173370564381
 0.4398759440526222	 0.606447630929584	 0.6623672884312068
 0.4149495078321665	 0.6348428895616538	 0.6517602408269876
 0.35225945026221395	 0.6683693315065165	 0.6551303049031508
 0.31567140194105997	 0.6712289844213676	 0.6706737034275501
 0.2491058795369157	 0.6959785529658515	 0.6734687183468132
 0.17284175620430495	 0.6890380424379734	 0.7038126905544239
 0.10648330533630997	 0.704058887827025	 0.7021128030141787
 0.0397828321292241	 0.715591029840957	 0.697385692625635
-0.026783846437132632	 0.7236519207742252	 0.6896452154041285
-0.09364727096357177	 0.7286657104748941	 0.6784367848364307
-0.13115463938697375	 0.7159303468176552	 0.6857420791178159
-0.20571680080031296	 0.687310514977551	 0.6966238969987879
-0.27131281844293326	 0.6847820918934729	 0.6763599937685192
-0.335747079795801	 0.6793726667504911	 0.6524773391321099
-0.37912572375235626	 0.6307263591094043	 0.6770878418003435
-0.4213271973754484	 0.579597975594291	 0.6975310598380188
-0.4615472767370687	 0.5257424253807774	 0.714541120924005
-0.49994626719905877	 0.46917500221352093	 0.7279619132974404
-0.5368976104927567	 0.41009273746283964	 0.7372685416640281
-0.5729753449384308	 0.3493520146049932	 0.7413854759732746
-0.6080961711028542	 0.2884559233941344	 0.7396027494195014
-0.6407645500745665	 0.22756592230579784	 0.7332356663262162
-0.670433153758297	 0.1666672498561438	 0.7230085851268251
-0.696877515729023	 0.10569458956025225	 0.7093591345778492
-0.7199656063124541	 0.044503937566551986	 0.6925813492061514
-0.7395896346847367	-0.01693621890210207	 0.6728449574427958
-0.7085877603699524	-0.0734540773461533	 0.7017890597431113
-0.6752987770009103	-0.13094685774774184	 0.7258267577232651
-0.6397138691306002	-0.1886359946398676	 0.7451057825357318
-0.6222161557896406	-0.268388367819505	 0.735401073900184
-0.6121558957579564	-0.3072824379412503	 0.7285895021352254
-0.5709006428841165	-0.3602106567225912	 0.7377809557978452
-0.5279442436184022	-0.4116175166037279	 0.7428633088631941
-0.47977323973248714	-0.46092481821343867	 0.7465694544993801
-0.42746296230374486	-0.5049674785217169	 0.7498554937412452
-0.3730772748785935	-0.5457761032976228	 0.7502944702171442
-0.3165666587002893	-0.5840624616169814	 0.747433335842901
-0.25812141272802436	-0.6195192724416079	 0.7413293514792934
-0.19799039568741922	-0.6518077585814388	 0.7320836352962551
-0.13650630522695248	-0.6807709412407448	 0.7196644733453755
-0.09593909743959875	-0.6818962279367978	 0.7251297979727781
-0.01367202921629874	-0.6816422306387313	 0.7315578890470414
 0.027654774832421174	-0.6802521495798676	 0.7324562965945051
 0.1097379021117353	-0.67504446232495	 0.7295701246107427
 0.15014098374038082	-0.6712748623164472	 0.725842782028936
 0.2089243323182851	-0.6382463743417842	 0.7409400711291877
 0.26697293634885627	-0.6019168396779095	 0.7526098387407829
 0.32413160686506687	-0.5622834772150206	 0.7607732859939651
 0.38022009343749663	-0.5194441816193459	 0.765251868817182
 0.43510706700883106	-0.4736797323807469	 0.7657083983937205
 0.4886892319970056	-0.42567928284988216	 0.761564168460273
 0.540300747753274	-0.3760452584450102	 0.7527715892475476
 0.5889489933129248	-0.3247612279107432	 0.7400467742795713
 0.6343032574945923	-0.2721640725670837	 0.7235924924537624
 0.6463562267441575	-0.2335977779360212	 0.7263991370399668
 0.6671426461102358	-0.1553551420172345	 0.7285502519317646
 0.7038946736783195	-0.10120131198762655	 0.703058022370327
 0.7371977143715848	-0.046984113463768316	 0.6740415588132049
 0.7213838586099386	 0.018369039944786607	 0.6922917787382303
 0.7024910380550966	 0.08405051944711675	 0.7067120004874282
 0.6803828342955122	 0.14929087081357353	 0.7174896756662988
 0.6550926026164903	 0.2134896249820466	 0.7247591751900616
 0.6268314579091918	 0.27633058101380004	 0.7285078814755629
 0.5957835174125592	 0.3376736909089935	 0.728710147347638
 0.5619838002727139	 0.39752675009521776	 0.7253596977981152
 0.5253098433510035	 0.4564608935349739	 0.7181176931059404
 0.4858162451033115	 0.5137417112170742	 0.7071435711009976
 0.43059389095925427	 0.5792232420682818	 0.6921627965417373
 0.3803063214052176	 0.6401144564119258	 0.6675481889659325
 0.3061812981574607	 0.6463721356526332	 0.6988963262963015
 0.23985153682906812	 0.6701464150038973	 0.702406593603846
 0.20124983656350195	 0.6666752528087576	 0.7176646923010377
 0.13516537208928278	 0.6830229206613497	 0.7177813121273119
 0.06860119341880391	 0.6961984505800866	 0.7145639185345162
 0.0025116076937486942	 0.705762391103502	 0.708444167969968
-0.0642096586400366	 0.7124029499472264	 0.6988269862017492
-0.13923968049665275	 0.686926798017199	 0.7132628446379555
-0.17655848472705468	 0.6725567405867008	 0.7186755402560184
-0.24254155925733367	 0.671470846437416	 0.7002146059727985
-0.30752941574404413	 0.6675784690809201	 0.6780594708959545
-0.3510760723196933	 0.618618002468941	 0.7028921385717121
-0.39368562472885316	 0.5669444929416333	 0.7235921301430848
-0.4344792546955325	 0.5123948509126202	 0.7407288937239106
-0.4733817744978276	 0.4552734410484004	 0.7540794317903364
-0.5106720527982913	 0.39592181323340314	 0.7631906526528961
-0.5468420891274413	 0.33508046881946074	 0.7672579807173505
-0.581784217100262	 0.2738701800231041	 0.7658474059674993
-0.6143457407753325	 0.21250834437829488	 0.7598812501705803
-0.6439979540755673	 0.15103746199519955	 0.7499695461953988
-0.6704928885218886	 0.08950107373792217	 0.7364976878723608
-0.6936709838310925	 0.027880783885125337	 0.7197521990801801
-0.7134152618724439	-0.033877420407715006	 0.6999221274641853
-0.681232658817366	-0.09081546804152053	 0.726412152517441
-0.6469168905736112	-0.14835827815960675	 0.747989544039278
-0.6100761199103628	-0.2057602635844241	 0.7651600106152864
-0.6012365419473101	-0.2457487904312789	 0.7603434438652075
-0.5805102617791177	-0.32342786779800864	 0.747263173387244
-0.5389080454125206	-0.37439492190069457	 0.7545903266307019
-0.49500640144141644	-0.42509240365941436	 0.7578028179434811
-0.44457456359745573	-0.47111250669969607	 0.7618441201671512
-0.39145046134923345	-0.5130384331734136	 0.7639097475464242
-0.3360473401289936	-0.5526947401952078	 0.7626275036692426
-0.27852380444033814	-0.5897107274930646	 0.7580671132819844
-0.21913634878551383	-0.6237132002881457	 0.7503073399796067
-0.15815296351782365	-0.6544353583028542	 0.7393929955940514
-0.0769214610337849	-0.6569826286543204	 0.7499712757692039
-0.03575898299268259	-0.6569265672786254	 0.7531060883692621
 0.04686461966853176	-0.6541259300256735	 0.7549324308117725
 0.08800099256586427	-0.6514168204704474	 0.753599330755804
 0.16913646720660708	-0.6435045968197145	 0.7465217273011987
 0.22782902508141475	-0.6087873648101564	 0.759915705705546
 0.2856927108038919	-0.5707956803923542	 0.7697869615932407
 0.342541479027216	-0.5295670620502783	 0.7760309671252071
 0.398208264043274	-0.48527081424405616	 0.7784230310637996
 0.45258533550717006	-0.4383387683464543	 0.7765472543563435
 0.5053788815189136	-0.3894937044901338	 0.769991454678066
 0.5556314921746889	-0.3389140115808449	 0.7592173191240488
 0.6026492233350924	-0.28674604938386233	 0.7447084105717872
 0.6269104156753769	-0.20927387856424468	 0.7504583762397513
 0.637389897563204	-0.16995849967261104	 0.751563854155722
 0.6758419915648055	-0.1157639396904195	 0.7278985593508688
 0.710837594996224	-0.0614363846693138	 0.7006678843637323
 0.6951443392818122	 0.0040869044389921895	 0.7188585707749192
 0.6762632116164607	 0.0699166719555889	 0.7333346627542193
 0.6540342508454232	 0.13529470873488858	 0.7442677881713059
 0.6285354165090605	 0.1996170727004246	 0.7517288437197919
 0.6000630243796421	 0.26257419633702167	 0.7556316286328442
 0.5688811512567327	 0.32405783832154145	 0.755884087123935
 0.5351448599167647	 0.3841969667843904	 0.7523381351615378
 0.49891920362060477	 0.4430387459231499	 0.7448464928221279
 0.4602879169375917	 0.5021553673190281	 0.7321031488758567
 0.42019298168947716	 0.5555337584743641	 0.7175096524328114
 0.3708831099921768	 0.6155304069179637	 0.6953905642744493
 0.3323318891514184	 0.6179542380859575	 0.7125223330427287
 0.26877980111018257	 0.6457744838796796	 0.7146556754725342
 0.19249187727586745	 0.6380980959667077	 0.7455049946891535
 0.1250651646517526	 0.6545762142828051	 0.745579428555953
 0.06038820949065245	 0.666384845595195	 0.7431584633949757
-0.005110672310444603	 0.6763152825448462	 0.7365945422176438
-0.07214788734181446	 0.6833223161954689	 0.7265433879276395
-0.10975314189529849	 0.6706307136192606	 0.7336270808759937
-0.18430064441601648	 0.6417770617127293	 0.7444161977867064
-0.25018021095718107	 0.640764883824511	 0.7258307142183922
-0.315222589405592	 0.637067159154459	 0.7034061087702471
-0.358531104129645	 0.5866138225313261	 0.7261815686085427
-0.4005108718216181	 0.5332352094310513	 0.745151832162889
-0.440552807327379	 0.477107125117297	 0.7604485617832896
-0.47873767814301055	 0.4186329696855413	 0.7717231836730734
-0.5154604261961121	 0.3583242767540556	 0.7783985237103199
-0.5511157869481145	 0.29714584059294147	 0.7797279902599848
-0.5848846418237683	 0.23570124044461094	 0.776115249825407
-0.6159893634338317	 0.1740681000869013	 0.768282110079702
-0.644081077238556	 0.11231535177194359	 0.7566669199189071
-0.6689594757403581	 0.05049477390138492	 0.7415817538382623
-0.6904892933947112	-0.011404731660113635	 0.7232526998242268
-0.6583927505100652	-0.06811558165029973	 0.749586054841092
-0.6241339752113932	-0.125355582371003	 0.7711956683976193
-0.5876302507668972	-0.18244980058632965	 0.7882910367685542
-0.5699718053831205	-0.26249659928686375	 0.7786062396559238
-0.5591758979354732	-0.30149101403800005	 0.7722858820555998
-0.5115700744536573	-0.3536384822414728	 0.7830937892752228
-0.4755082773327135	-0.3996570486752874	 0.7836875152969035
-0.4263292777776927	-0.4445273032162996	 0.7878063363573533
-0.37338061739125067	-0.4866833096524121	 0.7897634270224869
-0.31788768636992876	-0.5267679404007211	 0.788329217916193
-0.2602597669949911	-0.5640561621941347	 0.7836488368998815
-0.20069863719617384	-0.5983255078208497	 0.7757104122792997
-0.13943414989879058	-0.6292875059326231	 0.7645621967630236
-0.09880061565048423	-0.6306981637684465	 0.7697131053621182
-0.016552865486691184	-0.630725090995822	 0.7758297894722088
 0.024776191163874736	-0.6293263417830302	 0.7767460948658833
 0.10712625644579829	-0.623774915707786	 0.774227886163792
 0.14785389935385673	-0.6196715177797978	 0.770808948117717
 0.207023432643563	-0.5848619284780319	 0.7842689736011709
 0.2653127498672486	-0.546871472387834	 0.7940659528315275
 0.32252257797091644	-0.5057158064681871	 0.8001441806244831
 0.3784860982850858	-0.46155622209354286	 0.8023179714126245
 0.433075050830925	-0.41477350167655014	 0.8002555483436306
 0.4859729108428762	-0.36593491803256833	 0.7936762348032098
 0.5362745678115716	-0.3151741039074879	 0.7829909783290125
 0.5832775790757679	-0.262725166134816	 0.7686109242178027
 0.5955071649157255	-0.22383273286199454	 0.7715375066926858
 0.616617315663354	-0.14488651097762972	 0.773815859853524
 0.6549312216621116	-0.0904575063370766	 0.7502549796165646
 0.6898360279954919	-0.03596178603008153	 0.7230719220277673
 0.6726168025802127	 0.029879034718697465	 0.7393875033911853
 0.6520533194796554	 0.09564966598001452	 0.752115423291847
 0.6280693290986272	 0.16061794226042828	 0.7614005479835342
 0.6009265659378481	 0.22433547727090095	 0.7671771998617936
 0.5709703699732008	 0.2866202852491246	 0.7693124519311882
 0.5384644342251996	 0.34748487614379586	 0.767665496115246
 0.5035975667311849	 0.4069641895047315	 0.7620824359891696
 0.4664789273708747	 0.4657607638130888	 0.7519736173637788
 0.42843654631896144	 0.5221461851635097	 0.7374316830035678
 0.39287745531032026	 0.5815528974917491	 0.7123507089403636
 0.32510533326856556	 0.5863169105446041	 0.7419831552601216
 0.25831449340704765	 0.6194565030666235	 0.7413145508516144
 0.22223790769868199	 0.6144216881184976	 0.757031242123684
 0.15265701042439236	 0.6326491023285142	 0.7592436700369731
 0.08851600893091915	 0.6452929514317872	 0.7587897752311865
 0.024379156780165008	 0.656240109934072	 0.7541581895255169
-0.04239287201912126	 0.6652988057411945	 0.7453726205605562
-0.11773002136700678	 0.6399726705473721	 0.7593251102270945
-0.15486005803003983	 0.6254106550972298	 0.7647743947843616
-0.2210552641244369	 0.6258330368628109	 0.7479756548003065
-0.2866040239557556	 0.6235513863105215	 0.7273525981823364
-0.33023912002736744	 0.5729163392916193	 0.7501393149117306
-0.37263245828616237	 0.5191682740082256	 0.7691614617848007
-0.4129209411505839	 0.46261418180583075	 0.7845281480937685
-0.4512862869499293	 0.403857260436762	 0.7957637843000016
-0.4880940634405595	 0.34343396683979566	 0.8023822627992004
-0.5236100192148525	 0.28213171752456967	 0.8038869583122109
-0.5572030370729248	 0.2204473718858013	 0.8005796223395597
-0.5882058475165282	 0.15848042831309675	 0.7930307905680968
-0.616270483157457	 0.09631528222822038	 0.7816227082155258
-0.6411898810092117	 0.03403890312795133	 0.7666269559343964
-0.6628496779083018	-0.028311603168323613	 0.7482170524806956
-0.6296791303512049	-0.08525477874096876	 0.7721630757178036
-0.594333602353045	-0.14237887047056516	 0.7915148933264483
-0.5567567148423184	-0.1990963881941781	 0.8064630113563934
-0.5481103219147041	-0.23920780133086486	 0.801470338061873
-0.5253733310935246	-0.3173951100040601	 0.7894575397836191
-0.47435792865986776	-0.367021304294039	 0.8001749294446949
-0.4433648232877844	-0.4083315773783495	 0.797930420767814
-0.39139294038794387	-0.45186257214836284	 0.8016431762984981
-0.336920424965759	-0.4935881121215787	 0.8017826406284612
-0.2801844922089013	-0.5324967001607289	 0.7987139128897
-0.22148036146336733	-0.5684983255938506	 0.7923106103562191
-0.16088952155933628	-0.6012807302973902	 0.7826723741294598
-0.0797435348585819	-0.6043794934954592	 0.7926956518679982
-0.0386413584224499	-0.6044759454725956	 0.7956856645461695
 0.043963585174962856	-0.6017293397808321	 0.7974891879050698
 0.08520168538448182	-0.5989076618332232	 0.796272745612397
 0.16685474281322432	-0.5904639419039092	 0.7896276515624499
 0.225807192668902	-0.5540564126106028	 0.8012693700523309
 0.2837517012400446	-0.5144981587277109	 0.8091826843854085
 0.3404989531947863	-0.4718711818543076	 0.8132638259560508
 0.39590515082243843	-0.4264191384869914	 0.8132809046598072
 0.4497958070118828	-0.37861432822841923	 0.8089097121772443
 0.5015580720234877	-0.32879610725282543	 0.8002078606483886
 0.5502414766365039	-0.2770112737585508	 0.7877176344347921
 0.5749001402461995	-0.19902165840456462	 0.7936499280103269
 0.5855302428330045	-0.15939463617028696	 0.7948255687181087
 0.6254451230061292	-0.10497296514235598	 0.7731746728243687
 0.6619705842097954	-0.0504070568615176	 0.7478329186786993
 0.6448723086355946	 0.015584717411710114	 0.764131416798312
 0.6242842413070816	 0.08150422395924566	 0.7769338759073664
 0.6001153762794836	 0.14659178677304377	 0.7863665705023455
 0.5727216063863514	 0.21040758391050335	 0.7922869494136464
 0.5425445161206657	 0.2728064169481535	 0.7944948753134302
 0.5099376696960018	 0.33374108199311586	 0.792830664905865
 0.4752183016368261	 0.39331052184410775	 0.7870669597919394
 0.4387946360480931	 0.45129431916786894	 0.7770409930384827
 0.4009091262513532	 0.5086275279140832	 0.7619513831842457
 0.3621447023423444	 0.5630575870931155	 0.7428441075907203
 0.2870523994712092	 0.5942650765379682	 0.7512988345293397
 0.20886573614854642	 0.5885114101102307	 0.7810438044266107
 0.14365055112887726	 0.6009569698661654	 0.78626664658349
 0.08070257344330449	 0.6123829949323112	 0.7864312825399058
 0.01768855350095258	 0.6248981511336522	 0.7805058717170468
-0.050173129562627	 0.6348404693052385	 0.7710124743492782
-0.08809257268499	 0.622197630390944	 0.7778880429558188
-0.16188728940696706	 0.5929209939790621	 0.7888201318598215
-0.2283161536240168	 0.5935954501470405	 0.7716969454125542
-0.2940503256477039	 0.591423377808805	 0.7508347315939128
-0.3375337178883347	 0.5392332912471326	 0.7715558611657768
-0.37898662285120654	 0.48381500216502094	 0.7888549824777039
-0.4183228989172485	 0.42594995431878485	 0.8022297605158356
-0.4558897812431387	 0.36620798545904554	 0.8112066436760185
-0.4920240768912782	 0.3052050979882261	 0.8153294769118083
-0.5265907900677488	 0.2436225663829003	 0.8144631268294679
-0.5588713998218677	 0.18167697866333796	 0.8091082955234777
-0.5884015012607343	 0.11944774836192033	 0.7996973857187364
-0.6149153079513059	 0.05702929669300853	 0.7865283360222004
-0.6382567188828765	-0.0054948661201772815	 0.7698039797553572
-0.6051556499548423	-0.062263074736097865	 0.7936686644010456
-0.5697492492285088	-0.11931214270474459	 0.8131115579099545
-0.5320899553704357	-0.17590999321537074	 0.8282125051463882
-0.5157830882506331	-0.2553649029841725	 0.8177753800393627
-0.5037814790313551	-0.29454680066949823	 0.8120630539559989
-0.45311752602498	-0.3427544321510748	 0.8229239982220692
-0.39870351889292577	-0.3857801006960051	 0.8319911164966718
-0.37514726701374257	-0.4230992330728525	 0.8247736459328
-0.3192866623341416	-0.4658457656733289	 0.8252537487704942
-0.26197209645989816	-0.5052450300147214	 0.8222518350978787
-0.20296641364600565	-0.5416734816047012	 0.8157171533429465
-0.14208666158047759	-0.5747721716359016	 0.8058835718103856
-0.10157888775109884	-0.576484158955547	 0.810769846526476
-0.01951405002052087	-0.576877496650302	 0.8165975481902191
 0.02178910784557045	-0.5755495550410918	 0.8174765712063529
 0.104291231893652	-0.5698743838666103	 0.8150868208741668
 0.14521622711197812	-0.565557217285367	 0.8118234299155174
 0.20448458305684425	-0.5291530930665305	 0.8235187061568137
 0.2627117641397945	-0.48966418929234223	 0.8313913102187382
 0.3196976138168246	-0.4471790514439056	 0.8353588041491855
 0.37529540466637756	-0.4019183860883493	 0.8352334824229908
 0.4293101694741369	-0.35426714000085163	 0.8307752836367395
 0.4811343000074588	-0.3044437206510828	 0.8220850359375593
 0.5297710343676479	-0.25246077478425416	 0.8096951329607747
 0.5422176286527957	-0.21337206611086926	 0.8126945333775282
 0.56360443188023	-0.133899090221087	 0.8151202843770536
 0.6032580180996342	-0.07931192351656907	 0.7935927056031975
 0.6395715598982857	-0.024645759212538625	 0.768336388779102
 0.6208050571670675	 0.041488242588675624	 0.7828664041346374
 0.5983534567959512	 0.10713999399843342	 0.7940366253683462
 0.5723915676347321	 0.17167052371620733	 0.8018086583391685
 0.5434267585215838	 0.23482733535508382	 0.8059426038451841
 0.5118966361096793	 0.29652840839709604	 0.8062460771706611
 0.47816259213909745	 0.3567799808345677	 0.8025388344214285
 0.4426267217414052	 0.4154370815407081	 0.7946657262531184
 0.4057296797608842	 0.4728947319605568	 0.7821470446438339
 0.36726212686136295	 0.5283537457654025	 0.7654807963031711
 0.30030600944367597	 0.5656288364531287	 0.7680366658335362
 0.23645168363495866	 0.5655581305513568	 0.7900851867194121
 0.17273209276899157	 0.5786483263350984	 0.7970757420454054
 0.10808265344777333	 0.5897558598751287	 0.8003162910791184
 0.04641377023757531	 0.6002982746061016	 0.7984282957393676
-0.019880806921523213	 0.6152441780021858	 0.7880858804410622
-0.09550334732564462	 0.5897235710912012	 0.8019384143118713
-0.13186518695748484	 0.5748698891262807	 0.8075494926285357
-0.19856482609079396	 0.5771514625890347	 0.7921289030649438
-0.2649464780365909	 0.5764524127831109	 0.7729851095412748
-0.3089264735498784	 0.5242718458701664	 0.7935385721991874
-0.35053054455438953	 0.4685693202890173	 0.8109075961034595
-0.38987351525768105	 0.41046664997504245	 0.8243274660951707
-0.42740478950517313	 0.3506164361228493	 0.8333026224779031
-0.46341635047429985	 0.2895841815343354	 0.8374880822544103
-0.49777692228724707	 0.22791493264239768	 0.8368231110078447
-0.5299037335043549	 0.16580408680974554	 0.8316916724455838
-0.5593631579646139	 0.10333154269181179	 0.8224569592366429
-0.5858843732000311	 0.04059448389838893	 0.8093772847794966
-0.6093189358662683	-0.022296123924149546	 0.7926117064822835
-0.5751027407789795	-0.07926113373352879	 0.8142324669452711
-0.5384397505632106	-0.13628391796844277	 0.831570399134432
-0.49946290742355404	-0.19252016802668592	 0.8446731847353669
-0.49258425402927597	-0.2312380376504479	 0.8389813601183235
-0.468129029783499	-0.3069188554529898	 0.8286471068201391
-0.4164359338277019	-0.35097880525785247	 0.838686467803565
-0.3394140728173468	-0.4305094643336321	 0.8363370661956281
-0.28200826771708665	-0.47188595350197743	 0.8353412379541294
-0.2235463425415038	-0.5100085562572709	 0.8306132103937975
-0.16341150971127327	-0.5450386163672355	 0.8223317974895364
-0.08263375913638402	-0.5488292026691216	 0.8318402299411627
-0.04164672679281691	-0.5491518437957359	 0.8346842532378266
 0.04088933162523324	-0.5466341999147977	 0.8363725928333322
 0.08217028556145162	-0.5437965053652043	 0.8351846531895452
 0.16408509659117332	-0.535028887878082	 0.8287461434073817
 0.22297503478651381	-0.49711238125640345	 0.8385472045529347
 0.2807015788326782	-0.4561729254560285	 0.8444601149383733
 0.33709602460958393	-0.4123611365720743	 0.8463595945207937
 0.3920018446179864	-0.36595753831364664	 0.8440436208914276
 0.4450828269564468	-0.31729121356141743	 0.8373933143661829
 0.4954154327608782	-0.26631348262316257	 0.8268256635805846
 0.5205541122407227	-0.18808963239916027	 0.8328539526310853
 0.5313153298532111	-0.14824354032990503	 0.8341030350103213
 0.5724915366754526	-0.09372656637374091	 0.8145359238184451
 0.6103176931630748	-0.03903230487851754	 0.7911945352364194
 0.5916649444633599	 0.02725684335928276	 0.805723065316649
 0.569113500645224	 0.0930422035310316	 0.8169779505870576
 0.5428964034581523	 0.15765152633113078	 0.8248693783610033
 0.5136583991348528	 0.22085862151197097	 0.8290817319794547
 0.48191073029573356	 0.2825994872416496	 0.8293971170896302
 0.44805927179595917	 0.342780548425432	 0.825678136187967
 0.4125315225428626	 0.40140237488606084	 0.8177370459654486
 0.37595703448269124	 0.4582766935473319	 0.8053811398178538
 0.33873443973911127	 0.5140654664572194	 0.7880327883602
 0.30534037887583537	 0.5324061750501788	 0.7895004229235092
 0.23858138665735293	 0.5341715145338624	 0.8110115381431108
 0.16850524371456993	 0.5447737272262754	 0.8214788913689051
 0.1026905933349803	 0.5553469219768947	 0.8252541658733379
 0.03936223473126594	 0.5638427153580369	 0.8249436385685003
-0.02804928886163991	 0.5840944447236076	 0.8112009104022118
-0.06550412703273302	 0.5707217401857466	 0.8185266670188779
-0.13756507154229175	 0.5409883718549511	 0.8297032195967987
-0.20514755629191084	 0.5438036014779429	 0.8137518805920364
-0.2725763075606845	 0.5431226017809225	 0.7941788186493673
-0.3156449799129053	 0.4889789620040273	 0.8131837562158052
-0.3560296537609652	 0.4318507887314141	 0.8287024688722142
-0.3943685012837374	 0.37274713253246844	 0.8399601540454411
-0.4310449657319978	 0.3122234368571123	 0.8465912608775462
-0.4661912840652655	 0.25082648032505006	 0.8483818500117306
-0.49940754895041545	 0.18888814372594195	 0.845525498853291
-0.5301893116721395	 0.12650912890908733	 0.8383881762592357
-0.5581942938031557	 0.06377615790519062	 0.8272555421684695
-0.5832060319530501	 8.041067859955215E-4	 0.8123238748835679
-0.549121681423845	-0.056150266719318706	 0.8338540199205128
-0.5124604888381259	-0.11353147761790311	 0.851172632883415
-0.4725130199177886	-0.17143496294939622	 0.8644891552163687
-0.45834057517448745	-0.24558543645578257	 0.8541731150940908
-0.4460515412049084	-0.2799888046748989	 0.8500848733188042
-0.3800814572904084	-0.3574736402819206	 0.8530830453874886
-0.3240035137853589	-0.40175214477008003	 0.8565144115701625
-0.2646235100225085	-0.4433426126856508	 0.8564004470575833
-0.20531988410449972	-0.4818013992090835	 0.8518868216561895
-0.144771637423592	-0.5172126856955633	 0.8435236871323026
-0.10447901068915161	-0.519343053132389	 0.8481550150111387
-0.0226512949583424	-0.5203080958466755	 0.8536781619750602
 0.01861495913148632	-0.519136278008192	 0.8544887407990432
 0.10111687925951553	-0.5134900456622156	 0.8521169812500116
 0.14209574245667395	-0.509053256380859	 0.8489249567209872
 0.20112192727355452	-0.4712500526406789	 0.8587626903026985
 0.2589719616206669	-0.4304785963754889	 0.8646512020213313
 0.3154780655462937	-0.38689889566603813	 0.8664772557266397
 0.37047262752017435	-0.34074704550866136	 0.8640841875855712
 0.42362596086189563	-0.29226160104624493	 0.857393842897021
 0.4739441910646015	-0.24124763965478221	 0.8468627280245111
 0.4866676053370057	-0.20213252904696397	 0.8498806284512097
 0.5083147070630394	-0.12234504051337719	 0.8524364197083539
 0.5490822340943917	-0.06772707091594063	 0.8330196540700939
 0.5865325141556794	-0.013031162935234097	 0.8098208435393432
 0.5659743522812377	 0.053195758426890394	 0.8227048339746288
 0.5414101391968984	 0.11848910524847917	 0.8323673426511939
 0.5134617339633492	 0.18242692661623375	 0.8384971462090413
 0.4827814132047236	 0.24491104562073415	 0.8407976491386076
 0.4498309171672253	 0.3058642064286257	 0.8391062109091316
 0.4150154177003635	 0.3652405679440668	 0.8332835835409745
 0.3788576526580795	 0.4228987359215383	 0.8231789223360708
 0.34209428866361846	 0.4790456549136922	 0.8083852782999235
 0.2736495220548329	 0.5186102499883384	 0.8100366335457889
 0.20373887477184227	 0.5226427645217998	 0.8278496310319371
 0.13433603091509239	 0.5331601283107996	 0.8352808559865307
 0.06827019188937086	 0.5418769093215456	 0.8376804856528044
 0.0033494731063954683	 0.5636908871496489	 0.825979034100958
-0.07042101956204441	 0.5363861555893078	 0.8410295904996241
-0.10595563929842368	 0.5212451818686115	 0.8468039105245209
-0.1741312270643478	 0.5260136754837457	 0.8324589653341151
-0.2431873957361719	 0.5271274653404219	 0.8142459860747493
-0.28654790975447	 0.47287223376216453	 0.8332359485476639
-0.3267866262325174	 0.41554514531170217	 0.8488419953816171
-0.3649284623554788	 0.35638020393852726	 0.8601281111576342
-0.4013963543899013	 0.2959085292604445	 0.8667866571385474
-0.4363116637183581	 0.23456426962925725	 0.868683910013655
-0.46934681712565574	 0.17259743999862578	 0.8659813444641501
-0.5000361345038203	 0.11010654811870531	 0.858976374676196
-0.5280278190635377	 0.04718881556338265	 0.8479149945488221
-0.5530778909947665	-0.016013153851006007	 0.8329756451400757
-0.5178752945909565	-0.07327318082785728	 0.8523122785832069
-0.47987247449207143	-0.1313019154965954	 0.8674573276027943
-0.4380798915551367	-0.19400650390344848	 0.8777513799808014
-0.4278646485963569	-0.23860881442267778	 0.8717784558942255
-0.3975757853694704	-0.320811830194475	 0.859658807024694
-0.34305140311042853	-0.3658355927728834	 0.8651474174292376
-0.28557451645522375	-0.40866756957697653	 0.8668552434676811
-0.22602962300286417	-0.44846569972486916	 0.8647480128311754
-0.16606308599948247	-0.48571843493018757	 0.8581961625626731
-0.08573350693047496	-0.4904973250147238	 0.8672151635798367
-0.04484280552958176	-0.4911811205009644	 0.8699024253648527
 0.03760166456638336	-0.489030907351048	 0.871455613601317
 0.07881692619329961	-0.48621717244929274	 0.870276251175944
 0.16066523085978163	-0.47728952507102745	 0.863933673872159
 0.21914814809309044	-0.4380772621162844	 0.8718155777479943
 0.2763619120839926	-0.395999699824015	 0.8756759282340526
 0.3321601752430661	-0.3512467718034879	 0.8753829580704231
 0.3863314706409808	-0.3040665252959136	 0.8707993701116501
 0.4382581419174486	-0.25442976998358113	 0.8620877526036244
 0.46404052021358816	-0.17641463719604278	 0.8680692779858595
 0.47493912384963566	-0.13646770043488812	 0.8693729897891664
 0.5171790911746694	-0.08199051697053458	 0.8519409268127971
 0.5560255251335803	-0.027304921152052623	 0.8307165922748904
 0.5355319949962037	 0.0390802843994659	 0.8436102261747678
 0.5107495410091515	 0.10444753259796462	 0.8533613650108249
 0.48249323823718115	 0.1683873786047171	 0.8595614962188748
 0.4515318098204558	 0.23083175774325154	 0.8618791819840089
 0.4183577568253682	 0.2917327871031246	 0.8601562464070638
 0.3833821611049579	 0.3509973898798116	 0.8542944169570886
 0.34710154265389787	 0.40859867977290293	 0.8441372151345569
 0.3102133442583777	 0.4641135769467751	 0.8296784128430142
 0.27534030096973994	 0.4843161588212836	 0.830436979527339
 0.20523900426124736	 0.48946356092257365	 0.8475272111612973
 0.13483433790139943	 0.498789062092357	 0.8561712287035335
 0.06672431917265126	 0.5057865709809471	 0.8600743048401585
-3.505914639091299E-4	 0.5334259451578219	 0.8458466989461565
-0.03683891208767511	 0.5177899344004072	 0.8547142671032343
-0.10788833222918773	 0.48704918120986096	 0.8666851809345817
-0.18364455865982726	 0.4932797609409098	 0.8502645197353091
-0.25067783752874384	 0.4922905023776987	 0.8335530475264463
-0.29222184209894436	 0.43612409003966746	 0.8511181898463761
-0.33118811782284174	 0.3777588842390497	 0.8646459714770155
-0.36831081883469585	 0.3179250872048616	 0.8736536954967324
-0.4038834709755645	 0.2570372532255839	 0.8779578533887474
-0.43781881229225433	 0.19539505272291383	 0.8775736213984612
-0.46967552138571433	 0.13313835067643898	 0.872742278218613
-0.49903604254112427	 0.07036203456005978	 0.8637199849126235
-0.5255901358332393	 0.0071933931019550704	 0.8507075080252188
-0.4907030910556304	-0.050151301933093875	 0.8698823617839745
-0.4535890429811717	-0.10856795977810522	 0.8845733311586126
-0.4151570880655952	-0.16822207188742572	 0.8940614781763039
-0.3942673730987438	-0.2532906678532863	 0.8834008580979829
-0.3782969872794415	-0.29275237775646906	 0.8781727818221378
-0.32363009534552506	-0.33743829165480693	 0.8839677373703928
-0.2664456088614351	-0.38013605689910474	 0.8857219178521325
-0.20755609625413418	-0.4192920945325754	 0.8838068829615611
-0.14761440612446763	-0.45674217550334467	 0.8772665343104071
-0.10758163260104438	-0.45944732861361176	 0.881665664839405
-0.025918301318533104	-0.4612760585060364	 0.886878029666931
 0.01528161322256432	-0.4602868253852069	 0.8876387275655135
 0.09750344193408038	-0.4546919653695319	 0.8852955977747773
 0.1383358525434697	-0.4502082705764287	 0.8821426783721851
 0.19675807441007453	-0.4112232609916031	 0.8900458919482027
 0.2539124731510993	-0.3694504597925315	 0.8938874726370091
 0.3096785017736065	-0.3250603680517301	 0.8935518914205981
 0.3638579148258899	-0.27824315416315376	 0.8889252865004432
 0.4158280108715657	-0.2288305169317336	 0.8801838784568558
 0.42896160220128804	-0.19000124255948528	 0.8831146424234828
 0.45092713820058933	-0.11020018284310927	 0.8857316951174166
 0.492554046294896	-0.055685098141543876	 0.8684985211982185
 0.5307999683964679	-0.0011198738142716687	 0.8474963949380251
 0.5080718783895515	 0.0649145311117216	 0.8588649894135039
 0.4812790169113566	 0.12958310645282042	 0.8669364027440972
 0.4514371469756305	 0.19274951875330643	 0.8712359756982443
 0.41918535899074466	 0.2543854076806075	 0.8715341067146896
 0.38495657796660077	 0.31442197812046896	 0.8677253325534847
 0.3491735024122919	 0.3728103372732391	 0.8597036219740771
 0.3123881139832932	 0.42930717058478945	 0.8474131339119331
 0.24158670943125893	 0.4687685574315712	 0.8496422196370071
 0.17068283119455835	 0.47714249676230386	 0.862091879627018
 0.10098272091162828	 0.4850280988592654	 0.8686485096943706
 0.034363257523805306	 0.4889626278635873	 0.8716276240947666
-0.03626040368104653	 0.48421823842721096	 0.8741955620450932
-0.07148820186594843	 0.4680883578764928	 0.8807852895084376
-0.15408024135931195	 0.47565055563349934	 0.8660345421218485
-0.22113699125129824	 0.47529767575105153	 0.8515812060666743
-0.2623727630867109	 0.4188959227613269	 0.8693024439653793
-0.30089053357620815	 0.36055164849302707	 0.8828745072620374
-0.33762008790328735	 0.3009191890039584	 0.8918858211303602
-0.3729392976717429	 0.2402179177389536	 0.896220749731487
-0.40670611531781115	 0.17866493383878582	 0.8959179522587309
-0.4384763975929266	 0.11640618401697678	 0.8911722892216384
-0.46782697422223707	 0.05354073502869031	 0.8821968668515289
-0.4944032512480521	-0.00978278235251	 0.8691776126458844
-0.45864323417141106	-0.06754914834582738	 0.8860493757723334
-0.4212610333524055	-0.1259931104058998	 0.8981452432146543
-0.38282916595641925	-0.18504922821295833	 0.905095913608553
-0.37217334803836283	-0.22620911913165948	 0.9001757791851513
-0.34018009102336605	-0.3001934968580673	 0.8911573206316942
-0.2856788602703679	-0.3453233890969639	 0.8939459411716185
-0.22745658160981191	-0.3854718145089052	 0.8942454829081281
-0.16849152129493614	-0.42352222471533907	 0.8900783855503336
-0.08885209802468122	-0.42967230538955564	 0.8986028125138698
-0.04804264532854637	-0.43085001939236645	 0.9011438092887466
 0.03409285245767738	-0.4290062873323861	 0.9026578991182547
 0.0750767663142522	-0.42620590356466115	 0.9015054114792802
 0.15643275558295555	-0.4172780375449484	 0.8952138472808382
 0.21415057515546904	-0.37703628055126553	 0.9011010899497621
 0.2705568566868443	-0.33414864846847503	 0.902853071117569
 0.32549706008780727	-0.28873801647809477	 0.9003788212272044
 0.37873149930311356	-0.2409067705042428	 0.8936030323140313
 0.40544485074890707	-0.16388905798574968	 0.8993079837707103
 0.4165543284946357	-0.12403531534801109	 0.9006096446068644
 0.45965907981241994	-0.06974863600442101	 0.8853522791078827
 0.49917238119349366	-0.015227805338429195	 0.8663688866748346
 0.47636371891502266	 0.05091514108315792	 0.8777728952923596
 0.44923599426602534	 0.11554435876564924	 0.8859099969033257
 0.41906247640973865	 0.17860020854430822	 0.8902182914169237
 0.38654429797985995	 0.24008561243637502	 0.8904731351367697
 0.35211937518048153	 0.29997229568427236	 0.8865825215085253
 0.3161743669933483	 0.35818421994543853	 0.8784861036114535
 0.27916868971634246	 0.41479898206508936	 0.8660292415154505
 0.24341504629504593	 0.4346974758083486	 0.8670566416117409
 0.17262220947636106	 0.44244132092345534	 0.8800268463717499
 0.10287667902335039	 0.4490739834623276	 0.8875522217258003
 0.03512605845541553	 0.45177382066789284	 0.8914407299290972
 3.163878017007715E-4	 0.4677384909965368	 0.8838668474035225
-0.09490601208358575	 0.4422546363586733	 0.8918540718579738
-0.1615499648220199	 0.4390744974728125	 0.8838072157065711
-0.22724922068903816	 0.43857800410966974	 0.8694867026052806
-0.2666069178991073	 0.3810637339434755	 0.885274636483727
-0.3038644413655327	 0.32219232440200934	 0.8965815676055598
-0.33973092650881526	 0.2621281154879227	 0.9032561921427456
-0.3742412572981358	 0.20105529215970278	 0.90527357789261
-0.40702260406672647	 0.13916558698529913	 0.9027544179774354
-0.4376200377101973	 0.07658585386578708	 0.8958924654121018
-0.4656471227825214	 0.013412322440944657	 0.8848688414963541
-0.4302784135650665	-0.044115979469488	 0.9016175836658119
-0.3933805123329233	-0.10216905704061195	 0.9136811568047789
-0.3555198835358376	-0.15934722213434108	 0.9209853827334793
-0.3353934052515795	-0.23876664959461796	 0.9113186878118493
-0.31733627471919296	-0.2711070938871711	 0.9087346325475869
-0.26528051949832854	-0.31645512415184035	 0.9107592439128687
-0.20760720316915032	-0.355322647700491	 0.9113973146895904
-0.1498398958965594	-0.39315105048184223	 0.9071825930333607
-0.1103611972264703	-0.39703568147332174	 0.9111438271665759
-0.0290822752537908	-0.39995341984648286	 0.9160739507371476
 0.011786960913925728	-0.3990252079695405	 0.916864194391557
 0.09329755799963364	-0.39341354646422505	 0.9146154094097398
 0.1337890545006996	-0.38900334592136654	 0.911469629640939
 0.19121456030557218	-0.3491024903080738	 0.9173682157061297
 0.2473340038692062	-0.306727282958013	 0.9190997031983107
 0.3020567600116682	-0.2618893889544066	 0.9166109652869866
 0.35528748010825184	-0.21461820728503958	 0.9097855964896808
 0.36899675117369385	-0.1766157319595856	 0.912495633330724
 0.39158061260936866	-0.09745077041795328	 0.9149688361760848
 0.43375021214123444	-0.04319315028034061	 0.8999972806827219
 0.4723270664840844	 0.011019241961902845	 0.8813544795217896
 0.44702307640876743	 0.07643629442480594	 0.8912507290614946
 0.4180716988587844	 0.1402060937079348	 0.8975290000331418
 0.3865084033781325	 0.20237819724764908	 0.8998079347265607
 0.3528809166608778	 0.2629570825294328	 0.8979580343224218
 0.31757214379312515	 0.3219178751596342	 0.89191749345965
 0.28095305040520374	 0.37933102753483666	 0.8815743615925864
 0.20899499850571523	 0.42093472117865477	 0.8826862699203178
 0.13855876229469408	 0.42827132202889917	 0.8929642457114293
 0.06968598662069486	 0.4324792454840392	 0.8989469202874311
 0.0016674340111797444	 0.43223223774180747	 0.9017607844215272
-0.06256362313735078	 0.42743273018505906	 0.9018797337929678
-0.12991749048825013	 0.4211023517655898	 0.8976604341301476
-0.19698513498219283	 0.4203184919201935	 0.8857365420631474
-0.235260056804052	 0.3631619703663374	 0.9015354063774722
-0.2720121117811049	 0.30466080680486396	 0.9127930783268424
-0.30769022249429273	 0.24484596468394415	 0.9194439518314325
-0.34210124837500566	 0.183922760289361	 0.9214874682315571
-0.3748275433039031	 0.12210316992077104	 0.9190185681889458
-0.40542669467627873	 0.05953300226174646	 0.912186941852146
-0.43352584808397726	-0.003675904034366639	 0.9011336342477727
-0.39744278391388843	-0.06139338090690198	 0.9155709073007935
-0.36010066997593004	-0.119072692652029	 0.9252833086938735
-0.32057955015659567	-0.1745535890214453	 0.9309993536953327
-0.3127460063948641	-0.2136129422608533	 0.9255049683187688
-0.2811568004929083	-0.2795146145685556	 0.918053611604019
-0.22542665497865388	-0.32034589652222334	 0.920087675064995
-0.16934498029072215	-0.35737212966412496	 0.9184810496627913
-0.0914281953243815	-0.3665453882760678	 0.9258970587669417
-0.05094430212845246	-0.3682315230162882	 0.9283373436083189
 0.030242162257420303	-0.3665560043897002	 0.9299043538277763
 0.070685673571874	-0.3636653695919886	 0.9288439236552141
 0.15120938856213548	-0.35493683226664235	 0.9225809264835181
 0.20774506134884113	-0.3139952228447166	 0.9264172869262873
 0.26298514419271396	-0.27073312888101175	 0.9260358453430597
 0.31692698663841073	-0.22514419192790053	 0.9213399904386161
 0.34457268663121565	-0.1500751562915317	 0.9266860909131088
 0.3562193267139733	-0.11087875010818232	 0.92780046025527
 0.4000164345474524	-0.05701050072822221	 0.914733105828504
 0.4396666426933935	-0.002893149753633356	 0.8981563744622776
 0.4140306782273111	 0.06246890681360071	 0.9081168609645712
 0.3846879715171249	 0.12602021561318869	 0.914403668970573
 0.35282463642342604	 0.18789012193172971	 0.9166308297308994
 0.31901789566240857	 0.24814915970230048	 0.9146855070384414
 0.28361872608048305	 0.3069486268484615	 0.9084838791592992
 0.2468725387385135	 0.36434164706227246	 0.8979471665041056
 0.2108352481368213	 0.3855737508389175	 0.8982657629048841
 0.14056911367968397	 0.3919806417383425	 0.9091707764670537
 0.07155170063196503	 0.39528331946380807	 0.9157682302255012
 0.004703265507662846	 0.39394831790225876	 0.9191205590756555
-0.06265264981180323	 0.38955329800844324	 0.9188704334574622
-0.13202373229559397	 0.38451191957719716	 0.9136302960244918
-0.20046473940740167	 0.38281934500025516	 0.9018110873946373
-0.23755839400527848	 0.32520650020050135	 0.9153178364180251
-0.27370195748547754	 0.26615640223969167	 0.9242553803010516
-0.3087641943264328	 0.2058386671915171	 0.9285984683332019
-0.34237207283124	 0.14449430532984459	 0.9283871818764443
-0.3740833772381188	 0.08231097843383506	 0.9237350971481966
-0.40350326298417033	 0.01941562553022292	 0.9147721848888923
-0.36759934434082303	-0.03815940144557235	 0.9292010450497312
-0.3301287536146645	-0.09563087435781291	 0.9390791989530961
-0.29025068716134617	-0.1537183271546159	 0.9445238030347106
-0.25671664358318724	-0.21725547523017422	 0.941751890568792
-0.2528966793591526	-0.2536146742877873	 0.9336610019461099
-0.20864195731532525	-0.2813705237236183	 0.9366424942458713
-0.14998670918847984	-0.32568232277396914	 0.9335068353790253
-0.1120718266804948	-0.3319349318837798	 0.9366211115813096
-0.03250976345971943	-0.33595028311103314	 0.9413185021858488
 0.007877351719614548	-0.33532860331557446	 0.9420682964245808
 0.08821110977314192	-0.32974781499917266	 0.9399389228114039
 0.12823442755802797	-0.32535603346875924	 0.9368561165271542
 0.1842499149272137	-0.28473938210623345	 0.9407313395051081
 0.23885713946242856	-0.2422646842168292	 0.940348387412424
 0.2924284149391412	-0.19778300985502137	 0.9356107647675235
 0.30627877665114145	-0.16082249846342425	 0.9382587249586662
 0.33032025785438673	-0.08406080670431404	 0.9401182415139233
 0.3724603432845829	-0.030413493816021955	 0.9275496278228101
 0.4107892494725914	 0.023095541131883147	 0.9114377589816931
 0.3828519656691813	 0.08740507300694063	 0.9196655509455031
 0.3519757411332399	 0.149906913069609	 0.923926942494723
 0.31898932608514413	 0.21073159315686588	 0.9240335521447882
 0.2843280746953797	 0.2700917897103859	 0.9198956305315616
 0.24822049716034866	 0.32821649438694195	 0.9114057919509926
 0.17646815431612528	 0.3709052306665937	 0.9117501304504547
 0.10680546092875866	 0.37547740278229547	 0.9206570010137637
 0.03889147068121694	 0.3761110288644682	 0.9257580393789531
-0.028751602439484235	 0.3730359841597319	 0.9273712848040649
-0.09788994736541166	 0.3682217352255075	 0.9245703390831405
-0.16754955346900482	 0.36492216495375007	 0.915837846268544
-0.20444458022858372	 0.3074947991490309	 0.9293273707964571
-0.24058080728354883	 0.24859394469948184	 0.9382547233164068
-0.2756576206408355	 0.18838451556465202	 0.9426155899825255
-0.30926112449654036	 0.12711004475891277	 0.942443947084665
-0.3409773493636825	 0.06499202379704304	 0.9378222027994869
-0.3704615893534838	 0.0021551809753937294	 0.9288452863683243
-0.33379080548384843	-0.05547524120146428	 0.9410133876773927
-0.29535380973897657	-0.11355436794752197	 0.9486155873654571
-0.25527228946854097	-0.1738493493130968	 0.9511111722469159
-0.22093907007554014	-0.23898574911845863	 0.9455536679810643
-0.17142808757320957	-0.2922528360948261	 0.940851045907652
-0.09328525727676377	-0.3002260671724288	 0.9492956174790782
-0.054838033825547514	-0.30252560672475515	 0.9515624242906857
 0.025013128304220294	-0.30126970332029424	 0.9532108419828946
 0.06512898659052081	-0.29887141851923704	 0.9520683222846934
 0.14485821679102792	-0.2902563357925702	 0.9459214325515595
 0.19987875454591061	-0.24890394649659014	 0.9476789060117347
 0.2532600527349716	-0.2059124168476453	 0.9452298251095557
 0.28057942450651	-0.13317227461690317	 0.9505473853611696
 0.2935092760186929	-0.09626117267788634	 0.9510973091780153
 0.3379536126915856	-0.0440090385642331	 0.9401332672517008
 0.37698894308046615	 0.009267598244663635	 0.9261713925715093
 0.3485571971919233	 0.07317404986508602	 0.9344267968717789
 0.31734922629317197	 0.13505808152078316	 0.9386419888259052
 0.2842614652958975	 0.19527415288550323	 0.9386497880267585
 0.24966891343696435	 0.25440945374742246	 0.9343132576963381
 0.21366353155682252	 0.31293839281741787	 0.9254282563135395
 0.17797665106093286	 0.3341913324171435	 0.9255487372442304
 0.10842997258997673	 0.33775768863510197	 0.9349666757762067
 0.039740091763449246	 0.33780153668044627	 0.9403780340495848
-0.029322383067340908	 0.3351607966677081	 0.9417045387106933
-0.09923177922521473	 0.3310314261976428	 0.9383875792343763
-0.16921370555576548	 0.3276083645816992	 0.9295372404095444
-0.2057967926098263	 0.2694171290503612	 0.9407773863809491
-0.241493066622831	 0.20985325906445162	 0.9474400817113076
-0.27590730577213624	 0.1490983806836302	 0.9495498046438009
-0.3086223844170476	 0.0873944957985961	 0.9471612460087487
-0.33926468151359623	 0.024951926654128587	 0.9403599721562617
-0.3027608467372751	-0.03294605325147799	 0.9524969434376571
-0.2646554525052753	-0.09162928060944578	 0.959979982288289
-0.2263800087607743	-0.15239690904836503	 0.9620432805991507
-0.1907520660645534	-0.2135412339573216	 0.9581303620552315
-0.14946346136471203	-0.26367360297727954	 0.9529621738609878
-0.12881525720341286	-0.29373720460959685	 0.9471668723829813
-0.03794824865220513	-0.2706543295176056	 0.9619283571751099
 0.0013194545614582513	-0.2684127676022642	 0.9633030910506585
 0.08140376191350901	-0.26390575340001216	 0.9611072681385263
 0.12137728076400983	-0.2597785684701086	 0.958009734333611
 0.17636636478504641	-0.21801515924458648	 0.9598772294997239
 0.22807788742227983	-0.17571484467879186	 0.9576558727583193
 0.24131902455366447	-0.14001267374639392	 0.9602924448202507
 0.2655101304671309	-0.06938454245180438	 0.9616081093086107
 0.3073006760621233	-0.0185680487115204	 0.9514313018073395
 0.34589907480752524	 0.03444205656592907	 0.937639362861227
 0.3157230973927161	 0.09688492947458953	 0.9438920680954224
 0.28345244567691297	 0.15741699510312393	 0.9459781185061735
 0.24965722012621785	 0.21685966627414774	 0.9437389244819325
 0.21444984538039003	 0.27581084050763366	 0.9369843350210288
 0.14366328808625023	 0.3176261468783877	 0.9372696999665763
 0.07438334143314557	 0.31909468259851587	 0.9447992919422583
 0.0051329734183351485	 0.31765624818848043	 0.94819204835872
-0.06472342439899433	 0.3143818492038943	 0.9470876048313629
-0.13501247859155546	 0.3103500266162424	 0.940985914668154
-0.17172403214590803	 0.2518824829447949	 0.9524001635705007
-0.20754320634914716	 0.19224580557709248	 0.9591492937683529
-0.24202161022639498	 0.13146596085043638	 0.9613231721544501
-0.274761988481031	 0.06975189288214062	 0.9589788960792143
-0.3053969181437653	 0.0073303543402381405	 0.9521969272653306
-0.2683014614598908	-0.05101322822950217	 0.9619833555338115
-0.2299241167046587	-0.11060433606693626	 0.9669030879052849
-0.19497398972954538	-0.1729451151133894	 0.965440381632838
-0.15396830763548588	-0.2277826125018053	 0.9614618253917921
-0.09115753651290855	-0.22376574218789475	 0.9703706488553734
-0.05803968012084685	-0.2388676194250655	 0.9693160763763654
 0.018704496232882666	-0.234635071600047	 0.9719035574561474
 0.057597613055565176	-0.2318509378749222	 0.9710446218258049
 0.13684728880513808	-0.22349493545926222	 0.9650506895343599
 0.19068815716953658	-0.17988854096160506	 0.9650275330507369
 0.218301247225603	-0.10405919172846329	 0.9703176026830417
 0.2708384906298293	-0.033404951045495686	 0.9620450203805455
 0.3107212669015921	 0.02004274915080233	 0.9502897360813426
 0.2802551337848354	 0.08104173983676573	 0.9564984560319344
 0.2481235561474811	 0.14067919877918938	 0.9584592134856721
 0.214474890705053	 0.20039066847490952	 0.9559519345894095
 0.17956637418141236	 0.25930258799800276	 0.9489563135997775
 0.14437877642809072	 0.279812228788973	 0.9491363893230915
 0.07453829241943068	 0.2808736011656941	 0.9568458930942905
 0.004538623245558485	 0.27949771146275554	 0.9601356311407868
-0.06579506824240862	 0.27645496909048556	 0.9587719536261768
-0.1362194759292427	 0.2726260779406271	 0.9524280949259496
-0.17260511908013587	 0.21344106885623887	 0.9615874286786609
-0.2078647905912354	 0.15314812794599633	 0.9660941360649586
-0.24154508524324017	 0.09183771344603378	 0.9660340605712823
-0.2732847457687371	 0.029710425516792652	 0.9614742525651573
-0.23662854033512742	-0.028709558736053842	 0.9711759341829101
-0.19923875016206613	-0.08827332286640188	 0.9759670798259447
-0.16266391019805437	-0.14933573591532837	 0.9753149697906347
-0.12429986981631494	-0.20740755528791227	 0.9703255373188623
-0.0529359196289439	-0.20219292069300968	 0.9779140101433604
-0.0048159706102953335	-0.20147442172772906	 0.979481936442198
 0.07349283972250066	-0.19729448306582084	 0.977585643031501
 0.11219293970729012	-0.1920974166526005	 0.9749417043060749
 0.16671261364409326	-0.14861017099912907	 0.974741976898279
 0.19429139535172896	-0.07559373610118687	 0.978026809834241
 0.23845646504494206	-0.018711666026352672	 0.9709729078778607
 0.2778070967173	 0.04264925911429462	 0.9596896673980119
 0.24662686885405874	 0.1020177772024221	 0.9637258742474024
 0.21376368806033824	 0.1622079987057013	 0.9633242708572922
 0.17953209037631282	 0.2213727731963129	 0.9585209042125713
 0.10946684121740484	 0.26159988641202925	 0.9589486483139216
 0.03933108160184804	 0.2612861823866526	 0.9644597435423823
-0.0310508579815834	 0.25902592266273	 0.9653711284305788
-0.10156899753085213	 0.255491767281824	 0.961461229375261
-0.1380369433501291	 0.19592746562455865	 0.9708543817094769
-0.17339533854638628	 0.13542622921135483	 0.9754966904156969
-0.20713156621102577	 0.0739884116412074	 0.9755112655534937
-0.2389064076672208	 0.011752551168391887	 0.9709714753362111
-0.20203352403195798	-0.04712706222099488	 0.9782440877274173
-0.16534107686113736	-0.10723986491973514	 0.9803886676591058
-0.1270381475610086	-0.16761237441728402	 0.9776335719514074
-0.06272044822413923	-0.1602680488237598	 0.9850788282674582
 0.008953845432955998	-0.16097130890012035	 0.9869184699674766
 0.04992561642276849	-0.1653721419422158	 0.9849667443595497
 0.12906032702374393	-0.1576636943496171	 0.9790227737251851
 0.17820235735096143	-0.10903079854088531	 0.9779346628502833
 0.2046506943532829	-0.0347765018813113	 0.9782170966700687
 0.24206385503622976	 0.022844256654738625	 0.9699913556433849
 0.21116536250171258	 0.08490872568283217	 0.973755461079648
 0.17811693779103202	 0.1447846675806312	 0.9732994177053184
 0.14410694186279405	 0.20349927124655842	 0.9684117078541922
 0.10914942009945477	 0.2232755128603517	 0.96862503036464
 0.03865418281133524	 0.22281431836562504	 0.9740942632427573
-0.031961931415784656	 0.220574125439768	 0.974846393093114
-0.10252198847239763	 0.2171359271347533	 0.9707426183221775
-0.1385510122859088	 0.15697538957584362	 0.9778355403962685
-0.17316744544596324	 0.09588013279387053	 0.9802142806413041
-0.20601439957089898	 0.03395321656862808	 0.977959736519907
-0.16972985055472462	-0.024739241996660853	 0.9851800585355459
-0.1333478038098195	-0.08459731849658451	 0.987452103609226
-0.09719565156029766	-0.14347541008913192	 0.9848694390717607
-0.02762002844541145	-0.13726073665023739	 0.9901497988703067
 0.0371821570284333	-0.132502584461317	 0.990485008624454
 0.1059099246922332	-0.128201364574492	 0.9860768215372085
 0.14545433382178366	-0.0785837404274346	 0.9862391355613986
 0.17227439468191924	-0.0110646967971629	 0.9849868554563381
 0.20942064447112732	 0.04567790061577591	 0.9767581702062355
 0.17689539592275272	 0.10614268008213364	 0.9784895249139433
 0.1433408743982071	 0.1650140403713812	 0.9758195326017357
 0.07356379105411104	 0.20400059631240838	 0.9762029119757475
 0.0029236381690789432	 0.20254084380096604	 0.9792694516486509
-0.06769884679890667	 0.19962640015619856	 0.9775306473470669
-0.10376614160157129	 0.13925494180254738	 0.9848048786641401
-0.13841483337772695	 0.07792471563098628	 0.987303941344734
-0.17135351506205748	 0.015821955351870746	 0.9850825542078799
-0.13523281925374478	-0.04326344688661389	 0.989868859374904
-0.09904192267307652	-0.10287237950874888	 0.9897514693535082
-0.03133280653242281	-0.0970794224722425	 0.9947833135750006
 0.03778130827552923	-0.09339804305846813	 0.9949117439742272
 0.10847277477999563	-0.09121518787057763	 0.9899057766440519
 0.13704675177344103	-0.03258066664010897	 0.9900286298838206
 0.1739131042655033	 0.028168254532839124	 0.9843580555881634
 0.14101660717205688	 0.08727230283162668	 0.9861530619838621
 0.10753691907180152	 0.14597991918187864	 0.9834254797554297
 0.07270767871516678	 0.16522440254525583	 0.9835723106408676
 0.002067367000947118	 0.16363639412661707	 0.9865185535563545
-0.06843535018859101	 0.16068126803728813	 0.9846309628213478
-0.10389213837669004	 0.09972866313977725	 0.9895759785543865
-0.13772213199624742	 0.03789340517643141	 0.9897457775623714
-0.10202715474622324	-0.020822431741248513	 0.9945636661525351
-0.06638108148146715	-0.0796578700059147	 0.9946095594591234
 0.0025953317394885786	-0.07591110864551506	 0.9971112113688078
 0.07266626552205661	-0.07594149721634562	 0.99446091067252
 0.1036514807672589	-0.012566271536462146	 0.9945342926990636
 0.1396700212854187	 0.04792096591373099	 0.9890378487095556
 0.10644020210037915	 0.10693418326729685	 0.9885522564972409
 0.03693895856529618	 0.14510132772765127	 0.9887270189651866
-0.03356242746423564	 0.1427016614388592	 0.9891965422934399
-0.06904444279461909	 0.08165290961123672	 0.9942663965312315
-0.10292038807131373	 0.019655069125641026	 0.9944953855986042
-0.0673765239549481	-0.03905933769846862	 0.9969627737073764
 0.001993787495067411	-0.035790398209428996	 0.9993573295910904
 0.07173171773233465	-0.035365449741154874	 0.9967967925488999
 0.10427383021485398	 0.027797930410707387	 0.9941600693033318
 0.07077189663268024	 0.08672677050760284	 0.9937151533132293
 0.036099232357300406	 0.10576945562944265	 0.9937352100429295
-0.03406855430150424	 0.10322734733705495	 0.9940741664330487
-0.06869264452972551	 0.04159402337918149	 0.9967704137897778
-0.03312805384097951	-0.016948272833320045	 0.99930740420387
 0.03647498651275875	-0.014665144819024116	 0.9992269556443778
 0.06997544018418986	 0.04684902929196057	 0.9964479947420388
 7.432261021518169E-4	 0.08478161697742076	 0.9963992799263031
-0.03374312090271831	 0.02319927417489134	 0.9991612459805989
 0.035319610564248476	 0.025903132030323486	 0.9990403159335511
 6.130295584914547E-4	 0.044758858597561686	 0.9989976320151134
-0.3814713514786506	-0.9046797454105584	 0.18982667421871743