-0.8516757813293645	-0.49277397587528754	-0.178387701922184
 0.3325293100962936	-0.9429535783545795	-0.016211323054484916
-0.4709068028768241	-0.6751402738316624	-0.5678313073922887
 0.7228672167295745	 0.646678284555734	 0.2434546842056884
 0.37792597831007646	-0.860920492030578	 0.34056990665676734
 0.9522349814370231	 0.009612479000643869	-0.30521490850725885
 0.37305307623474887	-0.3111349441916707	-0.8740860648784172
-0.6692999327044141	-0.08990328299295194	-0.7375330499638346
 0.43064992386863105	-0.49181267884352126	 0.7567436369079701
-0.24081094862301303	-0.8969262520792299	-0.3708549384252424
-0.4863068724453271	 0.7488316428449047	-0.4502852390281582
-0.4176300143916559	-0.9022365984727042	-0.10749089010529977
 0.03160919326887974	-0.1333029834953353	 0.9905711349984578
 0.17536244253744926	-0.9303497404960145	-0.3220207665761612
-0.6998809206603606	 0.7133453426838149	-0.036126430309632696
-0.5365255102418746	 0.5873087543168193	 0.6059775606097326
 0.09048839857616216	-0.24072789754806243	-0.9663653186374246
-0.9670091936620191	 0.21300265788289943	 0.13972504109125228
 0.10631206334656675	 0.3653290644192653	-0.9247877701816454
-0.8094186494707728	 0.3506567066802384	-0.4710428047949351
 0.19606211944435176	-0.9554831062230018	-0.22048056386319526
-0.9679067203581565	-0.17214129946906426	-0.18309547701300422
 0.4099545444413369	-0.6230009327810209	-0.666188493780757
 0.16669739175296217	 0.9367793647777287	-0.3076628045594634
-0.14627383725661902	 0.33991175190132356	 0.9290123602264919
 0.8215393041737937	-0.45360102978198685	 0.34542622581147486
 0.5342548846656834	-0.5383275256413649	 0.6517477988821312
 0.11000976342765725	-0.8111679278478299	-0.5743730884900937
-0.6112676511847325	-0.04820066385118926	 0.7899547801104851
 0.6094443248560162	 0.36896339243637755	 0.7017432792286893
-0.03793210870717607	 0.7882854007504888	 0.6141394646924005
 0.9512324438810739	 0.2954219070280609	 0.08878476533698532
-0.4129003370191937	-0.5730050293942521	-0.707939649954944
 0.21339121822665194	 0.9183978657919439	 0.3331809539762858
-0.6532724359511005	 0.08065282409890558	 0.7528148818875635
-0.7947928526014066	-0.5846848832295641	-0.16262813033589696
 0.07303096399816031	 0.9966426650865391	 0.03701184170910876
 0.9802714183386918	-0.13618354908918207	-0.14325497319717706
-0.049278371902246584	-0.2992052986810312	 0.9529154376458904
-0.5147572409848172	 0.5959406659006452	 0.6163438209145884
 0.018484590207305144	 0.9550550082742273	-0.2958517383676895
-0.441828530038779	-0.45741536701303764	 0.7717245182473471
 0.685922984373042	-0.46133187746129134	 0.5627455538223467
-0.9831954913229757	-0.16515134852661303	 0.07779240272683174
-0.9298469294792983	-0.0012210454357207455	-0.3679445566739161
-0.9450609464627517	 0.2993219637198603	 0.13140079720387776
-0.07978441665361613	-0.6864172017818296	-0.7228180074937571
-0.3213633578773308	-0.7175398025332306	 0.6179500173916812
-0.44086262789554637	 0.04643003339637078	 0.8963729108601202
 0.7527862908708662	-0.22346012127398351	 0.6191755603034572
 0.5056536761972542	 0.5839801680336739	-0.6350445048117213
-0.41546646002118226	-0.8803704719198291	 0.22876943145692485
 0.6379687194630024	 0.31176841806593625	 0.7041280895429471
-0.08370192541588908	 0.2085181718168843	 0.9744301717946839
-0.036324821035552526	-0.7230089697923681	-0.6898829878874488
 0.6464200295864538	-0.6730373128107956	 0.35939104178300196
 0.8413169245230518	-0.3341184743498887	 0.4249125528966826
 0.81006719590885	-0.5461127366706725	 0.21342918487976625
 0.2024905616400864	 0.8019691114561962	-0.5619992141603416
-0.1776856916348972	-0.8575090419028795	 0.4828105612380842
-0.6397030989299924	-0.7645296988421125	 0.07921038320670548
 0.8947264696705775	 0.17843769326415077	-0.40941975293504607
-0.5717791391516975	-0.5637871041889019	 0.5959972459510496
 0.7565533664155327	-0.4865281693943871	-0.4369408932007526
-0.5737487083550505	-0.5529582731152255	 0.6041933199352165
 0.6189744456988694	 0.2475988415955553	 0.745362629337101
-0.08032692000166052	 0.8374669480068921	-0.540552214794342
-0.46674771730489456	 0.06775596288064115	-0.8817911872347033
-0.3312613587786914	-0.9001905538461645	-0.2827063475520679
-0.10925222478622877	-0.16491817433558378	 0.9802376993123032
-0.7774318232845016	 0.3339734292458964	 0.5329742101661878
-0.3504119950747813	-0.14384179535046734	-0.9254841822624877
-0.516904856387064	-0.8009530135840683	-0.30213182466279154
 0.25426127308247015	-0.3897000723736973	-0.8851469135699546
 0.34788107269750246	 0.7346677705219388	-0.582444869678804
 0.2692567057036232	-0.9571044353168042	 0.10701367356807157
 0.5299656152743816	 0.8429334074873888	-0.09273466001741681
 0.9862218622331415	-0.09100483798437603	-0.1381468708180975
 0.856747283737656	 0.30800587035266946	 0.4136622724354291
-0.7362736967268857	 0.14081813434237897	 0.6618695464730626
 0.7631114714374944	-0.1331981428576875	-0.6323916009086183
 0.5456561128696288	 0.11273646895163109	-0.8303914107553887
-0.412189547847958	 0.9105784336646097	 0.03076837320694925
 0.7565083800013839	-0.11278679679146995	-0.6441849186818962
 0.045475499856687855	 0.6236330799557817	-0.7803933370407836
-0.8276974184811501	-0.20389645594534855	-0.5228223586387317
 0.477570962908168	 0.7400580323509333	 0.47353994988789516
 0.644671005448241	 0.7626871695540294	-0.05203437452316817
-0.6931532272616536	 0.36711861452988714	-0.6202922911034849
-0.42171262166468704	 0.8457855275405627	 0.3268108109160843
 0.6339280826620566	-0.7018032736556963	-0.3249728467096238
-0.7677537626233109	 0.2737154682127379	 0.5793392809389248
 0.9563772071190679	-0.1956930980960941	 0.2169028562759927
 0.38950145034500677	-0.8776521003235177	 0.2793123895870968
 0.30672364490898996	 0.09382349728398474	 0.9471630044565433
-0.47044350502142773	 0.7095532103350826	-0.5246114279029115
 0.7217216113682775	-0.393432641915599	 0.56949861453676
-0.6653939442795664	 0.47293011734137386	 0.5775707775048489
-0.15880340112950614	 0.9705559103507024	-0.18111516963805263
 0.9653866719892165	 0.17528444920009556	-0.19314226729073103
 0.9880977442510628	 0.13268279131219626	-0.07783395592905062
-0.4583099755540349	 0.7372309589936017	-0.4964297325997249
 0.4091018270318772	-0.9028628969589624	 0.1321903340416768
-0.4021975662004201	 0.14324835955374166	 0.9042770732621837
 0.348243150271703	 0.04297850488236661	-0.9364184729099039
 0.44307490959948886	 0.19865657324162722	 0.8741968830825804
-0.23776597211776787	 0.9707425532559801	-0.033559466636902124
-0.7649350614594974	 0.43107338328291855	-0.4785917780060296
 0.22185336496562447	 0.974042481578243	 0.0449703072518679
 0.7674898788895029	-0.1585293618474141	 0.6211503257943505
-0.6686462368641575	 0.5832546780822272	 0.46122249557301354
 0.5620613920930827	 0.5023685809769463	-0.6570485525176928
-0.6415688384676858	 0.10484589480068839	 0.7598662802432199
 0.7672993383343472	-0.6334877502326968	-0.09972459925609822
 0.4017096955364792	 0.20764153142303157	-0.8919160918720366
-0.20137430120018102	 0.7978907744879246	-0.5681713674616122
 0.05266292952837419	 0.9980127421617379	-0.0346003227773668
 0.9377123564456411	 0.12440274477697459	-0.32437554417853054
 0.5529564564216723	-0.7204562179479586	-0.4185474827563902
 0.5741502905901876	-0.10980337481840667	 0.8113535990514196
-0.055969183335962326	 0.35133883969325075	-0.9345739511882971
 0.7933939640750982	-0.5661671637606167	 0.2235637726655657
 0.7197912249968809	-0.14418291704915237	 0.6790521915498742
-0.4261867598384976	-0.21949442174649905	 0.8776030107973267
 0.5692072180216127	 0.6334240140216227	-0.5241919127693895
-0.4370131796350314	-0.7491670347675159	-0.4977632317105469
-0.11151048933367583	-0.8224022987065216	-0.5578708361715938
-0.7539012964962226	-0.6365228791816535	-0.16270052064948337
-0.2539316777025863	-0.373580521966433	 0.892163828378195
 0.22680319277727923	-0.5067961704286872	 0.8316958298469757
-0.19481356496036215	 0.9805009176624714	 0.025799716480729984
-0.8311913070281475	 0.5397260370530191	-0.1334796465678676
 0.8851894490677001	-0.3712407688556502	 0.2803924585267714
 0.4507407184531934	 0.3284919550376539	 0.8300155662418862
-0.9149896771464064	 0.10403916458064207	 0.3898329680117847
-0.8292289487871051	-0.5272123053192561	 0.18554389133945692
-0.9075299250561827	-0.4102948272482998	-0.08970836003855553
-0.096934344911173	 0.29905457350395825	-0.9492997918692532
-0.04931384295712728	-0.7831932449710616	-0.6198197205030658
 0.22342555498973718	 0.9408136533414707	-0.25485425455307364
 0.4913774718842734	 0.44711074459295225	-0.7474223452601321
 0.675556772665433	 0.07674789717959751	-0.7333026709240698
 0.6699136376620425	-0.14351872036517543	-0.7284353746072141
 0.08640574587766751	-0.9560033903861963	-0.2803418710243295
 0.6382817098951594	 0.7674905264416473	 0.05962172955923606
 0.018439774697611037	-0.5323386916238226	 0.8463306044976384
 0.7521974839303832	 0.022356955381502615	-0.6585583586250123
-0.8467385566781984	 0.17585578516682276	 0.5021041320860462
 0.3481955556197519	 0.8222328315162719	 0.45021442205174433
 0.35445666829388717	-0.4237662882545231	-0.8335362039173715
 0.39454812617649404	 0.739325731301767	 0.5456457084644988
-0.8092274931136259	-0.4333177584018494	 0.39671978100749294
-0.7843516654025815	-0.5322042052904744	 0.31867090995466074
 0.44835212153214926	 0.7353257138730561	 0.5082090806299129
 0.24504193850445782	-0.9602120505792998	-0.1339674075895836
-0.6945917606826113	-0.6557672264258889	-0.29582364803633765
 0.43921706856500115	 0.1322753083098627	 0.888589674423858
-0.477173604536877	 0.6233091407046057	-0.6195087297588067
 0.4030243027632684	-0.6914403939769225	-0.5995678384963787
-0.019587660784164868	-0.9185517214954312	 0.39481522068276975
 0.5587127654503378	 0.7847222666100676	-0.2684231920106641
-0.6495857378088117	 0.25350069216521354	 0.7167815345746145
 0.8452168169474854	 0.4800918241242655	-0.23477728330951497
-0.4857142562818592	-0.87168203632656	 0.06520804237317623
-0.33962069117850757	-0.14859120805103962	-0.9287510102354481
 0.4648969975268887	-0.8785438967058783	-0.10968775342459658
-0.7551193010466267	 0.6446671886843931	-0.11915979615883443
 0.4609174599094111	-0.6283872592907701	-0.62664547194701
-0.738702183397328	 0.5999698217593893	-0.30717307372559044
 0.5847174151866317	-0.8112075799926209	-0.006914227359562597
 0.9238877887197087	-0.25028187397700524	-0.2894656066153032
 0.6091575341676546	-0.4574304070220028	 0.6478306270148606
 0.4673448603290196	-0.5110941920750913	-0.721367803794402
 0.4175078009110928	-0.8489509822361576	 0.3239899164150737
 0.026219393974304145	-0.21015967219295606	-0.9773154329915033
-0.5532776914609671	 0.822180692355214	-0.13380099121428057
-0.6965412045441269	-0.5243339662544036	 0.48980020641496536
 0.758691295380733	-0.37692679046498834	 0.5313320176154155
-0.9669775353188467	 0.03064505684182167	-0.25301250301091915
-0.11248780616477695	 0.7072122933603312	 0.6979951759032841
 0.4677781637838582	-0.6352539767460536	 0.6145209309009143
-0.7605566305983127	 0.07525883334934289	-0.6448951229896513
-0.9053446110918597	-0.42464620839896144	-0.005170382898328274
-0.9632191009465286	 0.1875941778935248	-0.19239903324136942
-0.36650409456193056	-0.2475536085087633	-0.8968790105603037
-0.7848628440354681	 0.20233956669122533	-0.5857038635725085
-0.20785770980502782	 0.9263373043260282	 0.314156602809166
 0.4582916631254591	 0.04461159487186269	-0.8876815629000578
-0.8744681671113926	 0.44645144789131525	-0.18970115810028587
 0.08528885780576746	 0.9962365424160666	-0.015445461762867652
 0.6514063499125279	 0.10907650661005289	-0.7508475764090767
-0.5099219930104594	-0.29228046679973324	-0.8090436884195877
-0.6748637953904868	 0.06385495106904715	-0.7351744030467307
 0.9763951452380197	-0.04370016884130227	 0.21152497630036038
 0.9396044685365602	 0.25794697329730315	-0.22495955563809344
 0.2342208179456363	-0.8095903292731051	 0.5382416810210282
 0.6079818169657437	-0.104644578291791	 0.7870245374022122
 0.029585134588778057	 0.9550900252932703	-0.2948351461353691
-0.5133963270591438	 0.5256497037342137	 0.6783189517670238
-0.7723769474941883	 0.6196266231196162	-0.13963058010672635
 0.6139360362669803	-0.15322633766961077	 0.7743411604823467
-0.6744343619010983	 0.7372696494789603	-0.03964537103154986
 0.31198716059193143	-0.7766434445478227	-0.5472558557628024
 0.30541685781978745	 0.330567262754473	-0.892998223824943
-0.9740355317584596	-0.2250455901255605	-0.024683298747393723
 0.42475117060066697	 0.7197635027978202	 0.5491146903093884
 0.9570634667721771	 0.1903454920693665	-0.21862779836720825
-0.6571415971848662	-0.4989734705230497	-0.5649693770139281
-0.3722331637019117	-0.027803361922038777	-0.9277227198394453
 0.2759054009175917	-0.8020291151330515	 0.5297409822011105
-0.05739390565233901	 0.5621723798163268	-0.8250261541100488
-0.5331265469525651	 0.27696896836011137	 0.7994149582663375
 0.1708898900484579	 0.9034970518203815	 0.39305180680300267
-0.46729242622926875	-0.8839160286707337	 0.01817257955607854
 0.32053877638572237	 0.44324140655723154	 0.837133172408256
-0.9191960186446742	 0.14430956739582096	 0.3664060972006482
 0.6642250128651197	 0.7440543018246172	 0.07203005081639868
 0.7739344885528185	 0.014597731679046183	-0.6330973966605089
-0.6864897005562045	-0.6497935069013651	 0.32634382086854097
 0.4838669636373082	 0.676211844135671	-0.5555270500624132
-0.38645964153923934	 0.7623370568679783	-0.5191253771366138
-0.19800470150273955	 0.9747475428503551	-0.10325389043520916
 0.9961078072481192	-0.02176297104421033	 0.08541433972508705
 0.11725368601537	-0.47569589371956894	-0.8717597087581817
 0.6592222285186599	 0.04150882160805152	-0.7508016190416766
 0.2860106626956766	-0.7248097075190117	 0.6267765061890758
-0.5855685669088562	-0.5542856212831885	-0.5915039336192265
-0.0859397884661851	-0.7557056668691376	-0.6492482559239257
-0.3235027693718417	-0.8959007962497122	-0.3044794270355238
 0.9469884133857961	-0.3169893168820925	-0.052256271352605355
-0.37719079260731236	-0.922322454342015	-0.08395472701872819
-0.14943538320908567	-0.8287026176327785	 0.5393709648968275
-0.5405295301378517	-0.8412506659158389	-0.011186784395477822
 0.7010863615802324	-0.6393767796437987	-0.3157138692843837
 0.2778683839343008	 0.35662737211000534	-0.891967532296805
-0.8692373563607703	-0.24509206686050805	-0.42936732184574056
 0.14780700672155744	-0.48674001106968073	 0.8609513635437838
 0.8297597428058547	-0.22950213116047818	-0.5087509616812145
 0.06632737302689556	-0.3502932539191021	-0.9342886683708191
 0.6299555250861989	 0.7450092111242679	 0.21935658584452744
 0.9107648113110403	 0.36641962709194986	 0.19037887319595526
 0.8620051646034583	-0.5060449048934255	 0.029421937875821147
 0.7947594817236396	-0.5933293698907198	-0.1277404596651075
-0.48213491317957524	-0.3630438148836345	 0.7973362615409265
 0.6880414178023408	 0.06563020655275208	-0.7226975047531214
-0.8253872535212299	-0.5484358810832487	-0.13399241047582433
 0.34691576939507596	 0.9209670155909564	-0.17739561758541122
 0.2122111345648634	-0.9610760207055135	 0.1769161292577608
-0.008978559066287167	 0.9913777365985237	 0.1307270777378633
 0.6974852062843879	-0.5537253142089665	-0.45486554432997695
-0.03353881797903209	-0.11546400716764908	 0.9927452899597955
-0.8184201408200681	 0.5649024239420017	-0.10523176575783011
-0.3813650462056744	-0.7136075044791156	 0.5876436259193432
 0.5048418334961358	 0.3827302560398111	 0.7737262269459144
 0.6481905587567763	-0.02355024168164444	-0.7611139110903926
 0.674256845619824	-0.5130532132590984	 0.5311818017395917
 0.6326084370556254	-0.5078893627235721	 0.5846836414662913
 0.39515331843689117	-0.3894818554012352	-0.8319601788796891
 0.7927460542464096	-0.576946360991058	 0.19668906938598352
-0.3001484766459611	 0.1632361598640973	-0.9398217107940909
-0.10264144176230489	 0.7953111423878089	-0.5974486766465834
-0.7990596924780176	 0.3430019249729406	-0.4938150335113274
-0.7519609557302305	-0.11535591740945886	-0.6490360031430462
-0.18916329438992488	-0.9112815847154306	 0.3657637508202307
-0.3721410469773711	 0.9055824622384597	 0.20354715728969186
 0.16523116604973756	-0.3227854178136504	 0.9319378926799313
-0.2598420239036202	 0.6130345732666993	 0.746103702305106
 0.07784208543069827	-0.7810233806721735	 0.6196314134864445
-0.7081909798853622	 0.18074039571567274	 0.6824942822951359
-0.1252097937209768	 0.9905956549015156	 0.05516118242557755
-0.5479029690422604	 0.5906272747780966	-0.592420255226705
-0.6246505223388241	 0.31255235977013107	 0.7156275199738735
-0.5247317523329357	-0.0670978660081963	-0.8486191516049779
 0.8905197715197802	-0.22721348345735715	 0.3941428287658315
-0.18990684781520561	 0.22704004852320023	-0.9551901410292483
-0.887791717889984	-0.060199970134577986	 0.4562913863330613
 0.15522935231274487	 0.9803200543587656	-0.12196900918918985
 0.21908141179328713	-0.3889426101404091	-0.8948334934633515
-0.18195542696638442	-0.40882476814052593	-0.8942899594383948
 0.7176261980581474	-0.11549951216958841	 0.6867841746496461
-0.3415116082583272	-0.9398771410966315	-8.83780987338989E-4
 0.5137314059157986	 0.7337490791847648	 0.44462605790853793
-0.17565062436813728	-0.9530257780607759	-0.2467564072334012
 0.1850348510917521	 0.32199612798138433	-0.9284829548497102
 0.1510148403411896	-0.5402852071694771	 0.8278202781465069
 0.9932889197579299	-0.07138218867810342	-0.09100387368485152
-0.6274768475053796	 0.7607954246471327	-0.16572002800114283
-0.4917479404260185	 0.820598673512891	-0.2912074520263055
-0.30676433646433615	-0.371074345692904	 0.8764698921481437
 0.533078301787246	-0.6810252305418245	-0.5020280465562461
 0.5862234856211577	 0.5563362578170478	-0.5889244375506111
 0.3190478296394155	-0.6148472454388546	-0.7212290531992116
 0.1266202952144305	-0.9012234364949062	 0.4144437457027459
 0.19659315601146518	 0.2267332396030397	-0.9539094134500206
-0.36274337600748485	-0.10731814873501044	 0.9256889640234363
-0.20406362098045683	-0.33439701552783474	 0.9200742766746723
-0.17623126132092934	-0.9772108778853699	-0.11832769192263903
 0.33150803792878497	 0.14748020989805358	-0.9318540703763831
-0.2122185836562076	-0.8763738402888263	-0.4323565251136705
-0.856807901801454	 0.21283863436412406	-0.46965938203404867
 0.20838371526022265	 0.003428910748841214	 0.9780411391068491
-0.23484273654797597	 0.26117101077741584	-0.9362898014077483
 0.9949155128724366	 0.05425349672217205	-0.08485093010211253
 0.4487330581281837	-0.5727007613591714	 0.6860411652966267
 0.1118799492204481	-0.9615022834882917	-0.25099050940071566
 0.4478072583287112	-0.8511366666142826	-0.27392523456748274
-0.8663466355813226	-0.26995994833018694	 0.4201965412928643
 0.7535325700151093	-0.645777226046772	-0.12312773954621581
-0.5533940138134216	-0.6567825451743188	-0.512241889960021
-0.8805823515629816	 0.47389225838585275	 9.217145793172232E-4
 0.5661345283623097	-0.8016013157710439	-0.19216406102629136
 0.6387341691674222	 0.17196402571640218	-0.7499646891670377
-0.9297603220316643	 0.2907742710666263	-0.2258230875292606
 0.03812074893714516	-0.897168658660793	 0.4400400054736666
-0.5535786385474571	-0.8318334557474171	-0.04004738247693096
 0.6638192005814485	-0.6045616637470067	-0.44028316305175474
 0.8358269737578579	-0.2820390625115097	 0.4710066211386097
 0.5526516126909027	-0.24883467566526887	 0.7953976987499429
 0.8798841856613012	 0.3171631710716807	 0.3538521481337997
-0.8523012586982674	 0.20092805047600545	-0.48291871257310026
-0.6620186398066542	-0.7494830201801608	-0.002554018436134342
 0.684047918100244	 0.6653925474449837	 0.29888326073468385
 0.21896317786689906	 0.9011964883673886	-0.37403210569778067
 0.6336528064077102	-0.12216313066868273	-0.7639111796778861
-0.5001829723577196	 0.8124894677450124	-0.299462616977183
-0.8530076227325932	 0.3001220163994295	-0.4269716276667932
-0.832432164328676	 0.44440263835171584	 0.3310030012206995
-0.038914587148261695	 0.2381388304193879	 0.9704512107023033
 0.255158425488624	 0.7206451606730859	 0.6446431030427833
 0.8683027402991575	-0.3164570168953658	-0.38197553278536045
-0.2845782004477247	 0.7967015351676835	-0.5331809371042733
-0.3429827295135	 0.4262993279947508	 0.8370374724029344
 0.7598446594737615	 0.540878774308718	-0.3606747079731296
-0.11429321822325457	-0.9770677977895521	-0.1796540530877231
-0.2790709842275621	 0.9460556558274725	-0.16461495022965122
 0.05342676661442054	-0.9588160428244367	-0.27895766100183783
 0.4369012052232423	-0.8825082923150198	-0.17405875694634232
-0.5527589911573655	-0.6063066747482977	-0.5717077171513021
 0.3403978746677356	-0.9209052154238658	-0.1899022673029782
-0.9616647914885326	-0.2679739845583731	 0.058230339267652864
-0.661169367492623	 0.6599976216436927	-0.3567326827108419
 0.59172408280507	-0.5796510064281768	-0.5602386282427338
-0.3774399652996247	-0.8252030360352393	-0.4202130672799713
-0.8692741453787126	 0.384699437488579	-0.31043325042926684
-0.18260016552652605	 0.8509622215127376	 0.492463681003779
-0.4818619270115288	-0.8043668947502661	 0.3475672336779607
 0.46262689052336015	-0.7698211581725796	 0.43971780108896574
 0.7880434911882508	 0.3810082223091057	 0.4835495740135529
 0.6299575302785806	-0.7726716158587323	-0.07830762473454955
-0.4675810449209576	-0.8269115899850242	-0.3123862813554157
 0.3323620214451956	 0.9217235950744403	 0.19990272880556792
-0.831252126402499	-0.5503327168015888	-0.07844618007975845
-0.4858198226700778	-0.8012298371359845	-0.34929908099486595
 0.2664654628578129	-0.9496575372462019	-0.16476261425290062
-0.41615863414818277	 0.8647723946037118	 0.2810350454218855
 0.9104215582975984	-0.2334733985789571	 0.34150074427878496
-0.2922611482072407	-0.9215252672014951	 0.2556845774734926
 0.0035604924714859204	-0.09949270829248592	 0.9950319210407206
-0.5145863930670046	 0.6420048920819692	 0.5683577769443375
-0.015173826000130635	-0.2624193424808679	-0.9648346198683102
 0.4816723093121562	 0.2668372764565042	 0.8347392732675094
-0.15997916320652011	 0.5351565563760359	 0.8294661702007409
 0.4398091826781124	 0.6737910156767241	 0.5937790414163666
-0.07993687717634662	 0.4399981957832251	 0.8944337221811354
 0.5122011046985011	 0.7160777581290739	 0.47421795902145525
 0.5911556882154471	 0.446627519215012	 0.6716091209702004
-0.028399852313019978	-0.9927790259583588	 0.1165472179237721
-0.9142791413814738	 0.353298047692469	-0.19817704491551247
-0.3817736160692363	 0.39350581877777424	 0.836302622656089
-0.0011212545430394365	-0.6413193919995758	 0.7672732109448004
-0.724345337212984	 0.15055436914441836	 0.6727980487407308
-0.6590923078846179	 0.5240417161916268	-0.5394234045518072
-0.8206658513046643	 0.4787785313445446	-0.3118953004229972
 0.1478749352162113	 0.8485026832415038	-0.5081104211357699
-0.9799614566958477	 0.11262966389670624	 0.164286646447809
 0.4485635049905141	 0.24453333060866525	 0.8596477372808342
-0.023756295061752707	 0.9512858656303055	-0.30739362435961404
 0.5825305722746198	-0.8127115444441517	-0.012572903109688394
-0.3166744381633939	 0.09871176298592141	-0.9433839558006645
-0.6697034989544203	 0.7394271509290781	 0.06888186958201081
 0.032619129042947996	 0.6950253259186486	-0.7182449364612018
-0.3249625239053999	-0.9312807646884813	 0.1646678334656464
-0.5902141735062638	-0.316240361353941	-0.7427242174879223
 0.8136109077362693	 0.15734846784097142	 0.5597130965777579
-0.3431377759064632	 0.11656714753136786	 0.9320239089542532
 0.03774569858458325	-0.8556652739367955	 0.5161513355761376
-0.3751610782942557	 0.5361149235030198	-0.7561976951369545
 0.6571380097122091	 0.10310741177069103	 0.7466850057617507
-0.12425472784868213	-0.7384597534632585	 0.6627502962068244
-0.724067673130093	 0.07976921046177297	 0.685100633330811
-0.6201897810596094	-0.6144798889690456	-0.4876259852815714
-0.06313526626044072	-0.996494340357199	-0.05489050728763778
-0.09670631028657789	 0.3738484847216195	-0.9224343879225803
-0.9701715255096608	 0.05692146186185521	 0.2356420129555996
 0.39261780195883694	-0.06841542873671791	 0.9171535262407176
 0.4169505719528121	 0.7952342573154378	 0.44017575642030415
 0.2884248750615215	-0.5701750862645817	 0.7692278352015887
-0.9023589514238891	-0.023043990127511675	-0.43036879220522306
-0.10680736620475911	 0.2153018633520642	 0.9706890821275016
 0.21926817103238738	 0.9659728922100376	-0.13717813487391717
-0.2807327684284257	 0.7555970332312398	-0.5918295667695732
 0.4489361326036027	-0.6925905577188555	-0.5646013356356903
-0.6857005155153144	 0.6516417004380377	-0.32431142020017534
-0.8197537018173784	 0.0757711585682073	 0.5676817769542513
 0.6216796421092201	 0.7079804981666514	 0.3350791500565977
 0.985401084788147	 0.16820934672403617	-0.026273899082855712
-0.2047741265261492	 0.19846401465504038	 0.9584777472599229
-0.5385501447225227	 0.28872870674176127	-0.7915803658015905
-0.014582038743025603	 0.20898625969248963	 0.9778098523771583
-0.3279577098288541	 0.5791198269466022	 0.7463671794774678
 0.7950472208370019	 0.540901138807387	 0.27445559691183474
-0.942515451732961	-0.26329728335765196	 0.20576482649153793
-0.5461695308206189	 0.8331403503200032	-0.0870402221495743
-0.40590975506639776	 0.8606012677919583	-0.30757556570184663
 0.15982173176310877	 0.8236309189724151	-0.5441407201900037
 0.5781222931031007	 0.42514081799535214	-0.6964408798250254
 0.43056185223537075	 0.8961247957156857	-0.10759573366619812
-0.2263347630788209	-0.8092559287223288	-0.5421046179934415
-0.911313471528475	 0.1760996146523239	 0.37215142392582945
-0.9623730456761693	-0.25573020950354025	-0.091870457184283
 0.6731562447585938	-0.3430576688231375	 0.6551122850352775
 0.7990529882638532	 0.5996704490627249	 0.043699822282435186
 0.7117211559747569	 0.46484796417776747	-0.5266586810617866
-0.800656624861355	 0.08042063840490206	-0.5937015159018639
 0.5291568255821129	-0.8341636831660861	-0.15544775207976058
-0.601360023471211	 0.16143656723191835	-0.7824987903703613
-0.7399550420618037	-0.6378928912356172	-0.2134460002866745
 0.31976424928551894	 0.4332233800271111	-0.8426555214776403
-0.4681955488183691	-0.23427835366275823	 0.8520015147121123
-0.11456199303376464	 0.7642738488877581	 0.6346345670213875
 0.8160685051870303	-0.12694332047626825	-0.5638418113516108
-0.8368545446598309	 0.41737153219174983	 0.3542251758388981
 0.00504932513538387	 0.4230939678122885	 0.9060717403807115
 0.7654838878320287	-0.6333741442961146	 0.11345312162618826
-0.8906780683978808	 0.3744981130412842	 0.2577668361204317
 0.8728485708540995	 0.19025411465640477	 0.4493759497506111
 0.31351451806255676	-0.5539863656638914	-0.7712378061418645
-0.13070524050269375	 0.06017551431834923	-0.9895933748675034
 0.5291352237792383	-0.6226987944974365	 0.5764218301621955
-0.7110638029827461	 0.24353773048553068	-0.6596041554733196
-0.8226412865649947	-0.38141348478087594	-0.4216456655368328
 0.2371461579362078	 0.9613094948053313	 0.14016331536180893
-0.1602697345751533	 0.6759847524218324	 0.7192761824726326
-0.14073333307885846	-0.04407661280707003	-0.9890659134577284
-0.9664044893370788	 0.25702542805712075	-5.406673596664024E-4
-0.45985043473309456	-0.8682790733900901	 0.18608876481031977
 0.6854528353758718	-0.6474632104328754	 0.33308527678528854
 0.23367319368332878	 0.5191981506888592	 0.8220888752897111
 0.4201525039865197	 0.12011901589352485	-0.8994683404181765
 0.1431251039231503	 0.26485697898112426	-0.9536068295225133
-0.1593957531816549	-0.34976125823496174	-0.9231793195829017
 0.4782853533378454	 0.21935568978174233	-0.8503682744216581
 0.730376421068704	 0.07273763286811309	 0.679160894274409
 0.14541487131622793	 0.312446155561358	-0.9387395352679104
 0.042439112741948726	-0.6488659555527305	 0.7597182987359974
-0.029814164461296293	-0.8263485670071473	 0.562369239381662
-0.12444821606333202	 0.1232175524639391	-0.9845456191987503
-0.15284473729590378	-0.8879853303859099	-0.43372864708291115
-0.5469326037541085	-0.6677678643037281	-0.5049265356009613
-0.9714470537728721	-0.011949699769958523	 0.23695532572916433
 0.4141914567470457	 0.8417879637653717	-0.34617692184417703
 0.5686605179774783	 0.402387953826122	 0.717432331240524
 0.18192048172473346	 0.2883132787564143	 0.9400959480934736
-0.9797339159558308	 0.043449671694615145	-0.1955340889857402
 0.09841901460122597	 0.05748059103297885	 0.9934836079268863
 0.03448350654791467	 0.25290806763654206	-0.9668755851196731
 0.739559353680659	 0.6450856084147455	 0.1921367226732662
-0.7017071858491322	 0.2251601695023381	-0.6759511250063643
-0.05532466907001335	 0.8595855334888561	 0.5079880821524969
 0.3772305227633247	 0.8344580807440494	-0.40171736852750883
-0.40846109872666864	 0.8147057118844032	 0.4115994823246627
-0.15441423298664567	-0.8005994020756921	 0.5789618657970403
-0.5293386509012808	 0.8440503268933514	-0.08590482136200883
-0.3153207415871807	-0.8712672904290494	 0.3761198459976991
 0.6690474987140069	 0.04511605610547184	 0.7418490317753463
-0.7739918091804959	-0.17092332223117762	-0.609690000934048
-0.9861549689655598	 0.12382866445262491	 0.11029432915800896
 5.301022032020021E-4	-0.8197600546563436	 0.5727068812066805
-0.6573436189722952	-0.4606203904204902	 0.5964295620819622
-0.04096440431554408	-0.5150122142987592	-0.8562034435238868
 0.04994328045909083	-0.6049388217668554	-0.7947041529124617
-0.829470884186372	-0.24839403218030195	-0.500278379569105
-0.4323525431847243	 0.8941997358994742	-0.11609526570455708
-0.698583613147988	 0.6792985291249589	 0.2247986738612342
-0.7534626454059015	 0.3704415852314135	-0.5432007675889075
-0.38846126590800234	 0.2711113746529785	 0.880679548657129
-0.15906429450459175	 0.6309194430687572	-0.7593676359784935
 0.6156991620746142	-0.5572930112566283	 0.5570808212684562
-0.22312348710910274	-0.7984797708437624	-0.5591475342461654
-0.9116386854879547	 0.40841491214069736	 0.045958314404472844
 0.2979189786391582	-0.4501557059671365	 0.8417862689256874
-0.00157505658289304	-0.33990513709937165	 0.9404584078895877
-0.10188386350349314	 0.9568559899926365	 0.27211448468027744
 0.9651513579803059	 0.2589081225967521	-0.038071514839791654
-0.37139074890220614	 0.34764232900303593	 0.8609376996712383
 0.7104795965611482	-0.33791913502359716	-0.6172757901094226
-0.5936390070432512	 0.010224333113079622	-0.8046665100083981
-0.7558896962776164	-0.37089980360703595	 0.539503570651386
 0.5241557714626166	-0.014942591558363524	-0.8514913071781469
-0.3346238928668642	 0.340072593043614	-0.8788500906202479
 0.49155299622347215	 0.7891078355916568	 0.3683537372032186
-0.5118864627212822	-0.8425807498505447	 0.1674214122028217
-0.8652574345039115	-0.4599621511543409	 0.19941010892424837
-0.738960108687769	 0.4816423677723472	-0.47112481078245905
 0.286263192696486	 0.4553480522648069	-0.8430370904093492
 0.27685735781633664	 0.2916898135027207	 0.9155692524990695
 0.05202705745866318	 0.9984489094577228	-0.01982323119163576
 0.7093350148391516	-0.5814116172360809	-0.39850265753952674
-0.5580651161719201	 0.32875896423124784	 0.7618929515027806
-0.7156788101113024	 0.2646805186062124	-0.6463343282141347
 0.17353724281582905	 0.933398941710087	-0.3140879510111292
-0.529960704985656	 0.8192098145223247	 0.2191732897992018
 0.6518051198186773	 0.5717170448486762	 0.4982867712549235
 0.5786763660020671	 0.5838920012663218	-0.569388965723653
-0.8019436362851375	-0.5973938455697971	-0.0026452782652339746
-0.9867743357889186	 0.10847798258055133	-0.12045305111782012
 0.49343183169604504	-0.7430811326985868	-0.45205691864683506
-0.7289154985240773	-0.5824190169852113	 0.3598197947103188
-0.9771094423915145	-0.19199721162466268	-0.09161991223362986
 0.3221107044108327	-0.28372556687337264	-0.9031857487839035
-0.44081120579379157	 0.7423015695947961	 0.5046522174960946
-0.2297103504635134	 0.18327821289806664	 0.9558463535353476
 0.07338805019613923	-0.7159842324659725	 0.6942483510592741
-0.2957722535766638	-0.4589925259289493	-0.8377616815989763
 0.5650084305003219	-0.6801588193190969	-0.4670647213888188
-0.817246714939058	-0.4438073738413525	 0.36761776595447615
-0.23690204933575593	-0.967270531372248	 0.09091280525519063
-0.6182717345151882	 0.5724330454563109	-0.538572623486558
-0.8874771103420118	 0.018029964210649542	 0.4604989674359272
 0.8887258027604922	 0.3002717806705823	-0.3464149321848531
-0.33114808919247113	 0.9082723633562726	 0.25569954436288356
-0.2967866500047382	-0.9539439442066369	 0.04368793529625803
 0.2160733261927583	-0.7503590592904306	 0.6247188166277513
 0.4590623935821525	-0.23813291475799434	-0.8558939383518769
-0.7195885379346365	 0.5527357701252326	-0.42032785358236513
-0.33072633214765024	 0.6946932644930401	 0.6387654980445994
-0.5283871478513518	-0.3020314408879498	 0.7934633140231895
 0.26129244935253076	 0.056109228688513285	-0.9636275267795826
-0.3840498587748137	 0.049333489054265926	 0.9219934451137808
-0.13763862428510834	 0.9732957468491634	-0.18371444763608547
 0.8864291667079214	-0.4624563258934763	-0.019428820103310818
-0.5023290734411371	-0.232589117850262	-0.8328071831062731
 0.692813917527564	-0.28267424213427356	-0.6634034583222517
-0.17886333377525013	-0.8570405790262288	 0.4832073610089047
-0.8643639026940066	 0.16130234857664022	 0.4762946525662932
 0.6151392167112225	 0.6740680657491355	 0.4089449679371575
 0.3175353723956358	 0.3962658172220457	 0.8614782001762489
-0.41665368124467705	-0.8090143654646436	 0.41460278143917373
-0.04735338196445016	-0.4051548980286041	 0.9130209010860377
 0.3045718356649628	-0.7108219211025275	 0.6340096161729623
 0.8337164766469888	 0.33241604306309286	 0.4409267636258962
-0.12393254036836877	 0.10303059829862211	-0.9869272623917482
 0.9476313038540095	-0.06136445526496038	-0.31341556372647594
 0.5993593371978058	 0.40065218497457233	 0.692997988156465
 0.02109636240880449	 0.8932811574534631	-0.4490030258603135
-0.1985495017621977	 0.98005913630724	-0.00788572702354573
 0.6952108793363313	-0.5632975879242802	-0.44651725687938737
-0.6585885059939494	-0.6650539269933955	 0.3520858616350864
-0.41982946110056374	 0.6822665894588148	 0.5985445050288636
-0.550264496790157	-0.8156332220819121	 0.17874963107249675
 0.6555999900888857	-0.21346412495013795	 0.7243077525159625
 0.04632727132182689	 0.7713138943829363	 0.6347666187377079
-0.880451937199267	 0.3346602125934161	-0.33586742680555925
-0.3507435359838327	-0.34835476013387134	-0.8692686196209034
-0.9434144811146855	 0.18722805791334313	 0.2737056286471047
-0.19667673811485817	-0.8511615980674035	-0.48666435523864227
 0.9119878849973975	 0.2282125624624758	-0.34087699240676894
 0.5928290056050661	-0.25576599530472993	 0.7636344189198712
-0.6030182427505174	-0.7754570643572213	 0.18717729629567392
 0.6292539970157065	 0.6690915265304708	 0.3954186848959993
-0.16257467720669255	 0.8690415779089016	 0.4672646040486548
-0.48787023899586324	-0.5434064686378779	 0.6831486220030238
 0.2853558698948733	-0.4126628786560114	 0.8650325867248436
 0.6121633307211675	-0.45151886948485864	-0.6491431021119163
 0.18893072575450856	-0.47600421480943195	-0.8589092899425006
 0.07538790253178825	-0.8096034594892679	-0.58211588411146
-0.37202921017434804	 0.7114432729272591	-0.5961901845750233
-0.0033817302631445082	-0.879579654143904	-0.47573963038254186
-0.9609613963074588	-0.008204217784508647	-0.27656081721271253
-0.9241713546093074	-0.29052091660604484	 0.24800182324729247
 0.6200009968429823	-0.624118095220681	 0.47547383432931123
-0.05820252126929127	 0.9451339394414172	-0.3214565336617772
-0.16997131658318262	-0.6219259662905309	 0.7644068576305219
-0.10389932603970956	-0.5555272060457714	 0.8249814866962004
 0.5615414052087364	 0.817997477333924	 0.12470516152723743
-0.02667177081225995	-0.9487984452682575	 0.3147540736801919
 0.412657840709767	-0.16428232471562204	-0.8959491192510787
 0.9551483231592551	-0.1024530437505087	 0.27783998019061174
-0.03310076003338378	-0.7178522685638667	-0.6954081249186856
-0.6596609364655217	-0.30590485248969806	-0.6864908376116077
 0.11695804942859589	 0.06278908567173036	 0.9911500115493952
 0.01742216935945595	-0.9998476036807868	 0.0011123976801141744
 0.6684779943107214	 0.5755523625241703	 0.4710378425510644
 0.333866089075679	 0.8246232958752081	-0.456650691957452
-0.9933419648602656	-0.03917545792964154	 0.10833754817028929
-0.33075221867313964	-0.4672828971998672	 0.819908326477597
 0.2960998183228203	 0.14684967859521192	-0.943800863257539
-0.7832422633962675	-0.06142051205689553	-0.618675260155569
 0.1974112691661584	-0.7947614154435995	 0.5739190564254621
-0.8698780934213329	 0.41106836329360813	-0.2726442797580413
-0.8323093526604227	 0.5360097673600926	 0.14126100229209637
-0.6385914706990935	 0.6519375004667547	-0.4088745883954257
 0.1737732530265181	-0.842854290258374	-0.5093127741630228
-0.05022711891251845	 0.9926334026523682	-0.11025499745829692
-0.03708843316142801	-0.5236407660684926	-0.8511314799940326
 0.2997947695083095	 0.8099625583406038	 0.5040672080802355
-0.3015013254921702	 0.946859326076703	 0.11204627324474625
-0.8309011440280565	-0.5444726087904783	 0.1146859500102686
 0.4944998316416493	-0.8602181968426827	-0.12447718797877849
 0.5755594376631584	 0.8161207025630676	-0.05175260925628744
-0.16311496392919708	-0.5714792176842363	-0.8042418866842178
 0.8528931023042685	 0.21090668779117422	 0.4775894943220136
 0.7716387818805103	-0.552158681597291	-0.315744169597324
-0.43661012447299674	 0.22453161118973186	 0.8711814706387053
 0.6711909518256682	 0.41292901097370965	 0.6156235360052664
 0.6236891333741568	-0.3514421785013929	-0.6982121884364296
-0.7926793267910976	-0.5831060232491488	 0.17789561694593603
-0.35049405843603726	 0.9310776703123465	 0.10123382264228331
 0.6028373595298785	-0.7727543180899011	-0.19858973243462463
-0.5745455709717756	 0.09954806593001725	-0.8123961899506358
 0.15047864461449253	-0.9733168644202775	 0.17323527051401633
-0.3046340372336547	 0.9326785433325284	 0.1931549589470516
 0.8803751852755831	-0.4679294632661405	 0.07734048460181975
 0.7652168240654317	-0.5769123265118276	 0.2856840557082678
 0.49438794116236573	 0.8171396868090586	 0.2964174351734912
-0.5718383818744285	 0.16772478067529517	 0.8030375227613336
 0.4446265766832865	-0.7628390214781985	 0.46945056674487695
-0.5190297163135303	-0.7002973635645454	-0.4900936197993633
-0.1533685821895447	-0.125612320885973	-0.9801528568742777
-0.7833382226854861	-0.3113403837088429	 0.5380040839547358
-0.31547286647677114	 0.04505209627971009	-0.9478645362802287
-0.10233690833042644	-0.4538632415837493	 0.8851753019218629
-0.8857166065254753	 0.05509144820653964	 0.46094579427466575
 0.6846390742122448	-0.06544199309736315	 0.7259384847225314
 0.014199179331521226	 0.9145649345877904	 0.4041897620286068
 0.17294886034010498	-0.6662263045326215	 0.7254179504643274
-0.5241956982444301	 0.378102394982776	 0.7630579590374005
 0.03402350661784765	 0.3121417394387102	-0.9494261084979714
 0.3124553180002841	-0.9178854526782965	 0.24465888501115174
-0.9419940705809211	-0.29344205913474025	-0.16290773131177705
-0.4257773874277446	 0.8217089796832644	 0.37882445679112764
-0.8385895323649719	-0.2097848318885765	-0.5027503560589286
 0.11970010155285553	-0.5614436367147192	 0.8188119005490739
-0.7849635440405622	 0.2723287144539956	-0.5564793848932001
 0.4125761173886133	-0.9077192088992266	 0.07633338166162518
 0.8189793910532056	 0.3618505223620106	-0.4453503749818346
 0.2975533113654997	 0.3311039053746826	-0.8954508533364962
 0.1308791183213197	-0.9910739003378503	 0.02536100267250263
 0.13362289590297022	-0.07269715727359494	 0.9883623045294889
-0.9858375019913713	-0.11932896527291936	 0.11783470505036764
 0.6866996178759117	-0.6005887699226615	 0.40955679002045775
 0.3324580163913619	-0.5409908351915352	 0.7725286943382013
 0.5529252451408745	-0.6845954282130174	-0.47497660253505014
 0.031406594941588276	 0.998788584448708	 0.03788125353154248
-0.8444125210274686	-0.3201236856115137	 0.4295210358556796
-0.8973246139846057	-0.41245835610144455	-0.15711983203743674
-0.11406955541743344	-0.8751975914162636	 0.4701247839734042
 0.6456699969985316	 0.7260503569699003	-0.23656105791063076
-0.7380096871139217	-0.12930378626536704	-0.6622856125445062
 0.6436399526072708	-0.7553842353218571	 0.12297263286977134
-0.18058418478209076	-0.9801720866058982	 0.08155999537289871
 0.15168906568983548	-0.12509752165012442	-0.980480003583521
 0.9917302107961963	 0.12612655954268087	-0.02373352000986606
-0.9247717540510825	 0.21525252995985633	-0.3137890234778222
-0.7449061017975052	-0.4592339739886121	-0.48396183386654745
-0.9927818767356233	 0.11581324084015475	-0.031167907716012522
-0.6022110693324672	-0.34606276611568165	 0.7194319911442704
-0.08377833792340139	 0.7606824873565534	 0.6436950702963626
-0.6672361723075989	 0.4392661017481384	-0.6015323617389992
 0.5567660563982859	-0.8064724461981458	-0.199032037536371
 0.41257028391632466	 0.9074790224146875	 0.07916807883538879
-0.00626784706207814	 0.8123907679625861	 0.5830797151525389
 0.3281630916661225	-0.39881024958852357	 0.8563056522593271
 0.31093369823222916	 0.5048912220688562	-0.8052360456297558
-0.2133330719200276	 0.7522924019640882	 0.6233338931682337
-0.6966089897929167	 0.10823132399549946	-0.7092403653528707
-0.526883632791368	-0.13476214846566523	 0.8391857963749678
-0.007686775088838889	 0.9161069817819522	-0.4008602143130393
-0.6784074580422217	-0.6805375429073455	 0.2768248066310608
 0.562221492728352	-0.8256324858433067	-0.047307414159996286
 0.9407820287989868	 0.33612664634120587	 0.044136741024644266
 0.5741648041613773	-0.2558648997072436	 0.7777325573486875
-0.47103195671522213	 0.773507251307146	-0.42404649264944116
-0.7618304361377556	-0.3736191769216821	 0.5291720865753615
 0.8027008787633324	-0.5334230608782585	 0.2667042132322692
-0.6536968456872876	 0.5060830501464679	 0.562636988024195
 0.8226725414069622	-0.5659822698388494	-0.05360932608300506
-0.8463682113215466	-0.18034084537927608	-0.501136738178567
-0.7666822565460759	 0.40485408197259903	 0.4982885607833487
 0.5316912524983082	-0.4165254701093427	-0.7374353834519818
 0.8153619895777736	-0.06771391336297494	 0.574977957741726
 0.7180859570024436	-0.1972593712228136	 0.6674138886932643
 0.12928133938550337	 0.9028816311101345	-0.40998914069837644
-0.5994510030331813	 0.7295497751590075	-0.3292652737959991
 0.9411549032799665	-0.33358912453246686	-0.05427470889594166
 0.5981679167965086	 0.7658468774908894	 0.23595275703576712
 0.9743856675990816	 0.10921909388607633	-0.19658016255003052
-0.2571982211717946	-0.9591507687129804	 0.11780864952694858
 0.5675299778986501	-0.5526637419495696	 0.6103052617507547
 0.5821115645449548	 0.7940069917900903	-0.1752113678146383
-0.6264537135893486	-0.7764558904900323	 0.06835199231511324
 0.8071626416868821	-0.28823040131674854	 0.5151812357043295
-0.2853835922229489	 0.9215199971719855	 0.2633573619667191
-0.6685487535472502	-0.6548833416610496	-0.3523781675207407
-0.08549787826912024	-0.9595457193916153	 0.26825757250953086
-0.6266552952971322	 0.7613983141127555	-0.1660594717031154
 0.4596429322472065	-0.5555166276849082	 0.6929138844046763
-0.04165296595564961	 0.8459828856513827	 0.5315806501482696
-0.8189472432567552	 0.43585412226596665	 0.3733049649628635
-0.7508568712957401	 0.659526792730674	-0.0351904603317863
-0.12384358567280052	-0.7261778194981745	 0.6762607047260549
-0.9933214196611495	-0.11333942398821928	-0.02160398602982716
 0.3052424237042514	-0.5974046916887633	 0.7415758202095102
 0.7559343920618428	-0.2716649551009781	-0.5956184576287709
-0.7714923918549824	 0.18596219405088102	-0.608455053141693
-0.7664186923798253	-0.6412178739672242	-0.03797401843039161
-0.7568812529666749	 0.5100244022526217	 0.40866352665053474
-0.374656702793944	 0.5927206327553077	 0.7129618549107084
-0.5046223665965519	-0.6353335441915217	-0.584557571805836
 0.5361552625701378	-0.5286936234318202	 0.6580429978055227
-0.49530240512861723	 0.5330073518777896	 0.6859873834977093
 0.9818522499882628	 0.010987094197178408	 0.18932892793783052
-0.44639265631937847	 0.17680287130280858	 0.8771968656369058
 0.5768197377554509	 0.16469568113787306	 0.8000964459052826
-0.5705581451576459	-0.8136029334539561	-0.1118645147908135
-0.3014437213437577	-0.6389484936236254	 0.7077262926856165
 0.4894807267662731	-0.23645375735437668	 0.8393439335322312
 0.939437966792978	 0.3122632263789772	-0.1412373321727196
 0.043534340350521054	 0.8703800087767792	-0.4904522418462156
 0.3715349155673248	-0.4004827295360487	-0.837600972932659
 0.7951400798095999	-0.3764523398690199	 0.4754323183035867
-0.5712442076401515	 0.7778727975652978	-0.261904497948227
 0.3394442345855301	-0.6593434373338221	 0.6708530712842149
-0.8333417651190396	-0.29888000270800613	 0.46498628634567907
-0.4535895684238331	-0.10548682392463311	-0.8849457799183937
 0.8597866969578126	-0.47589048205657974	 0.1851893215666891
 0.9611762821397191	 0.22817088858179105	 0.1551715188295293
-0.7214915397562204	-0.43331332461485167	 0.5400828832423987
-0.21865872776785383	-0.6514513390937083	 0.7264981166967728
-0.6110561099511158	 0.5068182726319133	 0.60806715831215
 0.25332937460855426	-0.9564051712182526	-0.1453044267303083
 0.024346131951645283	 0.6768506775654356	-0.7357176266328027
-0.42036773802460675	 0.005713310660539985	 0.9073358379946048
 0.8632972810410793	 0.04378239761648289	-0.502793104771766
-0.977953877720633	 0.2022073070213651	-0.052138450670733194
 0.2747580323962038	-0.542263508387135	 0.7940140496902068
 0.3017076953028219	-0.016531628438539604	 0.9532571383715045
-0.3227598301660346	 0.40809217131947484	-0.8539829458127071
 0.7322639050828377	-0.26481649460953566	 0.6274247345264217
-0.18169460700828285	 0.6084486973013201	-0.772513593755108
 5.913730068061486E-4	-0.9971484094858272	 0.07546323434528857
 0.9730524342897876	 0.18734775998341582	-0.13442387046918003
-0.05886500659547349	-0.952042564743496	-0.30024967263119695
-0.6209635527754137	 0.7824855994642091	 0.046049459884705435
-0.7396351807056762	 0.11524745110506397	-0.6630669834008232
-0.21830563238631318	-0.8950215210256965	 0.38894617592831593
 0.05071684180557965	-0.990939197156586	-0.12436763845924115
-0.9121962713654671	 0.2988917299803125	 0.28028859458835487
-0.32544982798700317	 0.7120681406606497	-0.6221264923786121
-0.47466700116513705	 0.8120012177903474	-0.3396251762044278
-0.8122418196249027	 0.5787408201154273	 0.07295402377216531
-0.4982195414714531	-0.18917345568456387	 0.8461623320382061
 0.17863721816466482	-0.8470070621568708	 0.5006673356059659
-0.13559185998575565	 0.9457330638539199	-0.29530292826025417
 0.8509908702886374	 0.2732451002297888	-0.4484993354351825
 0.04604790566582331	-0.0698150354556324	 0.9964965886585464
-0.5470923627142836	 0.8164567813037098	 0.18463009213800663
 0.059242784646956634	-0.971915738792812	-0.2277500585161214
 0.5426417870788358	 0.8157476279296557	 0.20023910318173987
-0.7000370159769049	 0.2554531859324135	-0.6668521920629267
 0.5305605631724264	 0.7478075308956638	-0.3991107434558592
 0.8640099318977147	-0.21636629538267524	 0.45461243252300476
-0.5965783058160803	 0.09103545201445075	 0.7973749880113747
 0.9448980187101588	 0.03803745789187962	 0.3251474835128514
-0.5800906678418762	 0.14073654298114024	-0.8023017154116547
-0.21331494831705777	 0.14285559993042046	 0.9664828039820526
 0.47832967895395134	 0.7620167099276509	-0.4364988568402537
-0.013542030024495142	-0.9749846992266612	-0.2218590762099062
-0.5239100304232038	-0.8485962791256078	-0.07350261951883863
-0.1542009309185367	-0.6860833465235154	-0.7109934701014846
-0.005484449203371292	-0.9851076929022119	-0.1718509650884077
 0.37760519054193054	 0.46701745957185054	-0.7995680162005276
 0.5640489458478297	 0.08867617680993695	-0.8209660908675369
 0.2854300772737433	-0.7221227889020154	-0.6301335959428607
-0.2086102594843069	 0.9693126916635598	 0.13005639322168938
-0.8634509434613764	-0.12361193628372312	-0.48905271438143294
-0.09702437055875623	-0.04755718510948772	-0.9941451532156353
 0.9306346610808605	 0.35808748227843545	 0.07544854293094949
 0.7354565157185126	 0.36405224844029505	 0.5714627493483289
 0.10399363655978745	 0.23845832248719823	-0.9655687194558771
-0.33724181074211795	-0.6442108925751718	 0.6864840034369906
 0.4066634091877299	 0.08511392310189833	-0.9096045798708454
 0.5501413944207864	-0.7957429498129702	-0.25325403050633866
 0.15824455916670133	-0.6170935611313256	-0.7708139829455583
-0.024489297169030106	 0.9748309946832286	 0.2215960426746697
 0.41806427832211757	-0.7303904627351648	-0.5401407512274172
-0.12118673765416246	 0.33529133386336374	-0.9342876944779201
 0.5689677701943069	 0.8171221489019863	 0.09266644621392661
 0.04404056967276244	-0.9822190603302032	-0.1824997143749849
 0.13107468492279561	 0.20583606312110364	 0.9697684992260756
-0.47082700048313175	 0.8573192750179481	-0.2081480153610813
-0.1999227660938087	-0.9295606693490445	-0.30975449891285955
 0.06891715127228179	 0.3525642197978102	 0.9332464289665805
-0.29375715400647645	-0.1757683536039905	-0.9395808748273657
-0.41744135166980445	 0.6681638400774316	 0.6158732018273463
-0.13536880161685935	 0.6445767124436267	 0.7524600649364599
 0.2227335594321079	 0.1658689833958695	 0.9606649998047834
-0.23580171776774309	-0.8513016754560653	 0.46870353877848814
-0.9284642227504898	-0.3616055480665696	 0.08482696905940057
 0.4569272371506402	-0.8633906591296486	-0.21394875479318287
 0.013319151425950223	-0.9940991267787341	 0.10765466243062094
 0.5041834962785904	 0.49776744972034653	-0.7057099744790338
 0.17477868076926775	 0.6851365898785715	 0.7071352529453729
-0.7192471314050564	 0.2603936319709567	 0.6441107982285126
-0.6399228021774898	-0.6264981353180538	-0.444970666107678
-0.8840561164332404	 0.3453411939279316	-0.3149352993448138
 0.6163857114119233	-0.7856019637980648	 0.053835018750262975
 0.0017428190133360697	-0.03591384493748742	-0.9993533700967305
-0.595330824422231	-0.6606930790177853	 0.45723720849329985
-0.16894915340234026	-0.9720779869431466	-0.16285137661436044
-0.6593249558102509	 0.32839109874419137	 0.6763504187264124
-0.43092520600524686	 0.5990330573480662	 0.6748798878567681
-0.24709141549101082	 0.958421808177943	-0.1427356647778364
 0.6803623934481099	 0.5313015015580891	 0.5048026624570032
-0.2697551545614633	-0.4727462920641836	-0.8388939741868973
 0.6472139824010175	 0.13961530487824983	-0.7494141896363911
-0.971090849692827	 0.22266671627207993	 0.08603542937344066
-0.958548463139634	 0.016222093852211822	-0.2844673750778737
 0.5095408311291048	 0.054687284529996466	-0.8587068430628675
 0.34337271154013616	 0.07994114701631996	 0.9357908922314266
 0.6384898790174375	-0.28067877204548053	 0.7166241004287668
-0.9166198668091817	-0.38307325732347947	-0.11429304132053364
 0.45659871298653437	 0.7875317000976311	-0.41389785773832566
-0.356502772221879	 0.27837099709372115	-0.8918606176837065
 0.6507262541735568	 0.4029310163609046	 0.6435852221606864
-0.9176770947524128	 0.39603632965149127	 0.03199961504372384
 0.3488687814381545	-0.9181758540438469	 0.18773298694877627
 0.5077887117894528	 0.6952085345005805	-0.5087589976961224
-0.7804108223278785	 0.5128294109286421	 0.35772188034855557
 0.519256670958562	-0.8095137345158746	 0.273970843877946
-0.4374035801544757	 0.8837177018668434	 0.16649664103288098
 0.49391650387458574	 0.6362137833675913	-0.5926875307051787
-0.1254807448128513	-0.10429045758167123	 0.9865992515396602
-0.8109509443091556	-0.4878178526460807	 0.32309798601021256
-0.6324635357063483	 0.3603230265771384	-0.6856800948839885
-0.3164229937940809	 0.00913339040076144	-0.9485742301887492
-0.4745497356573111	-0.296239249037739	-0.8288816898189588
-0.8297094595336509	-0.5366551929724293	 0.1535689311550401
 0.7658256875807812	-0.23904604144101332	 0.5969656659413547
 0.6140933881135971	 0.1846671098025338	-0.7673248133824044
-0.7560131545011356	-0.06278191591143567	-0.6515385953692472
 0.7686104174785836	-0.4548338473296159	-0.4498490829897701
-0.9808419526722135	 0.14017072907136835	 0.13528204089885798
-0.6488377317498044	 0.5483369706790209	 0.5275757428505632
-0.0778570585404374	-0.8692084153411938	-0.4882775943410489
-0.9343878050393299	 0.23060430768754378	-0.27155309438437936
 0.06358952235927857	 0.45970531147563176	 0.8857919616067935
 0.03774801542653502	 0.7042033119913715	-0.7089942049916493
-0.12537789677669667	 0.1306717506046908	-0.9834659509071768
-0.26357615452454286	 0.6387582787270287	 0.7228523169525971
-0.4860511683490555	-0.23786714581633334	 0.8409360752683341
-0.16915761505128954	 0.8663026322280061	 0.4700057985440049
-0.3405355886861706	-0.7993843058660515	-0.4949951963132717
 0.4661698617470278	-0.4886141322508499	 0.7375241621557262
 0.15575601945174103	 0.3309129783663258	-0.9307183586634984
-0.2160919120228437	-0.9173759988934345	-0.3342537392649261
-0.43427348363288165	-0.7374485483359494	 0.5172776623541386
-0.10645283136742374	 0.9820554319495518	 0.15567569904207246
-0.6757929906929644	 0.44973239000595805	-0.5839902491564286
 0.3472821271781885	 0.71136909691715	-0.6110230209197285
-0.8190008274830846	 0.5567075100946038	-0.13897623101195866
-0.22969800283311723	-0.7682726260386304	-0.5974914221762384
-0.5717748044445399	-0.799512445773004	 0.18399299458533025
 0.057886586291573436	-0.29328713545574925	 0.9542702967732304
 0.2772475060127962	 0.667761576111344	-0.6908171233249638
-0.2947430813863302	-0.8863461476282253	 0.3570952569826369
-0.2919408685675965	-0.7318394389453189	 0.615777203917292
-0.5234781265391308	 0.8510215374073685	-0.04162924337386742
-0.5326909311947057	 0.4811003052066232	 0.696263504826306
-0.7192574933410198	 0.49103983216719843	-0.491475880891425
 0.06867326899492275	 0.8614242249897637	-0.5032219060477554
 0.6653648994258411	 0.715772462160562	-0.2120361597101943
-0.9454319122965483	-0.3254024421832589	-0.016484836440274986
-0.8486268186011436	 0.28069118956826633	-0.44838039525569484
 0.016389274237151506	 0.9538005800138531	-0.29999307534544317
 0.0481019333509457	-0.9936026736233563	 0.10217598042798026
-0.5563160058493319	 0.5339536846048468	-0.6367149788820379
 0.7855383084323074	-0.039507964294085214	 0.6175505539975219
-0.041346212842363575	-0.11385452425452583	 0.99263670997519
 0.7040597842072368	-0.6588911575459276	-0.26488160141815564
-0.3251336176089648	 0.9452788991184755	-0.02712809580251152
 0.5048044468338667	-0.220344962467649	 0.8346379861783695
 0.6046100486937404	-0.7929564094434921	-0.07527829528514829
 0.93686060236268	-0.34782308652560834	-0.03621204523960797
 0.9564129226130612	 0.047128445894973614	 0.2881895748396657
-0.8997743206183322	 0.1358300044474625	 0.4146762373799844
-0.4278599330736844	 0.895792297760799	 0.12038287645097401
 0.3465313408956593	 0.7319657930916867	 0.5866362650916788
 0.7585943417509325	 0.6086892914465298	-0.23244778153768397
-0.9659540404829504	 0.25561513228021837	-0.03992112002473114
-0.13903808586290542	 0.5947824336315487	 0.7917716004776325
-0.9477117838808827	 0.20817474394298116	-0.24187941350513764
-0.37647541035741394	-0.9079490218183565	-0.18410551098570238
 0.3620203079368651	 0.913187511045136	 0.18716267339533044
 0.36289672441752135	-0.9092527464831145	-0.2038759682256508
 0.1264642598960971	-0.18028231643320414	-0.9754512173094103
-0.7010756017861531	-0.3150036762756925	 0.6397387627094218
-0.2535192141464411	-0.5973170311937959	 0.7608813128894683
 0.7886696347885203	 0.6122414699052545	 0.05621912210978963
 0.27103582166258644	-0.826454694475572	-0.4934695749030287
-0.3041288614537278	 0.17306609044159615	-0.9367783964044647
-0.8850508804521403	-0.16219684158472675	 0.43632227033562065
 0.6552826766405115	 0.3591309604851463	 0.6645521551510183
-0.9137265805796105	-0.24166407138921217	-0.32665304612368495
 0.3749352946532053	 0.3048543185668115	 0.875492643758061
 0.0876925310109628	-0.5966157848890608	-0.7977215211000022
-0.5101012024560024	-0.7058244881902712	 0.49153693159708967
 0.9024998840814733	-0.25721717992781035	-0.3454464959771799
 0.8498153353041067	-0.47887886650995476	-0.22020201427804764
-0.7437368727954363	-0.5514786555678949	-0.37779194869331456
-0.7161810011646215	-0.3241931006666411	 0.6180482238879015
 0.8622879600535687	-0.1985430825981305	-0.46587564681907034
-0.8687684268997738	 0.09792770520336418	-0.48543957911947744
-0.18844213894715886	-0.30930213622143027	-0.9321060823736103
 0.10800763394865127	-0.9044780462660088	 0.4126182434546948
-0.6679266789782535	 0.6091626393622998	-0.4275451207933938
-0.7502245382985032	-0.6246391724053528	 0.21676956989290153
-0.07122364429839814	 0.2747164126724784	-0.9588837703815931
-0.8184130245185713	-0.03442531682977621	 0.5735983079294551
-0.4716615081223927	-0.36753310913210124	 0.8015328037250884
-0.4879686457187841	 0.6358380639229748	 0.5979937769425856
 0.9345889895580054	 0.22112778925181067	 0.2786501774942074
 0.014557949602800015	-0.29104243412148006	 0.9565993767737915
-0.16690031648922035	-0.30198125103229084	 0.9385902238894088
 0.9431472511356682	-0.3323585340385179	 0.0033267892930275433
 0.09569293833919808	 0.5404740204897357	 0.8359011273635604
-0.4276899803176645	-0.7579891512950865	-0.4924771337380349
-0.3486374306961078	-0.03891023178257799	-0.9364496440173613
-0.383386424183167	 0.0034609338624057616	 0.9235815457710514
-0.48400956887466895	 0.22928369039220978	 0.8444902169699104
 0.46664984955653055	 0.10230966182216679	-0.878504781436448
-0.10386312327153373	-0.01848280902129983	-0.9944198496585657
-0.2127484259681375	-0.1259395200972906	-0.9689568331591165
 0.5877805955968118	 0.7969720433036717	 0.139102601097993
 0.8491723806676537	 0.46412430862194043	-0.25198193200591823
-0.6894199554745669	-0.715023434767064	-0.11593796930840283
 0.8187382513118863	 0.4838680074897907	 0.3090945278820292
 0.8344371262364612	 0.003918961973171674	-0.551089216094172
 0.8877112893820366	 0.1438431531197584	-0.43735319137311435
-0.6232067769538927	-0.22398000636327184	 0.7492971839719202
 0.6641567757715052	-0.36223440925306744	-0.653974013206855
 0.06406118161288164	 0.9349731513312999	 0.34888590011632714
 0.19712468929020252	 0.8579050064228392	-0.4744901019271841
 0.552867494710501	 0.32268466159086645	 0.7682526553592393
-0.707447997468195	-0.3068949327870287	-0.6366575461799584
-0.9258755556522534	 0.17721365368306052	-0.33369113921998483
 0.2066581459302844	-0.9673100863996088	 0.14698165691758502
-0.09932595433420421	 0.4230094428962936	 0.9006649576930186
-0.2944033811566585	 0.09325785420959876	-0.9511201931363609
 0.15232123353088872	-0.8292017055815678	 0.5377943596545498
 0.5564614226729713	 0.8014431412244845	-0.21917932489403258
 0.5668875964600509	 0.6628228459604987	-0.48918741587715764
-0.5362607416809392	-0.8106910279898355	-0.23495632374676112
-0.14603085643379976	-0.5648923093258733	 0.8121401774531862
 0.4156103972570313	-0.870055798423612	 0.2650865996637768
 0.49703329413920294	 0.11354902882384237	 0.8602700288690144
-0.6032657819278715	-0.0059993810261262945	-0.7975176510788067
 0.20743375168439224	-0.9782325428829379	-0.005686009753677279
 0.1620732632770359	 0.9593241833405812	 0.23114793658750155
 0.9294562656641894	 0.36162906873021405	-0.07304428017920306
 0.8926604945616873	-0.44800252787462297	 0.0495073375049786
-0.9047744542169188	-6.520912666255055E-4	 0.42589055140194954
-0.20740761369227748	-0.3808067156737989	 0.9010928515309671
 0.8609622186178332	 0.0671757156604418	-0.5042137258526047
 0.16567308306914705	-0.6431852912301425	 0.7475728129697872
 0.43883062888134633	 0.048660623102473	 0.8972512596340454
-0.7651704653427585	-0.5663833061197975	-0.30614393594509437
-0.8351066497666711	-0.5490517490863275	-0.03374996801081642
-0.9705358022307966	 0.22062649126324876	-0.09687212158867742
 0.7383664961642805	-0.2808443991245138	-0.6131405555192662
-0.4187616686967422	-0.730371365247671	-0.5396261054253892
 0.06321550527170254	 0.5656605609039772	 0.8222116088520286
-0.5061945643941096	 0.7497739147944178	 0.4261527187191356
 0.8964500503139241	-0.42575497613385904	 0.12292277083364245
-0.754181344585992	 0.5666037032155976	-0.3319197839551542
-0.5705764635034325	 0.22175181278085787	-0.7907392951057381
 0.490056942017988	 0.8710150255144187	-0.03430770916419679
 0.7332858303194675	 0.1518090720560365	 0.6627562875553685
-0.891283939613849	 0.2820432239735609	 0.3550557122438909
-0.23068260226190115	-0.8703382212348878	-0.43508265613716324
-0.06611159416793864	 0.6983471985571812	 0.7126994088561536
 0.5786122326035088	-0.03521616886442402	-0.8148421354668003
-0.26268369862947705	-0.949037160074699	 0.1741428817715165
-0.1634742441046291	 0.6444056008907085	 0.7470057516881012
 0.7533917702782664	 0.6423866928635129	 0.14049974131242626
 0.5784633534564906	-0.4332995140553749	 0.6911090216653573
-0.307243001039904	-0.8859779953713812	 0.3473395025471513
-0.8324835370616228	 0.38903580828312884	-0.3944899243261635
 0.3361033581275527	-0.5654525467012116	 0.7531918414882732
 0.6833613152663115	-0.23304572182150568	-0.6918865545291295
 0.34197447405837356	 0.39902635483023563	 0.8507828320102573
 0.584623728732861	-0.6795349308503733	 0.44322384136761483
-0.801989075956158	-0.10683986541487465	-0.5877063596772791
 0.34507987719601574	 0.8521085998156667	 0.393485466662451
-0.8687419991522446	-0.3510453478923355	-0.3493629955105586
-0.6769817704918774	-0.6672943706576616	 0.3105058861121286
-0.7205840604530214	 0.08569978502490891	-0.6880509855146788
-0.7724792688728189	 0.0630568563232099	 0.6319015841350211
-0.3237260987885592	 0.8938565010831862	 0.31019666090153875
-0.8091801346341321	-0.09725857013033674	 0.579455158100858
 0.5264604358351016	-0.8324111145346882	 0.17300620191031602
 0.373515307039606	 0.42887749036797806	 0.8225268467732672
-0.6057709319733567	 0.7670182819748536	-0.21148175593292895
 0.3073518991574609	-0.9161832782154645	-0.2571828353577792
 0.6100353814709728	 0.3168171062388512	 0.7262807684002139
 0.2788790598334266	-0.7865069608340167	 0.551029282839
 0.24242210358455835	-0.614321988069259	 0.7508928143671845
 0.3327500970898932	-0.33121671102293926	 0.8829342349381484
-0.8130445031052524	 0.5795677735255719	 0.05531574695278674
 0.07657392763666694	-0.8938425034194994	 0.441794084033565
 0.5793871833822936	-0.20623650027674087	-0.7885283746866276
 0.8028569441435371	 0.5439762253903649	-0.24394793184315366
 0.40694874686414156	 0.2816316545780393	 0.8689512808928592
-0.8363071982214748	-0.5158720481339775	 0.18565101711814624
 0.2556183283580617	 0.49848003173765515	 0.8283579710283813
 0.9843400344742537	-0.1647509139297585	-0.06270432912115687
 0.3417186221029423	 0.8989680046957127	 0.27401625835244836
 0.025982811442717555	-0.2733152308551587	-0.9615735427371759
-0.6007335624601464	 0.728829054673957	-0.3285230524590437
-0.6939005930074027	 0.7195115660709785	-0.028373813879397414
 0.7206676621571354	 0.6830860731094952	 0.11845479072126341
 0.8520969093261263	-0.5231868357555666	-0.01436634988232055
-0.09292495384960144	 0.9718582228932631	-0.21646373263620422
-0.9894606477401634	 0.14281470963837595	-0.023907849851517726
 0.1914233586415394	 0.829422372213716	-0.5248005585341584
-0.6624972002939533	-0.16177195608804176	-0.731387239310423
 0.6033489378670085	 0.7144070795745883	 0.3543904398096269
-0.5831693530824512	-0.7275756375447676	-0.36131315679991527
 0.39401937565811485	 0.8550494110333365	 0.3371041920497784
-0.8201589688054821	-0.20907557928488868	-0.5325661161157518
-0.43018582058193255	-0.8864199752366616	-0.17087945245606773
-0.8251054555381464	 0.5618765226039175	 0.059124957401397005
 0.9363559031814559	-0.338440780587607	 0.09324945368467974
 0.4002297059305238	-0.3756714730117707	 0.8358750665356234
 0.49829460416228405	-0.39822457678516376	 0.7701426321838247
 0.03658488734492128	 0.925551465462515	 0.3768501436886422
-0.4986270019126344	 0.13053412786552676	 0.856931709312944
 0.666071227991432	 0.741167094046974	 0.08378817305532826
-0.781889390026236	-0.5882783024490651	-0.20634345308743618
 0.625065637601312	-0.45868361078432607	 0.6315871229592307
-0.7810891419184296	 0.5859990051910917	 0.2156499902438722
 0.5274059032155917	-0.7940651143166295	 0.30216486804171017
-0.6732937699785995	-0.4330972470443944	-0.5992514279587253
-0.24210903555528315	 0.5464249296764072	 0.8017499679642177
 0.4236508022195898	-0.7722760116562474	 0.47340232318717845
 0.7153088355744636	-0.6611807144625781	 0.22621523505692487
-0.12048030808891298	-0.17847361688203167	-0.9765406614370169
-0.8684126996853985	-0.16936836426544172	 0.46601903417260404
-0.15693735503971404	 0.9866101810638449	-0.04439613963292177
-0.006647687071369548	 0.8835825541144647	-0.4682282331525518
 0.40905285998838664	 0.18350248750942824	-0.8938694506543858
 0.9235220914842575	 0.3820881939367318	 0.033399978962707966
 0.024169472016033054	-0.8942374775847989	 0.4469397837575466
 0.7567205429780323	 0.13489798665991623	-0.6396690965101668
 0.32064128772018136	 0.7765655144428775	 0.5423422963288158
-0.10528953342418398	-0.12080848306858345	 0.9870761999815341
-0.12081823091061489	-0.7347110108398662	-0.6675347823374387
-0.6815574316938133	 0.694028972889348	-0.23195528037337243
-0.0091826891614608	 0.9576604939142191	 0.2877534649934521
-0.09981377816002478	 0.3964088597220591	-0.9126320318854024
 0.8663903292822327	 0.10715480051993244	-0.4877352212540713
 0.40591031805095756	-0.8653410733491772	 0.2939755780242035
-0.8114369559112521	-0.34851144735284845	 0.4691586486951973
 0.07197122014722694	 0.19016606544683154	 0.9791103160640229
 0.29469757713083944	 0.6910675242580772	 0.6599841020426362
-0.07555681571224654	 0.9363189445863175	 0.3429256502628377
-0.41509414365557484	-0.41410076759881054	 0.8100724697068287
-0.036923628848437286	-0.5234801418987901	-0.8512374443539743
 0.4566985330573067	-0.8834680612724845	-0.1044539832401894
-0.5067767421243686	 0.6394645581294764	 0.5781543155058904
 0.6277936454334843	-0.35413348256163546	 0.6931555491245125
-0.1041883451891984	-0.7289779710340221	 0.6765618275323082
 0.5062011418144136	-0.7403207354235116	 0.4423636656957428
-1.120099944721414E-4	 0.19549686934372534	-0.9807043191148714
-0.7450491073756742	 0.5851234263981733	-0.3202068136045402
-0.2869798743397209	-0.9188140342273698	-0.2709673822266869
-0.1319112413513217	-0.7390255438395738	-0.6606365641998448
 0.6218413489700967	-0.7820803000520369	 0.04078898112930052
 0.6839070222490053	-0.7036166308877165	-0.1928595905230468
 0.0747858632185945	-0.9685863066305596	 0.23716585182192973
 0.42708153897573864	 0.8765699746827038	-0.22187031922021205
 0.20734368696685465	 0.1536033329510903	 0.9661338476532677
 0.665466216896909	-0.5383386002220132	-0.5170553797031023
-0.8298379877519882	 0.4740096796391822	-0.2944210211450444
 0.7515609194734542	-0.6456006550035267	 0.1354842373829266
 0.4069340623366783	-0.7317826107758336	-0.546716452538492
-0.03736718924183213	-0.711649706739153	-0.7015400117357828
-0.2392442776066666	 0.883817920056711	-0.402029924034385
 0.8058536992163838	 0.5260395633710399	 0.271812790772759
-0.3916573015328786	 0.6672836196974047	-0.6335117434108961
-0.2640161012634463	-0.7708235174937543	 0.5797642651562835
 0.04567286923167935	-0.9686540749364073	 0.24417877083243567
-0.07721190499457797	 0.9831908580075058	 0.16545107572201778
-0.3803623632851288	-0.6374104573121173	-0.6700987848857132
-0.3165544610559756	-0.9485717674307451	-0.0022079897810722837
 0.2175119432335386	-0.6653242143980082	 0.7141654180135322
 0.4153097534381881	 0.7886109744447733	 0.45344298393996185
 0.25683786812917175	 0.7076216544252893	 0.6582597539598471
 0.992067749230928	-0.11183597399850638	 0.05739595678866238
-0.26185416462818595	-0.7525607652429798	 0.6042223854540443
 0.3101971298918075	 0.05664537911350581	 0.9489831619327986
 0.7469745317742673	 0.6499356243851557	-0.14004546774420024
-0.8587243319622734	 0.4654986922842965	-0.21425099574461037
-0.20627975164707013	 0.535017318247517	-0.8192710987430585
-0.9480365962670553	-0.12127007565489643	-0.29414312993682534
 0.21053634224179954	-0.7777991354172348	-0.5922017844786067
-0.8003753892640676	-0.40675184770743134	 0.4404000120878553
 0.8984267849662244	 0.4035072496472125	-0.17323744265428287
 0.867448906879536	-0.39704661993569407	-0.29981056610989953
 0.057289868537388385	 0.22441677449982833	 0.9728077828050421
-0.2547149591583	-0.859728105123021	-0.44270517824232103
 0.9436446806110167	-0.23113376788975495	 0.2368795012144722
-0.2778543050134356	-0.6580673601440316	 0.699817358100359
 0.7910362625590284	-0.5835409451376109	-0.18368885830269543
-0.008600316442013544	 0.5410851180908691	-0.8409238547797817
 0.5853901422728535	 0.41811059968914155	-0.6946235727049253
 0.8847198941627148	-0.25283273643033444	 0.3915945815021753
 0.7947520673071742	 0.3908800579200017	-0.46430801396425325
-0.8492778003898224	-0.2856825468670781	 0.4439737606892604
-0.5903522358210017	-0.792445086743839	 0.15334608621250778
 0.18413085533049245	 0.7255718393327963	-0.6630545483461252
 0.4242968956707204	-0.28626112221614874	 0.8590848120131918
 0.013710547562603712	-0.9744003404780723	-0.22440142014200903
 0.02478940586504481	 0.6492624105378741	-0.7601603828268131
 0.3163869185030293	-0.46654120079692946	 0.8259773760576719
 0.4832261335094846	 0.5460603168691105	 0.684332254270015
 0.06626772124439675	 0.7050565837195248	-0.7060480174002526
 0.5651884446897601	 0.8249581992066025	 0.002447764484069692
-0.0026524132025019746	 0.6006141348000921	-0.7995346307587556
-0.9252562921132267	 0.3749566085468193	 0.05751813289694363
 0.9987923610683067	 0.03724922164169421	-0.03203615080943756
 0.24068039529415405	-0.9702179713351082	-0.027386774535106406
 0.6868985080199008	-0.12443333555503075	 0.7160214973607171
-0.16533347981709867	 0.9437409020694448	 0.28638776198140814
 0.3813982941430552	-0.7115361066264939	-0.5901285539537791
-0.3633518657581681	 0.4585574235434307	 0.810987367943095
 0.3461399923236172	-0.802345886630589	-0.48623881367202726
 0.30190026251109975	 0.3570091581770968	 0.8839687169088111
 0.5592310985123263	 0.3961239035269401	-0.7282488801991227
-0.008912181500285903	-0.6106416133494899	-0.7918569271445681
 0.9208822040705394	 0.31605561486178	-0.22822097743311742
-0.6319700707135466	 0.6220100026246443	-0.4622957780006267
-0.2013717799246094	-0.8671702602755632	-0.45548342005347053
 0.40264104237187626	-0.1434777993394121	-0.9040433131738812
 0.7843001611517078	 0.47981788529402575	-0.39325316803475885
 0.4970300978072065	 0.3374939739934137	 0.7994115957326937
-0.8554470374522392	 0.3025787389621709	-0.42030521391275855
-0.9539769785008596	-0.2769647562330865	 0.11497151079775114
 0.13603815796651217	 0.5898841069320452	 0.7959462041910004
 0.017824612677945325	-0.7222725850894691	 0.6913787645068779
-0.9160445044536283	-0.3702108489930798	 0.15429320512624556
 0.3752259387384919	 0.9011882456487736	-0.21694524839761553
-0.27991969318312304	 0.35980470611078064	 0.8900480542244902
-0.3623265562581489	 0.12291880990793214	 0.9239104030158596
-0.23689810928763239	-0.7633886851356606	-0.6009301134265053
 0.7187335538881261	-0.09074586629373096	-0.6893382814452891
 0.502263743923978	-0.35838229599496274	 0.7869518800135415
 0.3753989740309727	 0.11551034473829337	 0.9196374125463436
-0.1854665876882739	 0.9785680723165052	-0.08948001281865547
 0.16675425096504054	 0.854486349764439	-0.4919818064230965
 0.734954625926334	 0.14236837059411747	-0.6630029750188597
-0.5860190965208928	-0.7355602490135293	 0.3399010717605804
 0.3646771232705936	-0.33987157343800345	 0.8668897907645816
 0.9540045523578979	-0.1293206328195406	-0.2704653175687417
 0.19800801018898154	 0.24088127355720199	-0.9501415894225769
 0.7182977564283273	-0.07688178382098047	-0.6914748906696
-0.792414642086165	 0.2993681590136625	-0.5314675346399116
-0.5272507113255962	 0.482779789174903	-0.6992355558543122
-0.1120078397884414	 0.842726738916647	-0.5265604308537057
 0.5870096172327374	-0.809085592850152	 0.028288031366519473
 0.24042069133640398	 0.8177752445734108	 0.5229163800649428
-0.5374770282538601	-0.5641480655865824	-0.6267817835533485
-0.4520849580794332	-0.571399008140042	-0.6849250792421702
-0.9269004110701247	-0.3750235994840533	-0.014592045369252071
-0.35458601189914996	-0.7866633771774117	-0.5054003276347228
 0.8096781841357359	 0.4728201425989112	-0.3476526296282001
-0.15197595342086312	-0.45897440173993675	 0.8753546756197095
 0.79894897462101	 0.21238824099056877	-0.5626471105772863
 0.2398772193231837	 0.4858469785543414	 0.840482976079465
 0.32986261042440895	 0.006124584493471437	 0.9440090824291771
-0.04288088311772807	 0.5001379208704945	 0.8648833967480141
 0.5291781928554647	 0.7590196224772954	 0.37928835059971
-0.9197914454553608	-0.3892923936436123	-0.04934702745216546
-0.07390414818974105	-0.2526729372709149	 0.9647251233648044
-0.2029499513163447	-0.963553550858917	 0.17428675190003862
 0.08832199385785867	 0.7236658894859934	 0.6844756429526315
-0.6182948914076626	 0.6185563302580778	-0.4848705946506209
-0.06373967521849855	 0.7666005707620629	-0.6389529080537311
-0.27860900696808494	 0.9011130779065397	-0.3322231811027945
 0.9217752808236488	 0.03580651387695719	-0.3860676433301069
-0.8222895315107444	 0.43811617748052195	-0.36317233016530404
 0.9077657215716224	 0.17032666295980714	 0.38334087001587513
 0.7929944296954642	-0.4321655054961042	-0.4294098395836574
-0.5446652829657633	 0.5762419074531394	-0.6093315957888548
-0.8511974984489826	 0.1907632543297457	-0.48895009912231235
-0.9312517430815889	-0.3277087902985887	 0.15930203943621657
 0.5605593103373042	 0.6440018100503333	 0.5206101499645008
-0.5345148238824488	-0.8444825719046787	 0.03380959625866686
-0.05329614745501139	-0.11601143003090855	 0.9918169532573222
-0.1706837732844896	-0.9852463669627486	 0.012515826943268138
 0.39823689901616705	 0.33355719125781746	 0.8544863793075832
-0.4445420606811616	 0.2763050783920708	-0.852078552681675
 0.468161761979688	-0.17885259199098777	 0.8653532891011504
 0.42627187012116396	 0.875226814084808	-0.22862702519685296
 0.036254356214208014	-0.5969804827528874	-0.8014361639379788
 0.07420032724488591	-0.4999915572779912	 0.862845730178623
 0.3348373150216099	 0.40883759649049267	-0.8489615964017432
-0.4385795460618417	 0.7557224204801981	-0.48634515003209344
-0.8182465156875907	 0.5711733693721439	-0.06506628685571303
 0.7783436675051126	 0.10281890740101991	 0.6193620972706928
 0.5562250970596087	 0.35821395997441696	-0.7498642545691023
-0.6730085556882153	-0.2608775622807057	 0.6920999793880498
-0.7904105633148573	-0.47478393767750854	-0.3870805522416876
 0.05668928639052614	-0.06924825027698672	 0.995987452050531
-0.09403510787844513	-0.9603081563317413	 0.2626131058592114
-0.5297981336372022	 0.8437253037948149	 0.08626441520629813
 0.4385385828966112	-0.19941446912174388	 0.8763091810633534
-0.9345220169137711	 0.22926349729235448	 0.27222573117303916
-0.4528039875484802	-0.8423126973476143	 0.2923659842512156
-0.8481468414699876	 0.06311061414366494	 0.5259885794262964
 0.11296716883324562	 0.18274755975114076	 0.9766482213012033
-0.9075468459706195	 0.41293908860796397	-0.07642009858934085
-0.09584825970152248	 0.9935154436229724	 0.06115696521932534
-0.1020523417220074	-0.5456390315209192	 0.8317832451005298
-0.488677097667849	-0.7516856196696619	 0.44290340187987276
 0.6544871982184204	 0.7112846466791922	-0.2563604079546191
 0.336990180148318	-0.6796153005796145	 0.6515831963008902
 0.5486762894857863	 0.8319490706794478	-0.08255345632808408
 0.28923556102436054	 0.9570007735706153	-0.022188051382836083
 0.8975608375048341	 0.38688002721414916	-0.2114435799933405
-0.7344228152728357	-0.6084847624999619	-0.3006150731618211
-0.769675858246057	-0.3967034244224471	 0.500225415472564
 0.11292923393093478	-0.9820270836454863	 0.1512276268097632
-0.041998639763672754	 0.5421693118291455	 0.8392190128737027
-0.17026813565903093	-0.48917013070446685	 0.8554071224895037
-0.9197489316299621	 0.14726647372726775	 0.3638330502874625
-0.2760067423772787	 0.027004719280797677	 0.960776260790642
 0.5554292712899317	-0.7156091083761411	-0.42355864836341106
 0.7907583347584146	-0.5901727305442381	-0.16247277966495588
-0.09922045157356234	 0.9194989732988035	-0.3803642203099349
 0.2537737545403031	 0.4964650033068983	 0.8301333519369039
-0.09910597928861536	 0.540442051337894	-0.8355240236013166
-0.15116111236512778	 0.42420487483152786	 0.8928608750962856
 0.19940336947280665	 0.36018431739149986	 0.9113207743424434
 0.41735102077563646	 0.2073925560211487	-0.8847635012615229
 0.29088663046865315	-0.8505272507963473	 0.43816476794397863
 0.5302388154755201	 0.8477957652688675	-0.009441342875496916
-0.7940108051376985	-0.6078461822624514	 0.008358231484396406
-0.546476500812529	-0.4764393927856949	 0.6887444657212807
-0.33410294826448783	 0.717707133968746	-0.6109596466308931
 0.7402751712663738	 0.5130378181541487	-0.43449380657285763
 0.29669550289893304	 0.6114303130391934	 0.7335698677401787
-0.8143731130363688	 0.4794832580239254	-0.326943784217127
-0.42879087261130716	-0.29375577251733465	-0.8543102092787944
 0.9573172478106511	-0.2564971776085339	 0.13323995242830344
-0.6893343890431894	-0.2752498220364096	 0.6701161358685355
 0.5355674314410764	-0.8375840774241635	-0.1077981429576631
-0.4436351044425977	 0.2644378740902752	-0.8563063148504868
 0.034959270857274884	-0.8019322542048615	 0.5963912382379852
 0.3314317184464035	-0.733654433606387	 0.5932151279741231
 0.08698131893857225	-0.9897897633400253	 0.11291799919854628
-0.26744418405727177	 0.6822445337009934	 0.6804527938432279
-0.8852895274220844	 0.15896116066938315	-0.43702837669357897
 0.36645720393289477	 0.06595083580490471	-0.9280946099090972
-0.6674201682740422	 0.3718074100251222	 0.6452205582833361
 0.3905579207099759	-0.7380567145767134	 0.5502152275600232
-0.13683023823268103	-0.8570044070179995	 0.4968107610115897
 0.03973449331081035	 0.9817146941614252	 0.18616505931262295
-0.8993344033884146	 0.22853374750843095	 0.37278674484449836
-0.2968766049192933	-0.02393830357983041	 0.9546157546747873
-0.8909961254347245	-0.45354962096967877	 0.020460835236358
 0.4685037992988408	 0.36463946515266976	 0.8047000997239446
-0.729369842131605	-0.6489451484107241	-0.21654059144442384
 0.8702395874253124	 0.30853803462922763	 0.3840408072913031
 0.5410590579261085	-0.22929903443796623	-0.809121158196922
-0.3217237971685498	-0.8720917014404529	 0.3687137949875836
-0.9285455078309286	-0.3645232551254611	 0.0701857276071216
-0.1665601142029817	 0.7279137793676778	 0.6651310082708168
-0.7057665077795707	 0.7051541573527548	 0.06820007965358421
-0.6778686692241925	 0.3839297627513836	 0.6269704973584391
 0.366237571220689	-0.32289198114849194	 0.8727031625566466
 0.98606483678821	-0.10347399601700408	-0.1302661498552633
-0.2276309578526405	 0.8887341183926586	 0.3979143297644776
 0.6773592977296725	 0.06765634699825634	-0.7325346411535882
-0.32191897915946477	 0.9075361591599674	-0.26971520289761597
-0.41606777056992883	-0.5562181694702978	-0.7193809548800136
-0.13997004181090458	-0.9517077461279755	-0.2732411999597839
 0.9868206082277851	-0.11961211200426125	-0.10898637455583304
-0.5560026133476262	 0.15886613520639892	 0.8158570003592494
-0.09472170812526422	-0.4445519382146501	-0.8907308079545864
-0.3242888450395571	 0.5457716003862504	 0.7726384052030686
 0.6809118216700001	-0.08048535960502913	-0.7279293908060664
 0.19634302808962523	-0.06765288098774211	-0.9781986010083306
 0.7805358076036943	-0.6040067433699395	 0.16105808583268488
 0.17960209933833463	 0.9119567395683394	 0.3688875046259317
 0.6453297566769555	 0.4046855638189573	-0.6479036190544036
-0.9956535001219868	-0.08737447370906945	-0.0322460701311027
-0.4910464351028868	-0.15698980308476587	-0.8568708189103844
-0.2427536157199101	-0.5440265028333022	 0.803184814516483
 0.7422478265024135	-0.664159098750254	-0.08922362691402652
-0.033132964293367935	 0.01814715069559722	-0.9992861890363369
-0.5750806019601253	 0.795795952953668	-0.18971321122089368
 0.32462902249583736	 0.36772093959210916	 0.8714340527767397
-0.009977217845307794	-0.9327402242277929	 0.36041105592303047
-0.6491647912755399	 0.06605620107175575	 0.7577741431773404
-0.5864320291378908	-0.4910068888379859	 0.644212472958152
-0.5683090507536178	-0.6775012180549022	 0.4669228227080422
 0.8159191929083699	-0.42570942148668567	-0.3912126775824445
-0.45916215132680366	 0.6179438050760667	-0.6382127956701069
 0.9603714324635272	 0.09694874565188996	 0.2613190624973196
 0.1653284867520239	-0.14894079369622937	-0.9749272441784684
 0.5369360187087	 0.6272376184596835	-0.5641566110596197
 0.8178535456115716	-0.5466400051590689	-0.17972279401977342
-0.48651686427112334	-0.8387455811671374	 0.24455508756187072
-0.7138746841167641	-0.2748235154887003	 0.6440923619416878
 0.5255082926342611	-0.5236324041044847	-0.6705595721070436
 0.8650048449708798	-0.4006362343397693	-0.3020881095160044
-0.5315629143146497	-0.7436313305221736	-0.4055284359833946
-0.4964297686017985	 0.34133230052351593	-0.7981539610033199
-0.4922648876076032	-0.39737562964295015	-0.7744468279969534
-0.6650088554065885	 0.3965703477009428	 0.6328468863439027
-0.7660443550142315	-0.39750968387621766	-0.5051357217376926
-0.6311847504249204	 0.3105520320339759	-0.7107483705437525
-0.41596337110295467	-0.11711605541459269	-0.9018083518491009
 0.7046485253229383	 0.6702983224367525	-0.23274581564162156
-0.04369555524385174	-0.9102728976073854	-0.41169642982832144
 0.6661252493436675	 0.19652759439221523	-0.7194817974273191
-0.10202247052014973	-0.5259613234885908	 0.8443672789154582
-0.33678589705005263	 0.8789575497923392	-0.3376520179285749
 0.731537806273222	-0.41213624093754153	-0.5431354866871017
 0.40776681901059864	 0.6517776125149807	-0.6394624032249663
-0.9123019444848686	-0.009187358036545312	 0.40941513716695455
-0.19107631419157625	-0.9538174948497954	-0.23178013002287856
 0.6877992255970605	-0.5294245992917951	-0.4966304651678206
-0.8468589076294138	 0.503827527786322	-0.1702580770872235
 0.28037727467340856	-0.7508676248052226	 0.5979852789710425
 0.02981201880312642	 0.19065769201916102	-0.9812037953497779
-0.11986864493161996	 0.9902085716833166	-0.07154364071770125
 0.5942607067608541	 0.635253864982248	-0.49326132974844716
-0.6563316247693911	-0.5787812257589489	-0.48398459793317805
 0.0671956879106556	-0.9234579580652279	-0.3777699554123033
 0.03261191754098112	 0.03697706277791038	 0.9987838403091125
-0.2638480993291618	-0.7930585914285763	 0.5490375679693618
-0.8527679439554445	-0.5146516087839811	 0.08899750186417577
-0.6649305182957904	 0.4208668369176941	 0.6170401214036139
-0.584839299048343	-0.752959233123642	 0.3016875661052334
-0.7153122373561218	 0.4753947283186958	 0.5121799052826776
 0.4795515824665228	-0.6385964636933811	 0.6018511745541102
 0.21030670250752323	-0.941228783855979	 0.26430941587731427
-0.43935305765990834	-0.3703887572330973	-0.818401526904863
 0.2458421090105285	-0.05781197124971149	 0.9675843288403745
-0.19746493442239002	 0.6804213855575768	 0.7057154793183076
 0.4651921230437528	 0.25970611094694923	 0.8462558860030793
-0.25726596899700493	-0.19499071743747473	-0.9464633333147412
 0.0975379193672784	 0.8608515253985205	 0.4994206698811561
 0.7193527439074935	-0.6752434471942026	-0.16302735001848667
-0.8853507672568086	 0.4612269478918016	-0.05851257519707809
 0.1068659244720406	 0.6050372516292722	 0.7889927745725134
 0.7947735943890806	-0.45571337800416867	 0.40082446378669423
 0.569225224976661	-0.6478886072082285	-0.5061847448314216
-0.52265486653804	 0.4104178595076012	 0.7472543550099273
-0.4936643009278636	-0.01577336077295703	 0.8695094933807967
 0.2420634816984481	 0.9639779825622097	-0.110234840061195
 0.6793319388960639	-0.2649551111888183	-0.6843295301611905
 0.5556365519767317	-0.649534685820237	 0.5190112850640289
-0.5527426018112562	-0.6642204883503603	 0.5032760266479339
-0.5512235521362784	-0.8179041966163689	 0.16487971593739403
-0.5403225388497584	-0.6007381240139217	-0.5892073152695791
-0.7160600946276198	-0.024721011294947165	 0.6976007543591387
-0.8446273207249541	 0.3557620946008182	 0.40004752358966567
-0.07678778698764986	-0.4716891795626293	-0.8784150235811503
-0.984268902747351	-0.12715628173877547	-0.12266216653432638
-0.3974915252091303	-0.45931849016270654	 0.7943720866077628
-0.005382741852108065	 0.9166292077631222	 0.3997022911689456
 0.2149357659425065	-0.2213226427519404	-0.9512196929858028
 0.22750211804734927	 0.14292498440372062	 0.9632316622272994
 0.09299962773199176	 0.7911222347345832	 0.6045466722679647
-0.23802905202565208	 0.9059064790402541	-0.35025079817847526
 0.9030800793534651	 0.41043352237036024	 0.1264543158203706
-0.28634428603931306	 0.9391282339516072	-0.18985549780707323
-0.14992163021980925	 0.972015604106175	-0.1808567669907386
-0.8799261449030179	-0.04575513211816415	-0.47290215415132386
 0.28206429084019746	 0.08643977894053664	-0.955493537628344
 0.5654265244572966	 0.792979306511125	 0.22688469513230158
 0.2687590427065352	-0.7488694034791915	 0.6057748703075976
-0.9977035712363459	-0.06772908029349416	-5.963428870561227E-4
 0.30933297139493293	-0.7663118547859616	 0.5630979080253102
 0.6434081664394383	-0.6281709893199112	 0.43752387310395324
-0.1746133552450655	 0.6119641095195613	-0.7713689809876922
 0.298604197081242	 0.7244448565144221	 0.6213012017976991
 0.7539921896833376	 0.5651339043896537	 0.33484242264956743
-0.9642325574474835	 0.08928858620230742	 0.24956587012706444
 0.08176282219485462	 0.6869989566872371	-0.7220438175189787
 0.9885798266469161	-0.05782362693899382	-0.13916305010444896
 0.7152519143489872	-0.6723030682247616	-0.19084884981492722
 0.3591170671080628	-0.83717126852487	-0.41252781635686486
 0.8726912503726263	 0.24789862810266378	-0.42066168319432107
 0.2863037563429526	 0.11330793633826486	 0.9514155089479459
 0.8211797838141154	 0.18734064558609198	 0.5390428973341443
-0.3310207884089413	 0.4360005119558087	 0.8368564938000993
-0.056661832385700946	-0.9338608665799566	 0.3531194112778666
-0.16890618315169734	-0.2026683029926566	 0.9645705055905462
 0.621194192271421	-0.7283147118697383	-0.2892671014172834
-0.8709622368770666	 0.48822362072459174	-0.05533966119038314
 0.7364125495044737	-0.6034961534422948	-0.30575962734258355
-0.9371461114739741	 0.18008828059599366	 0.2988735132814353
 0.6138760170501115	 0.09481372445338757	-0.7836878162546412
-0.9601723602576203	-0.004195270142063132	-0.27937687503754804
 0.1743811081742145	-0.2840010130156305	 0.9428333117354459
 0.7667578454547043	 0.5775105397325905	 0.28029267370274225
 0.4036519768742804	 0.09304226709411184	-0.9101693348490012
 0.3871695364012184	-0.5825691748810222	-0.7146418029763657
-0.043270836281314014	 0.9989372757088497	 0.01587305663371974
-0.169687466660952	 0.32408541536860724	-0.9306851278512758
-0.7789137014651024	-0.006679666529250583	 0.6270955491191046
-0.8823456934958914	-0.45748153364513505	 0.11034819229579385
-0.9180385027648423	 0.29016660602347993	 0.27020112544195873
 0.4982206128341413	 0.6532336140403019	 0.5701421458154261
-0.10100182156952846	-0.09330217555596472	-0.9905015578363121
 0.8903493216177196	-0.20830735401873238	-0.4048285214218248
 0.2537586647329275	 0.008072464912387566	 0.9672338783268501
 0.885959041177248	 0.031039579958004847	-0.46272359117762973
-0.27174422001151716	-0.9299150077844266	-0.24781678148911168
-0.78912104195168	-0.4882238450593233	-0.3727270559867968
-0.4337969163584476	-0.896471059796146	-0.09033202259374362
 0.2597854029480353	 0.7759585522804374	 0.574804201061522
-0.05245190030900362	-0.9777452463586984	-0.2031330386149497
-0.9721274003239521	-0.22388705304210957	 0.06959098375158956
-0.35455811254897124	-0.6423098921490494	-0.6795046337393054
-0.34935318766973644	-0.5246918572470456	-0.7763058709063329
 0.25458895322662417	 0.7814790008967711	 0.569627102631499
 0.7361581242952948	-0.5609793717787297	-0.3786467489267207
-0.5874925535559814	-0.6074638748482156	 0.5346401970210095
-0.9294769436099048	-0.32861738535810864	-0.16758050405100877
-0.3480477288126393	-0.44714885304303004	 0.8239664323809959
 0.043886016314568746	 0.05794956029939131	 0.997354433505534
 0.8803010215814673	 0.2078318519025687	-0.426469263531821
-0.7198132872370206	 0.359572528179683	-0.5937814652677411
 0.6404397414416221	-0.6490775195043105	-0.4105305241468893
 0.07735108800489578	 0.9886267538018569	-0.1289726748255664
 0.6347013734202741	-0.7531624207107325	 0.17291771050869076
-0.04146176770240778	-0.49184528196319655	-0.8696948547792698
-0.8207551412923004	-0.5693958156893297	 0.046361655683749614
-0.8221240716066944	 0.3162660257641405	-0.4733791417375577
-0.6722967095896722	-0.32372467668369953	-0.6657473003932755
 0.8239681476091759	 0.5143880915022061	-0.23765812219703597
 0.7679362943784547	-0.5340031365699152	-0.3537152780270876
-0.22076254230843892	 0.9162816158031726	-0.3342033818719403
 0.22224416539055664	-0.09913063312848067	 0.9699384766702481
-0.9025483591192573	-0.12994908464754948	-0.41051150391968316
 0.9327060884946133	 0.20074645049272707	 0.2996000919553423
 0.5936968280268892	 0.7409148959945075	 0.3139573112451093
 0.3420565657689846	 0.8947025928134399	-0.28723609840553865
-0.8469107510975596	-0.511487076177889	 0.14533805619438311
 0.1090592514891588	 0.2940962341732255	 0.9495332983680729
-0.04834521271898965	 0.9611899088049501	 0.27161866581420235
-0.831674203597325	-0.12861029604360202	-0.5401642443019827
 0.5541426803596312	 0.5577344089383285	-0.6179467767454225
-0.6816334132452748	 0.3426034130876186	-0.6465282602394973
-0.5888965524295521	 0.8062563782842297	 0.056138249105088356
 0.7521942748933809	-0.5971109562206467	-0.27867952701783816
 0.8638567214577019	-0.10338047909333341	 0.49301525466742246
 0.23887137679358847	-0.8885322455691721	 0.3917281122571368
 0.9606093341372783	 0.16863739814985992	-0.2208871547047957
-0.3291241018781731	-0.6795180661933566	-0.6556923998947426
 0.38370887777231577	 0.09356496580052677	-0.9187018527756741
-0.4447438645932132	 0.5271696608460351	 0.7240822077569438
-0.2887517503861066	-0.31310780715522485	 0.9047573861248142
-0.19557237722891435	-0.9277370926879651	-0.31789201329368644
-0.39518339424568094	 0.9092538365551528	-0.13071933912852485
 0.1406453780803421	-0.9834268625107159	 0.11441365179456242
-0.2753000710663536	 0.6938469672317273	-0.665421863883503
-0.6626180473938277	-0.7157013745966235	-0.2207008510823978
 0.7430556749016278	 0.17949789047953724	 0.644708283884954
-0.6064935944912803	 0.7568073748900985	 0.24373780411131185
-0.745574754629007	 0.6231033838647719	-0.23634817172165046
-0.6950355348412158	-0.3220177658993372	 0.6428298093221756
 0.6963331139110781	-0.6200411555374168	-0.36148189430554667
 0.7792410420712831	 0.5315897072909765	 0.33195749946936703
-0.5968873984924936	 0.7636248137858693	-0.24617590721140714
-0.04806375225549185	-0.9843579705102157	 0.16949708437649313
 0.1422973688676535	-0.19581747035592487	-0.9702612932178369
 0.6116853916249728	-0.5020796587996634	-0.6113566863069522
 0.874663821186935	 0.12194937726932546	 0.46913915770301373
-0.4515116733958945	 0.3949236831906317	 0.8001078010133289
-0.844742108408038	 0.4845419347688134	-0.2272221022102332
 0.7426787274914955	-0.32255288695222983	-0.5868457572909553
-0.3311409274750273	-0.8116682139895338	-0.4811864467646807
 0.8753258991615812	 0.11092996972537518	 0.4706369217068471
 0.8181405955551355	-0.14049901309911436	-0.5575894486294222
 0.5379882614099735	 0.7601133798761328	 0.36441223952874546
-0.6562956862704336	 0.740058444281765	-0.14693356059823182
 0.6066397223671262	 0.7919502427663597	-0.06930411408163306
-0.34381629093828897	-0.6166146343115767	-0.7082208347953611
 0.9710014990849479	-0.0920500269672484	 0.2206419754038489
-0.39038271190626883	 0.3703404689893639	-0.8428815309837114
-0.018078844665712492	-0.9998364930753221	-3.7747899864770673E-4
 0.3299927538772604	 0.5298169382949655	-0.7812802277571413
 0.9871476483488699	 0.15158530948838972	-0.05061041697718882
 0.6346461614892235	-0.3506488173775369	 0.6886723869727385
 0.05756368816792821	 0.5540273933237054	 0.8305059116294391
 0.8731404509675446	-0.45895480412607886	-0.1642748935588927
 0.09375482913384463	 0.9518523034612186	-0.29186850534042863
-0.0551704132525311	 0.07289793176370607	-0.9958122900658131
-0.2871304724777047	-0.925353532812225	-0.24754177644725828
 0.6757177874523482	 0.32603272120571863	-0.6611415403857914
 0.08346691233417923	-0.41884656713043744	-0.9042128221544121
-0.5542101571110145	 0.6505526186314471	 0.5192613909648507
-0.39922885737363045	-0.510701792977407	 0.7614459915777396
 0.6343155863740255	-0.4493492533134077	-0.6290699368350541
-0.1378982257720213	-0.6161698352093279	 0.7754474924242378
 0.08525258043165951	 0.7537810009191265	-0.6515720989906668
-0.6328946998475327	 0.08083587924032723	-0.7700064022671143
-0.7492929125872764	-0.3298467883556669	 0.5742484021378973
 0.7012580833207237	 0.046814771411634364	-0.7113687354354432
 0.44180638708695824	-0.6383706192873677	-0.6303095023556533
-0.9585470384417212	-0.2690073926583027	-0.09392868459521453
-0.19838859638690778	-0.12791683847998267	-0.9717403188387927
-0.13176997725276382	-0.7745640752502074	-0.618617140424186
 0.23006899584027973	 0.9723143261410375	-0.04090364695165327
-0.5337931641924437	 0.3462410467956797	 0.7714803920873496
 0.2968453750718228	 0.6125041758175069	-0.7326127612214965
-0.038987063449684056	 0.7480263584042842	 0.6625228871639044
-0.6515311095155756	-0.37521898882876575	-0.6593314217870414
-0.4824257035353012	-0.8592913648538316	-0.16995231936078103
-0.9804805033181454	 0.1820030012948692	 0.074383399577165
 0.9925068160414662	 0.08715999252686975	-0.08563501511617266
-0.9928308188593236	 0.11949060519363075	-0.0029933916524300663
-0.8426530200243083	-0.36491855816566193	 0.39594233639534826
 0.07516441353762729	 0.9638847248489598	-0.25549275555363504
 0.38417638915734953	-0.290969936832683	 0.8762105899118118
 0.09927622012221571	 0.3930745159581527	-0.9141316409700024
 0.2658525637869008	 0.14901293171014937	 0.9524271943361751
-0.5447466313405704	-0.8384510889266608	 0.015839164144528795
-0.962893604585678	 0.20191972222421328	-0.17906516139354545
-0.3976688501267697	-0.6025444335399746	-0.6919535325792072
-0.7545154393522046	 0.6385902238221429	 0.15135712014284408
 0.5237127083353872	 0.7716025056990604	 0.3610464960734907
-0.20815522769353115	-0.9442637296954485	-0.25502433210479203
-0.9301059930836053	 0.324607792361805	 0.1718505826814556
 0.10567372564439328	-0.9941175111103694	 0.023736845033784926
-0.5327136376045308	 0.1321692955657398	 0.8359111541424751
-0.12709332276215882	-0.8612464075228299	 0.49203852779868096
 0.20346562627662004	-0.9740121876301042	 0.09950877987334295
-0.18074915917923012	 0.1523936478082083	 0.9716511295540746
-0.6642325732128626	 0.7255476015174854	 0.1799326724506789
-0.08196824013118936	-0.7715794265132113	 0.6308299265185029
-0.9333694578702808	-0.16096069533921728	 0.3208007320297972
-0.691960204652489	-0.38313827537626105	 0.6118791850675998
 0.501240292435528	-0.7848755209808963	 0.3643193459097569
-0.30911564563082156	 0.7436088291782467	-0.5928688107789086
-0.5211529883901217	 0.8534629320028176	-7.657605366804265E-4
-0.27462167999379167	 0.0766365742559817	-0.9584934889521655
-0.6566313255518332	 0.2329930286146681	-0.7173210933194469
-0.08994340502141394	-0.9078773036294224	-0.40947403513253855
 0.7656059549123133	-0.3556222155231087	 0.5360786897734702
 0.8829526928766165	 0.2388597747995306	-0.4041541167978484
-0.1984255146147093	 0.9550419372908586	-0.22027758207682346
-0.23202342764412556	-0.8116457879495119	 0.5360935029713447
 0.22617145491799884	-0.8345104410423149	-0.502432877876873
-0.09051524478568944	 0.737747640203738	 0.6689808740429002
 0.5897309329422311	-0.7549943586682416	-0.28670707195710454
 0.6854256934309036	 0.11737472305931262	-0.7186200617652658
 0.3458895025181985	-0.2988189095593346	-0.8894198734779224
-0.7378225231789926	 0.10200013178108763	 0.6672435068297224
-0.8377501735632928	-0.4879895613443105	 0.24503231361120537
 0.8228924210106501	-0.5681962544696512	-0.00103915826049783
 0.19661932430948775	 0.6042900814207635	 0.7721232665867332
-0.19836790232503887	 0.7191488004261936	 0.6659393201882065
 0.7618813574579144	-0.6453774308731188	 0.05499789884803019
 0.6937301321703397	-0.35809229032778994	 0.624906725301241
 0.42844514980686443	 0.7642153845022226	-0.4820887881885385
 0.9843369099655651	 0.07323190993462735	-0.16036812353697205
 0.9108602986844234	 0.2550695245849338	-0.3244580926846161
 0.9561746805900088	-0.2923295426814889	-0.01653537644647174
-0.1852163756300991	 0.40497679422694527	 0.8953706999540003
 0.480219614364586	-0.4314512331648156	-0.7637008284531897
 0.029805345747430444	 0.7679913788317374	 0.6397662724816016
-0.6010794460718069	 0.20768458031742373	-0.7717322169045331
-0.26360072097865933	-0.5181979882699348	-0.8136249165632303
 0.8089106234028265	-0.5869287846328871	-0.034324992577022595
-0.7025430258382593	-0.31145845073210643	 0.6398647750217064
 0.9444484508128097	-0.31887111392944845	-0.07961367004903375
 0.10761894255130469	-0.8987624302614087	 0.42502265487235547
 0.9252472177185307	-0.07395155021027074	 0.37208702520460935
 0.16392247174513175	-0.9058198319344059	 0.39066591268152795
 0.009129246692631652	-0.8996731182910441	-0.43646871260067877
-0.25924627705254205	 0.9531666226401294	 0.1557714907138208
-0.13062148103424043	-0.662154295130016	-0.7378954655866192
 0.40116567726553914	 0.8270888800487958	 0.3936878000188855
 0.9942670671032517	 0.06706810886565083	-0.08327585512669944
-0.10168037174498208	-0.9205154486171248	 0.377243172050888
 0.6006225062364556	-0.2563915190431416	 0.7573083876235553
 0.8061841868072279	-0.5117097090276153	 0.29701890618080506
 0.17074651930127796	-0.9806998117219945	-0.09525494966112191
-0.7567071123099146	-0.21609062594931952	 0.6170082556631
 0.4283579156425062	-0.32666650383283435	 0.8424953954651861
-0.9456056443461814	 0.32199835870929083	 0.046335972733566155
-0.083760268200614	-0.8287412550490262	-0.5533282476529879
-0.3577801199073838	-0.7297223472783159	 0.5826651539964296
 0.528445899500125	-0.8297457681280305	 0.17962987383820228
 0.3410510767282727	 0.7815440191595204	 0.5223725769778398
-0.15543782708808015	-0.1447809481957273	-0.9771783659852904
-0.9282715392286068	-0.1624940196910896	 0.33452599752901846
 0.8093161150013861	 0.5277485007466147	 0.2578545054071453
-0.43504947594797583	 0.8894795836734603	-0.13985000430990135
-0.7544092548480176	-0.5836270470321248	 0.30040996350357796
-0.6388958038309762	-0.6410922712253687	 0.42522094447742
 0.7729598389612304	 0.4473775790460471	 0.4498737479781705
-0.9891866254933256	-0.020063720425735322	 0.1452834025888885
 0.6726179570461371	 0.6455323066653441	-0.3617639076945083
-0.20947068073071787	-0.22517553736647097	 0.9515345560125132
 0.893358014893051	-0.4470844852757695	 0.045021331078140436
 0.6541675447896554	-0.6865641252482099	-0.31732400675970696
 0.48717206653153733	-0.3707288157634531	 0.7907107706070653
-0.2536562205015026	 0.082318304002349	 0.9637853592097516
-0.8292717772037774	 0.532145096944001	-0.17067488195908664
-0.8448181044620767	-0.047814083076069304	 0.5329129233117718
 0.3128438774682081	 0.875421781267768	-0.36846358464931783
-0.9541129581293297	-0.24075337659931573	 0.17806255862962317
-0.9025185687471625	-0.32471263914350146	 0.28288148586826134
-0.810464268954261	 0.32354246547675175	-0.4883317947683319
-0.9533512443659581	-0.20947258442175487	 0.21735372378119022
-0.1876114947719356	-0.8046226257343563	-0.5633687577295974
 0.7743429067605929	 0.6317892449332708	-0.03514843860263461
-0.5071451136830708	-0.5629963920894324	-0.6525633273190174
-0.6233502540418188	 0.7818557183975349	 0.011666035962343946
 0.5004637770762607	 0.08248445721765309	 0.8618191934228849
-0.8209617615028946	-0.5491476879880905	 0.1563924644201229
-0.13252309225722644	-0.5753549186058872	-0.8070962443566414
-0.7407082280502625	 0.3225089167432718	 0.5893550029648698
-0.5118444873251583	-0.11532338563470704	-0.8513023772553407
 0.32989760668416074	-0.8837720246896213	 0.33183516612931485
-0.3228499537357273	 0.9281404557382853	 0.18526522014335778
 0.7656715547404305	-0.0381526779750027	 0.6420992473323013
 0.985345817003492	 0.1603569227873608	-0.058131559654710285
 0.6740930580223827	-0.5685181759588481	-0.4715778119573233
 0.3203689080126466	 0.9134867639358607	 0.25081007733496996
 0.31507973532739236	-0.7312242588941498	 0.6050089615788528
 0.9659715776341398	-0.012831020350090535	-0.2583297817128074
-0.3171072907232959	 0.48485370121162275	-0.81508272867944
 0.19129604692577581	-0.49241479229402796	 0.8490780263088904
 0.3636489542000026	-0.5851841600552316	 0.7247888912846951
-0.9581923929169905	 0.024004798317456784	 0.2851159550318956
-0.5852426037692767	-0.6530807497403875	-0.4806002799124143
-0.4442821394624974	-0.2772563541042079	 0.8519050972165081
 0.45200080046143826	-0.06367403645118744	 0.8897420375952976
-0.45325974022032706	-0.2781354438768908	 0.846874419707436
 0.006113738116929211	 0.9998442556323196	 0.01655556357514265
-0.32261865220645236	 0.5808736098199573	-0.7473306193802205
 0.09646756808830376	 0.2697951556287864	-0.9580733700016755
-0.843639731069832	-0.35178664708126944	 0.40560838144168043
-0.22681881032122025	 0.35934325667651	-0.9052213271711986
-0.3678291940885862	-0.22980803014478113	 0.9010493622755174
 0.7832050549063543	 0.35819201115766525	-0.508220744472283
 0.4793781948524693	 0.8692296128818359	 0.12098109930597345
-0.4299637330969413	 0.7356564105809819	 0.5233935744661449
-0.6997132434019465	-0.7132236878051719	-0.04139260998679806
-0.17711892463057707	 0.23583592300604944	 0.955515726692969
-0.34211174310855497	 0.1086660599127153	-0.9333548321245635
 0.45779904594108267	 0.595320509818956	 0.6603132015372197
-0.7982836783235489	-0.5381142025231864	 0.2705111346415521
-0.2470699344440211	 0.7313954803580126	 0.635623393847095
 0.7472659617069618	-9.554006332741458E-4	 0.6645243935957501
 0.23573730855264785	-0.3143932878999222	-0.9195568399396692
 0.6834278189205849	-0.6413511259689536	 0.3487049605953543
-0.021836850773158018	-0.5494460831123261	-0.8352437690284398
-0.29985188645563876	-0.9247668364246805	-0.23429712853145035
 0.9364800071848646	-0.10429850210206268	-0.33485372717397377
 0.22860103755893244	-0.4952130096669191	-0.8381560956549869
 0.4833456428703097	 0.8338301841015224	-0.2666537335187873
-0.06705785188277895	 0.5637301317466857	 0.8232323991812589
 0.17641424078318962	-0.9445594690064203	-0.2769213338823864
 0.21289176216558872	 0.7916411972599611	-0.5726965273186542
-0.2734300743058337	 0.5646000407154541	-0.7787572076643745
 0.5044836065559924	 0.8573547645214161	 0.10217190645517782
 0.539495173905147	 0.2985302768020872	-0.7872894202042373
-0.373061127012477	 0.8374282272873907	-0.3994237845377746
 0.7704887383458259	 0.5351807933597607	-0.3463071216435991
-0.3086117283038026	-0.7145548921449483	-0.6278296801402918
-0.31754976844939653	-0.7025606212979993	 0.6368443435872724
-0.46103475905075797	 0.8492396887663668	 0.2573691939044256
-0.32872768347583764	-0.49877285090522716	 0.8019749081589034
-0.0782098484835133	 0.2211711693718094	-0.9720938912671411
-0.3453695844536722	 0.647362789484361	 0.6794418804616953
-0.3069032855505917	 0.17081848299954033	-0.9362859708358273
 0.4782729921883068	 0.4552481092409717	-0.751002066558917
-0.336202777083164	-0.2133562342584953	-0.9173040989686041
-0.2008981996987761	-0.49572174182700274	-0.8449259541745615
 0.18611005402247507	-0.15265026693229303	-0.9705982401577138
-0.053637111284817365	 0.9641661923373807	-0.25982034917738317
 0.003855348668375775	 0.1960605717240972	 0.9805842077567155
 0.7431350284685938	-0.1177760757420533	-0.6586950170190937
 0.5700680027933436	 0.3122618975861108	-0.7599440634067283
 0.5067994958732711	-0.05837435429143183	-0.8600852898077356
 0.7298472445607581	 0.599906829057664	-0.3277724760516778
 0.9149055922117771	 0.3050918528670563	 0.2643231330280491
 0.938271848670181	-0.2520924398430886	-0.2368445476826515
-0.7284962395960264	-0.6593007422637319	-0.1860531110864343
 0.5646411507662372	 0.8192418654372323	-0.10011561704501015
 0.3941535006502515	 0.9190086441011777	 0.008132034952396783
-0.2624486957530511	-0.28035732094678084	 0.9233203423996821
 0.14322808499802253	 0.9596357282844674	-0.24204335286832213
 0.27258993801330067	-0.42499805193649404	-0.8631751743094156
 0.35299484917997054	-0.8539174110473859	-0.3823868349754467
 0.48245682350349284	 0.7994967771553247	-0.35782721636729753
-0.6946970918303403	 0.13073010237675137	-0.7073228336021904
-0.6178036155339709	 0.7760952180108489	 0.1264709658927543
 0.8714876560547632	-0.35888965626441116	-0.33422668949470125
-0.9438202763403695	 0.3282571835204211	 0.03808552790797659
 0.1128878716645791	-0.7550710927594105	 0.6458513554295224
-0.7910013116055954	-0.39575046711582607	 0.4665817107601127
 0.9155512711232657	 0.3983551553605193	 0.055489099310305434
 0.9962817340954997	 0.08406345035442293	-0.01886909171565021
 0.17788317365065337	-0.6267339261045871	-0.7586581327590849
 0.1289317620802882	-0.5631910448347762	-0.8162061306709139
 0.1356811656969085	-0.9826999867106723	 0.12606092730887175
 0.9666702810572688	 0.1579977313917484	-0.20145789782414014
-0.9514425737451428	 0.30742529656104856	 0.01570719260624731
-0.6376261325060782	-0.20036670197959272	 0.7438320374137983
-0.2967439393676896	 0.7133435485542944	 0.6348889794164898
 0.617958030300066	-0.7667150044043433	-0.17399992761179717
 0.8107378425500131	 0.05772969263562683	 0.5825559485968246
 0.3520572398523889	 0.7519791819662586	-0.5572997485706177
 0.7094821844096031	-0.630196746174456	-0.31541574329209743
 0.9832950158943848	-0.1820189780488906	 5.785584609108163E-5
 0.9003612681679598	 0.010846580829562068	-0.43500797517665246
-0.022334704967321845	-0.9264183806036583	-0.37583260240926153
-0.4891244552112715	 0.2547759250133775	-0.8341741397021694
 0.5775982025312486	 0.07372767857423301	-0.8129849604050037
 0.3598502805245656	-0.17493723787876853	 0.9164631680595454
-0.8042323331733922	-0.4935139207079554	-0.3311410037218947
 0.5553031235180996	 0.27093223653976284	 0.786278681012403
-0.686274831516698	 0.5764421944427855	 0.443555241309032
 0.7938583723431054	 0.4093670199710512	-0.44967491326599096
-0.1992274902893614	-0.9592711378419743	 0.20026804841603218
-0.2570882289417148	-0.6165994731597443	-0.7441174183142996
-0.36754272274209654	-0.21648828507121162	 0.9044584951153105
 0.7619025214112917	-0.6401681639749768	 0.0984340880997201
-0.5161911446744065	-0.6590408370271041	-0.5470026300579731
 0.7081912905433135	 0.10053277980358619	 0.6988263419359346
 0.2843353474895745	 0.8135118779597239	-0.5072985655276645
-0.21163020221678974	-0.4233126953737765	-0.8809194171120698
-0.6192551453125361	 0.22768298821506128	-0.7514542713175634
-0.49386159828503745	 0.11028134803610616	 0.8625188380636608
-0.5664610220164698	 0.8108249662205239	 0.14725754544179703
-0.4993462910309482	-0.754763279119751	-0.4254241108893999
 0.5445746206689674	 0.6905181539071958	-0.47604953696842145
-0.9343730027387562	 0.2989343133824046	 0.19386946132784977
 0.3377102730073018	-0.5499022592621968	 0.763910516201777
-0.3654898983117404	-0.24200720495594202	 0.8988045655099257
-0.08568877823878303	-0.9862369221622126	-0.14140073071929438
 0.710403090652866	-0.2774264252274179	-0.6468091120078563
-0.7428178219541106	 0.38969067235952326	 0.5443921961815157
-0.8752886899147455	-0.09050942843334323	 0.4750555258830258
-0.2516129704366299	 0.21110954254346612	 0.9445229876266348
-0.5506662184056863	-0.33634230889720096	-0.7639637210970696
 0.26571805950379285	-0.16879470340106917	 0.9491587122063854
-0.17377633269086218	 0.5066721516482369	 0.844443673041998
-0.4183704673235407	-0.7193586019563698	-0.5545172259387976
-0.9756441415684567	 0.20675595391835808	 0.07328358985788719
 0.9918304055486461	 0.11697574964787975	-0.0508834022400706
 0.695266653714175	 0.4802400500822385	-0.5347651582985775
 0.47210366069847914	-0.8607880035112622	 0.19016347327021155
-0.7318836579937209	-0.04739430304031508	 0.6797794430556523
 0.28960023108982613	 0.929500098397966	-0.22838842621921684
 0.5075087652451304	-0.790266010541362	 0.34338678743132056
-0.9657505044539005	-0.21532061937299576	 0.14478602840007126
 0.8144863481944978	 0.048584679091797665	-0.5781448932251658
 0.347719032970669	-0.4245086015566832	 0.8359927758744881
-0.665311460444553	 0.3752905810195037	-0.6453817787939007
-0.45523835617258246	 0.03822346101383383	-0.8895487654408885
 0.10556466419053773	-0.2003189975955754	 0.9740268994625574
-0.2397046348884102	-0.29186393845074143	-0.9259358128104971
 0.5320935518591576	 0.7342081008677704	-0.42168106038811803
 0.5733718307121624	-0.5679100545432673	 0.590527657010615
 0.29557831909190224	 0.7704723028824284	-0.5648060620902127
 0.17490770912162207	-0.9273728813677875	 0.33073680199432554
-0.4195996272987377	-0.7322739111847595	-0.5363870540653783
-0.34777461722947967	-0.5300112645555685	 0.7733956781978395
 0.13994659004033116	 0.46412360515602014	 0.87464520296693
-0.5948914257975635	-0.8028005327681627	 0.040193234501545216
-0.4193235574397947	 0.3131655543524428	-0.8521121344888609
 0.9959509654895781	-0.04823722955455362	 0.0758606882731685
-0.4362863655981408	 0.19605842083166772	 0.8781886487618467
 0.48168368563634323	-0.07788249254852965	 0.872877508214192
 0.270888070604896	 0.6057747166834142	 0.7481020290248424
-0.8352697643803402	 0.515023993215512	 0.19254793461462882
 0.038498698032488426	 0.5484682447582704	-0.835284642946095
-0.758646626978804	 0.4698016256093088	-0.4513775891075391
 0.03663441942119855	-0.3244794659491089	 0.9451830486689088
-0.9756727890258792	-0.19680663939752205	 0.09659065919392007
-0.38369540864280655	-0.9101036805579797	-0.1564900125287505
-0.7194377226744958	 0.47016569736237046	 0.5112275229452061
 0.3245174478877037	 0.6555892810086522	 0.681829245957527
-0.238045376333101	 0.2559397324207921	 0.9369254250871868
 0.3282428243302856	 0.8636303843236559	 0.3826214938403898
-0.7029904735977475	-0.2654601901764858	 0.6597994251757715
 0.11169857463034273	 0.699375261683692	-0.7059728548396298
-0.80113241086962	-0.5302615477676538	 0.277505948068294
-0.08493220903543988	 0.5055524030671669	 0.8586054318610925
 0.7357136950479006	-0.6561688296871082	-0.1678327318076409
-0.2175582324525542	-0.38572285964838504	 0.8965970616931513
-0.05579316225135824	 0.779631267373466	 0.6237485150119693
 0.8485408494060461	 0.2908114974149695	-0.44204875280960687
-0.049940896559998525	-0.9705451510425576	 0.23568626739494758
 0.004052973882854342	-0.7539493274600724	-0.6569200750663731
 0.6539239008443279	-0.6862614762365761	-0.3184787561802713
-0.41451736692324026	 0.7607111521758226	-0.4994936390729676
-0.14911103128694012	 0.8405919495105852	 0.5207408902386474
 0.49256590398650835	 0.6485811793733093	 0.5802769028599029
 0.1940070819348031	-0.9359119492893014	 0.29398992386924205
-0.2861566967439207	 0.07542419429136256	 0.9552096816009072
-0.4310454195627234	-0.5787693994085457	 0.6922613874702728
-0.9017432794033204	-0.32740933959678564	-0.28224489790914187
-0.4405650695555083	 0.744491112946185	 0.5016327364035376
-0.30051377145341934	 0.8232854131959493	-0.48155228333548283
-0.7425762519698138	 0.37555053004731376	 0.554564973102021
-0.7424227265899439	 0.22042138932913002	 0.6326317302894073
 0.12791475390021204	 0.730582272762866	 0.6707364299479293
 0.9643432214275615	-0.1988408656035219	-0.17465526460074177
 0.368185572247274	-0.2854935721317691	 0.8848349024876843
 0.04048693077629099	-0.9019450079119868	 0.42994884711900516
 0.4698955910717894	-0.1793323929883772	-0.8643136157184821
 0.5853961941015899	 0.6085531934720796	-0.5356998288652959
 0.11168074294430408	 0.21838923680223957	-0.9694501291476234
-0.7045785404424294	 0.5712155767653515	-0.42104850695453466
-0.716722938553359	 0.6293569210613439	 0.30036327216159986
 0.4940495595611583	 0.8536168405774665	 0.1650858024784989
-0.2978948704278581	 0.3843045322751387	-0.8738241657482109
 0.28970062856223044	 0.07182827586279913	-0.9544182754941495
 0.7067405204654117	-0.6113527981945039	-0.35604156059655323
-0.824170790995748	 0.5404801655994418	-0.1691853949460269
 0.760375259616647	 0.5298859598806571	-0.3755666839381142
-0.9272772836550565	-0.2860667859217313	 0.24150079339354225
-0.22433027536778702	 0.7856840990549455	 0.5765209658335344
 0.5549894085677789	 0.6525552681076311	-0.5159053967953473
-0.5542353812254621	 0.5038387356233411	-0.6625478629377197
 0.15122151738306644	-0.9823657781284906	 0.10995240171259701
 0.604668861993392	-0.5355447259660887	 0.5895484830151998
-0.10453115583260153	 0.9474573795243216	-0.3023206103546461
-0.5905420095906836	 0.7421936239055129	-0.31687341248927625
 0.576686705557101	-0.7993410206297162	 0.16877907563540284
 0.32332360391544995	 0.690606617426482	 0.6469345771543502
 0.1039828457890918	-0.9015140236135961	-0.42007146178909416
-0.712740104709685	 0.2139040497869038	-0.6680169164199279
 0.380997448473949	 0.4055105779080161	 0.8309043961016498
 0.9643168137789031	-0.040820900949275346	 0.26158504679930306
-0.0897855351555213	 0.9893447733230638	-0.11461010939342131
 0.02722885702326232	 0.998371620444773	-0.0501268075552892
-0.295902197932119	 0.48557354895820865	 0.8225935921286229
-0.026457585145442487	 0.6034201642163346	-0.7969843797750391
-0.7886221628000584	 0.5245491884828666	 0.3208165101775846
-0.220834076454817	-0.9473642883005869	 0.23180426210290106
-0.6563069007589452	-0.7542340606860689	 0.01980489124412288
-0.6781671612620137	 0.15322720284716063	-0.7187563743671823
 0.7726661449851258	-0.5062064320480674	-0.3830692842645962
 0.6841804449137248	-0.725153377651922	-0.07777980250467853
-0.45724092419682133	-0.7193468822511613	 0.522944356729443
 0.18418218868720918	-0.9710230859223662	 0.15228620415584015
-0.5616850615147425	 0.6055517922642344	-0.5637525330823387
 0.9221630900867558	-0.38642554590664185	 0.01704502133761565
-0.07583702708298999	-0.7004471204283473	-0.7096637068406768
 0.5988803041433488	 0.6882698701219175	-0.4094227243223423
-0.1545817489528693	 0.9371790558775879	-0.3127297557237956
-0.9866199312373006	-0.043241310773630116	-0.15719828347625975
 0.28048549460216027	-0.9479507971145872	 0.1507221734437243
 0.4367967744350493	-0.3553846904424586	-0.8263838694228334
 0.19202716591494154	-0.7031420731065938	-0.6846289451798231
-0.776309889423689	 0.5950039257776636	 0.20811843717496137
 0.21046791696096712	-0.8488671756786257	-0.4848997566358484
 0.34615073422609327	-0.44826383839499967	 0.8241596934952098
 0.05847043859709659	 0.5080644124012015	-0.8593321596808099
 0.7235346819307746	 0.6100904882799171	 0.3229352259412177
-0.7930723170725607	 0.03326160534419891	 0.6082186823035662
 0.003189585126457389	-0.9878666343322331	 0.15527182397275707
-0.4997656513602517	 0.8457802544057558	-0.18678879778455237
 0.464853076887529	 0.5661511357230259	 0.6807235183448013
 0.747801334388773	 0.47877408108053376	-0.4599658069594532
-0.32411778309278894	 0.13413293880324417	-0.9364592983205522
-0.09441653266814438	-0.8850637762416796	 0.4557934075255403
-0.7997337829393437	 0.039856867767364045	 0.5990303051743722
 0.24958831566187636	-0.10583840699662452	-0.9625507281642274
-0.8121390909894982	 0.2727683894880203	 0.5157785402504287
 0.1601930696300102	 0.9849635271219863	 0.06469181309818861
 0.35296876993399146	 0.8521472199637603	-0.3863394400774012
-0.3516417097333318	 0.9229365841849805	 0.15664025519891012
-0.11198574518157516	-0.1943727654583475	 0.9745144539329325
-0.03903760090705177	-0.9703183375439389	 0.2386595683005157
-0.5735740920922832	-0.7022032397140204	 0.4218096383626708
 0.41319951325372606	 0.44180430879645516	 0.7962883365815239
 0.23802453448598468	 0.8815957800709305	 0.4075944081361491
 0.5394668483064282	 0.7842501744735936	 0.3064754205747455
 0.6586996643945138	 0.6170482649511354	-0.4305417411208212
 0.8485009261410563	-0.4120732276931004	 0.3320268563781552
 0.4015399370053057	-0.855398143543886	 0.3271997784404026
 0.05833270020865226	 0.9040786992182738	 0.4233662736994548
-0.11801545715407566	-0.8072123980092932	 0.5783428882356909
-0.9774796139306017	-0.08665679649865897	 0.19241674555680466
-0.40664328256644044	 0.434594608385235	 0.8035973911767473
-0.6973897276287058	-0.11976906720314809	 0.7066137122496614
-0.5793835430135209	-0.4041217896606285	 0.7078137390631736
 0.36363909243685427	 0.6182947830722372	 0.6967626365394144
 0.09441614804606449	 0.99038940190926	-0.1010664314892038
 0.07862215684077056	-0.1792445346303105	 0.9806579185724595
 0.005380541472202033	 0.30258505876678216	-0.9531071985797657
-0.05585798341004458	 0.21469518610822175	 0.9750824902290673
-0.4449116838811693	-0.7192413968265865	-0.5336154107941065
-0.9373656629624364	-0.28379061897563557	 0.20201113454564257
-0.15229627027307227	 0.9795012689076464	 0.13184502368016027
 0.3876885312827365	-0.5885306849534279	-0.7094570005152416
-0.824475145258966	 0.5124736572399486	-0.24002392690171215
-0.3785607756438016	 0.32747998535946954	-0.8657069933487456
 0.5257213036231316	-0.8229269345848277	-0.21542602268902855
 0.904329347110685	-0.0984485595490529	-0.4153267545885755
-0.03930266176937916	 0.9790856626817696	-0.1996160462208436
-0.520439875269781	-0.7816726464985316	 0.34370075639305275
-0.6165824338495202	-0.6964356365357731	 0.36715597016964674
-0.02524138576642868	-0.8242458888641219	 0.5656691498881514
 0.20316510199682294	 0.26703022909712987	 0.9420290855801401
-0.9932661971243782	 0.07847771097501798	 0.08522623146776698
-0.031011691546049786	 0.5223353494226498	-0.8521760720244209
-0.23491398949048525	-0.9587402741792647	 0.16010154342895144
 0.70212610088419	 0.5798853740200125	-0.4132213589044431
 0.2415890561605622	-0.4679959083941026	-0.8500673841936459
 0.1507321508524149	 0.9882251031382344	-0.026286198409637196
 0.7192475381911007	-0.24967742493869058	 0.6483395424328411
 0.24114788853667296	 0.8254121550346701	-0.5104336099585585
-0.45089001447260774	-0.858694178368754	 0.24360316681952665
 0.3250018310425942	 0.0070870788708865895	 0.945686831425731
-0.3117507783835354	-0.9002187383987158	 0.304002755272192
 0.6765762648848357	 0.4251472140451551	 0.6012440471090985
 0.3966368740018813	 0.9173849278588568	-0.03292543575134199
 0.2755430736895638	-0.6486453432549777	-0.7094612274221472
-0.7612034328160654	-0.6327206132311692	-0.1422461228343712
 0.9817244229984369	 0.158038889386306	-0.10602295378798443
-0.9966169619444726	-0.07593823482309463	-0.03143271634018019
 0.37077092620287283	 0.3138394741228791	-0.8740902154611607
-0.788908890972203	 0.10341994503621635	 0.6057450591740017
-0.7381906071818514	 0.6648045817769502	 0.11449670526641254
-0.9401118304615541	-0.0415388763985154	 0.3383256832901915
 0.8873148207692665	-0.338487579120212	 0.31320690864753087
 0.047089130594233766	-0.8547071114473694	-0.5169703738331368
 0.402300959561419	-0.09542396608369695	 0.9105208425032449
-0.2423162241279114	-0.5249980251829831	 0.8158798447555617
-0.31445402686805424	-0.282866623564272	-0.9061485188752523
-0.2593896779941834	 0.2866485739521178	 0.9222524545921746
-0.21875774865332093	-0.6538130367760675	-0.7243435375191711
 0.9662212555631737	 0.22819851346761955	-0.11975777114280661
-0.7788095365013675	 0.553115932487124	-0.29583520933692853
-0.9755013948725141	-0.12348253215125804	-0.18206892336500746
-0.6005874829575698	-0.2541355379352988	 0.7580961704645572
-0.5348662592014601	-0.7923780220365152	 0.29335158932812355
 0.4151049843448402	 0.6217087967267306	 0.6642033002362082
-0.7196385848806133	-0.5554561101987963	 0.4166399126270204
-0.04280109131856347	-0.7821810762861718	-0.6215793034535062
 0.4784127613864108	 0.8620944786811029	 0.16707584975150214
 0.7530225820470072	 0.6548608076225623	-0.06414291517528392
-0.49934933939220716	 0.7382878323137195	 0.4534107562752294
-0.51146414013858	 0.4958344194169594	 0.7018209614094963
-0.4824149430179596	 0.007320663693235039	-0.8759122277009663
 0.005191972303498795	 0.9350503414492359	-0.35447694195711366
 0.0775797596703517	-0.9317708347965857	 0.3546610950075637
-0.1406749881862872	 0.014546415796157099	-0.9899489630714673
-0.9133845926971301	 0.15343640387036603	-0.3770753980185231
 0.7890341872773877	-0.43548476283997634	-0.4333336735608275
-0.33153259901517695	-0.9276257794795806	-0.17203647588561632
 0.3330605130949264	-0.942725408785298	 0.018425478217327873
 0.040889410476128984	 0.9990096216175838	 0.017545142530246638
-0.049057473150278426	-0.3308175956797278	-0.9424187406438784
 0.4609942560026727	-0.5943439106911634	 0.6589685969428867
-0.08557807601664925	-0.39000537403224034	-0.9168272471579697
-0.8310091929379365	-0.3627616014836176	 0.421696267165931
 0.18565238894393743	-0.91804084735353	-0.35033440177896
-0.06597268490427212	-0.25681206196777584	-0.9642070159848355
-0.7460468094285232	 0.11695620446476605	-0.655542069114345
-0.24010638854385172	 0.20708335385502466	 0.9484015008089051
 0.0893812663155511	-0.1692043066886687	 0.9815196848916661
-0.30437220390493197	-0.5484592021471498	-0.7788132414579034
-0.4883287549149741	 0.44548283389487475	 0.750386614904732
-0.4365695847273242	 0.8083770286009182	 0.3948842581331422
 0.5446629677640523	-0.4201575248468872	-0.7258167164381049
-0.23298934597584778	 0.38553977870557465	 0.8927905934189737
-0.37976050972607217	-0.7102759018279255	-0.5926973076833746
 0.9668085711925074	-0.24911695130444403	-0.05676205811527413
-0.9525057180734303	 0.3014947338390777	 0.04282268679943679
 0.11639670590779269	-0.2050911930131584	 0.9717970000994314
 0.16623089540468022	 0.5788551885057813	-0.7983069335493052
 0.3187384121840951	-0.036073844147156184	 0.9471560074068097
 0.15956809840137537	 0.6302478904092329	-0.7598194644830314
-0.6275898815402698	 0.24292971351374607	-0.7396729648164784
-0.15990812167668367	 0.9772949560603275	 0.1390106524007333
-0.20959382322375497	-0.9030062720821198	 0.37503346763562573
 0.7898181491148549	 0.3905811061035934	-0.4728992396733982
 0.8158429223607853	 0.49903923095201264	-0.29216463167987583
 0.7885635764403822	 0.5092437786307652	 0.34472925584785186
-0.9992332379800961	 0.033511562778191666	-0.020246265729167323
 0.3263435952261446	-0.3801463795085229	 0.865441267794318
-0.7116792865178281	 0.5952112087961524	-0.3731436855487418
 0.02672336695001519	-0.5614815726548631	-0.8270576190495293
 0.7651567026259811	-0.5996097207517859	-0.23452804353957624
 0.20150267589548249	-0.44744834394156685	-0.8713131762523216
-0.3016780487014139	 0.8975331092635559	-0.3215970657630465
 0.3397962143101155	-0.6963366312802048	-0.6321818003374109
 0.3349013072342633	-0.4611257335479527	 0.8217080821512248
 0.3766044958089862	 0.0384787700777677	 0.9255746528453346
-0.8173769304728219	-0.5736907385492839	-0.05266773237576183
-0.21933128230663088	-0.6548596691382407	 0.7232237567571207
 0.3155509934420572	 0.2855081670714772	-0.9049379299560916
 0.26461943643465186	 0.6955664232728718	-0.6679550169557762
-0.3604896883629925	-0.9299793224047996	-0.07201141911851527
-0.9585193998279764	-0.21611934451668857	 0.18583053860733645
-0.5479589285440114	-0.8192838810349387	 0.16886365773969092
-0.7257606941688737	-0.6313869500034647	-0.2731701560654771
-0.6232736730533114	-0.2515593510890552	 0.7404375877535441
-0.5751856382758492	 0.8035899100270173	-0.1529860713397604
 0.49473678373235114	-0.7820785972968728	-0.37893084127888654
 0.8147423944142917	-0.08190870775230301	-0.5740085315902668
 0.12461259307257423	-0.9090559519498196	 0.39760404659954895
-0.6362312090361123	 0.06376141422168984	 0.768859109788586
-0.790395146352712	-0.6118267182512771	 0.030717738457567867
-0.7007779688885262	-0.18757917589034193	-0.6882763188522267
 0.4956334414913819	-0.6669291392774275	-0.5563748869764689
-0.07748264262288924	-0.40637753398138904	-0.9104140486434613
 0.8902393616208846	-0.4076263848574822	 0.20325995520234552
 0.3797230314880847	-0.9127383633394721	 0.1507285621436123
-0.6095599010087513	-0.11916793953278236	 0.7837319243655398
-0.6514520310705547	-0.39738341082631956	-0.6462945737154919
-0.12324219053572541	 0.7179758285659771	 0.6850708518591013
-0.19008042895795182	-0.5726205368172399	 0.7974805021706155
-0.8482248363670232	-0.528999124247588	 0.025972168092435632
-0.19833343310638965	-0.8356403192709807	 0.5122197830237785
 0.5374141489264822	-0.8320401642947094	 0.13745980333922336
 0.5664594761022395	-0.8237875694948585	-0.022309242024999065
-0.23578032354671996	 0.4801329814294194	-0.8449141726660174
-0.057278023194355626	 0.8408818396166737	 0.538179300848542
 0.2732882212227882	-0.8922255192582034	-0.3595096256365242
-0.9823219976233007	 0.1082658034043473	-0.15271545042522483
 0.38025906715156005	-0.3431984062678311	 0.8588468407022558
 0.19255631552580113	-0.9758750072955064	 0.10290789807941603
 0.5597742496320338	-0.6631148436622225	 0.49692201960037896
 0.45897912609077623	 0.8881695633493382	 0.022203345531546237
 0.7371067029922205	-0.06317498055151238	-0.6728169366449201
 0.9395726121929645	 0.22479029533095427	 0.2582104365472304
 0.4677355210560821	-0.7914854324960505	-0.39341364044594984
 0.3005209633576657	 0.6189603136184121	-0.7256550700904512
 0.025238652974351503	-0.9874956293503951	-0.15561295707590417
-0.6240475832693393	-0.6523463668363596	-0.4301265296294783
 0.19121336533069447	-0.008645999521320469	 0.9815104154369365
-0.45950240798570346	 0.6648241179392805	 0.5889536732728626
-0.39240666980400934	-0.9197767298217496	-0.005269987830662792
-0.7469723598340012	 0.14974142755154074	 0.6477729529077685
-0.8439863608171561	 0.2545757475944515	 0.4720997897598975
 0.08265451873742187	-0.9717133939137472	-0.22122683069852012
 0.9738762448514164	 0.11080898201624777	-0.19820804529238178
-0.8029061032150456	 0.2951621954586187	 0.5179006350566473
 0.564225855604792	-0.39443594648279473	-0.7253064648748573
-0.8601667352923047	-0.37070307271344566	 0.3502747769642969
 0.771711211729082	-0.13342418250700744	 0.621819743345263
 0.3807522187522156	-0.8985203226507366	-0.21837806139555593
-0.3343225032417394	 0.896471786737067	 0.29080371285564377
-0.7090480761812611	-0.6810739148433331	-0.18272697716437136
-0.26785457675211877	-0.37241182477503676	-0.8885737777363625
 0.4900960221406243	 0.8716363752914137	 0.007477857365766116
-0.9917543300847642	 0.08957679857823135	-0.09164794550122557
 0.5204836934502544	 0.1373147879972067	-0.8427581941753304
-0.37206560568193897	-0.18265391282183133	-0.9100575438945642
 0.7120844123766243	 0.06415140672428656	-0.6991569113335954
-0.3829903243179642	-0.8818017836529634	 0.2752163255064515
-0.472876530854557	-0.7879532469251572	-0.39435703014788714
 0.5680561665177648	 0.544929938445922	 0.6167362109252748
-0.26804949760340224	 0.8254608084277872	 0.4967533800431634
-0.9261224361641367	-0.09676178288056433	-0.36460168760879186
 0.8541952160788624	 0.060508132540086024	-0.5164196924251603
-0.7775991522094147	 0.6201317898617781	 0.10380810029100429
-0.3711119977095239	 0.11679170512080407	 0.9212141894103789
 0.49671306800587145	-0.3409829473716071	 0.7981270310382718
-0.627673842262966	 0.7358418678787101	 0.2540911120358529
 0.2951697323177291	 0.9307039414390176	-0.2160208381461335
-0.06347296678654449	-0.5485625280805932	-0.8336967885707265
 0.7902249413855509	-0.5285028725445553	 0.3102084069208251
 0.7381677300897346	-0.4555112714083504	-0.4976121822002719
-0.018073421929535764	 0.7639532141532643	-0.6450184788086724
 0.5651490845849748	-0.03169841936002365	 0.8243795984877604
-0.7632118773655012	-0.24459289461600017	-0.5980651688165706
 0.09058548766189138	 0.24752581616534106	-0.9646373617877027
-0.02971028049196305	-0.4736065012874129	-0.8802352987533417
 0.6505697345193028	 0.6613735525521756	-0.3732881521184386
 0.9114605078892386	 0.3042770029349356	 0.2768668417185858
 0.12687543447268307	 0.5922974367851846	 0.795667248606519
 0.4911228740078509	-0.7498375579355125	 0.4433305305701103
 0.13854969396053388	-0.3353853936044296	 0.9318372283077363
 0.9163725152754276	 0.35543134409134913	-0.184200903594969
 0.9762054301079401	-0.033013118227534784	-0.2143200696450669
 0.8734319728721136	-0.4620890875626714	-0.15359122344790732
-0.06092870095722498	 0.11890246211554734	-0.9910347611978734
 0.14218025634397508	-0.6632409954429543	-0.7347762630010581
-0.8626927529945564	 0.4046654607351925	-0.3033266866245825
-0.6841521317603397	 0.5788382010189937	-0.4437140944897715
-0.9883557435710298	-0.1390733890037808	 0.061737481493496116
 0.10362707182140539	 0.16637046613843956	 0.980603027724573
-0.14948141621692712	-0.8138593267341054	-0.561505389549994
-0.9847728014427662	 0.05505052619204129	-0.1648998759991811
-0.22254540325813227	 0.7963938819494149	-0.5623436033976172
-0.8464700149576382	 0.4912909834283443	-0.20523567764798067
-0.008807836283620035	-0.6780869109132581	-0.7349289511701904
-0.3904283615767144	-0.16396713432046842	 0.9059141644434399
 0.9405261395531576	 0.33825736235455894	-0.03150456522745593
-0.2170026200685446	-0.33119343548157604	-0.9182705326739489
 0.6651751714459206	 0.6797747342762424	-0.3089470859735597
-0.5673800836807917	 0.20751629456372417	 0.7968794313651968
 0.37787213790112134	 0.2654008644084827	 0.887003398285072
-0.7594072032834409	 0.644867833546901	 0.08629123279771234
 0.30453012620451686	-0.3261943117747992	 0.894907075175756
 0.7972809353582647	 0.5987796967253666	-0.07619701374547816
 0.42044559669714454	-0.5322747218436232	-0.7347850847045518
 0.864128127392782	 0.2913674056455721	-0.4103505993367291
 0.3329384613199155	-0.4930529157046891	 0.803772855531357
-0.2582794463015948	-0.9279882957152163	-0.2685692659887011
-0.8009047220725867	 0.42710689169465266	 0.4196800319633578
 0.8547105035804391	 0.023316018890898488	-0.5185810624505596
-0.8227810819979138	 0.12070429938122179	 0.555393340991077
-0.3669568782724535	-0.49715918376827234	-0.7862413086854447
 0.5924107350515054	-0.7724265051034269	 0.2289253485515328
-0.9362584846733286	-0.16839587245179108	 0.3083226881343675
-0.6224702410908709	 0.5736240437198274	 0.532434273335955
-0.13700010472645058	 0.9203502224249204	-0.36631467263452766
 0.4325128265404331	 0.39915788252369216	 0.8084588051949262
 0.1350607010663538	-0.7646625189337108	-0.630118908750894
 0.5124061833847102	-0.5439443125014928	 0.6645031889512594
-0.4087355647391698	 0.8741425100819737	 0.2623168126234732
-0.20273490022135826	-0.8351051346178301	-0.5113687264266089
 0.1622447644750172	-0.8874461890638864	 0.4314115180618512
-0.5846479402709477	-0.08503123526778941	-0.8068187373665614
-0.400125344163666	 0.7936732014947809	 0.45823853852216834
-0.22554044944739626	 0.8591532643846205	-0.45933340174683246
 0.5141330142474053	-0.587775284393589	 0.6246498689001005
-0.07998491277523195	 0.7994528291415797	 0.5953802043281777
-0.9954540031065261	 0.020840847484232046	-0.0929353903275345
 0.6296449241724293	-0.6636804124801742	-0.40382617492436235
 0.36307678928180764	 0.707508246075494	 0.6063062978561184
-0.596160274881886	-0.7906245587140691	-0.13966292926520496
 0.28987626607614075	-0.6945882024710235	-0.6584215817801138
-0.5219092259446868	 0.3103308237787157	-0.7945473803912777
 0.6836116704382922	 0.4855856371633615	 0.5448684914924151
-0.008513101348407576	 0.5786110593668847	 0.8155591757093799
-0.43482634789886415	 0.7029998574670221	 0.5627763743924248
 0.6107171619998527	-0.6298534019416252	 0.4799054491266037
 0.025825170010364055	-0.10595068237147669	-0.9940359719340917
-0.6815231474394381	 0.22287477115545434	 0.6970315888728758
 0.3907955553879884	 0.06920194135741065	-0.9178724994253609
 0.9637159051892892	-0.04030921767642532	 0.2638689467434616
 0.6749870735111344	 0.6711122770581072	 0.3065954373025743
 0.7878718385541045	-0.5128128295391695	-0.34099995289355367
-0.604854594657819	-0.0519640721696738	-0.7946386943289827
-0.9603806013069526	 0.1725841347926634	-0.2188237122689496
 0.06580048397536824	-0.9103569333925466	 0.4085591146122256
-0.8000147891193817	-0.429785724296868	 0.4186413362066481
-0.695878026206012	-0.7077381871574913	-0.12190336780685285
 0.0057358015938402465	 0.6023172319379032	-0.7982362135926546
 0.6880794272260393	 0.721361734226054	-0.07863809650968001
 0.8466741628623882	 0.45907117100911476	-0.2690660177160884
-0.5240733829974342	-0.8440596965394145	 0.11362357990934879
 0.3697888709641123	 0.0714279999827157	-0.9263661434495305
-0.6917435490591096	-0.10094476015874419	-0.7150531572768564
-0.43116906330552934	-0.8954225281389503	-0.11095825768947187
-0.46806294376161983	-0.5681489633200484	-0.6768484587819943
-0.20028128289378647	 0.29423245047557084	-0.934513067222476
-0.48631529271544527	-0.821593408535178	-0.2974587486066578
-0.13029266776397186	 0.29834863121771776	 0.9455220330470684
 0.8422137831983936	 0.39323847163667114	 0.3688352583681558
-0.082204780131391	-0.24773233793800895	 0.9653346895576258
-0.589855406890421	 0.8005133973073144	-0.1060608301572159
-0.3031726304055821	 0.43144336086704366	 0.8496722794917522
 0.9044373913420511	-0.25752572872850155	-0.34010807721258196
-0.45037034648233215	-0.642862274589089	-0.6195923231605818
 0.5675648683563216	 0.31552690361290614	-0.7604688641253652
 0.5848416393913901	-0.10985876437165877	-0.8036736332148289
 0.40717891888798174	 0.2141893126787296	-0.8878785200394408
 0.7362169320841533	-0.6715535613454807	 0.08366865097991538
 0.20404691147873777	-0.8999094018668524	 0.38539321004349847
-0.624012703783146	-8.398195083039432E-4	 0.7814137445812182
 0.06460963376516177	-0.7023866795709411	-0.7088572124102568
-0.8622214315985247	-0.22814051374037048	 0.4522456289257757
 0.4601145861787078	 0.11973925634110967	 0.8797483038213114
 0.9061815809963565	-0.2509156081032289	-0.34040608084041435
-0.27059727739143913	-0.8560818616330652	-0.4403418667935246
-0.33188845106564974	 0.02050240932872111	 0.9430958102234159
-0.7566594513810141	 0.6477386814484997	-0.08888799239009582
-0.2685245994161087	-0.34524334808238366	 0.899278360750043
-0.8901216986843269	 0.06584190975212517	-0.4509414645511336
 0.07539101913831893	 0.3067910374221847	-0.9487863055455139
-0.4234046281508283	-0.5518867465379429	 0.7184354806496009
-0.481436302037438	-0.8339720824488014	-0.2696472747433698
 0.6282737181031909	-0.05990925964195802	 0.7756822904707472
-0.939840938756839	 0.15523502341178463	-0.3043042841351502
-0.5460013447661568	 0.7975713055173139	-0.2564420872808437
-0.8741319722314356	-0.3969163235999939	 0.27991199899726626
-0.4334609275801899	-0.8572336817030107	-0.27796049937935896
 0.8097697748102762	 0.3389059669390318	 0.4789735455918569
-0.5650277943568882	-0.8194348839229658	 0.09628116437988132
-0.771018553317692	-0.23636955370654092	 0.5913204076644607
-0.8933768862627934	-0.4006754568247715	 0.20331482333970796
 0.3865890062773796	 0.5157945698220884	 0.7645292028219164
-0.7291358495878868	 0.3334810570561347	-0.5976213662767369
 0.43332517784242575	-0.2029436705760718	-0.878090631325116
-0.5197047133064654	 0.541844239189969	-0.6605390461007499
 0.832425093121121	 0.5538318914914129	 0.018403812358774196
-0.21480079240061284	 0.7668213747879642	 0.6048517163341487
 0.49556645718878145	-0.7632166061291803	 0.41462549202625665
 0.9886752715794562	-0.14258528680958968	-0.046804309125500154
 0.21182942515114575	-0.7384366533312803	-0.6401871629898821
 0.1985031721885869	-0.5817879815375929	 0.7887453550858361
-0.14444512450957497	 0.9797096151564028	 0.13894126807938179
-0.6791908464462244	 0.1691078372620747	 0.714214487027675
 0.331547807342011	-0.5504937777321723	 0.7661805610460672
 0.3988666477351769	 0.825090402228514	-0.4001639982243421
 0.9764489915487273	-0.08942898866667147	 0.19634108813371176
 0.5783256340897244	 0.8018846297653011	-0.1500683227762749
 0.44688045170698704	 0.17198759412434214	 0.877905535550084
 0.4402429949024721	 0.5949244042593579	-0.6724961402535707
 0.3709641832998914	-0.16257709229540185	-0.9143053449310121
-0.665056209778888	 0.07455757437671799	 0.7430621817436276
-0.262464823639866	 0.46012953001676105	 0.8481704026657901
 0.26313598610332056	-0.5706442402144241	-0.7778975536197139
 0.3159759789254279	 0.5456380921669106	-0.7761689591310461
-0.48156758220209067	-0.8439361161432187	 0.2363567127058852
-0.7110420518945115	-0.6788892998142904	 0.18310794367068084
-0.1612749397595928	-0.4410719647202319	-0.8828623424653326
-0.5672124989784751	 0.5813291745984174	-0.5833749838339968
-0.2261586030829599	 0.13419220943525914	 0.9648029525133346
-0.12169993803529203	-0.14195170942674643	-0.9823639026720346
 0.12298194090332933	 0.9896884862691009	-0.0734312083383184
-0.5459581653333773	-0.15100723963114757	-0.8240913148946505
 0.19505682770124136	 0.8638806237934651	-0.4643954153534915
-0.4998049910111571	-0.8356650271731179	-0.22772556580254544
-0.3960413303148917	-0.10283791558107971	-0.9124558223833905
-0.8361021038279224	 0.5430688089051953	 0.07752122785930671
 0.44859908531018394	-0.17590284936939404	 0.8762517037031052
-0.6012472446227207	 0.7114709951415311	-0.363745479567658
 0.5568724205968888	 0.6770676375631125	-0.48111591258580044
-0.7093577270885993	-0.6899422332958508	-0.14419198914790599
 0.10941014163564856	-0.8966512114236853	-0.4290058577219018
-0.7380814078910765	-0.6508733999438111	-0.1777629111235246
 0.34899063619228543	-0.42663837580090647	-0.8343771522183887
 0.5398120785283015	-0.6193300788047522	-0.5701168067709059
-0.3895822400348067	-0.7773159320067242	-0.49396925015427806
 0.003706141326052369	-0.9992728655780062	 0.037947393006516617
-0.18940089206651478	 0.6886468747784313	 0.6999234129119469
-0.29040469565088034	 0.8481668891819237	-0.44303277625857174
 0.9337257506386032	 0.03501204546756619	-0.35627289998897504
-0.2008593037520996	-0.4305007949094077	-0.8799571612746782
-0.7618963043062578	 0.33993528682636814	-0.5513238814478665
 0.6668032498933288	 0.6785577386507989	 0.30811170255089126
 0.6995288953723655	-0.6708634467518867	 0.24617384172835433
 0.1897391718308714	-0.6626716245467521	-0.724475924164153
-0.5769560951209394	 0.8081925798121601	 0.11809495433490258
 0.31590023620967544	 0.14021307236551905	-0.9383748372055236
-0.8303664834892213	 0.41805998143832923	 0.36839836456956276
-0.5114168089946487	-0.8503396314729013	-0.12399741378053597
 0.7577457534459842	 0.21991399483727694	-0.6143770894241483
 0.47183430564367607	 0.3905114777871606	-0.7904891989990996
 0.7148707223130903	 0.696808854576881	-0.05845742521541286
 0.47271596976700225	-0.4628668617278933	-0.749862574237049
 0.7582260974989894	-0.648164527096962	-0.07054027845582023
 0.5480581665144055	-0.7909001991324061	 0.27222990491345445
-0.24730253155150833	-0.931620018920296	 0.26631860287100206
-0.7433511223477685	-0.3324312541096246	-0.5804468711220823
 0.237567462765795	 0.9707766735184818	-0.033975738217347784
 0.5178220154369438	 0.5924901132832736	 0.6171027677708105
-0.6209694119646213	 0.1797576274681263	-0.7629444178780935
-0.6072830690708301	 0.16833103085936035	-0.7764482842210023
 0.5005468642697468	 0.008912631259606573	 0.8656635614797206
 0.85066219196908	 0.22387836910659692	 0.4756598690246323
 0.2364899726074146	-0.9646063183007934	 0.11664966159544998
-0.9661204447558757	 0.13151717320105755	-0.222068726699443
 0.1243088559696025	-0.9887594997132615	-0.08307803593194407
 0.1728799682235196	 0.8205888481718496	-0.5447443977160591
-0.5742665825069287	-0.047827584967223565	-0.8172700987629584
-0.16754847897346983	 0.6806174947069452	 0.7132232000520722
 0.9816683723601338	-0.01030557868648045	-0.19031815929054763
 0.2195791255694094	 0.6120264890783073	-0.7597424460175002
 0.5923265222814443	 0.8030431904181927	 0.06535231690567578
 0.021366490116104732	 0.9902489208281181	 0.13766098902327273
 0.14307021032032766	-0.39496091026578783	 0.9074892805322372
-0.035494121561914026	 0.734090894577904	 0.6781229430069158
 0.30337985740144296	 0.3028393419359684	-0.9034649938425228
-0.4644499850004068	-0.855263141618196	-0.22980681021783345
-0.2041605427861137	-0.43013406578744284	 0.8793765736124901
 0.17542499712068296	-0.27372117949263075	 0.9456758357293324
 0.4931504664336549	-0.717489642621644	 0.49194636921816404
-0.5394787561913765	 0.2258370649050434	-0.8111475153961087
-0.591261606497922	 0.26558608847590787	 0.7614944138268931
-0.07252485483374913	-0.1134205704926281	 0.9908965231649924
 0.5182493776333185	-0.5119681273524013	 0.6850592814917214
 0.0660412751402405	 0.930532107588909	-0.36020625580907684
-0.007188145267457162	-0.19319560902942362	-0.9811339292978121
 0.9981436497955378	-0.027257768832576742	-0.05446345941190711
-0.010206262431789907	-0.9305917482706666	-0.36591642523630674
 0.8315005698610619	 0.4295133208102527	 0.35231393609574724
 0.8363132296929904	-0.4434220735506852	-0.3224237065237143
 0.5073214442853456	-0.8092790525221394	-0.2961289707494006
 0.4702846616240671	 0.6668851535959648	-0.578010838094255
 0.1282001917015673	-0.5790278928967499	 0.8051654551054903
 0.05427858958909146	-0.4276929221561559	-0.9022929674167628
 0.3489881892266636	-0.6872502325923678	-0.6370983923869458
-0.24328931127720263	-0.006377201780869324	 0.9699328029898311
-0.19712771223145495	-0.41227762711249677	 0.8894761510309772
-0.41114726418124464	-0.7885457873529137	 0.4573329950968452
 0.531353432304786	 0.7993016897664003	-0.28067835455285906
 0.560942864637178	 0.807056125298367	 0.1844004154849519
-0.5984520641493054	-0.5458722126987715	-0.5864116764857117
-0.27597971684149036	 0.8315072513299568	-0.482110865753709
 0.8280176661558452	-0.21327315828666846	 0.518556944306271
-0.1023140674570297	-0.7601663058004834	-0.6416221778633002
 0.9142075832818969	 0.39144167488303344	-0.10487091987123631
-0.940384710383363	-0.2207054572522788	-0.2587773127927966
 0.01716748971437685	-0.9370376894557839	-0.3488060289563133
-0.7196686192499021	 0.6786077847062078	 0.14686236074322356
 0.39004618473702474	-0.10854342616543085	-0.9143753596900785
-0.7288333287689679	-0.13446504639049922	-0.6713576767824632
 0.9922759240074948	-0.1237990858970388	-0.007891575643061755
 0.30029069958673515	-0.17833888055362518	 0.9370276086778815
-0.939278421640154	 0.29637309073805895	 0.17297120490865336
 0.6603118024862014	-0.06998933518692402	-0.7477230880864361
 0.2961712172628242	-0.9519768164291245	 0.07760638534635045
 0.8355536119741338	 0.5453517236859057	-0.0666457724825067
 0.28658278742488397	-0.34720956959981186	-0.8929254284261912
 0.8781993754631714	 0.45385223409734093	-0.15094371977975096
-0.6887732080348735	-0.23997085719363292	-0.6841092424394672
-0.8922290371203968	-0.39326913723066154	-0.22196110249559653
-0.061255985189179116	 0.09093163636387896	 0.9939713988775987
-0.7193562378305492	-0.6930067191116264	 0.047626571999437095
-0.22316840636612414	-0.30399678470252167	 0.9261651134060995
 0.039933008492972925	 0.9988376581268389	 0.026994213090815178
 0.38422891826822664	 0.9232302630980465	 0.003744284489763716
-0.6764184403145125	 0.7084214358071437	-0.2014873765063887
-0.08573036631166585	-0.9495443055284128	 0.3016884421561945
 0.8995237366449581	 0.3159160314986221	 0.30175173281102086
-0.20116140441541117	-0.6446425394299384	 0.7375432771918808
-0.5771419381749476	-0.24874074365229565	 0.7778401028790993
-0.1098248987150632	 0.060768151311996706	 0.9920915902316421
-0.620260916515307	 0.5467735135874737	-0.5624189899734893
 0.696170388854169	 0.5141714905720433	-0.5009735202239318
 0.2445275342072305	 0.25712476448929156	 0.9349294842397784
 0.02123473623024007	-0.00941324102494921	-0.9997302020398495
-0.3060764520178122	-0.839934800491306	 0.44813696170235495
 0.7028587278219179	-0.577341167310377	 0.41553193048578874
 0.19392302144961943	 0.22833183292772202	 0.9540746489786411
-0.7777755493314416	 0.21898148007798443	 0.5891623768071326
 0.8965861602617718	 0.2386740590160091	-0.37305220918776905
-0.8003650662654425	-0.5815370796184185	-0.1457065054511808
-0.5276397885840672	 0.2879330929538012	-0.7991813232834077
 0.699503588632033	 0.10900198685627162	-0.7062671565012015
-0.7540047062922139	-0.25332242912706693	 0.6060566390943625
 0.3466658529505446	-0.17778123637544102	-0.9209867634178523
-0.91333456267554	 0.3406956478564247	 0.2230391269575167
 0.11997406301133735	 0.9350986883613419	 0.33346164281585633
 0.6659773559740665	 0.2782661918049368	 0.6921286642150937
-0.780105291691978	-0.47440019468429273	-0.4078972777031973
 0.52835920776425	-0.7606512886986224	 0.37715535866782957
 0.30688349114068253	 0.3641304866735329	-0.8793358354691356
-0.6919471118681866	 0.17799018831701782	-0.6996632670364706
-0.9922032145412789	 0.06236286504618866	 0.10790576498585991
-0.07108761065296174	 0.756799181615266	 0.6497703827646475
 0.23079497049586595	 0.25106281464349706	-0.9400537988312676
-0.5596669822754305	 0.19129119713479018	 0.8063377374583505
 0.7887982764923422	-0.12302202994686003	 0.6022149609155059
-0.22789666027757607	 0.6149218414359744	-0.7549398924148314
-0.7658220381282533	-0.5494425397276771	 0.3341100139994133
 0.10405155633087197	-0.7640988512342061	 0.6366523534612041
-0.02186859593547951	 0.7869688859384901	-0.6166050089616062
 0.05865796504676561	-0.11373037593281266	-0.9917785260463918
-0.39300037394965526	-0.9105609720336771	-0.12817730799371652
 0.6538094660585886	 0.7521767489214304	-0.08223940949551523
-0.43757037468501964	 0.8197232677680183	-0.36957533937985265
 0.4389534899115418	-0.5027247083882603	-0.744706453087669
-0.5823397478544016	-0.09272606084568076	-0.8076399542549362
-0.393850215724753	 0.7685300980030663	 0.5042256400035234
 0.9121804392659166	-0.2239665699479518	 0.34317025186689554
 0.7670589245505339	-0.6366117455767152	 0.07966236037895102
-0.382839244020061	-0.628291413371743	-0.6772621450527749
-0.13587670559096324	 0.6948941320899642	 0.7061583859621594
-0.5164549230837759	-0.10545019507162647	-0.8497967808728668
 0.21750787822837947	 0.930589853087471	-0.29443649270976513
-0.7307180297819589	-0.482910816402789	 0.4825435776722804
 0.5415489462712846	 0.6473551796931999	 0.5363357251916436
 0.14894754257801163	-0.3638439842181706	 0.9194738629826402
-0.23192971734688186	-0.9718636073336663	-0.04110638577871617
-0.5052934703503175	-0.4573571744572606	 0.7317806527872979
-0.9751933854948178	 0.08890519698024298	-0.20271587712130468
 0.7856182004275142	 0.04386837418317186	 0.6171544449354305
 0.0555601528637262	 0.8167184124262103	-0.5743553814649691
-0.9270855512579962	 0.2525119553982538	 0.277038071444355
-0.25049627326382307	 0.5006040133393672	 0.8286418037423979
-0.5391362552598881	-0.5474348342792461	-0.6400368743142846
-0.5029615153755835	 0.781924166865399	 0.3682720615563284
-0.3241799173083756	 0.7045359242865443	 0.6312974834447223
-0.964320176938257	-0.12169222840091795	 0.23511188378426895
 0.4341320017581944	-0.11313112409742822	-0.8937173791584649
 0.4388799286400406	 0.8980550902611449	-0.02968944413355823
-0.4850191368206319	 0.812789776574462	 0.3226905886663032
-0.16415619087015207	-0.8947420987308414	 0.41531833785390604
-0.293963392081523	 0.953350638902423	-0.06861547507863452
 0.009093174356410577	-0.20099946830840523	 0.9795491452295093
-0.593048368870175	-0.47176550196464573	-0.6524806076324958
 0.9768171973539286	 0.03059011610284675	 0.21187828522628394
 0.5808746249221305	 0.7431770255597004	 0.3320731527868681
 0.5138857867664229	-0.5230946775108403	-0.6799215811542421
 0.007872864162642039	 0.3488413730853823	-0.9371487152174844
 0.07071969349132122	-0.8613868100878762	 0.5030024735119369
 0.8582112108026633	 0.13963297086452295	-0.49393942047600725
-0.4702422696317526	 0.4754440816960085	 0.7435221133441945
 0.41278175235386194	 0.5655193488391409	 0.714002164571109
-0.2969504590217454	-0.14340263573069806	-0.9440636148863399
-0.09819872428594226	-0.3008118186597966	-0.9486143896774912
-0.2733345316310785	-0.3110668348808805	-0.9102338480056704
-0.8241774002830451	 0.48511781481506844	 0.2922196410437432
 0.7940287697005174	 0.2840263264380249	-0.5374452146758804
 0.5221895415758706	-0.8522589487956698	 0.03118921073836245
-0.45159851224913367	 0.446427889685551	-0.772503024618852
-0.7576472110975969	-0.6474772719344559	-0.08212116562950045
 0.8516282905548856	-0.04051839202812252	-0.5225777594138681
-0.9854321681134471	 0.07855233385634527	-0.15084088601222212
 0.37299316457888393	 0.894940618399076	 0.24486197891242556
-0.46045359373041617	 0.7683744382984662	 0.44450333023528765
 0.3503529977643338	 0.7365039735280231	 0.5786317256554274
 0.7777430444406879	-0.6172067307152547	-0.11904456469708125
-0.2320471595426791	 0.15319818906837696	 0.960564641559507
-0.05646528139125362	-0.8760383641861256	 0.4789242700798362
 0.08259562858750388	-0.3626295876608405	-0.9282659878995696
-0.7154838927181296	 0.08796429786237113	-0.6930693194497155
 0.17568009140394938	 0.9290057850231956	 0.3257065502530401
 0.8724055256562953	-0.04039204032556213	-0.48711095438585783
 0.13244221447082855	 0.8867202726603993	-0.4429291341502948
 0.36979846301441943	 0.19441351605332724	-0.9085441549687916
 0.7551791898313609	 0.6198410392402647	-0.2133107529385192
 0.4283624242081512	-0.6393261374643476	-0.6385669295237846
 0.2578982420410435	-0.9627855867123468	 0.08082333061128533
-0.32889538944601043	-0.7646752634641221	 0.5541656469389207
 0.5536068401242735	 0.14240464550593898	-0.82051226895516
-0.031716412804296726	-0.7968633079613814	 0.6033265596537849
-0.5918995131624184	-0.15941932248081667	 0.7900888848337568
-0.5955572804946682	 0.6109678794062451	-0.5215647380561987
 0.973601476091769	 0.03465154668308389	 0.2256090336498049
 0.1674193004115395	 0.6015546135938298	-0.7810907915944783
 0.15662364395853343	 0.8974844542594234	 0.4122992705739552
 0.4957714344702908	 0.34357834627193556	-0.7975992757872288
 0.373487341904158	-0.9058080441102736	 0.2000474760212867
-0.3125623448943376	 0.3591712622382052	-0.8793752241997539
 0.23521339390823154	 0.7479275609310663	-0.6207084846575543
-0.7597264527696456	-0.12641489063702968	 0.6378361798983179
 0.06004211956218675	 0.5368323969874251	 0.8415497141721431
 0.4889275476565028	-0.40697886505031217	 0.7715685689198064
-0.1617142854739295	-0.3662790259464305	 0.9163450032740892
 0.35547595276067573	 0.8715088878138656	-0.3378003929398674
 0.8276862576682272	-0.5560889824241958	 0.07550167212444614
-0.008046022991735024	-0.8092855989323314	 0.5873602649777683
-0.267912096238366	-0.9598178421285609	-0.08350340484577568
-0.5577960114825574	 0.03683167161055253	 0.829160441374601
-0.5772019805828826	-0.5317400050777169	 0.619750305051274
-0.9085640782283387	 0.27247313756638	 0.3166539200101932
-0.4827160291095649	-0.8721562429858666	-0.0795532718464278
-0.5025833605014184	 0.19207874957339208	 0.8429209451125435
 0.5049464997859883	-0.8620451103797199	 0.043672188224262776
 0.15623269888919444	-0.9830830165003136	 0.09559877858237753
-0.17234931311360513	 0.12055468607454446	-0.9776309538546417
 0.5463899305818916	 0.796686960228664	-0.25835620983503915
-0.574427480881533	-0.49857257307456593	-0.6491983199191931
 0.6519135812750061	 0.42435209862789863	-0.6284377287681684
 0.9830341347266908	 0.18210638972855783	 0.02193519505673569
-0.8063363312877551	 0.5426380474332374	 0.23529910820750533
-0.25705002730916365	 0.9028448762878305	-0.3446685550223145
 0.43694567660906364	-0.8098531559325636	 0.39142859057395696
 0.5559052812615224	 0.5269619868677168	 0.6428688689476074
 0.6674958757775279	-0.7307057305804199	 0.14324242080098282
-0.19600139950691822	-0.08159712098391914	-0.9772028250258311
-0.40649544671987997	-0.7294002336307196	-0.5502151860640132
 0.8284669606880573	-0.5426828052154301	 0.13833968328648338
 0.20893382545507042	-0.7536674255944174	-0.6231629547546882
 0.3144823302090199	-0.9481837513751291	 0.04525966874041676
-0.908788386570487	 0.08882640712989337	-0.4076929455251901
-0.429077778227094	-0.11045414247583035	-0.8964887855637849
 0.07910480655803638	 0.8052992112370726	-0.587567536509944
 0.2950534340466983	-0.5536821951809939	-0.7787037291530112
 0.11271660602906815	 0.21692253599793568	 0.9696595176150813
-0.5347423613213645	-0.8246395794373804	-0.1844455774308278
 0.7215924671709957	 0.6239483224896789	-0.299988003400788
-0.8493186022838406	 0.44181789785105136	-0.2888855429977437
 0.5278252171598055	-0.7122037391676616	-0.4627811297425659
 0.06356247976253514	-0.38328767565798033	 0.9214392920074226
-0.29144813919354107	-0.9554225193947936	-0.04717829579295585
-0.053299352740623175	 0.8848067063110597	-0.4628998503611821
 0.6245403595819541	 0.33799868506401376	-0.704064079575319
 0.08352797433546291	 0.6023922537327671	 0.7938177688526327
-0.5209825846802641	 0.8200897238934978	-0.23670655086870296
 0.7317284528152495	 0.6516276439163246	-0.1998871807411895
 0.8614199016215904	 0.4526517333280449	-0.23035225504727763
-0.34788653866240726	-0.8591377844394492	 0.3753095036978997
-0.7966801540327785	 0.32524751395682894	-0.5094259385182607
-0.9959579318355084	-0.0879660531602605	-0.0181596119271068
 0.30539457701835077	 0.2665694561273797	 0.9141525460161097
-0.5531452405584515	-0.05130287158462643	 0.8315036730013308
 0.38356531961577156	 0.3235707493117371	 0.8649737659477841
 0.6103528983030345	 0.7862328623328725	-0.09647396395372154
-0.9860966411455974	-0.06398620111051193	 0.15335964393808443
-0.8459885658447184	 0.506370152509351	-0.16701082332487704
 0.9590047644293687	-0.12435928107477125	 0.25464608972520497
-0.17643860296478292	-0.8942238024693625	 0.41137964276452754
 0.6378663342282488	-0.22076655191554304	 0.7378269913831683
 0.1962384594796344	 0.5852806404522302	 0.7867255168944802
 0.980873603499113	-0.19053093436121896	 0.0398112673762816
 0.561167377818111	 0.5236342346771243	-0.6410135430291997
 0.4698990653324527	 0.08094789952366835	-0.8790007428679418
-0.7219207355147804	-0.672520095546649	-0.16293303139549198
 0.41870803680205143	 0.9072467240740327	 0.03983668628673698
 0.9956953722346757	-0.0821211141651212	-0.042974973167295705
-0.13669035677884164	 0.8817175271094697	-0.45154174641071076
-0.959677792818467	-0.277755669312098	-0.0432472211369026
 0.5628101670979174	 0.6065859332174525	-0.5615142219338052
 0.25962068606779376	 0.22391703473963398	-0.9393924956689284
 0.8283007035020756	 0.07306932377992523	 0.5554987115199379
 0.9902169988919347	-0.12955507605404976	-0.05182448624038272
 0.9230861650573496	-0.35300187348242246	 0.152648646235777
-0.13570352121195658	 0.8335959921789229	-0.5354458666886068
 0.3771576397961096	-0.7312590481599152	 0.5683417275087965
-0.3129713037041872	-0.6679069808853324	 0.6752401261346528
-0.11849893464692945	 0.3970077940252331	-0.9101334044912102
-0.47915863383166757	 0.4084230174582938	 0.7769154667239109
-0.949544931713772	-0.07593968895770117	 0.3042985151092521
-0.5399668210166626	 0.5299862628314149	-0.6538733772001657
 0.13652718526881416	 0.6353771613390878	-0.7600369665557445
 0.8172948230923888	 0.5731966988295728	-0.058946726773087876
 0.14734630875693425	-0.9750219270779057	 0.1661965914602137
 0.29979866580647035	-0.4654879827735061	-0.8327314680460396
 0.9973948028181334	-0.05548888751297035	 0.0460932823082667
 0.051520212870719645	 0.2088278872788285	 0.9765943790338016
 0.7298845292743381	 0.1162180701294253	-0.6736185375280062
-0.4374589379284105	 0.8791825003357208	 0.1888592299305949
 0.3886887601804504	-0.9213689657280781	 5.260252426575462E-4
-0.8934341727364088	-0.449092223150557	 0.009568390277332695
 0.890127666063107	 0.33914143318410334	-0.30439419575096727
 0.780075435085995	 0.5266624369317706	-0.3378002266140214
 0.38986323433486225	-0.1380354403180733	 0.9104684924423008
-0.17645227911726463	 0.9708793293225424	 0.16204296062628942
-0.8732122412731244	 0.12084791658529151	 0.47211880151902585
 0.5329661621469275	 0.4292030253204932	 0.7291994466962459
-0.9674996926052363	 0.12334096869498547	-0.2207517842513529
-0.42659040789123376	 0.6504570577359668	-0.62843157140349
 0.6312904341372262	 0.5626749177894784	-0.5337315098974726
 0.6312558051862884	 0.13151600109856554	 0.7643426259693049
 0.6628515449716663	 0.029646853853355578	 0.7481636808782373
 0.11912332153830466	 0.6932907254481755	 0.7107444015067752
 0.5766300637673235	-0.8103499036738626	-0.10407114477824408
 0.31340756617504084	 0.4947297945741468	-0.8105665474375685
 0.10595552797948168	-0.9933828470338273	 0.04431642257173851
 0.23009694134631117	-0.6516489320547466	-0.7227787122868108
-0.9743869791656585	-0.16578829848987248	-0.15193503518364548
 0.36663555294427325	-0.14768517959599345	-0.9185681569948667
 0.6698210894124415	 0.4081834135975364	-0.6202628547980227
-0.11424063937867575	-0.9677665000205876	 0.22444838549709645
 0.9422176587254585	-0.31917579302914	 0.10174820258921136
 0.4926072519144832	 0.6242830876618032	-0.6063074482642501
 0.3821338129815269	 0.8888332122303095	-0.2528819286001849
 0.012682130362726878	 0.08240946934516913	-0.9965178588122294
 0.7926107455804571	 0.3372997713303201	 0.507934119990876
 0.41123335134894407	-0.20105649620738328	-0.8890800954194884
-0.6038191711292749	-0.7950473146650889	 0.05746456317232784
 0.02017429928686418	-0.7891771586531511	-0.6138341876341065
 0.6305917231259376	-0.6774600694965828	-0.37868447679135997
-0.06165466628861094	 0.536180311686104	-0.8418487842154505
 0.5603235785314586	 0.7048356109070624	-0.43502212465456114
 0.2957479301539686	 0.6905980126854581	-0.6600057171604949
-0.34322993113106676	-0.523902882253259	 0.7795633292699773
-0.8690446033756074	-0.3118388325117638	 0.3840807465643563
 0.19872630305823397	 0.8569659010610292	-0.4755179290957021
-0.28491553775289646	 0.6805625670560249	-0.6750242430232349
-0.7961887597959887	-0.510180846830314	 0.32526752420435256
-0.4091859418363417	 0.7998832574038824	 0.4390371732877072
 0.4873317912250962	 0.87280836873256	 0.026707241185619734
 0.672710417942195	-0.7352580616919387	 0.08280263467457205
 0.11156139758478265	-0.9798133735135416	 0.16589095108818697
-0.40906045875077734	 0.28173229109662434	 0.8679265275586698
-0.8218929879023702	 0.34040976894179265	 0.4567418369778595
-0.7186682450854763	 0.47120303496432253	-0.5113547235981821
 0.03756194102089619	 0.7732792756651714	-0.6329520222050724
 0.916679497835995	-0.32068419929361214	 0.23845406805203107
 0.7521175596830362	-0.40362541902348914	 0.5209661193729851
-0.23547224704508923	-0.8107934773865093	 0.53587942477672
-0.4892032823637623	-0.8717946299386371	-0.025578735986673262
 0.5792819419188081	 0.7237124340717729	-0.3750636539798071
 0.31118654724606515	 0.6292104015623836	-0.7122199122313111
-0.21669714428912362	-0.02421487894412807	-0.9759385161446699
-0.6376118572808954	-0.1281233614202678	 0.7596285432454328
-0.5873671208537838	-0.3452545549269151	-0.7319830309796493
-0.9770200467452548	 0.10148444822001962	 0.18743728291718886
 0.6708746434741727	-0.7412883981276404	 0.02046273551504596
 0.2584436145346969	 0.31084685632118875	-0.9146480908095065
-0.9124581748000169	-0.3079653473719534	-0.2694019748604195
 0.6435631223699996	 0.6422792369114433	 0.41629783732062675
 0.2069701337471611	 0.7171504915140328	 0.6654761725695846
 0.4358490988295339	-0.798652631922398	-0.41495727077966693
-0.1587108628939528	-0.7604529071711901	-0.6297001174958936
-0.884381247173649	 0.34967590654862474	-0.30918694996228213
 0.6434330552568733	 0.4653836597350723	-0.6077926888786962
 0.4709098842330767	 0.2268571373497497	 0.8525137653815726
 0.8784767456177015	 0.16398592786602811	 0.4487618776933373
-0.9586229542389985	 0.19912716262601055	-0.20344631899007037
-0.3821416605033286	 0.9148339150199948	 0.1305628555024272
-0.8542623282933389	 0.4935376624962382	-0.16326803164304038
 0.10381751594673627	-0.7084375021480166	 0.6980961459089488
 0.018611087023606088	 0.4790417582910077	 0.8775947933148074
-0.6925375841121554	 0.4470661848567073	 0.5661479673634515
-0.9815158379677925	 0.13350584638432145	 0.1371234801176957
 0.8660533281497685	 0.3709414330617075	-0.33519261035833736
 0.3625097222980783	 0.19397829927986082	 0.911569591774464
-0.06593085781523536	 0.9975285877449827	 0.024286593405575818
-0.34279092122362853	 0.2863538965667712	 0.8947043256001856
-0.1815247887620896	 0.9195598360702394	-0.3485089079942625
-0.4787188115963051	 0.5500618663108632	-0.6842954352137909
 0.25852047593916905	 0.17225046653469778	-0.9505245605973391
-0.7526598730939171	 0.3964763339120163	-0.525651626157416
 0.3581335922744151	 0.8321607735738458	-0.4233778182777195
-0.013185665241018824	-0.9915375511931634	 0.12914883973933478
 0.6136682523220518	-0.2485756299753345	-0.7494140592985723
-0.13995357481860557	-0.9198341977461977	-0.3664942640098232
-0.04518107484835499	-0.8184858595089034	 0.5727473860782946
-0.12625008949987931	-0.6856395462885646	 0.7169095671467105
-0.6127985881477845	-0.626125838561472	 0.482124801944243
-0.4515176910754123	 0.6345126172409445	-0.6273161190404524
 0.5588102814872349	-0.5232361437929252	 0.6433933533483749
 0.8516946180083117	-0.2835381868364617	 0.4407066759888798
-0.10890887936569574	-0.34606588184144593	 0.9318676201159748
 0.5450072973695742	 0.04903147536943012	-0.8369963920095531
-0.183103895166845	-0.9627413235552813	 0.19900278262816906
 0.8072492306861639	-0.538290072572551	 0.24205883030047537
 0.7273681980019355	-0.6607913932206216	 0.18517623816507012
-0.43998678581739864	 0.8613759149526882	-0.25385657652598637
 0.609059306768978	-0.03804261679905368	 0.792211789955926
-0.5371075514546878	-0.6096946009964035	 0.5829133483513533
 0.9468866055628353	-0.27678974328792993	-0.16368626764726923
-0.31407802756083536	 0.5143189947356603	-0.7980168947194006
-0.4953250537937142	-0.8593417411357388	-0.1272197430670683
-0.36368967006493463	-0.8781180614071814	-0.3108673255885097
 0.16065261571118383	 0.6782354863498743	 0.7170685895511699
-0.2474026410429218	-0.8170818976408064	-0.5207389996463545
 0.4199621870088701	 0.21176905635539706	 0.8824883162133488
-0.7437918618602392	-0.3909570291053557	 0.5421496727137194
 0.5284276588501545	-0.7891732444633534	 0.31300127729025196
 0.17246303935551505	-0.36361833945975147	-0.9154442655152695
 0.8226113481859233	-0.2507855089914795	 0.5103108839870283
-0.26575466684858606	 0.8598659721249167	-0.4358955918908436
 0.616292439975799	-0.6547273045288625	 0.43762516510484883
-0.21281813192092186	-0.4346481792527371	-0.8750939395276198
 0.002703636262794378	 0.820376762967899	-0.5718169787032128
-0.10150679953306603	-0.8913648089298745	 0.44177499595378
-0.9363176998857382	-0.23020942519178172	-0.26516558116307265
-0.48711827928206763	 0.7766665060664705	 0.39938067096916274
-0.49046713287215277	-0.554448394258797	-0.6723309971108067
 0.2601373149441936	 0.018968086342574127	-0.9653853060173052
-0.17687606255635618	 0.9809852858282069	 0.07989197383411772
-0.07579372386910371	 0.9612403734171712	-0.265089147146524
 0.906524414533805	-1.3698417168757653E-5	-0.42215339115835104
 0.5818881157959027	 0.791290325294761	-0.18779201737668627
-0.6742293351829185	-0.586135078650403	 0.44928885269310403
 0.7248999398165014	-0.6372080200538318	 0.2616983309711933
-0.6824910024276573	 0.27964821991937033	-0.6752798713875743
-0.6419360958732406	-0.021440153591966226	 0.7664583280446331
-0.544475549143547	-0.7712235184629648	 0.3297888126580977
 0.2519064153564804	 0.5083045866433957	 0.8235105373336367
-0.740601913955048	 0.17949725336073452	-0.6475257068889788
 0.8192095119294314	-0.5190836438498238	 0.24381949522532498
 0.6328276547069283	 0.13158008296162668	-0.7630306947993246
 0.8076263355237968	 0.5478491249395778	 0.21817662219253098
-0.8305994779911994	 0.18028011199132435	 0.5268810002089113
-0.9339703732143406	-0.012932053448061573	-0.35711637312153854
-0.7880157919263845	 0.18744078992501367	-0.5864273714168873
 0.5731475494339601	 0.6757078677936617	 0.4635954745029225
-0.41958072046850026	-0.8966729266218393	 0.14117252450303464
-0.7167619273091294	-0.554643429939414	 0.4226381492306921
 0.12634426682619068	 0.680237139923389	-0.7220211629232207
-0.8983678935213737	 0.3827856661673453	-0.21543041026464071
 0.6906848537312873	 0.7229938535167799	-0.015307534195527328
 0.2685800935249362	 0.8907259879949694	 0.36670416915072335
-0.014921419088513284	 0.9516290566390742	-0.30688677034471645
 0.7788829868812583	 0.3568139393017173	 0.5157762164610928
-0.4587975525318286	 0.7634194190984251	 0.4546378738449173
 0.4560134608440097	-0.7005675782629426	 0.5488686471423418
-0.035498936101737155	-0.9267898682913988	-0.3738988707766533
-0.8677214561515604	-0.3158296514589362	-0.3838112892992369
 0.25457545981937196	-0.8458263757568788	-0.4687953469604178
 0.3263370416200226	 0.007561267635455584	 0.9452232342142446
-0.2724622565142628	 0.9238035994988392	 0.26898183642793505
-0.2527237026254461	-0.9674894735969275	-0.009739025127039724
-0.948989376673065	 0.3088371388811055	-0.06355143278794073
-0.14030769538148202	 0.48749599797243287	-0.8617780471662058
 0.5149166446324951	 0.2829279884099549	-0.8092049199397575
-0.17285155259784324	 0.7040300389275128	-0.6888135052771831
-0.4290571425296528	-0.8529930086216801	 0.29717485709060854
 0.3351665153481639	-0.015608145379223807	-0.9420296135404609
-0.6261651405413146	-0.5081537773119642	 0.591351803391567
 0.5337066652850357	 0.7106171552495846	-0.4584544187760815
-0.7283946469734469	-0.264205090041903	 0.6321684179523503
 0.12296105666580863	-0.5954307101794147	-0.7939413378322515
 0.9719224108336137	-0.061943098964167546	 0.2270019378994188
 0.23822372812076306	-0.4758453069829673	 0.8466526437580706
-0.14798300391429425	 0.09844927149026066	 0.9840776247306606
-0.057018541046425175	-0.9499187730080715	 0.3072510547805771
 0.34331755956964927	-0.9359153009529132	 0.0787121511163189
-7.854441441195491E-4	-0.9953891320714321	 0.09591589457215943
 0.4873104691886938	-0.7042730559663699	 0.5162634688401704
 0.4173152140969957	-0.3601630140887344	 0.8343444225052965
 0.9392766440013016	-0.08382620183724293	 0.3327650130635642
-0.7433755875268285	-0.16765124170031756	 0.6475228158339166
 0.33193580240406645	-0.2981999093947807	 0.8949276155753119
 0.520381375495559	-0.5555732238102378	-0.6484918018159131
-0.2309536132204533	 0.6265292241537496	 0.7443934173686102
 0.7895182889533932	 0.049063550588259376	 0.6117627313033867
 0.27682024665905075	-0.9201821811884632	 0.2768308228193974
-0.38223192093945124	-0.286343419351344	-0.8785819283419831
-0.7980925347753874	 0.6008267097667805	-0.04533840277978274
 0.6877886247655767	-0.14293255905812624	-0.7117001413546102
 0.21187395726489977	-0.6576499652484205	 0.7229148977864979
 0.3302168758764327	-0.2044526097282472	 0.921496579083025
-0.7311953771027712	 0.6608785943765034	-0.16909406848991893
 0.32676782062656484	-0.944710539967114	-0.027290787420102935
 0.010580999590617018	-0.9336078108107091	 0.35814033288768043
-0.8474304025261868	-0.1306799232081333	 0.5145721237539218
-0.894574729413307	-0.19722258315465935	 0.40104776048360136
-0.9806979320089212	 0.09222501957379806	-0.17241262111005118
-0.8473469357364659	 0.5219464109838486	 0.09785251432181452
 0.9086417533091896	-0.309128948523124	-0.28073022161532535
-0.7662398730830507	-0.3356664420279048	-0.5479092046990977
-0.9450510751549148	-0.32664175232916304	 0.013551051024669913
 0.6733970955188915	-0.019955896347696785	-0.7390115790349168
 0.7709566237656486	 0.35990620270150087	 0.5254459149416411
-0.733120351762822	 0.23856372643760942	-0.6368845250587878
 0.8476526811605423	 0.48068276875614296	-0.22456403973537786
 0.4462039126155667	 0.08957727267120599	 0.8904369604791504
-0.9542588325396374	-0.22225743488666727	 0.1999792818211099
 0.7341670248501394	-0.6339632112091631	 0.2430831677760945
 0.26122257521369235	-0.686083267513244	 0.6790084802394425
 0.21582289135422386	-0.9712089242649706	 0.10086478570631807
 0.1036614633171917	 0.9796681913387452	-0.17176884438689766
 0.09596504996197863	-0.31639165240864925	 0.9437621689132911
 0.5583784335359505	-0.7708907134099522	-0.3064980145779628
-0.07408962705518607	-0.6840324562043512	-0.7256792170248958
-0.5756063644310699	 0.2927874989477086	-0.7635134535071351
-0.9889851802726677	 0.14690515995222495	 0.01808831613086137
-0.13836395187668224	-0.9388538782731908	 0.31529163019727613
 0.5915563860590818	-0.685815843888724	 0.4239312094950265
-0.7104431545131447	 0.6542390987564647	-0.2593100959541317
-0.13405453722407082	 0.5769169632377159	-0.8057271241420461
-0.6453029844307671	-0.5063806575823894	-0.5719813702483432
 0.2202836031557881	-0.8633407582660134	-0.45400205869287436
-0.712306746662294	-0.21912153898082587	 0.6667869598410372
 0.8989956158134665	 0.04168001114869521	 0.4359697918649992
 0.9838369330386264	-0.15211453549712264	 0.09447781369000796
 0.8959650727273162	-0.3440793343186584	 0.28081310537003756
-0.8776368277928719	-0.47118168417670964	 0.0879853339941623
 0.05499188577202412	 0.9857756796319451	 0.1588149928231377
 0.0886345796555925	 0.20096763568484277	 0.9755797869454454
-0.3488915495665163	 0.6202954247092428	 0.7025014396610552
 0.23589309536147066	-0.6479357264139421	 0.7242470172511732
-0.7348115306839087	 0.07903890981053316	 0.6736504027386412
-0.882289887589349	-0.19525581465192213	-0.4282986354194791
-0.5068422044046542	-0.7402209188920805	-0.44179630042452245
 0.8459576301030677	-0.28716397611247296	 0.449324536269361
-0.011559061199283118	-0.8192955537582607	-0.5732549028975995
 0.14032921623749586	-0.12846119570802428	 0.9817359279701618
-0.10902484230651345	-0.6200957557814885	 0.7769136614977397
 0.49538318371677387	 0.577013518206371	-0.6493465185074443
 0.3227699018443605	-0.3145665696864232	-0.8926743323850521
 0.7974869212524349	-0.47251703965229414	 0.37515631098189584
-0.899480982717891	 0.06746934442506687	-0.43171964200359136
-0.8793425247851321	-0.4261033223516979	-0.21258570691689127
 0.8148858243386057	-0.5466412333506214	 0.19272896848398902
-0.8898373211612374	-0.4380737247337338	-0.12759683995501492
 0.5178879162044874	 0.8527166789149185	-0.06831084650101737
-0.6220262291891931	 0.6777613237881436	 0.3920751945451493
 0.731677477697132	 0.6816493600216472	 0.0014895008700066548
-0.0519215714551907	 0.23300281681544033	-0.9710889958050672
 0.4136018391088967	 0.9044908401380403	-0.10406651138632617
-0.7434967053845446	 0.3954738578486712	-0.5392708752015232
-0.25379415898862423	-0.5054722617920987	 0.8246734610875004
 0.7744799538795362	-0.13473195326299056	 0.6180842190257658
 0.7195473810391461	 0.07655994171619118	-0.6902102156329761
-0.561308197839853	 0.762201393587737	-0.32246262209857424
 0.8828584949094205	-0.42215925195723447	 0.20577279692219008
 0.994441576222339	 0.05215617261686477	-0.09146411940422228
 0.6994168159685404	 0.5144025721105193	-0.49619160749302393
 0.375355941225485	-0.6902551770924473	 0.6185917133972976
 0.15208157455668803	-0.30702635638326536	 0.9394711337589754
-0.893760687920303	-0.4290180438059572	 0.130902065748163
-0.4708077506814421	 0.6033880585357262	 0.6436325914019334
 0.7573055099182258	-0.6527698252459576	-0.019491533953439832
 0.5107889748202344	-0.013869330157713126	 0.8595942443287241
 0.6239311773998757	 0.4014942307750955	-0.670456761113436
 0.3681976509928672	 0.21375945017567666	-0.9048410839832193
 0.20255562283399722	-0.020019533166368036	 0.9790661049950264
-0.1585403505779185	 0.03961223459651465	 0.9865575645186151
-0.1672082499087152	-0.9409265216417232	 0.29444639925404514
 0.11603920799202744	 0.9184429779303958	-0.37814996826514413
 0.9055838568915778	-0.40150157455079377	-0.13680045237720417
 0.4446729983712137	 0.023808698877270565	-0.8953764964400874
 0.9447762988128019	 0.23209942805708417	-0.23136032654099892
-0.05822867781161298	 0.9623547659267614	-0.2654858293362563
 0.9902685414467823	-0.13878532923883463	-0.010336740730547467
-0.3422621757727678	-0.8762107190772396	 0.33928067850886756
-0.720839817251871	 0.5838124089521418	-0.37356797108128315
 0.5171888166499754	 0.8557590537562664	 0.013862533908979291
-0.6501055236066468	-0.47091443258537813	-0.5963240774603344
 0.5808065880566855	 0.12060727765042106	 0.8050575084102414
-0.44584769737836755	-0.43516532992947093	-0.7822090298441857
-0.37246031934828916	 0.577900233982399	 0.7261574416571512
 0.5419175706908855	-0.5572315266117177	-0.6291409796909302
 0.23853223016763295	-0.3791009638430612	 0.8940832368322971
 0.7396927351507462	 0.3509747095343116	 0.574170193263734
-0.5960257950035838	 0.666547670913994	-0.44773592003487495
-0.8661557288577932	 0.46049266997130106	-0.1942183159991029
-0.07326710102994281	-0.685589957509641	-0.7242916139709177
 0.6841428970587886	 0.28561082829296236	 0.6710998071567416
 0.7377471035391895	-0.6272462914766631	-0.24958225307162651
-0.38530536021048223	 0.921813383439318	 0.04242482180549012
 0.15990236052636614	-0.5458208602324036	-0.822502780319468
-0.4576247993093343	 0.6929400561280259	-0.5571477556899784
 0.37944179842319964	 0.7264105424635342	 0.5730197600495135
-0.8991932335843346	 0.42398207512620045	-0.1081236729297943
 0.17802496644851562	-0.06161129051046597	-0.9820952907954705
 0.5179997738498372	 0.4211922951457057	 0.7444953222159358
 0.9303559522120494	 0.26074982959815013	 0.25777379336958695
 0.4497950229529021	 0.7813879210679545	 0.4325706348515792
 0.9323457848836546	-0.35945306974274605	-0.03904904687951549
-0.7385738528478141	-0.6727771437396736	-0.04335410881360757
 0.24475378515173082	 0.877002384353666	 0.4134759998982833
-0.8771367022668021	 0.04218685835075181	 0.4783842331421606
 0.6739283021309602	 0.5076133846043978	-0.5367953943145833
-0.8724920573254615	-0.2353118089842635	 0.4282358724541149
 0.014406224767492702	 0.47618057163433775	-0.8792295058094581
-0.15242532204946738	-0.5363782158762103	-0.8300993499163638
 0.3635248113007361	 0.8490363119838314	 0.3833889050320294
-0.831225985337757	-0.09706065980983221	-0.5473961907216334
 0.03448812925998088	-0.8221788773905292	 0.5681834760999267
-0.8917778517803701	 0.26625306378374286	-0.3658436402341285
 0.9583392707408825	-0.07692734511235672	-0.2750782174760442
-0.20238967849136347	-0.11755568979777258	 0.9722237797114059
-0.738430289184308	 0.4965428438422766	-0.4562520271124326
 0.22642542302270202	-0.48997202949688234	-0.841818827373026
-0.7682872802500077	-0.48452327160510306	-0.4182963713434935
-0.6495431340708738	 0.27874792794580733	 0.7073848384347137
 0.7042985379397844	-0.5882030840835148	-0.3974678620096517
-0.931976612396722	-0.3156088472087625	-0.17835540224250646
-0.49078029667042034	 0.5884573395014859	-0.6425361157062901
-0.23081379489606657	-0.9682636457004161	-0.09586711897525335
 0.8840801953460535	 0.4066028158304933	 0.23038306872597625
 0.06672609079637942	-0.9971945484217857	 0.03392140039715441
 0.46324719892497956	 0.31335821740747755	 0.8289804945059736
-0.08476623447404488	-0.9139880409843647	 0.3967877851328774
 0.08591966890457138	-0.5597441057423592	 0.8241992153490656
-0.7176116363223218	-0.6919356406622841	-0.07911136831122412
 0.8657146775027218	-0.4850669716777818	 0.12348331929335399
-0.7725536183605906	 0.60879830390145	 0.18034836268920462
 0.9580339405817143	 0.2137908819261187	-0.19095661156064936
 0.9212208881323734	-0.38898109478970994	 0.0067663257976571245
 0.32475834568573153	-0.4722729003401961	-0.8194451320934955
 0.39242159547868505	 0.4322261604559971	-0.8119026035303927
-0.08045812194397248	-0.9543678963426915	-0.2875906970742874
-0.4314593720515766	-0.2605595375290017	-0.8636848601611191
 0.7758393336698708	 0.5870593790355959	-0.23115928235100447
 0.17686739154321535	 0.8291684673624145	-0.5302806601607899
 0.8529588331806611	-0.19534699205415276	-0.4840462597670596
 0.17904029544741645	 0.9803595694344311	 0.08270240156391373
-0.7035802309404449	-0.6053947455430712	-0.3721183423302732
-0.15627558105538228	-0.8712787101758346	 0.4652433255406645
-0.9762462599493104	-0.1895171120212037	 0.10500716254678122
-0.13048152448697875	-0.9681571154041675	-0.2136501150475596
-0.03309113345465369	 0.5918334592048661	 0.8053807381929918
 0.7722227956141837	-0.2804120757914482	 0.5701236898113826
-0.47562184945953007	 0.16610380531031685	-0.8638248561937358
-0.3719059242461712	 0.8676611168127268	-0.3299244911822896
 0.23985856774971634	-0.6037694166216719	 0.7602173103984022
 0.36074177091601484	 0.631039527939704	 0.6867710600294781
-0.5083240999196367	 0.8491521635178283	 0.14334298948285706
-0.0208934680109044	 0.9994897866668875	-0.02415842178324379
-0.4556607459414755	-0.5518148990410129	-0.6984794927586742
 0.9858856256702657	-0.16202633963483548	-0.042154458379696225
 0.5753066962286277	 0.18124737196061244	-0.7976036581108896
-0.5659837836460405	-0.5971257887418847	 0.5684216296633109
-0.2724408051164118	-0.23066315081947575	 0.9341148315713401
-0.8683433454397976	-0.32269622607996123	 0.3766257825802304
 0.2201260409603121	-0.03127032730778678	 0.9749700983728695
-0.36027003786629935	-0.3871850986631611	-0.8487008891176051
 0.059223641271639406	-0.7302106164360199	 0.6806504359498025
-0.24525752910977405	-0.8116032082182496	-0.5302348317725014
 0.436142115341716	-0.7783916694757909	 0.4515378877967433
 0.1893436987963324	 0.9211266322875316	 0.3401098219939471
-0.4935263283071185	-0.8683341934631323	-0.04926958220267119
-0.5625261168403866	 0.3527554766031062	 0.7477485818100835
 0.4161383349743473	-0.45746809623809526	-0.7858446583702601
 0.12863627616050693	 0.8779960351969914	-0.46105929188545947
-0.6935494009442755	-0.543680923560175	-0.4726523900358399
-0.37535632588661855	 0.919292218351913	 0.11836150512103805
 0.4792407198267785	-0.746969017021503	-0.4608314443154249
 0.12070748437954265	 0.9905710168296538	 0.06479786903770934
 0.5601922389412533	-0.3316894484529195	-0.7590564967214126
-0.17798468697836703	 0.22277358918787432	 0.9584849394547443
 0.4805591461523097	 0.8622055193994475	 0.16020158977517074
-0.17480525531715996	-0.867583429910562	 0.4655557054296804
 0.49692225762210834	 0.7693795499744446	 0.4014017662652569
-0.26448556927892497	 0.08682820753445607	-0.9604729283116502
 0.8999278413858023	 0.4358809324477971	 0.0117342672173959
-0.7277601521166875	 0.44330866815001274	-0.523299709281553
 0.8942339711207636	-0.07236536470799211	-0.44171128453353825
 0.058301373731753856	-0.014491928481281774	-0.9981938358003839
-0.25340136184686274	-0.580824011764786	 0.7735833614883498
 0.22008682130225918	-0.7971929744963939	 0.5621789328164648
 0.3135695693360517	-0.6830309851673695	 0.6596535442849494
-0.42760561594330093	 0.6989996949089978	 0.5731953102833958
-0.7285873614303764	 0.5044013559438273	-0.46340018222477064
 0.5850087732499576	 0.6502774656790565	 0.4846689105467805
-0.09841215219861542	-0.5634036134981661	-0.8202995895383867
 0.12578594349739944	 0.6222370798755728	-0.7726570473673227
 0.7875422582549022	-0.17762973236840843	-0.5901058122417511
-0.3494172191157036	-0.3929701672635738	 0.8505774830233206
 0.6437842703282896	 0.7098933335403438	 0.28564535401936775
 0.1435068809592246	-0.8672289093802763	 0.47678065591260266
 0.9193824824746808	 0.052074089291954104	 0.38990273164355593
-0.9499598052828414	 0.3032135658019209	 0.07508596314005866
-0.10515502328369004	 0.9165153802240957	-0.3859300181261982
 0.23262791450204864	 0.8319264519054913	-0.5037684309425987
 0.45651981235238137	 0.5636531474053262	-0.6883929040524868
-0.33283034953943524	-0.8981071892485507	-0.28744988266744054
-0.746233584545568	 0.607167869054021	-0.2729150345522797
-0.8793021805214195	-0.3913475528307289	 0.27143096401051436
-0.08992119785139953	-0.9752032443666566	 0.20221970812390322
-0.20415331994712907	-0.8923963389357499	-0.4024303619368643
-0.20510656325889404	 0.9617852839521941	-0.18138457839938527
-0.20030548541645504	 0.14614158560538176	 0.9687725994622387
 0.5116104913275333	-0.0519201646600845	 0.8576473644017508
 0.026156860788877842	 0.6698463106484535	 0.7420389064896307
-0.6162261704950266	-0.2664672473577442	 0.7411211189020463
 0.37206897870359285	-0.5844574132002044	 0.7210923708109738
 0.9661792984367753	-0.25506282300801314	-0.03795417752242414
 0.2613846565788327	 0.7815029099929842	-0.566507954911194
-0.06471424006956605	-0.9949335802556594	-0.07693658435279027
 0.5661513710581584	 0.6736131335810399	-0.47509785446379316
-0.4139219929428896	-0.802768201440463	-0.429222318285327
 0.15410073192367735	 0.8635978682555518	 0.4800538369444134
 0.5506685733452431	 0.3611171916147503	-0.7525679346412457
 0.24981570568592928	-0.7930233476190278	-0.5556132497733939
-0.8155995107840865	 0.5079575358597892	 0.2770858707549151
-0.16370906058622173	 0.9853735861379789	 0.04731003301157166
 0.35143830264394865	-0.7659398760495216	-0.5383560399140925
 0.09756863685299824	-0.9783481729411996	-0.18252455617057173
 0.17355744220823222	-0.4365194216663916	 0.8827959043641826
 0.1535216883250924	-0.20049724451204015	-0.9675907947871829
 0.5828748633973639	 0.0523535270697299	-0.8108736040979898
-0.6188541153562808	 0.7077741929825447	-0.34069821786223464
-0.4454875268739093	 0.05875044633523973	 0.8933584098530545
-0.6529583326991979	-0.6298017020078531	 0.42070801264855295
-0.3854740997898534	 0.25388777053460926	-0.8871024283385587
 0.2471876984730476	-0.1429627431393251	 0.958363133576035
 0.5244302497819435	 0.5409315333098367	 0.6575454276205692
-0.7500473410259729	-0.33498836909909163	 0.5702734245852588
 0.8800309305440057	-0.2537288103508768	 0.40145641367872087
 0.017792772343835812	 0.34261678975190146	-0.9393067404380859
-0.8711747548781683	 0.13477593128509882	 0.47211226928475125
 0.47504200291331716	-0.13495064941943702	 0.8695535737890887
-0.11271928877308096	-0.2998781503169231	 0.9472948099198009
-0.5390867850335245	 0.09063058333616657	 0.8373598602550547
-0.8302121042839834	 0.2970038458969479	 0.47173782700010647
-0.28198891750834065	-0.6413708774933573	 0.7135304113391909
-0.8234957452436329	 0.24507745704224912	-0.5116559367537312
 0.7481451013120217	-0.641546997369003	-0.16939999276753537
-0.6969326065893504	 0.6110044426059467	-0.37544442063822214
 0.27087387604548535	-0.5954710517872545	-0.7563342976220739
-0.5856595418169335	 0.7897057006196728	 0.18266857279666682
-0.42814051718455426	-0.9006851092909292	 0.07390555761598261
-0.38722191737352346	 0.6502936292319346	 0.653588083188434
-0.8189870189555435	 0.5366867387995956	-0.20304582531775162
 0.4527359448827019	 0.543670951227247	 0.7067192235979063
 0.4814650001463262	-0.39705170237021137	 0.7813714860928924
-0.8508982025437486	-0.4839359885647066	 0.20439718168242438
 0.6378057426341373	-0.5937260924333806	-0.49060489380631456
 0.4422565090813183	-0.7064751689583493	-0.5525414154798514
 0.6759719161846017	-0.4255777213476069	 0.6016191250469822
 0.9935009061115806	 0.08169089152624104	 0.07926252454417648
-0.16804956959541814	-0.0989041772263809	-0.9808044177541042
-0.04392558938100373	 0.9889876551954592	-0.141329262605163
-0.07142190515839157	 0.7719914256208995	 0.6316075919677953
 0.9832348468448737	 0.11463952745861064	-0.14179920554786007
-0.27187215072863063	 0.9191683781732279	-0.2849825016112155
-0.13290793092115868	 0.8233389710782067	 0.5517684483568595
-0.762620806121406	-0.6366571680364852	-0.11435539540616202
 0.9157566757461911	-0.2948499371485536	-0.2728611833694552
 0.048841698107828325	-0.8788554611335164	 0.47458146504234433
 0.950171540721683	 0.24604152670413126	 0.19140953565505425
 0.4781645788439431	 0.6550034786132553	-0.5850889492577427
-0.4204562737802717	 0.3583414110838417	 0.8335514110966704
-0.83660290635319	-0.43036716656447555	 0.3389390491292801
-0.5815807807871443	 0.2732158983445979	 0.7662355175210622
 0.7283582553818314	-0.6464355011699975	-0.22719021687614327
-0.032137355319065475	-0.13822763613614952	 0.9898789375480763
 0.9965279526483519	 0.04842641008169535	 0.06772682184396084
-0.6536520649130413	 0.2996268402569828	-0.694955203327908
-0.18116032530830034	 0.09811212045968506	-0.978547366433069
 0.0643903684834424	-0.9969081160503453	 0.04503430469672587
-0.9975802092633205	-0.06636744809408832	 0.02071443746830348
-0.2571474937499247	 0.7505623651675174	 0.6087128242876723
-0.0021419018952443802	 0.22395325803832422	 0.9745975325591025
-0.9578800749330904	-0.1307310601037816	-0.2556856506930314
 0.8729421062620599	 0.3758679366729213	 0.31095879678182325
-0.5874993321205818	-0.806348000581582	 0.06817211098356402
-0.2289492499460096	-0.9650322610716	-0.12765177648663828
 0.2880402941592003	 0.744755462695787	-0.6019734958662764
-0.6851115873544239	-0.6518569511796345	-0.3251224816457534
 0.31818009391194846	-0.9378198226786734	 0.13876385707065486
 0.9127137239247692	 0.3653635095042219	 0.18292939644064443
 0.562497536638929	 0.09895234689766139	-0.8208562324296391
 0.14870229211047378	 0.9888715248755672	 0.004553637157478363
 0.6612091078152245	 0.5194462098873964	 0.5412745613603263
-0.4019147212301845	 0.5569155361081632	 0.7268491194875455
 0.244111068345508	-0.7374881691367714	-0.6296991239429413
-0.6136657901511131	-0.7894682697419575	-0.012415678348359549
 0.6422556617233487	 0.09976974182998123	 0.7599695149145671
 0.5286483440740701	 0.2239640693778747	 0.8187618847598159
 0.41716939640250206	-0.8253681514535619	 0.38044330625114453
-0.9420364793066545	-0.2692241113695777	-0.20021400928202904
 0.49810859206288965	 0.8622134458445214	-0.09206413154992732
-0.3038904616704399	-0.7213448334080449	 0.6223441319890843
 0.24616858117402388	-0.4630837365045041	 0.8514425891554844
-0.6609342818897194	-0.2600891859024774	-0.7039314529125029
-0.6167024824789865	-0.6315243662287625	-0.46995214965314824
-0.5312281538684459	-0.7394717851331659	 0.4134950151204868
 0.45331603284452315	 0.8299835676318433	-0.325010541101701
 0.2540918572614091	-0.7208898908301833	 0.6447907361092389
-0.07321639900920415	 0.8068995118169361	-0.5861335485584451
-0.654064105401451	 0.754592371478474	-0.05282517327839309
 0.5457744605401139	 0.8028030470102285	 0.2400781246453756
-0.3328400437723504	-0.4064111881771211	 0.8509097786405329
 0.06256511915597886	-0.1950977335118188	 0.9787862280618529
 0.03538846355667715	 0.9256158125453309	-0.3768063484246844
-0.8955023083530828	 0.35486117391660493	-0.2686059622957562
 0.22272199744410903	-0.9682831363212082	 0.11323727200207023
 0.4521656964408145	-0.5697330368714685	-0.6862582966051536
 0.9144773861865695	-0.19647157891374373	-0.35373723133495627
 0.21609956687932033	-0.5612779124390574	 0.7989168180747128
 0.8371289499294786	 0.29426006422832723	 0.46111401604192137
-0.42147091798142505	 0.708352883099614	-0.5662141452669294
-0.5936588213134143	 0.7950466011411215	-0.12437888040466594
 0.23009891082872633	-0.7807395433333806	-0.5809477228727369
-0.36658775387100756	 0.8473584581133166	-0.3841836308012514
-0.0631755353275854	-0.5603353627630685	 0.8258529729759732
-0.7323666435243712	-0.51927115499806	-0.44045041382637784
 0.6132474494600714	-0.295845816256692	-0.7323952612723057
-0.8731255103436756	 0.09578178704554126	-0.4779934021066179
-0.1578141902190505	 0.4957280424512823	 0.8540189630757182
 0.1719373068850357	-0.7401530396342382	 0.6500854100972571
-0.7086206899140891	-0.40880317733783933	-0.5750971048650546
-0.7220811435978725	-0.47234357842740365	-0.5054605483900636
 0.5138470118003239	 0.8526532722884002	 0.09457085026455703
 0.29404009503028744	-0.3400678713061656	 0.8932492739542937
-0.15635574264312374	-0.6615814252648374	 0.7333913685659681
-0.23907844567690636	 0.8725928806846529	 0.4259379783385999
 0.13970691393711698	-0.5418211215884963	-0.8288014541485498
-0.7738565056956229	-0.17077887907242828	-0.6099021913842622
 0.739788268628856	-0.24151267473660487	 0.6280007528185698
-0.006747387755261016	 0.01592388036418647	 0.9998504402122486
-0.46056173746264456	 0.2886623410626307	-0.8393789006388184
 0.060319172872450956	-0.9825248534375168	-0.17608665412679514
 0.3312635666673144	-0.5596959512967649	 0.7596083803519147
-0.10211994130052181	-0.7580104861988262	-0.6441984324735643
-0.3488708238576249	 0.9268113169489592	 0.13896017787926795
 0.08950267395369092	-0.29545225411475967	-0.951155737455043
 0.3959620961442995	 0.8885017382343785	 0.23190230609353657
 0.8830866221186789	 0.44440152623187296	 0.15054999607374175
 0.3119526703824668	 0.14366559995793537	 0.9391728950677689
 0.6395938382645617	-0.07852292136701812	-0.7646920117759797
 0.4741734299430966	-0.8503869428474536	-0.22803860587751612
-0.49887839574613885	-0.678964105759054	-0.5386353955585976
 0.2472077402087871	 0.9179867234023933	-0.310143045767276
-0.40740917595410453	-0.873199956473961	 0.2674688755019361
-0.12431485970927562	 0.7454527733988295	 0.6548633279451954
-0.8278209023772113	-0.2960225077590331	 0.4765325051740257
 0.05420998679187553	-0.6051548821502049	-0.7942599360044522
 0.6307734429993649	 0.6576220589375052	-0.4118957285594538
 0.6923027739812219	-0.16438529191839543	 0.7026338626474027
-0.22113648342402265	 0.7828491278064433	-0.5815891150903254
 0.10821663154646582	-0.973835599698088	-0.19983339414973167
 0.545388240352783	 0.20058108432606517	-0.8138297708338489
 0.23634641899994271	 0.9552539405089643	 0.1778490353305282
 0.9344252146812868	-0.018763368343550076	-0.35566480592860916
-0.24298580983827908	-0.7700539141541533	 0.5898939442926192
-0.5208569068873753	 0.8501078070689302	-0.07761957812414799
 0.4267082059351275	 0.14796297721334914	 0.8922034882031042
-0.790299189479403	-0.4878639971403837	 0.3706965219723628
-0.25414770486225746	 0.43758896528336605	 0.862510777657578
 0.8923237312076198	 0.43730879527902466	-0.11189001874751692
-0.9194553016083296	 0.17847113631551326	 0.3503569634623882
-0.2528433225374414	 0.062288490127825856	 0.9655000767715263
-0.8566553573199265	-0.2950164207629194	-0.4232102435614067
 0.3550199124467597	-0.9348320568834285	-0.00706308639288844
 0.16895082111571738	-0.6387584527109558	-0.7506285760178801
-0.9604487935165961	 0.11250273941729794	 0.25471797866683565
 0.7867490768236836	 0.43922597668513264	-0.43371238340872065
 0.43922919425723667	-0.7618228099648672	 0.47613414194885517
-0.036261774492155806	 0.5320312274532183	-0.845947904262019
-0.43023938588298716	 0.44084779634549953	 0.7877482410595069
 0.2714648713873833	 0.8321893248052156	-0.4834953477365327
-0.013431767798589551	-0.8432053793816745	 0.5374237395162322
 0.9400153541415748	 0.0805061743084422	-0.33149644021664626
 0.37748211402952697	-0.7747008157599826	 0.5072927159427945
 0.45172765150295113	-0.5348143647612011	-0.7140838354932153
-0.10997438675274213	-0.9698016644209159	-0.21769328410582545
 0.3784541749171464	-0.05098416078905126	 0.9242148304568685
 0.36867888763621476	-0.5222702242466771	 0.7689666382078282
 0.32577270787045165	-0.6948014868234067	 0.6411887683940953
 0.10558004842122085	 0.7281099474368542	 0.6772804129892389
-0.9202236328647889	 0.2572050984729317	-0.29501525865056477
-0.09839541842335128	 0.9828516252569558	 0.15595199377710456
-0.567031478378132	-0.8233719628385601	-0.023106564861247625
 0.908757571057246	-0.30034655451401765	-0.28974406678600495
-0.7095007971957352	 0.7041076333659142	 0.029001024369282202
-0.3622340860814914	 0.9314665663568867	 0.034007390961643846
 0.4305111807866822	-0.8980840681248727	 0.09002849436670268
-0.7830556992837802	 0.2931874496716058	-0.5485115232830113
-0.8646721691196448	 0.10323165777325938	-0.49161495581736814
-0.17755513061851783	-0.9397470104890674	 0.29214676426053665
 0.629475103406299	 0.5174461193736206	 0.5796642198176545
-0.7616989197994037	-0.612841618551951	 0.21033284609648306
 0.700447983131769	-0.1686741243962874	-0.6934851567883646
 0.736416475129054	-0.6416902905231427	 0.2142996645046935
 0.23540936040333543	 0.23911544964864667	 0.9420224173414442
 0.6790430376080338	-0.5527022068589507	 0.4831364440914181
-0.127356737944078	 0.9917659271666314	 0.013439010810159857
 0.4502504106104155	-0.8899349760532871	-0.07273449073299032
-0.12068574710773093	-0.34367092933062293	 0.9313029811925198
 0.8381788725554525	 0.5336839139808438	-0.11241733656228314
 0.6623933858337084	 0.7027048106773779	 0.2596939572932462
 0.7567066321241082	 0.5387877305981564	 0.3702740259001136
-0.21341751337157217	 0.6338488999209416	-0.7434302502960899
 0.5987186925365202	-0.18711253062499686	 0.7787970390868659
 0.7914994096299622	 0.0029048519968218564	-0.6111630276696207
 0.9481286722926191	-0.21788986296842236	 0.23146496147848739
 0.9160261862173924	-0.3559041567310562	 0.18500880353533167
 0.6501444743297885	 0.05957171519428398	-0.7574716979843235
-0.9987970437271317	 0.04820095164326124	 0.009007424860971502
-0.2815628082114142	 0.5349320602796364	 0.7965990684887134
 0.9666619539160151	 0.2251934896337481	 0.12187107564080657
-0.5546337150312017	 0.5058002701291768	 0.660717434981051
-0.665045269721578	 0.0665806127656928	 0.7438291545944529
-0.4216073954289808	 0.893378450055279	 0.15531306801559897
-0.07855696139909504	 0.6708591968303779	 0.7374121926330222
-0.6153231120627604	 0.6435371903571331	-0.45523329446410954
 0.9622282252987833	-0.2722279310816006	 0.0029658013057611843
-0.6413812631055346	-0.29017595415634356	 0.7102309419946478
-0.9374102145602013	 0.19448142251254735	-0.2888582107811599
 0.1671276001704273	 0.9714856485042235	-0.16817847665977448
 0.2169273477115817	-0.9717818452540722	 0.09264216669211178
-0.8655473216343498	 0.24951861633007996	 0.43424450959836647
 0.6930501379277412	-0.2814082137545871	 0.6636949024587966
-0.40622204086303204	 0.8484141956154084	 0.3393773802057716
 0.857086282834427	 0.0407832448071992	-0.5135560638528776
 0.5612375144114846	-0.10256621826732647	 0.821274998576943
 0.5662129269275523	-0.747826849854529	 0.34663803025171114
-0.6304503230473191	-0.5230694985966473	 0.5735247944137924
-0.3191092759630187	 0.8479346125876768	-0.42329205375265966
 0.19949214805054918	-0.08922311574878243	 0.9758289391498169
-0.822291246477104	-0.45671854919512067	-0.33947794153410715
 0.47564162449620634	 0.6558966918518522	 0.5861438173899016
-0.10305183968450368	-0.6790570520416264	 0.7268162342780844
-0.4714989805827416	-0.8556721712140651	-0.21333974481854812
 0.7492971882914015	 0.5049130621099955	-0.42850498635291046
 0.3832197632996572	 0.005948925411900692	-0.9236380369511632
 0.20350143176340615	-0.257136071084686	 0.9447053552390687
-0.7658928965512888	 0.12921000090309323	 0.6298514481041537
 0.39884634349405956	-0.7666146037478941	-0.5032133181881
 0.6917631385251293	-0.5789616036541823	 0.43158686457310114
 0.06426158755342207	 0.007559438301537454	 0.9979044559764623
-0.6737545293529891	 0.5835297189157316	-0.45337390895204766
-0.7761238651067082	-0.5873819412785533	 0.2293778565416955
-0.38900330610525385	 0.9161604927469642	-0.09657318141607374
 0.4443168995839527	 0.8474916830147419	 0.2904140836201712
 0.584130679716435	 0.7364578236874996	 0.3412055435415542
-0.96936977442291	-0.24402367481681053	-0.02783319177126531
 0.667932203841504	 0.42083517590328173	 0.6138113112299948
-0.8358388066596019	-0.44481252222405343	 0.3217379513742957
-0.40622599625523487	 0.7341804003378953	 0.544021672110707
 0.82807678614365	 0.09821123262820607	 0.5519450969395889
-0.7843438332162755	 0.2016837903046674	 0.586624581844251
-0.2848506494046356	 0.11524682351035032	-0.9516187667362028
 0.6330782784329437	 0.3593966811269086	 0.6855989490739782
 0.49115191428385335	 0.615379481432427	-0.6165045749443092
-0.0626877091257889	 0.863658554759004	 0.5001641249791402
 0.9255587675856617	 0.3772599100309933	-0.03187362591105414
 0.7125845119031113	-0.6797738507494308	-0.17358232984118827
-0.093070221795308	 0.6595510148674523	-0.745875587884659
 0.2914350193724926	-0.7071002807096336	-0.6442630072444888
-0.034430187963450244	 0.9683014197079416	 0.2474003289172959
-0.049793375648199766	 0.6135666814709104	 0.7880714099181187
-0.8315024123694453	-0.24425507155613804	 0.4989420790461543
-0.9550170206890544	 0.17098581002984786	-0.2422939185424169
 0.7019432070696815	-0.01636620472424783	 0.7120448591146868
-0.23890798937950344	-0.06341381735253492	-0.9689693805169606
-0.7706162564322503	 0.01119466991221184	 0.6372011179273784
 0.02253355963645881	 0.009561515798155428	-0.9997003631617585
-0.16964242981897104	-0.1197975475270465	-0.9781973183420718
 0.21602591559538895	-0.9012221865099217	-0.3756745590713457
 0.14430596062737802	 0.23998151225031575	-0.959992012209196
-0.6073502494275891	-0.4473697534618551	 0.6564952232939127
 0.8075766728310223	-0.5700597824821685	-0.15116799229849787
-0.15651109370645017	-0.6455135965096055	-0.747540282705919
-0.18352920923279611	 0.6904421845085473	 0.6997189573031801
 0.9902727880934278	 0.030710658208424647	-0.13570799767911446
 0.08121759558835129	 0.9211821484839352	 0.38056162639100677
 0.140787537561086	 0.6952252562288724	 0.7048692874349005
-0.9099909753191165	-0.25277331755396887	-0.3286671184808776
 0.07642413524569723	-0.9970592034031076	 0.005682997546006652
 0.6293265671757805	 0.7764484699903268	-0.03280008073813656
-0.2689506335930404	-0.9406988364295776	-0.20676376817503805
 0.28120112258603536	-0.6063645626981751	-0.7438063899700005
-0.05955745615765491	-0.220178063576294	 0.9736398357379501
 0.4280089457014619	 0.47997108998706545	-0.7657911563710771
-0.4822280655825338	 0.17676271528739876	-0.8580274093808156
 0.7711005445218252	 0.3963412886789704	 0.4983146928663029
-0.6939767543309177	 0.6643397760841793	-0.2775768836930548
 0.8754436515346419	-0.05606784688086649	 0.48005708986935747
-0.8642229689917638	-0.4604180651290128	-0.20281485441139968
-0.045719218313511376	 0.34804691585706743	-0.9363616274918494
-0.6808166915107429	-0.6697451473530429	 0.29653004933297544
-0.39911247340521405	 0.8590864827198283	-0.32043665330365445
-0.8659443124718725	-0.4901563594633375	 0.09943435510558407
-0.15135405815144717	 0.34192580720788485	-0.9274581885165092
-0.22664885106144997	 0.12119023121645271	-0.9664073810615414
-0.3671986306281092	 0.17701425714300903	 0.9131435365992304
 0.10408843689941033	 0.9665516317225838	-0.23440038506420602
 0.15347685967244967	 0.2503892025871919	 0.9559027674260774
 0.4308548609970486	 0.26229354411281103	-0.8634617452278674
-0.13752671066443226	-0.8288704380785202	 0.5422731790650754
-0.7928732233226671	 0.48046822833759373	-0.37483640871193136
-0.33950205259744426	 0.2562137345580323	 0.9050375011600063
-0.27226890440449913	 0.6709835959704895	-0.689674312725133
 0.16183103373270677	 0.26172313953463505	 0.9514786990538135
-0.39426175269916575	 0.9179551532962129	-0.043772216022359034
 0.996308598462928	-0.08466519408446868	-0.014176795811304821
-0.10014639743201424	-0.9345562402677524	-0.3414313003489753
-0.9841689684852866	-0.00474470125224389	 0.17716921087094684
 0.30751005264648573	-0.39305207160333855	 0.8665723492759734
 0.8349522462181679	 0.2000278319034517	-0.5126827605832291
 0.8313547844211578	-0.14912810069450755	 0.5353597220591952
-0.5965174139877603	 0.7647323012090326	 0.2436215965321884
-0.5544551934152367	 0.5002586492772387	 0.6650719677735524
-0.23075368521887013	-0.8753777526671785	-0.4248135201394496
-0.3706113858516222	 0.7501828136073132	 0.547606562091211
-0.3285751104538977	 0.8171728846278766	-0.47356823523032454
 0.7301327909965646	-0.14013489456394063	 0.6687812189626141
-0.3259741158068997	-0.47001848673698793	 0.8202581898093928
-0.8660389121613025	-0.2956538621413258	 0.4031939935358486
-0.2182426033237153	-0.15352007613666746	 0.9637436133731208
 0.5697770782508161	-0.5517914976386761	-0.6089993630814652
-0.5549628183337242	-0.48964510528652894	 0.6725057182924423
-0.9730398756563021	 0.11535415949983199	-0.19971684523057998
 0.7800447352687414	 0.4492320162350109	 0.4355695197886855
 0.8958009918719684	 0.00908821101899973	-0.4443624504632133
 0.7672945721500313	 0.33108597545138924	-0.5492186417161227
-0.11065701741730694	 0.30176435291275605	-0.9469389102827339
-0.8578952706469563	-0.4967090394758148	 0.13151362934920185
-0.6430056194991277	 0.7568983664482424	-0.11682737761554596
 0.3951415184173211	 0.00463739818110711	 0.918608553716415
 0.5064724925580426	-0.7876942598828515	-0.3507468705913859
-0.01210352994193972	-0.973770292221562	 0.22721118491323988
 0.9630650623854946	-0.2524972293377417	 0.0935458966988254
-0.05401149452971271	 0.17177972279005663	-0.9836536409208467
 0.6254562216348002	 0.6479440642890913	 0.43471025335371816
 0.7169334132923525	 0.10093490023157592	 0.6897960762574826
-0.9298219305911698	-0.361041823339473	 0.07127397274895353
 0.11069823336998695	 0.56150089260189	 0.8200381995590478
 0.6301986593141856	 0.46687552659101095	 0.6203844714924522
-0.8271289035322172	 0.31224538456740225	-0.46729069834306247
 0.11887894058221112	 0.7607114982830384	 0.6381111297149
 0.9532336225142581	-0.054618356969338915	 0.29725829843810025
-0.02307709667776325	 0.7205718968623229	-0.6929960959927257
-0.09328163133071544	 0.9357292049531234	 0.3401608329218342
-0.5021757029641922	-0.8561971974871185	-0.12143278950770897
-0.9345721081974212	-0.34887283387399326	-0.06973320847456166
-0.9602943592444185	 0.031197991693854128	-0.27723893831426705
-0.3460237277861654	-0.857135874564548	 0.3815569057734809
-0.23583142490348222	-0.8103407401511353	-0.5364060252078677
 0.741016376228544	-0.6333016600619048	-0.22321231490209636
-0.34700219081058914	-0.3519399102121804	 0.8693260488289154
 0.26615190747627326	 0.4278124919395601	-0.8637937449919426
-0.9607886817133063	 0.26480292573504605	-0.08224669971352472
-0.9930972992257288	 0.11071780469301533	 0.03872107945968062
 0.5074716001497754	 0.8308183705353227	-0.228502538765891
 0.8563758208507994	 0.25074560727246853	-0.45138353303557777
 0.9602797066496506	 0.046253268283113214	 0.2751790692803351
 0.88890714698164	-0.35386807958856714	-0.2908976904226992
-0.8087392965650082	 0.587600986450119	 0.02580369962588014
-0.38631573479494025	-0.39248650798476276	 0.8346942518669769
-0.4553037153097082	-0.8876080173371466	 0.06964577793373916
-0.16003316997656852	-0.9161026835644555	 0.3676210789294514
 0.5041454550711525	-0.18593077298578564	 0.8433665322906814
-0.12711515090122102	-0.9790349474791824	 0.15916127049566575
 0.5020953789764863	 0.8585293529423909	 0.10405566081082984
-0.7189974861458236	-8.993232318167098E-4	 0.6950120906385089
 0.45623750069792673	 0.5261292837147097	-0.7176596127515855
-0.08910129654948656	 0.03220351139306333	-0.9955018296352636
 0.10752715665623468	 0.3099349355201159	 0.9446577403089265
-0.3263975017832793	-0.9184611366361441	-0.2233692264361331
 0.4527240747245266	 0.21541171300246792	 0.865239103407933
-0.18321093767836888	-0.8136510644210316	 0.551729732461044
-0.615084816641073	 0.5282825039267073	 0.5853104000293743
 0.7291981370323899	 0.6428778802729692	-0.23447410945395664
 0.6355602981780888	 0.7208547416834242	 0.27646256305746486
 0.10874111496872367	-0.4359792781023484	 0.8933629939619807
-0.634527641845155	 0.0013248420480787275	-0.7728990338511068
 0.055402083217841944	-0.21372516743565995	 0.9753215684991912
-0.1639101943794212	 0.9277298961347875	 0.33533667857279936
 0.2437706509617973	-0.7610021331505226	-0.601208468894123
-0.509687351268123	 0.7712186671595976	-0.3813667150943547
-0.1970065343705025	 0.11844049739057518	 0.9732215955234436
-0.9195847963861016	 0.38827974347225996	-0.06002202149751534
 0.9680077465589125	-0.24537128229374922	 0.05247796135004901
 0.798761602709576	-0.593661694144891	-0.09770207235185646
 0.9652301957027631	-0.05011789506000117	-0.2565518775966378
 0.41222102314142833	-0.8936665185191058	 0.17729631061636497
 0.5982715072158441	 0.796748120342208	 0.08522696982083056
-0.9100467855060422	 0.04697313635310039	 0.41183537081128985
-0.7029063750061082	-0.49726949722304475	-0.5085721926209814
 0.9492076478090309	-0.11093087227663755	 0.29444724980340875
 0.432693777717666	-0.5440710783173944	 0.7188621261848218
 0.8265231706467688	 0.42723853074153967	 0.36650605211077036
-0.6085477745392284	 0.7774168114488949	 0.15903681139907788
 0.7567706275824588	-0.5939657937460432	-0.27295210768207
 0.2507519061218352	-0.7124592335367822	-0.6553818140019199
 0.3885299610174061	-0.16146178740551986	 0.9071794533605948
 0.9625730304682144	 0.15657408135770703	 0.22121871092253476
-0.43323887303145786	 0.19708256358082604	 0.879467192126484
-0.15944286450243608	-0.247950611112179	 0.9555618595404249
-0.6508951747262921	 0.48942257126117555	-0.5803456024285263
 0.2679181852862125	-0.4818568367625814	 0.83428642255409
 0.9867885676660496	-0.06703251451663321	-0.14749564305823926
-0.2256785442752575	-0.48193215243338977	-0.8466466766631289
-0.3535245183799338	 0.7254671988803616	 0.5905232918801067
-0.7874947481362605	 0.6091449507678918	-0.09377873219334099
 0.3375024485575257	 0.4731541650664738	 0.8137673090619473
 0.04599009949584163	 0.8916724880410709	-0.45033885555102704
-0.9889051476387672	-0.04707163841620074	 0.14089311491468415
 0.4862534480221262	-0.23822364367577176	-0.8407181929043956
-0.7024511572460242	-0.6812488894362011	 0.2060638792356968
-0.46803778131289875	-0.04537120487744186	 0.8825429672439005
-0.03979920216157028	 0.947682066149783	-0.31672499902183393
 0.9567613729164423	 0.1571545302969004	-0.24476545692193796
 0.48245923867894175	-0.7115004571420924	-0.5108817695905086
 0.33399780323982553	-0.882207914284042	-0.3318955609910612
-0.20190251942981843	-0.913561617719164	-0.35304467603723433
-0.07492691317155942	-0.8294589558031065	 0.5535194651686621
 0.9205195381487852	 0.022027635628074693	-0.3900750737422014
-0.24579148861361588	 0.6623274688161509	 0.707749156252901
 0.19606564883440725	-0.9389144897691812	-0.28283889804731754
-0.07727737338208654	-0.9007833290782912	-0.42733780738169735
-0.2830379989840631	 0.33938934277005955	 0.8970531562539672
 0.04639584869590945	 0.9613670030307739	 0.2713317355331184
-0.35453601682759683	-0.5801116698348683	 0.7333312098181985
 0.23308292365591024	-0.9328358404999444	-0.2747537904720796
 0.6556444843194219	 0.49031507517797374	 0.5742137556996847
-0.15074964458301204	-0.6736922547133821	-0.72347307524005
-0.6077477868627243	 0.6235128366402716	 0.49180724893830363
 0.39455216146235184	-0.8288019336528422	 0.39675678527114844
 0.471703517439037	 0.6567188829761369	 0.5884013089535194
-0.3307405320826451	-0.89974521037258	 0.2847266353000548
 0.16312456359897845	-0.9026534641130478	 0.39825506961664336
-0.05935578504664953	 0.33983614840445214	 0.9386097607734127
-0.2250307355390791	-0.22539063822712055	 0.9479241679914656
 0.7242761189343999	-0.271567978109481	 0.6337783025686912
 0.8874241872652047	-0.20036086149213925	 0.41513110825234323
-0.5492619869935425	-0.5304830860598553	 0.6456771368480674
 0.7528211335271517	-0.6022447662786521	 0.26563430201099036
 0.5959875935871108	-0.6050996075005789	 0.527876172310221
 0.9621778561883944	 0.10936778415242489	 0.24950443052237348
 0.745728430191581	 0.6004883207884538	 0.28862239171738446
-0.7958794059395234	 0.5274191584423479	-0.29732978745715477
-0.6943612182755872	-0.4046489546933678	-0.59508127345801
-0.6230366257293489	-0.11660855037355455	-0.7734518789036364
 0.17793364113609036	 0.6110209992510646	 0.771357866250344
 0.015224354953563264	-0.12551181067537934	-0.9919753043283062
-0.8008323961998249	-0.44424045982788235	 0.40164398047121064
-0.7442234743738939	 0.6353741917988955	-0.20598800107469928
-0.06665243879681153	 0.16560850007492897	 0.9839366225044017
-0.2617780259972998	-0.9532822031285527	-0.15074915025740565
 0.6091795019958263	-0.21566593312859908	-0.7631438525179166
-0.43675235141517105	-0.8936669263716889	 0.10298935985186763
-0.5859659873635769	-0.5671195345833164	-0.57880851336779
 0.8428129785399127	-0.5223654065951038	 0.12961737999748557
 0.8912040916066717	-0.30794394698576033	 0.33305523959000904
 0.020827157688431856	-0.9207020848024932	-0.3897100210964093
-0.2240512113843095	 0.7372105364527952	 0.6374336668393075
 0.7555520945844055	-0.40743140038950726	-0.5129724031034832
-0.4888505180099994	 0.7125990444579824	-0.503217421080516
 0.29381323492466105	-0.9443775563086507	 0.14773223792932688
-0.21601167439759453	 0.9704523269844829	 0.10752319551775713
-0.7423471901945907	-0.0018096404880916508	 0.6700129658532736
 0.175468821399002	-0.11285886976323585	 0.9779946667710464
-0.7425797215965442	 0.3048967138478038	-0.5963332549492852
-0.8708132255547459	 0.22832501916605044	-0.4353757134036784
 0.32523555217009015	 0.9455310821549028	-0.013885542250667848
 0.459423617659873	-0.44062047489943956	-0.7712221059044582
 0.10596185368462839	 0.959221166881702	 0.26204358143221795
 0.6985508158253805	-0.36571808637621883	-0.6150423066806154
 0.8434283675000019	 0.142623880814867	 0.5179643013930479
-0.7867980538069823	 0.5898541482619355	 0.18171655484223614
 0.8165875069284294	 0.5745314666618495	-0.0556636087924276
-0.29461052385804715	-0.291296949127489	-0.9101377514756237
-0.9329043907514201	 0.1955904503857866	 0.3023801802939585
 0.4280342786233543	 0.6462576818546946	-0.631773428506756
 0.796774259648979	-0.06864939211022265	-0.6003649224627623
-0.514278144014821	-0.7209288042616527	-0.464520881957458
 0.21609464507773443	 0.9618478722409732	 0.16778490705138083
 0.016228787018155773	-0.7167243934026892	 0.6971676773728588
-0.76330186512068	 0.6362983335791222	-0.11177966446417487
 0.2994997114958168	-0.41238727580784995	 0.8603700701243058
-0.6800889685270465	 0.5971850548502283	 0.42526345381580555
-0.9634680861054855	-0.16097628470484016	 0.21404645014309143
-0.9650359517161765	 0.1646740854508509	 0.2039315019220409
-0.45640129462329593	-0.46042766712288286	 0.7613830977989722
 0.7884991254103728	 0.6053772380002312	 0.10857038702283761
 0.6211829665905627	-0.7066072233361703	-0.33887749105966813
 0.7707875109369667	-0.41817482735323197	 0.480641682287013
 0.8842333018758409	 0.4357538367447078	 0.16807754643620476
-0.1235331760322675	-0.25731079961598463	 0.9584000765965972
 0.0018245300765363573	 0.5406129744159306	-0.841269447313499
 0.06590031189980027	-0.22620087160456967	-0.9718489155094232
 0.3219879070341306	-0.9398577740438204	-0.11397873614484055
 0.13690439636710022	-0.5149259594355202	 0.8462319082584684
-0.5531974945534682	-0.09039747678681359	 0.828130924558637
 0.5127889059680871	-0.0477134458015556	-0.8571878236453165
 0.7755566136937216	 0.5661438181012663	 0.27927247659167476
-0.8205295908572046	 0.5466839207851507	-0.1669367583328598
 0.47863171954934636	 0.8161284922586383	-0.3237992605996465
 0.6990729668763753	 0.27076950233390423	-0.6618012266447626
-0.2214954956870607	 0.7966760245758908	 0.5623584775357244
-0.4106828802600643	 0.7208281003451528	 0.5583425665432433
-0.8199722348203055	-0.10718415067176007	 0.5622784825765319
-0.2941976209593161	-0.16649170854482048	 0.9411313780805022
-0.6077907792535515	 0.18576136327528792	 0.7720641712762399
-0.3666118602651341	-0.38804979003956463	-0.8455844750012784
-0.3598843086097589	 0.7405781901571294	 0.5674744299790664
 0.13324603098808696	 0.8547599140555354	-0.5016283330810725
 0.40559731146192624	-0.9139897357735254	-0.010657571744942418
-0.269419681939891	 0.7384014744496579	-0.6182040905024644
 0.7287324986629746	-0.3530757670117443	 0.586759276144388
 0.058791099549905246	 0.33802672147167295	 0.9392984308433743
-0.44658547746784727	-0.15244139636726026	 0.881659249363616
 0.5723196752501816	-0.03149196042981721	-0.8194256804310038
 0.781619873591131	 0.4167025386483569	 0.4641436927196134
 0.9979611704588167	-0.021418547647492216	-0.060122774995342576
-0.0022482465790522807	-0.5036339883210518	-0.8639142036077139
-0.7281269258883565	-0.15909746647732145	-0.6667227129450963
 0.5142550720914417	 0.7029966650609104	 0.49126104032526774
 0.89306300741584	 0.12142682676704132	 0.4332366449489957
 0.031694802674963114	-0.5202099313669338	 0.8534500962508618
-0.23799828016894764	-0.8686634582841216	 0.4344889122618587
 0.33747698116405744	 0.7337594108261757	 0.5896663583827875
 0.06337767837142862	 0.6991468019512724	 0.7121636182827342
-0.1295489961375501	 0.8404728723605827	-0.5261391531008737
-0.49631530267630386	 0.09840155270724639	 0.8625475376778557
 0.040831808744430084	 0.06323669814717464	 0.9971629171815914
-0.8974058696594395	-0.43580401769421245	 0.06882995904667966
 0.04905830016989086	-0.9514349941658022	 0.3039156709700255
-0.3095093816978101	 0.06560490851149207	 0.9486305596069726
-0.2609820884332687	 0.5708520824206673	 0.7784704551317263
-0.8051771475454009	 0.4216019866632589	 0.41706297595476527
 0.436371150193853	 0.44133631183749084	-0.7840934122489327
-0.032852780469039826	-0.2729713797480077	-0.9614610343918895
-0.19413008484296332	 0.029038946801048324	 0.9805458937385592
 0.42108961399631845	 0.33604106443764303	 0.8424725158698338
 0.18140947050680337	-0.7872578971548598	 0.5893348855937084
-0.050743235743371695	-0.9325316424979435	-0.35750504858866017
-0.6431862349689315	-0.7247333901745661	-0.24712948086493158
-0.5219751684889099	-0.7089611498750926	-0.47425310905545004
-0.9109734587547346	 0.4073034155220483	 0.0650483293291193
-0.3731841737618703	 0.8515368159084641	 0.36826433930825364
-0.43881746487393536	 0.4994527047116289	-0.7469847577279276
-0.9446726580638652	 0.32764486285548383	-0.01556961627538378
 0.21009877740918914	 0.9605314366268761	 0.18231254203338132
 0.5527739406593196	 0.026269058174353634	 0.8329171069864032
-0.09105192996221562	-0.747671865033002	 0.6577965705962812
-0.25195175709374706	-0.29554690361579156	-0.9215054746774387
 0.4505198616364768	 0.7177804382165183	-0.530870131750462
 0.6342831446194074	-0.18163008962195393	-0.7514621766899763
-0.020479931289445814	-0.9947427996131091	 0.10033611031056378
 0.09317075995536138	 0.6824010051367648	 0.7250159154650837
 0.9916013027124286	-0.11652326430698796	 0.056117602713035675
-0.3433662661403833	 0.3355917247876271	 0.8771988380811258
-0.35789807667873436	-0.3791136805078468	 0.8533356807033543
-0.36187522934913774	 0.9027095274851903	-0.23272693735572036
-0.46985073634752655	-0.6325364105043064	-0.6157418086665991
 0.1946172728318691	 0.24615146661485027	-0.9494912177576178
-0.51868255045539	 0.7440613177898149	-0.42111894664331584
 0.29383831275579175	-0.15272943702449673	 0.9435744618327744
-0.6047094867983088	 0.7927313094229219	 0.07683428685649085
 0.6523316211920165	 0.7562191582845531	-0.050951355589400116
 0.0560690721410708	 0.25586183899597015	 0.9650859953884108
-0.6796028890975532	 0.6141937044181588	 0.40113090953373076
-0.02310898725441903	-0.8375573504138653	 0.545860476198617
-0.22250847972633186	 0.49990748424461956	 0.837008054708013
-0.8490030685740708	-0.3069192655984203	-0.4301096999096137
 0.6038076336065863	 0.7386383187512454	-0.29971615850792577
-0.7412493736012445	-0.3074548441417821	-0.5966748569778308
-0.2956826164183961	-0.9538333751746711	-0.05266576450472016
-0.5860048992261846	-0.787153148270141	 0.1923231115891033
-0.6560865206849413	 0.0206484247026574	 0.7544031547739092
 0.6299238042751544	 0.19240753162853205	-0.7524462389966027
-0.21605741382774604	-0.66735951259792	 0.7127064436885167
-0.8033447663819202	-0.0686443581021183	 0.5915447053499221
-0.18234775226838845	-0.7370569366787514	 0.6507659866160811
 0.10743780212183479	-0.9886524333011961	-0.10499278452757399
-0.8772594161987648	 0.12901964444343972	-0.46235251490425666
 0.011949696410844987	 0.48581631924663427	 0.8739792381454727
-0.7103174659441494	 0.6741927340648557	-0.202270252159918
-0.15273050696951118	-0.915511153759571	-0.3721729699785503
-0.22147802909839667	 0.5473203079086372	 0.8070860940305467
 0.8278126916244681	-0.42270005637762886	 0.36885066073385686
 0.6982875292302532	 0.2853370828656113	-0.6564885952271005
 0.6201296606489966	-0.6262000120483698	-0.4725597834073294
 0.5249299348577771	 0.52066396924956	-0.6733183456697902
-0.4132141763740105	 0.5970827500592211	-0.687565439813016
-0.877448402245885	-0.36443304788796044	 0.3118859647422998
-0.8442076006579229	 0.26743187114889766	 0.4645360279732802
-0.3263578430392964	-0.31779172599450756	 0.8902241162629609
 0.4691956734887562	 0.2765896862714626	-0.8386617705772013
-0.5517809628458695	 0.5793763455627478	-0.5998840048236331
-0.16839996880341365	-0.5533805263713144	 0.815727554726464
 0.0039982139711178455	-0.985535545235602	 0.16942167323635404
-0.6579554912884631	-0.7389890291604712	-0.14487852243801247
 0.36966952384661556	 0.2848437662710636	 0.8844255039038236
 0.7884317453784083	-0.32413911911976273	-0.5227898376363305
-0.7081322249573598	 0.5959884588735658	-0.3786112899352727
-0.34688600152826915	-0.39949619249865365	 0.8485710896105336
 0.8127971477908734	 0.06996456363007157	 0.5783301447954055
 0.6565508382188664	-0.004138276662779461	-0.7542704233233373
-0.9200114944972351	 0.028499789336663035	-0.39085369641431056
-0.6070075120453622	 0.21141216585258638	-0.7660592512658653
 0.6465016722040562	-0.7059999284861969	 0.2891361077673351
-0.943922915191057	-0.3003220396460879	 0.13717216437758095
 0.6317357907344991	 0.6446894029477522	 0.4304479810986781
-0.6071858491923646	-0.18185250399164554	 0.7734694637362975
 0.21541156967218053	-0.9348952972624879	-0.2820791357187762
 0.19430629404086555	-0.6736084325398533	 0.7130895762155738
 0.817701188144487	 0.1706815960526409	-0.5497568186716897
-0.9418222908816923	-0.2942235881215266	 0.16249077694212422
 0.3124099665562154	-0.5808256389971235	-0.7516924835861587
-0.983814814851442	-0.17859815970979498	-0.014529536368986351
 0.022280297302834904	-0.2503113920730523	-0.9679089809225596
 0.2614016107707058	-0.7075345420600523	-0.656554696638713
-0.7913194934931331	 0.4339936458488787	-0.4306541240724038
-0.17909575147263015	-0.16396626272049986	 0.9700720470634776
-0.8411431459991966	 0.0707585024114655	-0.5361636338610265
 0.42730247414626427	-0.4038663875946278	-0.8088909299527021
 0.7057370222146366	-0.4099613810618841	 0.5778121853279403
-0.35576674202245945	 0.7618014598244424	-0.5413765427870636
 0.8458500484700796	-0.31951606595136395	-0.42713836060710775
-0.5593192836453491	 0.731825398327953	 0.38935013202076396
 0.6330492014032006	-0.5864987150031505	 0.5052405030304115
 0.9509968518360375	 0.2986147180385926	 0.08021370187616106
 9.8023792411527E-4	 0.9740743493122859	 0.2262259957331587
 0.17569217724599057	-0.9677983263332789	-0.1802738428088433
 0.5497667741136254	-0.4318960211637382	 0.7149981265595244
-0.9682144332673603	 0.11488355825775759	 0.2221769098146804
-0.9057703699552638	 0.10322420082470934	 0.4110046243963741
-0.13896489726216338	-0.682277371162899	-0.7177648264772802
 0.9447862028260988	-0.30695118489975903	 0.11471704772210467
 0.3430129807104849	 0.3264303429196195	 0.8807867655031427
 0.198790708369295	 0.9758877223191448	 0.09014104333091422
 0.45142118747735444	 0.8825730052797993	-0.13146787382443814
 0.12017487677414651	-0.92098304629935	-0.3706052177472521
-0.2824065446681875	-0.9592188359129935	 0.012073456766671598
-0.8478521006540645	-0.03426791684413882	 0.5291243004168806
 0.744568494264525	-0.6393157262055402	-0.19207592138251162
-0.7918140860678882	-0.5205143252294848	-0.319523536434124
 0.7867278185291786	 0.419264318694293	 0.4530747958363279
 0.639881433786895	-0.2911221890927092	-0.7111959095162852
-0.03157141966582739	 0.9938160967905136	 0.10645567725749827
 0.005776620380171686	 0.9932054278188708	 0.11623084275749429
-0.1592628122461385	 0.08188148560110603	 0.983834731523139
-0.11897523471063745	-0.8995308313424066	-0.42034411734909227
 0.4835122922229529	-0.3566203009389792	 0.7993984139510772
-0.6421972755838585	-0.5452977293681813	 0.5387328146480177
 0.8973278094804913	-0.18754078639202418	-0.3995388038381307
 0.6708531371663126	 0.7211748548710609	 0.17280884542123665
 0.40269605573433825	 0.3063542443186962	-0.862544470554375
-0.2123213619840975	-0.8227653037243067	-0.5272351413104663
-0.8061987536875566	-0.16015434879221538	 0.5695561026936431
-0.6603630203872249	 0.4967735345223707	 0.5631489471740247
-0.501047147602533	-0.724719393359691	-0.4730048168546772
 0.6254653017664124	 0.38605863861791745	-0.6780500599769395
-0.6300169064078281	-0.3999526612928093	-0.6656700131184439
 0.18351318695028684	 0.7938157043512241	 0.5798099151797242
 0.34299814916083693	-0.8215750105842767	-0.4553754183700365
 0.10650872224722398	 0.8233647296744682	 0.5574283936196234
-0.4327122352761704	-0.8877055395489519	-0.1572863519076091
-0.7961846784777866	 0.5887849000762686	 0.13936390924268016
-0.5067587848808455	 0.1636259704946551	 0.84641719956873
 0.3254241637511898	 0.23613422251934071	-0.915608946331361
-0.2157276616362474	 0.7441495299781838	-0.6322207312625905
 0.5616199212715973	 0.4950230697667599	-0.6629745277381165
-0.8665882598206976	-0.40459701627920996	 0.29210621759711963
 0.4238992917876592	 0.47973926570280456	-0.7682184763235356
-0.36021941812389735	-0.8470713808158341	 0.3907838873459819
 0.8914303823740088	 0.14651148663685645	-0.42881960970084676
-0.017527061572360027	-0.4448285222279414	-0.8954442405449625
 0.06423231898081336	 0.7214128641119458	-0.6895198972416576
 0.6737182360938836	 0.6320817733661585	-0.3828529353849053
 0.38121876192761256	 0.2255361607236565	 0.8965521154737248
 0.23031385169862284	 0.893793273100958	 0.38482348508793085
-0.4874531493291965	-0.314041915640202	-0.81471903281443
-0.6835096631724278	-0.22101932111334055	 0.6956759303328759
 0.5878085186946077	-0.40783030708190526	-0.6986813193262933
-0.685514936946347	-0.7009350145216872	-0.19687401210146582
-0.7428912448637457	 0.6406773897500496	-0.19402340211391333
 0.19389494946573071	-0.9375957128144344	-0.28865035576571585
 0.7477664973146427	-0.6558465022649621	 0.10349217825809598
 0.0034632027924096187	-0.6181907584623499	 0.7860204783452929
-0.07554431225167108	-0.5095144632767947	-0.8571394685803366
-0.20305496920535343	-0.04730401944053954	-0.9780240330512242
-0.8850755974813751	-0.43639226845718254	 0.161873329408464
-0.9779564497471469	-0.20783789616460122	 0.020114455394777186
-0.38634127270830326	 0.7562514688629535	-0.5280380070077852
 0.8664380543932689	 0.09075229086109207	-0.4909675341635844
 0.7735774233572237	-0.6262503850393114	 0.0968938868562561
-0.7119954703644059	 0.5719274790536757	-0.40738361391184563
 0.2167054754493236	-0.8101648370372412	-0.544675751010363
 0.7382935392600051	-0.6480396334345803	-0.18699541006375076
 0.06527085111044449	 0.9740628724677198	 0.21665926353436382
-0.41212276475603493	-0.6951166248373141	 0.5890396460719962
-0.24826335370161304	-0.11668379857869145	 0.9616393286248619
 0.04848988831538779	-0.9251604082395544	-0.3764663992405992
-0.7338290529832747	-0.5860888419284371	 0.3435036977452406
-0.845812157344708	 0.044425249112519494	-0.5316278695941188
 0.22530788932237938	-0.29845700050868706	-0.9274479898390271
-0.6370605502794663	-0.4904101175426501	 0.5946862802263289
 0.42673004785896124	 0.8729435131752996	 0.23637066031860687
-0.17066455555877758	-0.20402147925358116	-0.963975541950679
 0.9515842168370994	 0.21473645401860994	 0.21994484213556298
-0.12846923311204586	-0.26497286689296834	 0.955659476986507
 0.8371347056519328	 0.5108024831965232	-0.19566887272460431
 0.9394940891768386	 0.07220539362134507	 0.3348689856253768
-0.9843515687350044	-0.14475932365650115	-0.10048247281714429
 0.6057068890558176	-0.6951049683341238	 0.3872315167280942
-0.17832485041701884	 0.5636260082858938	 0.8065519019303453
 0.6230162472485646	-0.7323938151749123	 0.2746817342996286
 0.9727091806281762	-0.21212178968708384	-0.09402763562703509
-0.9003590068725689	-0.3667010295463598	 0.23427337380308777
 0.1356556303654258	-0.9627196676895773	 0.23402647583944192
 0.887928152123083	-0.33013804225515114	 0.32030059276127365
 0.1334602326526881	 0.8752565164900377	-0.4648810564456405
-0.7790857119917635	 0.0534867862250267	 0.624631585072037
-0.7122029194455489	 0.6986350815718559	 0.0683814618908003
 0.7179586769361894	 0.6935968003089668	 0.05881170642992406
-0.5318279849659256	-0.7912533532194824	-0.3017898696543806
 0.8029950449463367	 0.19057051053521437	 0.5646962354274894
 0.0834233090244566	 0.7856113396973536	 0.6130704481952618
 0.34651372219429394	 0.9374312982662897	-0.03392346329363183
-0.7948998802394313	 0.026121965567753418	-0.6061780458827382
 0.8676286489581488	 0.2691982776937125	-0.4180344660357518
-0.3842204146781619	 0.16851523639227947	-0.907731947244447
 0.8179618104403156	-0.5419624013527427	 0.19291249876866434
-0.8402792595837225	 0.24705785189354457	 0.4825900783596555
 0.5774056930439395	 0.8163181137003493	-0.015079883459483634
-0.433248238164353	 0.8542826273929774	-0.28722318266817415
-0.6960122490636048	 0.1943074888447767	 0.6912391401911928
 0.22247775204146872	-0.571476705715639	-0.7898848173442605
 0.7019837419085644	 0.17842612156952362	-0.6894801993079334
 0.2563709572389762	-0.9596238842665256	-0.11574080105821394
 0.8096497167758978	-0.30653591912153605	 0.5005028135915157
-0.7670473852214007	-0.28126977368822015	-0.5766503474675011
-0.06852460046790543	 0.23172025250616485	-0.9703659638039626
-0.0026359879805857448	 0.9783600845383178	-0.2068927174879336
-0.8164950867983793	-0.2615868963589255	 0.514692207914023
-0.36830608430597395	 0.08535148167368616	 0.9257784577528834
-0.4307592705230993	-0.8988496303730727	 0.0807204610777088
-0.030402084635253568	 0.22127536348106303	-0.9747373629681764
-0.8037027446130128	 0.22644876582287451	 0.5502570806076077
 0.356720422196342	 0.18000072069910414	 0.9167062129907633
 0.9373518985763759	-0.17357941217547337	 0.30206225501389716
 0.8767253319742995	 0.20881746786959426	 0.4332989238240563
-0.16845199726913987	-0.9850796257441237	 0.03524280862608564
 0.27656421477517645	-0.04452649937308119	 0.9599633461540962
 0.1305156740979044	-0.7334259993629234	-0.6671221494398658
 0.906878501509299	 0.41753020545167063	-0.05692021640624856
-0.5201941273920535	-0.8425028952941456	 0.13995335382834573
 0.7462058982674431	-0.5104450117669307	 0.42734371102560553
 0.27457134300522773	-0.17019580488011535	-0.9463846816181649
 0.7566143430937836	-0.41571244116560946	-0.5046958510676423
-0.8925380935287239	 0.3067829833330844	-0.33054493300815135
-0.9835541096102391	-0.11662363284574863	-0.13791389244985308
 0.14121901954910338	 0.980627798635927	 0.13574354150399093
 0.08783881302920944	-0.5695465876191306	 0.8172521198853042
 0.867263335538376	-0.18608077736833734	-0.46176644651256926
 0.6565510188791042	-0.7251182209969697	 0.20771212094386793
 0.9243574856920788	 0.3054241610379624	-0.22864671547886983
 0.636044201369691	 0.7396139537004528	 0.22004311712838587
 0.26248480825477355	 0.45170007558539343	-0.8526832748163908
 0.7932849198037963	-0.499919618190913	 0.34753332409962634
-0.8885189290025632	-0.4326219992425362	 0.15288007906698997
 0.4286624535970966	 0.18990634272726814	-0.8832802963205226
-0.7083521837519695	 0.5136250763289154	 0.48417606791324563
-0.6359822829875794	-0.7652152426284017	-0.0998607439140271
 0.48456925569399045	-0.8448564465018202	-0.22673822183409897
-0.5581944282545996	-0.6268912648135516	-0.5435313444190557
-0.9497623592795897	-0.16536396363249597	 0.26571831029761217
-0.5329831271989914	-0.4505720563905692	 0.7161800109757026
 0.3710261081386637	 0.9212422566540424	 0.11684319250364683
-0.9144384940987316	-0.3332217524007219	-0.22970743182891606
 0.04231578102677913	-0.3252490746575331	 0.9446811176849637
 0.204289654138912	-0.036086712047888485	-0.9782451054952315
-0.4171719991078523	 0.40950537543927656	 0.811340169501483
 0.41717021446833746	 0.9085259483997565	 0.023443831699708095
-0.8599334422015927	-0.5004630425680962	-0.10025576296056005
-0.13242470823483796	 0.7450595430971544	 0.6537201036290514
-0.5460765225089006	-0.20926933469069672	 0.8111761689810046
-0.2734784289780672	 0.9614081317819946	-0.030065811599609527
 0.7559071341555437	 0.17922561897655873	 0.6296686287526341
-0.3561459999587301	-0.8733754286869604	 0.33222791465989765
 0.9429977535258075	-0.09975300583051641	-0.3174973616788923
-0.7821984180572974	 0.5885349022354345	 0.20443166007101055
-0.9431045816078806	 0.1915486058327759	 0.2717772612889906
-0.4864252424056586	 0.7684353297660317	 0.4158096048890243
 0.5972405924522116	 0.6707419953360226	-0.4397827309251494
-0.8611564262226875	 0.3222559454069976	-0.3931421056376576
-0.8114674895161557	 0.5208154542789815	 0.26508824199222025
 0.3955430623922699	-0.07118429961538117	-0.9156847062617202
-0.53085183183473	 0.01713703810130705	 0.8472913634416592
 0.31112349810164525	 0.7159430739209276	-0.625002147063231
 0.8273618509981717	 0.20837737888526497	-0.5215853098792045
 0.6752097517787925	 0.6229360707345444	 0.39502207897866715
-0.24898629319892654	 0.5831318428149697	-0.7732807250244091
-0.7579867280619277	-0.5563810849877128	 0.34043532183054825
-0.4577199298850052	-0.8055573043342272	-0.37625775104287107
-0.4960116539430645	 0.20904879617948935	-0.8427757946029133
 0.9983151806598131	-0.01362156663980417	 0.056402597337732896
 0.5722349988523525	 0.30031096126205065	 0.7631254370248126
 0.688850270991468	 0.012116380523438832	-0.7248023851216221
 0.9881437536013643	-0.13632753733711733	 0.07061674576333199
 0.6965449007461433	 0.01823620001898865	 0.7172814247235271
-0.24574622490711887	 0.9217689865229671	 0.299917869471497
 0.1890842352979374	 0.702525713800845	-0.6860792763306638
-0.3728672569843966	 0.03527514464142605	-0.9272139304602032
-0.709443218464153	 0.704603482054353	-0.014975074360585205
 0.9386853162792748	-0.04088457693919998	 0.3423424139223483
 0.47332962401576073	 0.008130991125563997	-0.8808478608774699
 0.7503191765931355	 0.05382392836993185	-0.658880958877571
-0.20072211076784993	 0.9796383129382036	-0.004405686381182328
 0.6165159823435409	 0.531330756726099	-0.5810298361287909
-0.25665055084272503	 0.6925687153682705	-0.6741506280092524
-0.4237867644753944	 0.14274243592945265	 0.8944436121077743
 0.12524518187814734	 0.46766007433239165	 0.8749901138251401
 0.4245264016876955	-0.29016156827657014	 0.8576617040333436
 0.3284015366298172	 0.7812450638923072	-0.5308564597733361
 0.0479212594319475	-0.647818124338334	-0.7602862820498728
-0.4278466107249041	-0.6728587496975439	 0.6034967942306491
 0.8758530204035084	 0.26544171985556514	 0.40301635203819086
 0.5808346899552287	 0.47081666940158484	-0.6640502441519107
 0.13374042325992877	 0.011476372051697017	-0.9909499442811358
-0.5740075714182142	-0.07655697636314399	-0.8152633545822459
 0.8479339380112945	-0.5298703559070752	-0.015666610979012452
-0.031344767204584324	-0.7541470366914986	-0.6559571271190836
-0.2507472641768631	 0.031200823760220476	-0.9675496463254494
-0.6752809777251276	 0.26097561590782486	 0.6898458733834154
-0.8403143937217711	 0.4305440020620415	 0.3293988190513335
 0.5244679292529365	-0.8194704103422914	-0.23108794377589925
-0.9002230840759406	 0.3822540519900406	-0.2085191565156479
 0.4751638637666292	-0.455344823392576	-0.752914599659186
 0.13306352451157735	 0.9151203330151173	-0.3805901661194855
 0.43433742010544224	-0.2636725994120394	-0.8612942388147309
-0.6213090542052337	 0.3535652544369548	 0.6992615176152119
-0.3818728050864916	-0.8056947349502498	-0.45280145186253695
 0.924578074337751	 0.36171688568876936	-0.11965065424607602
-0.025362698358647424	-0.7860987890070953	 0.6175803004092233
 0.5167213584409586	 0.1182952099017082	-0.8479417910713218
-0.16609452595361604	 0.3138610878988321	 0.9348282333943521
-0.6356457957603818	-0.33836282960385916	-0.6938768030959248
 0.9371041881679175	-0.17461148580659697	-0.30223595011606497
-0.5695917568349855	-0.7966665795048756	-0.20220680415267012
 0.09037151499157783	 0.7490625230598539	 0.6563065791421971
 0.5982757393758865	 0.1265919952660672	-0.7912272786050745
 0.019213611041987485	 0.2012575639047653	-0.9793499017827318
-0.253606138024548	 0.03170875354409382	 0.9667877128433904
-0.3535991827894892	-0.873685111667172	 0.3341286332862339
-0.6111251842470944	-0.026949643445275877	 0.7910750444155898
-0.3218084011645224	-0.6910376994385546	 0.6472296739910832
 0.905280803492923	-0.3104745837015202	-0.2899520644909701
-0.8089955801019909	 0.5372897995480759	 0.23842362021626906
-0.4977018557752943	-0.6596569028656875	-0.5631568460557654
 0.12807212420852573	-0.7910622582763746	 0.5981789318685491
-0.4712846921529419	 0.6374073225244892	-0.6095921949422158
-0.3104600147970906	-0.849919995238231	 0.4257353413876226
 0.5847490309321755	 0.3846179869911525	 0.7142391580603484
-0.02683781037724578	-0.17662987677112368	 0.9839113875578291
 0.5191648461340111	 0.8102904599204405	 0.27184045523168443
-0.16015817326635506	-0.9353376360115775	 0.31542489786993344
 0.6052773998561212	 0.11670761884232342	 0.7874125989134084
 0.8866594695340156	-0.08201905692033405	-0.4550910451630059
-0.998591656580431	 0.009191683463135487	 0.052251472353075146
-0.6241180618420823	 0.10671564054048442	 0.7740080212417162
-0.8052894026193241	-0.4062982062195873	 0.4317762680506627
-0.2988116114887007	-0.2438042937837743	 0.9226435320166293
-0.5276805074106877	-0.8218007703086617	-0.21493435281241013
 0.009872768957431324	 0.6915503836942697	-0.7222607529455145
 0.7902648240702016	-0.5041980847425843	 0.34823239248984716
-0.8498788324317554	 0.21437812988982075	 0.48140210594614086
-0.22452018967776094	-0.44858476068543784	-0.8650794165322919
 0.47331076153076973	-0.41643950639370453	-0.7762442016103763
-0.7738271794934681	 0.6327625364263519	-0.028338468068571654
-0.9883794274819276	-0.15200113393925194	 0.0013276338646202035
-0.2800950596954407	 0.7594197178434142	-0.5872209547392164
 0.26835259674132933	 0.07878473398887849	 0.9600936670515472
 0.8563696819214833	 0.21606143109896397	 0.4689865945601912
 0.1558982318418545	-0.31257697625266245	-0.9370119397453407
 0.7308747389551165	-0.15692144169240968	-0.6642272029166421
 0.23364923379916522	 0.7612611766681819	 0.6048879701588039
 0.33454880211464944	 0.34265400561793424	-0.8778754646518137
-0.24486040925940103	-0.8620307025823314	 0.44378648895919603
-0.27551591172017237	 0.08982923090477611	 0.9570902212770009
 0.1184821441118207	 0.6208434033623375	-0.7749293193757323
 0.15616716143422435	-0.5913644397854513	 0.7911383678262711
-0.9367933117002019	 0.04836516632189024	 0.3465243163768228
-0.9543067879815276	 0.07684464191449307	-0.2887792503304438
-0.5372632990677757	-0.6349703030698621	-0.5551223844290349
 0.5206104474100188	-0.550167425692571	 0.6529016509049042
-0.01720999169294593	-0.6250056655001764	 0.7804304801060824
-0.19418488807337084	 0.04041483292098244	-0.9801320678989651
 0.306624705776722	 0.10940316126043965	-0.9455222039241389
-0.34016597264822057	 0.2347671510887822	 0.9105885436474297
-0.4743964896968804	-0.8761950066629128	-0.08503105822142731
 0.6897987578931788	-0.6009057207400107	 0.4038440149252631
 0.16491230721698685	 0.9360053868646	-0.31096277379908477
-0.7379434997698378	 0.08646103958976994	 0.6693010382335438
-0.5134404217728257	 0.4563250110285578	 0.7267368282944862
-0.4376894082868548	 0.7141635497421466	 0.5462585524211034
-0.0015484019640054855	-0.5244004683878748	-0.8514703466392328
-0.5818376643933266	 0.45644073917043615	 0.6731469259521761
 0.5868444187244598	 0.2799450337506001	 0.7597660207526566
 0.49208237865110366	 0.4458918603404547	-0.7476866867232559
-0.8911715436601964	-0.1486914307408101	 0.428607207352552
-0.04829337541603643	 0.4312898805559183	-0.900919968044325
-0.15898748443017438	 0.9341395244693037	 0.3195408090038394
-0.004544763067752239	-0.6602679686721225	 0.7510163478075875
-0.01283170014421921	 0.2538546850628993	-0.9671572500596917
-0.3097653426176662	-0.3148112532422128	-0.8971840989145021
 0.2136698051691083	-0.3256141796914375	 0.9210432239275568
 0.6976533362653121	 0.02839075069836209	-0.7158727454461882
-0.07053268061744948	-0.7679148142237451	 0.6366568770229597
-0.6472469924341702	-0.3285015473502404	-0.6878648589464496
 0.13045600762316956	 0.9413676942216643	 0.31113999156458627
 0.036957118154586854	 0.9031901749180411	 0.42764667583090854
-0.18298946297283264	-0.9272239700956556	-0.32675765594851036
-0.26007929026894644	-0.07216549065118116	 0.9628867559231851
 0.03124181936666888	 0.4633545365539828	 0.8856221102578143
 0.8090826354411065	 0.58058142593048	 0.09116192676882262
-0.9083196519288195	-0.4088712930711866	-0.08820246947905708
 0.20166109761457637	-0.9711873885126866	-0.12699550426212824
-0.46809584397444015	 0.3263422997527814	 0.8212106820091434
 0.738583216951576	-0.5702237391220203	-0.3596383168951318
 0.7989033539417002	-0.06076144069610459	 0.59838238475513
 0.9369299344415624	 0.34590040068136224	-0.050151876892123415
-0.966362251657015	-0.0036310792843689166	-0.25715912162630894
-0.26935753946934055	 0.9590082421976253	 0.08803242202758899
-0.9432496563450917	-0.23982077539679095	 0.2297086883270818
 0.18083430806183476	 0.7987694207504854	-0.5738173624958827
 0.6564516084170401	 0.036938887356776355	-0.7534632070695453
 0.5943391325858655	 0.09275056603849913	 0.798848125726423
 0.08205711458568224	-0.8439066772110991	 0.5301774703855247
-0.7176636256582242	-0.504640509806401	-0.4798925674246559
-0.41659721703402763	 0.11482547778044318	-0.9018103284017078
 0.05266646828721867	-0.7552933996037602	 0.6532672681476901
 0.8228838157271468	 0.48408858862479826	-0.2975238884150011
-0.9211891732540521	 0.2641144999784931	-0.28575170687263896
 0.8585337918166023	-0.2815372567619429	 0.42855163208645797
-0.9377412060734587	 0.32744566160309296	 0.11584804326879161
 0.37899609137941553	-0.7640867023527215	 0.5220473867446032
 0.4475766700218901	-0.8231085925932256	 0.3495244902024972
-0.6172781539184191	 0.744190382990993	-0.2552417570829417
-0.31498913904910625	-0.428804327796296	-0.8467046065448502
 0.7542236270693647	 0.055628224965651514	-0.65425699916585
-0.8418909843556612	-0.46655356322979685	-0.27119613400311526
 0.9542620430611214	-0.2884295446619779	 0.07869149216337568
 0.031156948578422477	-0.8937150453934402	 0.4475518541942183
 0.37562019499990823	-0.7020793043815534	 0.604974478360323
-0.8146341999479954	-0.08134374198996928	-0.5742423842892117
-0.9071336239036241	 0.41055209681268623	 0.09249629282401006
 0.8910866939615582	 0.4280624544866801	-0.15075489678116294
 0.40675732247814306	-0.9017410650758184	-0.1463267992075974
 0.2685746274182454	-0.9632415878836483	-0.0057717309828497765
-0.4130839001947028	-0.7850615592724243	 0.4615626063197522
 0.5253619846278721	 0.6759500464342193	 0.5168039471922019
-0.027915901752172748	 0.33621043796623806	 0.9413730630477555
 0.9167344972328996	 0.3290295925301331	-0.22657755586685369
-0.48006667491991417	-0.5948782549235228	-0.644713773274995
 0.6967841906004927	-0.6451703682958558	-0.313443755085671
-0.4347870156774703	 0.6547509828517706	-0.6182729182593394
 0.9877758137362767	-0.15508261127007017	-0.01575834633750106
-0.04007549765206623	 0.7465865938948186	-0.664080124913005
-0.059367278139103634	 0.8747745286494493	-0.4808794550742299
 0.8250796159015547	-0.2868745168899578	 0.48677164973208575
 0.48117685237395036	 0.8562409285094832	-0.18793698168459505
 0.2715670491933031	 0.8248670662378605	 0.49582825739220127
-0.11097657562802084	-0.9932883356716803	-0.03259573408379457
-0.14536268440769903	 0.7345965685124354	-0.6627500067985985
-0.5813239960044889	-0.7443168067878714	-0.32871705584359234
 0.4364213670374959	-0.30480099610338246	-0.8465416369957883
-0.8303443364228428	-0.5459775014290031	 0.11152062994734169
-0.5828706117844111	-0.7967954029451016	 0.1593076764114627
-0.025384645598422996	 0.7568768421189384	-0.6530643656117721
-0.1658175408764716	 0.9835492660612212	-0.0716615961873075
 0.3748475202638109	-0.19689345614177478	 0.90593725140355
 0.5617026447652943	 0.09272213813436794	-0.8221269634086117
 0.4440755182063859	-0.8713445720010663	 0.20869971483930794
 0.5569096584554755	-0.6745601278026037	-0.48458256912309694
 0.4953595150484571	-0.37376268848566324	 0.7841686065808338
-0.31494635188065073	 0.8170391440780792	-0.48296566387397477
 0.4811795352897261	-0.34143702927872616	-0.8073952005404055
-0.1931284567680866	 0.06438863951927516	 0.9790584774604805
-0.98441538792926	-0.1628721519829296	 0.06632500370549566
-0.44716891266236747	 0.4336913964282129	-0.78227344082009
-0.306157851095713	 0.5917121537023979	 0.7457506938470289
-0.9102401558576648	 0.39836318918538366	-0.11300277946256254
 0.42659869347788554	 0.6633229795761941	 0.6148302037872904
-0.5333554643846822	 0.8439713084833858	-0.05695945108445066
 0.7739898501869914	 0.27440968658509707	-0.5706479087106056
-0.6299167857837401	 0.7695895306426959	 0.1045791437765522
-0.3151927767884898	 0.8947389946552887	-0.3163789577446712
-0.7663492907758692	-0.4667081374361168	 0.44146605642816183
 0.8416261667885456	-0.3882328695264162	 0.3754206099778008
-0.8523959860508142	 0.2969279281170189	-0.4304124631891999
-0.690565642886614	-0.41285567918488625	-0.5938596475846658
-0.717494891287679	-0.217861744296309	-0.6616172166353074
-0.41895007525611405	 0.5690160879155901	-0.7076026611991604
 0.39027303168898597	 0.30709399333158616	 0.8679747922583625
 0.8325016192725716	-0.5379294248554513	-0.1325631463991015
-0.030788321288474002	 0.9448302274398556	 0.32611028899467187
 0.9765749825635345	-0.007466830892260089	 0.21504778507917388
-0.4916376946030459	-0.8680466875960494	-0.06919050078535927
 0.6338549335316683	 0.7456018449769248	 0.2056837669933389
 0.5041798693946595	 0.5359510457580716	-0.6771699460608198
 0.7155143294448923	 0.6279823242950408	-0.3060677126585296
 0.44621349177415776	-0.5901682833394394	 0.6727517499783207
 0.4896290714796589	-0.5350974596519852	 0.6884287043957125
-0.8432865251373882	-0.424763960762095	-0.3293074766223909
 0.7717153015612005	-0.14264716255466936	 0.6197638908095624
-0.12879382445036405	-0.9858132785429958	-0.10763052834469566
 0.5068932173596431	 0.34234657509637156	-0.7911119318494533
-0.24104972339593833	 0.9688621201477777	-0.05657935129969904
-0.7827173453497447	-0.020691446153445106	-0.6220332960097295
 0.3536021125867265	 0.5651162011396134	-0.7453919943115408
 0.6055970592776639	-0.7819637573818734	 0.1475970322718858
-0.7229283964846822	 0.39586054630971085	-0.5662764002070575
-0.2308922381595031	 0.8167715760350428	 0.5287465999313166
 0.945816391605438	 0.01665526624433517	-0.3242745063627406
 0.5657386985915438	 0.8233705170040144	 0.044729371161331466
 0.4078301630149183	-0.20023198409398835	 0.8908320328103441
-0.4493746692842935	 0.8442694887154372	-0.2920127343624008
-0.9598386917547284	-0.27193672967208204	-0.06899348422731233
-0.00861896714989462	-0.23646438771176284	-0.9716019281317685
 0.2112043761070715	-0.787887920879472	 0.5784680938871611
 0.012484451860685227	 0.9983686162907324	-0.05571574703319215
 0.9432063722563304	-0.26936476213046934	-0.19443344428736586
-0.7517916703936748	-0.3548964885770459	-0.5557497338932076
 0.9320478585175251	-0.2851428752566747	 0.2235628102418914
 0.4069816638530897	 0.03974097725858217	-0.912571410911992
-0.01797944474789521	-0.7933041287352816	 0.6085600207852246
 0.8893135619152913	-0.2710225288393153	-0.3683316134342529
 0.820674023820504	 0.5665888711121841	-0.07396754530254235
 0.3176102232208879	 0.7768941233305328	 0.5436536280022977
-0.9191404044616469	 0.13214743773387375	 0.3711037207930581
 0.30817565652291234	-0.6353019579441592	-0.708109586828896
-0.42216037359104314	-0.8134633614859827	-0.4000724665474946
-0.01057115174808465	 0.99986017503681	 0.012956894924262885
 0.03266492859498509	 0.8915357329401671	-0.45177100319821717
-0.7268709942246208	-0.3219446285443402	-0.6066384540287222
 0.03902225218351493	-0.17534143424573082	-0.9837340317744305
-0.28071574354423695	-0.7675957933264286	-0.5761903933544683
-0.39010318477134487	-0.8005955250683666	-0.45482558247284244
-0.42820311824209506	 0.9017130294098885	 0.05962970836913528
 0.05436193013648713	-0.18014713852784822	-0.9821363393297613
 0.1130384200694109	-0.9643100493617665	-0.2394335905593008
-0.44963411398011977	 0.09325026978470895	 0.8883318922173129
-0.003897217067419697	-0.9228676399714614	 0.3850975600969635
 0.10894785163885694	-0.18608733096032476	 0.976474203898567
 0.13897065827585786	 0.1498860989625999	 0.978887794119504
-0.4945429572475819	-0.7905640844658449	 0.36115881795893734
-0.4561572596536527	-0.6345194669933082	 0.6239435875716635
-0.9917496327864833	-0.11189285825546239	 0.06255121213292769
 0.2899683118209377	-0.910269686803454	-0.29551222551098855
 0.008002578365318203	 0.3789856819285406	 0.9253679331123734
 0.891483717248221	-0.3372911904884863	-0.3024755109098154
-0.814424356500964	-0.42231853301159133	 0.39794475020149234
 0.7263674308515152	 0.6814569355871954	-0.08948072607147362
 0.07639087887234089	-0.6596179678257437	 0.7477088806123326
 0.48297094422827724	-0.6936318983199091	-0.534428532794017
 0.16055793742112162	 0.7322446302957861	 0.6618451103801122
-0.35335297091912143	-0.8960074476614589	 0.2689095232189229
 0.9811211876467555	-0.11873721316474033	 0.15265218426374072
-0.5301547365244867	 0.795480761557695	-0.2935069221198059
-0.44086395139458917	 0.44461761247193415	-0.7797141495705375
-0.811644140781459	 0.4512468215120398	 0.37095834646279147
 0.28326276004146156	-0.942244605463198	-0.17871013471315966
 0.2759196494060542	 0.927531914258227	 0.2520969954285637
 0.06963940935190872	 0.9343374825606618	 0.3495194148360321
 0.38248670554482267	 0.7687885386263104	 0.512511563731288
 0.9818797036980489	 0.18080416207413733	 0.05676356615383327
 0.2869942346624928	 0.5589433181943284	-0.7779567316479781
-0.5440951833285985	-0.7498440282100771	-0.3764231194232146
-0.2096750811143506	-0.9481058906259392	 0.23902213395433702
-0.3172513543661805	-0.7627961643396531	-0.5634656953369361
 0.4193733754650725	 0.4228105275266401	 0.8033412909614914
-0.06641403069690181	 0.2586878682956643	-0.9636751337059788
 0.2948425034716056	-0.6964949208888981	-0.6541885991994691
 0.42190808983268757	-0.8451517694607041	-0.328195140596526
 0.09236189317152398	 0.8490332421680281	 0.5202036470301017
 0.010600177884827493	-0.37160068026299914	 0.9283321445780526
 0.3953195460936593	-0.7885009356440544	-0.47115680082617306
 0.36592573487162666	 0.9306272571589529	-0.0055914927760192246
-0.8977839963236135	-0.027632144285604315	 0.43956837983114916
 0.827114733318262	-0.48212255130357023	 0.28885820648269034
 0.7054862620666766	 0.34572795556807223	-0.6186770682463587
 0.1191016345782243	 0.4371338377738738	 0.8914756354011475
 0.09046068400158541	 0.6638252224588862	-0.7423967528736743
 0.3253667613003055	 0.8046130853965404	-0.49672351811607407
 0.31659698178071444	-0.9460788193982401	-0.06856543307946095
 0.8706658419312822	-0.00809112834033744	-0.4918084234092295
 0.4417613353898929	 0.5451475136583197	 0.7125034111544244
-0.8615552694117546	-0.4941758175854671	 0.11624447970795893
-0.7599952284786639	-0.49891085556039344	 0.41652756318599127
-0.8864762989210698	 0.0399944893188053	-0.4610425276211838
-0.8015179807686719	 0.5341010111667502	 0.2688959582722763
-0.34391140887927085	-0.6465711235955239	 0.680933715551739
-0.8526048142223739	 0.18406133174326425	 0.48906692478813896
 0.23031843802254123	-0.2951768926707937	 0.927266962174363
-0.291230071115577	-0.8035263895689638	 0.5191631602341229
 0.6071964104207261	-0.7491879888547173	 0.26463158641403517
 0.7350231901706199	 0.5068854680182779	-0.4503421279686102
-0.029480466063427538	-0.5920138214909575	-0.8053884387575698
 0.9282069461555659	-0.27825212973761526	 0.24699720120892055
-0.8868560616284921	-0.33427977925513097	-0.3189723422711459
 0.44406644732700457	-0.8005197900799802	 0.4024587631654666
 0.4547274876436016	 0.5259803698758139	 0.7187263474276147
-0.3893977765228352	-0.7001202319137979	 0.5984989828763638
 0.07429884448603317	 0.18191864845951147	-0.9805025686099476
-0.36195113154894243	 0.08521675808722756	 0.9282938556898581
 0.09277933223754276	-0.6169817262898679	 0.7814893121047339
-0.3430914039431677	-0.8880150493827144	 0.3061332399628003
 0.6985148227784371	 0.4675931018440146	 0.5416952403950968
 0.9355813361825311	-0.35190010997605087	-0.029221156475281118
-0.7805232773017625	 0.5520952153734895	-0.2932137219705384
 0.8461112201606472	-0.33955260867059966	 0.410852563656662
 0.11159432923273237	-0.8494283161475592	 0.5157695623142362
-0.967829811349182	 0.21495170432749075	 0.1307716371026748
-0.31947412401842523	 0.26885515051711234	 0.9086546055147031
-0.7754237231246525	-0.266822586681196	-0.5722969131947666
 0.9685723356546376	 0.2417517400553167	 0.05851262073045893
-0.4827333866715957	-0.570491159030986	 0.6644609204912308
-0.4936028597298139	 0.2597777898365858	-0.8299829617372687
-0.31164449172106296	 0.8617995910954489	 0.4002239067917326
 0.8812331023050429	 0.16148259487270591	-0.4442427162655649
-0.5282845131696957	-0.8296804569437489	 0.18040458007120974
-0.42470032395780133	 0.9049107281522333	-0.027680478773558725
-0.5539757160831456	 0.8053384541613609	-0.2110471043136004
 0.7191056889474116	 0.6408629123901693	-0.26866658825812095
-0.2184098882018372	-0.710288962330995	-0.6691686713575429
 0.2549737827792208	 0.53776409334319	-0.8036156730714201
-0.6573826167797509	-0.3988450095754596	 0.6393518229367605
 0.15121540063041122	 0.32109637658859297	 0.9348962613861822
 0.9240504442025517	-0.330254396668738	 0.19251703833696054
-0.14170584286052104	 0.09635516377741753	-0.9852081691260057
-0.07119729401640162	 0.2129641297805915	 0.974462531219922
 0.2974044656817528	-0.6282326972524622	 0.7189396788990348
 0.8282182023876379	-0.30910220576926556	-0.46745099809751633
-0.4751234188443242	 0.8286016721222308	 0.29610303244297254
 0.002807325013219316	-0.5142976463839586	 0.8576071652278745
-0.7906105086766015	 0.5469385104745926	 0.27530581056337944
-0.15480224340683393	 0.9254843150220444	-0.34570948509462185
-0.9335420804840375	 0.10980731052619228	 0.3412353125345309
 0.8260685068034607	-0.5591496344741397	 0.07044507317716975
 0.5338629138944095	 0.269406358207398	 0.801505211040825
-0.09077921923618172	-0.1706431947099001	-0.9811422085783836
-0.33703608403811036	-0.5973819825302391	-0.7276959839139534
-0.467391835764155	-0.23697033628149466	 0.8516982632268593
 0.6062945125666528	 0.48157895832365805	-0.6328417424060027
 0.727816503867311	 0.17684483097024037	-0.6625775746714277
-0.4474568383773468	-0.010618666642589621	 0.8942424848485351
-0.7620523806541477	-0.08540308271922765	 0.6418586157413475
 0.13202499388431443	 0.9270698965564985	 0.35087149768621817
 0.7677571257249618	 0.5494351581936892	 0.3296513352607886
 0.9342510989697622	 0.07082158303826844	 0.34951278581726486
-0.5350747020695673	 0.7973384305286677	 0.2791889869017845
 0.04251632064890202	-0.1832913751305028	-0.9821388060153458
-0.8618753262799866	-0.48239927629709567	-0.15640287777980588
-0.5910736824592439	 0.5233601860802046	-0.6137801051925376
-0.14818557274346925	 0.9010253245818842	-0.4076694745658549
 0.7904540962212571	-0.5290804615937212	 0.3086360104181143
 0.5957489464510481	 0.6529834484414204	-0.46764923699715055
 0.6012291843887614	 0.5700781915631963	 0.5599413570573801
 0.470467327826612	 0.28586792866891353	 0.8348293363354167
 0.9104919670807552	-0.06066822953203385	 0.4090522507050478
-0.5429046198648485	 0.30418083418105574	 0.7827698217524239
 0.919047599720824	 0.3455556584241547	 0.1895858549007312
 0.08600450324476042	-0.4124875378434228	 0.9068942918253995
 0.13817066852761573	 0.5435190404038363	-0.8279468093284281
 0.8255447496485071	 0.5568539716243276	 0.09159432631990017
 0.8884452177266741	 0.24584051051056016	 0.38759197423387115
 0.5346719905124532	-0.8233536751954247	-0.19030130872812867
 0.6945634929857709	-0.7183954752958758	-0.03859397991679403
-0.7974653245067092	-0.4372773500917749	-0.4157373874288004
-0.012199292337480832	 0.17337267185576416	 0.9847807339301771
 0.6052553493460388	 0.3342390518749214	-0.7224612226893274
 0.053130252261159805	-0.9985124224206484	-0.012252288207273976
 0.27080958711755326	-0.4083274526475165	 0.8717401326884122
-0.7110050636539137	 0.2129295253779009	 0.6701737212699674
-0.9699105409600224	 0.24119265164406778	 0.033160930739956296
 0.4351831010630931	-0.5571425879002287	 0.7072537064568454
-0.23779779705865348	-0.24204555187291446	 0.9406732474842621
-0.5238982827437101	-0.17356280442671287	-0.833910392223125
-0.6655860386064716	 0.4277581894138301	 0.611570238485774
 0.8231797033776378	 0.4445181472678147	 0.3532404176997499
 0.2346253412112524	-0.644383624482943	-0.7278191353349601
-0.6325023080663393	 0.15529164572844853	 0.7588315590812651
-0.5694910929750142	 0.17856991781363876	-0.8023669232178967
 0.4017157606735377	-0.38911313536138414	-0.8289845689249675
 0.4711927340909433	-0.8744480409543254	-0.11540377381630185
 0.9860196036429012	 0.1665457516882039	 0.00527767245168187
-0.009123956985977923	 0.9061834654847859	 0.42278632935668825
 0.5310432049478621	-0.7323064426872973	 0.42628674443076386
-0.7640907901859844	 0.41312643461912235	 0.49547130428698893
-0.2706927023319239	 0.22630489180873475	 0.9356877453764569
-0.5128585495051515	 0.7407857912649314	-0.43383466857716835
-0.017246409994676505	-0.6526715704074884	 0.7574446399071806
 0.8649392032893132	 0.005774748335186914	-0.5018434286656677
-0.21338351948335896	 0.8787324738661636	-0.4269621915181099
 0.23560746626263393	 0.37985938060068897	-0.8945367364233638
-0.9952476160983039	 0.0782392116822716	-0.057972479729435866
-0.998252773473417	 0.028552240544893345	-0.05173170993208376
 0.9843558658346329	 0.15194608239919932	 0.0891959496865522
 0.26118675791752116	 0.23130572374288585	-0.9371654814664878
 0.6543905001800526	 0.390226510078274	 0.6476853743186048
-0.9668045420426252	 0.009070166300517378	 0.25535604470822837
 0.626547380190141	 0.5186584109237583	-0.5817489434067868
 0.301487980042872	-0.2882799147781386	-0.9088452500977149
-0.5670294493470497	-0.31266757122560646	-0.762047632026412
 0.949548018799505	-0.21856571360022561	-0.2249168487071591
 0.5335910561826366	-0.7686928508696083	-0.35269233870875705
 0.5147473958498469	 0.4226045638779467	 0.745949395773823
-0.45656534469913507	 0.3956831213393134	-0.796858176532649
 0.6962603012923131	-0.7177840412333157	-0.0027682115358609316
-0.551544682461661	 0.8341300073132148	 0.005059065913948224
 0.06689594304331169	 0.45435743253854466	 0.8883041462817383
-0.3313325723010238	-0.6175654084461485	-0.7133243952250115
-0.7794841800800953	-0.3419656208035998	 0.5248465749085824
-0.10426748609456121	-0.6313565078483037	 0.7684512029667956
 0.9126426578930034	 0.23288132484097793	-0.33593104580301225
-0.29229923854697215	-0.3809862278392903	 0.8771605607536448
-0.3372451277986933	-0.8212837452598222	-0.46017250411996846
-0.9745115421152799	-0.20449239701469932	-0.09225027830462884
-0.029896328264773966	 0.09176995139123031	-0.9953313446174274
 0.7478022920632023	-0.6094033759424818	-0.26347534490902036
 0.27968872058993294	-0.13685877238686636	 0.950286217934116
-0.8447062719105132	-0.492449995559146	-0.20967669414801327
-0.994463075463643	 0.04527630222568647	 0.09483273694332017
 0.7104584809298801	 0.6013957056529746	-0.3654749678117064
 0.40350008390601577	-0.002105066728832585	 0.9149771860444966
 0.10121947872646347	-0.9663337432423486	-0.23654537365497963
-0.5994372921892676	 0.2726431266713561	 0.7525560831005658
 0.9092854970929216	-0.4142404449506501	-0.04005918800432329
-0.318581889610393	-0.1211879516566944	 0.9401165140478738
-0.3287054653975823	-0.12220307992121084	 0.936492992112343
-0.977970503379282	 0.12576471333471625	 0.16660411579523005
-0.7178471630297147	-0.6855632588111732	-0.12123724138396863
 0.6522855529279518	-0.05327496819102786	-0.7560987602196694
 0.07366360935892535	 0.9971323770507496	-0.017340567849333022
-0.3326622851226019	 0.10771555231398161	 0.9368741451479503
 0.7097754565138463	-0.6958349721800436	 0.10969272000346608
-0.006751808000996929	 0.8116960659374843	 0.5840410170787056
 0.5867228973428439	 0.3722013159640139	-0.7191817726613174
-0.5006880141661064	-0.06834242393235834	 0.862925735832146
 0.965404598719773	 0.23512714322708997	-0.11273503132825047
-0.024034207477452916	 0.6536852943347796	-0.7563847518567406
 0.6039559668407414	 0.15156685552794558	-0.7824734362410242
-0.17171464931903188	-0.8006431280208803	-0.5740075441683516
-0.3957248533708534	 0.4192291559443768	-0.817097763569808
-0.7626271690523286	 0.5301692323064385	 0.3705676539295255
-0.2372310584676876	-0.0587541534914087	 0.9696748807439577
 0.11336514477960119	-0.9051090821035829	 0.4097876199236743
-0.1494016789208594	 0.6394007194911303	 0.7542187071730941
-0.193980708901197	 0.7487370938770248	-0.6338487586378763
-0.39076553421800814	-0.7081823881019403	 0.5880306135309177
-0.7603266116843329	 0.2353171527194117	 0.605416617876195
-0.262715315085421	-0.32881454422108874	-0.9071172243587076
-0.08555979011178842	-0.871782287934078	-0.482364141246477
-0.14953612524862678	-0.9427798140644833	-0.29800196213811314
-0.1586081687850098	-0.2533175614334785	-0.9542922308517772
-0.9829757004763365	 0.0926791945387863	-0.15864847674244298
-0.7365872756052801	-0.36313217548939003	 0.5705911045054364
 0.1159167200845347	-0.7369753469561037	 0.6659058882332956
 0.5594143309607323	-0.7780854366490195	-0.2857247969470986
 0.6855397085385834	-0.6833219956748134	-0.2512097893073124
 0.7366179284182841	-0.3733121415621791	-0.5639433238322937
 0.8711402474292579	-0.15132197613349865	 0.4671363064973051
-0.4407715286318117	-0.3528127329143005	-0.8253748451710403
-0.4368473786555669	-0.8600732812934154	-0.26351151505567505
 0.44006624623099533	-0.5258176400893076	 0.7279131186474608
-0.7869522842228688	-0.5778184801979587	 0.21640680742095508
-0.3447718512026528	 0.07870727354244542	-0.9353809575300378
-0.8633740029642133	 0.483850859064617	 0.1430862578586174
-0.38877115564379633	-0.6279047483891169	-0.6742348370484776
 0.6733741904773106	 0.5791749534353856	-0.4594818526472457
 0.1674108922284637	 0.980964872578808	-0.09839467429547488
-0.5649840473074642	-0.7761116307447741	-0.2800781371524108
 0.6673733937140893	 0.6618860911205453	-0.34134960926256297
-0.4272843024950305	-0.8521455135635414	-0.3021194276356016
-0.41876439389782577	 0.30182874760858636	-0.8564670393660334
-0.5552361255975885	 0.7014768327161092	 0.446814388749909
-0.3600628163033062	-0.2270182524889454	 0.9048853415502967
 0.9408616203970925	-0.21372700297228428	-0.26286912991875333
-0.26610407167253164	-0.1552598946666307	 0.9513584961240462
-0.4864607450008341	 0.46672879112470067	 0.7385933787331898
-0.6086068971731828	-0.7687204934316485	-0.1966378592525706
 0.19340281747759372	 0.8325118574750606	 0.5191525376564703
 0.13402493788045158	-0.9058044196388696	-0.40193988280442094
 0.8611526823865955	-0.49569895609781983	 0.11268807630758082
-0.29220291449732605	-0.6197273001349123	-0.7283924287269608
 0.20827643841187846	-0.975019472554871	-0.07718777974060509
 0.24190546917452568	 0.037625523821570084	 0.9695700407606482
-0.4519015836343766	-0.08416424853289316	 0.8880885867849198
 0.09078873812169917	-0.8757871354665769	-0.4740825860348774
-0.02620943987476053	-0.32521696121711613	-0.9452761466355513
 0.4286016317748124	-0.10762015853814452	-0.8970610585217669
 0.01934860105676565	 0.16566770521033333	 0.9859918068054563
-0.437992983491615	-0.013392996963724915	 0.8988786203066816
 0.36119132158228606	 0.9069760038730302	-0.21664569603883366
 0.5970522922427796	-0.12144496911355088	-0.792956291232153
-0.7674533163109006	-0.4990531228679576	 0.4024442667489996
 0.469023802504516	-0.8817921372937799	 0.04959132273969291
-0.8185881026654971	 0.3941724904515751	 0.4177817204542398
 0.2910607382489423	 0.353883300267595	-0.8888477127391936
 0.8486713657969854	-0.31714143778944087	 0.4232944853327594
 0.859633108291054	-0.45204115164007497	-0.23809602338925306
 0.48477201462010683	 0.20019940090398836	 0.8514201628566516
-0.24589052518446658	 0.8767470526486554	-0.41334302376646326
 0.44186619938206134	 0.29198698266238665	-0.848232199223401
-0.033815460738835276	-0.2238948440193216	-0.9740264952436273
-0.04205143831851929	-0.1269121956750849	 0.9910221849808776
-0.6722143254311428	-0.5573840517428521	 0.4872893591572418
 0.4374175553307174	 0.6863497780891393	-0.5810248397491176
-0.36495650591992307	-0.7131962444444904	 0.5984629192330932
 0.5167680913626752	-0.3268612468575973	 0.7912726869114557
-0.08223188979735181	-0.9847788299213706	 0.15312926708847208
-0.8038501653328671	 0.4792578974350127	-0.35233049746011624
-0.5032219479343497	-0.8230645769558779	-0.2633104123987513
-0.6947477941318272	 0.07544679434936989	 0.7152854561441635
-0.7899446138213219	 0.6127192433165345	 0.02371994865711602
-0.02994410334414629	 0.6724226232891231	 0.739561468955684
-0.7298990330464447	 0.6132061462993015	 0.30203579870377095
 0.2238887489736684	 0.9728463620060915	-0.058683762784252025
 0.19721389738609565	-0.37548742554666875	 0.9056024911262786
-0.22769571120179488	-0.7990333961774649	 0.5565072280693353
-0.3612742591164117	-0.09174970432886005	 0.9279347506454614
 0.017005559398277383	-0.9905623959788384	 0.1360034948897071
-0.6361201511839045	-0.7547297600770075	-0.16041864764381053
 0.9817436143475167	 0.1784354586348337	 0.06588067083485916
-0.8940793531325002	 0.012136625445715607	 0.4477441374545963
 0.02633357890153443	 0.4637981334329352	-0.885549453190708
 0.1014720987761339	-0.12490704592403645	-0.9869658773475896
-0.761783159854637	 0.5844094821258105	-0.27955674658882135
-0.9539561851637838	-0.11306493786998911	 0.2778199355917714
 0.037166376810377814	-0.6086869277534971	-0.7925395159970245
-0.13955643542901652	 0.7358770308248123	 0.6625775402432572
-0.2109863952128878	-0.47018584299783334	-0.8569772541202525
-0.9171265189564344	-0.39558567794839483	-0.04889703088083919
 0.46741279468353	-0.8144645398761274	-0.34376269816619187
-0.7300711947839468	 0.5449037078539347	 0.4124027154539289
 0.301475581700141	-0.9003964635454313	-0.31368564212192185
 0.051537735243484796	 0.8664879182829816	 0.49653051196839626
-0.5184431614098851	 0.02054403306815423	 0.8548652707255211
-0.9953754610078123	-0.09584685229916944	-0.006408785206762246
 0.3739511195067369	 0.9253815388075366	-0.06188350227527284
-0.5072444304738186	-0.06176817506348391	 0.8595858190446246
-0.3258191031997234	-0.5611639804552692	 0.7608790304836415
 0.28017112203188316	-0.5457445373824044	 0.7897259285959028
-0.3378942261212609	 0.5786174316872166	 0.7423135184688499
 0.09962894744731154	 0.32427293893920145	-0.9407024683194329
 0.6454993496542784	-0.7048086151334667	 0.29423698888744165
-0.9474870308495017	-0.28021265692016956	 0.1541077326863729
-0.5808547061745326	 0.11447355567683212	 0.8059178713526587
-0.3197066419364968	 0.9061222405525953	 0.27700207269555444
-0.29534276418669186	 0.02771550891195697	-0.9549892681115926
-0.28189460596573945	 0.17205991404078233	 0.9438913163641771
 0.2975221462488178	-0.8352176098593387	 0.4624847204744722
 0.24826214078645042	-0.7816485882450547	 0.5721812596954234
 0.32040683776601014	 0.3246874788890812	-0.8898974656472722
 0.48149342744304097	 0.392704955437846	-0.783547635631499
 0.8743177356299502	-0.34852100659455565	-0.33778929101621036
-0.7406466884250154	 0.34035146696822344	-0.5793128359165163
 0.27340623493483995	-0.7348369784351726	-0.6206960977990925
-0.8116424675470013	 0.3513214199022302	-0.4667009372093611
-0.29111800778205255	 0.5823431382711138	 0.7590301541134972
-0.6324380452439752	-0.07806051536438648	 0.770667681214819
 0.40978436382481254	-0.07621401417428615	-0.9089929588330898
-0.2825595588444117	 0.9416009161763741	-0.18316061356488267
 0.4433614917548671	-0.32594426728043	-0.8349795939158768
 0.5566936128598432	-0.1776300419852796	 0.8115046454490342
-0.8096534949389163	-0.5864913020079312	-0.02211720602245637
 0.4070433327188329	-0.8900338680251272	 0.2053178975573633
-0.27508300878419617	 0.7832271216830149	-0.5575702773089446
 0.19242514441944839	-0.49224194246729963	-0.8489231024487283
 0.49193935964466406	-0.28449260111847197	 0.8228363302268829
 0.2902064342724018	 0.43724278042242415	 0.8512337966007728
-0.03732151866557985	 0.4266648823414777	 0.9036394095108002
-0.3642547161454083	 0.7150620041601432	 0.5966614047953054
-0.6124471941591249	 0.2627888573285261	 0.7455537880197396
 0.4372240120869128	-0.8927773769391752	 0.10855283727396903
 0.6639982567359202	 0.23262827783385281	-0.7106267651895155
 0.5481311313282553	 0.33763488664354424	-0.7652156207174603
-0.6577107729347552	 0.7522103037446246	 0.03995244805999332
-0.2813383884248503	-0.16118811746435227	-0.9459741550311014
 0.5285475513526847	 0.7463174629539208	-0.4045339669905412
-0.02095631792119296	-0.10100710842637048	-0.9946649671052707
-0.7615345139984566	-0.637448235927728	-0.1171534485269734
-0.03461820128773271	 0.6147960768554491	 0.7879259889245631
-0.9130440621858973	 0.14426400655201893	-0.3814950024844812
-0.7628671041370739	 0.3634298419200029	-0.5347452958442147
 0.5460039018786613	-0.40362885293660206	 0.7341413271369213
 0.8375177604740505	-0.08026805499199112	-0.540482229345548
 0.3738569187841151	-0.880767125726381	 0.29065490623235113
 0.36829751977278397	 0.9275787017822338	-0.06288631750390095
-0.028532226067806036	-0.9675323098350046	-0.25113172141518914
-0.03642605448568172	-0.8858343900680452	 0.4625695363157636
-0.4764269657966195	 0.6173471678830059	-0.6260190257241856
-0.786833999996328	 0.5587392013468465	-0.26211211595053485
-0.3557439760788824	 0.9343390254822469	 0.021373089258988065
 0.010547364759300928	 0.967205252783203	-0.25377697311855285
-0.7740263035809016	 0.47781805736697747	-0.41541928869388545
-0.26599444613955014	 0.6800134161331357	 0.6832486432491884
-0.11009953668779528	 0.15366496566488147	 0.9819700455453535
-0.7235794598313169	 0.07146751003652099	 0.68653125225251
 0.01723274347545259	-0.6970263523059026	 0.7168384035076782
-0.7525580586011358	-0.34212596295611075	 0.562677699847651
 0.4512705191388634	-0.861263059908308	-0.2336254699161009
-0.8356536010235354	 0.11984895616876608	-0.5360217223225707
 0.5976932006564094	 0.7852106044459822	-0.16188620866112147
-0.31401154814645404	-0.5402538153312813	 0.7807192598179329
 0.6550556887628692	-0.745703122651483	-0.12177396062882417
 0.7242210281748676	 0.5671070325457945	 0.392292640749786
 0.9921480195080684	-0.014904482197448662	 0.12417795213580973
 0.6074756646751267	 0.7818468638269451	-0.14031677858147784
 0.8007369270429332	 0.5979936575992045	-0.03498512742531279
 0.5113718582262285	 0.07440401565564075	-0.8561325043873578
 0.10206850481383949	 0.7977467822941833	-0.5942912515461962
 0.013432166812691666	-0.039978862499874764	 0.999110237885656
-0.41275454212524343	-0.910420250598239	 0.027724632650774073
 0.9477005334838896	 0.0362164860787786	 0.3170994559605185
 0.053963525970280896	-0.9985355172476859	-0.0038417001120727434
-0.4160620187508841	 0.8227280589453022	 0.387312454714581
-0.3406067639003794	 0.31881280557279684	 0.8845029267267086
-0.27661867107191845	 0.9158738806971608	 0.29095900995007606
 0.25677409458735484	 0.9578646526638078	-0.12869487762178777
 0.8077514362180076	 0.2371990848525248	-0.5396982596163069
-0.432766874314509	-0.43187295707110834	-0.7913271014231136
 0.006026991959953424	-0.5834804076606043	 0.8121048511393893
-0.052746321817658925	-0.971949929584377	-0.2291967711719176
 0.015267120619873162	-0.5952192726539263	 0.803418279907365
-0.23976715416578118	 0.13500245994523388	 0.9613979652526721
 0.45685764930375977	-0.49342269687482343	-0.7401453441597934
 0.4767313241228193	 0.5210769742019657	-0.7079590606501391
 0.09150452338134785	-0.9898180423330537	-0.1090282773995519
-0.707710810483383	 0.45638490804727083	 0.5393127334224896
 0.9988611729406376	 0.03313856171661759	 0.03432481491585615
-0.8670176898045169	 0.20670809228094628	-0.4533785285515959
-0.34085433686780864	-0.6878977345046411	-0.6407924998794763
-0.6216472300658873	-0.5649553640660211	-0.5425681136635652
-0.6027001778733305	 0.7978609848713988	 0.013051605705714175
 0.804504907396941	 0.38790616157175295	 0.4497784607880957
-0.12442423890316151	-0.016672179543824137	-0.9920890318931197
-0.4090785525689749	-0.21149965918551833	 0.8876500616754792
-0.8764128666170733	 0.05337212195551866	-0.47859367298994804
-0.42150569493698314	-0.4505823966979459	-0.7869615320469139
 0.06895215737451175	 0.6293730286158101	-0.7740382360351219
 0.3513489637286817	-0.33789327554999743	 0.8731449135308955
-0.5783698043688544	-0.29097480970892153	 0.7621168083103731
-0.4540605477228172	 0.05016770777143224	-0.8895573169271418
-0.6344574951629022	-0.7721119252527517	 0.036150542376358175
-0.7109961182471196	 0.5309991124316465	-0.46100375533647386
-0.9867132804314174	 0.06429547094168885	 0.14920789066486195
-0.7325862714801916	-0.6748778143667065	 0.08864135893796043
-0.7789415830221557	 0.43198945435789887	 0.45457136025326417
-0.42391119192662896	-0.8978078346892219	 0.11933311916645639
-0.8515644028824844	-0.1282276968565712	-0.5083263966215574
 0.6152694380041546	-0.34497328070620353	-0.7088278735044571
-0.28196951468660286	-0.714679694108181	-0.6400985296162136
-0.02534872112743863	 0.9922894623743509	 0.12132215460510642
-0.6187028971161338	 0.5819159239522665	-0.5278073346884098
-0.9626219609882501	-0.26237052364854757	 0.06723591706463616
 0.20345898018292424	 0.8785658501232858	-0.43211860684315884
 0.6125600361004443	-0.564088814462024	-0.5536912601544752
-0.6305919303490637	-0.44794302275705794	-0.6337987580785494
-0.7086006118158135	-0.45973703683775036	 0.5352821965037691
-0.48806284081701934	 0.5297032442546138	-0.6936923932405183
 0.6109586313802228	-0.07152793872197442	 0.7884245713599942
-0.25364787581761433	-0.7933780514710036	-0.5533660836528433
-0.6183044624739928	 0.29546971530459676	-0.7282837627069323
-0.5868700110211992	 0.7808479975724066	-0.2141494684820402
-0.02341170226413016	-0.9911094696577559	 0.13097294129635095
-0.14035800160268708	-0.1385890482522635	-0.9803533582798765
-0.1743490447453184	 0.9651742558309063	 0.19504119174587498
-0.32829923857611126	 0.9425361224689258	 0.06201022328283945
-0.30428214660165975	-0.890183791561372	-0.3390946659871046
-0.05369946466737423	 0.8845380498614442	-0.4633668156458235
 0.6183187392708874	-0.05127347327987906	-0.7842531272518318
-0.07105434460297864	 0.4629686418871183	 0.8835221088021727
-0.38393752703018447	-0.9200332871007278	-0.07829895251263697
 0.34366485995167056	 0.5934062386982089	 0.7278485418742302
 0.8492517536088472	 0.449033554477492	-0.2777414732185437
-0.06812732579076598	 0.9583144822960339	-0.2774743600808609
-0.701279286323669	-0.48230851034056915	 0.5249627257495779
 0.13043381703044082	-0.9704627719047165	 0.2029508012348895
-0.8671346088485676	 0.15525803892299805	 0.4732573417146597
-0.17531439031227056	-0.9316751711634874	-0.3181921431885508
 0.053411565645251936	 0.6489433230898609	-0.7589596616898762
-0.5954473793123176	-0.5982514347264195	-0.5362253624343718
-0.9971490819586039	-0.067704247760922	-0.033314309001406306
-0.08908221469618559	 0.8460767355218561	-0.5255649499667017
 0.22028670536455897	 0.952339699775483	-0.21100441623617927
-0.9541142923638947	-0.19718723735339547	-0.2253510828282843
 0.5699682462578027	 0.8089054169616258	-0.1442505621061596
-0.985148347671097	 0.014592821764914585	 0.17108413904814435
-0.03198505803607448	-0.5196508405162341	-0.853779807686502
-0.7421877610288511	-0.6497078440170239	-0.16442945235489792
-0.8658394523858661	 0.13332890577292136	 0.48222966061570594
 0.28128587811676353	 0.30343622859572766	 0.9103871209258634
-0.44015030474234834	-0.8456213909868097	-0.3019804171477867
-0.6442891647165156	-0.7049873960935986	-0.29645276787046915
 0.6857321581855139	-0.7213053317148653	 0.09741676277697442
 0.777402247635233	-0.5692413435137919	 0.26760051981694866
-0.1096602682089972	 0.9928347025022715	 0.04747503642501871
 0.6977798716740012	 0.7103045460969082	-0.09257808855598437
-0.9525112093162471	-0.25968178283535276	-0.15902128093545542
 0.685553369972473	-0.5500644092461868	 0.47691269913898204
-0.46937225434729574	 0.36086064111324184	 0.8058965718653217
 0.19785755156271181	 0.5685380200705894	-0.798509179047945
 0.086538365149577	 0.29385954625265	-0.9519231473356582
-0.23187053636532068	 0.9513928368557871	 0.20270107139617255
-0.017030462381258563	 0.9827451007629537	 0.18417934270024072
 0.42681568941831616	-0.04479623763241129	 0.9032284674213651
 0.807108151410702	 0.5886893102885156	-0.044959180135220045
-0.5076561800626702	-0.8597990647143258	 0.055052440096224675
 0.153213959059194	-0.692076934685238	 0.7053757858234804
 0.4654459272387595	 0.8458934940980415	 0.2604309610231814
-0.14332739378549383	-0.7664697661060803	-0.6260841443735405
-0.46305584299633573	 0.7605426456068667	-0.4551419234483469
-0.30939074622302243	 0.4083469849816383	 0.8587957300825191
 0.879930566501728	 0.4276808797198642	-0.2069088283713174
 0.48044250081059936	-0.6454224279926815	-0.5938054335040133
-0.5967562085847982	 0.4357521377142786	 0.6737967809309668
-0.7632249677675786	 0.6459359953877504	 0.01594799167965988
 0.6889297794127744	 0.7227141125499065	 0.05531790451081098
 0.4883002775852339	-0.840730747028806	-0.23395437570297561
-0.9039554511837513	 0.40211884112953966	-0.14548188850787103
 0.8042936833239335	 0.16325877745026496	-0.5713652444370982
 0.6392714947531539	-0.7314222471089059	-0.23738882119894966
 0.3539437993407624	 0.5109626145387831	 0.7833524069356761
 0.8843560097280916	 0.30155856702789063	 0.35633815219520426
 0.7647547544840123	 0.13734927826898596	 0.6295119865841212
-0.641684450762286	-0.7177998810922677	-0.2701932574174082
 0.03420742272516394	-0.7532246154281658	 0.6568732990033874
-0.06212009531288553	-0.9976691039176127	-0.028239207611859607
-0.21381400853337987	 0.2491335210371222	-0.9445718916263248
-0.1511090610125265	-0.8876613502444658	-0.4349981367340374
-0.06492937383421796	-0.22512836022236765	-0.9721632567820511
-0.21938488207722154	-0.37458599343800825	-0.9008638115919765
-0.5116673192099573	 0.34665597516163593	-0.7861464172386916
-0.6181194506013356	-0.5467698804880752	 0.5647752142041638
 0.784577527929042	 0.2749859236909427	-0.5557165144573195
-0.3055408732068034	 0.17060686252556914	 0.9367700215416832
-0.9102896724593638	-0.35514168787734846	 0.21271364259363423
-0.6539561340830163	 0.02802824614938001	 0.756013089908492
 0.835546694151628	 0.5062271010803088	-0.21353183374877105
 0.6306931506962468	-0.775863097243943	-0.016205060934075588
-0.1036301222932435	-0.20176058802164182	 0.9739370939001393
-0.22799239836830265	 0.8169978744193639	 0.5296545473046659
-0.20059910804793346	 0.9538072517442938	 0.22363301270244218
-0.8864482033665226	-0.07394611051501655	-0.45688243070615564
-0.05173755307010117	-0.30472810227547154	 0.9510331273335899
 0.7021761259097904	-0.686643840795439	-0.1883319518828548
-0.39992637220468696	-0.49330989686387544	 0.7724663374357168
 0.1182306175002597	 0.8072495992283533	-0.5782470109141686
-0.741201922327144	 0.019136841584579244	 0.671009308156536
 0.64597989596816	 0.7319880120706826	 0.21657221472242294
 0.002710800371158002	 0.2331282394297195	-0.9724422222125833
 0.8779246925835325	-0.05038211460180488	-0.4761406059982287
-0.16583942897817422	 0.3526501131577808	 0.9209425505893392
 0.8191518405593502	 0.5589253890393957	 0.12881254440227852
 0.12458392072723176	 0.48456764162134347	-0.8658366170298875
 0.503953120235621	 0.7258144919218236	-0.46821424147610746
 0.9345693498848425	 0.3412962414580859	-0.10048385851671249
-0.3016866291991947	 0.4459314442894569	-0.8426923072844243
-0.47639356332837113	 0.7689121654549644	-0.4264073810743134
-0.7349878538103776	 0.25189759322270416	-0.6295557618510248
 0.6889296351840861	-0.7083154462833936	 0.1538349320586161
-0.21348427645201287	 0.359297125848839	 0.9084767685882364
 0.25979410940424863	 0.950854793236285	-0.16847012464658295
-0.9208644395003711	-0.17243258406251763	-0.3496794074823253
-0.8578268644197753	-0.3480253126986333	-0.3781685502533956
-0.6814986791768919	 0.5550570867814884	-0.4769393889099527
-0.8390042593013096	 0.1615062169603662	 0.5196033051833024
 0.9587423127855101	-0.18532357661579443	-0.2155651864866419
-0.6762852272875188	 0.6189493303647705	-0.39942460839771887
-0.9892496930100002	 0.12372873500011397	-0.07795027270569332
-0.9445044486360783	-0.3278575370043591	 0.020512969948132564
 0.7506278905172912	-0.6602354007969944	-0.025435909891205588
-0.07150449461254382	-0.26786754679773533	 0.9607986701816191
 0.8880781536888401	 0.4104331436717376	 0.20703098202045878
 0.44959599460192257	 0.4476413828457695	-0.772968714762658
-0.5281418899862232	-0.8151330633247384	-0.23795846931052456
 0.8833464011732401	-0.19120327213618132	 0.42794911409968184
-0.38009384904722965	-0.3877826432139444	-0.8397340576268588
 0.8397537090889073	-0.31084031899546066	 0.4451876055756978
-0.8534020897444957	 0.3964364460431255	 0.3384420444750087
-0.47859516450080164	-0.45669877665835795	-0.7499152591561329
-0.7936034776371411	-0.5349786077617766	 0.2898127145580518
 0.24995507281200166	-0.020073918392937314	-0.9680493269332409
-0.36854667028342347	 0.8758770365400225	 0.31146872826155403
 0.05838737615980148	 0.37029222657708166	-0.9270785194587139
 0.7035719146567089	-0.6097196086935279	 0.36500487624263855
 0.5399422763763597	-0.08178155929412549	 0.8377195919524243
-0.47690645833798306	-0.02319124824717742	-0.878648050131712
 0.08744028735463656	-0.9354961109975929	 0.3423466407834581
 0.03287557043978312	 0.45944268825976853	 0.8875987905990499
-0.09544822019562844	-0.1954292562390825	-0.9760620077983395
 0.09489880127020295	-0.5882749771863081	 0.8030733271214574
 0.15297017184739353	-0.2881467730766972	-0.9452891429030936
 0.8195463860618106	-0.1382009180920304	-0.5560973182200624
-0.6939835993485476	-0.641886573923224	 0.3261416717506982
 0.6695929272258829	-0.2171608379813783	-0.7102721184562288
-0.47732733404752536	 0.8610806672788935	 0.17521044663380536
 0.9229545319682412	-0.036236188848678366	 0.3831995179237673
 0.6441363923891812	 0.37399386665969137	-0.6672457536026615
-0.27740432300651946	 0.12689810026247228	 0.952335924832761
 0.3557208683715034	-0.7594689773492705	 0.5446737888397759
 0.5692420057171119	 0.29407955475009756	 0.7677765002949386
-0.9727891641758888	-0.1765326031756116	-0.15005826227841523
 0.5071849720379926	-0.6451704202223603	 0.5714180019993453
-0.6673209352748283	-0.44786504974361996	 0.5950627417021446
 0.15857814458958866	-0.9865409801678786	 0.039873130149572056
 0.09543513422846583	-0.37317450086257475	 0.9228395998551226
-0.5987006757548036	 0.5683842002672124	-0.5643552974300345
 0.3995476611509228	 0.5989337408443087	 0.6940029110508614
-0.9331201288982762	-0.07863305557641685	 0.35086132248451185
-0.18996180754355632	-0.8890513303031677	-0.41653600535962365
-0.07921478501100156	 0.6416755884752154	 0.7628744700084324
-0.023565550079636677	-0.8983466923496686	 0.43865463088157863
-0.03419472223545108	-0.053750330146508284	 0.9979687484988604
 0.352765544420003	 0.27096215954252933	 0.8956204434726285
-0.007191684315436249	-0.9902815069161642	 0.13889138467362927
 0.9239653691800259	-0.259730949539098	-0.2807629434372294
-0.17444940114511162	-0.3666450954039934	 0.9138592782569472
 0.8623495515328345	 0.34867567438738156	 0.3671219484879973
-0.07747966524289754	 0.5510851672706132	-0.830844173048213
-0.16744214511039232	-0.4589933715171634	 0.8725183166811672
-0.5189171628590918	-0.7818395920004672	-0.34561804129821394
 0.38825026969765936	 0.8714838873816844	 0.29962904083850495
-0.1007086680424508	-0.2571114590323256	-0.9611198998123929
 0.9588589977059029	-0.1259439823695353	-0.25441606832771657
 0.11485826697181487	-0.9786930344541435	-0.17019848066058585
 0.47947393824128537	 0.8652540481233305	 0.1464246384785748
 0.5652401457231581	-0.05243886096941773	-0.8232580054412426
-0.5467821944996208	 0.8372174832136713	-0.009803957341035563
-0.9003319765846383	-0.09448709613565054	 0.4248229285279346
 0.019877845525387905	-0.833895499716113	-0.5515642907318086
-0.6924273559553477	-0.07528971752018346	 0.7175484758261403
 0.364702307496331	-0.7187448864867875	-0.5919442668494614
 0.07601749112653194	-0.294179107993921	 0.9527224115463688
 0.7809275218705866	 0.46340733256588557	 0.4188148155321578
 0.2809754826520124	-0.032578276113196775	 0.9591618393545278
 0.4755803980657422	-0.8143228903572945	-0.33271837222457656
 0.40979800300161356	 0.20476224357923217	 0.8888970808481085
 0.8823188991306715	-0.3964808363227249	-0.2536065982297633
-0.8695880334841508	-0.052316531408568435	-0.49099860749552415
-0.37808390942931946	 0.4833325550974287	-0.7895835602478267
-0.4916999612153781	 0.5551456456412377	-0.670853531157412
-0.5357202806235941	 0.7847670278095666	-0.31168011324355693
-0.56669763297552	-0.4584992008641219	-0.6845672177273057
-0.1730179352681676	 0.929498619950736	-0.32572551264096195
-0.6747682219298243	-0.6660069409794455	 0.31799780068557837
-0.1283144795765355	-0.1656270378290597	-0.9778052355510141
 0.7043241498852677	-0.652600240155915	 0.2793571521132707
 0.4211662345244086	-0.6407252752215815	 0.6419424620546295
 0.360803105106594	-0.9092404574664986	-0.20761240293285077
 0.2771314684605451	-0.2489695536206961	 0.9280152534084842
-0.18264675314645798	-0.915414774422408	-0.3586864289797269
-0.93775781161293	 0.34406118059088425	 0.047246066178416424
 0.4253519270436021	-0.6896848229291571	 0.5860124428555007
 0.500816680007358	 0.593790749837169	-0.629758047534305
-0.8093677648738414	 0.5649189670795064	-0.16059384115508823
-0.4898791929414502	 0.8702384119036499	 0.051995026401058464
 0.8978855519716218	 0.022355661453948975	 0.43966096024274504
-0.1990361832536013	 0.9787004041129627	 0.05030026585379699
-0.10228968674949905	 0.23486489419578274	-0.966630902391959
 0.6093511517389157	-0.3399684180016965	 0.7163188177312394
-0.22330897559766213	-0.8578532309569867	 0.4628400755705815
 0.7117926958596394	 0.4934800250569904	 0.4998285936104685
 0.3700805105332931	 0.9289467421785179	-0.00991795943405327
-0.09077904554039341	-0.9549901204551974	 0.28240579796410503
-0.9637635555455497	-0.26663819097222907	-0.007992754047084993
 0.6330216633736695	-0.6716166756186889	 0.38498651240080295
-0.7029134275698801	-0.5301814671074097	-0.47415221741313984
-0.041028715104253724	 0.7928439404714311	-0.6080420467324834
 0.9286166732419695	 0.23054651545349816	 0.29072216700703657
 0.5313130571351751	-0.7425309107552098	-0.40786551936969717
 0.37267387490980014	 0.4714938644467623	-0.7992544768399941
 0.20749613791829497	 0.2626171961079971	-0.9423256130751014
-0.4350162002289384	-0.8996608916294905	 0.03702952350228661
 0.46067689441883236	 0.872058581929304	 0.16519875493499137
 0.8448037144820773	-0.272698869550709	 0.4603716004957845
-0.5931095782753915	-0.3813574633617383	 0.7090751111809579
 0.9521414938720991	-0.30256280685628545	 0.0433857528948558
 0.3191145977703773	 0.6752017248168843	 0.6650327091911756
-0.9244434989448385	-0.3728927722743499	-0.07971949350174179
 0.32549882827279963	-0.37725924436575214	-0.8670213234595885
-0.5170698575993388	-0.13293355065964513	-0.8455574690529433
 0.297724111845354	 0.9544190044655996	 0.021088317637707688
-0.014103112387771342	 0.15096505349621583	 0.9884384932022137
 0.2527910911969021	 0.8935406532135898	-0.37105493564445546
 0.9260128958741743	-0.2977844200190349	-0.2320011979896921
 0.09292421508089899	 0.8903417084304837	 0.445709246573017
-0.6838520616713947	 0.5107862481220115	 0.5210026549617786
-0.27984124156786055	-0.530740042525891	-0.8000024292321704
 0.6073113791289249	 0.7908620311335247	-0.07556544509151619
 0.6860486027195836	 0.510243803003519	-0.5186410861115931
-0.14710611479791483	 0.9446463797918401	-0.29326269475545863
-0.7683119248240186	-0.63238335700684	 0.09893470550808359
 0.8060960350155031	 0.04512736806130909	-0.5900616094817082
 0.9623857110571097	 0.10890418310130946	-0.2489048453850149
-0.16302019519670255	-0.45511849436959456	 0.8753808154402187
 0.28106244949922254	-0.7860678988235485	 0.5505462359517395
-0.3348179599923279	-0.9247045879844543	-0.1811583799526717
-0.5582926035892608	-0.648545934992213	-0.5173949545391805
 0.15696186205786425	 0.8913495280323455	 0.42527519647381595
-0.9426898831274498	-0.33232281104003397	-0.029955525560483975
 0.07407571707667839	 0.1866555818915087	-0.9796287469691354
 0.7809861068090099	 0.028695748432706284	-0.6238888162110237
-0.41790286934457105	-0.7109761815145965	 0.5655705624522
 0.5133005088555109	 0.6989239461827642	 0.4980240004869103
-0.1338429556743365	-0.17663217571649428	 0.9751344203329175
 0.9761036836670642	 0.18528610060648268	-0.11353704088812666
-0.35619865069729334	 0.07134770084976845	-0.9316823636974565
-0.5427316920013935	-0.14245300978447947	-0.8277375492876033
-0.3340653705612996	 0.8764908857104249	 0.34664687429471575
-0.42997565588278475	 0.7448088135794048	-0.5102751870928162
 0.6365535518733114	-0.2609051022202693	 0.7257603621257518
 0.37899433959199363	 0.8122965072033396	-0.44332569849094394
 0.8450525560673932	 0.5141411469922142	-0.14678235061987466
-0.057786266817405334	-0.07607615851941489	-0.9954261225586942
-0.7055928633895909	-0.025984028206082577	 0.7081409050548229
-0.28399637542362716	 0.9473762121956222	 0.14773073922551716
 0.42412876044337045	 0.41385955571794936	 0.8055029873971367
 0.7293802208341974	 0.5052894836619092	-0.4611800420188832
-0.8369916819043453	 0.1783653911517816	 0.5173303699399519
 0.6170618909815332	 0.4828751157094724	-0.6213422932062955
 0.6877086299598653	-0.6902539992280853	-0.22495834465153686
 0.9748810654044885	 0.17986515918597343	 0.13135993615564012
 0.7114709054921902	-0.6494373589700296	-0.26840318070424574
-0.17452752872825017	-0.871506678776569	-0.4582752999713644
-0.49234375294932203	-0.23137852086270982	 0.839083791414875
 0.028595431589651114	 0.9399468779635299	-0.3401208136806899
-0.5360008842219869	-0.36092215601737854	-0.7631764208942879
-0.07770560697181184	-0.8901782647596563	 0.44893707309001507
 0.6673020432956536	 0.3582376409404322	-0.6529730282537554
 0.1583818556190923	-0.9837458385399563	 0.08461272342840132
-0.965901767832679	-0.21811971109500816	 0.13949038149469573
 0.2938957387580501	-0.9437637285117421	 0.15144411340648012
-0.9284770311317131	-0.13437039330020947	-0.3462296926394193
-0.7132290711485753	-0.3648672654751478	 0.5984782123463046
 0.0650527871827457	-0.3255900299129353	-0.9432705165015232
-0.7331805661808058	-0.41596730503578033	 0.537975332627866
 0.3269616767456519	 0.9154301778595478	-0.23469906562171983
 0.07591250723564613	-0.652595869536948	 0.7538938402112811
 0.19957695565056927	 0.04667980111656744	 0.9787696536677915
 0.9887541387829292	 0.0691218591156615	 0.13261757663304863
-0.7752735812400027	-0.5311379283650991	 0.34182360258374755
-0.2077228924532936	 0.4597602980861405	-0.8634070119327157
-0.7981147044346454	 0.04368520018044554	-0.6009197299560007
-0.1983730196699416	-0.35840760448429765	 0.9122456544784723
-0.5532607592662042	-0.8329996943086825	 0.0037472040009696173
-0.004651775173524321	 0.7540952709937025	 0.656748569281022
 0.02855823888993117	 0.9953056752897789	-0.09247183207584331
-0.35006303319169474	-0.813778475763021	 0.46391859757660603
-0.7803326880493923	 0.11785012551750083	-0.6141597869261053
 0.45354167196632916	-0.8908038943683695	 0.027719552091144628
-0.07585299185548432	-0.9954225312903617	-0.058140414739322965
-0.6290517964542804	-0.34331234423256163	-0.6974456765047625
 0.34534769732171006	 0.31264139786501377	 0.8848674049232477
 0.002975645238729258	 0.8675916886661229	-0.4972683453557831
 0.6988761855780873	-0.7071665344082884	-0.10718008138079638
 0.49640602534352357	-0.8025890082631538	-0.3308049906180559
-0.25978370664564476	 0.8522998496612753	-0.453979506177115
 0.5170307491931723	-0.6471952945040669	-0.5601941227472322
 0.17661629538300214	-0.6469733645269006	-0.7417763475589703
 0.19000644011722345	 0.7528451662105766	 0.6301759345034919
 0.25181642021708245	 0.048787900927534676	-0.9665444796966867
 0.36114941694052466	-0.5328886188231772	 0.7652455936313816
-0.9704962374646595	 0.2375551579047849	 0.04128680200465795
 0.6015339460843885	-0.04620100946807766	 0.7975101118056589
-0.47734709658809904	-0.12519011180905695	-0.8697512203407063
 0.41219834800986815	-0.09624174729525835	 0.9059967152123076
-0.9459673356818218	-0.31194129368460943	 0.08853490338509284
 0.07638062093236468	-0.8679172111710511	 0.4908010954542086
 0.9560554036189298	 0.060312729536485914	-0.2869153879925299
 0.17246255884464318	-0.6514744125623284	-0.7388083348022862
-0.0564812428048055	 0.8974908137997413	-0.4374015413282202
-0.8682440446724145	 0.3622556467848964	-0.339003134592208
 0.7565010700793247	-0.09546836674392943	 0.6469868019674616
-0.6039217619949977	 0.14795546792113898	 0.7831907078745854
 0.900114459744477	 0.3600927604094224	 0.24520840780778808
-0.8738760798487728	 0.2815838494321641	 0.396296773652153
-0.8788369497043919	 0.14488035289947312	-0.4545935538236374
 0.670202415064693	-0.07446620731081306	 0.7384331430875757
-0.9766742359974672	-0.16754773801310854	-0.13429516828782262
-0.7298492125069959	-0.13828463081609405	-0.669475531952419
 0.5638263600284737	 0.8104394967755763	-0.15902093510979198
-0.9702198421734207	-0.10474056791523438	 0.21840986993672407
-0.24966741907868545	-0.9565850596843357	 0.15037022125176236
-0.85653057092659	 0.46411788599594017	-0.22572099806360324
 0.8819476378226611	 0.4577831625835181	 0.11226281750455236
-0.08700771250524612	 0.8777935313893104	 0.4710713048103101
-0.10208952058927795	-0.9719011126955301	-0.21209893193281748
-0.7231383033508172	 0.6817545576545894	-0.11082290983409737
 0.7061207141876671	-0.6992144118571859	 0.11177094097442564
 0.3186553453236404	-0.7143895498676057	 0.62298181509305
-0.9003777634568502	-0.4350630159736266	 0.006328918104394621
-0.8419682275155608	 0.4644763337631349	-0.27450180186705797
-0.7312419642456175	 0.3903439561884208	-0.5593896545283827
 0.7874253523850876	 0.6008863252284127	-0.13746613610164093
 0.12935238815071426	 0.2607366206550189	 0.9567049567808812
-0.8056638871489955	-0.3926485784886239	 0.4435457076275606
-0.16086300506536683	 0.7105997498571365	-0.6849606478508927
-0.5183353174614032	 0.7822928012273883	-0.3454655870271195
-0.7941515289052443	 0.45651865443931067	-0.40114095687972817
-0.47851059250947775	-0.7473556346966427	-0.46096330455189904
-0.8427334708778536	-0.3907814195876552	 0.37025690968194347
-0.864054808033434	-0.5002197434475277	 0.05647563173259007
-0.9575431232968085	-0.046305700314462975	 0.2845469190579655
-0.48646101656975393	 0.7804093881475608	 0.39283185493168893
 0.8861165292687637	-0.46039157663864094	-0.053264366295549204
-0.02497812192964103	-0.7069694532443798	 0.7068028619100313
 0.694116354065898	-0.6686345826095619	-0.26670260958003733
-0.2279919681279681	 0.1271935137580706	 0.9653193629711418
 0.23288178942114898	-0.5465240181758345	 0.8044113187374626
-0.13250200144126792	 0.8859209192844831	-0.44450798011756176
-0.40770891772150225	-0.6915437447701143	 0.5962723266089818
-0.08422523162978017	-0.28181722177272106	 0.955764177958776
-0.5729569911966139	 0.7665795865035527	-0.28995865876873794
 0.13699875683571602	-0.39765566402090535	 0.9072493116544984
-0.1696929632965855	 0.9376147083182181	 0.303451737436065
 0.43666209092055225	-0.4921593849623445	-0.7530639801148229
-0.04537409561251299	 0.5359260789900717	 0.8430447374283727
-0.4782799271357627	 0.2296652924189029	 0.8476450700364802
-0.15958178671051554	-0.9071147806757658	 0.38945658041665787
 0.7911804940948962	 0.6099490157180466	-0.04467240746078249
 0.2785020802896109	-0.797719935234564	-0.5348639978571395
-0.7826151215152868	-0.003656752058421617	 0.6224951403344416
-0.7208888435615297	-0.6930185265956829	-0.006678100303930012
-0.8177347326300191	-0.5680777451855719	-0.092723149619649
-0.36048505408648895	-0.9108654144077724	-0.20093462274087637
 0.27296444534804887	 0.07367962492640379	-0.9591984802148805
 0.604546753888281	 0.7485216503351282	-0.2724675418150171
 0.5052327191003788	-0.05379925148609431	 0.8613045571050775
-0.6083299833993291	 0.661737223214314	-0.43822195142413967
 0.3411753840558627	 0.7774034335102293	-0.5284347252791406
 0.052689272761454804	 0.789384662668716	 0.611633627982689
-0.7976035074933505	 0.5250060790106086	 0.29698023812403984
 0.45262033461856976	 0.8863783407281178	 0.09730503469935536
 0.029177132067186695	 0.868279725869454	-0.49521612716913777
 0.6357462822206589	-0.23806372935924358	-0.7342699268022483
 0.24803532180105747	-0.33395106932620705	-0.909370750813401
 0.18457117705714773	 0.8761502485432838	-0.4453023945335137
-0.44315602784281327	 0.8832820090310269	-0.15305432861795354
-0.27543524558287613	-0.19748841412913817	-0.9408154716922223
 0.07845377157540648	-0.4325445168897401	 0.8981927669683247
 0.3234062327119451	 0.06981270674138737	-0.9436814052531226
-0.8276818301585381	-0.29295309694078436	-0.47866613732142804
-0.13537098725118915	 0.7958475503457756	-0.5901706299192351
-0.396973775915252	 0.7228834544102148	 0.5655540050035381
-0.5894762389877773	 0.7492884509412002	 0.30180222158718695
-0.23434434272482452	 0.23447772384882232	 0.9434526623268098
 0.14979972342026313	-0.986164026021133	-0.07099687771305807
-0.6706438129614667	-0.417168032791573	-0.6133577329367539
-0.8790395808938954	-0.1657606908280607	-0.4470042601565323
-0.32953006672663554	 0.06524434207062962	 0.9418880564859657
 0.6789287082574695	-0.41197823834039443	 0.6077250531595593
-0.4937828747158924	-0.7313883656699184	-0.47037169472662277
-0.7313108191322482	 0.39670600910256093	-0.5548052164156705
 0.10701082953559447	 0.9495123080937702	 0.2949153423281763
 0.8683482655140345	 0.4219206325117978	-0.2606803974978025
-0.8532951762600889	-0.26079597444850466	 0.451522758986431
 0.558565764175333	-0.602595261447561	 0.5699852962771688
 0.4429216605156141	-0.27554901804105875	 0.8531665378475057
 0.634866622725408	 0.7387690416629794	-0.22619609729081835
 0.3911740356191348	 0.678772875344212	 0.621490351939908
 0.6886875160255221	 0.009519979064782922	-0.7249957760354211
 0.21643352529067683	-0.9593101254727393	-0.18133011965949608
-0.4393386529942161	 0.8756261121027175	-0.20065009292075375
 0.55756394654331	-0.7415185628579066	 0.3731925326854677
 0.776210175519051	-0.07554403758579264	 0.6259319945536579
 0.6574286510869478	 0.07840641655009317	-0.7494264490754043
-0.9297951827986491	-0.33437471869465474	-0.15386508877031613
-0.05345592201823144	 0.9769914010807154	 0.2064709825024369
 0.9981737433986299	 0.05544859491033992	-0.023971468708351873
 0.6995306382070247	 0.333263665594707	-0.6321330677982699
-0.35485322340099346	 0.6107115326597464	 0.7078916680667375
-0.692980449925342	-0.3293813625527302	-0.641315845761024
-0.3284310866649927	-0.24768546511948833	-0.9114740433389175
 0.13555418712044806	-0.6812289292189937	 0.7194110148929176
-0.324775534771876	 0.7876794178835118	-0.5235284010025953
-0.3722321260067738	 0.9275170824351087	-0.033989794932317574
-0.6142745871996419	-0.26627140378306036	-0.7428097138891683
-0.6058395523534837	-0.07963561376393347	 0.7915911860452793
 0.8541857706067915	-0.0697609508524198	-0.5152669978070088
 0.06369043348027767	 0.7698595530604296	 0.635027398814169
 0.7637460001550075	 0.5286986958467692	 0.37036432908307004
 0.47510847497428316	 0.08202659301545515	-0.8760956426360582
 0.18684438892725072	 0.9713392136749366	-0.14693299936963888
 0.8227317289014945	 0.5079660192630324	-0.2551137501837688
 0.7233154976865153	-0.2684591527633669	-0.6361952326951876
 0.3246033495047365	-0.8046230456861346	-0.4972066168516611
-0.9339344436123751	-0.12500428830731564	 0.3348736820641849
 0.29802951879794276	 0.6493968467785523	-0.6996157097429561
-0.722018125462997	-0.6918321158566978	 0.007625612902876888
-0.04571993732680986	 0.9515612657521648	 0.30404086049570767
-0.23948826255346536	 0.9080288523399156	-0.343698960454317
 0.5664822627740499	 0.4984220240335689	 0.6562570623777491
 0.8632448335219945	 0.177201540366706	 0.47266052457260543
 0.2827045596408536	-0.78302184506708	 0.5540351271408852
-0.9592135093316921	 0.2789871583887479	 0.045558851716778426
 0.884122155041458	 0.462426882780445	-0.06700293312093608
 0.8939413495343803	 0.24010313239583422	-0.3784433239024827
 0.4530738367139793	-0.8639566832975257	-0.2197793162943531
 0.19317678492937845	 0.48505604074619396	-0.8528794563711657
-0.8244305027934826	-0.10839649272124477	-0.5554858651931824
 0.44858483212396233	-0.7195685166574532	-0.5300875382648689
 0.7980105685086455	 0.5606405879012347	 0.22104584082553158
-0.07785670760926416	-0.161023654682569	-0.9838748475862742
 0.26987229104003985	 0.9619774450038797	-0.04205165671656208
 0.6429989442610465	 0.7281999328853015	-0.23722819272806106
 0.8707438784276055	-0.1578290988845879	 0.46571995203784233
 0.7881100137409349	 0.47761083440543917	 0.3882917680041691
 0.2851410521828284	-0.3454967527177974	-0.8940506552883491
-0.45273277525431593	-0.07817400505674318	-0.8882127330453631
-0.5692330046293848	-0.8167743787282525	 0.09409251135812968
 0.11478797841654718	 0.3731081989069931	 0.9206595418065366
 0.9424073011762243	-0.244464773801563	-0.22826618904230145
-0.7965186153827563	-0.48453897620971076	-0.36163528019592084
 0.3058890797388919	 0.7284383359749478	-0.613033002030513
-0.7211321257202075	 0.3490100323277322	 0.5984650821801136
-0.522494971875088	 0.3719563452559044	 0.7672336551462804
-0.8219855593336238	 0.040002321702547916	 0.5681017114086135
 0.7055187348751036	 0.20903421582648168	 0.6771617320508012
 0.9044561593113125	 0.4265524739189612	 0.003470284922544531
 0.7500139672960231	 0.2174726943151725	 0.6246476415453592
-0.08872891729184475	 0.6863560777037123	 0.7218327464415788
-0.8682716466919692	 0.27688402050464334	 0.4116304006508755
 0.7061426313910071	 0.6091630050691414	-0.36094738866948095
-0.7798521290709731	 0.6000357419443082	-0.17829123694902616
 0.9173684464536973	-0.19214077332258453	 0.3485929670520176
 0.23266650182136117	-0.831140971507172	-0.5050455270689214
 0.10821395953756127	-0.05456284305544406	-0.9926291528657165
 0.6082721744941818	-0.2895763502192738	-0.73901995854632
-0.2323719307893321	 0.6141713318341828	-0.7541862243068775
 0.2898276260247785	-0.9569536682851771	-0.015479791613077776
-0.6741677831846501	-0.37900592277504974	 0.6339182207645775
 0.26481438921925254	-0.6871746410205327	-0.6765089445090406
-0.3921323489183691	-0.6867404435139165	 0.6120619120432766
-0.1798933795526657	 0.6832341832069434	 0.7076930287141887
-0.01779458641016237	-0.6780763961690143	 0.7347759887563918
 0.9483641497353247	-0.009942171513581372	 0.31702774755908836
-0.7130163541405025	 0.3974229223079452	 0.5776354382760795
-0.0565698265164425	-0.48747763273848704	 0.8713009883545297
-0.26079479825650576	 0.6409959112590815	 0.7218797094748461
 0.9126341674490587	 0.1925044803625381	-0.36061184318448647
 0.9720657392562972	-0.18712926957162712	-0.1416715745437227
 0.3494541763651208	-0.5391924964996853	-0.7662592448639116
 0.12013488651856233	 0.9629080916263442	 0.24161046360140181
 0.7919389322545349	-0.3149863089585181	-0.5230835045652233
 0.820666088090311	 0.3135790064363841	 0.47767706516109376
 0.4144591216524272	 0.009544275710237377	 0.9100178807475519
 0.04438756696575171	 0.3325966364318451	 0.9420240025249271
 0.6931078935805486	 0.3290034662753922	-0.641372097175354
 0.05451929333496065	 0.05493783965561337	-0.997000240936897
-0.19965253155053314	 0.9031682331794724	 0.38003422111822216
-0.4483335107322262	 0.59838199586604	 0.6640301575816352
 0.5388721519570256	-0.7486241292397041	 0.3862366074898895
 0.46256630650930725	-0.8533294059223965	 0.24054383606833007
 0.19799653310555984	 0.9529413820331898	-0.2295650132029119
-0.9560747073495881	-0.15000170707641683	 0.2518345525152579
-0.3501533781426508	-0.8157356148574627	 0.4603998462515022
 0.9841159300636081	 0.0656324633513679	-0.1649491313995648
-0.1724458244719511	-0.984822542134524	-0.01967226793948007
-0.8560509105940736	-0.4043073937480608	-0.3220440495207264
-0.8810268480773323	-0.3451748682178892	 0.3234903450146296
-0.24823490531227538	-0.6491079441932885	 0.7190537591653132
 0.19636755470803108	-0.6643269839523341	 0.7211861353706015
-0.5490189035762923	 0.488586201306187	 0.6781310842374622
 0.6588437949896085	 0.13962300766082444	 0.7392092190546842
 0.4320751289778432	-0.2801590568492808	 0.8572175836881215
 0.5529333361760463	-0.8322037695237622	 0.04125059679166099
 0.2936720268080837	 0.8641868263860807	-0.408580310063011
-0.3385890510672795	-0.8648571725672998	-0.3706474410491123
-0.9274599201460201	 0.2940068591221294	 0.2310369306233926
 0.22867046357022333	-0.8853793525138813	 0.404738460283526
 0.5646215182930892	 0.5658755276171756	 0.6008222934648728
-0.055302916796531015	 0.8710654551572765	 0.4880436048402259
 0.42195229589055094	-0.762281906879604	-0.49079787533840014
-0.2461843658729675	 0.3691352551940956	 0.8961765570313223
-0.9188172184889032	 0.3884760132574101	 0.06972306743068413
 0.8867095283415257	-0.4499507860369554	-0.10625677622191909
 0.7449559030095905	 0.1455024562910899	-0.6510527918567166
 0.8978339021132901	 0.22275986518950586	-0.3798319716358487
 0.010808971542332117	 0.5568698831577634	-0.8305294090916082
-0.7979100715184159	-0.412685954485987	 0.43935159125632683
 0.6670042773063402	-0.7098518651473887	-0.22630869095512063
 0.4703425682215045	-0.16508047264945497	 0.866906169125951
-0.79764045018063	-0.3468682754089733	 0.49340866606743594
 0.9946810381378434	 0.02741651324073086	-0.09928729611960918
 0.8843948880311071	 0.18683453418506785	-0.42771315020734924
 0.47439820140453004	 0.8729304985872847	 0.11374836763796514
 0.4013777025895777	-0.33444020863511636	 0.8526697407038744
-0.3083861395577114	 0.9505735471479901	-0.036165182028844
 0.8247379473775382	 0.540851769875067	 0.16518680691414933
-0.895602817139258	-0.1013257999200781	 0.4331612588895517
 0.08697046859623792	-0.3029061458517046	 0.9490437315516165
 0.8913837218139987	-0.30948614330773155	 0.3311395288779795
 0.4048741434858381	 0.2380444586281347	 0.8828430005686443
 0.8981347086906051	-0.22574323469133586	 0.37735134428849504
 0.13981520999177474	 0.4543835930116527	-0.8797654559351467
-0.6130903341791001	 0.5885041089643361	 0.5270513787746429
-0.4249421006137175	 0.11130594498553334	-0.898351377656248
 0.20568232206501535	-0.9744615649826753	-0.09010793950290186
-0.08386882861533171	 0.5154320868332498	 0.8528163831971178
 0.9732582614224459	-0.05414735759505507	 0.22324072262566985
-0.5621228704103484	 0.12688283767734906	-0.8172628855298485
-0.82461661282106	-0.15037417883199825	-0.5453393880879358
 0.6836286644227003	 0.6826293383732183	 0.25820347707143165
 0.5684583806514383	-0.5669564623635237	-0.5961672913296929
-0.18234306503015582	 0.7297503363633996	 0.6589502661149123
 0.6091431164421954	 0.7027180447261288	-0.367603064877561
 0.14879939360684116	-0.9669709434540156	 0.20694427988685105
 0.06384974796747477	-0.9795317946246198	 0.19089440275702607
-0.781132170969627	-0.1060869461651	 0.6152869991553866
 0.7401759193009896	-0.6262676611995923	-0.2448028288695363
 0.8478458462437592	 0.42530915019454996	 0.3166536716477384
 0.6997229080088065	-0.2953323709180817	 0.6505125999514567
 0.010345035927731228	-0.9564072678611456	-0.2918529050978127
 0.887277909616602	 0.2995252987636124	-0.3507456436036831
-0.8722894951306069	-0.009594998072933585	 0.4888956664737083
 0.4743122709834957	 0.6440171283440758	-0.6002247978832007
-0.6744656614830331	 0.7011329562284894	-0.23131936618137638
-0.5477571259403994	 0.8274209032199576	-0.12384175344439763
 0.9419967242646274	 0.2764369023807893	 0.19032816522213802
-0.14724502725597619	-0.9306530386414735	 0.33496839196524
 0.6667421114914758	-0.48668143384163864	-0.5644432112424909
-0.8391323800473022	-0.5384591732919299	-0.0769322263678971
-0.7687059416504806	-0.6156423522852394	 0.17342338176827576
-0.6529543657324361	 0.2923551999061584	-0.6986980988658709
-0.4906024428638078	 0.42185129158155665	 0.7624635931289026
 0.11042787260836275	 0.895054876683777	 0.43206764826330124
-0.7067746151477869	-0.6872198655829942	-0.16792408919148327
 0.10623404893447069	-0.19252534626601397	-0.9755246372553283
-0.1068635845177784	-0.9634495771959485	 0.24565236922317624
-0.9983845845300198	-0.041297339489568076	 0.039022443848420574
 0.48623217363632665	-0.8665459818372973	-0.11258922986914666
 0.38627200983956633	 0.2900251791929836	-0.8756022669275016
 0.9489853300444671	-0.22892837324135362	 0.2168378271553686
-0.9910610299325904	-0.0786494186958567	-0.10776040036932377
-0.6404720380558174	 0.48048885703442057	 0.5991043537935472
-0.5025662191817969	-0.6819604307815377	 0.5313729068983228
 0.08947822003168573	-0.28869019089310344	-0.9532321972227253
-0.7709880209589631	 0.26576681197991203	-0.5787447392312224
 0.39708937775759384	-0.8962710134770256	 0.19753049504558073
 0.8595049126104864	-0.49559107043796913	 0.12506316844134413
 0.3982674456242947	 0.19988300405043186	-0.8952261314593506
-0.17563163596724815	-0.7998373458527913	-0.5739457715033978
-0.2081890782823221	 0.6486667809308098	 0.7320442029009027
 0.06601969535684388	 0.9943221117250627	-0.08345620384130603
 0.4669131517747165	-0.8806421233007236	-0.08038382528963006
 0.011743521321500285	-0.3326901821116035	-0.9429630599517245
-0.214744427087851	-0.11988630237432758	-0.9692843264686177
-0.3778724525491142	-0.8319749373578781	-0.4062389853434456
 0.6391544796911931	 0.5952948933592449	 0.4869348426956992
-0.20486087882789922	-0.9479022209186991	-0.24395368393049188
-0.1318274962167465	 0.21878579490211655	 0.966826916873063
 0.5765563665026529	 0.7780970413306262	-0.2492945055908462
 0.46580757426281216	-0.30303564397713767	-0.8313799987002071
-0.6499893108641185	 0.7098917017865936	-0.2712336031853768
-0.5534109845189931	-0.7870510141936952	-0.27255638548820427
-0.015544568564979858	 0.9251080704859344	-0.3793855879048653
-0.95601261028044	-0.2632337795164729	 0.1294135476148155
 0.13712337071420627	-0.13584983900788175	-0.9811941716324588
 0.02223441574805454	 0.692968159203152	-0.7206252570420619
-0.22913676476058265	-0.9017674553157523	-0.36648574265366185
-0.3733122143865019	-0.8950578822761849	-0.24394544054996725
-0.35128811146631816	 0.9033113674859918	-0.24622192451732472
-0.43471217145162516	 0.530363820082185	 0.727832086637876
-0.01816400901502292	 0.9241560661717552	-0.38158306321749746
-0.0016540722280022585	-0.09242338676365713	-0.9957184248693001
 0.7656218653199928	 0.1107166234054894	 0.6336915563944512
-0.9216709679490993	-0.3072497933583329	-0.23689700572407424
-0.42018079214294984	 0.9069601802658591	-0.029518355751017245
 0.7493254371484893	 0.6514212139023502	 0.11900332482840104
-0.14125716885379286	 0.6246305493113774	-0.7680384685120778
 0.21542841919791086	-0.9703663257610762	-0.10945222716253111
 0.9067818648805654	 0.1431746318734469	-0.39654466874694827
 0.18438887288698075	-0.7163360528988422	 0.6729512633711123
 0.1985143825111731	-0.9635471673056839	 0.17935689647571396
-0.7432125396429428	-0.19751857023288558	 0.6392351174103656
 0.05785033738691184	 0.10954838922350513	-0.9922965730479754
 0.19309602844785187	 0.9090984184167336	 0.36912598043196576
 0.7002140171432878	-0.6856940547454589	-0.19880642213668875
 0.6538466921218982	-0.612274164429238	 0.44452767155007367
-0.17779652578071212	 0.6179434809719025	-0.7658552407241441
-0.552702485848074	 0.6240429079091937	 0.5523498992718268
 0.016868797593731756	-0.960407428247325	 0.2780881432839253
-0.5738785449614985	-0.7146462708511987	 0.3999301478900388
 0.9906754043515369	-0.0555568861152634	 0.12440126855500555
-0.41436826422724476	 0.24951033535692438	 0.8752391296962079
 0.19469435153678255	-0.3886446588359678	 0.9005828327466308
 0.06600027689581144	 0.9020823740599138	-0.42648722590495747
 0.8443216531434978	 0.364755351365619	-0.3925232218393897
-0.9042270328226071	-0.4222433129854877	 0.0639066330818907
 0.8558103810460254	 0.17172062781653785	 0.48795554887320525
-0.09211620350496114	-0.39098099338585	-0.9157775209420935
 0.25396389977547346	 0.8880323793886014	 0.383276441707878
 0.6209772589655651	-0.7497194863209152	 0.2287092820117198
 0.7676914711974857	-0.4477189308144314	-0.4584730788618048
 0.7626859795135749	 0.13085099258176305	 0.6333941224812449
 0.07763303837505107	 0.5766714337302626	 0.8132792686845898
 0.7152747391273648	-0.21375022691668868	 0.6653517025298308
-0.5156138164161932	-0.3139701212547305	-0.7972234036203518
-0.023025334762175026	-0.9493996187409214	-0.31322547452862604
 0.5402686354124714	 0.520347249844161	-0.6613233257410207
-0.43722157901116193	 0.8013079758416419	-0.40834154662433875
 0.7985624996439891	-0.13497912968526424	 0.5865821073914141
-0.8673888933379066	-0.4976252435220394	 0.0023716499895476417
-0.8027488885829038	 0.5430798997856673	 0.24628935082074133
-0.4129227510209558	 0.4937279507181979	 0.7653283689821608
 0.821673350229807	-0.10664915833398265	 0.5598918311145269
-0.7078782139022821	 0.09843755111141575	 0.6994415506771829
-0.4149090480976325	-0.14992898020755535	-0.8974250847288807
 0.6129487927039708	 0.6641724545560456	 0.4279821586605479
-0.7633839758321282	 0.36026801702569616	 0.5361453733374049
 0.45607681100884734	 0.7757788406720819	-0.4360746872102077
-0.7368653056801494	 0.0010541462643203884	 0.6760387637262772
 0.8165275909234528	 0.24906278092270118	 0.5208170738558722
 0.6883123394806685	-0.33342516883040124	-0.6442466764439436
-0.5257556600809461	 0.32609297970295203	 0.7856490020876363
-0.6875662452319431	 0.28380684481484286	 0.6683609303766127
-0.7258429548180836	-0.30371169269449066	 0.617180048820116
 0.9815739638746129	 0.07187172542039841	-0.17705086424125382
-0.6779693008435074	 0.7133627390998241	-0.17740132349495608
-0.377049146553381	 0.03713029666333362	-0.9254486923395915
-0.7398648564335154	-0.46869032340546846	-0.4826275737674868
 0.03427339326048363	 0.24337886687534882	 0.9693255705246218
-0.011947254008175034	-0.8090758516884478	 0.5875827850918345
 0.6972525542242136	-0.5061887952016988	-0.5075547056624172
-0.7972544701599712	 0.6016512279213444	-0.04900111989212097
 0.7857911235311066	 0.07130208486951475	 0.6143682306833431
-0.20217267952609547	-0.7302366346509466	 0.6525953302521392
 0.49470888955611675	-0.3438386738521755	-0.7981466537909754
 0.8273709169329356	 0.45290049168207375	 0.3321724107262509
-0.7059248643394159	-0.047364556554130764	-0.7067012697666586
-0.1110523526024741	-0.7374663162112528	 0.6661912694078633
-0.3346540539173906	 0.666347355670885	-0.6663241446826575
 0.8225656592006806	-0.5685240771584001	 0.012888366651337302
-0.2105871242745818	-0.430948387645212	-0.8774602841586359
 0.3399389465045312	-0.650496757507581	 0.6791873681993157
-0.2546700403516495	-0.1843345657349119	 0.9492965492524508
 0.16283138034338984	 0.11541584328635783	 0.9798801583326224
-0.5962831526297867	 0.7332069359139888	-0.3268852872453918
 0.5936166633689516	-0.5640412901662609	 0.5740005922978588
 0.5160902196815936	-0.5584687740932185	-0.6494332248290213
 0.6957165084944266	-0.45019938787505775	-0.5597312310075682
 0.4501062388523915	 0.6809266983031725	-0.5777051196623537
 0.8463603284071419	-0.4448171170845591	 0.29293672840246
 0.42087185090108337	 0.7141726520501104	-0.559306989213266
 0.6464550174961332	-0.0806117387203813	-0.75868152602693
-0.06830664728259646	 0.9868947878047506	-0.1461946638589351
-0.3578582018784153	-0.9317982270067813	 0.06074184303563901
 0.8231792299055504	-0.16373719714098697	-0.5436598989483394
-0.6786193207142125	 0.5951822650858082	-0.43038806777222294
-0.8091524048559301	-0.5435995644429562	-0.2230961659314059
 0.15082495719821679	-0.694738412981575	-0.7032711922253025
-0.3445198340299557	-0.29488345427063933	 0.8912630545228426
 0.6451754379234614	-0.7537325454317856	-0.12504360942163695
 0.8764624788394084	-0.47701366616179947	-0.06535660243279806
 0.36550494688586915	 0.7213991030569745	-0.5882086941813685
-0.12480445693584843	 0.34089691646022785	 0.9317795554082824
 0.7292723585697235	 0.42570392043463756	-0.535665939884862
 0.18728775375836185	-0.861676150816547	 0.47163281099402576
 0.9815523775828956	 0.04583286937635628	 0.18561863631137543
 0.1270804473783655	-0.9661765699355673	 0.22439562295565452
 0.9522309233006631	 0.0992766191148274	-0.2887913115159393
-0.7911508511511085	 0.5139239616450673	 0.3316059293346785
 0.5863678035746547	-0.8060273348606274	-0.08057750547459874
 0.01160579956855046	-0.7100033389636735	-0.7041026658640128
-0.2554410531726258	-0.6926770024328766	-0.6744986572667617
 0.9196629873614068	-0.3607765800236947	 0.15511366472332266
 0.7084891228047614	-0.7032098910527669	 0.0594895956692878
 0.6806208721985721	-0.47967049069090195	-0.5537792418355929
 0.9073689967292968	-0.1986114143192859	-0.3704524394258488
-0.3429652699765753	-0.5686775440016255	 0.7476501016773649
-0.5604312460584709	-0.6500891351839188	-0.513128575268591
 0.21815052141927868	-0.8738969169785565	 0.4344128548971251
 0.676309975394184	 0.17854275234044412	-0.7146518752294835
 0.8864635382776206	 0.34229571142593795	-0.31147398164811846
-0.7628306620191282	 0.6242505967831188	 0.16852469700129613
 0.9382372558846455	 0.2653765655969253	-0.2220047974752597
 0.7003181049916953	-0.578336747819277	 0.41842700431815194
 0.29567786633577176	-0.43753484634923284	-0.8491983617443446
 0.4982855594187482	 0.7863397685081289	 0.3652140053959152
 0.12918991509753622	-0.105006752818224	 0.9860443943858024
 0.3622661290666075	-0.7267500705114038	 0.5836073909254111
-0.6137487830365782	 0.6088627420635937	 0.5025918748327722
 0.9790489432888045	-0.1819140507399326	 0.0914901349242887
-0.7590423605069649	-0.3541344355202449	 0.5462998229313021
 0.344798818155543	-0.8054866918228125	-0.48198025301342207
 0.9595867673088352	 0.14703725523514752	-0.23994433016575623
 0.970769627776739	-0.23890324628095677	 0.02305577373744394
-0.7895990987635815	 0.6134770199058719	-0.013386907004622195
-0.7163586003036448	 0.6861407930284011	 0.12665373233094912
-0.7991251408401797	 0.38418889578151033	 0.46238285179637306
-0.29493260480876354	 0.8412211881018842	-0.45316848004817367
-0.9743334754432248	 0.14876222057905616	-0.1689499344750245
 0.816069666726767	 0.4566714664555052	-0.35423363868193225
-0.02602918805702876	-0.275634988161284	-0.9609098993508292
 0.7099970654176322	 0.6882534786791792	 0.149034614047741
-0.29730990039368577	 0.5632303884572992	 0.7709593715923924
 0.8180672573085573	-0.0724508099751421	-0.5705408334673343
 0.2363667981399789	 0.9415730035007767	 0.23993960868431263
 0.3605275199792823	-0.41249165836479007	 0.8365826552810269
 0.7682521173287441	-0.6270803672667744	-0.12868137863913676
-0.7320481866243584	-0.6092952949932537	 0.3047370931788125
 0.4607784896802883	-0.5484251266048035	 0.6977915619699464
 0.18038851739983763	-0.5898116598242984	 0.787135432264102
-0.20640046818080066	-0.96943126806964	 0.13267201371666992
 0.08735209153186882	 0.3287717656715583	 0.9403609616536694
 0.527544702762569	-0.27054639383481244	-0.8052957440407413
-0.32513561185608353	-0.20542167443033107	 0.9230865450093015
-0.33015034967893264	 0.9157363822388973	 0.22897079475534565
-0.5291475465332252	 0.1976320396940542	-0.825193583884555
-0.5144870967077568	 0.49302072324185275	 0.7015936101300408
 0.44132508697909767	 0.6628932846170569	 0.6048178740848369
 0.6642778919717205	-0.7014126320419963	-0.2583702805075039
 0.06388858711336899	-0.6598886107356983	 0.7486422843107163
 0.4821995403878289	-0.8430465820822007	-0.23823531159189182
 0.2165092728745942	 0.966402284174279	 0.1385292745308757
 0.9463134808940858	 0.14302362270316982	-0.289887977030749
 0.8339945572797228	 0.39365325924571465	 0.38663961244681744
-0.6550716162263132	 0.25461898395677346	-0.711372160422002
 0.05324758481791651	 0.9543346100472654	 0.29395602864542947
 0.3931880918868742	 0.41720577605236886	 0.8193549077334557
-0.6864051668803769	 0.2707835810299505	 0.6749253285545878
-0.20141569375768478	-0.7308986978788299	-0.6520880398743267
 0.10399638395546616	-0.8432994927248564	 0.527286181967807
-0.5639981655081602	 0.8245843096592893	 0.04434845619796968
 0.7024577202711637	 0.21494568363546213	 0.6784920812492385
-0.04231880196206268	 0.09384343693615431	 0.9946871509899511
 0.15229805229497845	 0.9827848291439539	 0.10459102672622067
-0.31309287952071213	-0.2027898097147288	-0.9278195632068194
-0.6580670908924083	-0.11336140035294501	 0.7443768513289637
-0.48132908940587316	 0.47681000909923793	 0.735509702801056
-0.05879063852586595	-0.5677769329026309	 0.8210803951413055
 0.9154872595452129	-0.24143241314355618	 0.3218593908744547
-0.7069479281761735	 0.557031749963421	 0.4358213583340136
-0.44297605528065304	-0.8397482761093374	-0.31399848282975484
-0.7204834490088006	-0.4682687069411086	 0.5114958629393647
-0.17049750720714785	 0.43886609474015253	 0.8822285140051165
-0.10562776925793713	 0.2692017235983565	-0.9572738408487229
 0.664304236183662	-0.7474396084271472	-0.005823533524771163
-0.184383317661914	 0.24022151042518508	-0.9530458635852885
 0.5344133506597862	 0.2356216174908247	-0.8117172069185103
-0.1369647006730341	 0.7775597178727719	 0.6137112968743215
-0.2880338292337936	-0.8699987096077834	-0.40017341053312117
-0.03752293719318102	-0.15973187921609788	-0.9864470365643006
-0.9408000528076008	 0.23549496149876814	-0.24379783375967268
 0.8913462055695942	 0.4510937285119914	-0.044904230467034845
-0.2655451873204749	-0.34493677859689104	 0.9002801632059507
-0.7002210379368554	-0.6751968848591705	-0.23194754731857992
-0.14976805390787543	-0.967743750310932	-0.20258717571154472
-0.8367688604335777	 0.07704486505278664	 0.5421088110127796
-0.6604097994924522	-0.44183815543213606	-0.6071556152574615
-0.5838972587066155	 0.8091448492235236	 0.06594394778856505
 0.9989978484510175	-0.03130464066278943	 0.03198934608915538
 0.5057075102745766	 0.8361608938411832	-0.21235553598294232
-0.4910182022445791	 0.10945873110865041	 0.8642452841922748
-0.2427913016107927	 0.15742827032503934	 0.9572192661896246
 0.7474676974953375	-0.4112304570709866	 0.5217102187787837
 0.4129500821963815	 0.8248505543216217	-0.38612665363752763
 0.7357338263408584	-0.6478719925713062	 0.19737684266277356
-0.4937770844772842	-0.1594353369137626	-0.8548476847885289
 0.022708814786507856	 0.5373096425485054	 0.8430792713353765
-0.5965903919608714	-0.21922758764506353	 0.7720227775365827
-0.1993638220425318	 0.7469154902884526	-0.6343274523680607
-0.06328428903331114	 0.8656730120814241	-0.49659373225547565
 0.5112178400238435	-0.7494870489284193	 0.42062511043674644
-0.8749414499435593	 0.4622091068234552	-0.14436135473223421
 0.5746435241306742	 0.4472091541218327	 0.6854114039351213
-0.978270428210309	 0.20038565294284322	-0.05322179425657514
 0.7502009719281038	 0.051409302606505086	-0.6592083019225725
-0.8903690015101876	 0.048570151517906696	 0.4526411178088876
 0.5576465305959655	-0.8235718752331428	-0.1037290375895179
-0.6164325313570979	 0.7049002693261937	 0.35089392213109116
 0.7834993599669885	-0.4102315702516539	 0.4667320555738397
 0.9006847661738192	 0.2079294186492084	 0.38148697073768423
-0.3758648858170699	 0.9159706530136215	 0.14043984629556117
-0.8192016685056568	-0.49834402401460054	-0.2838342122551176
-0.6416708797219486	-0.7469080885608883	 0.17431806951426654
-0.6030825008460707	-0.5840988041552724	-0.5432495597399318
 0.11707423749344578	 0.9042671949503376	 0.41060256094181447
 0.5608702432204582	 0.7821810375854957	 0.27132525630965776
 0.8598592933188117	 0.19859317989034758	-0.47032195844369595
 0.30469685661648144	 0.6124401078124381	 0.7294360423715875
 0.8126850001609157	-0.22595878587840815	 0.5371086646087624
 0.5830307104379371	-0.7596321493096146	-0.28815653458058077
-0.9577527387945624	-0.17453593265657347	 0.22857580699456093
 0.20180634855510723	 0.7350043933793453	 0.647335105950477
 0.35370769953048203	 0.6026192730965036	-0.7153606607757348
 0.5874642217171774	 0.34622190707565575	-0.7314480017493568
-0.9882330454928666	 0.09739098764165012	 0.1179425424606304
 0.010574897725761104	 0.9966792272928187	 0.08073840115508668
-0.6241899141434248	-0.4638370166438568	 0.6286828875295958
 0.15056467544633245	 0.9685233848117788	-0.19822394300506563
-0.46102142718300165	-0.8018503955287541	-0.3801252252462719
 0.380059879276299	-0.6492400086871227	 0.6588185632512413
-0.38771931231547746	 0.8956605108456435	-0.21786689553333782
 0.6503045132289503	 0.44416958570622544	 0.616293289925842
 0.23883577132313205	 0.41394760933266306	 0.8784104115185893
-0.6724946929378012	-0.3750972272651584	-0.63800702039122
 0.28614707461034894	-0.0311763789329207	-0.9576783829076285
 0.7118437944863025	 0.6754621855475089	 0.19242985253521683
-0.8559891780039293	-0.5145111929126925	-0.0506039475507174
 0.23758157948862932	 0.5276191226462694	 0.815581421138116
 0.25998661154809344	 0.9651827102086311	 0.028797529929882604
 0.3772754796422625	 0.7604195518071606	 0.5286069595551102
-0.517746045569853	 0.0551172975515133	 0.8537570590088246
-0.5041501673073878	 0.3912030742697362	-0.7699303627509699
 0.6936326395547139	-0.37034534252221035	-0.6178333825688502
-0.1737821731687567	 0.683097663884936	-0.7093499403564416
-0.26474196665991534	 0.5162633262829182	 0.8144838052560268
-0.37818110163514934	 0.8180691018008814	 0.43329204821312395
-0.08571212258922598	 0.8584425330185846	-0.5056973893010384
-0.544918537441449	-0.6989524267016006	 0.4631730699863881
-0.8404903057153508	 0.21429950359005068	 0.497646228519391
-0.3230420854929483	-0.11105600659068134	 0.9398459312038847
-0.804338018844212	-0.4871088406943031	 0.34024304366029323
-0.6138021643375294	-0.3681755966413369	 0.6983506519595726
 0.5474090716660865	-0.7225284515889175	-0.42225104487993237
 0.8547235776964858	 0.1499592623847965	-0.49695052606343726
-0.16552739671140443	 0.09008566362245671	 0.9820821015310517
-0.3141859387143498	-0.11302199147822287	-0.9426097948549439
-0.7243161320945121	-0.5243041552616593	 0.44774020766846845
-0.3519021028550046	-0.2381152871053324	-0.9052436246961206
-0.8080604095281698	-0.559354432201262	-0.18482692912552046
 0.5323553107415748	 0.7752330669833758	 0.3400169333736043
-0.7753002862562992	 0.17792245697021497	-0.606014080229645
-0.4252539427632642	-0.8722150786164126	-0.2416607969830098
 0.2480850200359897	-0.41981263805159613	-0.8730470615985728
 0.14210184955415747	-0.7025681466233823	 0.6972840624189494
 0.3144179817068596	-0.10484258372783035	-0.9434772733970107
-0.6440027282747977	-0.2590033366528883	-0.7198456484395024
-0.9891557154796055	 0.14167981594244217	 0.03870142489037409
-0.6824705784318651	-0.10712283589475209	 0.7230204752320237
-0.5166937496007717	-0.6986416481336118	 0.4949014211099474
 0.34392526455244354	 0.34020902735623676	-0.8751989660116464
 0.1902820886555592	 0.8963004941112674	 0.4005473142997913
-0.03313467951120032	 0.9592026116790191	-0.2807711572826508
 0.7446994160885805	-0.5856453968033996	-0.3200660070677859
 0.7436106183576346	 0.5198187210046746	-0.4205136686944202
 0.687246343602161	-0.1534408970207892	 0.7100340515263448
 0.541701863415632	 0.50858506222611	-0.6692535585654333
 0.8854652901353758	-0.3793979435998062	-0.2683438472514561
 0.5160164088622228	 0.6543152403621709	 0.5528097611427731
 0.09668843746184838	 0.9217886581055045	-0.3754424268103427
 0.42254165024705614	-0.5006487774137423	-0.7555192621506217
 0.30521248443681165	 0.6188149831774655	 0.7238185932531591
-0.1312106314592914	 0.18844708938362154	 0.9732787189160643
-0.2879761257301691	-0.41714080819846094	-0.8620111931668735
-0.47555132338388245	-0.8670575129692376	 0.14853352494113414
 0.20955172465774027	 0.752154503094935	-0.6247813042713248
 0.8134018927762217	-0.5330569674520471	 0.23286826808066197
-0.989586101105141	-0.14370801771545938	-0.008206957037704798
-0.9354228795500502	 0.006239175361447849	-0.35347575462130565
-0.554646387981278	-0.6227908736006944	-0.5518142006681286
 0.6431459527978622	 0.6653380250144318	-0.37906278618406364
-0.9199140249762551	 0.030153880009943755	 0.3909589878393025
 0.7125843472243774	 0.18198339720326245	-0.6775733105968442
 0.9802217417348283	-0.0932946322880715	 0.17453208477690585
 0.9782551482541161	-0.073846971348332	 0.19381302777934173
 0.2989816772831745	-0.8640748492521985	-0.4049501346323152
 0.2835077931739179	-0.8932991137306479	-0.34876929999312445
 0.46825160655559106	 0.7075315591671464	 0.5292820852254634
 0.7852509337896459	-0.618658156486581	 0.025358556644930585
-0.5643044777490691	-0.6890705952388848	 0.4546890928639915
 0.9732369765522646	-0.22446246963042732	-0.04925837186526083
 0.32684765758130935	 0.8865154173179719	-0.3275072878443368
-0.7746342261178805	 0.5651381364269256	 0.2838321730929283
-0.7466616136998573	-0.3936731579633044	-0.5362069370367415
 0.36700919496026413	 0.009357343905906689	-0.9301702483576033
-0.6611163030433088	 0.6472423711798657	 0.37947667490876547
 0.9907330484600027	-0.10950397001616939	 0.08035488311140604
 0.5107837700186642	 0.6136214653057368	-0.6021367266672584
 0.04421293866033501	 0.12189850598671714	-0.9915573459428475
 0.4854694315703878	-0.395375688998256	 0.7797419416447207
 0.3706007899319353	 0.7597254578955853	 0.5342960631776814
 0.9232604624524234	-0.3684902498021987	 0.1086510665978504
-0.9853032415102737	-0.045319159732083746	 0.16469273217274982
-0.8783289848636475	-0.4218193940224676	 0.2249590922254816
-0.025491971936642516	-0.03362510635704093	-0.9991093591740892
 0.8788386214371612	-0.14518274919907437	-0.4544938358277577
-0.7510382165233266	-0.2848185954637425	-0.5956676632145828
-0.9075933825322032	 0.1457770197671124	-0.3937299994813357
 0.4215455602920407	-0.02716112371119782	 0.9064003607439786
 0.894537720489096	-0.1344998135199184	-0.4262769836447651
-0.7225647935528475	-0.24101455530960422	 0.6479290881314441
-0.09306548909671988	 0.32463564220151064	 0.941249443320739
-0.3509896960352587	 0.3612999926006991	-0.8638683630182387
 0.8955374214003642	-0.2873084103445643	-0.3398037731056942
-0.861818047586489	 0.4775040835752093	 0.17105409385107406
 0.5668615137533365	-0.6905915832379242	-0.449167328939019
-0.168312378309573	 0.7974908702004968	-0.579378335161602
-0.09572318776860239	 0.9954025167702362	-0.0033016557810625624
-0.6196363294723942	-0.37920979198585264	-0.687205029710948
 0.10516833685228642	 0.7556122238782874	 0.6465212974445875
 0.7417824879942269	-0.08441094981746523	 0.6653070960511456
 0.9107726378480216	-0.39154581690123574	 0.13109185868886097
 0.8996443044667475	 0.3816499704411827	-0.2120929642934588
 0.5228978515562653	 0.5535706438476606	 0.648180051457871
-0.9244136557654765	 0.18944333637273195	-0.33101452436150747
 0.9332687588518115	-0.15666501272969666	-0.32321122743123176
 0.20283562828224352	-0.682593243041616	-0.7020855876980221
 0.040357865618249056	-0.9977926034855716	 0.05273673399276957
 0.976876849989566	 0.1208317236361272	 0.17638399733985355
 0.9095146893194812	-0.37897341056083605	 0.17076938835744437
-0.9237799099435001	 0.12032973869554124	-0.3635263841459675
 0.2974884142774089	 0.4789434929471989	-0.8259017943643476
-0.46775473501624665	-0.5262101377133656	 0.7101467445799929
 0.8877087870249524	 0.2996732840514755	-0.3495268691595703
-0.0965571019578889	 0.9952038207536906	-0.01568697608685965
 0.07399354689118663	-0.815086699273865	 0.5745943157439843
 0.888755741439413	-0.44027639798247076	 0.12755361789482889
-0.9700650541892153	-0.2420305861036243	 0.01987425548821764
 0.757553925567845	 0.2812850253327864	 0.5890592367328449
-0.1590556305530166	-0.8463863633300819	 0.50826315069879
-0.32555134572003813	 0.8794377757085381	 0.3472830545199279
 0.960181105704789	 0.16568550088967912	-0.22494568020405503
-0.42070550083490277	 0.7396650085383435	 0.5252642732103774
 0.5422613167324478	 0.8169597460187157	 0.19628916872977853
-0.9814707936932274	 0.005557381194354346	 0.19153118973537175
 0.24132980387863187	 0.4852437037961157	-0.8404156553076154
-0.32390825234848397	-0.9067269439867055	-0.2700549816409257
-0.9512797932183605	-0.17346176765071236	 0.2549073756836462
-0.07976059187065432	-0.6094527244893136	 0.7888001170112715
 0.5743735923597206	-0.4557790510050577	-0.6799709060428385
-0.8715434603390284	-0.4902366042677061	 0.008948104622830355
-0.8010875216958211	-0.5907844782985382	 0.09608580948699741
 0.5879749418800629	 0.6218138664502514	-0.5173325653883827
 0.08555969046222078	-0.8795161304541801	-0.4681142121736044
 0.4317507832452267	-0.877337400534226	 0.20945249292137857
 0.2784415497497394	-0.7324330141711787	 0.6212987873198252
 0.3340396124080079	 0.8907642876989084	-0.3081501599911387
-0.29243072912314616	-0.20647675772502835	-0.933729948745281
 0.6653286857920194	 0.026560998783504736	-0.7460779136295934
 0.23767694295897618	-0.009625832751857464	-0.9712965634292694
-0.3858200897709242	 0.6375132429930921	 0.6668730938773784
 0.2925786207896386	 0.5701700323351067	 0.7676613087057444
 0.2739774416584778	-0.5773216830516331	-0.7691788060917337
 0.08541198389444954	-0.312809440973536	-0.945967783090438
 0.7037269101259321	-0.5792828310086497	-0.41133907869689734
-0.6878764652458687	-0.7205973245243423	-0.08697967836919585
 0.306916466381068	-0.5694307644699884	-0.7625948381278773
 0.5369662996612482	 0.7035369714781096	 0.46551361182194895
 0.2629157857853472	 0.1417068845842158	 0.9543555147041951
 0.8649830223291861	 0.27059381223734497	 0.4225912444208082
-0.3636879357124085	 0.4226852036617694	-0.8301013817737299
-0.20286784718491607	-0.9701134464390596	 0.13313353302863673
 0.2713049404931519	-0.6651468817016423	 0.6956818633733302
 0.03984379350583353	 0.11383176826420835	 0.9927007608805929
-0.532583330898188	 0.06819091146744889	-0.8436260991947973
 0.2746641766948119	 0.8167341000735362	-0.5074495046973952
-0.13206718039922621	 0.17777813156140218	 0.9751682910143946
-0.9640640164427372	 0.14764289331191566	 0.22086681112105544
 0.28345134718352305	 0.4844205787839756	 0.8276424570008742
 0.15824634799953208	-0.9480342052539286	-0.2760239826778883
 0.467949320548146	 0.8774311739600278	 0.10553657357360047
-0.9515118669312175	-0.0920089291046376	 0.2935294262149657
 0.02818652449924098	 0.476856697381404	-0.8785290035048097
 0.0034298595253638773	 0.8846021846473339	 0.46633379781096784
-0.7548790298491419	-0.3757302043376484	 0.5375727521391009
 0.7196450633356143	 0.03831895743927124	-0.6932839535987019
-0.6130741312531961	-0.7681641517110535	-0.18456420458522405
-0.866161121951568	-0.31620971611243137	 0.38700946533088376
 0.6645933905305055	-0.653775060851622	 0.36179247514511004
-0.25406851999104757	-0.5580520109279876	 0.7899538848874583
 0.8433465834057008	 0.23404055517415479	 0.48372673979397174
-0.19717633538102325	-0.8822482992052234	 0.4275037208203001
-0.01663278437049891	 0.9629371698290957	 0.2692124763929331
-0.8581394336938071	-0.13162368593299753	-0.49625791443672074
 0.37131540266241886	-0.056510026502567756	-0.9267855677827126
-0.275096414059954	 0.11345800773287867	-0.9546985091915878
-0.9035025487683952	-0.10087984882730873	 0.41654099494478714
-0.22919428058149346	-0.3204952195067898	-0.9191043444691285
 0.5509790437793244	-0.25659186016720775	 0.794092381660946
 0.569333073671969	-0.3824492143597881	-0.7277310283743639
-0.9270849671882394	 0.34728123934552924	 0.14109998019919878
-0.84530506478585	 0.33286236116415363	-0.4179258259160523
 0.7124749232344906	 0.4706976377854874	 0.5204067808408812
-0.987099454189586	 0.13234496363419132	-0.09010814690851121
-0.8508274506583804	 0.5246326952277885	-0.029209318790202277
 0.32480101581905474	-0.8240325445890513	-0.4641924876395602
-0.39355122660890035	-0.8297411681180055	 0.39578659144139494
-0.4502672447327975	 0.834220233718467	-0.31833317448145637
-0.9856394825820753	 0.11288719136313691	-0.12558380628680288
 0.1284155432387192	-0.8750597314114467	-0.4666689562386075
 0.5097922922916992	 0.18718606719142514	 0.8396863670260355
-0.055083852865317015	 0.9398770901316834	-0.33704128025972047
 0.4868700176897786	 0.8508132004777859	 0.1976726682359038
-0.18935602613959804	-0.25379202937376405	 0.9485430412959479
 0.8205614331942511	 0.4514382656125707	-0.35054589812877635
 0.23966512642476825	 0.9518090679214879	-0.19136385603929607
-0.968373614646991	-0.09641761263385759	 0.23012211199601884
-0.9473694658730222	-0.2846024253887613	-0.14660339216504936
-0.5908304327694149	 0.7043068402124479	 0.393536878250899
 0.2674082159913541	 0.9582541183607107	-0.10120222658152422
-0.2324437230382603	 0.9607316096373745	-0.1515410500943295
 0.7034941923955672	 0.1282219052461713	 0.6990386715202175
-0.7047851005276673	 0.6779779575014061	-0.2088632356745137
-0.026944773629995266	-0.9604638578308617	-0.2770977390284637
-0.3585037488618283	 0.9157375028581843	 0.18138326248877523
 0.5302676370658543	 0.15783845645757197	 0.8330085562247764
-0.5819595710429638	-0.7658002756560803	 0.27362930302977606
 0.7606106397948018	-0.6245042224568127	-0.1773863883294149
-0.3792808801844099	 0.8884077387278685	-0.2586072382880549
-0.7700906834123608	-0.27168058587328336	-0.5771914747993361
-0.6469884779063741	 0.6343724714592204	 0.42305729743276355
-0.7285564374551254	-0.30431633763117943	 0.6136750639332202
 0.1330910555120805	-0.20904777731394547	 0.9688063778396483
-0.4580994382077062	 0.23903245747988636	 0.8561590909316505
-0.33547045095566574	 0.8088008423137011	 0.48301218826055514
 0.2500272651869199	-0.9458256014840722	 0.207123871730041
 0.7738363399367558	-0.008262053910241155	 0.6333317120265414
-0.5739574345268378	-0.10787425963783054	-0.8117487341899343
-0.25057865994246364	-0.7288117608542005	 0.6372156247472585
 0.8509542259214774	-0.46201346384992004	-0.24984087857630088
 0.43212009921319716	 0.9009943563492768	 0.03848882542672549
 0.4290430795714723	 0.56307234192464	 0.7063084125446395
-0.9201283714329932	-0.30050886148816536	 0.25111392683631517
 0.8912019941327699	 0.22647491691413063	-0.39302432197322323
 0.8478670625435325	 0.06825880233687896	-0.5257967099149026
 0.9693498257244803	 0.16528935395972985	 0.1817700328313081
-0.18571994495217567	-0.6081421517346736	 0.7717973991472646
 0.7165221121919539	 0.6683154251730378	 0.1998763498159868
 0.5636498024644762	 0.8145533161823963	-0.13711963855705633
 0.13815833924527557	-0.45364047928549567	 0.8804104661182834
-0.16677786652034685	 0.8386910883518555	-0.518442283728962
-0.6661024561707556	-0.7264557552442464	-0.1690253044836727
-0.09683862853299208	-0.277864026132789	-0.955726876782863
-0.4188762194101515	-0.11521456177145606	 0.9007043452590144
-0.8629513557254891	-0.46419055553290894	-0.1996048241040027
-0.6117980861555569	-0.7299309686319762	 0.30480138255654765
-0.24277724793830924	 0.7250750742296598	 0.6444574032582402
-0.08153447055354265	-0.404825556092098	 0.9107515573669238
-0.9419799797306452	-0.04387735953025046	 0.33278896482201215
-0.710507988624344	-0.6226373990987311	-0.32787355389624917
-0.5104079967142853	 0.8595460076782817	-0.025774746835563356
 0.02168065872770211	-0.5196982269711173	 0.8540747636596049
 0.6804604323837157	 0.3459945414726348	-0.6459577209317247
-0.9963943353691094	 0.005082206157953518	-0.08469061119698518
-0.7962706810498797	-0.596984198075419	-0.09778992662135266
 0.9511713816691837	 0.04477044403270806	-0.30539909959698663
-0.9012850814199131	-0.42777921557213944	-0.06848463137365757
-0.04117241147227955	-0.9936712845173039	-0.1045093816807312
-0.9779160823269034	 0.14751172144666005	 0.14805548947014446
 0.48001163665752505	-0.4182484291798272	 0.771140117074693
-0.6588272821632588	 0.4202903802121453	-0.6239411899999103
-0.5056378056459728	 0.7735988992187183	 0.38193605829917754
-0.9982363852764672	-0.006013830176384957	-0.05905889396849684
-0.6148413594584473	 0.7704781195277062	-0.16832578539349918
 0.2740332150897567	-0.5611426815530471	-0.7810407722821047
 0.6557021567554753	 0.5796088356493686	 0.4838473718678249
 0.15963324694137862	-0.8576797433530889	 0.4887767223515582
 0.4719977360106092	 0.5583693468183435	-0.6822329585519273
 0.44243944402153657	-0.7977372342752026	 0.40971043851098576
-0.057296536243306766	-0.7166753556214419	-0.6950493087396024
-0.23541484128979298	-0.9503773882602882	 0.20337815119637415
 0.00785021196980632	 0.24532289566809373	 0.9694096404683887
 0.10384585020847496	 0.35278963930377744	 0.92992231384906
-0.06858834245306746	 0.5076587963094524	-0.8588237221975059
 0.8132283973213627	-0.5679317940678571	 0.12693719343436394
 0.05642375488498655	-0.7316068202674462	-0.6793878276969907
-0.4611826464095141	 0.7454134714381839	-0.48132039562976425
 0.07202770153778071	 0.27668042238348234	-0.9582588137246024
-0.31207450871553905	 0.8109754726742292	-0.4949022971564845
 0.5264960861834705	-0.10276296582124352	-0.8439441000973402
 0.06635470975762212	 0.9530862934320796	-0.29533636715596256
-0.1551727393677647	 0.9864132152325328	 0.053948028432191375
 0.8895762238356488	-0.45425260516503885	-0.048049065413207526
 0.2938805550282117	 0.815178956195971	 0.4991167085477679
 0.49294476474648596	 0.22543020037740255	 0.8403491439079567
-0.9973209389764051	 0.06758411288720044	-0.027988075397783252
-0.4214291199412959	-0.32208367515560093	-0.8477379330098225
 0.5878329234717453	 0.1302597829735488	-0.7984264794095604
 0.6715990337063725	-0.32380708633847965	-0.66641106590576
-0.058430853954286606	 0.9942468953771219	-0.08977163437928115
 0.26433221300944326	-0.8510177025270181	-0.45375913340798535
 0.3400065935799232	-0.8930595863895432	-0.2946864290732014
 0.49667011454388743	-0.8374297018912973	-0.2281014943160491
-0.8744013832935276	 0.07605205902932696	-0.47920591107765476
-0.3496327514507077	 0.9351002530142268	-0.0578312711751745
-0.22305635196122	 0.20197319434988106	-0.9536522912539231
 0.9041085232134445	 0.4054988039184833	 0.13475347221308964
 0.9389084291288284	-0.29540714723997363	 0.17659439138991972
-0.47151875716912006	 0.7248936216634935	 0.5021944831529637
 0.0020309167038888463	-0.9444833797049129	-0.3285529193882273
-0.49741720184815835	 0.8415133533632333	-0.21078757889618327
-0.9935894629653732	 0.09534998409660203	-0.06073186656903551
-0.9827098658636311	 0.17918883015340265	 0.04661204439347455
 0.4990761161826508	-0.08594971826525667	-0.8622851478404137
-0.818776611513407	 0.20615156909885549	-0.5358230967368833
-0.3927252784449815	-0.6672706630380247	 0.6328639015768767
-0.05705427799431297	 0.4751218755808985	-0.8780683417064055
-0.5229651792027672	 0.4322934171719667	-0.734595005980303
-0.4381413130458223	-0.023371635983074564	 0.8986022236974252
 0.9119747342281611	 0.3791811405509413	-0.156600596358897
-0.09394154227984851	-0.6211289876107684	 0.7780576889818038
 0.25601108436304926	 0.9486695749224958	-0.1856996561645361
-0.8713729972150331	-0.33443871157849564	 0.35897053907278464
-0.06810188518271863	 0.545463257124709	-0.8353633750419416
-0.017437640936667324	-0.8657836577773032	-0.5001145734772356
 0.578564546417749	-0.7750908338003563	 0.253963117375521
-0.635483003865441	-0.2753741628093708	 0.7213393253214426
 0.0959435284870506	 0.8545767369741755	 0.5103855796983545
-0.1725084142955618	 0.6249444503968805	-0.761370659347582
-0.22966262449528538	-0.9252856800857749	-0.3018302323130375
 0.7261545225045397	-0.033344152840038215	-0.6867224890140005
-0.4021097890148167	-0.4198618305281325	 0.8136484258228645
 0.9991047430629272	-0.04062456399889598	-0.01180496459384206
 0.5095077283459831	 0.7475237962261979	-0.42615730526566065
 0.3090280018005014	 0.5310209350763885	-0.7889983907548781
-0.33033999308891376	 0.9414751150317764	-0.0670827603928148
-0.12094449208484681	 0.5095340853153666	 0.85190812047789
 0.9414748886311287	-0.32348025712115464	 0.09479217968712095
-0.96273473015452	-0.19535472556066522	 0.18702505328276375
 0.40434368425328315	 0.0315601435499719	-0.9140624389742675
-0.8461279675230937	 0.5310841982492703	 0.04491143445903312
-0.9331823690484005	 0.3419690210730682	 0.11057963069002574
-0.11768433650573897	 0.9930444126245496	 0.003632009962461824
 0.9155716622332254	-0.1604748335281364	-0.36874972422987073
 0.21419060889614974	-0.5912252093122221	 0.7775442977312712
 0.32013575086575674	 0.8584052693498248	 0.40081603581951786
 0.6128460148978443	-0.2411386012942491	-0.7525104231767721
 0.8518880082230954	-0.07839072694266312	 0.5178240196969317
 0.0016089764775391148	-0.8853011633914359	 0.46501533447023546
 0.07760223763228007	-0.15279133072172038	 0.985206933578296
 0.5481187274721723	 0.5834526640102418	-0.5992902881355902
 0.4389116418768649	 0.45140846293952813	-0.7769085983637505
-0.17860255650612675	 0.584736313932575	-0.7913182482276149
-0.5417632046313785	 0.6897562799853184	-0.48034248649099776
-0.003927529546823493	 0.9390807888210965	 0.34367404117681954
-0.06417167452715826	 0.8634712246441707	-0.5002993507889817
 0.4033433849087812	-0.9150306151411208	-0.005752147841355804
-0.23231679287848855	 0.9079663435811787	 0.34874923178478623
 0.9827226536445993	-0.18447004503016856	-0.015066137537018687
 0.7178023473007182	-0.650312233550751	-0.24870422011661253
-0.1527932214911019	-0.8809793056595917	-0.4478054203177029
 0.6182133369163866	 0.7325595087214508	 0.28490145004982526
 0.581188383334967	-0.20888833237719795	-0.7865022108507773
 0.9084258689049577	 0.21646679061938326	 0.3576374830232656
 0.2199053137974556	 0.705005881151595	-0.674246513157692
 0.015656895373685486	 0.9488063385006955	-0.31547011530121405
 0.30120058383979603	-0.9444945482838909	-0.13118024453619093
-0.32112142047828174	 0.5522133350699912	 0.7693773234771664
 0.8702333028625869	-0.02981786985810418	 0.49173660960518095
 0.9409503463018373	 0.3206920328735893	-0.10848532548624834
-0.9532667127095167	-0.2923628295074775	-0.07620072415911538
-0.24677252693360657	 0.9190920810595657	-0.3072019962246324
-0.786651693740755	-0.3321086132125549	-0.5204641983506981
 0.4817560587105125	 0.6209893853956721	 0.6182906138068236
 0.6530718051509771	-0.49152548124163775	 0.5761075581929305
-0.9630926897372858	-0.19567778743207995	 0.18483147589165094
 0.09795953237023901	 0.3446580122151444	 0.9336031194430048
 0.134835767685918	-0.7344548201048088	-0.6651281327513987
 0.6347945197966556	 0.6329718845115007	 0.44315066405692427
-0.9154680419393181	-0.40182486949286467	-0.021331630149458825
 0.80693136761293	-0.39924650362085484	-0.43527462286337015
-0.22925996966639195	-0.603268558416869	-0.7638762417657703
-0.809351034217731	 0.18929696429327442	 0.5559834194650413
 0.38973340978038196	 0.9102656244542074	-0.1397296040141407
 0.342367450590016	 0.4299799321105726	 0.8354051632343915
-0.37047803540410057	 0.35676108041691795	 0.8575940512753522
 0.28845120107151956	 0.8922161823234086	 0.3474855228648239
-0.20735206977128642	-0.7848977141178382	-0.5839012737904894
-0.3740129016907451	-0.0715353792870823	 0.9246604992531704
 0.1759581321591859	 0.3748925397816822	 0.9102166331940382
 0.6453350675132145	-0.3671435968432706	-0.6698867291824049
-0.8674999783270946	-0.4966693165645029	-0.027629288551100695
-0.34497116215876744	-0.19769978027154267	 0.9175563711071997
 0.5082162933661257	-0.760486088124751	 0.4041993430547721
-0.8384765274141165	-0.4246896122531082	-0.3414613392755743
 0.24234612847186296	 0.17734840683825395	-0.953842700138043
-0.22158554981314005	-0.7134195362277178	 0.6647799706990551
-0.6243840789175614	 0.4584793932335314	 0.6324090195233472
-0.45980305511439684	 0.5092237431343374	-0.727511051418273
 0.044958736865062104	 0.48856914199595874	-0.8713661144827878
 0.6899959297687914	-0.6764333654216136	 0.257572356915277
-0.9950312158295626	-0.05412524524620124	 0.08356636495493341
-0.9155800188294836	-0.3571060008243747	-0.18490141507144853
 0.5550684897365046	-0.8229866864376127	 0.1207968776420747
-0.14313508501355926	 0.8881614997868338	-0.43667092613839453
-0.561364124162674	-0.8148669265499158	-0.14443757169852978
-0.12780461179208044	-0.9915534047339013	 0.02208680070276592
-0.009867302788469173	-0.6521320167732758	-0.7580412053674264
-0.26410189277183066	 0.5845351347035982	 0.7671824206350031
 0.25985719760402387	-0.8957147564732764	-0.36078984449316565
 0.7180703196911586	 0.6593013915318987	-0.22292754675620308
-0.6256120379380662	 0.2715885918068016	 0.7313338600033354
 0.7541283828266856	 0.167061478354486	-0.6351227004801681
-0.3839584780921819	 0.3773075292125206	 0.8427424965555483
 0.8415150432525725	 0.11273940602092623	 0.5283391508393729
-0.818649382775064	 0.5506680707899175	 0.16302718759310353
 0.24693677156470134	-0.859386802870632	-0.4477460819493524
 0.38951728559082016	-0.9181509946850877	-0.07262943745302919
-0.8506323693152539	 0.4556204344443965	 0.262363473048016
-0.5702591732290402	 0.43833917073130746	 0.69473969711736
-0.27596612856227726	-0.8457625804931884	 0.45664904831155817
 0.4519475050198437	-0.7545665283337781	-0.4757865141265021
-0.2933960721162056	 0.916899105475672	-0.2705822892295331
 0.36832126191314113	-0.01927568306619564	-0.9294987337619363
 0.1211789505182192	 0.9803705263961845	 0.1555290742111295
-0.30646269132658216	 0.7413284172845513	-0.5970869254566291
-0.16834641938077216	 0.4372583454418526	-0.8834390881227334
-0.7448254636414442	 0.5948755196131117	-0.30225509900800374
 0.35105994393704926	-0.1272457302639576	 0.9276666642132334
-0.9375924643295481	 0.3192867844551954	-0.13775456473273984
 0.060711666881230454	-0.5009747647561464	 0.8633298202784532
-0.3840840008677962	 0.8410376840935198	-0.3809660013859446
-0.32564076773369105	 0.8904745395037637	-0.3178257146383412
-0.773878773848307	 0.15903104953404562	 0.6130422242155438
 0.3132865573872565	 0.4867288981497415	 0.8154425256671249
-0.39358490361775117	 0.868529070546213	-0.3012443812925596
 0.952712863297459	-0.30368335359863396	 0.010706112956821778
 0.2982475496896435	 0.6223003239877599	 0.7237338639782256
-0.8673759631204497	-0.27938722410950284	 0.4118272909913314
 0.9848704836036227	-0.07767634506443326	-0.15490808869712813
 0.576930600353279	-0.11856481900287799	 0.8081419838560671
 0.9372667003512917	 0.17557396075650347	-0.3011725696621055
-0.18905639702133994	-0.3934189153928684	-0.8997106400151154
 0.45775678932000513	-0.667237196726767	 0.5875825432529851
 0.4209029277933451	-0.008607854323972118	 0.9070648434477699
-0.9161158579519634	-0.30463559521753253	 0.2606317113004437
-0.5997720274969814	-0.42634719300134105	 0.6771274518523358
 0.6841958663814346	-0.7093492548570748	-0.16940971359479606
 0.15445555571563285	 0.9317345694763466	-0.328655097862945
-0.36208076789693444	 0.9272460228249295	-0.09545852855830406
 0.8115022153548699	 0.526265127817087	-0.253986554206721
 0.9705386908860856	-0.21782848087987491	 0.1029825344934232
-0.8728060975449504	-0.48803197212289323	-0.005857497263692668
-0.028592974846579522	-0.6017211906751627	 0.798194243578521
-0.0391405486541979	 0.12450335663969934	 0.9914468879554246
 0.4152643176736086	-0.9011630626552198	 0.12434098669761506
-0.13665385894404702	-0.7513128814768268	 0.6456428400924834
-0.9889182175838289	-0.11424351360878145	 0.0948112784912376
 0.03676183598259965	 0.886066847440713	 0.4620975105772209
 0.12523257366580418	-0.016658933188197514	-0.9919875414732133
-0.7040422281988249	-0.40382501199885373	-0.5841659871962415
-0.14267765064886512	 0.623167153518398	-0.7689640997999176
 0.23503393637879866	 0.7949146008926584	 0.5593476790315237
 0.8906404918639614	 0.4478479727654293	-0.07868740396160101
-0.05248762749482109	-0.0442166424874487	 0.9976421891074485
 0.6628874277344572	-0.20390466324015055	-0.7204187299484346
 0.2814665127692043	 0.2503133152732303	 0.9263475840020676
-0.8470232457237014	 0.09390286606012228	 0.5231958265787111
 0.95881381743182	-0.2785133161488399	 0.055735053867354
 0.6616201998990497	-0.7462772480948674	-0.07299986343475795
-0.9439311048092535	 0.3232508546385319	-0.06710405612957326
 0.9166736372867926	-0.39963652818414025	-2.96722646324854E-4
 0.2874410755737319	 0.8576943564726148	 0.4263074230506001
-0.9768671661469055	-0.15541571888127423	 0.14688939386058775
 0.0037473174288790074	 0.9988141058271914	-0.0485421426465209
 0.06664330102022838	-0.17394206753102912	-0.982498258304898
-0.9536287961224746	 0.2813847167937136	-0.10683988188369198
-0.12365032948245124	-0.49306849245821427	-0.8611585555307832
-0.33057676178646606	 0.936166060039693	 0.11963324202132153
 0.6020091467316655	 0.5443580591439662	-0.5841740243253086
 0.6189338451577464	-0.617512393569486	 0.4853857631887559
 0.4801071260532378	 0.6366622213771042	 0.6034553532649054
-0.5453363387353203	-0.29553969496803423	 0.7843880202762898
-0.27445542963977015	 0.0925415865598909	 0.9571364959598121
 0.5571595759460795	-0.37289263970403214	 0.7419732381872972
 0.8455937440990292	 0.5283489133637976	-0.07628004777056518
-0.8299489166723224	 0.4545580708239936	 0.32336010261503745
-0.1762124559965773	 0.23123815779343884	 0.956806189743749
 0.24952892256059664	-0.3847696123562317	 0.8886437206287923
-0.9097334522295132	 0.2607745470076149	 0.3230815400600062
 0.39388638972330176	 0.79493434856887	-0.4614465228562561
 0.4342376735464022	-0.15216874169913883	-0.8878526436986653
-0.9278554409536931	-0.022989244215348998	 0.3722308092340487
-0.6413249836760891	 0.5130517638861741	 0.5705086790629477
 0.22636348510757717	 0.6951764564111262	-0.6822677385466946
-0.2401619872080111	-0.905017381346391	 0.3510922376829486
 0.732522672519416	 0.6100460278940942	-0.30208339592842637
-0.5488811233534482	 0.4612313603238364	-0.6971335199802688
-0.808846864082277	 0.5362859372800598	-0.24117243611141448
 0.018170391649085033	-0.20227262926267853	-0.9791606713499486
-0.10482164725837168	-0.13443540474752216	-0.9853626460427711
-0.4207283451206474	 0.7788977985180298	-0.4650869586172117
 0.4958794840439533	-0.6741904035273993	-0.5473306469547135
 0.7159210004035288	 0.6568053845289572	 0.23677797202227024
-0.27073820668451976	 0.878344081769861	 0.3939701733140595
 0.6310323937088509	 0.5231952420041511	-0.5727694622047301
 0.9908284341860633	-0.06334862362984982	 0.11935646565057834
-0.5124036842875059	-0.48009668077451484	 0.7120039616728853
 0.19711892109738402	-0.6287763794252181	-0.7521864101553002
-0.2920455972002175	-0.9491471639917162	-0.11759689724839917
-0.7986160515965327	-0.5253812323415455	 0.2935761618995032
-0.5753006443176701	-0.8102014788015388	-0.11226189200023895
-0.1847690864611898	-0.5259940797800321	 0.8301750494471962
 0.18174251828740265	-0.9825422306610454	 0.03975452193361506
-0.9576505900540135	 0.1352565973700514	 0.25418693954858407
 0.21716064210146224	-0.6954636666349001	 0.684960979846897
 0.8265998568305755	-0.49467824153761725	 0.26837681352330556
-0.2953917488626568	 0.9250096114212663	 0.2389580161495719
-0.4447418894336525	-0.06390305146365682	 0.8933762095537456
 0.9531005509286034	-0.011787221936432597	-0.3024242073951988
 0.23573484671394127	 0.2786684538226902	-0.9310064311747936
-0.4126618312386092	-0.7458945078040344	 0.5228303704516166
-0.620983635781558	-0.7323756654029238	-0.27929412599827796
 0.48013535721002787	-0.20631062192410335	-0.8525878054711367
 0.5682212507396708	-0.684862941898162	-0.4561659358418151
-0.4374705783327549	 0.4955344484509256	-0.7503766410887547
-0.5846009544935605	-0.7527612635566008	-0.3026420395349725
-0.38404179392873716	-0.7195237797044974	-0.5786168256763289
 0.2810608160393847	 0.33660866472955303	-0.8987209936995255
 0.30436407067085824	 0.35201828296395193	 0.8851246471225258
 8.401226415953851E-4	 0.4273053944990358	-0.9041069593947226
 0.13645060844951423	-0.8616066191504222	-0.48889187484548846
-0.4274021039959322	 0.31262617837366147	 0.8482878721845137
 0.3345687693485684	 0.7688750255795845	 0.5448806599766391
-0.36949773956982934	-0.13639911181297923	-0.9191663085369355
-0.5321490365376291	 0.19159897391953762	-0.8246861439996753
 0.39945747049685937	-0.7322276230800784	-0.5516125789562358
 0.6927357637265467	-0.3263140254504159	-0.643145643263284
 0.3439757904752904	-0.9162408545335423	 0.20538586136962622
-0.4137643697596442	 0.31358058445802517	-0.8546731909732326
 0.29002561008379873	 0.9022720122914488	-0.3190460175759289
-0.023141175857908505	 0.6188471967489958	-0.7851704484096578
-0.2448498520272127	 0.842184266170321	-0.480389645784971
-0.9809277664593512	 0.012530759397494854	 0.19396828879482042
 0.4535414112593791	 0.8183906441952721	-0.3528979197537132
-0.6195837063611752	 0.7848982547767915	-0.007124637541359835
-0.5724720507552467	-0.6608361444991036	 0.4853569214790723
-0.8039432201685349	 0.45055829135466985	 0.3881655894545615
-0.26836137831657997	 0.24168444645339013	-0.9325078010239614
-0.5634910374273188	-0.23771492212876175	 0.791182321931172
 0.5324320442063921	-0.7495678829016844	 0.3932735780909893
 0.2711814029083745	-0.8983469064940578	 0.3455914962917961
 0.880784058904908	-0.2789511135233323	-0.38263000123237667
 0.16623460629921502	-0.6775788394118374	-0.7164167586327477
 0.769932457631756	-0.4236513795782908	 0.47720385504156937
-0.27520442622021496	-0.5089068104078832	 0.8156447646551022
 0.5390050241473389	 0.3946079222882775	 0.744149293899588
-0.9162125221636711	 0.30236242328006135	-0.26292884820554296
 0.38706084609300007	-0.8201852985321152	 0.42128372564526595
 0.2961387254732887	 0.7472456814568856	-0.5949165881189487
 0.35245905368420744	 0.2060934982654784	 0.9128516229096217
 0.6280512066931405	 0.08398474810265952	 0.773626682488022
 0.5636611032770782	 0.6207396513331707	-0.54494811304861
 0.540623727141323	-0.8088209494739971	-0.2313755763770371
-0.3917292126563664	-0.5668658187631653	 0.7247146800428355
-0.7836156392982033	-0.4338400621301714	 0.4446676627979116
 0.04222052747109824	-0.6801193909139385	 0.7318845818589947
-0.04891831238774091	-0.40006896702845113	-0.9151785729211122
-0.25902860544158096	-0.45067275214049446	 0.8542823023106016
 0.7183060492777231	-0.10047895489328718	 0.6884332932060897
-0.7466561764439842	 0.638657191741547	 0.18606865833570896
-0.7803536804584592	-0.6100268382980523	 0.13753323216960633
-0.5954590514168693	-0.7634030664584133	 0.25028838608216275
-0.9609370900155748	-0.09653716329336925	-0.2593848205575424
-0.5289927267748626	-0.7279544214861438	-0.43617548676887963
-0.11006808626180928	-0.5568383588389505	 0.8232958511447797
-0.46351475781633333	 0.6981572106435731	 0.5456469357678566
-0.06334078885928819	 0.899909579599541	-0.4314518432127279
 0.35772228111488114	 0.9170141305847641	-0.176408202478896
-0.2996674574788647	-0.8638560177733919	 0.4049101079064956
-0.2525271270192316	-0.40632885070788416	-0.8781383235013849
-0.6787352713709669	 0.7274424649635235	-0.10072681651264825
 0.8626376192211039	 0.31075352587706956	-0.39910973936940564
 0.9251820297501002	-0.18468281555295657	 0.33155764124344533
-0.9140884754412718	 0.336138096453968	-0.22683350541256986
 0.38766727974813026	 0.13551053576680336	 0.9117845002569844
 0.7705245425969267	 0.6338865201067329	-0.0669313744276423
-0.9978668824760143	 0.03632473611915276	-0.054242035392066734
 0.9094551625176819	 0.008740777497932865	 0.4157101227762783
 0.4942862748882759	 0.23750370870177506	-0.8362254880174211
-0.3105697223063733	 0.14611671382943353	 0.9392530827877168
 0.2827793761549632	-0.953690289343911	-0.102521492539551
-0.836174020522398	 0.5054557471290395	-0.21290254835870948
 0.6493185319720568	-0.7396774224759731	-0.176812767403697
 0.4323717400136676	-0.6241012805079753	 0.6508089351767221
-0.7734494494035805	-0.24232009031753424	 0.585710613738389
 0.8144052987101084	-0.40210046041642483	-0.41840079967155686
-0.09211407038285581	-0.6253420763624687	 0.7748950158364543
 0.6149201632579119	 0.38605933979390905	 0.6876273547327463
 0.10138001014025162	 0.8275406727714283	-0.5521761751949956
 0.2547486507368915	 0.03581911981711102	 0.9663436839982247
-0.516709050856253	-0.5294716169354893	 0.6728087125052327
 0.1461582910593799	 0.9889590158880878	-0.024450334318092626
-0.6744136119856929	-0.453089882945544	-0.5829887116752817
 0.3694035440025141	-0.10065085624904915	 0.9238021578318141
-0.7805085612621273	-0.38533396943233805	-0.49226427637808734
-0.49979217869013703	 0.8426808019708516	 0.20024196390848914
 0.7381780780390379	-0.23631192111002203	-0.6318621693406585
 0.608193204792611	-0.7044376279262652	 0.36588065541336023
-0.4190491969716181	-0.49479730950096856	 0.7612971778668596
-0.4893236821608557	-0.3302163240536977	-0.8071675869390478
-0.9694192006059364	-0.209571661024038	-0.12769546739087057
-0.28527070690294337	-0.8381288040151792	 0.4649308891256638
 0.6826456075163679	 0.14500926457346497	 0.7162173467087152
 0.0046632933580931235	 0.33382431721215594	 0.9426237737999685
-0.9238092478537154	 0.3743069267397461	 0.08044127158740788
-0.6539298715887614	-0.7421381103576482	 0.14699234061231037
 0.06919427178894352	-0.09258511746206874	 0.9932976133949647
 0.6005603092806161	 0.5629591905142728	-0.5678065381204107
 0.7793492445740282	-0.6240607416909775	 0.056240071674905856
-0.31161774052518854	-0.9304879474958592	 0.1925787198911637
-0.3157722778737458	 0.34114058574313977	 0.8853874684482796
-0.6689354103864651	-0.7432558508123531	-0.009805965750318002
 0.5048673723698276	-0.5992890052219136	-0.6212580981657423
-0.2591165139630512	-0.9595983625739829	-0.10967960036837598
 0.8246902024525258	 0.08820038615011941	 0.5586651607732327
-0.9297774193401919	-0.08914211264092085	 0.3571661157486896
 0.017782800530061198	 0.7465329808485609	-0.6651107280075028
 0.4464463622472865	-0.5712031129345461	 0.68877619689566
-0.6501512388497399	 0.3147625206621173	 0.6915402534983619
-0.6557963865176082	-0.7378579809406067	 0.15967685928993958
 0.4029376265642932	 0.7515213822232247	 0.5223570437545837
-0.9688141846214708	 0.1342427107625258	-0.20827378683685405
 0.4166079809646415	 0.6634657249334077	 0.621490966977922
-0.5226714374571743	-0.8524510872062819	-0.011904301209185508
 0.7039252413820473	 0.6863014598774333	 0.18297420778713658
 0.2794156075952238	-0.43151755293202054	-0.8577409397619731
 0.9024083325451085	-0.029779589248858655	-0.4298515760321533
-0.973935709948187	 0.00810341846371991	-0.2266794377461765
 0.9100470670903233	-0.40526143812821797	 0.08704885092032533
 0.9655914298269654	 0.023109603931371014	-0.2590350108592496
 0.8919137450066645	-0.45188813702478914	 0.016940575092130983
-0.44217120053649184	-0.6097765107815616	 0.6577668555918439
 0.6833061384237877	-0.6705402782375881	 0.2889090799082461
 0.8649472907630632	 0.4313918236970094	-0.2564513182828374
 0.07205311748737815	 0.6067660484393298	 0.7916080537246137
 0.32916293201882163	 0.019649532694140635	-0.9440686733758696
-0.5551205307074408	 0.6019943632090422	 0.5739721099945789
-0.62986012096414	 0.299056458380674	-0.7168273590759822
 0.016419677041196255	 0.9988923883104925	-0.04409524669647591
-0.18193495948134936	-0.9782284406458437	 0.09984382018993876
 0.9762957721476283	 0.2001643467836249	-0.08234561046802025
-0.17169442007053667	-0.8258243949921574	-0.5371546283450224
-0.17243075172750974	-0.9840025396889858	 0.04479551031422524
 0.8785385975318519	 0.44837204316888046	 0.16471928712609873
 0.43730359542720965	 0.4537784006073389	 0.7764346260752935
-0.29583054283682336	-0.7901219538744235	-0.5368347864385596
 0.5124631035332321	-0.4399202978113871	 0.7374630154052664
-0.5146577942931847	-0.5348488203740938	 0.6701224471077762
-0.6942273911249545	-0.5463027077435897	-0.4686167740530225
 0.15984177383445525	 0.964386787193473	 0.21073379421465765
-0.6354526834335864	-0.5629866196291103	 0.5284372746463308
 0.9803730350406498	-0.13020032767034898	-0.1480425170000792
-0.08816755523905448	 0.4173263232084903	 0.9044695805611436
 0.8877489928967376	 0.10812334473981283	-0.4474495143958743
-0.2867619656984929	 0.7974808502814938	-0.5308407185428055
 0.78896904796696	-0.5365490153970108	-0.2994044011476904
 0.5924370354534568	-0.45038559626677677	 0.6679604581848686
 0.7593539173476707	-0.5269591251400508	 0.3817010723594829
-0.5572740841998163	 0.6980030665698324	-0.44970803210345967
 0.2410869542244705	-0.9404755142859207	-0.23954725532011634
 0.8166075223042267	 0.2220338949496868	-0.5327786632454639
-0.2989087178783458	-0.8915252000267306	-0.3403474637684576
-0.7367619059254314	 0.6443554747371963	-0.20490953163122483
-0.9669659409192899	-0.2545388036750243	-0.013669913158456115
 0.0044998357485264194	 0.3853347906710577	-0.9227658698590495
 0.6108798908332707	 0.13302821930839187	 0.7804673291324691
-0.913665368703587	-0.17710359224678332	-0.3658550418472095
-0.693949106705832	 0.313543706877361	-0.6481704877420611
-0.1551142456440731	-0.3769748908967741	 0.9131426517426702
-0.5752416827062948	-0.78721195943609	 0.22224836871847242
-0.773588200844502	-0.048794403365269745	 0.6318072504446224
-0.7265907752821892	-0.34384247695950165	-0.594843001398841
-0.1123650669497305	 0.4521016690567386	-0.8848605384836041
 0.9971169482257013	 0.03185199027488484	-0.068871200632723
-0.11330193239163475	 0.48813148117633215	-0.8653844978972767
 0.7670661228588848	-0.43924412275946617	 0.46762609399337984
 0.018098667184879708	 0.23430507755410251	-0.971994634181947
-0.09266778147673126	 0.7815807092787793	-0.6168827094022502
-0.4048905583463444	 0.0653418921753776	 0.9120274518285767
 0.6714187524242853	 0.31632830192046096	 0.6701740552253079
 0.5896664858104779	 0.7041177880142417	 0.3956154396808256
 0.9725834128415787	-0.027800093411683335	-0.23088668188470485
 0.5443094721815045	-0.542071087369974	-0.6402235037321153
 0.09733875967761624	 0.8466306833580282	 0.523203260560503
-0.19598736847259837	 0.3671566783318216	-0.9092771441950629
 0.6073968516895869	 0.257236679537261	-0.7515972028009568
 0.038866228964001354	-0.7468657456383162	-0.6638380632641065
 0.8885298831756503	 0.4052945635682326	 0.21506037163062186
 0.7908989415600028	 0.5335531693004791	-0.29966628066681356
-0.264280837536584	-0.6461991185025251	 0.7159485583179293
 0.09811825281176503	-0.5940610982156088	-0.7984135645466148
-0.5789273538224113	 0.4710699866028804	-0.6655345120413687
 0.4130540890620358	-0.8854440126626337	-0.21301460031891173
-0.8981841650971956	-0.43867588200632807	 0.028786735046264722
-0.6422243150744693	-0.7551260962957952	 0.13165298257237668
 0.3979115880159047	-0.47015332265621224	-0.7877957992512934
-0.09825880458067654	 0.5113115657347158	-0.8537597379053956
-0.5012495170015588	-0.06089160919111818	-0.863157652828161
 0.8454735339775198	-0.4582848443775493	 0.27413409995367055
 0.48170788774768636	 0.6592214520421039	 0.5773946553694123
-0.6984528713982343	-0.7056436848930348	-0.11929197963878879
 0.3203458381808005	 0.14248433253942647	-0.9365237631480765
-0.5797180882179567	-0.7947150556763478	-0.17987472994908615
 0.02206135869506796	 0.9608016806170969	-0.27635742612763226
 0.1652580435826887	-0.9062549355135612	-0.3890909545190342
 0.9548592810294715	-0.23548937654007748	 0.18107597015795962
-0.8906080173961015	-0.11379609510886278	-0.44030422220069587
 0.324975477166995	-0.34538891136380895	 0.8803961830602214
-0.07336359119935237	 0.7620990540823787	 0.643290614926938
-0.9279562264989742	-0.2537122904210288	-0.27299691461827935
 0.8102969600349937	-0.5859695373781143	-0.007651001432912086
 0.09879301230535505	 0.14276349415652476	 0.9848139547426478
-0.11615768701297875	-0.9020495160439315	 0.41570910785392234
-0.05703474779714406	 0.08449263648536937	-0.9947904462365265
 0.8221635885467026	-0.08673508484798627	 0.5626047091203743
 0.8348453994455913	 0.31629860595447856	-0.4505422853581942
-0.1875090754947581	-0.2111066948766804	-0.959309287969915
-0.6238555638436393	 0.024207705079742098	-0.7811646577233939
-0.06771584465293755	-0.41129395475589	-0.9089839641952981
 0.1727557769099361	 0.5439782313705147	 0.8211230878128146
 0.7892959451722718	-0.5530269591661142	 0.2667828580889171
-0.2013936170784175	-0.7575777736976551	-0.6208997727486911
-0.9239506941209593	 0.3814056203214497	-0.02906660662353855
 0.9502558271344008	 0.3025816755656231	-0.0738795818140292
-0.7344469706023838	-0.022018217397717168	 0.678308812765696
 0.9570816541486544	-0.16849987410239048	 0.23580182297758867
 0.3714898919253418	 0.9063455428597572	 0.2013281329957386
-0.34939353675167834	-0.48334912731302354	-0.802681616583993
 0.03719081662436732	 0.8903076468787035	 0.4538382278611164
 0.2496415254340961	 0.6945609437226	 0.674732690948133
-0.3199428043598063	 0.46409075588668836	 0.8259881187032323
-0.519894486529116	 0.5857920766097938	-0.6217373769187535
 0.04283543119502067	 0.8670856767909553	-0.4963139681071931
-0.8016516638146611	 0.3659735091154097	-0.47267113358966495
 0.9324422938855242	-0.3284362615688821	-0.15060209381067202
-0.07404873633151518	 0.43021961357154215	 0.8996820931562763
 0.5565658883812487	-0.4578666049610646	-0.6932478517469922
-0.9546105626163661	 0.17927692647276827	 0.23786226555665002
-0.11121122342127164	-0.5890820838806857	-0.8003838842929891
 0.06246116672541808	 0.37800065163616425	 0.9236958969346647
 0.006418465003774704	 0.6802139504378331	-0.7329855284633884
 0.5962109393871478	-0.7302856614960458	 0.33348968255161604
 0.5452057218591227	-0.22167469547094504	 0.8084621513960544
-0.5514548471942041	-0.7567521168581536	 0.3510324559591611
 0.20589795959131954	 0.3599009657947281	 0.9099875411543574
-0.38221623886525546	-0.9130240436225319	 0.14247049699800685
-0.7170745792871385	 0.3171227559911479	-0.6206747984031189
-0.21906787921492463	-0.8297005307503726	-0.5134260351490028
-0.675990965658294	-0.6893149379554698	-0.2605400749593314
-0.3657727322017927	-0.8830037077678329	-0.2941339158374894
-0.928907270279637	 0.359925294311551	-0.08709228287498694
-0.37837784977903355	 0.8135983019874835	-0.4414612166427292
 0.36443269978526793	 0.10599196449499924	-0.9251780967952665
-0.7330070803185181	 0.10564571147829159	-0.6719669663377563
 0.5637419177816837	 0.6059965325405431	 0.561215869950831
 0.7724950444262578	 0.5980950364462417	-0.21338634847441096
-0.6611877193464573	-0.2961425746414317	 0.6892970152772857
 0.957374718661305	-0.006434996198181862	-0.2887771439918967
 0.9632156592270612	-0.2405035303368259	-0.11989014019218236
-0.8557806366002048	 0.4794455072174431	 0.1943489326679131
-0.7945330077914017	-0.4281255134512292	-0.4306110127041223
-0.9885056884833103	 0.09247822850365209	 0.11960050622369045
 0.09897540053533672	 0.9937961295195207	 0.05072596022639386
 0.38791811696180495	-0.32859815931958486	 0.861128784923944
 0.7612226997998195	-0.20312535802359244	 0.6158571995497506
-0.8751129218548053	-0.042990636640910615	-0.48200537254677434
-0.9825447688331289	 0.12240279704023864	 0.1400833056269719
 0.27313780844522556	 0.5204492504237643	 0.8090292425685743
 0.36874644127438105	-0.8421458831658251	-0.39346711872065243
 0.8993591423425571	-0.4172204496271897	 0.1306913520388624
-0.9498863579774847	-0.31126477600392216	-0.028812256896987964
 0.709184284314783	-0.6698597533005226	 0.21987624198419464
-0.12198816907957413	-0.6399032300375904	-0.7587112380820993
 0.38199492223762865	-0.6720101148070906	-0.6344149154785288
-0.9037238696647779	-0.27625792590564757	-0.3270546220013244
 0.41449131435484243	-0.8925122615647099	 0.17781679695979857
-0.4004835870078516	-0.8191957250731888	-0.4105255906263785
-0.19992166151216367	-0.8115621244431456	 0.5489974930976864
 0.8633913745228035	-0.15480803385935749	 0.4801976749758625
 0.725796824803835	 0.26998336553635754	 0.6327147472900665
-0.40230060696980596	 0.5102518221155092	 0.7601297913248293
-0.7728483543872581	-0.24941618946913605	-0.5835211954604589
-0.11149111492577223	-0.5078639500797432	 0.8541919804716083
-0.8973444376105242	 0.3824057052939756	-0.22031531233227764
-0.38872406786184077	 0.9141125770052737	 0.11529004998576697
-0.954088075486095	-0.22727260720399267	-0.19509768381490122
 0.14772900909884024	-0.8569360583851651	 0.4937982702581811
-0.823299621348513	-0.13997928935366633	 0.550075932976019
 0.048742240375555704	 0.5298440876116807	 0.8466932365538993
-0.846888819528351	-0.20380280667476797	 0.4911656984657655
 0.3522350745747505	-0.6298971013163648	-0.6922139076850169
 0.3665926699686294	 0.8355534208629074	 0.40921912859684917
-0.5822046845431856	 0.2786629286704109	-0.76379622772098
-0.7438276469727513	-0.5517690976753146	-0.37718867221796226
 0.3885169401907069	 0.07390416168916246	 0.9184730600675628
 0.28881447812075073	 0.4524036536609819	-0.8437518185948003
 0.7672320834084615	 0.4844919553730905	 0.42026476817295877
 0.7693953024179532	 0.5561996421751608	-0.31412231162623505
-0.32368801809808073	-0.5539381476151862	 0.7670584042668411
-0.96212414432342	 0.2610075790392145	-0.07869037167287396
 0.1794944074869458	 0.0997321287609292	 0.9786905844922202
-0.21155688002609657	 0.8648410066821564	 0.45529520058377315
-0.7103480802896184	-0.35279995488117993	-0.6090466293024626
-0.23951430810599597	 0.22472444104260572	-0.9445273007227448
 0.04043774797086763	 0.5534698572311761	-0.8318869548655912
-0.7089769343990647	 0.6937274285591265	-0.12686197757739093
-0.8073718997529705	 0.5873239588459974	-0.056578996586582164
-0.42530047575493474	 0.15689829565900879	-0.8913486580131955
-0.9507043601358426	 0.2857737770330807	 0.1203933884353503
-0.6069183553998915	 0.3764484914370526	-0.6999547436609443
 0.625566214335754	 0.6195462864226947	-0.47416169231759087
-0.6574130708225745	-0.6327766004621779	-0.4091476850956899
 0.9623106370252706	 0.20926267261672965	-0.1736875692653943
-0.95943444907617	-0.2687742206913696	 0.08512318260998608
-0.8730329848044139	 0.27475578687584135	 0.40289287040320443
-0.5860049003457853	-0.38674126548786497	 0.7120600047324459
 0.779880819424048	 0.5841468615443675	 0.224851843760155
-0.4363198365547966	 0.01642606363021789	 0.8996416979344675
 0.9196535338771569	-0.21450835312748873	-0.3289734701549498
 0.9120595909910499	-0.3557539599864501	-0.20392749308319846
 0.9578211180617818	 0.18678765312310944	 0.21837829204304926
-0.23954974372971508	 0.9455920007212634	-0.2201628680113572
 0.5073830054656915	 0.7346206473743556	 0.45043866421066125
-0.8260356673997268	-0.00456329841517357	 0.563599372330259
 0.4805673074835496	 0.8744740462171345	-0.06595608744190673
-0.6537873644092467	-0.34024585982879835	-0.6758659904213058
-0.15298593630773516	-0.973328074757889	 0.17096128854260262
-0.23361142533533658	 0.9721229911761846	-0.020064694850903786
-0.704933078124463	 0.7073859996236487	 0.05171462948161687
 0.8570028033655522	 0.5152166034616534	-0.00990184533416305
 0.18874382369949438	-0.9817772188071567	 0.022119259629979515
-0.3088568799082563	-0.9411200744956465	-0.13747884606238792
 0.7553813678733441	 0.4003848631977552	 0.5187397713612392
 0.32153754521148886	 0.1403740835642127	 0.9364340466273517
 0.19962503213812607	-0.9701505630948805	 0.13768707808120073
 0.3090967629627526	-0.11781125077105799	 0.9437053037456697
 0.7424886018440661	-0.4120608338416621	-0.5281255015101602
-0.06848409100581923	-0.9322256609284828	 0.355338214079995
-0.7882419082029396	 0.4544179438500805	-0.41494460649543763
 0.568909585100992	-0.7094367504618366	-0.4159824288048317
 0.3690258716977911	 0.875010430786973	-0.31333153692483817
 0.7211198299975016	 0.6423840397967034	-0.25947819985278464
-0.08125875597621872	-0.6789007736790037	 0.7297196407355688
-0.77113677879371	-0.6139036934725319	-0.1687315131575733
-0.8608531777542401	-0.3443576480934058	 0.3746326421309345
-0.047731884504423255	-0.26237271015032965	-0.9637853641605207
 0.4119561515113303	 0.9100817479855523	 0.04520333190745518
 0.7792776339755622	-0.6263340227013655	 0.02078608169364915
 0.6970274411267029	-0.3059487078039316	 0.6484968269077847
 0.951935813957785	 0.2849039297304968	 0.11246313586526724
-0.9829914679717072	 0.1731286215037072	-0.06127197002752682
-0.4850074476597668	-0.7837753941607003	-0.38789677392677224
-0.24446660393622077	 0.8157969272043133	-0.5241292332277332
 0.2814233735788761	-0.8115549557358279	 0.5120346068617849
-0.21660222387057607	 0.7166516269408232	 0.6629433778365932
-0.8877650156908747	 0.05149764054773957	 0.45740711618141283
 0.7749094789573671	-0.2961893201950586	-0.5583790701883542
-0.2640105812939481	 0.9606996136626031	-0.08575934510801964
-0.7679482237918102	 0.6299255902888409	-0.11597101480223171
 0.528339029289456	 0.2759567549801699	-0.802935700732188
-0.9888385878425658	-0.052920670366029356	 0.13927544593908214
-0.920545164294909	 0.2906541840294553	 0.260991850063236
-0.9994048243642467	 0.025235706198055843	-0.023519272313454964
-0.9650873821512518	-0.2609628454307539	-0.022466377481208832
-0.7207920663436924	-0.4920268821962322	-0.4882298068453472
-0.10920485010999804	 0.08478737129202298	 0.9903965884340684
 0.6242141514771139	 0.6797428917592884	-0.3851055624090973
-0.580179739993946	 0.04886636338037826	-0.8130212468506184
 0.9780214237293732	-0.20498420129582762	-0.038151958606100767
-0.7264688906117442	-0.11919044883011376	-0.6767840038601811
-0.19329318919833663	 0.6521215555405949	 0.7330588106072056
 0.9063610541923428	-0.12401356287230755	 0.4038938915941428
-0.6809662066511144	-0.4807420899155893	 0.5524238122879781
-0.9913560809995169	-0.12230279150943409	 0.04748839704895458
-0.8972592328077562	 0.13402212372921007	 0.4206708208235379
 0.8659593566647954	-0.4307790829007848	 0.25405466801429255
 0.4394600479879444	 0.1660967851209197	-0.8827721813667038
 0.03958301746739844	-0.9665604337651955	-0.25336557107825963
-0.7876911171369905	-0.5915687855165842	-0.17201475514011455
-0.9146919233806059	-0.16005864693162838	 0.37110633899827716
 0.7982584821306886	-0.0182040935059401	 0.6020398713424517
 0.398001228109416	 0.04341698919347035	 0.9163569105281908
 0.2929275712299923	-0.7024008032607321	 0.6487114532609828
-0.08391892633332956	-0.5299006918804087	-0.8438974289258887
-0.11104458944252531	-0.8825974322454493	 0.45682696040106974
-0.9958492482693002	-0.03418715779552596	-0.08435350000642261
 0.4603455481033519	 0.8513781832979468	 0.25147000883944814
 0.6249565092829197	-0.6243044896840432	-0.46869314659514116
 0.39016399226482673	 0.8297553480969347	 0.3990966317128055
-0.5932274802738512	-0.06003507662313079	-0.8027932151075969
-0.06512733506003246	-0.2347190382375951	-0.9698790663360028
 0.7331157442027159	 0.2873221000191814	-0.6164311124875719
-0.43417647349200605	-0.8218839620328474	 0.3687784467932398
-0.25826445586207214	 0.5930638404421614	 0.7626104851090512
-0.8500464830463799	 0.5249267600191881	 0.04327670593100241
-0.08606075214587923	-0.9904829176180046	-0.10741106482579288
-0.059702870175325794	 0.08072498759132407	 0.9949467541889911
 0.9133064115414143	 0.288470680157441	 0.2874996788291213
 0.7925089868493501	 0.3675115162028486	-0.48668757044052424
-0.3949046214345521	-0.7278447706764094	-0.5606178107843509
 0.2195160226308742	 0.7651275206552133	-0.6053037195857363
-0.04782296966659777	-0.9892968902063586	-0.13785726894253947
 0.6414943041320817	 0.18367491406771763	-0.7448144626068378
-0.3722271358855085	 0.5980888789015879	-0.7097440751740818
 0.9104362841730588	-0.1734743327386537	-0.37551621581768213
-0.205985520603719	-0.9563367464076015	-0.20734028256018666
-0.6976575626594295	 0.38313475633221783	 0.6053773069370509
 0.06718703883977652	 0.9663277073621397	-0.24838813135126525
-0.740365069452667	 0.5433599596744738	-0.3957518391074155
 0.9007428813342033	-0.1483603839866018	 0.4082296635340277
 0.8129813553256892	 0.5769426386910599	-0.07873060112181718
 0.3964965817072822	-0.9179909579134091	-0.009113829253502681
-0.2664595451007328	-0.48208623674838075	 0.8346209745522184
-0.5531177285377178	 0.48073398940199424	-0.6804084139771633
 0.020348055745078787	-0.975000940059305	 0.22126708637044645
 0.5417035612094194	-0.3106473562001204	-0.7810604790020477
 0.8276210087690131	-0.49072337959991896	-0.2724592273317148
-0.10511680029053852	-0.9916914547119667	 0.07415198546190349
 0.0813979045869218	-0.9960319566790005	 0.03598225122279164
 0.8206208794004095	 0.027936383738953803	-0.570789743036513
 0.5994197831468763	 0.7899032520355989	-0.12941706222804283
 0.676192165895278	-0.3410872549005765	 0.6530112091888178
-0.2825864368556412	 0.007608569660608516	-0.9592116634888008
-0.9069860015617295	-0.16155580088817703	 0.3889423044237361
 0.2717029519766514	 0.12148773880086632	-0.954682269243661
 0.6405990308827489	-0.13882872814088174	 0.7552214680971854
-0.7255419980297002	-0.42652555554992966	 0.5400599592248017
 0.4738622972433663	 0.8771553540198785	 0.07780108074764125
-0.7258859317932005	-0.10345394374805786	-0.6799903643050327
-0.7156970679370376	 0.13412284475692465	-0.6854113870228866
 0.7140754019865687	 0.31221913117660555	-0.6265904040160892
 0.8410959515860992	-0.4691424658415614	 0.26918942581307626
-0.2081933696361056	-0.1709614101061819	-0.9630304860668066
 0.39465657984839525	-0.8980433597304495	 0.19433040942275026
-0.9475012246923974	-0.05914935963181575	 0.31423364310899826
 0.6197564995683561	 0.5594064880267998	-0.5504237116951813
-0.43785574215315987	-0.8989222134813168	 0.014872900636907715
 0.11557965482302686	 0.8554025935112528	 0.504903700130245
-0.8337953064141406	-0.1514950724000878	 0.5308809942352821
 0.9638834997492145	-0.13622254011895946	-0.2288493357533392
-0.038109203318162733	-0.976168085961443	-0.21364352686853816
-0.6432322250599153	 0.5880861010317529	 0.49031320848794335
-0.1777333966679547	 0.9673356431786336	 0.18075561718809907
 0.10373816678371926	 0.6333426368880016	-0.7668868867389156
 0.5469939409806046	 0.21598344516906556	-0.8087946463370093
-0.3792723545040874	 0.8202348135931191	 0.42821411896244954
 0.5673513950809519	-0.7698399750093775	-0.292333383959579
 0.21884834055785116	-0.5769454829912204	 0.7869176027330322
 0.5818292159110725	-0.8002004994291159	 0.1454438868625978
 0.07658359576154004	-0.868847285563797	 0.48912099446727364
-0.2094597885346773	-0.3507654393110879	 0.91273775180602
 0.654480251955454	-0.5071350133224057	 0.5607759606677241
-0.4099282151942885	 0.09979574367874522	 0.9066419734003226
 0.6103127951051187	 0.7921605208755705	 3.601558388055537E-5
-0.005934572913687281	 0.7759137265894136	-0.6308111204904849
-0.9129986977486193	-0.3951952234286382	-0.1012625957030222
-0.7027835077393859	 0.2758393621657864	 0.6557499428360605
 0.25801511385555304	-0.21378213106680063	-0.9421918071489708
 0.9018534605513148	 0.3514363428035589	 0.2513022734646022
 0.7561917639055303	-0.5102507483018351	 0.40965618518320945
-0.1592020238217872	 0.9454471686730088	-0.28422590814216475
 0.3487460564749809	-0.9351334438822995	-0.06246303087410876
 0.5923470483001924	 0.7919941849357395	 0.14788571735642098
-0.919988067556872	 0.27564663010747376	-0.2786411506999027
 0.4998358553901904	-0.8356792044043213	 0.2276057666064666
-0.6575089429419823	-0.7137512873285284	 0.2413319079363221
 0.8480062551043778	-0.5254154909996397	-0.06945468394180909
 0.48275888449703414	 0.8652347033858511	 0.1353246743797203
-0.15092055854559205	-0.7830918744299118	 0.6033159215619408
 0.9421033174264465	 0.24139733274637107	 0.23274163150803506
 0.2609112900183446	 0.9332076967955093	 0.24708033791174944
-0.35460070209248346	 0.32371912364390903	 0.8771911257318654
 0.8334201326680134	 0.35591429636713373	-0.42277168318741376
-0.20633522091874149	-0.6858939494562909	-0.697836131701179
-0.9557567045851688	-0.05109164605376241	-0.28968735792922584
-0.4293442065284474	 0.2707460718100537	-0.8616032247617711
-0.9679116663271188	-0.18025754146458686	 0.17508347989745654
 0.04017150212475136	 0.12414753558121722	-0.9914502709799173
 0.9313388877033423	-0.09075554708693503	 0.3526631635490902
 0.17350899214979792	-0.9018294483838843	-0.3957250000578436
-0.9016824492967529	 0.09600758930587155	 0.42160562546754954
 0.4415515047729767	-0.6260594628700676	 0.6427144137045337
-0.6436615368232119	-0.49554379579005425	-0.5832119447236708
-0.0014723227697710848	 0.7478113032332631	 0.6639096979425969
-0.6558026322637797	-0.7473417126252307	 0.10678610436889646
 0.15700868927190856	-0.9573788990680939	-0.24243332096121128
-0.1519126276916642	-0.28165669151604056	-0.9474133531210396
 0.8917040809835626	 0.452609353522444	-0.002933438469669536
-0.5885133053142807	-0.5745540397887059	-0.5688055421939369
 0.26119638309740184	-0.7476503065755499	 0.6105697900603351
-0.8125506168931157	 0.582819510621712	-0.00910565897040283
 0.21557530951502357	 0.6445828127071718	 0.7335122926645556
-0.3239329201319458	 0.934214254520364	-0.1493693071074207
 0.9243194567577141	-0.37989371809828154	-0.03625334203335817
-0.8759375022848396	 0.42085479340924775	-0.23582776544642914
-0.4622626422005179	 0.8785904876819914	-0.11996668112653808
 0.03188427070424363	-0.9977148351752407	-0.0595692953869742
-0.9090191938233043	-0.3726748381589965	 0.18654106857203256
-0.581399610165903	 0.6045552545592975	 0.5445066000368397
 0.5713997747282912	 0.22392266528220545	-0.7895321003058529
 0.007042207324195583	 0.916373597678768	-0.4002622100489559
-0.7026005686916567	-0.7035168205937997	 0.10684813529375292
 0.4638704800284093	-0.8695891814156425	 0.169230119432346
-0.7149668651009307	-0.13532448275977652	-0.6859370715842281
-0.3877587110607303	-0.8225229038537089	 0.416051985492899
-0.6919735945804212	 0.4610458668915368	 0.5555261047202753
-0.8344908968834868	 0.35134495497965196	 0.4244781097170267
 0.030029067737966465	 0.9995458211399388	-0.0025311128923677373
 0.11880475091608234	 0.8517082664173004	 0.5103709044177622
-0.5140288372442834	-0.8563317527790255	 0.04970194828869423
 0.40165729321587335	-0.3577816828852943	-0.8430087106301243
 0.6239776109161137	 0.26347745621738533	 0.7356844236088154
 0.044109116700355624	 0.7288668962018545	 0.683233074027443
 0.06298199460796408	 0.8259705427287127	 0.5601838366997376
 0.6936538796719617	-0.08290694760576593	-0.7155213017477051
-0.7743319278932461	-0.007453256027479763	-0.6327357382191381
-0.4722849197524277	-0.3283090275438454	-0.8180220883372633
-0.8724257102113888	 0.44957913309004816	-0.1917080677805565
 0.3614166546003511	 0.8909737714955667	 0.27485221535300797
 0.381092960740828	-0.8839583279765432	-0.270898190608029
 0.38977916623577935	 0.14429542326945918	 0.9095334146649194
-0.10800161338287265	-0.24855123757943715	-0.9625787935563648
 0.14353415843666395	 0.9758533277522665	 0.16464576543812526
-0.7908001685890619	-0.21277574986734082	-0.5739003168041485
-0.4485538684517301	 0.6578973974070154	-0.6049549087180495
-0.9537058168481712	-0.056677368016463975	-0.2953521472153009
-0.46631004454692093	-0.557386322758228	 0.6869318958650188
-0.7859212254536323	 0.24210079505533	-0.5689596052577355
 0.932287910420947	-0.10328441561687166	 0.3466577297185587
-0.2719569673217575	 0.00181664038582584	-0.9623076990977788
-0.7700362190328486	 0.2678586606260009	 0.5790474585949237
 0.8001692861752885	 0.5249872212473701	-0.2900302242675654
 0.7878515370114336	 0.606540595730525	 0.10676357693324712
 0.42788009722354475	-0.048167721870785746	 0.9025511026915587
-0.08285732897438798	 0.7635241853344458	 0.6404416300058897
-0.6008889881591093	 0.6727990237297953	-0.4315945986424716
 0.13040205318389272	-0.5422621371100753	 0.8300283604686283
-0.0322854837270152	-0.3733954324354807	 0.9271102947205543
-0.7779056388427203	-0.14694361113987214	 0.6109585846862888
 0.5729306915374579	-0.8150458958801237	-0.08631691782829698
-0.5030212214799306	-0.5006371002821565	 0.7045084417960601
-0.5220656861068788	-0.5227259479306093	-0.6739473293587563
-0.46264766168423077	-0.7697234343320013	 0.43986699782805116
 0.04021356450416451	-0.4891949627642519	-0.8712468982073631
-0.9324911902539731	-0.35937702728777876	 0.036170877187697625
 0.13396587680008984	 0.7669001656847874	-0.6276282974227887
-0.13835202387210016	 0.11181577682126903	-0.9840507860595153
 0.3336384257659289	-0.5675108497122288	 0.7527395541031021
 0.12047580540852952	 0.8473854645284019	 0.5171300173236424
-0.08196978834582067	-0.9958637533342678	-0.0391961553411313
-0.9973659457398747	-0.014657745461180087	-0.07103746037409087
-0.8442576775525805	 0.4171893555903704	-0.3364253490384075
-0.3939528312444597	 0.7698755791892965	-0.5020883979165618
 0.2038030015363058	-0.5761781958889315	-0.791506805496307
-0.08425239202474119	-0.9392313639037383	 0.33278518521357414
-0.36945814366942564	-0.9282986639867993	-0.04197940586365534
-0.11151255439051869	-0.9025283228746703	-0.41594179475298776
 0.8205640782579863	-0.1923962679677204	 0.5381990984242861
-0.4634422040816677	-0.7179152520626028	-0.5194410595359356
-0.6441983930116061	-0.7312021749330873	 0.2243920894648186
-0.7785424294847464	 0.5014479435233494	 0.37738792432746493
 0.4386376885784378	-0.38789356846983397	-0.8106389811120012
-0.5470987623934563	-0.8370653240410642	 0.0021418392975596223
-0.5057407197326332	 0.7626155768552316	 0.40329121778446964
-0.5245466461700756	 0.7898517950940949	-0.31778130495414847
-0.4752991755151641	-0.7848252505095219	-0.3976682284483781
-0.7816930474222835	 0.3648352412897029	-0.5058173843639102
-0.03024115431371235	-0.3620517902899691	 0.931667308503203
 0.9989780078067534	-0.045090465219689166	-0.0031288759518430798
-0.017981093834660695	-0.7835308463435873	 0.6210926606333478
-0.695093527488485	-0.5231329406883304	 0.4931297135748307
-0.578917708754844	-0.5121360591300972	-0.6344847858134466
 0.7689259572916958	 0.18900409362452888	 0.6107620852641555
-0.37113005601588295	 0.9277086807095569	-0.04023785851385586
-0.4791708099542037	 0.6420112239058761	-0.5985122582426459
 0.7652967930898052	-0.6189995781640405	 0.1765229183964494
-0.8564994991943503	 0.500177416064997	 0.1274015711770078
 0.554708019705777	 0.8230835405425666	-0.12178874398731865
 0.41976860861888465	 0.7124167261835289	-0.5623670718241855
 0.17437208038213522	 0.9812581334961626	-0.0820173946845002
 0.5302491053515535	-0.4250399728513109	 0.7336054169323138
-0.7770601143651555	 0.3659690533853073	 0.5120978721173068
 0.4435104558861554	 0.36066617446650756	-0.8204988641767577
-0.8731978283798076	 0.17392278787097828	 0.4552761978974684
-0.37493158680138416	-0.9263825878058066	 0.035236433258956534
 0.03544780885507357	-0.9796884547004253	-0.19736763811239966
 0.035598799121667545	 0.6340647599660141	 0.7724600997270579
-0.3022195757276922	-0.7829422510144901	-0.5437506410325756
 0.5111139531227129	-0.3615191083065229	 0.7797861637991084
-0.7695829533704762	-0.3582048190407165	-0.5286126989560345
 0.887088609194221	 0.27373064486280724	 0.3716790732619397
-0.7846774384057922	-0.5980319496559052	-0.1632149038773143
-0.07543034231374096	-0.6961834611029194	-0.7138899438605306
-0.007269630860798087	-0.1697323041411033	 0.9854633922161187
 0.982917426006044	 0.14703925866374945	-0.11069232161838505
-0.3472219725436624	-0.8672175525380964	 0.3568902048988205
 0.12897864332457937	-0.986756088497	-0.09837139513218052
 0.3466400150192819	-0.9370719679861615	-0.04167525407210371
 0.21385119620432988	-0.8985588158796681	-0.38322280762880734
-0.8711330454193326	 0.4870395914524401	 0.06260713646445915
 0.39119427418509517	-0.605923157840372	-0.6926934146052988
-0.47797280488902655	 0.8757085822542415	-0.06838476988908426
-0.573532702151879	 0.792476442723378	-0.20746403854852669
-0.03997879524576271	 0.9721470513567352	-0.23093680189416022
 0.06578179191842026	 0.11891405505800286	 0.9907230709747623
-0.045993211364824906	 0.176258767130242	 0.9832687687087787
-0.8404465614782823	 0.4413158992482735	-0.3144675728434003
-0.7831368805441117	 0.5552596088268523	 0.27997034331708903
 0.4621623611385135	-0.5345893194228275	 0.707545201033766
-0.4493574857717757	 0.032148924772917725	-0.892773373604306
 0.5282556834736428	-0.4246929397447349	-0.735242708096292
-0.8509583757816493	 0.2514854205582429	-0.4611127041556118
 0.9509645092183695	-0.1797357653726495	 0.25171721604406305
-0.25150036397328884	 0.5296506319907349	 0.8100726973260599
 0.11065924734555417	-0.19348708238220919	-0.9748421820623765
-0.7568197975534084	 0.276107298489174	-0.5924428696104191
-0.5831469658669777	-0.4934564818778229	-0.6453218706141144
-0.9891162906603307	 0.06872600259510422	-0.1300988090554489
-0.30358830795168196	-0.9519533201077965	 0.04023699306332107
 0.5990539305286927	-0.32141318374157346	-0.7333675433472835
 0.951178806039963	-0.3067707572122428	 0.033920221989509614
-0.918632222972634	 0.260276661652089	-0.2972724311395203
-0.5167609207005992	-0.2723663608573733	 0.8116493801574545
 0.9573325204874207	 0.255991176581812	 0.13410056945987203
 0.9758177584107303	-0.056338296069612874	 0.21120061260855771
-0.16932922227623887	-0.6748731600214474	-0.7182435745386031
-0.8434913336310775	-0.5369630802278283	-0.013893183994647007
 0.4727594930279034	-0.7233322712205196	-0.5032781409548448
-0.9811215249055865	 0.17639468704467043	-0.07928094190503354
 0.16473263098683802	 0.2819466173506579	-0.9451821333757193
 0.6986679515894704	-0.5018555216535102	 0.5099059999722073
 0.5165498205894429	 0.7283472528284434	-0.4502072435515383
-0.5844364974909066	 0.808200723411319	-0.07242631481707473
 0.004444235220259639	 0.9808499397727863	-0.19471426352742727
 0.5011780352768004	-0.4966825666463361	-0.7086092046718657
 0.42967427471432257	-0.9020731487542256	 0.04054691042924774
-0.2606811313521177	-0.282420682898093	-0.9231922365511718
-0.9931562368305947	-0.06320907297359706	-0.0982105001428566
-0.1589828201328778	 0.29664487340068874	 0.9416614476486156
 0.17265803983313535	 0.7891047758895771	-0.5894937268107607
-0.5542883443617387	-0.2051725664867669	-0.8066403469117793
 0.14931189510160792	-0.4469052214699558	 0.882032698375778
 0.7208648558138071	-0.19916222066350472	 0.6638435580111632
 0.4294718884433498	 0.7929993612624633	 0.4320947929265384
-0.3916746554551679	 0.34437146859852824	 0.8532287242523944
-0.6187714394214658	 0.7637257888376566	-0.18396963124544863
-0.6282562149370547	 0.7655303585238867	-0.13877102929377894
 0.13482034573186602	-0.22420092108928472	-0.9651722236779592
-0.28090650286638086	 0.9473266263988449	-0.1538304246992881
-0.42317566400967677	 0.6736324435554322	-0.6059221801349632
 0.0019006402066026624	 0.8451022966749953	 0.5346012492703822
 0.6662649729684451	 0.567636065126664	-0.48361170722272084
 0.4692592483059022	 0.597495402655759	 0.6502268847753159
-0.3624690269758612	-0.45166974245440283	-0.8152365596772178
 0.02027759789776584	-0.2760075364265295	-0.9609415480971017
-0.7266622008463302	-0.6666140281000323	-0.1660957055477863
 0.8171280054292719	 0.5136922094833272	-0.26157625400505546
 0.9085661689139194	 0.4176577496322131	 0.008337918039840186
 0.9367546850236768	-0.22190525809745962	 0.2706450009050456
-0.401066853863646	 0.3891917777995408	-0.829261803548885
-0.54872328059668	 0.8351437851204384	 0.037915953184961326
 0.6115809236972808	 0.7805535384795288	-0.12924762023599357
 0.9591179606582576	-0.24189858355865335	-0.14689388283744909
-0.4302793730232385	-0.7681713347529149	 0.47410174183887355
-0.9066490768910254	-0.21679085603511078	 0.36192426847645276
 0.43547057502668834	 0.804617597359748	 0.4036779660880092
 0.12885649787274644	 0.909566096309123	 0.3950765994094738
-0.06800246881065626	-0.5364442054483047	-0.8411915826234786
-0.9836100581874365	 0.11979817337801778	 0.1347577496391137
-0.2832909043721974	 0.6049310163146848	-0.7441805755328912
 0.907817509757648	 0.15909284574316543	 0.3880165401252429
-0.04348432651002578	 0.9438417941147467	-0.32752371063821606
-0.21370686626155264	 0.9493780793137556	 0.23024039139818897
 0.46165674978835264	-0.8011476642619408	 0.380835220827185
 0.525587437574473	 0.24330095114821648	 0.8152070244019445
 0.7742339648439064	-0.6218979809285835	 0.11749327214370875
 0.4225942168797447	 0.49965646472571246	-0.7561465103520602
-0.41228165545971784	-0.620402831966422	 0.6671762605634572
 0.026811737080390103	-0.2859054935678242	-0.9578826543488879
 0.6089419719906993	 0.6990050720171911	-0.37494210758771795
 0.04705637875988328	 0.18772574378739937	-0.9810936460590671
 0.920477181636182	 0.36296292751170495	-0.14484360993583434
-0.128332427486007	-0.9900068322709684	 0.0584573358300835
-0.7038000860389523	 0.632520910612798	-0.32339254247604443
-0.9389737357472385	 0.23311696497267392	-0.25295217773089873
 0.5285225212092556	 0.24287908815482168	-0.8134332751441229
-0.7166850907127261	 0.5986321752135506	-0.3577736708439909
 0.3595355867724232	 0.04483967570966885	-0.9320534133441394
-0.43255762990220764	 0.7245605339596657	-0.5365686623736696
 0.09556786684993597	-0.67440953570924	 0.7321465433710661
 0.44818192092981907	-0.7299333554297631	 0.5160719546562325
 0.07569444204548706	-0.6987107747122405	 0.7113885047879556
-0.48275457859612975	-0.4633241379168717	-0.7431546003814151
 0.43899229734146233	-0.8845293107304912	-0.15777725226884676
-0.13718311057219726	 0.33065241094232206	-0.9337289635176613
-0.03325473199897109	-0.2358461961026602	 0.9712212387420192
 0.9643645773169426	-0.264144405209156	 0.015122672151969052
-0.32813693449654224	-0.8835481837779289	-0.33416875850673877
 0.6418741753770429	-0.324755772665775	 0.694644679749508
 0.25246271327199044	-0.637614726488346	 0.7278118156313047
-3.3979846936036865E-4	-0.22714801835208062	-0.9738601862155178
-0.5769528190632738	-0.025861827489928692	-0.8163679381589053
-0.9199447086632292	-0.11846675025852005	 0.3737209682178828
-0.9855429817994273	 0.10323732568793123	-0.13433944175370738
-0.6661210410793758	-0.02900828208147727	-0.7452793289780753
-0.7111300937876137	-0.06626426723869357	 0.6999307369996968
 0.22767203599748964	-0.8203779239686235	-0.5245431401607394
 0.7468742684294496	 0.24221592346538207	-0.6192820630195797
 0.4153993701109636	-0.6695438395378572	 0.6157551544634594
-0.6418140354801953	-0.09557641912552967	-0.7608809972444888
 0.8560424318070541	 0.26496097844435124	 0.4438322147475069
 0.6972414279671088	-0.6890282750667719	-0.19772310761490708
-0.24698368011041202	-0.25023175848130536	-0.9361533682076197
 0.3662904189260718	-0.488682023258309	 0.791846708111569
 0.14092819127096678	 0.7731467575841873	-0.6183715195108452
-0.07481350501160057	 0.4778544438159231	-0.8752474335827862
 0.7128669199019827	 0.6777526766624519	-0.1802000659998273
-0.3592196297232286	-0.371239088395211	 0.8562375820232369
 0.4514993490177452	 0.15730609651531252	-0.8782955822703808
 0.991521120302214	-0.11757389782163848	-0.05533756902565856
 0.8786222166499682	-0.17129353864459151	-0.44573705705012934
-0.6223596029165342	 0.058553541427997326	-0.7805382805755356
-0.9697416695696282	-0.19497695330300066	-0.14691862366966868
-0.8470253964786939	 0.5315490944423928	-0.001880935294900965
-0.465618416632518	 0.2503614429943281	 0.8488336927540192
 0.8178001721717731	-0.023478767716701803	-0.575023152457641
 0.48838381543864257	-0.0288870122440428	 0.8721506689449974
 0.37838274690248713	 0.47555816528759504	 0.7941479259400133
 0.09031361212249196	 0.6495382566931611	 0.7549460275790563
-0.7200700986416172	 0.6817578332492308	-0.12924902260971183
-0.8816357216174765	 0.034269847535004394	-0.47068464168481094
-0.387888087563469	 0.7982192159584041	-0.46085671829876285
 0.963313707630805	-0.13969652258810428	-0.22915405793348542
-0.4731245297744342	 0.8808462198917241	-0.016220857812735412
-0.7142147646585207	 0.6974674874912994	-0.05862059225517857
 0.8586191933793084	-0.5103829429711392	 0.04777376146782597
 0.711811293653919	-0.7000563852510853	 0.05697139366312154
 0.8118796223384416	-0.006059283025283674	-0.5837934257259232
 0.7329997748616618	 0.4136609771321478	 0.539996227811667
 0.5455387153542812	 0.06383339780302137	 0.8356511277886973
 0.09986028070768022	 0.9725779731614885	 0.21004763854438901
-0.7052108933248462	 0.029808996859835814	 0.7083706795472147
-0.5340857200976421	-0.8450152460571004	 0.026489196266426873
-0.22040484678968617	-0.34876226858338016	-0.910926222876578
 0.5748837779856923	 0.704469080851376	 0.4162114317667338
-0.7499326388290335	 0.552314034738277	 0.3640745037077546
-0.8705144582604554	-0.45114973849073764	-0.1966430558632697
 0.1574094708310997	-0.9431150620999657	-0.2928416605144337
 0.7180542671385768	 0.6263392175139645	 0.30347529396653705
 0.3220801437648666	 0.9216022659093372	-0.21659557812471153
-0.337583385107795	-0.76588706283119	-0.5472243279377984
-0.18771669199774987	 0.41908776068337883	-0.8883287073999202
-0.33069756475878603	-0.8900224256559865	 0.3138458259911101
-0.7818282594889102	-0.623491799980123	-0.0015962525137394046
-0.9389089071654214	-0.08917985239209562	 0.33241091734893113
-0.5026608197085667	-0.8642552624386639	 0.019873139585583788
-0.05484637766641671	 0.9949050020855983	-0.08459262191189287
 0.2570937763738718	 0.7087766696758391	 0.656915841392981
 0.006445942589382186	 0.5121842023103057	 0.8588514381008454
 0.40257664346617605	-0.9069060528885052	-0.12431193574914334
-0.8113019358039449	-0.3412684140569177	 0.47468414606751685
 0.2289936657846323	-0.9526796960471711	 0.1999082233675893
 0.8916366479337565	-0.039536260298964655	-0.4510221415662725
 0.9900338282630887	-0.04171102033265315	 0.1345110020687601
-0.031770856174821435	-0.45405569025054565	-0.8904066727338802
-0.7131379002257345	-0.17973579353550573	 0.6775908645958801
-0.11260739686475785	 0.9140834467038906	 0.389578010972486
-0.4952370875538074	-0.8633295905638453	 0.09696517502735635
 0.1605380968496528	-0.9254036231475307	 0.3433011123275229
-0.18912276597873573	-0.4910418734434194	-0.8503590170708659
 0.31668603783516824	-0.8626107002315146	-0.3944777982172867
 0.5172926492492387	 0.6849521276337096	-0.5130778672704157
-0.021183057509561277	-0.47580608720688183	 0.8792950844008078
-0.6213783837083533	 0.7750478527198116	 0.1148465509033858
 0.7730245380711515	 0.1964570695523577	-0.6031895915570686
 0.2926799074842982	 0.8332385441479118	 0.4690970052145409
 0.14755320311382825	 0.7162979921054663	-0.6820155707581217
 0.7787794818779279	-0.6215779219316643	-0.08451866996740987
 0.6597380349806825	-0.23195055119905836	 0.7148039360539928
-0.6105075551608048	 0.7323655362101382	 0.30153150161005327
-0.047032568101642774	-0.49980713061827314	-0.8648588149061629
-0.4107571852759612	-0.7181536280316212	 0.5617240437164761
 0.8241192192350264	 0.4437244897868913	-0.3520455789394512
 0.9061715271157825	-0.27848304941104507	 0.3182771663744919
 0.2673333295132079	 0.9285601929993454	-0.25750506579172616
-0.1391536474223218	 0.36276179641888523	 0.9214337423103234
 0.8169045289159661	-0.30848776383495885	 0.4873420669311137
 0.6060241357974071	-0.5625220521684631	-0.5624088260822253
-0.2650037303135661	-0.1605165021437236	 0.9507930770990283
-0.13259560604218	-0.9509736074515909	-0.2794058037851297
 0.24438186492802455	 0.15217620811950236	-0.9576637749109396
 0.05282999283164464	-0.45100322483071814	 0.890957396876922
-0.25739968829475396	 0.7098466141773185	 0.6556395235239869
-0.7137081717471176	-0.016013332856716404	-0.7002601079257671
-0.9138257429685478	-0.2972624558413925	 0.2766903392515285
 0.7388038053108911	 0.23463783526920184	-0.6317547178441407
 0.4231651385827585	 0.9036144553628864	 0.0664242542108604
-0.8080097873876441	 0.40454716382849676	-0.4283243814261495
-0.5494937320325741	-0.013772190781277178	 0.8353843218650909
 0.9563711955708957	-0.10051571805118634	 0.27431865905721775
 0.4340001082355274	-0.5654739244212615	-0.70134381500885
-0.20886450314014215	 0.9698191740395485	 0.12580297688556263
-0.20080470442980916	 0.8608980185905486	-0.46747414074547944
 0.17470630390673908	-0.6846828235731506	-0.7075924946458549
 0.7571310786994885	-0.06509427070232822	 0.6500117426547622
 0.12548085667152245	 0.3602822883909742	 0.9243653105135132
 0.49885165371087864	 0.5958468238696173	-0.6293755556695946
-0.14291927751338424	 0.2791412816266319	 0.949554750926398
-0.19210295695531854	-0.7610565266069206	-0.6195881028861292
 0.7648237095711824	 0.35753265330090117	 0.5359245236984338
-0.22110967036885693	 0.49810799180665055	-0.8384503218245678
 0.781515494595209	 0.06443890611577946	-0.6205490787086931
 0.7213079356729997	 0.6161010958492079	 0.31644004428731964
 0.7542862014742263	-0.10171751900804282	-0.6486184337439318
-0.6707204832578267	 0.295017624424721	-0.6805135080343236
 0.20057604296785755	-0.05784743555253809	 0.9779687751596935
-0.05754930079793791	-0.43293323593391514	-0.8995870670487973
-0.897864156634504	-0.3460871116966259	-0.2721464079287066
 0.17933187749432075	 0.40578933306782544	 0.8962003653663233
-0.4628617585765984	 0.24011726561329425	-0.8532893361584766
-0.3676514557894459	 0.7142227464881175	-0.5955822994808286
-0.23329152052722602	-0.8374139264070992	-0.4942802669635318
 0.24470150599765844	-0.7835774571485191	-0.5710757757173199
 0.47557750277437966	 0.8610362025976898	-0.1801185628163715
-0.9571737004184319	 0.2808312601382101	-0.07037265489145095
 0.46945516825655076	 0.8690927640656391	-0.15585125102469033
 0.7297443066145297	-0.5994586289764172	-0.32882001020222806
 0.011009590165505137	 0.24365887249782725	 0.9697985062771932
-0.8352640962439679	-0.25182271420621843	-0.4887936273475346
 0.29862705909803017	-0.4875783053605187	 0.820420182416441
-0.9257715874011071	-0.30520463913752677	-0.22315262985178186
-0.08358035925725114	 0.9733288790948978	-0.2136474120280858
-0.5066134194555005	-0.1390936372402436	-0.8508794293593451
 0.1369671758437068	-0.6603603858353112	 0.7383523234613933
 0.4534854402019793	-0.8912296214328591	 0.007792137412784728
-0.5032649768856461	 0.8194514604153966	-0.274269333071278
-0.39356008364783124	 0.8739525482624889	 0.28516206610384587
-0.7728826514321724	 0.4852763729086032	-0.4088511330690492
 0.8568851989642883	-0.22330090971769226	-0.46463368314746956
 0.9343503636550855	 0.3341916623633479	 0.12371471514913424
-0.4200181376658092	 0.30842754051443105	-0.8534970511278668
 0.0643862937250082	 0.9243707224462269	-0.37602283529673786
 0.7843479711834778	 0.17908919273869556	-0.5939068286731217
-0.0784342167134896	 0.8988731003737473	-0.4311324890019639
-0.04782985598022107	-0.8504293743963949	-0.5239104733069075
 0.5416841810726861	 0.7152455365740397	 0.44159038756128677
 0.6952291103490864	-0.6768792351548911	 0.24184909580014402
-0.6241968700118427	-0.275926338174705	 0.7309192317684063
-0.8476623111645486	-0.24574353428415377	 0.4701900909086758
 0.42801288394095427	 0.6702223213522902	 0.6063060375270022
-0.5937642302292617	 0.7631154767087247	-0.25514468073598606
-0.11530259924805962	-0.530722264841667	 0.8396661171012993
-0.5160387455641183	 0.4015882890218805	-0.7565916066129004
 0.8695426479295552	 0.4630665497784144	 0.17165358693593546
-0.8956028589423876	 0.14012587879380423	-0.42220878383388216
-0.594957009454222	 0.6214797839468352	 0.5096950412223802
 0.2795070826454673	 0.8906940924932469	-0.3585245101086554
-0.42496218741795405	-0.06327898258122772	-0.902996627694939
 0.6476524924435023	-0.6957286469245862	-0.3106572047775549
 0.7618325089355678	-0.6390017174475656	 0.10624515719786731
-0.21247840952538402	-0.9368257706336287	-0.2778675960997805
 0.03285237467214465	 0.14767865655198265	 0.9884896235557572
-0.67112547484958	-0.34628519009993936	 0.6554976461631077
 0.6203949451310203	 0.4351780195705913	-0.6524800405671398
-0.5543183367897618	-0.4098202839751385	 0.724415982941548
-0.9593484543629095	-0.25924782693694964	 0.1115397119413799
 0.04145066605345321	 0.44794442590231426	-0.893100013205
 0.0020366555154096716	 0.940869803651008	 0.3387622538182571
-0.32203220468942595	 0.42362801136428924	 0.8466608335871013
 0.007436117986762389	-0.9927070011082175	 0.12032254194462588
 0.8603711029000117	 0.4739560601155301	-0.18742256634242715
-0.5778386266775309	-0.3580795569618214	 0.7334040853482142
-0.9319946169741522	-0.10650864436658507	-0.34647069516251383
-0.3334100372852858	 0.7653159839353754	-0.5505716953952977
-0.5021195973885331	 0.7123414679377145	 0.49035246810301625
 0.19098809303464342	 0.9573955027154515	 0.2166042467248006
 0.8208184746187588	 0.06377630573610124	-0.5676174896452622
-0.1696296240838594	 0.5568723888175418	 0.8130922046150812
 0.9960349071819709	-0.023697348179111847	-0.0857490487660395
 0.11957892802236028	 0.9928035092227593	 0.006486296940310776
-0.9382513169936931	-0.13315062010404527	 0.3193045231836036
 0.10525002573595452	-0.6445599769260076	 0.7572746319716022
 0.5473992994265312	-0.7408519409258245	 0.38922025719864783
-0.0672351752941731	 0.8995507442382249	-0.4316108081867478
 0.0386164523563649	 0.8562643454914701	 0.5150923608902318
-0.5383123978183519	-0.7912443687899274	-0.29008983300571867
-0.9102386506868977	-0.38045150354050233	 0.16346942298016165
 0.5987860195899076	-0.2448711648423079	-0.7625571554791457
-0.7809006350182722	 0.2095014582198686	-0.5884754346884904
-0.7308846141602473	 0.43566343789749273	-0.5253618273753469
 0.9884242692456671	 0.01179104974933013	-0.15125619032614157
 0.7797877581624609	-0.6236040304574243	-0.055218343122725555
-0.16647542547152755	-0.9846851247029618	-0.05177970551081157
-0.6494498813055278	-0.6547511831270766	-0.38667265207915746
 0.801856568663479	-0.13887867818251523	-0.5811529540813749
-0.2644718067246834	 0.9294383557642574	-0.25729167550081233
-0.12527905701797495	-0.15713858590813057	-0.9795981945121581
-0.2078445965980038	 0.7194585418970915	 0.6627065943208383
-0.36513822309311345	 0.3642814169255275	 0.8567223163424271
 0.6370367675457933	 0.37063497628580344	-0.6758800715721902
-0.6694761862702885	-0.03238664599870651	-0.7421271731839123
-0.46269845022383915	 0.6232874005964046	 0.6304149113228799
 0.36477952481901044	 0.93087029365409	 0.02040575078661
-0.40245706102195333	 0.4974444943897356	-0.7684902660638664
-0.24312513755249768	 0.9699846108684663	-0.0044746137742717185
 0.5628247471611694	-0.7761757903045073	-0.284217252340774
 0.8659161473452702	-0.45765892570423733	-0.20183541188296883
-0.8422844227152634	-0.5367884416515234	-0.049143872054860926
-0.022811150987012974	-0.969428094076572	-0.24431295873471925
-0.24271409494258625	-0.6709466309539448	 0.7006571818855154
-0.33435363792730105	 0.3454133774283027	-0.8768678597704174
-0.5517677252493708	-0.5937114856872588	 0.5857124287021429
-0.20391161061483964	-0.2823868778987208	-0.9373781020735843
 0.2879341748900494	-0.06287665006963836	 0.9555838203979841
 0.2814937366105145	-0.2801634274813201	 0.9177525429825675
-0.39973902148348867	-0.8637576152554892	 0.3068085670113745
-0.30281614638244814	 0.28481114053407597	 0.9094971114400323
 0.5090082766186258	 0.6958512699513361	 0.5066572652601058
-0.6137854711816931	 0.5774509007122584	 0.5383473345646548
-0.30151976911032696	-0.616278205117592	-0.7275211355917395
-0.5486775205455714	 0.459967867114894	 0.6981278820314651
 0.2654035938546297	-0.366779410157833	-0.8916466770270155
 0.6127484354110478	-0.01595482772839389	 0.7901169523390004
 0.19486017880032605	-0.9569258059114176	 0.2152266542477692
-0.3468027247583446	 0.9375144668646958	-0.028186779163168252
 0.24876162546268904	-0.9402837318339887	-0.23234491030687154
 0.7799064014370685	-0.6203832963049317	 0.08288890555019757
 0.7929139073493475	-0.46839130887216923	 0.38973980718552026
-0.3288784341165517	-0.5584284627658403	 0.7615750964586654
 0.30454502632263486	 0.6821384313055363	 0.6647852942703891
-0.2675276649634338	-0.5401326576914949	 0.7979258490450947
-0.9806788052689221	-0.17954583080573674	 0.07766836895800733
-0.9833189100508408	-0.12311878807184826	-0.13388683714296112
 0.058998425823640135	-0.9947056323740089	-0.08414208622179187
-0.5976137154952296	-0.5699832606458688	-0.5638944312861145
 0.881307461996285	 0.32346880120196914	 0.3444779994116136
-0.44308937538848087	 0.13802465402641156	 0.8857883496065724
 0.9210277209976692	 0.3696453120939249	 0.12276107037992401
-0.6000102137295947	 0.5082606271009767	 0.6177854630525779
-0.08279106214169148	-0.6489540411844044	-0.7563096538190432
-0.16378399575632666	-0.9293273291100645	 0.3309463976284459
 0.16560198759068206	-0.9738427551298096	 0.15558364305799377
 0.6665211036362804	 0.5571285164384725	-0.4953356786852139
-0.21772484532589154	-0.9621629086115258	 0.1638243846929548
-0.7087985114533653	-0.32727667617660255	 0.6248957092125764
 0.2255526141827445	 0.9676672415580553	 0.11289875043929598
 0.9428046529548527	-0.17116307445541623	-0.28604647928203786
-0.06007704176919965	-0.8560739072989325	 0.5133499920075979
 0.6160676879648845	-0.40071636470335126	-0.6781496876829867
 0.29301420671098133	 0.9513982656473059	-0.09478404290191733
-0.5558738476267042	-0.7770964175318109	 0.2951701600499428
-0.3876960744226204	-0.7313914743002731	-0.5610332122059827
 0.8710753319577882	-0.33394427498366724	 0.36015133938424015
 0.9075182930795275	 0.10407119586963756	 0.4069148976337489
-0.1966368814851195	 0.9673111080509853	-0.16013480908591426
-0.06857059608531967	-0.9713656828458618	-0.22747919364613645
-0.8333615819975226	 0.44420691269473084	-0.32892049550735214
 0.5673326124880343	 0.5397068568186866	 0.6219728414572421
 0.16819747676336574	-0.9407027099813884	 0.2945980655810707
-0.3321217045460823	 0.9381182714451943	-0.09812890578257538
-0.8661739842640842	-0.4984130109468434	-0.036429376922802126
 0.14830941324516506	-0.5690770116555849	 0.8087989074844402
-0.3874142031876134	-0.8031986993312045	-0.45252854557604194
-0.8905247241373587	 0.3871098305628203	-0.23898053222324545
 0.996932701816808	-0.07809414124903329	 0.005147149775865056
 0.9782712772364208	-0.2071118248370284	 0.009486840722712442
 0.6606193360895609	-0.6595701785947967	 0.3585376860150349
-0.48159778920577	-0.7966827480360729	-0.36518511526868935
 0.2772413438016482	-0.9354199888874406	 0.2193779425486455
 0.24555587587230904	-0.27754876523705674	 0.9287997603035696
 0.6129198644349482	-0.73276458224213	-0.29561005867960843
-0.12522364206500378	-0.19112078535791224	 0.9735460363393971
 0.09617104672938732	 0.37950201998910144	 0.9201789753059813
 0.377104010254031	 0.8392162689089334	-0.39180176039535164
-0.31199367785351495	 0.325051095298924	-0.892749533981624
-0.0531843234747594	-0.4050784273924474	 0.9127337483613684
 0.8103904252695611	 0.5858811185382428	 0.003267043280617221
 0.9555528272392356	-0.24777183986835874	-0.15977455906167237
-0.18194271877289292	-0.06540270702449087	-0.9811316593604533
-0.51947018525126	 0.4992962796717139	 0.6934363357518896
 0.7652290767480419	 0.26887329350301953	-0.5849201758703308
-0.5510800879995839	 0.3250004046735658	 0.7685606505490568
 0.5405784058401218	 0.14014080249325286	 0.8295393556763293
-0.27799859490833617	 0.6800863550178158	 0.6783799311208818
-0.7099535149272549	 0.6691765951526709	 0.21947366844866423
-0.34866831504277046	 0.7037056951920516	 0.619054683076953
-0.7869118515340634	-0.23009649643394822	 0.5725603376449109
-0.37045077311469476	-0.3947995027175887	-0.8407732020899985
 0.17820530796697448	-0.7930459099736307	 0.5825127062017548
-0.04467450861963962	-0.9989766556217022	 0.007059022770392609
 0.34491645839550816	-0.28465111766502293	 0.8944307563696325
 0.5560873401207231	 0.5175763644873308	 0.6502934545891854
 0.047030576734166225	-0.8622239808186375	-0.5043391039303946
 0.3004530111136427	 0.5678188687802845	 0.7663613510412848
-0.8759022728654255	-0.3199875881495214	 0.36111376575732157
 0.5556730522753683	-0.8202073835549406	-0.1359680364531839
 0.7183340592000813	-0.5369899398716503	-0.4423098279145239
-0.6233487319684171	 0.2373846005610433	 0.7450402068142634
 0.5115636003565323	 0.7936271177857305	-0.3293306555809472
-0.9932689726635078	 0.09681725834111485	 0.06358589805365522
-0.2811953567813124	-0.7189718247332005	 0.635616776497004
 0.7397904628339803	-0.4648413360503836	-0.4864489730678643
-0.5331671528780757	 0.0761935743399259	 0.8425718523195471
 0.1290252566526592	 0.08793832354966194	 0.9877344452822279
-0.6886236617505033	-0.014274280020720771	 0.7249784116835607
 0.20362501869391386	-0.8793921273238402	 0.4303560597490803
 0.8155194472234031	-0.5769006278976162	-0.0459749576592654
-0.008971578062949534	 0.9990115521004861	 0.04353653129083779
 0.09868566905021864	-0.5493192404427228	 0.8297647322003634
-0.09693752062559878	-0.10637798801179466	-0.9895892282970364
-0.8169921993895302	 0.2981549065577983	 0.4935862617943987
 4.4075839415226597E-4	-0.273093276333655	 0.9619874573784151
-0.18708295142767317	-0.5444163312783623	-0.8176862647265877
-0.7320151480541902	 0.680003667559637	 0.041819076085495954
-0.18312616740686088	-0.3900204229150473	 0.9024128082646223
-0.3459729541072796	 0.7111662451396741	 0.6120010513064655
 0.2979304743279862	-0.7228432443131437	 0.6234862280897229
-0.7868940525735769	 0.4732918629041088	 0.3959704061329472
-0.03977203893785325	 0.9268000882463258	 0.3734431433904344
 0.5381055261899939	 0.1351569364428588	-0.8319705795370236
-0.6771669209710095	 0.5035268117139801	-0.5365684588454642
-0.210763619322796	-0.04565596742423955	 0.9764702911038883
 0.47267375442820947	-0.7106023911142042	-0.5211753674316513
-0.48445247468767355	 0.5584642500151235	-0.6733672706807443
-0.7488291390470877	-0.15961380916223328	 0.6432560551123632
 0.7391141018393358	-0.6263340122858658	-0.24782261703912511
-0.41216217639591335	-0.5880845743939204	 0.6959014827606747
 0.6325742393732352	 0.10527278504971466	 0.7673118482137817
 0.46713388748870277	 0.7166291253116795	 0.5179079338209729
 0.502419227096267	 0.8033632159440794	 0.31965991852588616
 0.7852741294291067	-0.4708300121741885	 0.4020741738602618
 0.37300734369342564	 0.7450833776683926	 0.5529161617035931
-0.2899724859825408	-0.2657088931529768	-0.9194099963958
-0.26795791930878915	-0.2094715029376564	 0.9403830299068268
 0.81508294118195	-0.4104709762269352	 0.40884395148942665
-0.7466183709666596	 0.020424481254094826	 0.6649389811859376
-0.9421153741756697	 0.3313895060672676	-0.05098643947492554
-0.13093217335457988	-0.8548643129314565	-0.5020595307898008
-0.8405295152406277	-0.37116662092801506	-0.3946460103918885
 0.1811304204272317	 0.9116034907745278	 0.3690133417690338
-0.268394668651403	 0.23658406793022754	 0.9338052691225773
-0.4068007715569931	-0.8553955998017401	 0.32064232425002204
-0.48578342143431136	 0.39101979371601286	 0.7817403586753475
 0.021317448061535193	 0.9188290074457109	-0.3940797146320443
 0.7138945795615874	-0.48050628804815615	 0.5093802473778961
-0.1562054444245683	-0.7113809575322744	-0.6852276938307351
-0.28081495067667267	-0.9381333433363441	 0.20260501868668235
 0.29857077277013944	-0.9487672375331233	 0.10342254411494456
-0.14934477199482324	-0.9887560287440159	 0.007593069219816062
 0.19889699610882391	 0.913918731398716	 0.3538255747362651
 0.28247353865825	 0.959274646412924	 9.234214886795211E-4
-0.23407873728550238	 0.7682915558896298	-0.5957644080502933
 0.8589672420909625	 0.49091668345811035	-0.14552005675210333
 0.5355624541284458	 0.7595927459458187	 0.3690416210055545
 0.6585490566327169	 0.7516127777801354	-0.03730110301033562
-0.754148871043791	 0.4320637758566225	-0.4945506787942908
 0.042376088542468986	-0.7407852817197358	 0.6704039330935139
 0.39920381090006357	 0.07894191924386272	-0.9134574378420495
 0.9704661099703513	 0.08074564558508894	-0.22732283237295192
-0.9523742538850158	-0.011567431517774217	 0.3047121183429389
 0.5798879250847865	 0.5974167534083061	 0.5539162545800043
-0.6400807990308104	-0.7547668903902893	-0.1436088851104007
-0.4088625423098408	 0.5751203229554456	-0.7085675942488181
 0.1541433981255889	-0.8218261311766828	 0.5484903125210709
-0.27123497247859446	-0.8887033969711386	 0.36964558960779526
 0.49800362118885955	 0.6948067022010556	 0.5188796005426273
 0.35300900771076726	-0.0526390183868567	 0.9341379845709774
 0.758621104731476	 0.38950267061167554	-0.5222850649237134
 0.7544430490425419	-0.14795879797155811	-0.6394715629754026
-0.8935704052477441	 0.37510284122458326	-0.24663695864697077
 0.49823487219737167	-0.48108036264675424	 0.7213346635245919
 0.48490242203813955	-0.12120044411958407	 0.8661293745432963
-0.9840634603933581	 0.15011881085998025	-0.09530712745978143
-0.42274423565980745	-0.3005828215885918	 0.8549486993862532
-0.27738251597317354	-0.24877559163459526	-0.9279922655061568
-0.9205275282419443	-0.16664972468276604	-0.3533510138827036
-0.6575426204377574	 0.1549671697253766	 0.7373078587775623
 0.6658194386972243	 0.42150351313008605	-0.615645404004536
 0.06804820010753085	-0.41056904699718066	 0.9092868084988104
 0.08460359380604641	 0.980213156291396	-0.1789536256921347
-0.8839918755949521	-0.09517909321380114	 0.4577109394553702
 0.9071404833668656	-0.2116168046101408	-0.36375056212124646
 0.5192716915663849	 0.07932021600959803	-0.8509202158075551
-0.5276197348362832	-0.04525816353975273	 0.8482741974410746
 0.9319564489095062	 0.058173205116780216	-0.357872960060444
 0.7079627191765321	 0.3219218408863289	-0.6286136465401684
-0.42906293322941497	-0.8920504706769729	 0.14195406684403866
 0.892372352820985	 0.4011619460474852	 0.20673818458169269
-0.4399998243121902	 0.8125603810777352	 0.38229017997857007
-0.04572746485005469	 0.6508321517594133	 0.7578433276044587
 0.8431856540119884	-0.5194557239836506	 0.1385774284975616
 0.8248049980807235	 0.46209266102092234	 0.3258329138863363
 0.49171497129672437	 0.658024072118215	 0.5702812529933134
 0.9638011151414249	-0.26453232256147496	-0.0333175745272305
 0.9170362463551548	-0.19293066053726823	 0.3490304902089518
 0.007813453355071602	-0.8131135887301149	 0.5820526108257758
 0.023832724459148504	 0.6611284821600328	 0.7498940800683958
-0.8368551021749475	-0.405874974797688	 0.3673404998046559
 0.7428544362689642	 0.06484984535679338	 0.6663045730540347
 0.5068487902134443	-0.738288749330993	-0.44501014198605193
-0.7289428654865604	-0.6690078742293796	-0.145157717932354
-0.2657914304228529	-0.5826087341673057	 0.7680637853627414
-0.766790620874722	-0.14928792340127128	 0.6242958110263872
 0.07611711694789966	 0.6437206889649568	-0.7614655994239141
 0.649302338859995	-0.38798737518800946	 0.6541194611427328
 0.7482437492058123	-0.14802547270283045	 0.6466991195335996
-0.3681209771740399	 0.6542799075436831	 0.6606093768249581
-0.7430840061972763	-0.3015310253828149	-0.5974154337355158
-0.797132235001475	 0.5603872176483837	 0.22482519035431991
-0.034224287823904014	 0.5754028410884225	 0.8171537606780734
-0.4697417822111237	-0.4728114894441996	-0.7455145561923489
-0.5546824087738256	-0.2266994206954414	 0.8005840355972744
 0.6806410334867542	 0.08867535212717147	-0.7272306824242258
 0.10904914899412091	 0.8722009992406917	 0.4768371839812797
-0.1163004514245943	-0.9931621122024927	 0.010159915546819942
-0.7043128996510166	-0.5736333580096529	 0.4181962577113123
 0.08324895907771936	 0.7792438475826797	 0.6211671569046593
-0.8266105753598807	-0.5570021677060262	 0.08039615584090343
-0.32559010010007455	 0.5834499026594752	-0.7440277533825417
-0.8602465750427598	-0.22320124773606656	 0.45842887467552096
-0.24075716500823574	-0.9189822695624654	-0.31226203055609747
 0.5110114504796074	-0.8594440065012556	-0.01494313112428447
-0.48233889190465684	 0.4168084823401476	-0.7704673143005423
 0.5214151074450099	-0.4222980252960491	-0.741478700678021
 0.8553980975383625	 0.4417165611269059	 0.27051908316045026
 0.24343838174334392	-0.6845521163545016	-0.687114367691984
 0.7215740222995525	 0.5509543628226892	 0.4192615179444561
 0.5517205575454797	-0.01427436868254615	 0.8339068705679429
 0.015280368078792664	 0.8432583586237955	-0.537291216159802
-0.012183063248986789	-0.9996202055493199	-0.02471877075031692
-0.4535907849896544	-0.20468458279008378	-0.867386661956776
-0.6030905318706059	-0.7592566270602024	 0.24456325282673697
 0.857203872148092	 0.5147014821026191	 0.016849507283146936
-0.6233716863596127	-0.3583267995665497	-0.6949889534068627
 0.45959554492899807	-0.21665194004479002	 0.8612977835547042
 0.0698796157160351	 0.8749946939005665	 0.4790627568004353
-0.16763019693227516	 0.118809350078129	 0.9786646286703424
-0.6476282860316656	 0.06822014951448457	-0.7588963132944504
-0.1621033865562946	 0.8424496938804832	 0.5138102814732892
-0.1976727054283493	-0.2480520152064565	-0.9483647501255268
-0.9702049151842814	-0.225292422026095	-0.08913892039887572
 0.7038197618680749	 0.49252928705439136	 0.5119107775752132
-0.3615389273888622	-0.1820280411039015	-0.9144153302708717
 0.06331428478624787	 0.10510745269812004	-0.9924433105872186
 0.8179784573671679	 0.2301315113544155	 0.5272103287730248
 0.6277270279790983	-0.16077462259850733	 0.7616497220329277
-0.008970233881249937	 0.5470063924380979	 0.8370803674295397
-0.4916835324618818	 0.7344296330819032	-0.4678252002158356
 0.201371002074653	 0.9778423244135537	 0.057219822692390565
 0.8732369569390128	-0.4828409098840701	 0.06574095206350417
-0.8027513096107216	 0.39140200067515846	-0.4498831056905279
-0.9681178098264147	-0.20696525006014865	-0.14111446263387006
-0.5355499171623345	 0.10224096349359099	-0.8382917580480669
-0.6257676300472473	-0.7484152105085354	-0.2197488244894974
 0.0389564031838312	-0.3583676939901953	 0.9327673850189706
-0.6248214137675255	 0.39857054688163474	 0.6713715216301814
 0.3710524145757137	-0.8852648391966207	-0.28040376267039324
-0.55877874544821	 0.01098100504766745	-0.8292440721304359
-0.6395580841391085	 0.19680142285703625	 0.7431249268957132
 0.7502243085576722	-0.5868495409128572	-0.30458349131154705
 0.9109504946490014	-0.2763964649897293	 0.30622571812295774
-0.606009831459697	 0.21470542129057651	 0.7659331995955168
 0.3929253579997105	-0.5936755394594226	 0.7022528155076082
 0.3892640942727352	 0.6261221557231486	 0.6756067724813188
-0.0357947114756015	-0.9479234980484617	-0.3164803002999501
-0.5724295906298754	-0.8113021989692678	-0.11879859308486673
-0.10581556834209507	-0.633307282547299	 0.7666322138868122
-0.3835936925014645	-0.7283521308397831	-0.5677667237292436
 0.4782352135699983	 0.030431885718812973	-0.8777043812316623
 0.9569501023149605	-0.13353010415108496	 0.2577134318672336
-0.04913495314098478	 0.5549679987061197	 0.8304193379202809
-0.5444177368393079	 0.23130019461822837	-0.8062937106193597
 0.47913681772973055	-0.03493709743905046	 0.8770446448832359
-0.688018775409521	-0.6767390365255451	 0.2620199250562065
 0.7415711872939972	 0.350267825033199	-0.5721753445595883
 0.885745079547517	-0.4532268760989218	-0.10020505395924517
 0.612942034531908	-0.4722223560220523	 0.6334888387153064
-0.8061397372981292	 0.0036665347781574364	 0.5917138501603827
 0.836089265847408	-0.2384246157075795	-0.4940733165831115
-0.4466988576382718	 0.5917873827189292	 0.6710050851069183
-0.677431593434893	 0.692077286963803	 0.24922974358026306
 0.23482604890165792	 0.2748539899075782	 0.9323690315476598
-0.37821176642752824	 0.9114753155313374	-0.16176714410787407
 0.01618264835014226	 0.5090358360780973	-0.8605931904684396
 0.37461501035222244	-0.840144334445693	-0.39220032039457564
 0.17565601120070146	 0.8544631416188516	-0.48891482422186927
 0.132294993539299	 0.5087312132009292	-0.8507000572467052
-0.9853106353960711	 0.04838038982304436	-0.16377511916027054
 0.2224670425258133	-0.3590183212719175	 0.90642940154262
 0.9947493715283741	 0.10202408582873349	-0.00804821438059311
-0.6968105775305127	-0.49325328171091104	 0.5207266260937786
-0.4957388672106019	 0.8027127865498114	 0.33150438586267006
-0.4144482281378664	 0.4298578802101521	-0.802156386881397
-0.4379024082786321	 0.6117993035935231	 0.6587435714648413
-0.02479425167533374	 0.9885518348119455	 0.14883049073962074
 0.9414094584959564	-0.10296551184886768	 0.3211640310247257
 0.40609813777046344	 0.7690520707615789	-0.49360228418909213
 0.32819011222185696	-0.6660370471970739	-0.6698402063184978
-0.11024190167060334	 0.1894720803848931	-0.9756777407887656
-0.006228199713319595	-0.7656305003957182	-0.6432504538608061
-0.18023725448641065	-0.7282982635721237	-0.6611324915423762
-0.9742891465152199	 0.22032733833243603	-0.04707996353002564
-0.36176853973379264	-0.7098998636712874	 0.6042894233878058
 0.8097306299897262	-0.0014315794596125616	-0.5868000148574399
-0.1565502874795466	-0.9835796175405483	-0.08979500792839179
 0.7096106684125342	 0.17711043560575895	-0.6819711085336788
 0.19797926957421252	 0.9790882357351196	 0.04680208824349874
-0.0020463675248212983	 0.14147934453314165	 0.9899390927983529
 0.8703780245927998	-0.48304830142424726	-0.09542763120336284
-0.37279408981817963	-0.3822523385796694	 0.8455221559764172
 0.1600824375432013	 0.3537305737056141	-0.9215466859666548
 0.46071833769857423	 0.8855567478492565	-0.05939578812433499
-0.8583164861771624	-0.5048117681096476	 0.09196677842841017
-0.08463546872962634	 0.4616659036089176	 0.8830070389741398
 0.24076996379973414	-0.26091923898954394	-0.9348534512194904
-0.5700812500436184	 0.38324502682369044	 0.7267259578160217
 0.6680416375057198	 0.6402255382139573	-0.37925140840519656
 0.2969508752223146	-0.7897989609187207	-0.5366915119846878
 0.12046762009088664	 0.7558581241725788	-0.6435573390397689
-0.8014243805451527	 0.522714143934232	 0.2906697197833328
-0.05553566763634021	-0.7182022369862144	-0.6936146887200296
 0.969793344602907	 0.24162152877148094	-0.03346499063259789
-0.8412366796636052	-0.26048870248783823	 0.47377894071471305
 0.03568133119818122	-0.6526175365527986	-0.7568468759185587
 0.37348963551700837	-0.8894892542056144	-0.26327620252144346
 0.6549457289704648	 0.414463045434634	 0.6318753643499602
 0.9338596908726029	-0.28738688579136246	 0.2128728626163252
-0.6985729101291671	-0.5647726723309285	-0.43934919804393413
-0.29762485604752115	-0.804435825957414	 0.5141035372168774
-0.7666513623240386	 0.0911513930749473	-0.6355604709130298
-0.636907579857592	 0.049061414721670804	-0.7693774836226059
 0.14130991988743313	 0.8613291965327913	 0.4879995099808847
 0.7084291702910019	-0.4479865824907882	-0.5453770554295685
 0.514251735862589	 0.829590147323914	-0.21754387977003775
 0.5738197295064504	 0.09728742913265635	-0.8131826819121903
 0.23040425427058212	-0.48863595603426374	 0.8415157646084226
 0.3045191557973013	 0.181116214462302	-0.9351283337656626
 0.006604954663159664	-0.3117578951772979	 0.95013861587061
-0.055300236520678316	 0.13697256228437973	-0.9890300303944308
 0.7029094252448096	 0.5826699222886662	 0.40793884537039515
 0.9825898832846528	 0.14477077547554335	 0.1164411603981268
-0.8255356907602504	-0.5016828353438184	-0.2584669340600134
 0.13596717012217466	-0.7601045681129962	-0.6354163785918043
-0.16904171291279624	 0.915337693721048	-0.36548844817441317
-0.035157597924521874	-0.7687967044018942	 0.6385260923478102
-0.3831521125791411	 0.5794343421916035	-0.7193401849717036
 0.9430857378327936	 0.3057314180482379	-0.13083421232456383
-0.2701303760663423	 0.6668690910520583	-0.6944891614169788
-0.503684228135759	 0.1482579376516696	-0.8510709619359353
-0.5347473892819254	 0.5982880325257227	-0.5967383511998074
 0.23333017237409084	 0.9573684296525894	 0.17030185132408815
 0.6218199251644128	-0.6729832900665832	 0.40054147345771995
-0.06698253577028972	-0.8283319328721005	-0.5562189756617011
 0.8906568101228917	-0.18680457655421093	-0.4145292471709534
-0.0732550286062289	 0.9099931264051695	 0.408100735945484
 0.2994710152549275	 0.47071778761257344	 0.8299047387786789
-0.5560338311346483	 0.32190911001152545	 0.7662903519719617
-0.1359944889108145	 0.6854647886181543	-0.7152926132363981
-0.35225977057800056	 0.42137945999895227	-0.8356748199648747
-0.9683980941036936	 0.058900002829843416	 0.24235494837733018
 0.7660569582624897	-0.5544571630391025	-0.32516763530870074
-0.5070380046167173	 0.008892108914629705	-0.8618778290879445
-0.0050109644380195205	-0.8394065101854231	-0.543481003250095
-0.7396395135883244	 0.3037533584926752	 0.6005558151772801
 0.8911378744187528	-0.14274963885076922	 0.43069226761622037
-0.2628974002938435	-0.042322223581698126	 0.9638951116744183
-0.9846882039957179	 0.08787464589128884	-0.1505562603187527
 0.37969817047472343	-0.5814439102489557	 0.7195500528611976
-0.24954630501797462	 0.5816365416671142	-0.7742257907415611
-0.12753175750532172	 0.07090756064882255	-0.9892966029813492
-0.6202076871043697	 0.7421296206652805	 0.254137858234178
 0.803481168968369	 0.25815377814744217	-0.5364463048073167
 0.2380086550749029	 0.9686945841867703	 0.07058811993994407
 0.5891864893336947	 0.541907521128189	-0.599329224492964
-0.6193564247959575	-0.6174624280970958	 0.48491006274608073
 0.46968858019276916	 0.38099623963026363	 0.7963884121608622
-0.12358340859976998	 0.7385027056040565	 0.662827952740642
-0.2914965619475838	 0.5410022197327891	-0.7888893158212587
-0.8440652756174998	 0.5163821128081522	 0.14457981902237615
 0.5515982826248521	-0.7420795791405043	 0.38086379826384875
 0.2504645041881792	 0.21849665491165352	-0.9431472546395856
-0.40143960799407097	-0.3160580467449651	-0.8596240761061338
 0.4171903243606661	-0.03136842247792404	 0.9082776311960394
 0.9268108456107248	 0.36742809903906015	-0.07757737102323059
 0.09613363458583919	 0.8856035686998336	 0.4543838062777277
 0.9495903095060296	-0.2387833395352924	 0.20312744977628205
 0.23591483570059957	 0.5847959543327114	 0.7761171832220006
 0.5968787466163966	 0.8009159045762555	-0.04763901378531932
-0.40534244386445145	-0.9119728201791689	-0.06326988585770565
-0.7657876919288188	-0.23231496263110274	-0.5996657144009834
-0.27316974619054585	-0.8900086420831264	 0.3650519234075369
 0.8937345811589631	 0.3751717250829183	 0.24593632334187654
 0.31181789191597525	 0.7809809335354397	-0.5411454367683335
-0.038837362955641684	 0.9808832076411906	-0.19068243811683483
 0.9353424780735563	 0.2985322236568145	-0.18977080953017111
-0.4843095210482692	 0.7623154815833885	-0.4293243463400167
 0.10927366618686446	-0.9912229589688543	-0.07440639415474126
-0.053801626519057975	 0.27179942385336275	-0.9608488217076003
-0.620421925636601	 0.43308348697364196	-0.6538465626583374
-0.27932557565060334	-2.726710302910177E-4	 0.9601964113856958
 0.7879899351872749	 0.5199978557961193	-0.3296575374703159
 0.8429785647077846	-0.20650803669082438	 0.4967308830999986
-0.34684347533867327	-0.36960364982062377	-0.8620282742777436
 0.037794148663093025	 0.61045663348165	-0.791147458420415
 0.39988688439290276	 0.3586504363177029	-0.8434810870551033
-0.9098285267464545	 0.07123082030195278	 0.4088254176998867
 0.4311505630752477	 0.7914873917106362	 0.4331938373557396
 0.7939993607239965	 0.5676853852226443	-0.2174817660736248
-0.3969449131170514	-0.8905607121449293	 0.22211788296851043
-0.0970598831930974	 0.9942415681443169	 0.04542117621189434
-0.48317267813089115	-0.6336684245850692	 0.6041593256680713
-0.5205741982897993	-0.14839519605931487	 0.8408218419269626
 0.3888027394086466	 0.6131424174120882	 0.687669110690885
 0.4091781443165311	 0.06228098947307894	-0.9103264933879132
-0.2258151211420146	 0.47871115515197077	-0.8484357141213958
-0.38201157425286963	-0.7304447381763985	 0.5661427749316041
-0.41185702655229095	 0.8404802888510218	-0.35208901393313674
 0.7844540937371204	-0.1577956057770034	 0.5997768931999146
 0.2325165901453835	-0.9426785370025813	 0.23936000330430462
 0.8474355848136643	-0.19272164893092358	 0.4946830254060357
 0.6796742232216606	 0.03841394915853198	-0.7325075554546028
-0.8133994236985017	-0.28328396164176106	 0.5080665060831058
-0.9632209898871829	-0.20918382297090038	-0.16866372712600297
 0.15278800986522845	-0.9872372559830744	 0.044926878819171234
-0.2122713012396883	 0.7721132079945238	-0.5989842140744737
-0.1619997927795928	-0.41054137498393073	-0.8973359719556955
 0.19626172496340252	 0.9805515012059528	-2.9798849335627153E-4
-0.9882974033121856	-0.13972435224315524	-0.06119924833379686
 0.43739425414307703	 0.8879449817323342	-0.142267269106376
-0.8629144301640778	 0.25382611069191396	 0.43697939510418693
 0.47584779565723284	-0.7063757229352324	-0.5240250122044559
 1.5097147644773675E-4	-0.7033482351504683	 0.7108454384170548
 0.8450494177154786	 0.38714702999550027	-0.3687935178177537
-0.7638717805321956	-0.6355078299703488	 0.11238194229034848
 0.5182137001143959	 0.8551283448128374	 0.014493961204723682
-0.03777527315439057	-4.896206992496201E-4	-0.9992861397065818
-0.39888726962142607	-0.07094012860037477	 0.9142518494857563
-0.9186930480586276	-0.10997521645021205	 0.3793527846417859
 0.7480066403173908	-0.17982563706257004	 0.6388652489344919
-0.12060785021523625	-0.5531479026972573	 0.8243064625538761
 0.9044059323825648	 0.365902113890177	 0.21946651799744665
 0.030322261206216086	 0.9995372178723959	 0.0024311649990484963
 0.7421070723545171	 0.5766696756995614	 0.34165652092411447
-0.8080471408358003	-0.3399422807989165	-0.4811434961758485
 0.7665553361843656	-0.2872847547800668	-0.5743347336164086
 0.5022876354106849	-0.2273877859342636	 0.8342672989644604
-0.9157721100681552	 0.25828861471982906	 0.30764985604974737
 0.7647664206955526	-0.323377426638864	 0.5572785315414002
-0.5196332016553952	 0.8514733196831875	 0.07053028856495414
 0.046308487404447526	-0.8888224455305281	-0.4559058941442229
 0.5768484764593907	 0.27538069906237106	-0.7690327078807504
-0.992669375476422	-0.09639441348934928	-0.07290835370034521
 0.16507763909466025	 0.6847978006363753	 0.7097896486386064
 0.8053117005838549	 0.21090261035551086	-0.5540696290611598
-0.15400222972528524	 0.9668621414047699	-0.20361952941165362
 0.5096631092187238	 0.4541141708511395	-0.7307693445497594
 0.3294330709756408	-0.8820795761502211	-0.336763230009163
-0.3552735434735033	 0.925933402461152	-0.1281719295106969
-0.4430168795297319	-0.05000057724066822	 0.895117861919501
-7.715442933823643E-4	 0.849279715989282	-0.5279425809011506
-0.589604497602368	-0.8070541016600541	-0.032096937560183614
-0.21627019967887323	 0.1513932358839215	-0.9645243847925544
 0.5481573712121164	 0.5318625423253194	 0.6454810085951947
 0.32526009123261246	 0.2352889131629433	 0.915884818300835
-0.7535427666702279	 0.6420331688787975	-0.14130360525629881
 0.5031021675516938	-0.2356786288736416	 0.8314708611232433
-0.40491688588460245	 0.8895759322451097	-0.21141659418257608
-0.18065294645497054	 0.30001005859088814	-0.9366741576884832
 0.720003884604635	-0.354122546782115	 0.5968179186441911
-0.600643121808703	-0.6110733640451542	 0.5155746153355825
 0.39356165720692643	 0.7897854508632796	-0.4704765281937282
-0.8034970125071426	 0.07328479222635213	 0.5907807462336914
-0.6400612536188768	-0.7675831319182261	-0.033730212131544146
-0.6721498108638522	 0.205731441252115	 0.7112588880541426
-0.4879490249096152	 0.7787357595811245	 0.39430491480498286
 0.13990933010808682	-0.959724804912447	-0.2436261032493683
-0.6322621508724083	-0.7302634466324087	 0.2587660547420223
-0.9484745544044031	 0.05445487134559277	-0.31213888997384487
-0.3110761375766115	-0.46797323227357224	-0.8271835893596065
-0.36753908113156275	-0.473667250155198	-0.8003463999865179
-0.6918781956876573	 0.7188652687548809	 0.06735939214366882
 0.8886967972929523	-0.289353966090531	 0.35565753863643756
 0.6219533688065642	 0.6172738739353559	-0.4818163255712742
-0.8179754576350023	 0.5599901537908486	-0.13163274047177764
 0.8697877901178752	 0.3985528060205373	-0.29090352520211726
 0.23448079231039484	-0.30459750062248925	 0.9231679807337461
-0.054253104870630224	-0.9605382070983066	 0.27280570616515165
-0.38217510028767604	-0.5635310584383052	-0.7323762276968773
-0.11923275676750004	-0.7933211243604238	 0.5970135202465143
 0.09826349572967669	 0.7430304986473029	 0.66200450412888
 0.48352090911232926	 0.8705490620040105	 0.09138851730454967
-0.9611292537054031	 0.039605573088801894	-0.27324340111337064
-0.1520269015383967	-0.7711673302023184	-0.6182141781270172
 0.391805286487671	-0.5669897697656455	 0.7245765787419673
-0.3889421285723318	 0.7247694097661853	-0.5687119862362664
-0.3023502591170839	-0.36822954351975407	 0.8791992516438272
 0.14028817103733077	 0.9729875098991111	 0.1833426700125418
 0.5355011029218593	-0.7082870866691025	 0.45996518523391283
-0.24315381846531225	 0.8191278460540644	-0.5195245830416177
 0.3025526575363998	-0.08523485944926275	-0.9493139144415437
 0.6770694998130595	 0.06810598408147982	 0.732760852772026
 0.5499085176258469	-0.8170527620948913	 0.17327840660524485
 0.5882660773206253	 0.8032512745576279	 0.09343667478752926
 0.6519707033039178	 0.1039085249501785	 0.7510906872515948
-0.2446383927899551	 0.6208875629036608	 0.7447487435401958
 0.3141519347448379	 0.9220317193797433	-0.22619918292007513
-0.5077400615213926	-0.5095283232392493	-0.6946804428967692
 0.04529027635095773	-0.9983680532501485	-0.034785357804147266
 0.0860545452526261	-0.7472337733762937	-0.6589660865076363
-0.05076264487392169	-0.6676412537477565	-0.7427505033182595
-0.1344774378592612	-0.8523655617071946	-0.5053600379159271
 0.2837874514558173	 0.776813671992231	-0.5621611880965802
 0.2195522443006194	-0.4876766626820459	 0.8449664399831884
 0.8126036679679881	 0.23677967975616693	-0.5325510886849623
-0.5851506119599025	-0.7760850486288484	-0.23513987032766193
 0.7409135388214767	-0.17518456093318585	 0.6483498265610033
 0.33932613614176016	-0.5436638921174574	 0.7676505362069392
 0.9851037137436983	-0.15074885883458222	 0.08273726323999919
-0.3662261304931611	-0.698187939567274	 0.6151520319293522
 0.8614342716410902	 0.386262638931964	-0.3297456131740033
 0.9386435753625262	-0.15925730836999497	 0.3059172243620778
 0.2330256855360847	 0.9335353469966365	 0.27241656665538416
 0.6458936395102018	-0.5501069533848149	-0.5293427493391618
 0.764496472513786	-0.20580092655877855	 0.610893707727888
-0.9549477561437626	-0.2415281557554464	 0.17244979853095166
 0.8050586285194297	-0.5923614721442	-0.0314402761688124
 0.6380533254285088	-0.7566806433210519	 0.14255650785867502
 0.4945997794056015	 0.26830353537273266	 0.8266705940811148
-0.17499142992959676	 0.3463914682367735	-0.9216240829014655
-0.2527817538244427	-0.9469449619106529	 0.1984858283240163
-0.446701225093	-0.8692668708212301	-0.21173833567183786
-0.3350333362007917	 0.7188516321606144	 0.609101793277764
 0.006792961360591483	 0.7250743672169584	 0.6886370725432089
 0.5171978988186223	-0.6323197547291822	-0.5767825077417215
 0.7012128880069695	-0.44382791539517574	-0.5579581231677677
 0.7525094352154464	 0.38125054559466603	 0.5370079807558723
 0.4242837449102667	 0.650883783284916	-0.6295503192451213
 0.6970727591968615	-0.24793651014176768	-0.6727682032649844
-0.7272178772542954	 0.003652601404314393	 0.6863969824414569
 0.5843582100941948	-0.7889023465845194	 0.19015406871520724
 0.007941479644124014	-0.8955793767635049	-0.4448308811413102
-0.722408700245067	-0.6914495334726906	 0.00481793219457316
-0.8569450574202828	-0.22123734700295922	-0.46550961843343286
-0.7007514733878768	-0.5769225223011244	 0.4196519698588681
 0.7724787812910275	-0.6341367272627603	 0.033869508287017513
-0.1472646192384169	 0.03835234922519513	 0.9883532917077136
-0.4193443527839492	 0.056844327614040714	-0.9060458245620462
-0.1980643592384909	 0.9715886012853214	-0.1295611803430281
 0.03880928937759627	-0.11112929884995566	-0.9930478931024038
-0.33138236118765835	-0.11720741796059553	-0.9361880964147657
-0.05090266285393133	 0.3941824976805639	-0.9176214238108715
 0.15787850754131405	 0.26533337578572336	 0.9511427740096012
 0.8846055980338628	-0.41733648381552324	 0.20809419790961892
-0.380067104799723	-0.8682773108153536	 0.3188157890889567
-0.5482657428329344	 0.3383600905015239	 0.76479874763996
 0.23863652588947248	 0.21658391612153952	 0.9466488344623158
-0.3323688325577103	 0.19461716740782647	 0.9228516225777461
 0.749275328945056	 0.5502383418793223	 0.3685434147562161
 0.8974688067087964	-0.2179094201282458	 0.3834908416169296
 0.09758516328938462	-0.8779625984553807	 0.46867772682223774
-0.6274776143060555	-0.03661673271436821	-0.7777731407229909
-0.02158079472837326	 0.605972248314704	-0.7951929976875516
 0.7021301863837289	-0.28983713369941727	 0.6503903730050562
 0.5462997310743355	 0.8354156347775966	-0.06031020641030782
-0.6343458578332657	 0.737567518798613	 0.2315156320057803
 0.8927237813441823	 0.23183580247895452	-0.38638893735649815
-0.2260988919611299	-0.9000910474054996	 0.3724451603047354
-0.7085150359965318	-0.12479585577490529	-0.6945735656849046
 0.969036842643759	-0.028585296612043506	-0.24525594471208234
-0.46262498233386123	 0.6466294894914082	 0.6065050939940038
-0.14005712975601958	 0.6096297657760485	 0.7802150659173057
 0.3400379724962547	 0.6584782616006855	 0.6714019334645795
-0.8599019372786638	 0.5049180383022716	 0.07500955180099811
 0.9638269991815294	 0.18796967997283734	-0.18895744245633006
-0.7949892889791252	-0.4807447000372322	-0.36996832809657687
-0.8801464097567606	-0.4710642573249013	 0.058658016188952944
 0.3299468385099471	 0.5746212624226484	-0.7489629420265682
-0.6411202294883454	-0.22295342284382189	-0.7343409443732765
 0.5192050085499177	 0.554876198502045	 0.6500296635020584
 0.01030222577171606	 0.22591133405952787	 0.9740933904341991
 0.2489401106304254	-0.9301996278546777	-0.26973593319824984
 0.8307359729711412	-0.34644937453225255	-0.4357184573757489
-0.16694721497728435	-0.9010204613114602	 0.4003632796716152
 0.12325712044621406	-0.057952120771529066	 0.9906811969333977
 0.78557054046619	-0.1560710019545247	 0.5987660380320254
 0.19313620019217104	-0.9597265410664746	-0.20401807407166217
 0.4589228888110118	 0.10641073945899099	-0.8820807993903657
 0.012246606355709315	 0.2540501567236191	-0.967113508592178
-0.486901832097251	 0.824493325934231	 0.2883355014392963
-0.5982100738733813	 0.2037135747224657	-0.7750132173003232
 0.03966402200582484	 0.7868726735631748	 0.6158393954253518
-0.08006376762679027	-0.8956941799747046	-0.43740339398871275
 0.03204923972186765	 0.3424934411827452	-0.9389734229359485
-0.11999816307011163	-0.5233216903067971	-0.8436437929092087
 0.5882407599582641	 0.0289859815806075	 0.8081662088924113
 0.9307844019205218	 0.05838296669547831	 0.360876469642025
 0.3565543979046499	-0.21784722455316816	-0.9085216277499035
-0.9826028087947903	 0.17307483401350063	-0.06735593500047132
-0.3437710536452631	-0.13064274894054667	 0.9299214670201366
-0.426140859242373	 0.0997726823692418	-0.8991381317333942
 0.6770929759897786	-0.5684620751014611	 0.4673285472091835
-0.15203658451660884	 0.84851979113815	 0.5068520898796751
-0.6776781809957979	-0.7350009190732079	 0.022933206574015097
-0.5010913676320565	-0.7636588723656605	 0.407102650374378
-0.9692502876776358	-0.23531746356425345	-0.07196923772353414
 0.39037458848049894	-0.7478294275035114	 0.5369905288070278
-0.9664555264273086	 0.08523420973457499	-0.24227844503594698
-0.9078991977289126	 0.11420627516495982	-0.4033310965895669
 0.7210135106002888	 0.6051094221633452	-0.33761235869113215
-0.43291352628339136	-0.7123156456893561	-0.5524421233640995
-0.22529862349669752	 0.4965775282887027	-0.8382429770950521
-0.9340876434923341	-0.2939489839757432	-0.20266787879327697
-0.22977032260768063	-0.9731310033750394	-0.014887884975757215
-0.23457854928070804	-0.767374876628937	-0.5967484419217886
-0.08206126865382343	-0.7326901041928319	-0.6755968912042314
-0.892387827061331	-0.2696238066458097	-0.3618659544673677
 0.9727028293252731	-0.09271103769541837	 0.21272956849494928
-0.6368889919114307	 0.6818599802897963	-0.3597768464774247
 0.4808984780148654	 0.5896798882185121	 0.6488561344963837
-0.558914934073772	 0.24455055567687453	-0.7923440680584686
-0.8289813751081497	 0.01263924024605858	 0.5591333734716641
-0.883541155768762	 0.4575117867629735	 0.10018977510580407
 0.2042967957146332	 0.9384251745404233	-0.27860547562729177
-0.1543371792013161	-0.8661811204571991	 0.47530022268003647
 0.7140881736984925	 0.5935977422492363	 0.3711061850475692
 0.1631502424985999	-0.559354493326629	 0.8127143096857334
 0.12782389605894595	-0.7645608112996544	-0.6317498060317281
-0.005334831661150713	 0.4914352955590397	 0.8708977493655305
 0.24729482655492152	-0.8149501575557764	 0.5241197472515096
 0.9946648233820451	-0.0989898502258431	-0.029032717382811102
-0.0421622669567037	-0.9986726472376585	-0.029585248087498073
 0.27646446798482666	 0.5585415190003252	-0.7820478051210658
-0.3305766398112874	-0.8952555355012474	 0.29872497613265114
 0.6020411398591238	-0.7849508696212693	 0.1462825970440098
 0.7770692615357337	 0.16759462344567225	 0.6066921830454162
 0.8417995378568867	 0.4589377759207574	-0.2841648393043039
-0.6346257784551836	 0.6338375740616662	-0.44215387709232434
 0.5688433942560127	-0.5762463206520575	 0.5868197088938516
-0.419070471977581	-0.07693708897818934	-0.9046881362414618
-0.8625770853100047	 0.47783239020750007	 0.1662437330147648
-0.6940432209627541	-0.5581602825179584	-0.45470991462152965
 0.6708406081754249	 0.7401955387741593	 0.045644745608425685
-0.862209008222606	 0.0465094092725918	 0.5044130261887618
 0.018147153940277664	-0.5086760655285493	-0.8607667170390958
 0.8387956627382536	 0.5297169802423409	 0.12578456588321751
-0.1465492906992618	-0.3723306075328534	-0.9164568861052655
 0.901509792415981	 0.3828727674957793	 0.20171400072433676
-0.6218071351533364	 0.29407473246989513	-0.7258622034485334
 0.8738097142889002	-0.4370657724883153	-0.21314336427283598
 0.618489523829003	 0.3406332711832164	-0.7081240593828135
-0.15703705028309567	-0.9874979790161902	 0.013678679663049254
-0.5107807637421082	-0.7552721489759203	 0.4106908720343365
 0.36647362741505946	-0.5116229507427892	-0.7771351469869894
 0.7688514337425422	 0.15953198681038855	-0.6192067651571382
 0.409593195613771	-0.7166461670603277	 0.5644924138946776
 0.18972257141485882	 0.6387475143575866	 0.7456587415150033
-0.8886032715399681	 0.4225173994532298	-0.17850286543287064
-0.08642837715635661	-0.8113646737872943	 0.5781154744098762
-0.5098255591675942	-0.5805652498415497	-0.6348400506394258
 0.4891974648567669	 0.5061234543268438	 0.7102991548340569
 0.12860852115667448	-0.4703709422324299	 0.8730469775385912
 0.39234809511536967	 0.8748113048386104	 0.2841973841996239
-0.49283317835282675	 0.4840782397007727	 0.7230378386798662
 0.15654926400395325	 0.6259883074007528	 0.7639574379095744
-0.850827166975854	-0.4946578259412678	-0.17721954511537552
-0.8123319444732919	 0.11414831823130815	-0.5719151802786884
-0.7039395625103493	 0.7090102079304346	 0.042114337026481596
 0.4995786871411467	 0.33442417548157916	 0.7991130121627317
 0.3186356252355764	 0.8654070681723146	 0.38670653561600443
 0.7621545169912923	 0.37217722396653385	-0.5297212532930262
 0.25159095711890317	 0.8740341591406774	-0.41565163171969277
-0.029216538632404573	 0.7620902039168228	-0.6468113441834153
-0.9880790468529641	 0.038957180387587165	-0.14893668207123012
-0.48593315100701656	 0.7150386886169491	-0.5025819799130742
-0.4550982526498289	 0.4988021845896362	-0.737619116538935
-0.2486241814852601	 0.692164118873545	-0.6775653835053805
-0.6696387017593153	-0.4024908782385054	-0.624167527223978
 0.9169373805590018	 0.18377423153984454	 0.3541932692126375
 0.7905814765975846	 0.29983158574266955	 0.5339306594042144
-0.0364502469360836	 0.7783279256663413	-0.6267990265038934
-0.4220785946217088	 0.8242661883255943	-0.37740549909263255
-0.36469725173059514	 0.5622656325983335	-0.7421949022857453
 0.9171463434650807	-0.39727891150411254	-0.03181275126014338
 0.03970774386725486	-0.6648625157691936	 0.7459095992156364
-0.654424648430248	-0.5421808168558784	 0.5270373244471769
 0.25248869718578326	-0.4797719722852652	 0.840278711144661
 0.8945445742751796	 0.036491438938980915	-0.445486677150956
-0.8497204725843203	 0.39165526936023254	-0.35296071800335427
-0.2413052583235616	-0.8087110782145388	 0.5364309501496696
-0.1428314050251745	 0.3215654960210314	-0.9360527877781695
 0.73563789618196	 0.03935661423132438	-0.6762306874264332
 0.20204322270850875	-0.9764571583668862	-0.07556423778233845
 0.427791553718507	 0.2534360086646075	-0.8676200643595435
-0.2935890261029838	 0.031373390978065886	 0.9554167646061267
 0.8041887610896135	-0.4785112725957725	 0.3525725436501357
-0.4773010809603201	 0.4071205212788259	-0.7787403670465318
-0.2450008306636651	-0.1413257241989527	 0.9591671557417694
 0.5959024990939137	-0.6982472622946684	-0.3966748949349186
-0.6583442832386709	 0.2168534906398432	 0.7208032799067137
-0.07686658224737201	 0.9496029955894119	 0.30388431894591617
 0.2999288318841034	-0.8758756293798762	 0.3780007641037819
-0.7058584364334182	 0.6069493859977929	 0.36520721590991645
-0.07223119791534453	-0.8587197246780397	-0.5073293688488631
-0.6359565293216669	-0.7331477903958871	-0.2409431680931593
 0.8258635755060431	 0.513694670112281	-0.23252341935944676
 0.008853334395654552	-0.6846913691733192	 0.7287793544342789
-0.9273781215300486	 0.23432861743945352	 0.2916503364584251
-0.6197921421476248	-0.21183856495197828	 0.7556335903936147
-0.7656564572472367	-0.20582688862025345	-0.6094304565711466
 0.26359193690231614	 0.5771135870429168	 0.7729548489080995
 0.40912219517690845	 0.7358282917697065	 0.539607037060214
 0.3577475182805331	 0.006480607181957245	-0.9337958636097468
 0.25453109766058224	-0.4583696556440664	-0.8515346024140411
-0.7980937686817277	 0.5066631275234004	-0.32609632257908605
-0.29812065875316957	-0.21319981345136207	 0.9304138393042531
-0.9874103002737427	-0.15196172920957135	 0.043915051735757604
 0.10413599060400622	-0.2655583511008587	-0.9584542021513158
 0.9166986645837257	-0.34507093504047126	 0.20146862817994493
 0.5831980095028565	 0.7851479366120901	 0.20838137955605163
-0.6353794297612219	 0.1846181379844466	 0.7498060571664251
 0.3227841846363759	 0.8824604823099954	-0.3421605870199551
 0.8198793241906506	-0.45406119509203874	-0.34874965932065316
 0.4222176178215337	-0.38257358539921044	 0.8218088189815818
-0.25897372021980347	 0.9630433532412953	-0.07402777865961396
 0.2683574725547177	-0.8177086902050481	 0.5092511805456994
 0.6349660500906532	 0.7562784703574635	 0.1576736836192052
-0.2999722008336827	-0.8255323345093785	-0.478030379166944
 0.07398489597908645	-0.11897382674816873	-0.9901370933945766
 0.6905141678659219	 0.48581887262715334	 0.5358826429132737
 0.9056460069230629	 0.38991347485754263	-0.16665170946866392
-0.8528460252678933	-0.002646522697759095	-0.5221557747476957
 0.8475875569813731	 0.5180517620983904	-0.11496827839495616
 0.7964264170470418	 0.452446130526599	-0.40124488931464186
 0.5364442301817308	-0.49977935878615454	 0.6800354258684105
-0.16792000946446273	-0.13207964914510958	 0.9769123997079572
 0.8892902104932293	 0.1369682391447762	-0.43635149018479047
-0.14322211364315846	-0.9488868915907821	 0.2812491655645748
 0.8017008495965456	-0.5262343892316457	-0.28346625080628884
-0.7285466060562513	-0.6241126878675526	 0.2823175439937382
 0.27545802707842604	-0.823420020918531	 0.496087033159089
-0.9835443226939483	-0.009295014404047789	-0.180427736237339
 0.919536442960712	-0.286707417761282	 0.26879655255940116
-0.6973588037694922	 0.0030402007052213664	 0.7167157428052315
 0.9313956365313306	-0.21031830202122437	-0.2970999496555098
-0.06775633498343886	-0.8732343245799079	 0.4825669833764883
-0.4028305832448863	 0.2915641599879131	 0.8675931430187351
 0.02924109153159898	-0.83914462470672	 0.5431217703166193
-0.3752525019324383	-0.8240084158021453	 0.42449462950746986
 0.24476455188131785	-0.5775108855757108	-0.7788269969536854
 0.664330232322967	 0.6841638525273745	-0.30097369538983565
-0.22954617696390087	-0.6624555877060954	 0.7130646162573413
 0.46788578076896986	 0.7395949529674914	 0.48382042298690275
-0.9271394699277518	 0.3632101323535988	-0.09214555365164911
-0.3150293150859954	-0.06604666859355883	-0.9467810561075571
-0.532293357010039	 0.8449388508558665	 0.05236525945081216
-0.344312512543918	-0.9370998421896971	 0.05738274543570632
-0.9752432469388489	-0.22071040814993625	-0.013693978036350085
-0.10949682694905061	 0.6889584222334592	 0.7164821960953895
-0.973254927998454	 0.2252470005285087	-0.04515123342317495
 0.9717847283004079	 0.23053216889886613	 0.049893496017888506
-0.9302693999651213	 0.3355899462609486	-0.1482505698373764
-0.964093881401142	-0.09568967491295984	-0.24772257458684055
-0.010552049731282808	-0.5335602739349108	-0.8456962151535097
 0.6219408772146217	 0.15349729907087303	 0.7678724662516907
-0.9695885851821706	-0.11149998245478311	-0.2178663108353831
-0.02767405503261669	-0.7870372041625187	 0.6162845008128126
 0.7873407801535673	 0.5040538460920024	-0.3549988959800183
-0.04182258575887258	-0.40695802567448086	-0.9124889241298058
-0.2157124044215153	 0.9413576435558023	-0.2594493120009296
-0.998574212530005	 0.01611868074578695	 0.05088939183263763
-0.723952660934805	-0.1223397080794011	-0.6789149729918043
-0.2905895981638787	 0.5059966206661947	 0.8121115103933367
-0.018670597873362806	-0.9912302741016938	-0.1308203060664972
-0.9273290212883559	-0.22952824232167363	-0.2955971452045896
-0.36482872965546587	 0.7162762377506433	-0.5948515354706272
 0.242801888670499	-0.77339216795125	-0.5855867121184566
-0.9920796549902797	-0.12551363373999277	-0.004928072620244306
-0.4112946677251788	 0.9080133864976657	-0.07967676099011278
 0.2491403696967201	 0.5955672084128454	-0.7636941642115069
 0.4873643370881927	-0.15616690736513214	 0.8591204222800182
 0.15920478355111203	-0.19353779213064848	 0.9680893346750792
 0.1109206407601542	-0.7586761140976622	 0.6419557347286711
-0.504121231063147	-0.6955535238059971	-0.5119248772158251
-0.20646376461315255	 0.6826820493100949	 0.7009407488879027
 0.14529156657440148	-0.5085398288635514	-0.8486917008795278
 0.2801424521139423	-0.9521360415323931	-0.12229948870953122
 0.6792581096484175	 0.402593326183916	-0.6136179871785288
 0.9796635359065143	 0.1292753143516382	 0.1534511307043085
 0.7628728099526882	-0.6360943271291034	-0.11579759422830294
 0.645362587940099	-0.36261531610197706	 0.6723222907322954
 0.8505292910002055	-0.5259238728214949	-0.002001286368326527
 0.4508025829061625	-0.8317069603648679	 0.32409961944711485
-0.7375803902076085	 0.631581008149004	 0.23891546230137517
 0.9455635710599547	 0.3240963752726087	 0.02951393941008873
 0.8522341842901406	-0.49817992759925467	 0.15972994354384462
-0.8050746184557294	-0.5053179585994255	 0.3106583645023435
-0.11812929583216242	-0.9868798715154256	-0.1100617493223448
-0.4595143084053787	 0.8464758513542474	-0.2689335111971518
 0.2591327952269876	-0.9585251134791184	 0.11865833838248063
 0.7376740412640053	-0.19770671571710838	-0.6455610454523919
-0.1337214402678588	-0.8017564401232741	-0.582499087667564
-0.5970465619830017	 0.6256910077690977	-0.5020419958740192
-0.2542777363184172	 0.8540743770250115	 0.4537618222395092
-0.8939771050419882	 0.3688861337554865	-0.2544168940610574
 0.4673035285760089	-0.873728041257656	-0.13500637799923032
-0.776185201969399	-0.28714058460452097	-0.5613259453443222
-0.6375281224767879	-0.686735888186808	 0.34921585434727587
-0.9031599504591112	-0.2813504315487755	-0.3242592150641419
-0.6367666891221216	 0.760142742302408	-0.12927178713635268
 0.5413378697674313	 0.3378820029252389	-0.769927959522765
 0.927437626406554	-0.3092412885718844	-0.21030757135152744
 0.8832669288900423	 0.38573314614730114	-0.26655106882632773
-0.5114838848479346	-0.2988595996590537	-0.8056470537602027
 0.9456778522931387	-0.324225658976151	-0.02389815356292746
 0.5455382505357215	 0.3780616128661141	 0.7479688724001132
-0.645638873161318	-0.04217175981966468	-0.762477532873393
 0.9482139996320108	-0.3148741886426712	-0.04176668802388517
 0.5784590673176372	 0.09376686055283162	-0.8103041918317313
 0.3523049913132897	-0.03686945051353681	 0.9351587227388583
-0.21246829265312578	 0.3893974178346777	-0.8962292539304613
 0.8172026041129864	-0.02306019980439814	-0.5758889919211296
 0.9711860175622739	 0.17942279075838652	-0.1568603883968258
 0.29569391573536075	 0.9374190108315378	 0.1838768781786082
-0.8752409009971152	 0.20010952094001416	 0.44035161502022024
-0.4097941711362923	-0.6640794539846852	 0.6253536728109315
 0.3435675575802426	-0.11355393803519659	 0.9322375429765986
 0.15230433438625515	-0.9877259801180643	 0.03465224274082335
 0.026105727450991323	 0.8232518126697125	 0.5670757832338524
 0.9446222688785025	 0.04619673101414439	-0.3248917222436376
 0.384756987468802	 0.7755939663873567	-0.5004158869355171
 0.45081507477421934	 0.795907382175166	-0.40410049165447615
 0.25079289599907884	-0.7137376661909466	 0.6539735982260264
-0.2935732300727377	-0.22396441117357546	-0.9293302433001591
-0.7402375023688197	-0.36867109969137385	 0.5622544444814328
 0.6081274020730796	-0.25361633689078267	-0.7522365429237987
-0.8930733209593383	 0.31053026333554146	-0.3255625883657669
 0.4815270758778837	 0.3239122182727982	 0.8143786281884429
 0.9033770529303764	 0.4142934787710721	-0.11077370485178917
-0.612659877708079	-0.7463050192154677	 0.26014744384775756
-0.4389480273877852	-0.8888008345346179	-0.13174864622810678
-0.3775175154775014	-0.8657225624873949	-0.3286410964988298
-0.31462284776905847	-0.20796891802451015	-0.9261540869625327
 0.36384559400678335	-0.2572222523847141	 0.8952391281663159
 0.29856169767919755	-0.7500334571993922	-0.5901785541346305
-0.7376947817519867	-0.2772271189754909	-0.6155903942399017
-0.4731810234729988	 0.2434807322367442	 0.8466503717913931
-0.027151454103449792	-0.9975258505773341	 0.06484578606227487
-0.6187464809331414	 0.6242610808788343	 0.4769181221476526
-0.5436947208066443	 0.09717898255600385	-0.8336379885276133
-0.0038393303677011566	 0.377157750584406	-0.9261410749537236
-0.8526713907060931	-0.510113708494613	 0.11285168974016324
-0.08680435883313069	-0.8065519421138024	-0.5847554770671435
 0.9064148701252449	 0.3068994129194897	 0.2902151504754842
-0.9046402745231575	-0.17881943036987558	 0.3868456863309444
-0.609074980624478	 0.002075031206416756	 0.7931099307301506
-0.6828768440792122	-0.704264244900863	 0.19414193049063977
-0.42904053467229525	-0.034198526579303265	-0.9026376240706542
 0.4357432393529165	-0.14747955879797725	 0.8879063064845192
-0.08611006942112599	-0.13629798222982595	-0.9869183937815562
-0.4706821636820431	-0.2410166961102763	 0.8487456939435258
 0.3274824796574163	-0.5670565905470486	-0.7557791004219334
 0.9417077075070999	 0.3133886342680061	-0.12236894023140144
 0.7463639371673518	 0.3146404149020362	-0.5864659262108274
-0.1854155356616877	 0.4032768370761034	-0.896096463453117
-0.5930748794883428	-0.6250018825768864	 0.5075774168491298
-0.21884379452974148	 0.2192740233513065	-0.9508029744795474
 0.66856160840969	-0.3694584289376475	-0.6453881351927486
 0.08100462882750938	-0.9888658378579425	-0.12483030411733664
 0.15563900693012275	 0.9873262554425054	-0.031038119074548565
-0.7342024302678092	-0.6722666064985917	 0.09489152320260441
-0.5327761406776903	 0.7568473142964323	 0.37859176795971594
 0.8012937794525624	 0.5770814678994598	-0.15781399943488195
-0.3846747358285041	-0.9174394492969254	-0.10163761355435663
-0.343035008879245	-0.9237780573775425	 0.17017956220119457
 0.02491389146115016	 0.6939052864260504	 0.7196351516443891
 0.5854550764014554	 0.18307329044965348	 0.7897635873093307
 0.20387605308082474	-0.4987832672246381	-0.8424071505613542
-0.11590968346760198	-0.531054862346264	-0.8393721930447964
-0.9673307550376431	 0.24390458662033504	-0.06915029272437456
-0.8734666097088126	 0.4788612279612773	-0.08802275887070565
-0.4229796488971728	 0.7152184485331978	-0.5563728852995893
 0.022231306150595036	 0.595560600080436	-0.803002702771709
-0.3104222592188194	-0.5118540307792908	-0.8010265115191113
-0.8861822910793328	 0.40480737809560097	-0.2254150252683922
 0.5923880687445542	-0.7823882263575894	 0.19221092389904038
-0.4315458218451509	 0.6395627877280431	-0.6361820841563579
-0.8111812022319924	-0.04569762385887778	-0.5830066760502077
-0.48617147080687806	 0.09286612153721892	-0.8689149466110659
 0.16313535929235715	 0.8717125917142473	 0.46206494348238936
-0.07718436758732386	 0.29218062664507916	-0.9532434394284777
 0.9064625125005872	 0.07816232454201716	-0.4149895955964573
 0.029181373217575322	 0.9572688195805175	 0.2877235730976164
-0.6916669590803058	 0.3704159755723945	 0.6199909860291146
 0.9731290280602073	-0.18587315196018428	-0.13590830043445679
 0.03936936979366855	 0.7916806758725033	 0.6096652853591926
-0.6087828000736546	-0.09820234178128827	-0.7872355444231109
 0.24069420661993454	 0.463452859213241	-0.852805808016498
-0.25524185014503664	 0.7355003183770014	 0.6276072654151386
-0.3176957825708504	-0.9454218702524841	 0.07243532967406319
 0.31556057670552057	-0.2526045271558775	-0.9146652258010222
 0.07255927524893918	-0.9191642638159346	 0.38713332031621817
-0.05803030035859119	 0.958763527570466	 0.27821750922781296
 0.9562900910818848	 0.2900545525286301	 0.037116280201775265
 0.2117103812349519	 0.8518137327488594	 0.47915767673888543
 0.6010942941451233	-0.6639649146374946	-0.4447878614312679
-0.11333711012314915	 0.963725436726143	 0.2416360529307211
 0.8556053541517294	 0.22368777240830529	 0.4668010908533782
 0.022187667497279812	-0.9920947176273253	-0.12351428527497466
-0.6991853698216216	 0.6945873193732447	-0.16937613289153863
 0.789835571803236	 0.5948436540790155	 0.14940146155971767
 0.1758166586804031	-0.7124585675085022	-0.6793315038434415
 0.34210569824372733	 0.6183377683608108	 0.7075465323551124
-0.49639382192900644	 0.1731126110718681	 0.8506616233489048
-0.744409808663215	-0.22287658028458815	-0.6294283650477177
-0.03509000893559054	-0.43261987113054284	 0.9008933002170083
-0.02658735927901811	-0.9207754839541525	-0.38918584310784543
-0.38984087727921707	 0.8154785084647859	 0.42780707408155205
-0.6169488418287786	 0.35851503531594037	-0.7006005252770933
 0.8541694111842469	-0.0018659466920030994	 0.5199914761225413
-0.28860035033596537	-0.351529017103684	-0.8905824992217599
-0.6450840650291508	-0.740089418819222	-0.1900899818435804
 0.006919516101086995	-0.9877806311920297	-0.15569696509181608
 0.8352934172603433	-0.546639033334224	 0.05891242922306672
 0.8792165336319884	 0.2603413255450891	 0.39899960050302896
 0.012364292638487937	 0.7177133362189564	-0.6962289072431604
 0.09094724929488307	 0.9938328781730069	 0.06344137536380678
 0.7439963312373628	-0.4271641881138826	-0.5138095128531117
-0.8572213353778325	 0.263643288387	 0.44233900874955046
 0.35004343071243593	-0.8385187989425764	-0.41755936157026463
 0.35997954951271666	 0.7078179009572798	-0.6077898839377405
 0.03565864524080644	 0.9951635454366984	-0.09153129985666486
-0.9862981433501139	 0.15117464809051853	 0.06604693936001893
-0.5474191038711973	-0.6736281447922061	 0.4965455137856607
-0.769646240234103	-0.49112822489840124	 0.4079678070652817
 0.6485278137558709	-0.7278826195013548	 0.2227073573388998
 0.8533387916879468	-0.45493462883436797	 0.2546515071384632
-0.8913764147027302	-0.3483146468567315	-0.29004309006900475
 0.03316959624782366	 0.8158533817341043	 0.5773067099885314
 0.0345632569004076	-0.9976231323657694	-0.059610964101808994
 0.907816568248592	 0.24908233120429893	 0.3373826769340438
 0.322024080969735	-0.9465225520230789	-0.019888433505817815
-0.18256093464314413	-0.31555683782619187	 0.931179567668533
-0.6650353115031623	 0.035532940237404	-0.7459661149221037
 0.4910248829381194	 0.8305067560779024	 0.26296975576017423
 0.3783740419159622	 0.8331766221383415	 0.40329864954686
-0.992868892348377	-0.03739029767169062	 0.11319597275048832
-0.7650721470847962	-0.6384865218112297	-0.08366344016628902
 0.5850915661318252	 0.7352157545130413	-0.3422362540077064
 0.81067069584369	 0.18718376593207378	-0.5547749639915214
 0.00576238867755642	-0.665473357412801	 0.7463993605640771
-0.03566220061629524	 0.05655697974986156	-0.9977622539907876
-0.20702145821000023	 0.46177856128074646	 0.8624979282190126
-0.25369532141502515	-0.9642008395956156	 0.07717139894570457
-0.4680245652187996	-0.768580721727388	-0.43616130105817597
-0.8679932586580646	-0.4807820379386122	 0.12424304777229667
 0.836177353228958	-0.41636195535313697	-0.3570016191581302
-0.8771321101753791	-0.45211937978617533	-0.16194853417382582
-0.6443838541547091	 0.1401269360975286	-0.7517538761354288
-0.11408496925678314	 0.5479438315618262	-0.8286990872705386
 0.4976187806207736	 0.8363897045211415	-0.22984301456544642
 0.3158032517996984	-0.4065508685079791	-0.8573124853098455
 0.6306898161766399	 0.6485679319905362	 0.4261337740247719
-0.8801079328148996	-0.4531806451249182	 0.1415532743543828
-0.41253193148673156	 0.8959708045152729	 0.1644801597764336
-0.17053447178773093	-0.9235820791210994	-0.3433862796595504
 0.12622289682819277	-0.6356098432144162	 0.7616218927560083
-0.14456298158098818	 0.4881044828218608	-0.8607296661586719
-0.3854321560092839	-0.9009170984596055	-0.19947539902745004
-0.3258421183087917	 0.07704772116165445	-0.9422794503754368
-0.5832053925184004	-0.5526989091978397	 0.5953111672973863
 0.0928740140650953	-0.43891146129657577	-0.8937175989393635
 0.2773400573398881	 0.9584652930652459	 0.06653401073180665
-0.0294480154132258	-0.09598084691995244	-0.9949474817359714
-0.16050930970372898	 0.3403749663254517	-0.9264888794785289
 0.8217587271375201	 0.44315902400161916	 0.35822154293014696
 0.6324418519080685	 0.005592105887440785	 0.7745876530818423
 0.8037322419267963	-0.4699380000843908	-0.3649284304682343
-0.21379842810009222	 0.5789109911557927	-0.7868623109928112
 0.7032065891778758	-0.5095079030929501	 0.4958852585252391
-0.13464474950688618	 0.8455892344815596	 0.5165749103074186
 0.11022361748391785	-0.9073362535601212	 0.4056989981799839
-0.49864251597503667	 0.18150163311287326	 0.8475923539293198
 0.9582812611649617	 0.15833328692807516	-0.2379655326946366
 0.06629085804185328	 0.8249484672009776	 0.5613070003151863
 0.9115476874243544	 0.12557031519775136	-0.39155192438864206
 0.4205173300180294	-0.12280539867118401	 0.8989349304658927
 0.8892283312528012	-0.194750042949372	 0.4139388791459149
 0.9873362936563235	 0.15819271684887296	-0.011920887759165888
 0.7754916604215011	-0.020031513853334054	-0.6310399536237361
-0.2712727008534545	-0.27739642833900396	 0.921662814328774
 0.5518220175124252	 0.16229142062847274	-0.8180183101733778
 0.2665327606750131	-0.9303003283756026	 0.2519952112862507
 0.5855813284561663	-0.6011960621987462	-0.5437442437030782
-0.5611598033763303	-0.7436619292093888	 0.36340970008959395
-0.22710694103602844	 0.8946938216639087	 0.3846367153687853
-0.8813752469840986	 0.45595261031939954	-0.12363207976348511
-0.3872943685465648	 0.878732614559364	-0.2789839855650891
-0.6797027473784454	-0.5477062931029462	 0.48787497548206216
-0.1628442614821168	-0.9595005485873085	-0.22987049345881294
-0.8665298768719891	-0.17482520030202858	 0.46750627998730754
 0.38835327731159447	 0.7629559727834369	-0.5167977511516697
-0.9116853452856628	-0.06755580216200245	 0.40529747690506324
 0.9309920427708073	-0.11956238071677928	-0.34490383212538434
-0.08729083110317025	-0.9635737088447618	-0.25279639718253133
-0.11832717115307084	 0.7147176952783966	 0.6893310500933851
 0.28539032725328706	-0.4537123107558825	-0.8442141317099705
-0.46945206907338755	 0.7708699111349598	 0.4305511989874078
-0.6107974363630204	 0.7656491507501084	-0.20176191337316274
-0.9359873490445413	-0.3137182951453846	 0.15971384949228828
 0.9566273181154233	-0.017009519501987144	 0.2908175553188015
-0.9145587407205578	-0.4044160017919779	 0.005477888846854295
 0.623256131818035	 0.018388266495891956	-0.7818015514224159
 0.6639964076028879	 0.051273611620023446	 0.745975728453613
-0.24396220025099724	-0.9644289040343301	-0.10178081308298337
 0.13654002970980583	 0.6567468233601806	-0.7416471063067376
-0.11441916328249849	-0.9191402831055588	 0.37694746987659444
-0.4006339485205593	 0.872137457591631	-0.2808357070574037
 0.3757379402364321	 0.7902582945364668	-0.48405870324083433
 0.1609190043736472	 0.9846964213957118	 0.06691809711784114
-0.25902520506790555	-0.8094532310359541	-0.5269643345663759
 0.5820859926876606	-0.18740059302013615	-0.7912375843275659
 0.9183856645778161	 0.37703207982658554	-0.12006074245815013
 0.1573883540978575	-0.04497702690644214	 0.9865120237711371
-0.8131663211165001	-0.4074537127763155	-0.41562243219856754
 0.09765681026137991	 0.9951363287066537	 0.012916450666327739
-0.7898905082740674	-0.6113248754104119	-0.04852712275604154
 0.8253382467046395	 0.5450939280906023	 0.14727317503628767
 0.7981000338419965	 0.11475171405574633	-0.5914967287337034
-0.10749184685235087	-0.7925994188204639	 0.6001930224067367
-0.9798805706398673	 0.10595465239580702	 0.16913804692667944
 0.8038459705489741	-0.2020468412323875	-0.5594718309085742
 0.37797386543131567	 0.2629229521100696	 0.8876977403962656
-0.1717092572917583	-0.9102306372583464	-0.37682372265633357
 0.3812169031746253	 0.6774655744961534	-0.6290580800741257
 0.28615785867676863	 0.774114908787438	 0.5646767109688011
-0.5332568898556375	 0.6104421365634018	-0.5856598734157921
 0.35124929125991583	-0.540918796683215	 0.7642190725074778
 0.5853317469972273	-0.4591382597875359	-0.6682655193532334
 0.6499355637283418	-0.7599888007595569	 8.864091453979484E-4
 0.5764882813755922	 0.09334565215068318	 0.8117560290266896
 0.6054748670419039	 0.2147604568366307	-0.7663407411588596
-0.7588010213358314	-0.12765359252558442	-0.6386905121692441
-0.820719678531441	 0.295612811688133	 0.4889092705575182
-0.9044900786927462	 0.36885856293702884	-0.2141052500393661
-0.9640653949122646	-0.05831744516496756	-0.25918524248515795
 0.8629042955735726	-0.4970124822142787	-0.09151376510600828
-0.03206005937397169	 0.3745141600637163	-0.9266667666991768
-0.0035511739622279465	-0.29054149848354754	-0.9568558025232563
 0.9392406632059338	 0.22633417342489656	 0.2580694064017399
-0.7557239230394756	-0.22096724093095169	 0.6164858721667412
-0.15191771679426816	 0.9447137412341341	 0.2905803751932017
-0.5895880429831787	-0.2451679604520773	 0.7695963947024662
-0.10018825919929654	 0.9117401201784644	 0.3983619785767385
-0.6241106254507356	-0.09997188899698055	 0.7749138975459577
-0.4736239748764445	 0.7669165118692381	-0.4330350958577813
 0.49443433847025525	-0.5572661605641176	 0.6670750416794262
-0.6382952121370242	-0.7195257576495282	-0.27360903903530653
-0.1674696905970952	 0.7716045917952189	 0.6136613533960298
-0.46096956966552993	 0.7930983182262373	 0.3981232390467684
-0.5145753484405617	-0.39936676938288007	-0.7587610917080263
 0.17388883679338596	-0.9688824346435948	-0.17615192385478928
-0.9195792207887508	 0.0829989937640244	 0.38403804984364975
 0.14135473088818132	-0.7718666247751571	-0.6198715621915047
-0.49522119628592715	-0.7351557498644985	-0.46292762953868105
 0.7822735732359364	 0.4516788998005454	 0.4289921072603189
 0.7373258583837353	 0.06451949794196382	 0.6724491155054073
 0.2783875938869134	-0.8992568400494628	-0.3373981078697832
 0.15623629922473786	 0.09722146409942445	-0.9829232959508705
-0.6006611657230041	 0.6461282019947258	 0.47087632195656703
 0.8720045119742961	 0.47741875851868093	-0.10807155088621312
-0.8334886725885609	-0.5422998862648177	-0.10586532021263828
 0.9190255501413994	-0.3253828391950029	-0.22252650661145323
 0.7269327052521781	-0.08475507077994984	-0.681458303942241
 0.10777953968264742	-0.790305402026893	-0.6031591351815107
 0.17796214940421926	-0.9567012210260789	 0.23033073409043814
 0.9450949431224002	-0.25667855001844164	-0.2022663354216352
 0.24491189341090402	-0.967331091194448	 0.06548835373136641
-0.4174408509696993	-0.36096660945416326	-0.8339341957258131
 0.06398337318485045	 0.8485605083331221	-0.5252153764441039
 0.7218277666738956	-0.5510154665900261	 0.41874411140594225
 0.3062589593122039	-0.46569364406085306	-0.8302619344052389
 0.8204723487831075	-0.27712817302156156	-0.500025099970054
-0.4695324575166978	 0.8795779732253747	-0.07669328754899318
-0.9666053245344111	-0.02470843445141665	-0.2550757531571475
-0.24558264700470334	-0.6375709257378537	-0.7302003000163308
 0.17740079941748577	 0.7147411302491969	 0.6765161292209798
-0.13593232837169253	-0.13331529646053314	 0.9817074074453602
 0.3446542960308968	 0.9240065819715286	 0.1656057145775458
-0.6100269224954458	-0.6172571788867138	 0.4968508115556929
-0.13050450426680263	 0.07914991506946906	-0.988283292032488
-0.47819253001586876	-0.09997657096329854	-0.8725460386108248
 0.6899589640552797	-0.21562378770161525	 0.6909869825814188
-0.503567701974712	 0.8577401773488561	 0.10344736675943267
-0.7606179922391376	 0.5904275799249044	 0.2699176591965109
-0.8829532261400636	 0.3726618277598404	 0.28551140534057295
 0.40839635641482286	 0.5834160360319128	-0.7020243193564641
-0.04554733992758848	-0.6829171591076564	 0.7290744774176701
-0.45522066023564234	-0.8806967595975016	-0.13094795962169958
 0.1096088935931968	 0.5742363024200722	-0.8113190244461168
 0.05446508496375448	 0.1849841428535343	 0.9812310744226531
 0.9901208046904122	 0.06759164948122011	 0.12285015685630385
 0.9326939359993691	-0.31607494146426807	-0.1737200423910965
-0.3028944085811378	 0.5289671827579586	 0.7927475618476485
 0.09195817641168492	 0.9509748426344798	-0.29528044714705337
 0.9305969861998229	 0.08388192001338458	-0.35630474705043547
-0.4137922239345165	-0.19476957321842797	 0.8892923078266439
 5.474086311810302E-4	-0.7301843512211131	-0.6832499641972862
-0.0015813399822600049	 0.3149866290815866	 0.9490947912952001
-0.25981774557647014	-0.7215899032939048	-0.6417185913995744
-0.5521363246318801	-0.23956199721766488	 0.7985959732625019
-0.20134139523816857	 0.04045900116646044	 0.9786851954475249
-0.9755458265735466	 0.21398290293918573	 0.05021610801978493
 0.5699988479508346	 0.8196611030518115	 0.05707004011396166
 0.9919412590024421	 0.012373512452538213	 0.126092961255722
-0.06629665810623725	 0.040942339525847124	 0.9969596170146988
-0.11574935648380276	-0.9929856351799022	 0.024116691314348238
-0.11366845375085398	 0.06716755706939868	-0.9912456819069726
 0.21393067731321277	-0.9062024475607149	-0.3647338609716402
 0.7272795882867881	-0.682543813448125	-0.07209953664962798
-0.056463754749495706	 0.3726181899928258	-0.9262653663427447
 0.3702359877694718	 0.514539048221631	 0.7734176628546452
 0.2998933585874723	 0.8698404152299256	-0.39171625637412144
 0.3563969642763542	-0.2133972494267331	 0.9096388392058157
 0.44550894179345557	 0.7603013996938782	 0.47271932941821304
 0.2559553879444515	-0.36601050774082466	 0.8947195916070627
-0.19129872701135545	-0.9778152551234076	 0.08533536132096753
 0.22968760384032427	 0.9661671560303418	-0.11732276526885776
 0.10492778357077402	 0.9942446962115568	 0.021625084742351808
 0.23979172275036476	 0.5622715225469378	 0.791423189345094
 0.8413398579028863	 0.046667345414734815	-0.5384880707832747
-0.7565421637067787	 0.1215704196699805	-0.6425453973028914
-0.3315322954160972	 0.5425886819797658	 0.7718055838639639
-0.5016148616347199	-0.5489892243536494	 0.6685756218489867
 0.7665097678125904	 0.1900848940205217	-0.613457829775687
-0.17306044258544603	 0.5755838431937694	 0.7992204468520683
 0.12623646900598035	 0.6030133430628379	-0.7876796696507296
-0.970304233539397	 0.07063190143015075	-0.23134569128446025
 0.0076168354463667055	-0.9108361233655782	 0.412697880040773
 0.5999875814988743	 0.02940748054498427	-0.7994686373680508
-0.5076832117609579	 0.7708186726393252	-0.3848328603519029
 0.8421933151472101	-0.4935765088531066	-0.21700840958297318
 0.1502590882879809	-0.7326432586343922	-0.6638192991804652
 0.9057260434585254	 0.41456031868736143	-0.08831804102672858
-0.9387030678467588	 0.2194561290952384	-0.265848749889138
-0.42623394221971805	-0.8675720100100447	-0.2562097460030919
 0.8556624767189656	 0.4046089314473655	-0.322696976323279
 0.8022602889573146	-0.5164767519630805	 0.2993830213017976
 0.26118058650694465	-0.8554020103695029	-0.44729420059699065
-0.4802041394613086	-0.395450698091509	-0.7829576807357868
-0.5792863169903016	 0.3066960929043445	-0.755225045628799
-0.40171981466502726	 0.5951502068017698	-0.6960010214427179
 0.6574298016486428	 0.20874018491934826	-0.7240259602418011
 0.4223843146418116	 0.20324383551044792	-0.883336535003262
-0.36766961114088703	 0.520587149667058	-0.7705894345532107
 0.8163879171941408	-0.3415752058021903	 0.46565775784432484
-0.19917976727313633	-0.6452696040157541	-0.7375327507591587
 0.7195027271217652	-0.6933457269330254	-0.03984380263048637
-0.13130596262907632	-0.9649001471043732	-0.22743449671501148
 0.8079418469305	-0.327987404852669	 0.4895449256570268
-0.06284751304148187	 0.41116956787496667	-0.9093897825234314
-0.9795215028114619	 0.16603454501833234	-0.11388659003820689
 0.5212787081993815	 0.656374461243635	-0.5453815866025475
-0.3442008258519297	-0.9355407627636529	-0.07930493484299728
-0.8272397040128193	 0.13849209739123894	-0.5445130035774706
-0.3687621627567343	 0.5543579712558712	-0.7461244581328577
 0.6440903696687588	-0.40520920503478003	 0.6488089825634686
-0.03676380922711007	-0.038222260565852366	 0.9985927503884398
-0.4027865222548863	 0.10799184870709491	-0.9089008626371953
 0.464316456647611	-0.23345660986235553	-0.8543466740134142
 0.28605084771764994	 0.5051369576635782	-0.8142552219804293
 0.28019177744744467	 0.9235276764762298	 0.26189539635751125
-0.563635448444389	-0.5816127197097128	-0.586550701584069
-0.9066940826992017	-0.10476505794711756	-0.40857082988337545
-0.6514263124421842	-0.22001734230842848	-0.726110272989932
-0.9796239181327324	 0.19909681033563664	-0.026409072994883598
-0.6135325918463045	-0.7856307441450543	 0.07976272686188812
 0.9199244179726046	-0.35658579132073853	-0.1630510308030204
-0.14028988898665512	 0.4563841551082671	-0.8786536576002089
 0.30168650436484845	 0.17663324277500891	 0.9369023164828354
-0.3716576399862214	-0.39351731029922105	-0.8408416766161979
 0.8203778597649848	-0.22688927436109457	-0.5248822957457402
 0.26884301576302677	-0.5426752400460779	-0.7957556262549279
 0.9319723874230588	-0.28206068812321644	-0.22774818834937305
-0.21828475850644977	-0.9696563608054178	 0.11008317833971848
-0.28793144686493616	-0.9273765144651929	-0.23888968651797082
 0.6918988923390802	 0.6182096900156352	-0.37295133992348917
 0.45051020827392463	-0.8637977159436037	 0.22559711472356736
-0.7883264218323197	 0.5577043425730324	 0.25982170601440013
-0.24587530843420444	-0.26801468777050336	 0.931511384708563
-0.8734438791992207	 0.0824019075002484	-0.4799017769603875
-0.804109927955684	-0.13711347063596677	 0.5784523488873259
-0.8630011236223373	 0.5048592175990424	-0.018607284376451982
-0.08156744507749676	-0.9849774180566025	-0.1522045919874906
-0.9967338049964604	 0.008480764143841808	-0.0803106382543104
-0.5217992350487952	-0.8091815193003766	-0.2700941079054233
 0.9635088807009251	-0.04903444361242456	 0.26314684142142086
 0.6086078309121193	 0.1192414246936775	 0.7844603181738814
 0.4638195076516871	 0.8826625477991177	 0.07601507110117556
 0.1884170824898187	-0.07717299527276082	-0.979052262050732
 0.1367425366013764	-0.4803060169184448	 0.8663761358646485
-0.6695353654194902	-0.29398153716343584	 0.6821270044937475
-0.1355010049006571	-0.9208060132606227	-0.36572635072413107
-0.7723753255801752	-0.09122812381940924	-0.6285807711498252
 0.7836904018377687	-0.5754911750782045	-0.2337504256134395
-0.72118038498702	 0.09703897771210197	 0.6859171153387003
-0.913672801675671	 0.1772999045753789	-0.36574137763683723
 0.9247146980804418	-0.3238232986783531	-0.2001029694608938
-0.3579575930746473	-0.09768174162964705	-0.9286143650151035
 0.4151592631657188	-0.8624835949448484	 0.2894215518214014
-0.6212743454861334	-0.7502171075830738	-0.22625755043857265
-0.7344784391655016	-0.670743032219316	-0.10317561305970724
-0.4313803579534143	-0.18677482196128536	-0.8826245819448462
 0.17987322345522835	 0.38651589890618393	 0.9045723206999925
-0.06285551228513635	 0.9908987502862157	-0.11903298390189598
 0.5149343764843095	-0.5235221871842026	-0.6787982818485798
 0.01087224177587773	-0.36848938083109595	 0.9295683786432725
-0.527505450720523	 0.830752595329817	 0.1777304836343816
-0.43855023619300526	 0.8977455418712469	 0.04155276627807791
 0.7831149404109949	 0.6122765795159851	-0.10885026541671516
-0.9604942367292941	-0.12315519756466888	-0.2495668618278839
-0.4876071527941413	 0.03644783002982764	 0.8723020235159997
 0.6692211895131612	-0.6681521431982955	 0.3251395285813674
-0.9405211835323003	-0.027049313425754937	 0.3386565191609283
-0.4692722332575456	-0.3101207325426323	 0.8268063269839538
-0.10850201242526124	-0.7621908582477779	 0.6381946481311045
 0.40409072176131133	-0.8003278284834323	-0.44292895089553164
-0.464243013993243	 0.8337767956029749	 0.2988221529145798
-0.1822904276664999	-0.49824140432229963	-0.8476589544151039
 0.6539460762756802	-0.5573587382049454	-0.5115718583642317
-0.3908066721665103	-0.04089386831501372	-0.9195639382470215
 0.4003840415709445	-0.6891893962399022	 0.6039127382046146
-0.501081844558124	 0.5830238068172326	-0.6395312547003236
 0.7577297079806677	-0.5778487797635303	 0.30321028572482667
-0.8748827488894486	 0.48212420386414545	-0.0462215073748784
 0.25736779879592814	 0.7962696898788373	-0.547463603468942
-0.6572619988381204	 0.5945298032380493	 0.46318568408905425
 0.22937055120263092	 0.9562118513420548	 0.18179121429266454
-0.833091671345544	 0.15900361572114988	 0.5297887478252905
 0.4503356231515094	 0.7227415924251366	 0.5242541531542879
-0.7757858885637864	-0.00489328780992131	 0.6309772664999158
 0.24112518982290088	 0.12501403631484742	 0.9624085065901797
 0.7915619061958067	-0.5949039071214042	-0.13971073670748702
 0.6084438844982879	 0.6911202590140504	-0.390062593691046
-0.6933418075350235	 0.6593241750204974	-0.29080710128469534
-0.8533422274066659	-0.44637418256767186	-0.26936431103929315
-0.39220380723843473	-0.29043132253810766	 0.8728263403887639
 0.5465051473697015	 0.12426139607952878	 0.8281855041853772
 0.9258783807314394	-0.1769616450486578	-0.3338170161567573
 0.22279970154749473	-0.7384416796417544	 0.6364465246650435
-0.7424460353803235	 0.6270273553072554	-0.2358189564993205
 0.7042332090139066	 0.7099662201364452	-0.0018850960569714026
 0.05769443044786852	-0.9416936077621377	-0.331488313210625
-0.9676834318430112	-0.1951591977566344	-0.1596924020344086
-0.5296933541797771	-0.6404414771564028	 0.5561111983007554
-0.6242032910680427	-0.17605515687785386	-0.7611667577847436
-0.18837852355478027	-0.08330761287733737	 0.9785567809279136
-0.5502472556429138	 0.8299856280929597	-0.09138826410747258
 0.129328140253505	 0.9572777204248645	 0.2586379672761614
-0.5728095068309178	 0.5194416359902602	-0.6340896274848553
 0.4037103215920527	-0.6632336927057634	-0.6301896897759585
 0.8276338897807574	-0.29292733147817207	 0.47876478876317763
-0.025151551787863557	-0.8097843314567156	 0.5861883110143553
-0.5088938728756516	 0.1651378428975075	-0.8448411205621909
-0.4357482837331253	-0.5053549864461507	-0.7448085464719418
 0.3408101487362188	 0.7870244837466839	 0.5142381787670594
-0.4586411356229388	 0.581541026421305	 0.6719064989292454
 0.2500566796315318	 0.15364302712826097	-0.955963114971764
 0.10080552714531073	-0.9694345196410734	 0.22368495216539985
 0.7831962910398828	 0.6210455284400563	-0.030100187806431755
 0.6073249646850394	-0.7455046532993324	-0.27455272568189515
-0.3131253450667404	-0.6838507787432179	-0.6590148941330001
-0.15834995516491882	-0.5509416115876703	-0.8193830803235131
 0.41528292982469284	-0.4099897515726729	-0.8120643396933505
-0.013958791042063512	-0.3906416696647382	-0.9204369821308733
-0.059883322947432684	-0.8713529113246583	-0.4869888002396108
-0.3999029040366532	 0.8914359241114497	-0.21311888829152892
-0.5136518747136453	-0.15061834062682738	 0.8446750067747824
-0.503377274655339	 0.7499305753693167	-0.42920327525172586
-0.4854016581887152	-0.7882737928158493	-0.3781661774767293
-0.7924039909381628	-0.05432892820437523	-0.6075724505813573
 0.87699909412307	-0.4211187650978032	-0.2313689144846729
-0.48370862355354954	 0.5259211054231032	 0.6995948530188538
-0.6968899657413504	-0.4927447408972894	-0.5211017136481921
-0.310627251024701	 0.937083589600761	 0.15932688731595146
 0.7706852475780506	 0.4510885349898106	 0.4500704197859544
-0.7156184571193154	 0.4717094930439274	 0.5151508303423489
 0.9109571813976534	-0.04135450508429464	-0.4104227315455078
 0.8641222141611731	-0.26106245359042146	-0.43027804303559436
 0.4424439623276187	 0.6985156578363096	 0.5624226310856848
 0.23695772418824904	 0.9138623451204853	-0.3297069170011644
-0.11060831416033726	-0.8826307401156387	 0.45686844653743375
 0.519974520529009	 0.8540673669423618	 0.013979653957388427
-0.5709354319999709	-0.4538316382913696	-0.6841561054121921
 0.3153649370029357	-0.8566561357514174	-0.4082710148768627
 0.7233918706300142	-0.0856979577738897	-0.6850985779723919
-0.8962099019184605	 0.2780967832442863	-0.34564431262858064
 0.9970946929112252	 0.06671822451407564	-0.03675393701304608
 0.1643308075117604	-0.5919530847878839	-0.7890417803339953
 0.5993854375359858	 0.7885742226112994	-0.13743286616664774
 0.07950852010155891	 0.6673192513547712	-0.7405156392693999
 0.912001062650414	 0.30059112070849964	 0.27910399473265124
-0.3329390442204904	 0.5010168629784046	-0.7988327082968154
-0.3590254398605745	-0.04119126306427885	-0.9324183682125156
 0.22225700221940392	 0.9531916645825703	 0.20500603780072613
-0.38131012350372184	 0.6383690938235411	-0.668646012299847
 0.03716828199849411	-0.5496286727728212	-0.8345818359389732
-0.8911748378537394	-0.23391729618550705	-0.3887031089683013
 0.5233224154319516	 0.5336347645500219	-0.6643550162150584
 0.5563335041669617	 0.5379758396695924	-0.6333048460837056
-0.590928205770795	-0.7571062947288657	-0.27855684178716045
 0.09370142739145158	-0.279957100255613	-0.9554287333554885
 0.3920475155645662	-0.25447036253492167	 0.8840495348853461
 0.47781688774571934	 0.8688458031051276	 0.12960706852483295
 0.9895412689218529	-0.1252023709382748	-0.07164107349812565
 0.4467515629468256	 0.4469974413272873	-0.7749879537460094
 0.4977682900267968	-0.855655051626094	 0.14170801695932744
 0.07323709128524254	 0.8221057926165062	-0.5646046353037346
-0.006144791917340605	-0.03443328404739383	-0.9993881080351137
-0.8314759629373429	 0.5453736344654544	 0.10590241681547785
-0.061740157586263666	 0.9950981409072703	 0.07725181489206401
 0.9242997300379094	-0.21169321394733326	 0.3175783245445074
-0.37274799722122326	-0.8948590514435791	-0.24553250012384242
 0.8261958488219515	 0.34275201356769674	 0.4471257950338632
 0.7290860896903313	-0.33388075919621496	 0.5974588793035227
 0.41887254621070524	 0.7997391522532347	-0.43007334070392944
 0.4262853778144725	-0.8640876833380751	-0.26764389058039595
 0.20284298368596673	 0.8307326768404694	 0.5183994054769383
 0.7368938654810389	 0.19829892939132937	 0.646270040786872
 0.022968928549713406	-0.07999450950815436	-0.9965306351386434
 0.4469067728770305	 0.7729329411081224	 0.4503876162891094
 0.9309442053328075	-0.004791817040741946	 0.3651300111559106
-0.9811640042061096	 0.10387818499977675	-0.1628696396858096
 0.6351266864554977	-0.13097533671704767	-0.7612224072660472
 0.8814142590919702	 0.3761803045239763	-0.2856523802764499
-0.5382698808712347	-0.7902761103779194	-0.29279549981653274
 0.5789457421900981	-0.04772622753235431	 0.8139680797214879
 0.8983009426079064	 0.26048601438601654	 0.35383958628032963
-0.8704655788346307	 0.20062532828472904	 0.4494876569103272
 0.36073667249539854	 0.9317649013242691	 0.0410270858960593
 0.852821025021534	 0.520952351847508	 0.03612404165885086
-0.9763668203645788	-0.05925291707738637	 0.2078386968516277
-0.589026351527901	 0.8080445872834449	-0.010578382090708605
 0.6244097066904433	-0.7809507095090464	 0.01511646480072848
 0.4554064991671345	 0.3526612958137619	-0.8174563786229165
 0.898583607208558	 0.36809917881487725	-0.23885245531890376
-0.6328919374189649	-0.7258437513344891	 0.2694413557692015
-0.10653332388353816	-0.93051213099621	-0.3504252059587283
-0.840498115122806	-0.5261216804809724	-0.12945615397843357
-0.4371228088217957	 0.4332937300706499	-0.7881498547162251
 0.8752294363832386	 0.4657894123500446	-0.13043640991256433
 0.735089286911526	 0.4224565379247949	-0.5302586291919262
 0.3959096086430491	-0.24692390864938663	 0.884468295147665
-0.13557191901970844	 0.6688893152414785	-0.7308948889745361
 0.7450465948013422	 0.16064156328363355	-0.6473792240416085
-0.3411779364943565	 0.3417937573516597	-0.8756566924799283
 0.877618951724667	-0.27807860223526437	-0.3904577653890089
-0.6710445832225038	 0.6344309361623548	 0.3836620316996382
 0.6975690045459204	 0.6990399679754656	-0.1572914717003866
 0.7916881520599077	 0.2477032239398795	 0.5584558914880908
 0.9070496631953486	 0.39921074355636355	-0.13375982478449977
-0.32670271368630033	 0.5826635771035152	-0.7441562287496781
 0.5021791717180334	 0.49267052801009265	-0.7106981288302694
-0.6976697835465786	 0.19834679767801686	-0.6884151516177908
 0.11918710274881592	-0.5285730513327463	 0.8404790086273024
-0.5080336879545715	 0.7396957602177865	 0.4413070974039599
-0.5400618749190109	-0.5493080818268199	-0.6376470830315952
-0.8761355773990762	-0.48193504032571066	 0.011183332322837858
 0.8412068117766881	-0.4465170636530504	 0.30494853940813904
-0.631857155510153	-0.45825627247777695	-0.6251061699946592
-0.482810829918164	 0.7664116009073165	 0.42368261766140214
-0.6590104018966231	 0.407906379964445	 0.6319158768193383
 0.9487335705763572	 0.2644586190243281	-0.17310762803869073
-0.7266610451166842	-0.5806815167434303	-0.36711401719694337
 0.8380257604498379	 0.16533235974832278	 0.5199788799966032
 0.5836386654160305	 0.5568718523628624	 0.5909819356607688
-0.9835863074654378	 0.0877724409071495	 0.15765143317999386
 0.2128761303735743	-0.9455981466404072	-0.24602418211915622
-0.5316386204087432	 0.08481919323932186	 0.8427135229412892
-0.7725156235459713	 0.5837925834786483	 0.24981159070928727
-0.5877396171375705	 0.6354874626370085	-0.5007173127405911
-0.13609640275402687	-0.8167337890245568	-0.5607349525604803
 0.7590605496032037	-0.25194791029367086	 0.6002910398587795
-0.8593244180804205	-0.4999936197923882	-0.10755428702590741
-0.2064199249165179	 0.9658773658338106	-0.15643442321752077
 0.7108368692225475	-0.4404239182441131	-0.5483955849497602
 0.5223516507074071	 0.4099177316213636	 0.7477407346839162
-0.6603611774517133	 0.007244546430600839	 0.7509131986199216
-0.30085651124556967	-0.24638911044067702	-0.9212913577676696
 0.8868133578109374	-0.4608316762276846	 0.0345866244850892
-0.16214302306139475	 0.839090323143737	 0.5192658949700539
 0.49829517359623454	 0.16018108316759683	-0.852082120787635
-0.21057389209457142	-0.2651549177503201	-0.9409311906621891
-0.24079554000118075	 0.5055826657935287	-0.8284948255509197
-0.5789218108633221	-0.19775659314842445	-0.7910384736364349
 0.7085165770799183	 0.21277617082798012	-0.6728525552680455
 0.9399010329099722	-0.07460911621566214	 0.333195930515793
 0.10590319692209894	-0.8568382721716551	 0.5045916053835733
 0.6752539650362301	 0.7231895510010921	 0.14501364082626433
 0.11801413567037136	-0.2595814575585258	-0.9584832448581282
 0.5103502029494396	-0.4617039911466181	 0.7255150549152991
 0.4276885689882947	 0.4812667542332714	-0.7651567154684829
 0.6630098790784426	-0.6846861421072175	 0.3026925619349181
-0.8707885125389473	-0.14542357878657228	 0.469658758209738
-0.7739174674627358	 0.3419336648600077	-0.5330413890041457
-0.5465036191354743	-0.15623110748668625	 0.822754905986778
 0.8651590835972751	 0.0543142784528024	-0.49854760978794643
-0.28854802568322724	 0.8347183736821646	-0.4690258772303657
 0.31112546086657417	-0.19504809057694955	-0.9301382638956683
-0.35382249589328146	-0.9158659230223786	-0.18973468962268192
-0.7271989140693793	 0.5790964542794833	-0.3685499098049623
-0.4812565938442121	-0.2806268048463631	-0.8304460772880973
-0.8221634957678944	-0.4429363724202323	-0.3575675547556305
 0.5240346856638981	-0.619725194684679	 0.584233113828869
 0.22265279410574532	-0.4687761854112467	 0.8547950755989326
-0.12127773299219424	 0.7256550968914571	 0.6772860487532015
-0.05237279438500094	-0.5429818183463846	 0.8381096797875325
-0.8805366033831289	 0.2514952993099344	 0.40175291477164055
-0.15303106529845018	 0.9618334123439336	 0.2268435142393228
-0.627289278446242	-0.6833560020651666	-0.3735408084639551
 0.4141349812344621	-0.2836852319513515	-0.8648785501390583
 0.8646240847624683	-0.006657991178828372	-0.5023752215248345
 0.5157950208760603	 0.5173713962232679	 0.6828486910066174
 0.8271044117835206	-0.218533562608528	-0.5178236900933184
-0.5652277786709702	 0.5185787008035138	 0.641555679026864
 0.7341523524056781	-0.5444441282426953	-0.4057103827599937
-0.41275568837982785	-0.36323445943781923	 0.8352804733662877
-0.8403916351647548	-0.2786023315195141	 0.4648899229032615
-0.9269354064167058	-0.35508822243967897	 0.12125636732034173
-0.7364757351768003	 0.23443257454845123	 0.6345430320209784
 0.24178702601842686	 0.8146637645284912	 0.5271261564496981
-0.9328077257591106	 0.24244471750289046	-0.26662765370279873
-0.10583889128858401	-0.8188657517282149	-0.564142721070997
 0.5927782673094696	-0.8033219051216341	 0.05733971186996878
-0.8011476631249689	-0.4326291316146319	-0.41351475952832795
 0.8395864275043875	-0.042419519863310835	-0.5415673689255902
-0.19534250583543653	 0.3856384761240965	-0.9017340357037751
 0.20540218525991166	 0.8005262466161116	-0.5629988195095734
-0.7607495503752785	 0.5891954802604626	-0.2722293291408082
 0.9155848443829954	 0.3761027001639715	-0.1423065411902622
-0.015494561301603763	-0.49791107271590823	-0.8670896621670474
 0.48930820871982716	-0.8502915190337528	-0.19386028355149865
 0.8898277291019239	 0.4540891581307778	 0.044829108728533074
 0.09174219849254195	-0.6413548069341494	 0.7617397066178282
-0.052574625791418576	 0.9966942479518585	-0.0619393640794903
-0.07842912090039658	 0.8521481808305926	-0.5173899408588287
 0.05272353507351086	 0.27946408556265034	-0.9587074912245048
 0.6185364328757503	-0.7548958231256442	-0.21804810806975272
-0.6157093003408256	-0.7081701241641617	 0.34553890188389325
 0.4083206161284268	-0.560105506160931	 0.7208023976185909
-0.740839178097381	 0.19261104985052596	 0.6434736169195092
 0.6562736433120839	-0.668610766994424	-0.3496634772935423
-0.8113163176992573	 0.11527924741046927	 0.5731287183097649
 0.4445445131993389	-0.8957246177190015	 0.0075884778784187645
 0.28677893099999996	-0.9475460422733768	 0.14111818630692952
 0.09164045131547377	 0.9758410119093329	-0.1983339284098038
-0.8188723301888284	 0.5091407845621782	 0.26499767611533476
 0.3647843023396696	 0.6394680322234899	-0.6767666130438013
 0.14451115768800418	-0.8531054530093193	 0.5013258534620342
-0.9538102212362084	-0.191138281100844	-0.2317589682475094
-0.7059455300226777	-0.6341414270488376	 0.315445017620289
 0.06554963439385957	-0.9800585329699794	 0.1875860266212901
 0.978611794264548	 0.20571351141625824	 9.525476968461621E-4
-0.30552599387559726	-0.83502599771527	 0.4575865494154592
-0.5633408953094581	 0.7580203105704156	-0.32871301226855754
-0.551549799920303	-0.19151013952264118	 0.811860015438556
 0.7617985376439971	 0.1782542961030027	 0.6228068673066238
 0.899714891578027	-0.4206145634140093	-0.11660404331232166
-0.5466553158005669	 0.21907382183758062	 0.8081921963818126
 0.12484940371790144	-0.5531373799616964	-0.8236817742796028
 0.4184771707875064	 0.3476734248108237	-0.8390471066692244
-0.8803384017381807	-0.22039850574681022	 0.42003428085055017
 0.768589054917196	-0.6351788766306865	 0.07628013728140925
-0.7633030292898603	 0.016608030639774573	-0.6458271121555605
 0.8431521625034378	 0.13835982142795053	-0.5195680808904666
 0.5271941423638519	-0.03343953909741198	-0.8490866466281255
 0.6969031848325195	 0.6020426963170977	-0.389705713047076
 0.21199263510256844	-0.3760708936514707	 0.9020143045486881
-6.458694719788577E-4	-0.48100837704777577	 0.8767157601312354
 0.6210815388016648	-0.48079180510669917	-0.6189482711034888
-0.8217398116769689	 0.5698627630050009	-3.365195474218652E-4
 0.7452392672323317	-0.5593813448715859	-0.36292002643099397
 0.5625405200326697	 0.8265326811337661	-0.01979622032615569
 0.010256804307070311	-0.9932116309178859	-0.11586826215508506
-0.5055376865076763	-0.6330543661164318	-0.5862369973495265
 0.3631935003533689	 0.6939795381920036	 0.6216774741551128
 0.08434424004708069	-0.9849172223103021	 0.1510765182529683
-0.258522191344321	-0.14950539939121507	 0.9543659738985897
-0.6708326629827605	 0.4033760128503016	-0.6223112810583231
-0.09455443855487844	-0.7316665607407358	 0.6750729605334485
 0.31208230608748155	-0.4967888597069913	 0.8098181666881441
 0.36038874132069065	-0.4188332461717644	 0.833485852927637
 0.9662361963679728	-0.23477888908886985	-0.10614370479000934
 0.056845735752532975	-0.9707759943561867	 0.23315773868458733
-0.7299263335142293	 0.5863535113785379	-0.3512792441015167
-0.43779776360993294	 0.6842893661305633	 0.5831647979591816
-0.1397065773351321	-0.4230696599939255	-0.8952620482528717
 0.21955941846927604	 0.42901762411332567	 0.8762063341254676
 0.48341593821926276	-0.2772738466108045	-0.8303181586965553
-0.5397400395277206	-0.8414046802939802	-0.026811447368602526
 0.21513250515041468	 0.5485748646675965	-0.8079502602775961
-0.11327430351616571	 0.7471227413449737	-0.6549630077554756
 0.7726196520825052	-0.38291907140176995	-0.5063910129264884
 0.6356937132765161	-0.5473706252517937	-0.5443150755878208
 0.2831779510144362	-0.6472784414780216	 0.7077011143534033
-0.08829301419869592	-0.7681845182152286	-0.6341111019515004
-0.7996253947240309	-0.5897220690796041	-0.11325682916675861
-0.5335567813020357	 0.820724772739066	-0.20427434625772323
-0.9582038767438221	-0.28431112064950076	 0.03182007649480312
-0.38685285431915656	 0.21935054409837604	-0.8956730474391132
 0.7468711173572149	 0.6630265769752081	-0.050786733327944145
-0.4473532431195406	 0.688034832418135	-0.5713870362983202
-0.5233952582433024	-0.09449431454724715	-0.8468342388960621
 0.23820785314968343	-0.7874507138713799	 0.5684878115855019
-0.9733414366070589	 0.21144618751155064	-0.08886482752212554
 0.03691637818085586	-0.9927759054720632	 0.1141629648184257
-0.7386917655233854	 0.41291982648637526	-0.5327585686241054
 0.8335589273166986	-0.5075888552858525	-0.21802079873313152
 0.6235933271152436	-0.7815315552484375	-0.01843340794045223
-0.9958752942438291	 0.08058169310057961	-0.0417011876546749
-0.5527757402552433	-0.8057596665758006	-0.2125801982897808
 0.06387310380533855	 0.2953387522941802	-0.9532550802401156
 0.5840489741705311	-0.10898499181097478	-0.8043687384093889
-0.07392196001759958	 0.7749099783699961	-0.6277340752657676
 0.5291009712382576	 0.42300828082392894	-0.7356059791689546
-0.061696121708120416	-0.4637948474076634	-0.8837917900072838
-0.3105467994975953	-0.637463745360643	 0.7051245696134703
-0.7206142991052855	 0.6921939486883449	 0.03978151988342238
 0.3529801008442605	-0.8413716658163467	 0.40926613391459754
-0.35178501291503156	 0.845843429069563	-0.4009940126588103
 0.28554958130935065	 0.029396772392325812	 0.9579129743285495
 0.14165325832695536	 0.8312368466046004	-0.5375682833391466
-0.2415521401102541	-0.9667092358583361	-0.08441455392494879
 0.8901651372504565	 0.19110015123158483	 0.413626353878886
-0.7022548580905505	 0.02629342192714319	 0.7114399273667327
 0.3163133642427509	-0.9361326949413311	 0.1536275791103714
-0.7173343641047277	-0.458790540805333	-0.5243497399084087
 0.6901309892968991	-0.6123115246285761	-0.38573801267066243
 0.9171905412782894	 0.229593248120967	 0.32565081207775726
-0.3046531759051399	-0.08607438928023821	-0.9485660978134027
-0.2732426024589711	-0.6450510428764981	-0.7136158856733719
-0.5332427560107325	 0.6044958585490146	-0.5918081785166274
 0.5118569987389673	 0.8119349856092418	 0.28064923300386413
 0.5431021404469986	 0.3123260672647995	-0.7794180474872214
-0.640368376296095	-0.5257761652072974	-0.5598997827645689
-0.3288501214749284	-0.650098457264559	 0.6850033528882653
 0.6042171310908064	 0.7086157708161278	 0.3643972390771648
 0.618135529806764	-0.6682284909428043	 0.41397965008296445
-0.41321684695303185	-0.1655082204275589	 0.8954657259577818
-0.4721453289124487	-0.07905513144814488	 0.8779687207286329
-0.278989292556876	 0.8045807464683916	-0.5242278102609395
-0.06463735912739313	-0.8976376307209399	-0.43596868662638344
 0.9713352264940739	 0.07963223208952774	 0.223978984246616
 0.37280217617709516	-0.7953887871262595	 0.47788619435116564
-0.07165041551555056	-0.8697338159666969	 0.4882922355725685
 0.31382525252993265	-0.549831820250991	 0.7740792467919586
-0.20150053099771414	 0.5244224969468437	 0.827271769555614
-0.28484225905894894	-0.9583719510720541	 0.019700021638034748
 0.438396240396347	-0.18192900177118693	-0.8801764452204386
-0.4701008564525861	 0.06412654095325498	 0.880280052885396
 0.6146464707569115	-0.7681192629878064	-0.17945058877903475
 0.05041668303751275	-0.9891776837105706	-0.13778849052255926
-0.21662938975993026	 0.9427450427108669	 0.2535813319949358
 0.47568564446486816	-0.24164670862263465	-0.8457718580455906
 0.7217000805294778	-0.6341556391937813	 0.27748084446042776
-0.3212628974169056	 0.8493471564181885	-0.41880730488809803
-0.649175687305071	 0.6782728992097581	-0.34426269215466543
 0.9181415916925058	 0.3317887342473879	 0.21663853173170367
 0.21481406688950486	-0.12862254107577475	-0.9681483143576721
 0.6666867787620279	 0.6839476945727473	 0.29621662700215645
-0.8839965923701266	 0.0476968190283485	-0.4650538013311807
-0.9219340942106696	 0.28005133764261203	-0.2675981580963065
-0.6058074102408108	 0.3133832423296064	 0.7312922296348465
 0.9478317230445245	 0.199675759185396	-0.248484639332462
 0.3616525596494389	-0.2805392718614907	 0.8891035614833818
-0.28023816671575735	 0.07069167634275855	 0.957324008270785
-0.556875631880805	 0.5021614211848971	-0.6616067092245348
 0.6402663120230233	 0.606670598072831	 0.4711791964023775
-0.8535304802483049	-0.5141210834192655	 0.08464768674275014
 0.5805736797033783	 0.4040781357525621	 0.7068628315609848
-0.5343036335537651	-0.3385779815655885	 0.7745221607999451
-0.583907983875084	-0.7890334880472326	-0.19099115452541882
 0.013567193603137361	-0.9222809065963745	-0.3862820997477161
 0.9662178556486339	-0.18165285568945247	-0.18282586098695797
 0.4302251331138719	 0.043943906026933405	 0.9016514115556229
 0.28185905613609386	-0.5492829078203814	-0.7866662314161301
 0.5687412014113457	 0.6327431238022813	-0.525518396536325
-0.8611166756780584	-0.38570915379043313	-0.3312197451110628
-0.7293934121737574	-0.5040740227877814	-0.462487437481351
 0.8496730786081761	 0.014565553608198578	 0.5271086265055722
 0.8098237935915257	-0.5742813491391451	 0.11994313387582234
-0.5240581831686483	-0.12009539761903389	 0.8431726490610933
 0.5634648424249412	 0.7695061495056768	-0.30061213751940086
 0.9210379470984067	 0.15706229366488178	-0.3563994050408601
 0.5990933132511107	-0.6813427740285526	 0.42054634262692514
 0.5500225225464029	-0.6815515966449516	 0.48266204097940935
-0.7113352345774764	 0.6647937119794161	-0.22814798829101202
 0.03131714276497063	-0.9406320384744683	 0.3379801839818497
 0.7544152312271196	 0.2959697077898221	 0.5858835984761299
 0.8080168559160096	 0.12283434540305016	-0.5762121867376728
 0.36574412683281743	 0.4859526429851236	 0.7937765822087932
 0.9124697700012133	-0.058966944566548135	-0.40487259512397045
 0.8197563201001292	 0.29511268893576753	 0.49082387521899906
-0.6004697835032743	-0.4293616254878999	 0.6745996098856857
-0.8339033768791678	 0.3330551482529372	-0.44009024784893214
-0.47241386204159375	 0.8439940520604098	 0.2539668935857511
-0.92146332751809	-0.1656592171198351	 0.35137211019449555
 0.24397552032930223	-0.6775036655791157	-0.6938765946527581
 0.026115692738813832	-0.6804343315976276	 0.7323435607527806
-0.17337544012286588	-0.6811112185561403	-0.7113567773762841
 0.5390703239077129	-0.249599343432041	-0.804427345159479
 0.944522381507775	 0.00896026650487022	 0.32832481547248715
 0.43659774859819384	-0.8317800067396943	-0.3428183575993302
-0.6873605017968123	-0.47800679138340857	 0.5468501147124072
-0.14492747875566556	 0.3506334620783962	-0.9252308907361686
 0.3560842465160744	 0.8540921901164278	-0.3791181084638442
 0.6701408570546512	-0.7377216222938506	 0.08171927377422428
 0.42691684225789	 0.5276696486353858	-0.7343750756293139
-0.6274933076066885	-0.5614513530509545	-0.5394668915383685
 0.7209461103270017	-0.4681850931358467	-0.510920174361656
 0.30252209536160946	-0.7904870577875178	-0.5325510241173654
 0.0511817113231921	-0.9814195324793601	 0.18492196649945014
 0.6315269003860876	 0.06559261545809418	 0.7725745160734381
 0.1256525836944193	 0.3830525052586081	 0.9151405391665375
 0.15113667991006122	 0.3958415013623934	-0.9057964505256852
 0.704438438094119	-0.5716274920380788	-0.42072377788969106
 0.6747334518839567	 0.5581202061370294	 0.48294575721329225
-0.3496579240275312	 0.15055714524169594	-0.9247009690605001
-0.3337102655946789	-0.6820282002321206	 0.6507495622164208
 0.9947916666627753	-0.09804471626491348	 0.027870657524186493
 0.9483332728919787	 0.18445514053692216	-0.2581478348843782
 0.10058787804403227	 0.5818381003119597	-0.8070604090252282
-0.48453069511528324	 0.7227185907809247	-0.49285681899587686
 0.5093065938120755	-0.4099280652941852	-0.7566807614732303
 0.0784132720716054	-0.2284959494288121	 0.9703818629063767
-0.2139317920484157	-0.930251209122276	 0.298103801179215
 0.0735085654832699	 0.7683136944263134	-0.6358384682901637
 0.0020039349063762433	 0.6264261423157729	 0.7794782052554581
-0.7728937316666115	 0.0016116782808177025	-0.6345334365055788
 0.26118423381227496	-0.05565393771389487	 0.9636832649915805
 0.43369559113681017	-0.7324007622495261	-0.5248783265527412
-0.33180088253738105	-0.09455782004435336	 0.9385984194616326
 0.9596402036021325	 0.15043433175433213	-0.23761353383190364
 0.10740642175789829	 0.9051086809491553	-0.41139049118282345
-0.8731852282932939	 0.4682035016144567	 0.1353995500965557
 0.5827119539967723	-0.41600525814293965	 0.6981306495683237
-0.5280950151147377	-0.28443708505349136	 0.8001319888976055
-0.2718812937766165	 0.9149130991549688	 0.2983531181151011
-0.7655661320464537	 0.1035950746084596	 0.6349618555317313
 0.49251007137373043	-0.8700157751143128	-0.022502903094585358
 0.37001544009261894	 0.40739921643127086	 0.8349338012946008
-0.09741818348925732	 0.9946947788045601	 0.03304534073966403
-0.6818868951230086	-0.6314304997957655	 0.36922322000000585
-0.9493906536365168	 0.30726870088397257	 0.06514086462968716
-0.8243225376574469	 0.144854083989648	 0.547274746595809
-0.370218618057413	 0.2540381552053072	 0.8935338776697521
-0.27078038704172974	-0.9135321747088777	 0.30354068551876145
 0.7238936076161304	-0.4462363864529989	 0.5261664491944289
-0.6578658041125899	-0.6853309658491488	-0.31230442044192785
 0.8385846156384146	-0.4439798256684421	 0.3156861682335672
 0.6958857455073678	 0.5281158410219076	 0.486658697303745
 0.7049051975965506	 0.3950324874401399	-0.5891162841648698
 0.0673003284486553	-0.9933615165253357	-0.09329288974615557
 0.5004183041569741	-0.8538503555626983	 0.14325184525901258
-0.1975412938621176	 0.961391337738401	-0.1915832271908171
-0.4563066657343327	-0.8857949144241093	 0.08456711173264053
 0.3917013381478776	-0.9129876078511361	 0.11412138100909153
-0.10309863471158598	 0.9801057945389153	 0.16959747354205645
 0.3647084397634322	 0.6173604736973411	 0.6970321366203409
-0.6667575887712788	 0.5537949131121988	 0.4987439343259852
-0.7254407339665904	-0.04386045157787122	-0.6868857272424576
 0.559749204409399	-0.7993019382149947	 0.2186257984063127
 0.9661230083404918	-0.25343983946076004	-0.04872966785462607
 0.10042017570469838	-0.6230897984924214	-0.7756770534997868
-0.9313908045724771	 0.08342724734029296	 0.35433185512885434
 0.7078482948623241	 0.23870769026114794	-0.6648078143875025
-0.6014188422209391	 0.5307225840974904	-0.5971841549727415
 0.18832143848806215	-0.30629295742254403	-0.9331236038377437
-0.4206611418547934	-0.7173747340502751	 0.5553536663061822
-0.3454151025982864	-0.40892735454250956	-0.844669654719453
-0.7968173575003936	-0.008845086568163874	 0.6041554959029105
-0.5543981050026773	-0.7210473675931183	-0.41561212068041886
 0.5293545499281561	 0.7638671321998789	-0.36917579120940736
-0.2186676358526023	-0.06839477591080165	-0.9733995169809491
-0.8741848102017886	-0.4236693877149976	 0.2372870993662779
-0.8679263935125786	 0.3731821506976519	 0.32777867204094235
 0.07934510157814384	 0.9894232233419149	-0.12143327372367585
 0.25742540364161787	-0.18268676858955768	 0.9488718070120197
-0.47504011871767304	-0.6775899653224577	-0.5614345237897378
 0.4732946666704767	-0.0976472160014789	-0.8754754021150126
-0.3503942793739416	 0.9342034882276802	 0.06699023484994604
 0.4154385578165358	-0.08272236534865736	 0.9058519829146703
 0.43419095794150564	-0.5208208020159092	 0.7349992545774062
 0.6069792172369936	 0.7620015436116726	 0.2256764883096929
 0.016793909435547198	-0.24608250576287566	 0.9691033819791028
 0.04970995108666993	 0.9382662729016478	-0.34232341710466074
-0.6163210112521099	 0.017079524894985144	 0.7873097871349868
 0.646500864763883	 0.6708012761764138	-0.36340374205509507
 0.03812382169116369	 0.1466936021192824	 0.9884470452770497
 0.8238218376248015	-0.04732150450065495	 0.5648701222974088
-0.9143247317437097	 0.1755936467148008	-0.36493445460135865
-0.8361211641322055	 0.01708630473061659	-0.5482786308811041
-0.5398949214803022	-0.18001183934541923	 0.8222586037587307
 0.7792608126258413	-0.35855929140177606	 0.5139920431827418
-0.11344214136069064	-0.9257199003851114	-0.36079571310435554
 0.549507757562093	 0.6793560452762272	-0.48632971133349945
-0.10578356259389127	-0.7874911893483685	 0.6071799276850613
 0.6177244745987532	-0.5940567798142765	 0.5152795511548915
-0.7180275205413684	-0.6715957030793471	-0.18274488050441273
 0.5996439701094286	-0.16534676414018373	-0.7829990783518033
 0.06431743998032034	 0.8594379892807487	-0.5071780845969605
-0.2862212652887688	-0.038244910788864696	-0.9573999760263461
-0.6189995341559492	 0.7499011242934591	-0.2334263920342423
-0.5991950010602852	-0.19322805814201455	 0.77693517635066
-0.2852014984431783	-0.9543731999322655	 0.08849802560969278
-0.30545259005414566	-0.8989542761265389	-0.3139744012861947
 0.7625657496114188	 0.6338983720240142	-0.12909814663611363
-0.9682293823739317	 0.1248986784566586	-0.21663836970300254
 0.5844004982934284	 0.35756464369453667	 0.7284391417091696
 0.15178578673737556	-0.5626265688640034	-0.812657627142473
-0.035040527335767985	 0.1656240083976169	 0.9855662581918769
 0.17848649256170684	-0.7477243633096111	-0.6395708314848765
-0.02275431831859003	 0.03296175821121679	-0.9991975597915967
 0.5864983886657624	 0.6871278378083627	 0.42880645354433344
 0.6605851193329585	 0.26247216883334723	-0.703374481129206
 0.2338925631850462	-0.6162175728410701	 0.7520439959261622
-0.68196439602275	-0.5467502278864421	 0.48578673393110394
-0.7773114776608314	-0.29710595303497356	-0.554540277498321
-0.27909490743387383	 0.7876520507621549	 0.549281603164214
-0.9238177435831677	-0.16295827150524328	-0.3464179244625314
 0.2335221605897911	 0.46887892286303245	-0.8518332913242346
-0.8701145678125755	 0.49185347183262595	 0.03131774459515313
-0.3134141536162216	 0.8863308436914972	 0.34086537494170055
 0.9919520751803811	-0.062468904463936804	 0.11013045228460316
 0.8807960484147487	-0.33998445779241193	 0.32955862840557426
 0.40997573795863157	-0.9120443989459237	 0.009742106376154913
 0.9058879955732049	 0.2700037516059161	-0.3262896161312707
-0.9532300880405381	 0.020212864503319262	 0.30156896286388357
 0.9764664762842978	-0.02452678435134077	-0.21427005750293215
 0.32905052209033553	-0.9073279517469791	-0.26169016391662336
 0.8061431375797057	-0.24901301279988697	-0.5367734728816906
-0.19280308353862233	-0.17671023342472245	-0.9651945215245366
-0.6749011816092244	-0.18529238962767278	 0.7142654446412338
-0.01406953725889504	-0.9965734174070651	-0.08150749559963333
-0.1717486849096584	 0.9653472716531365	 0.19648672816159474
-0.056446720784123876	 0.9630128166829067	 0.26347691097546533
-0.4893965396573491	 0.3857644200065585	-0.7820977171865524
 0.18657155964051647	 0.9415597597594949	 0.2804572550941544
-0.6393952032569629	-0.5232567232986242	-0.5633614963544935
-0.20112856668315893	 0.8142414483335542	-0.5445715411951437
-0.33919652804137723	-0.4006036788074193	-0.8511535747975434
 0.5819287568092414	 0.20607294246963379	-0.7866974414477002
 0.5400925973668412	 0.7566651323988081	 0.36845333989724316
-0.9851781289175235	 0.11387406129779655	 0.1282838745365642
-0.23265867761858272	 0.947205436287895	-0.22061686516545098
-0.38189058949855814	 0.1554479642529798	 0.9110408926398683
 0.004658257147306744	-0.39265616363441425	-0.9196735495817272
 0.17907698537872627	-0.7585034398732002	-0.6265811719228325
 0.9576930336775147	-0.15245419776863678	 0.2440937746610512
 0.23871473220284944	 0.3759623855786742	-0.8953589008097893
 0.35700213092270044	-0.5169188448746307	 0.7780388077275635
 0.4950419818637928	 0.8111687567029785	-0.31134977812953757
 0.5983379089101155	 0.01942395779175294	-0.8010083998465773
-0.2610538390508832	 0.16884779101268216	 0.9504426950568525
 0.11556339468941328	-0.9200358148731668	-0.37440512971716466
-0.34108732738858677	 0.01208917778002977	 0.93995387486595
-0.4578832700227384	 0.6140328527219872	 0.6428892337031182
-0.005973616943599681	-0.519013614018115	-0.8547450990584657
 0.5585970495721599	 0.5814078096803897	-0.5915524448871203
-0.34208444644949954	 0.5349642259715299	 0.7725228206519348
-0.5796032597090184	 0.48656855585672637	-0.6536903714956952
 0.3468934562163239	 0.42031188461343255	 0.8384526520245481
 0.3605129198710666	 0.5996908434988035	 0.714423772581604
-0.9509441871735308	-0.10365851651610292	 0.2914790984522797
-0.913298146121062	 0.37159412032316946	-0.16674623244044007
 0.5377756414771608	 0.7359090147239996	 0.4113821598973151
-0.22340610772593095	 0.5148443782071892	 0.827662357038909
 0.11794719434856414	-0.9356805194898421	 0.3325513866946299
-0.7326370356936001	 0.23472867039541082	-0.6388626027750388
-0.23681071899809314	-0.9222376902063386	-0.30561139725226805
-0.20414056590180601	 0.13830425586480122	-0.969122573343008
 0.959804463280353	 0.24149035008173952	 0.14303077670387032
-0.7019345340339448	 0.6949943008569529	-0.15579098724542484
 0.8377998926180964	 0.45065591532959565	-0.30822165061453854
 0.4865121833128881	 0.708463030112443	 0.5112592595269276
 0.544122033710412	 0.27309058014850696	 0.7933175577692688
 0.9357245799647725	 0.31135599668085395	 0.16576173798745608
 0.5797085181568667	-0.7181164975998479	 0.3850282195518884
 0.7932025953090577	-0.22635523608073574	 0.5653255255990213
-0.785249287426524	 0.6032903033150164	 0.1393713260402285
-0.2872980322591378	-0.4875848213840338	 0.8244518679801309
 0.19727441559393485	 0.928211699812892	-0.31544547117137856
 0.5519314362834111	 0.45012970742254016	-0.7019650533593744
 0.5072414789107736	-0.5584585345881452	 0.6563765285398866
 0.5669408543898218	 0.5186757277794039	-0.6399637154059945
-0.17960683396025157	-0.39796734806049816	-0.8996462499629891
 0.8249777646143608	-0.28417721306553706	-0.48852328446676596
-0.6917785608353723	 0.721208628961803	-0.03606294884750105
 0.4709470385446371	-0.7294075218818638	-0.4961587990837153
 0.6059928175811257	 0.7694400681930085	 0.20182835900642715
-0.19370445310380607	-0.07155716705489007	 0.9784468083093909
-0.5585351081790632	 0.7457808453800928	 0.36311081448444393
 0.6964335165673535	-0.5140571927246058	-0.5007250339355196
 0.8183541460415013	-0.3731383000992809	 0.43710902605151514
 0.5996316155563175	 0.08042085259081093	 0.7962251013965131
 0.17520076101097878	 0.9628260465264331	 0.2055983887861299
-0.8001576888093632	 0.38213055321005185	-0.4623028372643172
 0.583037572710168	 0.5276121893947358	-0.6178127276208616
-0.7894786985434747	 0.6135728818320064	 0.015865157625062576
 0.6932935068932845	-0.5888883595866394	 0.41539693456135196
-0.0014387812926548234	-0.6557726356609547	 0.7549570717773804
-0.1108281908315515	 0.08533536014159933	 0.9901691716199352
 0.3121958241005279	-0.5730948508119462	-0.7576912691769817
 0.8479827621943292	-0.5297585236178536	-0.01676727990783844
-0.25681011389530484	-0.6288245800998141	 0.7339129463794551
 0.3249174072839894	 0.9415420191874341	-0.08903541176576679
-0.8485676417175189	-0.34557451363335434	 0.4006385065829783
 0.6439686907935992	 0.12907782681786603	 0.7540843718719774
 0.27597719914367413	-0.07484313129836265	 0.9582458407163941
 0.6922066446082237	-0.5628467930228003	 0.45172275650466553
-0.3243218882638307	-0.8732003630307588	 0.36378075649480746
 0.813495568367932	 0.48017615202709574	 0.32810946842507716
-0.62468612590907	-0.7636999261687645	 0.16287930152889651
 0.1133258447636753	 0.6497277704879952	-0.7516721873032806
 0.7466762391605284	-0.1916842556164565	 0.6369707528779123
-0.8688146838435131	-0.2981765047725863	 0.3952870060342235
 0.8062993876484976	 0.5909218442437313	 0.026318652572750123
-0.37009173291652475	 0.5019208280060893	-0.7817337089063803
 0.8730720061706371	-0.4420746656455357	-0.20570673794401273
-0.011378591681459943	 0.945958505026393	 0.32408800412785754
 0.7412933740070864	-0.6541542272200465	 0.1502211059183558
 0.33994601069765923	 0.36864815026721875	 0.8651793173182685
-0.29561387758643043	 0.945376503297695	-0.13738887287891322
 0.829536013929937	-0.45450862498312894	 0.32448715137764217
-0.9024403006109742	 0.3652313586520084	-0.22848973388400284
-0.868864824510859	-0.02135851491402098	-0.49458844564787574
-0.3368187851617102	 0.8748225401417259	 0.34819337906136005
-0.03413983349605389	-0.1002913268110865	-0.9943722248410469
-0.3453950766557459	-0.9260090116877112	 0.15234681255319948
 0.5829999379110483	 0.6299275704771377	-0.5131299332025803
-0.515883136003782	 0.8506417517715846	 0.10135679617013071
 0.057117257064539684	-0.7591095213396761	 0.648452275465875
 0.5606541803874162	-0.8227805973756347	 0.09326831507166822
-0.1333852340326216	-0.20081911901548535	 0.9705050544844716
 0.07592122509658443	 0.9553464672240457	-0.28556802191836783
-0.739694807823786	-0.6728048190112633	 0.013611274508780635
 0.697337957473601	-0.527551645485575	-0.4851896891031473
 0.16421281982377908	 0.7373256476740667	-0.6552747813608739
 0.8958305859343645	 0.2717393221782302	-0.35163233936401395
 0.028569754506114712	-0.09532140454611109	-0.9950364812220791
 0.09877912765563773	-0.8273575640360937	 0.552921463837182
 0.886055076468802	 0.4362067083029564	-0.15693982635190173
 0.96914884689343	 0.11740979697449241	-0.21671514054062668
 0.9839291509482543	-0.17833340562644778	 0.008978995039560456
 0.9349792500914301	 0.33605792317691974	 0.11348512752110973
-0.886537827339628	-0.15650136834570771	 0.43538259313143546
 0.3490281382827613	 0.729444777508272	 0.5882938681074088
-0.04938840281399216	-0.6365623711669851	-0.7696422112135928
-0.09382450997001746	-0.9388630955896853	 0.3312597909023063
-0.7829519000588506	 0.2646035848289418	 0.5630020116215471
 0.402542522904021	-0.6861932064067262	 0.6058864586168946
-0.9080735478652492	-0.3887438328127006	-0.15582254046674437
-0.8298104147864258	 0.5446695112410256	-0.1214487506582187
 0.8648307768453501	 0.4550822212254659	-0.2120563588897162
-0.046286744141814065	-0.8313726515158228	-0.5537843006336496
-0.32355088970136653	-0.6196127301230474	-0.7151187918401514
 0.6359702113795447	-0.6400929299245985	-0.43107184006659494
 0.37402311538804256	-0.03590452908351433	 0.9267241088623486
 0.6283920560593155	-0.7777809593163492	-0.01342397878744328
 0.48985658645393715	-0.7088034460798613	-0.5075807320348258
 0.7300919634835835	 0.6530284765425995	 0.20129464394547947
-0.18540503336998704	 0.6477634627298571	 0.7389367157972997
 0.7616414897777907	-0.6473670173534174	-0.028603948888356268
-0.7089194430059341	 0.42329051291605796	-0.5641439222427347
 0.41375717891513775	 0.005845873579147692	-0.9103685092633
-0.8923135054165974	-0.36969465412813374	-0.2590414460278967
 0.9246218340286736	 0.24462908268636738	-0.29194361774404043
 0.8884291075469326	-0.37461891509763157	-0.26524401843290346
-0.22653728647638538	 0.9479613741122663	 0.2237187766529667
 0.5793059925949577	-0.21983031573544215	-0.784907127771959
-0.0628888910443846	-0.3175475153116072	-0.9461546189194618
-0.3914779831892617	 0.8694474812778209	-0.3013404486253404
-0.20022801378216898	-0.8461818505141738	-0.49384716092861747
-0.9986464920308321	-0.049634876222958355	-0.015542297669419503
 0.7507834551852002	 0.2518909916653702	-0.6106350233470144
-0.6310776321140317	 0.6675979668858479	-0.3950366778607135
-0.03017914436825594	 0.14459302537190122	-0.9890308773031309
 0.684919173037149	-0.7282258323612387	 0.023934566799692414
-0.6317923146282935	 0.047202548360122935	 0.7736991602715706
 0.7737235281928608	 0.43082001196178155	-0.4644846813556307
 0.6961155908911888	 0.1117171090234846	 0.7091843002137357
-0.852334565159005	 0.21337761135834837	 0.47748904071843934
 0.15292740344721834	-0.15084084884905774	 0.9766576921283052
 0.7311544230795516	 0.33862405059366757	 0.5922389399311272
 0.30985218895989575	-0.7321642983334193	 0.6065699145545325
 0.7334067203568522	 0.6625383183547919	 0.1521760797464904
-0.15333024349195148	-0.8960695790377826	-0.41659230184168083
 0.5815778579937367	 0.047589268762282706	 0.8120975659304048
 0.6332319114560934	 0.2300894627789433	 0.7389696782898196
 0.18074895678884453	-0.2865596167529206	-0.9408578004492303
-0.433395531628374	-0.24661170008913064	 0.8668050429847001
 0.7846881958979024	 0.14901787518353238	 0.6017126457822539
-0.10434175098232619	 0.21747181585292422	 0.9704734969650506
 0.6460097007336021	-0.7599318978239331	 0.07193731457176611
 0.021699518045622816	-0.9258526327337169	-0.37726122697228326
-0.0214453640216872	 0.15261792995570653	-0.9880525612628168
 0.03930147590582099	 0.27639637231589637	-0.9602397822222513
-0.7837068142970426	 0.5581893392341777	 0.2724486938667403
-0.04615353635508338	-0.7464840981856267	 0.663800679600369
 0.0340086258689616	 0.7390703626699126	 0.672769211832311
 0.6204984139292457	 0.7582549220132001	-0.2000779636892731
-0.16249116801954155	-0.9851887799118483	 0.05476940981468359
 0.3174005145898259	 0.45242533131741547	-0.8334076031093312
-0.8359134718203889	-0.465181907296119	-0.2912978900602077
-0.4269249500261487	-0.049753700086702726	-0.9029173031750211
-0.6842857316137928	 0.4702703333714249	 0.5573139609416808
 0.9015707231837891	 0.02305341728727688	-0.43201709578353276
-0.3859066283791181	 0.7444804274158909	-0.5448164529157626
 0.9307937257916252	-0.2815619606075563	 0.23312207610128577
 0.7210531074612443	-0.48636076947691614	 0.49349328073876086
-0.5247408859268935	-0.30597529767188747	-0.7943715250758041
 0.6020519839734781	-0.3769737422197376	-0.7038637696816377
 0.06061446639261834	 0.838073218537461	-0.5421800133112611
 0.6459488118080942	-0.7618233001198609	-0.04873799255401923
-0.49041933952785133	 0.6302117054767582	-0.6019319543745303
-0.6824476051611099	 0.5813393933666133	 0.44306859054778847
 0.819539039824305	 0.09978138538501047	-0.5642689406076717
-0.24158267809453754	-0.5929450647812029	-0.7681496988193683
-0.4991108431051576	-0.21164833273500763	-0.8402936091303743
-0.13514711662806708	-0.17066942918853667	 0.9760159849139658
 0.5649841813418084	-0.8142949092766061	 0.13310400279379464
-0.5790414712181715	 0.41460411626537336	-0.7020074083550003
-0.656656470501283	-0.01678107770195355	-0.7540031002455883
-0.2009530784350775	-0.15885188237209505	 0.9666353706203326
-0.11221030715293082	-0.3504291034141355	-0.9298431536818508
 0.0649190531443662	-0.42689916445925485	 0.9019659749252347
-0.47318939271583915	-0.5017132454435559	 0.7241378445901785
-0.02737737039336939	-0.08226362719026213	-0.996234498113695
-0.24690454262996372	 0.7480699471822726	-0.6159784906564516
 0.2323565413983632	 0.9719549523104904	-0.03624925307510374
 0.616069376196345	-0.18935614605832993	 0.7645932079628897
 0.9699333184228142	 0.23630097551203577	-0.05823406894050831
 0.075064022237147	-0.7582147557010307	 0.6476694965820202
 0.6729570322144801	-0.11696961954633812	-0.7303745209796575
-0.464664486196112	 0.2524038658374842	 0.8487515559799561
 0.615579109837594	 0.764342249881483	 0.19194604600686094
-0.9338172656892288	 0.340461903866478	-0.1098681314863652
-0.2761209088777305	-0.20734493624794106	-0.9384909808265998
 0.08436383349822474	 0.40150032945683534	-0.9119650371826413
 0.48890303417575576	 0.6110165087386255	-0.6226015172022963
 0.6409288149743048	-0.08089786444381646	 0.7633254808167111
-0.05740498249351864	-0.9090845997953673	-0.4126376841731929
 0.2580284037265177	 0.45968578962192835	 0.8497707441951678
 0.05046784848564622	-0.9431711394075859	-0.3284527333693936
 0.6403243020670218	-0.3179641921779907	-0.6992020885802468
-0.36880808685936833	-0.4432037085272152	-0.8170379843158186
-0.22322641509244343	-0.8954543866264625	 0.3851381688127029
-0.7488905495498749	-0.16921626778324528	 0.6407252137323733
-0.6141902452466415	 0.06715538628906258	-0.7862954258650097
 0.9249963471460735	 0.37734459092194167	-0.044640984177919396
 0.6205708181107884	 0.4318767347117932	 0.6545031288878504
 0.7923861502128563	 0.6035059663483602	-0.08890859088288705
 0.5336336575840362	 0.8285909018218489	 0.1693287834703201
-0.7583349272601796	 0.5423334590243598	-0.36166636188616064
 0.0714535925076198	-0.28936833984282273	-0.9545471952786639
-0.8492896569684079	 0.21934585907112056	 0.48020253297419835
-0.06736468387379546	 0.02317471867822805	 0.9974592381550078
 0.2874276423098692	 0.6641261814973368	 0.6901606809185499
 0.06421031607645951	 0.5670790880982296	-0.8211567104706881
-0.9877889965994452	-0.15566403634320294	-0.006450270258163249
 0.33122051522069945	-0.9041170846182484	 0.26993567307477817
-0.3988098111984649	 0.8940560089598429	 0.20399653755552305
-0.8163269385805153	 0.28596997063257074	-0.5018281630639818
-0.9756727627971847	 0.10281805476343661	-0.19362620574284772
-0.5887947919122279	-0.10583553549760899	-0.8013236128075665
-0.22574000151744023	-0.676283311037066	 0.7012006381397904
 0.6979937888869845	 0.6974431191302385	-0.16241233405463862
-0.5474571481604967	-0.8230844949705736	 0.15107145682428436
-0.361928720238525	 0.8834599786089731	 0.2974996935506593
 0.7191472162337125	 0.5831085180485747	 0.3779044026767844
 0.3554772087691233	 0.8721470907010527	-0.33614789338534123
 0.8404180956179604	-0.4904743419545677	 0.2305045432136088
-0.8094823144426767	-0.5326864575950545	-0.24694841667716672
-0.9613578302655864	 0.24535867824699836	-0.12486088737442924
 0.9748938656249023	-0.12001018515760355	 0.18756200634822728
 0.6294895453783886	-0.5412100375343174	 0.5575254321835126
 0.9712666218493252	-0.23271525695257	-0.04984735161369547
 0.2473214654199149	-0.4517775213628791	-0.857163440618975
-0.2636336466854473	-0.08292550436575188	-0.9610518513904536
-0.7335793945902744	 0.2314716244732786	-0.6389696071772646
 0.03751925219161434	 0.4277376058900284	-0.9031239373543638
 0.6069118012997754	-0.6423559559325807	 0.46801377257619503
-0.22160812839579613	-0.6751972792130648	 0.7035612777663272
-0.23422171176482232	 0.7478755741586864	-0.6211459694103889
 0.7906626385117514	-0.0918050017632415	-0.605330020495338
-0.9713316545972223	-0.011398776467277704	 0.2374550161029907
 0.13854381562001053	-0.9000587236293217	 0.41315845044268995
-0.9714250425530943	-0.19004576093163644	-0.14218296470616387
-0.8200291220256266	-0.48667484152116686	-0.30116413740720693
 0.8628105178802201	-0.018098400723792703	 0.5052033829325644
-0.45565454068641	 0.8333509665494988	-0.31289791642462705
-0.34665094331117435	-0.18897743316086246	-0.9187603894690959
 0.24302347027803578	 0.396410889612825	-0.8853236693381632
 0.5749679341912077	-0.8156037611578989	-0.06482576213963043
 0.46470440671363544	 0.8578068824551334	 0.2195840768214603
 0.591103075744751	-0.28180454750550543	-0.7557667304468441
 0.6582995372162708	-0.58427216094285	 0.47462381024134914
 0.947368271567763	 0.25825448423030894	 0.189203539611833
-0.6466674560181805	 0.3208429016060487	-0.692012307561062
-0.8481887067854107	 0.5296861449220942	-0.002916429197318049
-0.5003435101519526	-0.1136447790693502	-0.8583363187230872
-0.6743053198663641	-0.6601933050339936	 0.330843067916214
-0.6754850065715214	-0.5250780515777209	 0.5176997640026657
 0.7825928963913692	 0.3377233502273625	-0.5229639540436548
-0.2712992632761899	 0.2966593478878902	-0.9156363585269691
-0.48051799895517905	-0.8183775886598509	 0.3152151250485904
 0.4499851004436064	-0.8651781486186118	-0.22131466406821976
 0.443875406722548	-0.8836480050514087	 0.14879793841165312
-0.6721543978903033	-0.317625108099962	 0.6688219165825917
 0.4803959455433806	 0.14631852838122328	-0.8647604429885969
-0.4482560487346448	-0.8039236611666776	-0.3908622030705562
-0.6750682120049246	-0.1315528238419279	-0.7259316522095514
 0.39977756422224037	-0.23051578259415617	-0.8871529592576108
-0.5887278259389437	-0.7483961909812409	-0.30545488748745675
-0.3428093126106238	 0.6669916685713138	 0.6615163559912078
 0.9278803725466336	 0.1728229490240779	 0.33040920467405477
-0.2600683879804353	 0.15954418132505033	-0.9523182702114756
 0.09797132383007148	-0.187440297666651	 0.9773779998125702
 0.9577384726388273	 0.02790021369209107	 0.2862841177980051
-0.5697650603350363	 0.7971574296396019	 0.19976938802478106
 0.49755120246559725	 0.005497486044597839	-0.867417188308041
-0.6196465880819365	 0.5223533581347415	 0.5858200023247528
 0.14677463686940875	-0.9397803849876407	 0.3086584422372649
 0.14794829107828855	 0.8199235386550286	-0.5530250391496121
-0.3064462967431139	-0.46168353937124473	-0.8324295625973837
-0.12993740169649026	 0.605233805153173	-0.7853714488954737
-0.166316681040291	 0.6804335274376835	 0.7136868895716477
-0.8243711480628421	 0.28078000069842196	-0.49150259556725207
-0.6436315340778614	 0.4045764440729915	 0.6496586405504297
 0.1671278902613691	-0.471309264542764	-0.8659883633473042
 0.7914427139859949	 0.4294504105849877	 0.4349606595163156
 0.2823165296964465	-0.36252034648457243	-0.8881871286192236
 0.551468017550485	 0.8052399759824277	 0.21787979873948182
 0.5887781324771143	 0.3030083231387218	-0.7493505633716584
-0.23616977984274437	 0.23735204687929484	 0.9422780061803622
 0.43169290522307163	-0.5075679678345304	 0.7456647997648738
-0.06955467149075806	 0.9952861371060276	-0.06758441357572265
 0.9831171867431634	-0.009614023217974641	-0.1827242941914733
-0.43285973972892844	-0.3665561084027803	 0.8235709229413175
 0.6769206710392267	-0.5387336152106239	 0.5015421188314044
-0.34187280933677455	 0.4347290289100216	 0.8331468379938383
 0.9277621032177835	 0.09402956344882206	 0.36113144564069555
 0.7984939733216211	 0.5993543935089708	 0.05640643181893479
 0.2525205568775767	 0.37178423596796	-0.893313970695611
 0.20624571547634266	-0.659414836771674	 0.722934836546862
-0.22540888573846143	 0.36919336549960263	 0.9016025139168713
-0.5358435698263481	-0.12084718206469455	-0.8356240944723758
-0.8708681527770502	-0.1472626773575384	 0.46893748446480354
-0.3434519141529164	-0.8592783926414397	-0.3790533294989529
-0.23198973391080369	 0.011949579584847533	-0.9726448328695012
-0.016334730092371023	 0.3003647154587077	 0.9536845465352886
-0.7685160742012527	-0.3205580376059683	 0.5537378334740235
-0.5504908891479097	 0.076411750594515	 0.8313368903977649
-0.5811296126200715	 0.8080431224646512	-0.09671962351882102
-0.21818053452441158	-0.04760757743692689	-0.9747465172675556
 0.6886454511036455	-0.7199317701471164	-0.08640421868807313
-0.9829996579875466	 0.1686451065387611	 0.07259821235330999
 0.622955577527887	-0.08559100314299277	 0.7775606269660733
 0.28016541615411555	 0.9288553986626554	-0.24235302343158538
-0.6218771680954996	 0.719287485200282	-0.3096680503955418
 0.47113335554393	-0.7925793190816904	-0.38710642497628567
 0.9878859104796135	-0.14345790386658488	 0.05917142633121841
-0.2827143286113785	 0.07663863207067738	 0.9561376095898293
 0.5437567342166407	 0.5972588392827746	-0.5895850175272828
 0.3373127926683135	-0.3902763768953026	 0.856682222028553
 0.5104674804612607	 0.7240490250269253	-0.46387062932362033
-0.2823857735492846	-0.4184578306366615	 0.8632214773022224
 0.7772121330813537	-0.16835091817945536	-0.6062996524320845
-0.4817533230149074	-0.5623748558212632	-0.6720478087934725
-0.26449460669955355	-0.5313559940032433	 0.8048002302830646
-0.6722633141036553	 0.6876983369522731	-0.27410405663442483
-0.017009343004944014	-0.42695163065453945	-0.9041144768954703
-0.4653190521769666	 0.7335427198550488	 0.49537183794477757
 0.6834221289601902	 0.512967890219976	-0.5194209634302291
 0.5107181577196841	 0.6007712542058742	 0.6150128970154307
 0.09655543853082874	 0.5988664447575112	-0.7950069362173
 0.3428945910351627	-0.7097854553152662	-0.6153274793650361
 0.43969696404068986	-0.5093555838142522	-0.7397455434476388
-0.7111766428783373	-0.12384158126259173	 0.692019541179784
 0.9744257677422824	-0.12338371880977847	-0.18780543414005035
 0.1414351921041758	 0.8048173882706242	-0.5764243731589653
 0.5930426208324369	 0.6950995431181837	 0.406370612905371
-0.6823118147883631	-0.38991398360767	 0.6183992826543447
-0.8404035767497309	 0.1431584034288918	-0.5227116793357021
-0.16202622654945678	-0.8705841638911965	 0.46457584471430513
 0.25180636149901364	 0.9275566672384586	-0.2761017663292129
-0.1705264189016331	-0.9375690282006532	 0.3031254819632745
-0.8315154178995402	-0.2221628419684227	 0.5091422015938836
-0.14306788676351678	-0.8909896539977019	 0.4308932770954741
-0.32624199152870964	-0.8562641797109335	-0.40047199341195316
-0.7774195446723985	-0.5435153143049603	-0.31655955944709824
 0.20680931813214748	-0.9370353508329763	 0.2814154530636819
 0.7989750813000255	 0.37628542306281776	-0.4690928477946068
-0.16436562058457785	 0.9709497065135464	 0.1738982754115308
-0.8059117083158504	-0.5290508739642108	-0.2657282280020934
-0.3275897326238239	-0.27514117393582205	 0.9038707327293374
 0.8397575710161086	 0.2413262048033452	 0.4863834750444749
 0.29846286731494853	-0.5458395020203572	-0.7829298530956066
 0.6157231785390855	-0.5126418192000511	-0.5984006455686586
 0.9510038138220293	-0.30124569634925236	 0.0695900605475328
-0.22433211090735058	 0.6569246361382883	 0.7198090902804921
 0.6221959209841492	 0.09093785136153924	 0.7775619223575914
-0.27060669394535775	 0.7054332120427226	 0.6550847277559222
 0.6838239895273756	-0.6112752257901919	 0.39840601110175733
 0.32264158717354335	-0.026697118965094205	 0.9461446348551052
 0.5501904944071875	-0.816440984267854	 0.1752556392008895
-0.5723118014083172	 0.739079412817558	 0.3552757007142773
-0.16173844200085774	-0.39772093039503764	-0.9031382717529142
-0.32462681256937126	-0.3319170252543379	-0.8856909849983579
-0.5739518975896712	-0.5662976831228665	-0.5915117524976903
 0.47682204508448256	 0.8692286950588859	 0.13069894034642338
 0.8760404660618688	 0.4092948407494715	 0.2550114412295428
-0.369440829588484	-0.3609394177023127	-0.8562921289966925
-0.8620738548689253	 0.2244672264356043	-0.45436013580389956
-0.43262301927754354	 0.9006938854766297	-0.03984780867493276
-0.7403270905846201	-0.3024340491004005	 0.6003744205837289
-0.716541848876923	 0.5706767408648582	 0.40111823225067234
 0.2852427689383049	 0.48195067259271984	-0.8284685340770848
-0.6570659356794792	-0.6705153557782244	-0.3444902231344913
-0.6746960745744575	 0.7375117032360309	 0.029354634109570732
-0.9280310709029185	 0.08254197046333829	 0.3632425560845145
 0.6337695732151797	 0.6226603427939351	 0.4589446868396978
-0.32729097370632404	 0.09282656903597229	 0.9403530436019103
 0.4494676876974463	 0.5056049428288674	 0.736439026330713
 0.04687737648129872	 0.8062196150960704	-0.5897562579647413
-0.16326090943543622	-0.31311723899783395	 0.9355765442189579
 0.2373143001964847	 0.6934882272981628	-0.680261715460384
-0.5835009970057934	 0.3378224133284861	-0.7385137802005881
 0.17658129087138028	-0.5672024582540057	-0.804425521142144
 0.7243510125779781	-0.49170714426742645	-0.48325944879912064
 0.4076692441717648	-0.718455414416587	-0.5635846031004679
 0.515433874574299	-0.8114631112290305	 0.2754188447725172
-0.8234077959041517	-0.1821734917862383	 0.5374127096884442
 0.9920261823197953	-0.006347262632543206	-0.12587202170889933
 0.35398352205927197	-0.9289006159152892	 0.10880860197019926
 0.19922060982351283	 0.7932604813464932	-0.5753685404638298
 0.05313614731426919	 0.688818692059529	-0.7229836507957812
-0.6995085234777362	 0.07246208537979731	 0.7109409762873486
-0.5437662073044259	-0.7998995765893067	-0.25392711388508316
 0.28813148213132495	 0.15123540371891794	-0.9455728960089655
-0.2683441192219603	-0.15549381658012487	-0.9506908575790223
 0.15962706223523057	 0.04185330763107817	-0.9862897655570031
 0.731941010624767	 0.15083906953754653	-0.6644621374214199
-0.4961609071228285	 0.006568005576936957	-0.8682057449394085
-0.06774276787071475	-0.9091100064080987	 0.41101084371325425
-0.034910693977110614	-0.5238255503724267	 0.851109884928533
 0.4249953115897945	 0.5765255585115917	 0.6978518936777278
 0.9708048898128437	 0.14918092062173816	 0.1878374798540563
 0.5858554084695413	 0.7635405758722483	 0.27162332256944066
 0.2755887214727963	-0.5475600180700583	 0.7900815674397845
-0.0066221726510739005	-0.9787104914847408	 0.20513878396606633
 0.5775328365973383	 0.7117546433953681	-0.39982640015007065
 0.43832308908462764	-0.8958817487989975	 0.07258623660281405
-0.8063941438621648	 0.3151340887879267	-0.5004188154222513
 0.5975722822775993	 0.45894147309475103	 0.6574801074763867
-0.10915984651455099	-0.24089295631716096	-0.9643934422763865
-0.18129249323972765	-0.9227536011086194	-0.34008649419816495
 0.8174641235203165	-0.42592221824347537	-0.3877404683080141
-0.24416550571106854	-0.8229087411655872	 0.5130345110556664
 0.7560173370570578	-0.1892115156804715	-0.6266073638276637
 0.9423868537276204	-0.15656709146081466	 0.2956243626510806
-0.8960131833607862	-0.15950139403610433	 0.41439073414376626
-0.8507280283280274	-0.49833398391234185	 0.16710793606277585
-0.662973476931501	-0.7453074089640608	-0.07059061572641845
 0.4911339727282557	 0.4374428312750307	 0.7532802866119928
-0.09388203139695309	-0.8958336635935616	 0.4343595415704815
-0.8486197075304033	 0.06877269084869775	-0.5245139740602172
-0.6908410223476578	-0.18679518777060033	-0.6984599055546348
-0.3219586881184273	-0.0848780337041864	 0.9429413144727365
-0.8658604622285898	 0.01751793057101636	-0.4999787816075818
-0.165308581351784	 0.6000995871228979	-0.7826580086259822
 0.9207195126217854	 0.1853186526518833	-0.3434131273798262
 0.44431955571238557	-0.8958026200087749	 0.010853496992348832
 0.8045254531249403	 0.4902541197142755	 0.33524572089333304
-0.8190483632972259	 0.48469630811356196	-0.3069678606649542
-0.6217293974356941	-0.0810782520361224	 0.7790243086136759
-0.4040715602734801	-0.8412583338421588	 0.35918044200550536
-0.6907399002100189	 0.6724166430698743	 0.26595911035438236
 0.7968087342533824	 0.5847769132955863	 0.15209142873288095
-0.22480492096333016	 0.675862446014431	 0.701906476375636
-0.5213521694204158	-0.7129632516741472	-0.4689086448369797
-0.16589902466903564	-0.9804298664675732	 0.10599429490420209
 0.3062941861536776	-0.5820534302825893	-0.7532580406638401
 0.5166518342477261	-0.8218002597473464	 0.24023991185407612
 0.40494286606514723	-0.819002145628255	 0.40651784792215295
 0.37046531502060187	-0.905501555838519	-0.2069356971155718
 0.05871363158443903	 0.6053728979107533	-0.7937734966231258
 0.5856753506475507	 0.30029663638215903	-0.7528654021944627
 0.4302670558892441	 0.6223302421795004	 0.6538924455024744
 0.4327335094391383	 0.31373597150996624	 0.8451694800388765
-0.09491150145739985	 0.3621380852938334	 0.9272797927652787
-0.40331195292812083	 0.06071040087657778	 0.9130463930440285
 0.13785825149326913	 0.44831581864476205	 0.8831806322876965
-0.11470846609254072	-0.9714324077264894	 0.20775236466864122
-0.6753259578434965	-0.6625640804729498	-0.32395013494332536
 0.2102929810693764	-0.30628329725623504	 0.9284219966883613
-0.5395402569701789	 0.6335993612574	-0.5544800812678199
 0.7777580965432427	 0.28168695864003707	 0.5619117373694538
 0.19249892368375948	 0.8946283067566695	-0.4032175059819312
 0.3369062714987386	 0.4444032315496842	 0.8300601978248421
 0.704417842014247	-0.6311222104472275	 0.32477724571188293
 0.5223970738101278	 0.5349952156678682	 0.663989018348276
 0.8019957418765058	-0.5290001051035356	-0.27741975202281743
 0.39797561514235513	-0.6488952657997978	-0.6484985302795019
-0.04400784151607445	 0.3554424485265273	-0.9336615959064414
 0.4077140940865897	-0.887880372025335	-0.2131611185354969
-0.5387316805520812	 0.4924713116829355	 0.68354969354014
-0.9857375251455913	 0.13698494387702193	 0.09775815398652776
 0.5905791803067285	-0.7846695532379742	 0.18844077056080732
-0.4869439198708796	 0.26236311445801014	 0.833097362300875
-0.7782253710327877	-0.5978011276091014	-0.1923514588199604
-0.7229655012084956	-0.5867845472899461	 0.36469820279798726
-0.7091881285456346	-0.7046955446738961	 0.021363231185884457
 0.38957416081131535	-0.4397286586465189	-0.8092408047009818
 0.404515517823642	-0.42544419629044367	 0.8095458181490713
 0.50573856576928	 0.7516419693212517	 0.42339444144733673
-0.554031289414362	-0.5969916952504305	-0.5802156893361956
 0.3996459771201521	-0.166738601339088	 0.9013774635496294
 0.6011528216633782	-0.23820406374712214	 0.7628067311059306
 0.2824371055241435	-0.30278488307670287	-0.9102475465516902
-0.7078118055828847	-0.00574811670418392	-0.7063776660058354
 0.6972870238629889	 0.6849718160700431	 0.21119757939427863
 0.7693474533192302	-0.45414530579700885	-0.4492844725713947
-0.957280292797028	-0.27121985652545155	-0.10027078561949065
 0.8206554866647802	-0.40544064884669956	 0.40266916006786535
 0.3706048807012743	-0.08957112317128767	-0.9244614844839283
 0.43709624834085253	-0.7415628511428024	-0.5089512820411295
 0.692942559077692	 0.12281922976966508	 0.710454816731962
 0.4262734538029352	 0.6396200653793436	-0.6396695354220341
 0.9381848552144637	 0.14721878201065092	-0.31326635259714086
 0.4270536662252572	 0.6073494684936787	-0.6698893858571076
-0.17046397535975713	 0.9842149637343068	 0.047570350703195485
 0.31166208162452436	-0.6334813220911194	-0.7082147707010604
 0.7851069728650448	-0.469409525351844	-0.4040566032966697
-0.67653839524131	-0.23275759726559925	-0.6986556381218563
 0.9585781743164762	-0.2841888527406676	 0.019093970305688934
-0.4792067531711432	-0.8728800954552092	 0.0918761485548667
 0.7145755429121391	-0.4883993568200965	-0.5008471440764515
 0.23668721439099366	-0.864287974655107	 0.44383043993219395
-0.45678712316782555	 0.88196367201564	 0.11612753916599838
 0.9619318558404345	-0.02696768761421138	-0.2719556003176251
 0.7782617675756468	 0.5726402600840294	 0.25766597303665284
-0.9902638921451334	-0.06322842074651425	-0.12401447787848507
-0.6809041601140629	 0.13014041028903667	 0.7207170029555039
 0.5900952782013446	-0.6058352674856328	 0.5336208310355675
-9.615142332959903E-4	 0.9747241429332012	 0.22340975957534948
 0.3433471684555264	 0.9131331182546968	 0.21977404364489095
 0.9125456694992033	 0.19623310803912178	-0.3588216386835623
-0.3454446941440192	 0.05568046735875662	 0.9367858073446969
-0.7877102434886082	-0.43182751090302746	 0.4393604137042997
-0.035562464020934895	-0.9909734577861782	-0.12925524018803047
 0.8021361338216095	 0.3189931281705832	-0.504797986324893
 0.8438051754168023	 0.32176373195617186	-0.4294891462394086
-0.2751396755593433	 0.9371481555929042	-0.2145961169311248
-0.40536430567647047	 0.5987339901793833	-0.6907947514908515
-0.6728785057353447	-0.6921622432753138	 0.2610477839466465
-0.5585187900967791	 0.24909810713923325	-0.7912059745277971
-0.5789491463717636	-0.5052622583387401	 0.639943697690541
-0.5048313322977083	-0.13776666772091234	-0.85215354907176
-0.34490238852826494	 0.920655122578177	-0.18285646736733052
 0.8718343893886329	-0.12146172640048684	 0.4745016822932908
-0.9666770092174846	 0.2219502542899296	 0.12756819537398423
 0.1292214648875683	-0.9853689330870493	 0.11113000818501284
-0.30151385752887633	-0.930138140580988	-0.2096006516082396
-0.9667527522881508	-0.09876355175385326	-0.23587046612123608
 0.11853151680421284	 0.8439947739810517	 0.5230899549950907
-0.11264970581082724	-0.926804967956459	-0.35824934773417394
-0.8102199996548906	-0.2426267802762163	 0.5335501828806974
-0.6565024844674047	-0.6759563294904185	 0.3347947557981845
 0.25244704795107253	 0.39732922977665763	 0.8822697836523004
-0.45784648100620473	 0.8257210528160831	 0.32948648343526066
 0.441539113114247	 0.7772999374228967	-0.44816070652461826
 0.2984579739633633	 0.9544219873482286	-0.001227942971880891
-0.5472553271221829	 0.6928534872001799	 0.46953770052141985
 0.7047392552608869	 0.6950591879132283	-0.14225086077677696
 0.01660448966515164	 0.9797866567294858	 0.19935495533800118
-0.2848621124934122	 0.7232358382873096	-0.629113264112785
-0.26605968878417263	 0.18013252251395634	-0.9469765130861632
-0.6926428722660517	 0.28369270714181116	 0.6631472682697144
 0.33229858127556605	 0.942536925645843	-0.03466693924084674
-0.14525840200579887	-0.4404978001420007	-0.8859241980648118
 0.7623771287715148	 0.5358769859465061	-0.36279053110436776
-0.6655274372710068	-0.746365758215816	 0.0033741965586457923
-0.7401590420279852	-0.6503946036965516	 0.17073796293332366
-0.4894202408879415	 0.028914856782756033	-0.8715685623440201
 0.44327582114758174	-0.845934240317617	-0.2964823897707811
 0.34961430738302846	 0.8601928757749002	-0.3712654744777546
-0.6387265188296916	-0.4759502705311766	-0.604565773200074
 0.3623160427828741	-0.33189113995674024	-0.8709623162688349
-0.8252578603244297	-0.3118397350343058	-0.47085607527829354
-0.6368676713765625	-0.16722160845782402	 0.7526197597858915
 0.7182832677245176	-0.43407115066985325	-0.5437383409905343
 0.7615798089490932	-0.3297394193481585	 0.5579140703809162
-0.7543105313614511	 0.052036232109677734	 0.6544523304451082
 0.6778761444911843	-0.52342385609618	 0.5162474209128531
 0.09562852494862024	 0.6616677794969432	-0.743673943870387
 0.026993491579209602	-0.9609570045673229	 0.27537789814246394
 0.2872365261765012	-0.9553538213187309	 0.0692405525812334
-0.6727038333554218	 0.3661320624488133	 0.6429750115174766
 0.9406840964030613	 0.0946342190536387	 0.32581865409835586
-0.14848288415040367	-0.15845301398877562	 0.9761380411971714
 0.8737538114804693	 0.44848471708789917	 0.18819068909470404
-0.8289140644884471	-0.1997427025318626	-0.5224981593063371
 0.19955240928684717	-0.90542642331743	 0.37467563025425177
 0.9375000834365529	-0.2658255154808792	-0.22456711441299948
-0.39962834254324603	 0.42119205494180306	-0.8141832967397693
 0.036871738198316434	 0.44508448228986414	-0.8947291649136058
-0.4445892076481903	-0.8356221964071453	-0.32260809245034827
 0.41316207041971487	-0.015570079526090314	 0.9105243962629699
 0.5633834801391298	-0.32115504303572656	 0.7612217105673245
-0.7151152394712613	-0.6517629460647931	-0.25261681735961705
-0.4094562306883449	-0.8249118312974317	-0.38969996886837244
 0.022682020204103332	-0.07210851152591025	-0.9971388511761932
 0.4236502291444398	-0.07178178050021505	 0.9029772197204549
 0.8389258578251907	 0.529378931012249	 0.1263382462779845
 0.5450313292992376	 0.008519426773607433	-0.8383723930627458
 0.664644873467868	-0.7266697099893571	-0.1737766519324886
-0.6625317366629198	 0.6965030758708195	-0.27556335608513494
 0.0581502739777438	-0.028145247928387983	 0.9979110133951639
-0.22595023225166955	 0.9373012165024436	-0.26535433308777145
-0.5339003633864848	 0.8451425952931816	 0.026160955580499357
-0.16293405709609216	-0.30039125025886243	 0.9397965683094001
 0.6248116638471537	 0.6341227849346255	-0.45552022825260585
-0.08148018639481394	-0.3430411441212326	-0.9357797564945836
 0.2707802467086569	-0.925744368685806	-0.26396102333283467
 0.9669614563607444	 0.24972457560722378	 0.05121697228946931
-0.06761183680427219	-0.5609022202867313	 0.8251165607363409
 0.01638631705174742	 0.9012832445144892	-0.4329203180389145
 0.8436860783628168	-0.04435643173742115	 0.5350012225596259
 0.03474706991561006	 0.5751442940744881	 0.817313698726406
 0.16054307813530005	 0.13500072767095309	 0.9777528949541168
-0.3168784226109576	-0.06680609014171815	 0.9461104647997336
 0.8191048164729883	 0.48468552715881363	-0.3068342213533801
-0.5850937049396469	 0.8076430212408747	 0.07333557582039907
 0.4292764786928333	-0.6459283619981417	-0.6312671827423622
 0.3858635005748894	 0.6730085357262041	-0.6310062359151161
 0.5063151867122475	 0.8493145562952298	 0.14936437382983603
 0.6834195450035243	 0.5055348963789107	-0.5266613656329271
 0.4330358057711389	 0.659042384917904	-0.6149334320085886
-0.7157847108710118	 0.6970870713973475	 0.04149533195398636
 0.5272771392471565	 0.8331729934694632	 0.16673806218277987
 0.6155790437874856	-0.141158342729402	-0.7753300994593035
 0.6464760134622988	 0.7601862249728493	 0.06469673391619146
-0.5184622214703711	 0.6967478709816278	 0.4957210195165995
-0.4315285944355179	 0.15605884799025999	-0.8884980068342636
-0.45156996041854236	 0.6464898416305144	-0.614927195297255
 0.5020250975978867	 0.44777613088408036	-0.7399103580788118
-0.13249484740609524	-0.9007429954330748	 0.41365102633631556
-0.3411662758828695	-0.89078084710484	 0.3001916964730995
-0.5740586159902525	-0.20503415216542417	 0.792728012532143
 0.8384845121149876	-0.2765502756089994	-0.46953558757976777